PDB_code,-logKd/Ki,file,release_year
1ch8,7.0,1981-2000,1999
1qwe,5.92,1981-2000,1996
1lyb,11.42,1981-2000,1994
1fch,7.15,1981-2000,2000
1bzy,8.34,1981-2000,1999
1xka,6.88,1981-2000,1999
4std,10.33,1981-2000,1999
1cin,8.73,1981-2000,1994
1gar,10.0,1981-2000,1995
1sfi,10.0,1981-2000,1999
1srg,5.3,1981-2000,1994
2bow,4.0,1981-2000,1999
1pgp,5.7,1981-2000,1995
1flm,9.37,1981-2000,2000
1ftk,4.84,1981-2000,2000
2csn,4.41,1981-2000,1996
1tsv,4.8,1981-2000,1996
2web,5.12,1981-2000,1998
1b46,5.28,1981-2000,1999
1sps,8.52,1981-2000,1994
1vik,9.52,1981-2000,1998
1bzs,8.0,1981-2000,2000
1b52,7.12,1981-2000,1999
1c4y,7.92,1981-2000,2000
4phv,9.17,1981-2000,1993
1bwa,8.6,1981-2000,1998
2kce,6.17,1981-2000,1997
2tsr,7.54,1981-2000,1999
4tln,3.72,1981-2000,1982
1df8,9.7,1981-2000,2000
1sri,6.08,1981-2000,1994
1c5c,6.96,1981-2000,2000
1b05,7.12,1981-2000,1998
1fq6,7.86,1981-2000,2000
5prc,4.89,1981-2000,1999
1qf0,7.38,1981-2000,1999
1g54,8.82,1981-2000,2000
1qja,6.38,1981-2000,1999
1thr,5.38,1981-2000,1994
1d2e,6.0,1981-2000,1999
1d9i,9.11,1981-2000,2000
1dmt,8.7,1981-2000,2000
1a0q,7.57,1981-2000,1999
1lfo,8.05,1981-2000,1997
1cim,8.82,1981-2000,1994
1rlq,5.1,1981-2000,1995
1csr,7.38,1981-2000,1995
1ajq,4.31,1981-2000,1997
1amk,4.3,1981-2000,1997
1cgl,6.87,1981-2000,1995
1hgt,6.82,1981-2000,1994
1m6p,5.1,1981-2000,1999
1tmn,7.3,1981-2000,1989
1fw0,5.43,1981-2000,2000
1g6g,6.28,1981-2000,2000
1dwc,7.41,1981-2000,1994
1zzz,5.14,1981-2000,1999
3pce,2.0,1981-2000,1998
1a0t,1.3,1981-2000,1998
1bji,8.7,1981-2000,1998
3pax,5.0,1981-2000,1998
1cw2,6.15,1981-2000,1999
6rnt,2.37,1981-2000,1993
1cny,7.85,1981-2000,1995
1g6r,4.27,1981-2000,2000
1pop,9.0,1981-2000,1993
1h4n,4.92,1981-2000,1997
1d3p,7.39,1981-2000,2000
1dfo,6.7,1981-2000,1999
2ctc,3.89,1981-2000,1994
1c3b,7.57,1981-2000,1999
1vwf,6.51,1981-2000,1998
1b6p,8.52,1981-2000,2000
1doj,8.96,1981-2000,2000
1ct8,6.52,1981-2000,1999
3amv,7.97,1981-2000,1999
1a1b,6.4,1981-2000,1998
3vgc,5.51,1981-2000,1997
1tsi,3.48,1981-2000,1994
5tln,6.37,1981-2000,1982
2hrp,8.3,1981-2000,1997
1czc,2.82,1981-2000,2000
1b8y,7.85,1981-2000,1999
1a4r,6.66,1981-2000,1999
1drk,6.82,1981-2000,1995
1noj,3.15,1981-2000,1996
1bug,4.37,1981-2000,1999
5a3h,4.57,1981-2000,1999
1afk,6.62,1981-2000,1998
1cbx,6.35,1981-2000,1994
1hrn,8.05,1981-2000,1995
1qan,4.48,1981-2000,2000
1jev,6.89,1981-2000,1997
1d4l,8.77,1981-2000,2000
1fkn,8.8,1981-2000,2000
2lpr,8.89,1981-2000,1993
1fq4,6.4,1981-2000,2000
1rti,4.77,1981-2000,1996
1hii,7.28,1981-2000,1995
1db5,6.82,1981-2000,1999
1at5,4.19,1981-2000,1998
1dis,11.0,1981-2000,1995
1qji,4.85,1981-2000,2000
1e55,4.12,1981-2000,2000
1qs4,5.64,1981-2000,1999
1b5h,6.01,1981-2000,1998
1ejn,5.62,1981-2000,2000
1acj,8.09,1981-2000,1994
8hvp,9.0,1981-2000,1993
2gst,6.07,1981-2000,1993
2hmb,5.59,1981-2000,1994
1bzc,4.92,1981-2000,1999
1p02,7.17,1981-2000,1990
1c86,4.7,1981-2000,2000
1shd,6.17,1981-2000,1995
1qku,9.59,1981-2000,2000
1bxo,10.0,1981-2000,1998
2jxr,7.05,1981-2000,1997
1f74,3.05,1981-2000,2000
1br6,3.22,1981-2000,1998
1avp,7.92,1981-2000,1997
1bmb,6.15,1981-2000,1998
1bma,4.59,1981-2000,1995
3pcc,3.62,1981-2000,1998
1fh9,6.43,1981-2000,2000
1bqo,7.74,1981-2000,1999
1exw,3.9,1981-2000,2000
1ody,8.1,1981-2000,1999
1ets,8.22,1981-2000,1994
1trd,5.4,1981-2000,1993
1dzm,5.41,1981-2000,2000
1meu,6.1,1981-2000,1998
1mtr,8.4,1981-2000,1996
1abf,5.42,1981-2000,1993
1moq,3.46,1981-2000,1998
1ayv,8.0,1981-2000,1998
3er3,7.09,1981-2000,1991
1hvk,10.96,1981-2000,1994
1bky,3.84,1981-2000,1999
2bza,2.8,1981-2000,1999
1e06,5.6,1981-2000,2000
5er2,6.57,1981-2000,1991
1avn,3.9,1981-2000,1997
1okl,6.03,1981-2000,1997
1dva,8.07,1981-2000,2000
1ero,8.23,1981-2000,2000
1pme,9.4,1981-2000,1999
1rtf,3.04,1981-2000,1997
1him,7.7,1981-2000,1994
1rt2,8.22,1981-2000,1997
1ebg,10.82,1981-2000,1995
4prg,7.15,1981-2000,1999
1ec9,3.1,1981-2000,2000
1epo,7.96,1981-2000,1994
3pcn,3.66,1981-2000,1998
8abp,8.0,1981-2000,1991
1yyy,5.09,1981-2000,1999
1bo5,3.6,1981-2000,1999
1tng,2.93,1981-2000,1994
1czq,4.54,1981-2000,1999
1f40,6.0,1981-2000,2000
1nje,3.8,1981-2000,1996
8cpa,9.15,1981-2000,1994
1bmm,7.1,1981-2000,1996
5fiv,7.66,1981-2000,1998
1eoj,13.77,1981-2000,2000
1g53,9.04,1981-2000,2000
187l,3.37,1981-2000,1995
1lt6,3.3,1981-2000,1997
1qpe,7.7,1981-2000,2000
2fgi,7.34,1981-2000,1999
1nlo,5.47,1981-2000,1997
1dbb,9.0,1981-2000,1993
1mmq,7.52,1981-2000,1996
1zfp,7.59,1981-2000,1999
1qbt,10.62,1981-2000,1997
1c4v,10.8,1981-2000,2000
1gah,12.0,1981-2000,1996
3gbq,5.46,1981-2000,1997
1f4y,6.08,1981-2000,2000
2ay2,1.88,1981-2000,1999
1a8t,5.8,1981-2000,1998
1fhd,6.82,1981-2000,2000
1cwc,7.8,1981-2000,1996
1f73,2.39,1981-2000,2000
2ay7,2.3,1981-2000,1999
1qbo,7.74,1981-2000,2000
1apb,5.82,1981-2000,1992
1hms,6.37,1981-2000,1995
1bbz,5.82,1981-2000,1998
1bjr,7.68,1981-2000,1998
1b1h,7.03,1981-2000,1998
1hps,9.22,1981-2000,1994
1czk,8.82,1981-2000,2000
1fq7,5.43,1981-2000,2000
1fax,7.39,1981-2000,1997
1ado,6.0,1981-2000,1997
2sfp,1.7,1981-2000,1999
3std,11.11,1981-2000,1999
1czo,4.55,1981-2000,1999
1fjs,9.96,1981-2000,2000
1awh,6.08,1981-2000,1998
1b58,6.59,1981-2000,1999
1bq3,5.4,1981-2000,1998
1ecv,4.85,1981-2000,2000
5fwg,6.72,1981-2000,1999
1g4o,8.25,1981-2000,2000
1ibg,8.55,1981-2000,1995
1fkb,9.7,1981-2000,1993
1a85,4.52,1981-2000,1999
1eix,11.06,1981-2000,2000
1a94,7.85,1981-2000,1999
1hsg,9.42,1981-2000,1996
4aig,6.52,1981-2000,1998
2usn,6.51,1981-2000,1998
1dmp,9.55,1981-2000,1997
2cgr,7.28,1981-2000,1994
1d6n,4.5,1981-2000,1999
1tsl,6.15,1981-2000,1998
1dtq,8.22,1981-2000,2000
1ftj,6.09,1981-2000,2000
1dth,8.22,1981-2000,1997
1ai4,2.5,1981-2000,1997
1bhx,6.84,1981-2000,1998
4pax,6.4,1981-2000,1998
1fl3,6.8,1981-2000,2000
1dud,4.82,1981-2000,1996
1d8e,6.6,1981-2000,2000
2rox,4.98,1981-2000,1997
2bpv,7.67,1981-2000,1999
1b32,7.1,1981-2000,1998
1vwn,5.82,1981-2000,1998
1bju,4.8,1981-2000,1998
1c84,5.0,1981-2000,2000
1dl7,6.49,1981-2000,2000
1std,10.33,1981-2000,1995
1tys,5.49,1981-2000,1994
1fkh,8.15,1981-2000,1994
1qk3,5.15,1981-2000,1999
1e1y,5.6,1981-2000,2000
6fiv,8.08,1981-2000,1998
1b6l,8.3,1981-2000,2000
1rt1,8.1,1981-2000,1997
1eat,7.82,1981-2000,1995
1at6,4.07,1981-2000,1998
1hpx,11.26,1981-2000,1996
1c5x,6.68,1981-2000,2000
1c8l,8.16,1981-2000,2000
2sim,3.42,1981-2000,1994
186l,4.85,1981-2000,1995
1hgj,1.66,1981-2000,1994
1d6s,4.11,1981-2000,2000
1d6v,6.17,1981-2000,2000
1l83,3.4,1981-2000,1993
1a52,9.86,1981-2000,1998
1elr,4.96,1981-2000,2000
1mfd,5.31,1981-2000,1994
1fiv,6.59,1981-2000,1995
1igb,6.4,1981-2000,1996
1ele,6.85,1981-2000,1995
1c12,8.72,1981-2000,1999
1bb0,8.36,1981-2000,1999
1ylv,2.7,1981-2000,2000
4er1,6.62,1981-2000,1991
5hvp,7.7,1981-2000,1991
1csh,7.55,1981-2000,1994
1qaq,4.74,1981-2000,2000
7cpa,13.96,1981-2000,1994
1b6m,8.4,1981-2000,2000
1amw,4.54,1981-2000,1998
1ayu,9.15,1981-2000,1998
1aid,4.82,1981-2000,1997
2wed,6.1,1981-2000,1998
1bv9,9.96,1981-2000,1998
1a4g,8.4,1981-2000,1999
220l,3.4,1981-2000,1998
1hlf,5.64,1981-2000,2000
1bhf,4.38,1981-2000,1998
2cbs,8.22,1981-2000,1999
1b8o,10.64,1981-2000,1999
1mai,6.68,1981-2000,1996
1a7t,1.64,1981-2000,1998
1fcz,9.22,1981-2000,2000
1htf,6.83,1981-2000,1994
1d5j,9.15,1981-2000,2000
1nlp,4.96,1981-2000,1997
1cbr,9.4,1981-2000,1995
1gsf,5.0,1981-2000,1995
1a1e,6.0,1981-2000,1998
1c1u,8.25,1981-2000,2000
1ppi,5.01,1981-2000,1995
1hfs,8.7,1981-2000,1998
1dkd,5.7,1981-2000,2000
1hvi,10.92,1981-2000,1994
8lpr,6.62,1981-2000,1993
1rpj,6.48,1981-2000,1999
1tcx,6.95,1981-2000,1996
5yas,3.26,1981-2000,1999
1fig,6.22,1981-2000,1994
6upj,6.32,1981-2000,1997
1juy,7.66,1981-2000,1997
1qbs,9.47,1981-2000,1997
1cnx,7.37,1981-2000,1995
1e5a,7.64,1981-2000,2000
1d4t,6.19,1981-2000,1999
1swi,3.1,1981-2000,1996
2ay4,2.91,1981-2000,1999
3mct,4.07,1981-2000,1999
1gux,6.96,1981-2000,1998
1aqj,6.47,1981-2000,1997
1njd,5.57,1981-2000,1996
1err,8.11,1981-2000,1998
1c85,4.64,1981-2000,2000
1c5t,4.1,1981-2000,2000
2cbr,6.85,1981-2000,1999
1dhi,7.26,1981-2000,1994
1tlp,7.55,1981-2000,1989
1cnw,7.72,1981-2000,1995
1cp6,5.0,1981-2000,1999
1alw,6.52,1981-2000,1998
1drj,7.4,1981-2000,1995
1di9,5.3,1981-2000,2000
1f4x,5.59,1981-2000,2000
1akq,9.1,1981-2000,1998
1tka,6.1,1981-2000,1994
1fta,6.36,1981-2000,1995
1cps,6.66,1981-2000,1993
1dzj,5.89,1981-2000,2000
1g52,9.54,1981-2000,2000
1hxw,10.82,1981-2000,1998
1lcp,6.64,1981-2000,1995
1fo0,5.59,1981-2000,2000
1bmq,7.42,1981-2000,1998
1b3h,6.21,1981-2000,1998
1f4e,2.96,1981-2000,2000
1br8,4.74,1981-2000,1998
1qbu,10.24,1981-2000,1997
1p03,8.19,1981-2000,1990
1mmr,5.4,1981-2000,1996
3gwx,5.4,1981-2000,2000
1bxq,7.38,1981-2000,1998
1qi0,2.35,1981-2000,2000
4erk,4.57,1981-2000,1999
1bcu,3.28,1981-2000,1998
1ydr,5.52,1981-2000,1997
1qf4,6.18,1981-2000,1999
1a9q,6.17,1981-2000,1998
1b3l,5.89,1981-2000,1998
1b39,6.92,1981-2000,1998
1qbr,10.57,1981-2000,1997
5upj,7.12,1981-2000,1997
1qti,6.44,1981-2000,1999
1a5h,6.3,1981-2000,1999
1inf,5.0,1981-2000,1996
1ppk,7.66,1981-2000,1994
1c1v,7.64,1981-2000,2000
1mem,7.94,1981-2000,1998
1mdl,3.09,1981-2000,1996
1usn,7.74,1981-2000,1998
2ans,5.92,1981-2000,1999
1ivp,7.52,1981-2000,1993
2aac,2.22,1981-2000,1997
1a9m,6.92,1981-2000,1998
1tkb,8.0,1981-2000,1994
2h4n,8.7,1981-2000,1997
1czl,9.15,1981-2000,1999
1c5o,3.49,1981-2000,2000
5lpr,6.57,1981-2000,1993
1lt5,2.7,1981-2000,1997
1ctr,6.0,1981-2000,1994
1bm2,6.96,1981-2000,1998
1a1c,6.4,1981-2000,1998
2vgc,5.24,1981-2000,1997
1mns,4.17,1981-2000,1993
1f0s,7.74,1981-2000,2000
1dzk,6.1,1981-2000,2000
13gs,4.62,1981-2000,1999
1tyn,9.7,1981-2000,1995
1bnu,9.7,1981-2000,1999
1tvr,7.48,1981-2000,1997
1pdz,3.7,1981-2000,1995
1fgi,5.0,1981-2000,1998
4tmn,10.17,1981-2000,1989
1rne,8.7,1981-2000,1993
1hvh,7.96,1981-2000,1998
1czr,9.0,1981-2000,1999
4cts,5.0,1981-2000,1984
1sld,6.57,1981-2000,1996
1bdl,5.85,1981-2000,1998
5tmp,7.47,1981-2000,1998
1axs,7.77,1981-2000,1998
2fmb,8.7,1981-2000,1999
1b3f,6.89,1981-2000,1998
1epq,8.19,1981-2000,1994
1qb6,6.06,1981-2000,2000
7abp,6.46,1981-2000,1991
8a3h,4.06,1981-2000,2000
1ezq,9.05,1981-2000,2000
1fkw,5.05,1981-2000,1996
1d3q,6.54,1981-2000,2000
1tnl,1.88,1981-2000,1994
1qhc,7.57,1981-2000,1999
1em6,8.22,1981-2000,2000
2pax,6.74,1981-2000,1998
1aj7,3.87,1981-2000,1997
1rbp,6.72,1981-2000,1991
2ay9,2.16,1981-2000,1999
3tlh,8.82,1981-2000,1998
2izl,6.0,1981-2000,1998
1etz,7.24,1981-2000,2000
1bgo,8.46,1981-2000,1999
2gyi,7.0,1981-2000,1995
1ydb,8.24,1981-2000,1995
1ba8,9.0,1981-2000,1999
1ax0,3.13,1981-2000,1998
1hos,8.55,1981-2000,1993
2qwf,5.67,1981-2000,1998
1b4h,5.46,1981-2000,1998
1c8v,6.33,1981-2000,2000
1sre,3.85,1981-2000,1994
1tyr,7.0,1981-2000,1995
1ekb,6.0,1981-2000,1999
6gpb,4.85,1981-2000,1992
1eei,3.15,1981-2000,2000
1rdj,1.66,1981-2000,1996
1nnb,5.0,1981-2000,1994
2ay1,2.29,1981-2000,1999
1ajv,7.72,1981-2000,1997
966c,7.64,1981-2000,1999
1c2t,6.59,1981-2000,2000
2cht,5.52,1981-2000,1994
1a50,6.7,1981-2000,1999
1ilq,4.89,1981-2000,1998
1bkj,6.77,1981-2000,1999
2srt,6.64,1981-2000,1995
1e00,6.1,1981-2000,2000
188l,3.33,1981-2000,1995
1nok,3.15,1981-2000,1996
1eve,8.24,1981-2000,1999
1qca,5.27,1981-2000,1995
1rst,4.43,1981-2000,1997
9icd,3.9,1981-2000,1991
1bl6,6.8,1981-2000,1999
1db4,7.24,1981-2000,1999
7kme,4.4,1981-2000,1999
1grp,3.72,1981-2000,1996
1c3r,6.4,1981-2000,1999
1tbz,9.8,1981-2000,1998
1om2,4.7,1981-2000,2000
1b5g,8.0,1981-2000,1998
3aig,6.0,1981-2000,1998
1bmk,7.6,1981-2000,1999
1atl,6.28,1981-2000,1995
1mfa,5.04,1981-2000,1994
1e03,9.4,1981-2000,2000
1ddm,5.77,1981-2000,2000
1rpf,3.99,1981-2000,1994
1fv9,5.0,1981-2000,2000
1cwb,7.89,1981-2000,1996
1qj1,8.05,1981-2000,2000
1caq,7.72,1981-2000,1999
3pch,5.4,1981-2000,1998
1jmi,6.06,1981-2000,1998
1vru,7.0,1981-2000,1996
1mik,6.35,1981-2000,1996
1a07,6.4,1981-2000,1998
1elc,6.66,1981-2000,1994
7upj,8.49,1981-2000,1997
1qnh,6.06,1981-2000,2000
3lpr,5.96,1981-2000,1993
1oth,7.0,1981-2000,1999
1b57,8.0,1981-2000,2000
1xug,7.05,1981-2000,1998
1bcj,3.7,1981-2000,1998
1csi,8.8,1981-2000,1994
1p10,6.7,1981-2000,1990
4est,5.02,1981-2000,1992
1dgm,5.05,1981-2000,2000
1b0f,7.7,1981-2000,1998
1c8k,6.0,1981-2000,2000
1gpy,4.7,1981-2000,1993
1ork,8.81,1981-2000,1999
1fh8,6.89,1981-2000,2000
1a4h,5.92,1981-2000,1998
1heg,7.74,1981-2000,1994
6gch,4.7,1981-2000,1990
1fq5,8.4,1981-2000,2000
2avi,15.22,1981-2000,1993
5std,10.49,1981-2000,1999
1cet,2.89,1981-2000,1999
1qbn,5.85,1981-2000,2000
1b4d,4.81,1981-2000,1998
4er4,6.8,1981-2000,1991
1zsb,0.6,1981-2000,1996
1wht,3.7,1981-2000,1994
1ff1,4.92,1981-2000,2000
1ai6,3.97,1981-2000,1997
184l,4.72,1981-2000,1995
1fkf,9.4,1981-2000,1991
1pro,11.3,1981-2000,1996
1b3g,6.7,1981-2000,1998
1egh,5.7,1981-2000,2000
1c5q,6.36,1981-2000,2000
1duv,11.8,1981-2000,2000
1qhr,6.89,1981-2000,2000
1f0t,6.0,1981-2000,2000
1awf,6.01,1981-2000,1998
5est,6.52,1981-2000,1992
1b56,6.1,1981-2000,1999
2gss,4.94,1981-2000,1997
1qpf,7.57,1981-2000,1999
1rgk,4.31,1981-2000,1993
1lhd,9.62,1981-2000,1996
1iht,8.46,1981-2000,1994
1c5s,6.0,1981-2000,2000
6abp,6.36,1981-2000,1991
1tsy,4.96,1981-2000,1996
1ahy,3.36,1981-2000,1995
1fzq,7.62,1981-2000,2000
7prc,5.21,1981-2000,1999
2qwd,4.85,1981-2000,1998
1bl4,8.74,1981-2000,1998
2tmn,5.89,1981-2000,1989
1b55,7.4,1981-2000,1999
1vgc,5.92,1981-2000,1997
2pri,2.91,1981-2000,1998
1gaf,8.0,1981-2000,1996
1apw,8.0,1981-2000,1994
1d7i,3.6,1981-2000,1999
1dar,4.96,1981-2000,1996
1d6w,5.96,1981-2000,2000
2ypi,4.82,1981-2000,1991
1tnh,3.37,1981-2000,1994
1bim,8.92,1981-2000,1996
3pcg,2.3,1981-2000,1998
1lhg,7.1,1981-2000,1996
1hvj,11.4,1981-2000,1994
1njc,5.55,1981-2000,1996
1b11,7.39,1981-2000,1998
1ai7,4.09,1981-2000,1997
1shc,7.28,1981-2000,1997
1swn,12.0,1981-2000,1999
2hpa,4.6,1981-2000,1998
1ql9,5.35,1981-2000,2000
1qr3,6.59,1981-2000,2000
1gnm,6.25,1981-2000,1996
1ftl,6.0,1981-2000,2000
3mbp,6.8,1981-2000,1997
1biw,6.98,1981-2000,1999
1bil,9.3,1981-2000,1996
3pcb,2.4,1981-2000,1998
1bmn,8.44,1981-2000,1996
1hsh,9.42,1981-2000,1996
10gs,6.4,1981-2000,1998
1qf5,7.37,1981-2000,1999
1c5n,4.7,1981-2000,2000
1bt6,5.7,1981-2000,1999
2ay3,3.55,1981-2000,1999
1hpv,9.22,1981-2000,1995
1nox,7.05,1981-2000,1997
1ggn,5.51,1981-2000,2000
1noi,3.15,1981-2000,1996
1fyr,5.62,1981-2000,2000
1fpp,8.0,1981-2000,1999
1b9t,5.1,1981-2000,1999
1agw,4.7,1981-2000,1998
1sbg,7.74,1981-2000,1994
3erk,4.74,1981-2000,1999
1c6y,9.51,1981-2000,2000
1mmp,6.07,1981-2000,1996
1a5v,3.1,1981-2000,1998
1rdn,1.84,1981-2000,1996
1hvl,9.95,1981-2000,1994
1bkm,5.74,1981-2000,1997
1pbk,9.05,1981-2000,1996
3aid,6.86,1981-2000,1997
1tze,6.83,1981-2000,1997
2qwg,3.64,1981-2000,1998
1uwb,8.34,1981-2000,1997
1d4k,9.22,1981-2000,2000
1azg,4.8,1981-2000,1998
3er5,9.0,1981-2000,1991
1al8,5.32,1981-2000,1997
2nmb,6.28,1981-2000,1998
1d09,7.57,1981-2000,2000
1utr,8.0,1981-2000,1995
1ca8,9.49,1981-2000,1999
1dg9,2.74,1981-2000,1999
1jet,7.25,1981-2000,1997
1c88,5.29,1981-2000,2000
1mes,7.7,1981-2000,1998
1add,6.74,1981-2000,1994
3znc,7.34,1981-2000,1999
2pcp,8.7,1981-2000,1999
1qsc,3.68,1981-2000,1999
1uvu,5.0,1981-2000,1997
1ajn,2.63,1981-2000,1997
1ydd,7.07,1981-2000,1995
1dub,5.8,1981-2000,1997
1ent,6.96,1981-2000,1994
1swk,12.0,1981-2000,1999
1bdq,6.34,1981-2000,1998
1vrt,7.1,1981-2000,1996
1str,4.77,1981-2000,1996
1fsg,5.02,1981-2000,2000
1bgq,8.57,1981-2000,1999
1bv7,10.3,1981-2000,1998
1siv,8.08,1981-2000,1994
1bio,5.54,1981-2000,1999
1b2m,3.73,1981-2000,1999
1ci7,7.05,1981-2000,2000
1vwl,5.63,1981-2000,1998
1gca,6.7,1981-2000,1993
1bap,6.85,1981-2000,1992
7hvp,9.62,1981-2000,1993
1ppl,8.55,1981-2000,1993
1gnn,5.68,1981-2000,1996
1tet,6.08,1981-2000,1994
1qb1,6.77,1981-2000,2000
1css,6.1,1981-2000,1995
2ay6,3.11,1981-2000,1999
1htg,8.42,1981-2000,1994
1pig,9.15,1981-2000,1996
1dbj,7.68,1981-2000,1994
1inc,9.34,1981-2000,1994
1jeu,6.82,1981-2000,1997
1agm,12.0,1981-2000,1994
1qk4,4.21,1981-2000,1999
1efi,1.92,1981-2000,2000
1akw,8.59,1981-2000,1998
1f57,5.64,1981-2000,2000
2olb,5.54,1981-2000,1996
1pot,5.49,1981-2000,1996
1ad8,6.6,1981-2000,1997
3ert,9.6,1981-2000,1999
1b0h,6.7,1981-2000,1998
1d1p,3.6,1981-2000,2000
1hiv,9.0,1981-2000,1993
1met,9.4,1981-2000,1998
1bp0,5.4,1981-2000,2000
1tmb,6.74,1981-2000,1994
4tmk,7.7,1981-2000,1998
5abp,6.64,1981-2000,1992
1ql7,5.0,1981-2000,2000
1c7e,6.3,1981-2000,2000
2dbl,8.7,1981-2000,1994
1tom,8.3,1981-2000,1997
1pyg,5.52,1981-2000,1994
1clu,8.27,1981-2000,1999
1d04,4.59,1981-2000,1999
1cea,4.96,1981-2000,1996
2ay8,2.24,1981-2000,1999
1ft7,5.18,1981-2000,2000
1gfw,7.82,1981-2000,2000
2tpi,4.31,1981-2000,1982
1sme,11.22,1981-2000,1997
1gbt,2.0,1981-2000,1994
1akr,9.09,1981-2000,1998
1azl,8.62,1981-2000,1998
1p04,7.4,1981-2000,1990
1e8h,5.68,1981-2000,2000
1f3j,5.22,1981-2000,2000
1aht,6.21,1981-2000,1996
1c5z,4.01,1981-2000,2000
1mxl,3.81,1981-2000,1999
1ecq,3.0,1981-2000,2000
1evh,3.22,1981-2000,1999
1g1d,9.44,1981-2000,2000
1a4w,5.92,1981-2000,1998
1al7,7.8,1981-2000,1997
1exv,7.35,1981-2000,2000
1dbk,8.1,1981-2000,1994
1bwb,8.42,1981-2000,1998
1azx,9.4,1981-2000,1999
1p06,6.27,1981-2000,1990
1mnc,10.34,1981-2000,1995
1p01,9.46,1981-2000,1990
1qq9,2.06,1981-2000,2000
8gpb,3.6,1981-2000,1992
1di8,6.0,1981-2000,2000
1b6h,7.82,1981-2000,1998
1qkb,7.35,1981-2000,1999
1g48,8.41,1981-2000,2000
1ai5,3.72,1981-2000,1997
456c,9.77,1981-2000,1999
1eef,2.92,1981-2000,2000
1a7c,4.0,1981-2000,1999
1b6j,7.92,1981-2000,2000
1qjb,6.38,1981-2000,1999
1ceb,6.0,1981-2000,1996
1hte,5.64,1981-2000,1994
1bsk,4.12,1981-2000,2000
1tnj,1.96,1981-2000,1994
1fd7,1.85,1981-2000,2000
6std,8.64,1981-2000,1999
1gfy,5.08,1981-2000,2000
1kel,7.28,1981-2000,1996
1a9u,7.32,1981-2000,1999
1fh7,5.24,1981-2000,2000
2mpa,8.04,1981-2000,1999
1dwd,8.18,1981-2000,1994
1d4y,11.1,1981-2000,1999
1a4q,5.44,1981-2000,1999
1g45,8.64,1981-2000,2000
1b9j,5.96,1981-2000,1999
1qfs,9.48,1981-2000,1999
1gai,8.0,1981-2000,1996
1rev,7.48,1981-2000,1996
1prl,4.23,1981-2000,1995
1aq1,8.15,1981-2000,1997
1f8a,5.0,1981-2000,2000
1ml1,4.28,1981-2000,1997
7lpr,7.18,1981-2000,1993
1bnq,9.49,1981-2000,1999
1a3e,8.46,1981-2000,1998
1dzp,5.44,1981-2000,2000
1c83,4.85,1981-2000,2000
1bra,1.82,1981-2000,1994
1d4p,6.3,1981-2000,1999
4ts1,4.94,1981-2000,1989
1qwf,6.35,1981-2000,1996
2ada,13.0,1981-2000,1995
1qaw,5.12,1981-2000,1999
2amv,8.8,1981-2000,1998
1stp,13.4,1981-2000,1992
1sqc,6.85,1981-2000,1997
1ela,6.36,1981-2000,1994
1cka,5.72,1981-2000,1995
1cj1,8.8,1981-2000,1999
1c4u,10.37,1981-2000,2000
1tpw,3.3,1981-2000,1995
1c7f,9.52,1981-2000,2000
1a08,5.62,1981-2000,1998
1bnm,10.0,1981-2000,1999
6rsa,4.4,1981-2000,1986
1f7b,4.6,1981-2000,2000
1dm2,7.15,1981-2000,2000
1hdt,7.76,1981-2000,1995
1stc,8.1,1981-2000,1998
1hef,9.0,1981-2000,1994
1swg,7.36,1981-2000,1998
1g4j,8.7,1981-2000,2000
1a7x,9.7,1981-2000,1998
3bls,5.14,1981-2000,1998
1skj,5.15,1981-2000,1998
1e2k,4.94,1981-2000,2000
1dmb,5.74,1981-2000,1993
1jaq,4.48,1981-2000,1996
1b5i,7.05,1981-2000,1999
3at1,3.18,1981-2000,1990
2mip,8.46,1981-2000,1993
1rpa,6.0,1981-2000,1994
1fcx,7.19,1981-2000,2000
1ao8,8.22,1981-2000,1998
2bpx,9.4,1981-2000,1999
4vgc,6.9,1981-2000,1997
1bwn,7.06,1981-2000,1999
1ths,7.54,1981-2000,1994
3pcf,6.05,1981-2000,1998
1a4k,8.0,1981-2000,1998
1eed,4.79,1981-2000,1994
1swr,6.92,1981-2000,1999
1akt,8.49,1981-2000,1998
1det,4.3,1981-2000,1996
1rth,6.4,1981-2000,1996
1bai,7.7,1981-2000,1999
1b7h,8.02,1981-2000,1998
1gym,2.7,1981-2000,1996
2qwe,7.48,1981-2000,1998
1f4g,6.48,1981-2000,2000
1qin,8.0,1981-2000,1999
1dx6,6.19,1981-2000,2000
7std,10.72,1981-2000,1999
2rkm,3.9,1981-2000,1997
1qtn,7.3,1981-2000,2000
1lvk,5.92,1981-2000,1998
1b8n,10.52,1981-2000,1999
1inh,2.3,1981-2000,1996
1lag,6.3,1981-2000,1995
1yda,6.55,1981-2000,1995
1hge,2.27,1981-2000,1994
1aze,4.22,1981-2000,1999
1idb,7.96,1981-2000,1995
1fj4,4.59,1981-2000,2000
4tim,2.16,1981-2000,1992
2qwb,2.74,1981-2000,1998
1ao0,4.96,1981-2000,1997
1yei,7.46,1981-2000,1999
1f0r,7.66,1981-2000,2000
3kiv,4.7,1981-2000,1999
3gss,5.82,1981-2000,1997
2toh,4.15,1981-2000,1999
1g46,8.8,1981-2000,2000
4fiv,6.52,1981-2000,1999
1hxb,9.92,1981-2000,1997
1afl,6.28,1981-2000,1998
1ftm,7.61,1981-2000,2000
1thl,6.42,1981-2000,1994
1hwr,8.33,1981-2000,1999
4apr,6.7,1981-2000,1991
1fwe,5.6,1981-2000,1997
3erd,9.9,1981-2000,1999
1b9v,3.65,1981-2000,1999
1jmf,5.77,1981-2000,1998
1fao,7.37,1981-2000,2000
1prm,4.23,1981-2000,1995
1pph,5.92,1981-2000,1994
1rnt,5.19,1981-2000,1987
7gch,5.7,1981-2000,1990
1tni,4.0,1981-2000,1994
1cpi,7.41,1981-2000,1996
1erb,8.1,1981-2000,1994
9lpr,5.7,1981-2000,1993
1b2h,4.54,1981-2000,1998
1bty,4.74,1981-2000,1995
1e6s,3.22,1981-2000,2000
1fpi,5.89,1981-2000,1996
1fki,7.0,1981-2000,1994
1gbq,2.46,1981-2000,1997
1gno,7.7,1981-2000,1996
1e34,2.88,1981-2000,2000
1axz,3.2,1981-2000,1998
1igj,10.0,1981-2000,1993
1ckb,5.28,1981-2000,1995
1ajp,2.23,1981-2000,1997
1fhr,4.0,1981-2000,2000
1ej4,7.3,1981-2000,2000
6cpa,11.52,1981-2000,1991
1qpb,1.36,1981-2000,2000
1ibc,10.25,1981-2000,1998
1hpo,9.22,1981-2000,1997
4er2,9.3,1981-2000,1991
2prj,4.49,1981-2000,1998
1epp,7.16,1981-2000,1994
1f3e,6.7,1981-2000,2000
1qiw,7.74,1981-2000,2000
2er6,7.22,1981-2000,1991
1bn1,9.34,1981-2000,1999
1fmb,10.0,1981-2000,1996
1lcj,9.0,1981-2000,1995
1d4w,6.92,1981-2000,1999
1sts,5.0,1981-2000,1996
1dif,10.66,1981-2000,1996
5tmn,8.04,1981-2000,1989
1lhe,9.54,1981-2000,1996
1rbo,12.72,1981-2000,1997
1kvo,7.89,1981-2000,1997
1lah,7.52,1981-2000,1995
5apr,7.77,1981-2000,1991
2qwc,3.55,1981-2000,1998
1vr1,6.89,1981-2000,1999
1e2l,4.29,1981-2000,2000
1qbv,5.39,1981-2000,1999
1c87,4.2,1981-2000,2000
1b2i,5.51,1981-2000,1999
1e37,3.7,1981-2000,2000
1qbq,8.3,1981-2000,1999
1uvt,7.64,1981-2000,1997
1aq7,6.05,1981-2000,1998
1rnm,3.07,1981-2000,1996
1tsm,6.0,1981-2000,1998
1bqn,6.22,1981-2000,1999
1dtt,8.3,1981-2000,2000
1c5f,6.07,1981-2000,1999
1ydt,7.32,1981-2000,1997
1e4h,8.41,1981-2000,2000
2std,9.85,1981-2000,1999
1eld,6.7,1981-2000,1995
1eol,13.42,1981-2000,2000
1hmr,6.55,1981-2000,1995
1btn,4.4,1981-2000,1996
1f0u,7.16,1981-2000,2000
1d8f,7.74,1981-2000,2000
1bxl,6.47,1981-2000,1997
1apv,9.0,1981-2000,1994
1db1,9.26,1981-2000,2000
1ggd,5.8,1981-2000,2000
1fbm,6.22,1981-2000,2000
1sln,6.64,1981-2000,1996
1uvs,5.4,1981-2000,1997
1ppc,6.16,1981-2000,1994
1rdi,2.06,1981-2000,1996
1vij,9.52,1981-2000,1999
1tkc,4.85,1981-2000,1994
1eoc,6.05,1981-2000,2000
3pcj,7.22,1981-2000,1998
1d7x,8.52,1981-2000,2000
1bnt,9.8,1981-2000,1999
185l,3.54,1981-2000,1995
1pau,9.46,1981-2000,1997
1ciz,7.44,1981-2000,1999
1g1e,7.54,1981-2000,2000
1rdl,2.24,1981-2000,1996
1bcd,8.7,1981-2000,1993
1axr,3.27,1981-2000,1998
1c3i,5.8,1981-2000,2000
1tps,8.0,1981-2000,1995
1yet,5.92,1981-2000,1998
1af2,3.1,1981-2000,1997
1sm3,4.62,1981-2000,1999
1a99,5.7,1981-2000,1998
1ahx,3.92,1981-2000,1995
1amn,13.82,1981-2000,1996
1a86,4.0,1981-2000,1999
1flr,10.0,1981-2000,1995
9hvp,8.35,1981-2000,1992
1bdr,6.68,1981-2000,1998
1mfi,5.59,1981-2000,1999
1tnk,1.49,1981-2000,1994
1wdn,6.3,1981-2000,1998
1cyn,7.68,1981-2000,1996
6apr,7.77,1981-2000,1991
223l,3.4,1981-2000,1998
3jdw,3.6,1981-2000,1998
1hbv,6.37,1981-2000,1995
1laf,7.85,1981-2000,1995
2drc,9.89,1981-2000,1994
1a4m,13.0,1981-2000,1998
1mpa,8.04,1981-2000,1997
1rgl,4.43,1981-2000,1993
2dri,6.89,1981-2000,1995
1a69,5.3,1981-2000,1998
1ind,10.05,1981-2000,1993
4mbp,5.64,1981-2000,1998
1fkg,8.0,1981-2000,1994
1qkn,8.47,1981-2000,2000
1bnv,8.77,1981-2000,1999
1dhj,6.55,1981-2000,1994
1c9d,6.3,1981-2000,1999
1abt,5.85,1981-2000,1994
1bqm,7.35,1981-2000,1999
1a61,8.62,1981-2000,1998
1aj6,5.92,1981-2000,1998
2aig,5.0,1981-2000,1998
1hih,8.05,1981-2000,1995
1elb,7.15,1981-2000,1994
1b5j,7.43,1981-2000,1999
1bm7,7.52,1981-2000,1998
7gpb,5.52,1981-2000,1992
1qm4,4.3,1981-2000,2000
1ax2,3.99,1981-2000,1998
1ida,8.7,1981-2000,1995
1adl,5.36,1981-2000,1994
1vot,6.6,1981-2000,1997
1ctu,11.92,1981-2000,1995
1c70,10.3,1981-2000,2000
1qf1,7.32,1981-2000,1999
1a5g,10.15,1981-2000,1998
2ay5,2.59,1981-2000,1999
1vfn,5.6,1981-2000,1997
1bl7,7.72,1981-2000,1999
1jfh,2.05,1981-2000,1998
1irs,5.22,1981-2000,1997
1bzj,4.66,1981-2000,1999
1bxr,3.4,1981-2000,1999
1ajx,7.91,1981-2000,1997
1dpu,6.0,1981-2000,2000
1c29,6.33,1981-2000,2000
1ezf,7.25,1981-2000,2000
1b4z,5.23,1981-2000,1999
1awi,4.05,1981-2000,1998
1p05,5.96,1981-2000,1990
6tim,3.21,1981-2000,1992
1b6k,8.74,1981-2000,2000
9abp,8.0,1981-2000,1992
1a09,6.7,1981-2000,1998
2mas,7.52,1981-2000,1997
1dqn,8.0,1981-2000,2000
1rin,3.15,1981-2000,1993
1qf2,5.92,1981-2000,1999
1nja,6.31,1981-2000,1996
2wec,3.96,1981-2000,1998
1bn4,9.31,1981-2000,1999
1bm6,7.89,1981-2000,1999
1azm,6.1,1981-2000,1994
1c50,6.48,1981-2000,1999
5er1,6.02,1981-2000,1991
1c3e,6.59,1981-2000,1999
1cil,9.43,1981-2000,1994
1pip,5.0,1981-2000,1993
1cx9,6.75,1981-2000,1999
1hmt,5.79,1981-2000,1995
1aw1,1.05,1981-2000,1998
1b51,7.37,1981-2000,1999
1gfz,4.0,1981-2000,2000
1b40,7.28,1981-2000,1999
1qj6,7.74,1981-2000,2000
1akv,11.59,1981-2000,1998
1ohr,8.7,1981-2000,1998
1ctt,4.52,1981-2000,1995
1cqp,5.62,1981-2000,2000
16pk,5.22,1981-2000,1998
1b38,6.6,1981-2000,1998
1lst,7.85,1981-2000,1994
1bnn,10.0,1981-2000,1999
1qj7,8.1,1981-2000,2000
1b74,1.3,1981-2000,2000
2adm,5.7,1981-2000,1997
1jld,6.73,1981-2000,1997
1njb,5.8,1981-2000,1996
6cgt,6.0,1981-2000,1998
4yas,3.41,1981-2000,1999
1cze,2.62,1981-2000,2000
1hsl,7.19,1981-2000,1994
1qb9,7.44,1981-2000,2000
1au0,7.66,1981-2000,1998
3pck,6.7,1981-2000,1998
1lox,5.52,1981-2000,1998
1bq4,5.22,1981-2000,1998
1af6,1.82,1981-2000,1998
1lan,7.22,1981-2000,1995
4sga,7.3,1981-2000,1991
1aku,6.13,1981-2000,1998
1jao,5.92,1981-2000,1996
1atr,6.96,1981-2000,1993
1d8m,8.51,1981-2000,2000
1lhf,8.09,1981-2000,1996
1d3v,6.96,1981-2000,1999
1ett,5.89,1981-2000,1994
3gst,6.72,1981-2000,1993
1aqc,5.34,1981-2000,1997
4rsk,4.32,1981-2000,1998
1qm5,5.82,1981-2000,2000
1b42,4.01,1981-2000,1999
1erq,7.89,1981-2000,2000
1sle,6.17,1981-2000,1996
3cbs,7.24,1981-2000,1999
1ax1,3.29,1981-2000,1998
1d3d,9.09,1981-2000,2000
11gs,5.82,1981-2000,1999
1hvr,9.51,1981-2000,1995
1bn3,9.89,1981-2000,1999
1d2s,9.74,1981-2000,2000
1avd,15.0,1981-2000,1994
1icj,2.22,1981-2000,1999
1bjv,5.54,1981-2000,1998
1eas,7.74,1981-2000,1995
1ek1,7.77,1981-2000,2000
1jrs,6.4,1981-2000,1996
1yds,5.92,1981-2000,1997
1upf,4.6,1981-2000,1999
1tcw,6.02,1981-2000,1996
1bux,4.85,1981-2000,1999
2a2g,7.0,1981-2000,1999
1a30,4.3,1981-2000,1998
830c,9.28,1981-2000,1999
1qpl,8.51,1981-2000,1999
1c5p,4.68,1981-2000,2000
2upj,7.39,1981-2000,1996
1enu,5.08,1981-2000,2000
1d7j,3.3,1981-2000,1999
2csm,4.3,1981-2000,1996
1lkl,5.81,1981-2000,1996
1qcp,7.52,1981-2000,1999
4fab,8.06,1981-2000,1990
1a8i,5.52,1981-2000,1998
1c1r,7.63,1981-2000,2000
1bzh,6.77,1981-2000,1999
1rlp,5.1,1981-2000,1995
1a2c,6.3,1981-2000,1998
1jlx,5.8,1981-2000,1997
1qka,5.92,1981-2000,1999
1lhc,10.4,1981-2000,1996
1anf,5.46,1981-2000,1997
1a28,8.29,1981-2000,1998
1qng,7.89,1981-2000,2000
2er9,7.4,1981-2000,1991
1auj,8.25,1981-2000,1998
1x11,6.49,1981-2000,1998
3tmk,6.87,1981-2000,1999
1ag9,9.0,1981-2000,1997
1aqi,5.62,1981-2000,1997
1d5r,1.82,1981-2000,1999
1fpc,7.0,1981-2000,1995
1fcy,8.52,1981-2000,2000
1au2,7.89,1981-2000,1998
1ce5,4.74,1981-2000,1999
1qkt,9.04,1981-2000,2000
1drv,6.54,1981-2000,1997
1jmg,6.07,1981-2000,1998
1lkk,6.85,1981-2000,1996
1aaq,8.4,1981-2000,1994
1hti,5.13,1981-2000,1995
1yej,7.46,1981-2000,1999
1c3x,3.68,1981-2000,1999
1ek2,8.2,1981-2000,2000
1hgi,2.68,1981-2000,1994
1bzf,8.3,1981-2000,1999
1ppm,5.8,1981-2000,1993
1slg,3.9,1981-2000,1996
1f4f,4.62,1981-2000,2000
6cha,4.4,1981-2000,1987
1a46,5.7,1981-2000,1998
1dy4,4.36,1981-2000,2000
2er0,6.38,1981-2000,1991
1a42,9.89,1981-2000,1999
6lpr,7.3,1981-2000,1993
1c5y,4.2,1981-2000,2000
1bnw,9.08,1981-2000,1999
6prc,4.77,1981-2000,1999
1els,10.82,1981-2000,1994
1swp,11.0,1981-2000,1999
1e02,6.15,1981-2000,2000
1qft,8.77,1981-2000,2000
2bpy,7.4,1981-2000,1999
3mag,4.07,1981-2000,1999
1fq8,6.03,1981-2000,2000
3usn,6.15,1981-2000,1999
1hvs,10.3,1981-2000,1995
1dqx,11.05,1981-2000,2000
1cr6,8.51,1981-2000,1999
4zjj,8.0,2011-2019,2015
3zq9,6.02,2011-2019,2011
5yc3,4.85,2011-2019,2018
5fsb,2.22,2011-2019,2017
5q0m,8.1,2011-2019,2017
5lce,8.04,2011-2019,2017
4tzm,6.7,2011-2019,2014
3upi,8.22,2011-2019,2012
5izj,11.52,2011-2019,2016
4anb,8.18,2011-2019,2012
5a5r,5.9,2011-2019,2015
5ii1,5.48,2011-2019,2016
4z9l,8.8,2011-2019,2015
4jq7,6.41,2011-2019,2013
5khx,7.85,2011-2019,2016
2y9q,6.15,2011-2019,2012
5k9w,4.59,2011-2019,2017
4hnp,6.78,2011-2019,2014
4io6,4.82,2011-2019,2013
6jn4,5.69,2011-2019,2019
5dk4,8.7,2011-2019,2015
3udr,4.96,2011-2019,2012
4zb6,6.28,2011-2019,2015
4xrq,6.63,2011-2019,2015
6szp,4.74,2011-2019,2019
5gmp,9.1,2011-2019,2017
5j41,3.7,2011-2019,2016
4oks,4.48,2011-2019,2014
6bsl,9.0,2011-2019,2018
4y38,2.4,2011-2019,2016
3uh2,6.0,2011-2019,2012
4tkn,5.89,2011-2019,2014
5ddf,6.17,2011-2019,2015
5amn,8.35,2011-2019,2016
4rxc,4.48,2011-2019,2015
4ba3,5.54,2011-2019,2013
3s3m,7.4,2011-2019,2011
6g3a,8.38,2011-2019,2018
4dea,6.59,2011-2019,2012
5wys,6.7,2011-2019,2017
5ou2,3.22,2011-2019,2018
6em7,4.53,2011-2019,2018
3shy,7.04,2011-2019,2011
6efj,3.32,2011-2019,2019
5j58,7.3,2011-2019,2017
4ohk,8.3,2011-2019,2014
5ul1,6.64,2011-2019,2017
5om9,4.25,2011-2019,2017
4kww,5.55,2011-2019,2013
4r91,6.37,2011-2019,2014
3ow6,6.66,2011-2019,2011
4x6p,8.3,2011-2019,2015
4y6m,7.15,2011-2019,2015
3o9i,11.82,2011-2019,2011
6exi,5.05,2011-2019,2018
3szb,4.92,2011-2019,2011
4zsp,5.74,2011-2019,2015
4b13,5.7,2011-2019,2012
4r3w,3.0,2011-2019,2014
4zyf,8.64,2011-2019,2015
4kx8,7.13,2011-2019,2013
5fbo,9.51,2011-2019,2016
3t0w,7.3,2011-2019,2012
3arf,7.19,2011-2019,2011
4j81,4.5,2011-2019,2013
3wd1,7.66,2011-2019,2013
5dp4,4.2,2011-2019,2016
4f7l,8.0,2011-2019,2013
4pzx,6.0,2011-2019,2014
4l4m,8.0,2011-2019,2014
5ne3,7.84,2011-2019,2017
5os0,2.55,2011-2019,2017
5lrj,8.72,2011-2019,2016
4eo6,8.7,2011-2019,2012
5ti0,4.21,2011-2019,2017
5tbm,7.31,2011-2019,2016
4ap7,7.96,2011-2019,2012
4or6,5.31,2011-2019,2015
3qcj,6.3,2011-2019,2011
5ci7,6.92,2011-2019,2015
6mj7,2.82,2011-2019,2018
3s7a,8.96,2011-2019,2011
4d8n,5.74,2011-2019,2012
4yha,6.65,2011-2019,2015
6h7f,6.12,2011-2019,2018
6bix,6.51,2011-2019,2018
4flp,6.72,2011-2019,2012
4kil,6.3,2011-2019,2013
4h58,6.72,2011-2019,2013
5zh3,4.67,2011-2019,2018
4hvh,7.72,2011-2019,2013
5bvn,8.82,2011-2019,2015
6m8w,6.22,2011-2019,2018
5aqv,3.43,2011-2019,2016
4ybt,7.0,2011-2019,2015
4b1j,7.3,2011-2019,2012
4mlt,2.85,2011-2019,2014
4e0w,7.48,2011-2019,2012
4yne,8.52,2011-2019,2015
5wbr,4.77,2011-2019,2017
4a7i,8.7,2011-2019,2012
4x7q,7.85,2011-2019,2015
5d3j,5.24,2011-2019,2016
3np7,4.02,2011-2019,2011
6ovz,3.85,2011-2019,2019
5v13,7.63,2011-2019,2017
4ddm,2.46,2011-2019,2013
6mo5,9.52,2011-2019,2019
4yc0,4.13,2011-2019,2015
4lkg,6.8,2011-2019,2013
4bbg,8.32,2011-2019,2013
5mge,4.06,2011-2019,2017
4ogt,10.0,2011-2019,2014
5n31,5.79,2011-2019,2017
6ffi,8.1,2011-2019,2018
5h1t,3.8,2011-2019,2017
3wd2,6.24,2011-2019,2013
6bgy,6.82,2011-2019,2018
4uvy,8.26,2011-2019,2015
2lh8,4.18,2011-2019,2011
5tb6,5.82,2011-2019,2016
6o5g,5.7,2011-2019,2019
4jib,7.35,2011-2019,2013
5eij,5.31,2011-2019,2016
6nsv,7.8,2011-2019,2019
5ncy,9.4,2011-2019,2017
5xff,8.21,2011-2019,2018
4cu1,4.71,2011-2019,2014
3qqu,8.62,2011-2019,2011
2yb9,9.22,2011-2019,2011
4z2i,7.44,2011-2019,2015
4a1w,7.3,2011-2019,2011
6mt4,3.82,2011-2019,2019
4prn,5.66,2011-2019,2014
5z1t,6.2,2011-2019,2019
3oe4,7.47,2011-2019,2011
5al2,6.44,2011-2019,2015
4bid,8.1,2011-2019,2013
5ivy,6.44,2011-2019,2016
4qf8,7.51,2011-2019,2014
4hld,9.3,2011-2019,2012
4x6i,8.0,2011-2019,2015
3s2a,8.09,2011-2019,2011
5ekh,5.95,2011-2019,2016
3qj0,5.2,2011-2019,2011
5mnx,2.48,2011-2019,2017
5m56,7.89,2011-2019,2017
5c3k,3.96,2011-2019,2015
5kgw,4.79,2011-2019,2016
4h2m,5.21,2011-2019,2012
2rvn,6.77,2011-2019,2016
4kzc,8.09,2011-2019,2013
4omd,9.01,2011-2019,2014
4aq6,4.8,2011-2019,2013
6g6t,7.7,2011-2019,2019
4buq,8.14,2011-2019,2014
4nka,6.51,2011-2019,2013
4ycl,8.15,2011-2019,2015
5av0,3.55,2011-2019,2015
5oa6,5.51,2011-2019,2018
6gvz,6.4,2011-2019,2018
2xp7,5.77,2011-2019,2011
6o9x,6.05,2011-2019,2019
3sqq,5.32,2011-2019,2012
4cd5,6.71,2011-2019,2014
6nyh,7.68,2011-2019,2019
5f1h,7.85,2011-2019,2016
4i8x,2.64,2011-2019,2013
4djw,6.28,2011-2019,2012
4irx,6.12,2011-2019,2013
5m9d,5.8,2011-2019,2017
6iez,6.52,2011-2019,2019
4rrg,2.81,2011-2019,2015
5g53,6.37,2011-2019,2016
5hja,5.96,2011-2019,2016
4u4x,5.01,2011-2019,2014
5wyr,6.39,2011-2019,2017
3avl,4.18,2011-2019,2012
5ct7,7.15,2011-2019,2015
5b5b,9.37,2011-2019,2016
3ukr,4.92,2011-2019,2013
4jaj,5.26,2011-2019,2013
4dv9,6.72,2011-2019,2013
2y2i,4.59,2011-2019,2011
4ty6,7.52,2011-2019,2014
5qj3,7.62,2011-2019,2019
4gmy,7.55,2011-2019,2013
5adq,5.7,2011-2019,2016
5one,7.28,2011-2019,2017
4w5a,3.77,2011-2019,2015
4r73,7.64,2011-2019,2015
4hpy,9.92,2011-2019,2013
6afe,5.36,2011-2019,2018
4m6u,2.74,2011-2019,2014
4r0a,4.26,2011-2019,2015
4zt7,8.0,2011-2019,2016
3s0o,4.48,2011-2019,2012
4f3c,11.82,2011-2019,2013
4emr,7.49,2011-2019,2012
5ou1,6.07,2011-2019,2018
6qae,8.52,2011-2019,2019
5hls,7.41,2011-2019,2016
3svv,6.94,2011-2019,2011
4b83,5.15,2011-2019,2013
3tv5,5.32,2011-2019,2011
4zpg,7.26,2011-2019,2015
3w2t,7.53,2011-2019,2013
6m8d,5.14,2011-2019,2019
5hzx,8.55,2011-2019,2016
4arb,5.89,2011-2019,2012
4ppc,9.03,2011-2019,2014
3qd4,8.2,2011-2019,2011
5dyy,7.24,2011-2019,2017
6ffe,6.1,2011-2019,2019
6axq,4.0,2011-2019,2018
4b77,5.1,2011-2019,2013
6h33,9.22,2011-2019,2018
4lp9,6.21,2011-2019,2014
4dy6,4.4,2011-2019,2012
5vfn,3.52,2011-2019,2017
4lhv,10.0,2011-2019,2013
4clb,6.55,2011-2019,2014
4to8,1.24,2011-2019,2014
5igm,7.38,2011-2019,2016
5qtt,8.47,2011-2019,2019
4cc7,4.33,2011-2019,2013
4j21,7.41,2011-2019,2013
5za2,5.77,2011-2019,2018
5inh,6.0,2011-2019,2017
4b7r,9.64,2011-2019,2012
3apc,7.44,2011-2019,2011
6ema,4.53,2011-2019,2018
5hlb,4.01,2011-2019,2016
4nh8,8.52,2011-2019,2014
4oba,9.4,2011-2019,2014
3zps,8.3,2011-2019,2013
4cwp,6.77,2011-2019,2014
3m6p,8.35,2011-2019,2011
5d45,6.92,2011-2019,2016
4pzh,8.0,2011-2019,2015
6me1,7.92,2011-2019,2019
6ajg,5.78,2011-2019,2018
5d3t,4.92,2011-2019,2016
6hmp,6.86,2011-2019,2019
6jn3,5.16,2011-2019,2019
5k32,8.8,2011-2019,2017
6ayh,5.57,2011-2019,2017
6h7u,1.98,2011-2019,2018
6fvn,5.3,2011-2019,2019
5zwe,8.96,2011-2019,2018
5wi1,5.0,2011-2019,2018
5cal,7.66,2011-2019,2015
5tdr,4.54,2011-2019,2016
5ieo,7.0,2011-2019,2017
4m0e,6.22,2011-2019,2013
5cf5,8.6,2011-2019,2015
5tqf,8.3,2011-2019,2017
4qf7,8.6,2011-2019,2014
4qvp,6.05,2011-2019,2015
3qk5,7.74,2011-2019,2011
6oxs,9.96,2011-2019,2019
6euc,3.77,2011-2019,2018
5dl1,5.0,2011-2019,2015
4b72,6.2,2011-2019,2013
5y9l,5.72,2011-2019,2017
5qar,3.77,2011-2019,2018
5afl,3.4,2011-2019,2015
5jn8,7.3,2011-2019,2017
5ox5,5.59,2011-2019,2017
3uzp,7.89,2011-2019,2012
6gfx,7.92,2011-2019,2018
5v40,5.8,2011-2019,2017
5l8o,3.38,2011-2019,2016
3umx,6.62,2011-2019,2012
5fp0,7.77,2011-2019,2016
4tvj,7.91,2011-2019,2015
5tg1,5.82,2011-2019,2017
4c7t,6.4,2011-2019,2014
6gva,8.22,2011-2019,2019
4ir5,6.21,2011-2019,2013
3unn,4.4,2011-2019,2012
5npd,7.42,2011-2019,2017
3ozp,6.62,2011-2019,2011
5b56,4.54,2011-2019,2016
3zj6,6.66,2011-2019,2014
5l2z,10.22,2011-2019,2016
4dkt,4.8,2011-2019,2012
4dei,9.0,2011-2019,2012
5hdz,7.35,2011-2019,2016
5ylt,6.39,2011-2019,2018
4n00,8.02,2011-2019,2014
3ozs,5.33,2011-2019,2011
5y7w,7.7,2011-2019,2017
5dlz,5.74,2011-2019,2016
5ivv,6.35,2011-2019,2016
5k0s,8.22,2011-2019,2016
6qlt,4.04,2011-2019,2019
5a14,7.3,2011-2019,2015
5tkb,7.89,2011-2019,2016
5afm,4.15,2011-2019,2015
5u5t,5.41,2011-2019,2017
6cct,4.14,2011-2019,2018
5dit,6.15,2011-2019,2015
3v7t,7.21,2011-2019,2012
4dzw,7.89,2011-2019,2013
6cck,7.43,2011-2019,2018
4dus,8.3,2011-2019,2012
4fgy,6.3,2011-2019,2013
4an0,10.7,2011-2019,2012
6am8,4.89,2011-2019,2018
2yex,10.0,2011-2019,2012
6mqe,11.29,2011-2019,2019
4m3e,6.25,2011-2019,2014
4jfx,6.44,2011-2019,2013
3r42,4.08,2011-2019,2011
6biv,6.52,2011-2019,2018
3uvm,7.52,2011-2019,2011
4u0s,6.8,2011-2019,2014
4az2,7.33,2011-2019,2012
5cqx,5.33,2011-2019,2016
5cf4,7.4,2011-2019,2015
5hlm,5.9,2011-2019,2017
4el0,4.49,2011-2019,2012
4k69,7.4,2011-2019,2013
5vad,9.12,2011-2019,2017
5csw,8.4,2011-2019,2016
4x8t,2.05,2011-2019,2015
6b5a,7.94,2011-2019,2018
3wka,4.54,2011-2019,2014
5aqj,2.68,2011-2019,2016
5l17,9.3,2011-2019,2017
5gso,6.96,2011-2019,2017
4rab,7.4,2011-2019,2015
6skb,7.7,2011-2019,2019
5wzt,6.66,2011-2019,2018
5jjs,7.32,2011-2019,2016
5mri,4.4,2011-2019,2017
3u8d,6.33,2011-2019,2012
5oha,4.89,2011-2019,2018
2n9e,5.05,2011-2019,2016
5eok,3.49,2011-2019,2016
5uox,8.3,2011-2019,2017
4km0,6.04,2011-2019,2013
3zt2,2.84,2011-2019,2012
6qmk,7.46,2011-2019,2019
3ntp,4.92,2011-2019,2012
3vfa,9.19,2011-2019,2012
3tic,8.87,2011-2019,2011
4eo4,6.35,2011-2019,2012
6hwv,7.08,2011-2019,2019
4y4v,3.65,2011-2019,2015
5lm6,5.11,2011-2019,2017
4llx,2.89,2011-2019,2014
4mnp,7.34,2011-2019,2014
4oc5,7.07,2011-2019,2014
4y73,9.52,2011-2019,2015
2y67,3.53,2011-2019,2011
5izf,9.74,2011-2019,2016
5yjb,7.54,2011-2019,2018
3s72,6.4,2011-2019,2011
4onf,8.92,2011-2019,2014
5o87,6.61,2011-2019,2018
4z6h,6.21,2011-2019,2015
5kap,4.23,2011-2019,2016
5uey,8.29,2011-2019,2017
5dv4,2.47,2011-2019,2016
4oho,7.77,2011-2019,2014
5ory,3.45,2011-2019,2017
5aer,4.4,2011-2019,2015
4k75,4.25,2011-2019,2014
4mjp,3.88,2011-2019,2013
6d4r,5.96,2011-2019,2019
4q9o,5.77,2011-2019,2014
5n0f,6.05,2011-2019,2017
4flh,9.0,2011-2019,2012
4ym4,4.47,2011-2019,2015
3rkb,6.42,2011-2019,2012
4mg6,5.62,2011-2019,2014
4eym,4.01,2011-2019,2012
5c1w,5.06,2011-2019,2015
6p5o,4.54,2011-2019,2019
6b5j,7.1,2011-2019,2018
3vhk,4.6,2011-2019,2012
3v7x,8.57,2011-2019,2012
3pj2,5.14,2011-2019,2011
5ygd,7.27,2011-2019,2018
4x1q,5.3,2011-2019,2015
3q44,6.31,2011-2019,2011
4os4,4.87,2011-2019,2014
4gh6,7.68,2011-2019,2012
5c13,6.1,2011-2019,2015
4pee,8.32,2011-2019,2014
4u54,2.06,2011-2019,2015
5c42,8.72,2011-2019,2015
6at0,4.04,2011-2019,2017
4nwk,8.7,2011-2019,2014
5vfc,9.05,2011-2019,2017
5i8g,7.52,2011-2019,2016
5u94,7.19,2011-2019,2017
3u7s,8.43,2011-2019,2012
5j8z,8.3,2011-2019,2016
6cms,5.82,2011-2019,2018
4ej2,2.49,2011-2019,2012
5eqq,8.17,2011-2019,2016
5ka1,4.48,2011-2019,2017
4r4i,6.27,2011-2019,2014
3zo1,6.0,2011-2019,2013
6fyz,7.41,2011-2019,2018
6gub,7.64,2011-2019,2018
4bhz,4.27,2011-2019,2013
4drp,5.41,2011-2019,2012
4io7,3.68,2011-2019,2013
4yym,3.62,2011-2019,2015
4rrv,7.4,2011-2019,2014
3ua9,7.25,2011-2019,2012
6m9d,7.35,2011-2019,2018
4n1u,8.3,2011-2019,2014
5ugd,6.62,2011-2019,2017
5hg9,7.46,2011-2019,2016
4mzj,5.8,2011-2019,2013
4dew,7.0,2011-2019,2012
4au7,4.76,2011-2019,2013
5jr2,7.57,2011-2019,2016
4ejn,8.3,2011-2019,2012
4abb,4.51,2011-2019,2012
4mcd,5.33,2011-2019,2013
6ghv,4.28,2011-2019,2019
3at3,8.04,2011-2019,2011
5emk,7.89,2011-2019,2016
6oxr,10.32,2011-2019,2019
5fnu,8.89,2011-2019,2016
4lqg,8.89,2011-2019,2014
3wcf,7.28,2011-2019,2014
5v8v,8.89,2011-2019,2017
5nps,5.89,2011-2019,2018
3uix,6.82,2011-2019,2012
6aak,9.15,2011-2019,2018
5i2z,7.14,2011-2019,2016
6q3z,7.36,2011-2019,2019
5azf,4.44,2011-2019,2015
4dwk,6.22,2011-2019,2013
5ehv,3.08,2011-2019,2016
4x6m,8.24,2011-2019,2015
5yjy,6.94,2011-2019,2018
6ibz,7.66,2011-2019,2019
4aza,6.99,2011-2019,2012
4q9y,5.68,2011-2019,2015
6g85,5.21,2011-2019,2018
5cls,6.66,2011-2019,2016
6n3x,5.09,2011-2019,2019
6eog,5.8,2011-2019,2018
4k3r,3.59,2011-2019,2013
5kqy,9.29,2011-2019,2016
4p2t,5.43,2011-2019,2014
5wxg,3.86,2011-2019,2017
6ipl,3.82,2011-2019,2019
3ttp,9.12,2011-2019,2012
6h4o,6.89,2011-2019,2019
3ms4,3.28,2011-2019,2011
4o3t,4.37,2011-2019,2014
4oex,5.84,2011-2019,2015
4ezy,5.65,2011-2019,2013
5vom,6.1,2011-2019,2017
6nlj,4.82,2011-2019,2019
6mo0,6.23,2011-2019,2019
5aan,4.15,2011-2019,2017
5w4e,6.46,2011-2019,2018
2mwo,4.7,2011-2019,2014
4aa7,5.7,2011-2019,2012
4mrz,3.52,2011-2019,2014
5isz,4.49,2011-2019,2017
6mlf,4.28,2011-2019,2019
5n20,4.21,2011-2019,2017
4x63,6.77,2011-2019,2015
2llo,5.82,2011-2019,2012
5ml6,9.45,2011-2019,2017
4u45,8.0,2011-2019,2014
6fsd,4.24,2011-2019,2018
5tza,9.0,2011-2019,2017
4zx3,7.19,2011-2019,2016
4mwx,7.12,2011-2019,2013
5flo,3.15,2011-2019,2016
5he7,8.3,2011-2019,2016
4el5,5.37,2011-2019,2012
5m2q,7.52,2011-2019,2017
3tza,5.5,2011-2019,2011
3r91,7.04,2011-2019,2011
6dxg,4.85,2011-2019,2018
6g4z,9.77,2011-2019,2018
5brn,6.3,2011-2019,2015
5os4,2.78,2011-2019,2017
4ykn,8.0,2011-2019,2015
3wnr,6.28,2011-2019,2014
5f00,6.6,2011-2019,2016
5t2m,9.2,2011-2019,2017
6j81,6.29,2011-2019,2019
4y5h,7.82,2011-2019,2015
4ipi,5.32,2011-2019,2013
3rse,7.0,2011-2019,2011
4bbf,8.66,2011-2019,2012
4w50,5.85,2011-2019,2014
4kin,8.32,2011-2019,2013
5wzw,5.91,2011-2019,2018
6nrj,7.44,2011-2019,2019
3u1i,5.25,2011-2019,2011
6jno,6.63,2011-2019,2019
6f6n,3.02,2011-2019,2018
4fe9,3.0,2011-2019,2012
4g9c,8.64,2011-2019,2012
5tci,6.88,2011-2019,2017
4bnx,7.7,2011-2019,2013
3nfk,3.8,2011-2019,2011
6hzc,8.93,2011-2019,2019
5ove,6.35,2011-2019,2019
6b1f,8.72,2011-2019,2018
4lnw,7.04,2011-2019,2014
4ce2,3.84,2011-2019,2014
5lxd,8.5,2011-2019,2016
3zn1,4.54,2011-2019,2013
6cyd,8.7,2011-2019,2018
3vsw,6.89,2011-2019,2012
6chp,10.12,2011-2019,2018
5lrg,8.82,2011-2019,2016
6ckr,7.3,2011-2019,2018
4xjr,5.32,2011-2019,2015
3pb9,6.58,2011-2019,2011
4av0,6.98,2011-2019,2012
5qam,4.0,2011-2019,2018
3pwd,6.66,2011-2019,2011
6g28,3.64,2011-2019,2018
3suf,7.56,2011-2019,2012
6qr4,6.23,2011-2019,2019
4ede,7.38,2011-2019,2012
4tlr,8.52,2011-2019,2014
4dgb,3.89,2011-2019,2012
3ldq,5.36,2011-2019,2011
6h4p,6.99,2011-2019,2019
5w7u,8.05,2011-2019,2017
6qyn,7.62,2011-2019,2019
3sm1,5.84,2011-2019,2011
6b7a,4.49,2011-2019,2017
6hq3,6.11,2011-2019,2019
5zcu,5.67,2011-2019,2019
5kv9,5.85,2011-2019,2017
5n2x,6.06,2011-2019,2017
5y7z,7.81,2011-2019,2018
6ijl,7.93,2011-2019,2019
6nzf,9.04,2011-2019,2019
4d2r,5.48,2011-2019,2015
5a4q,5.54,2011-2019,2016
6bvb,6.71,2011-2019,2018
3zmt,4.55,2011-2019,2013
6os6,5.96,2011-2019,2019
6jij,6.64,2011-2019,2019
5eay,4.47,2011-2019,2015
4cfm,4.74,2011-2019,2014
6bid,5.54,2011-2019,2018
6gw1,5.14,2011-2019,2018
4bqy,5.96,2011-2019,2013
4na9,7.39,2011-2019,2014
6e59,8.67,2011-2019,2018
5i7x,7.28,2011-2019,2016
3vyf,8.8,2011-2019,2012
3ztd,4.02,2011-2019,2012
4h3f,9.0,2011-2019,2012
5een,8.96,2011-2019,2016
5qik,7.66,2011-2019,2018
4pl4,5.27,2011-2019,2014
5mim,7.34,2011-2019,2017
4zph,7.51,2011-2019,2015
5u2e,6.56,2011-2019,2017
5q0f,9.89,2011-2019,2017
2xwe,6.02,2011-2019,2011
4cr5,4.15,2011-2019,2015
4q6r,6.68,2011-2019,2014
4b33,3.37,2011-2019,2013
5o1g,3.94,2011-2019,2018
3tnh,6.46,2011-2019,2012
6kmj,4.79,2011-2019,2019
6d49,3.93,2011-2019,2019
6aum,9.1,2011-2019,2018
4alg,6.3,2011-2019,2012
4j08,6.66,2011-2019,2013
4frj,6.55,2011-2019,2012
4der,6.31,2011-2019,2012
4ztn,7.72,2011-2019,2015
6rj2,7.0,2011-2019,2019
5hk2,8.59,2011-2019,2016
5muc,6.04,2011-2019,2018
6a30,4.89,2011-2019,2019
4mzo,6.57,2011-2019,2014
6jbe,4.7,2011-2019,2019
4fyh,4.85,2011-2019,2013
5tcy,7.66,2011-2019,2017
5w12,7.28,2011-2019,2017
5ntk,8.01,2011-2019,2017
4pio,5.7,2011-2019,2014
5nk2,6.74,2011-2019,2017
4dxg,7.06,2011-2019,2012
5a83,6.8,2011-2019,2015
6fe5,9.3,2011-2019,2019
5ali,7.07,2011-2019,2015
5zz4,9.17,2011-2019,2018
2y1d,6.82,2011-2019,2011
4awg,5.96,2011-2019,2012
4oaz,5.77,2011-2019,2014
4k5o,3.98,2011-2019,2013
4ok5,4.51,2011-2019,2014
5x54,5.0,2011-2019,2017
4q87,4.85,2011-2019,2015
4lqy,3.89,2011-2019,2013
3s9z,6.22,2011-2019,2012
3ud9,4.67,2011-2019,2012
6f08,5.39,2011-2019,2018
6n0j,5.37,2011-2019,2019
6qzh,8.52,2011-2019,2019
6e2n,7.9,2011-2019,2018
4u82,5.72,2011-2019,2015
4odm,6.07,2011-2019,2015
6asz,4.72,2011-2019,2017
4pjt,9.24,2011-2019,2014
4g0y,2.3,2011-2019,2012
6ge0,8.68,2011-2019,2018
6fu5,7.5,2011-2019,2018
5nqr,7.15,2011-2019,2018
3zsy,3.23,2011-2019,2012
3pz4,8.22,2011-2019,2011
3tkh,7.33,2011-2019,2012
4z2l,5.85,2011-2019,2015
4kne,5.9,2011-2019,2013
5ogl,4.31,2011-2019,2017
4csd,5.91,2011-2019,2014
3rcj,6.1,2011-2019,2011
6n94,4.7,2011-2019,2019
5j79,8.52,2011-2019,2016
4kql,8.77,2011-2019,2014
5ose,3.17,2011-2019,2017
4e4l,8.77,2011-2019,2012
3ppk,8.85,2011-2019,2011
6s88,6.17,2011-2019,2019
6ftz,3.0,2011-2019,2018
6hor,4.18,2011-2019,2019
4yw2,2.8,2011-2019,2015
5zhj,5.0,2011-2019,2019
3qs8,4.74,2011-2019,2012
3v2p,6.36,2011-2019,2013
6boe,5.54,2011-2019,2018
4btb,5.01,2011-2019,2013
3q3t,7.43,2011-2019,2011
4pd6,4.44,2011-2019,2014
5q1g,3.58,2011-2019,2017
4c0r,4.91,2011-2019,2013
4zx6,5.27,2011-2019,2016
5lvd,2.62,2011-2019,2017
4qxt,7.8,2011-2019,2015
3pma,5.4,2011-2019,2011
6cvd,4.0,2011-2019,2018
2mlm,5.21,2011-2019,2014
2xp6,4.7,2011-2019,2011
3vjc,7.72,2011-2019,2012
5iz8,5.62,2011-2019,2017
5aaa,9.42,2011-2019,2016
4djp,10.55,2011-2019,2012
3rv9,4.92,2011-2019,2012
4lys,4.34,2011-2019,2014
5e1s,7.92,2011-2019,2015
4tw9,7.7,2011-2019,2014
6hzx,8.38,2011-2019,2019
5fnc,4.11,2011-2019,2016
4uv9,6.01,2011-2019,2014
3wf8,6.63,2011-2019,2014
5ejv,6.69,2011-2019,2016
4rs0,6.0,2011-2019,2015
6oou,11.3,2011-2019,2019
6h9v,0.66,2011-2019,2019
4psh,8.89,2011-2019,2014
5fot,3.17,2011-2019,2016
5u8a,7.89,2011-2019,2017
4qz2,5.21,2011-2019,2015
4a50,7.91,2011-2019,2012
4g55,4.92,2011-2019,2012
5ijj,6.55,2011-2019,2016
4yay,8.54,2011-2019,2015
5wfj,8.89,2011-2019,2017
5hdu,9.0,2011-2019,2016
3suw,4.7,2011-2019,2012
6d5e,6.85,2011-2019,2018
4gs8,7.0,2011-2019,2013
6fqu,5.66,2011-2019,2018
6qef,7.22,2011-2019,2019
3rlp,7.08,2011-2019,2011
4hzz,8.08,2011-2019,2013
4l6t,7.49,2011-2019,2013
5uk8,6.4,2011-2019,2017
5f6v,2.24,2011-2019,2016
5bpe,5.95,2011-2019,2015
3uib,6.8,2011-2019,2012
3ucj,6.0,2011-2019,2011
4i9r,6.95,2011-2019,2013
5nhf,9.49,2011-2019,2017
5o9r,5.39,2011-2019,2018
4iti,6.36,2011-2019,2013
5jap,6.64,2011-2019,2016
5ku9,5.83,2011-2019,2017
3s3n,7.06,2011-2019,2011
3zll,6.4,2011-2019,2013
6gwe,7.38,2011-2019,2019
3thd,4.05,2011-2019,2011
4x3u,5.09,2011-2019,2015
6pg7,4.66,2011-2019,2019
6ekq,5.46,2011-2019,2018
5dms,4.53,2011-2019,2015
4prh,4.6,2011-2019,2014
4poh,8.0,2011-2019,2014
6imr,5.37,2011-2019,2019
4fzc,8.4,2011-2019,2012
6npe,6.3,2011-2019,2019
5km1,6.18,2011-2019,2017
2l75,6.05,2011-2019,2011
6hgs,3.77,2011-2019,2019
4o2f,6.41,2011-2019,2014
4abf,4.62,2011-2019,2012
5od5,7.74,2011-2019,2018
6dgx,11.3,2011-2019,2018
2y71,7.37,2011-2019,2011
4gly,5.11,2011-2019,2013
3pxf,4.43,2011-2019,2011
6en5,7.94,2011-2019,2017
6nco,4.52,2011-2019,2019
5cbr,5.74,2011-2019,2015
6afl,7.0,2011-2019,2018
4kif,4.84,2011-2019,2014
6peu,5.89,2011-2019,2019
4fxy,7.54,2011-2019,2013
5ok6,5.05,2011-2019,2018
4occ,8.7,2011-2019,2014
4o4y,7.81,2011-2019,2014
6n9p,8.4,2011-2019,2019
6eku,4.28,2011-2019,2017
3r02,9.0,2011-2019,2011
3s3o,7.57,2011-2019,2011
5v3h,8.3,2011-2019,2018
3slz,6.99,2011-2019,2011
4ivc,10.0,2011-2019,2013
6dyo,4.49,2011-2019,2019
5cs6,3.2,2011-2019,2016
4q09,8.17,2011-2019,2015
5lt6,5.41,2011-2019,2016
5g2n,7.03,2011-2019,2016
5yum,3.65,2011-2019,2018
4o7c,5.0,2011-2019,2014
5oy3,4.15,2011-2019,2017
5iu8,7.74,2011-2019,2016
4e6d,8.92,2011-2019,2012
4nwm,8.1,2011-2019,2014
3su5,5.58,2011-2019,2012
4rh5,6.9,2011-2019,2015
5hm0,6.36,2011-2019,2016
6f7q,8.96,2011-2019,2018
6nrg,7.25,2011-2019,2019
4mvn,5.46,2011-2019,2014
3qk0,8.7,2011-2019,2011
3o75,6.68,2011-2019,2011
3v8w,8.07,2011-2019,2012
2ybs,4.59,2011-2019,2011
3v49,8.02,2011-2019,2012
4djr,11.52,2011-2019,2012
5n8j,5.54,2011-2019,2017
5e8a,7.47,2011-2019,2016
4m7x,4.8,2011-2019,2014
3upk,4.3,2011-2019,2012
4fl3,3.82,2011-2019,2012
6c7f,9.62,2011-2019,2018
4hgs,8.3,2011-2019,2012
4wup,9.82,2011-2019,2015
5wbm,4.7,2011-2019,2017
4qwj,5.77,2011-2019,2015
4dhn,3.89,2011-2019,2013
4y63,3.58,2011-2019,2015
5uga,6.79,2011-2019,2017
6ouv,5.55,2011-2019,2019
5t6f,5.8,2011-2019,2016
4fod,8.92,2011-2019,2012
3tjh,5.41,2011-2019,2011
5kww,8.13,2011-2019,2017
5ofi,4.2,2011-2019,2017
5njx,4.15,2011-2019,2017
4g2l,7.49,2011-2019,2013
5edi,9.52,2011-2019,2016
5eto,5.57,2011-2019,2016
6p9e,7.17,2011-2019,2019
6gl9,6.87,2011-2019,2018
5aqt,3.51,2011-2019,2016
3w54,9.7,2011-2019,2013
4aqh,6.54,2011-2019,2012
4dfl,6.17,2011-2019,2012
6qxd,6.02,2011-2019,2019
5zqr,7.97,2011-2019,2019
5qah,3.84,2011-2019,2018
5luu,5.06,2011-2019,2016
5dp9,6.08,2011-2019,2016
6dcg,8.15,2011-2019,2018
4odf,10.0,2011-2019,2014
4xuc,5.96,2011-2019,2015
4lwc,6.72,2011-2019,2013
5dxh,9.0,2011-2019,2016
5of0,8.63,2011-2019,2018
5o9p,5.09,2011-2019,2018
6n5c,6.43,2011-2019,2019
6dkp,7.44,2011-2019,2019
3r7o,8.36,2011-2019,2012
5ytu,4.92,2011-2019,2018
5vdw,4.0,2011-2019,2017
5wjj,6.62,2011-2019,2018
5f3c,6.05,2011-2019,2016
5t2t,6.29,2011-2019,2017
6o4w,8.47,2011-2019,2019
6ej2,7.8,2011-2019,2018
6o0h,8.15,2011-2019,2019
6g8q,4.72,2011-2019,2019
5mgx,5.59,2011-2019,2017
5vgi,6.98,2011-2019,2017
5tho,7.64,2011-2019,2017
6qmr,7.92,2011-2019,2019
4py1,7.19,2011-2019,2014
5tbp,5.18,2011-2019,2017
6dyu,10.26,2011-2019,2019
2ylc,7.89,2011-2019,2011
4g0a,7.6,2011-2019,2012
3twx,5.26,2011-2019,2011
3t6j,6.36,2011-2019,2012
5mrh,4.2,2011-2019,2017
4m48,6.81,2011-2019,2013
4ojr,7.42,2011-2019,2014
3peq,7.5,2011-2019,2011
6hmt,7.04,2011-2019,2019
6udu,9.3,2011-2019,2019
5n0d,8.48,2011-2019,2017
5dls,8.36,2011-2019,2015
4o0t,5.54,2011-2019,2014
4cwq,7.06,2011-2019,2014
4qt1,8.15,2011-2019,2015
5hbj,8.64,2011-2019,2016
6bhe,4.62,2011-2019,2017
4d1a,4.72,2011-2019,2014
4edy,5.83,2011-2019,2012
6epa,5.95,2011-2019,2018
4wbo,4.2,2011-2019,2014
6ajr,4.31,2011-2019,2019
6aps,6.66,2011-2019,2018
5nwk,6.57,2011-2019,2017
5kx8,7.42,2011-2019,2016
4rfr,6.54,2011-2019,2016
5cei,8.28,2011-2019,2016
4d2d,3.47,2011-2019,2014
4xsy,5.3,2011-2019,2015
4uj9,8.7,2011-2019,2016
4etz,6.3,2011-2019,2012
2ltx,5.39,2011-2019,2012
5ggn,3.66,2011-2019,2016
4pnr,6.34,2011-2019,2014
6dgt,7.38,2011-2019,2018
4c1m,7.8,2011-2019,2013
2ym4,5.82,2011-2019,2012
4gfn,8.3,2011-2019,2013
4rra,4.87,2011-2019,2015
5w88,4.52,2011-2019,2017
3zvv,3.04,2011-2019,2011
5byi,7.51,2011-2019,2015
4l0s,6.84,2011-2019,2013
4jvj,7.66,2011-2019,2014
4jrg,6.71,2011-2019,2013
3su3,9.13,2011-2019,2012
4yht,9.22,2011-2019,2016
4gny,4.22,2011-2019,2013
5h4j,6.89,2011-2019,2017
4jg6,6.44,2011-2019,2013
4ggl,9.0,2011-2019,2013
4bdj,5.14,2011-2019,2013
4erf,9.4,2011-2019,2012
3r1v,6.92,2011-2019,2011
5l2i,7.4,2011-2019,2016
4fjz,6.29,2011-2019,2012
5wo4,10.0,2011-2019,2017
4ghi,7.09,2011-2019,2013
4j1e,7.72,2011-2019,2013
4ixh,8.21,2011-2019,2013
4q7w,2.64,2011-2019,2015
5gtr,7.17,2011-2019,2017
5cte,7.8,2011-2019,2015
6g9d,8.37,2011-2019,2018
6jao,4.86,2011-2019,2019
5kq5,8.05,2011-2019,2016
6hza,9.3,2011-2019,2019
4wk7,7.13,2011-2019,2014
5a4c,8.24,2011-2019,2015
4ivb,8.72,2011-2019,2013
5wad,8.11,2011-2019,2017
4g0l,5.19,2011-2019,2012
6o7g,5.96,2011-2019,2019
6mqc,8.28,2011-2019,2019
4mm9,5.68,2011-2019,2013
6bjo,6.29,2011-2019,2018
4zba,5.51,2011-2019,2015
5n53,2.55,2011-2019,2017
6phz,3.46,2011-2019,2019
5buj,8.3,2011-2019,2015
6e3s,6.78,2011-2019,2019
3ru1,4.85,2011-2019,2011
4jln,7.78,2011-2019,2014
5ovf,6.85,2011-2019,2019
6e49,4.72,2011-2019,2018
5zjy,8.18,2011-2019,2019
5lo6,7.27,2011-2019,2017
5i9i,7.3,2011-2019,2016
6ayo,8.29,2011-2019,2018
4gq6,7.28,2011-2019,2012
4xmb,7.36,2011-2019,2015
5ivc,5.92,2011-2019,2016
3wi6,5.33,2011-2019,2013
4jps,8.3,2011-2019,2014
2ynr,5.77,2011-2019,2013
3qsb,5.08,2011-2019,2011
5qaq,3.54,2011-2019,2018
5l2o,6.12,2011-2019,2017
3pn4,6.85,2011-2019,2011
6d3q,8.47,2011-2019,2019
6q5b,5.89,2011-2019,2019
5djr,4.86,2011-2019,2015
5nzp,2.19,2011-2019,2017
5mnr,5.46,2011-2019,2017
4ys7,9.0,2011-2019,2015
3sfc,8.52,2011-2019,2011
4pb1,2.82,2011-2019,2014
5ngu,7.44,2011-2019,2017
3rwj,7.8,2011-2019,2012
6mlh,3.67,2011-2019,2019
5cgd,9.3,2011-2019,2015
5vd3,5.55,2011-2019,2017
3ogq,7.52,2011-2019,2011
5htz,8.62,2011-2019,2016
4kom,7.0,2011-2019,2013
6plf,6.67,2011-2019,2019
3rde,7.46,2011-2019,2012
4cl9,7.3,2011-2019,2014
5k0m,8.82,2011-2019,2017
5jiq,5.4,2011-2019,2016
4frs,8.77,2011-2019,2012
4b7p,9.46,2011-2019,2013
4l0v,6.63,2011-2019,2013
5lmk,7.43,2011-2019,2017
6h0u,6.77,2011-2019,2019
4gts,7.89,2011-2019,2012
5hvy,7.76,2011-2019,2016
6ppy,4.44,2011-2019,2019
3rz1,8.74,2011-2019,2011
4e3d,2.3,2011-2019,2012
4oz3,4.55,2011-2019,2014
2y4m,6.46,2011-2019,2011
3b27,5.16,2011-2019,2011
3vx3,7.82,2011-2019,2013
6qr1,5.07,2011-2019,2019
6grp,5.48,2011-2019,2018
5mo2,3.84,2011-2019,2018
6r0k,7.92,2011-2019,2019
5xig,6.38,2011-2019,2018
5ai9,6.61,2011-2019,2015
4d83,7.26,2011-2019,2012
5cs5,1.58,2011-2019,2015
5ot9,4.07,2011-2019,2017
5lsx,5.92,2011-2019,2016
4b6p,7.13,2011-2019,2012
3tiy,4.77,2011-2019,2012
5fso,6.09,2011-2019,2017
6p8a,3.59,2011-2019,2019
5hka,6.46,2011-2019,2016
5tpx,6.55,2011-2019,2017
3mtb,4.63,2011-2019,2011
6bh5,6.6,2011-2019,2018
5uv5,7.7,2011-2019,2017
4bjc,7.85,2011-2019,2013
3rdh,5.03,2011-2019,2011
5ylj,3.86,2011-2019,2018
2lk1,4.09,2011-2019,2011
4yyi,4.19,2011-2019,2015
5lhi,8.11,2011-2019,2017
6qr0,6.92,2011-2019,2019
3wsy,6.36,2011-2019,2015
4us3,5.32,2011-2019,2014
4puj,7.46,2011-2019,2014
6n4e,8.0,2011-2019,2019
2y8q,5.82,2011-2019,2011
6eww,5.05,2011-2019,2017
5ovp,5.04,2011-2019,2018
5tpc,3.0,2011-2019,2017
6cyc,7.85,2011-2019,2018
4hpi,4.85,2011-2019,2013
4i7m,4.14,2011-2019,2013
4gtq,8.3,2011-2019,2012
6fnx,4.9,2011-2019,2018
5ult,10.85,2011-2019,2017
4ezr,5.2,2011-2019,2013
4e1n,7.17,2011-2019,2012
4q1b,8.72,2011-2019,2015
6i8l,6.41,2011-2019,2018
4l31,6.79,2011-2019,2013
4qz3,5.51,2011-2019,2015
5itf,5.74,2011-2019,2016
4uac,6.54,2011-2019,2014
6hd4,8.64,2011-2019,2018
3rxp,2.08,2011-2019,2011
6ht8,6.72,2011-2019,2018
4a9c,4.61,2011-2019,2012
6ela,7.59,2011-2019,2018
4wf2,8.1,2011-2019,2014
5cqu,6.54,2011-2019,2015
3twr,5.19,2011-2019,2011
4rio,9.0,2011-2019,2014
5a5p,4.0,2011-2019,2015
3zrk,6.89,2011-2019,2011
6hvi,6.42,2011-2019,2018
5avi,6.06,2011-2019,2015
4yat,5.03,2011-2019,2015
5sz6,7.0,2011-2019,2016
6qlu,4.64,2011-2019,2019
4jpy,4.43,2011-2019,2013
5ur1,8.97,2011-2019,2017
4b7n,8.78,2011-2019,2012
5xyf,5.98,2011-2019,2017
5yhe,6.69,2011-2019,2018
4odl,6.95,2011-2019,2015
5tv1,7.24,2011-2019,2017
6gjr,3.74,2011-2019,2018
6n87,5.66,2011-2019,2019
3vd7,4.48,2011-2019,2012
3p55,7.1,2011-2019,2011
5yr5,6.74,2011-2019,2018
3shv,6.66,2011-2019,2011
4j5d,5.96,2011-2019,2014
3udk,4.49,2011-2019,2012
5n70,8.52,2011-2019,2017
3ao4,2.07,2011-2019,2011
4gui,3.64,2011-2019,2012
5dhu,6.3,2011-2019,2016
6gn1,8.0,2011-2019,2018
4kc4,3.23,2011-2019,2013
4m5o,6.42,2011-2019,2013
5uq9,6.15,2011-2019,2018
5c1x,5.75,2011-2019,2016
5v1y,8.15,2011-2019,2017
6ea1,6.59,2011-2019,2018
4exz,7.54,2011-2019,2012
6hys,5.59,2011-2019,2019
6mbp,5.95,2011-2019,2019
5a8z,7.55,2011-2019,2016
4jls,5.66,2011-2019,2014
4aac,8.17,2011-2019,2012
5z4o,3.28,2011-2019,2018
3vjl,8.25,2011-2019,2012
3zlr,9.26,2011-2019,2013
6g3o,9.24,2011-2019,2018
5nhl,9.52,2011-2019,2017
5d47,7.0,2011-2019,2016
4xkb,6.1,2011-2019,2015
4um3,7.54,2011-2019,2015
5c5t,3.13,2011-2019,2015
3qxd,6.15,2011-2019,2011
4xct,8.17,2011-2019,2015
6ibk,3.29,2011-2019,2019
3tgs,5.39,2011-2019,2012
3rvi,7.96,2011-2019,2011
4lwi,7.64,2011-2019,2014
5znp,4.69,2011-2019,2018
3rwc,8.12,2011-2019,2012
4pra,5.66,2011-2019,2014
5k51,4.8,2011-2019,2016
5cdh,5.37,2011-2019,2016
6hax,7.59,2011-2019,2019
6hgv,5.55,2011-2019,2019
5alo,6.13,2011-2019,2015
4qfn,4.12,2011-2019,2015
4xub,5.97,2011-2019,2015
6ow7,9.0,2011-2019,2019
4x7j,7.39,2011-2019,2015
5if4,9.0,2011-2019,2017
3ap7,3.0,2011-2019,2011
5nqe,6.15,2011-2019,2017
4ge7,8.15,2011-2019,2012
4n8d,4.92,2011-2019,2014
2yk9,5.09,2011-2019,2011
3utu,10.92,2011-2019,2012
3ske,7.77,2011-2019,2011
3v5l,8.15,2011-2019,2012
3u9q,4.38,2011-2019,2011
5j31,6.51,2011-2019,2016
5nf5,6.82,2011-2019,2017
4z8a,4.76,2011-2019,2015
5usz,6.97,2011-2019,2017
5nz2,5.03,2011-2019,2017
5w13,7.66,2011-2019,2017
5b5g,5.25,2011-2019,2017
3mbz,5.8,2011-2019,2011
4zg6,6.33,2011-2019,2015
6pf4,4.8,2011-2019,2019
4ie2,5.35,2011-2019,2013
4z0f,5.77,2011-2019,2016
4jv9,5.74,2011-2019,2013
4wag,7.08,2011-2019,2015
4ynb,10.37,2011-2019,2015
4p1u,8.52,2011-2019,2014
5dhf,5.66,2011-2019,2015
5h21,5.19,2011-2019,2017
5u6j,7.64,2011-2019,2017
5il1,5.82,2011-2019,2016
6gjj,3.7,2011-2019,2018
4ydf,5.1,2011-2019,2016
5axi,3.92,2011-2019,2016
4dcd,5.75,2011-2019,2012
5ts0,7.8,2011-2019,2017
6bgw,6.68,2011-2019,2018
6psb,4.1,2011-2019,2019
5vkc,8.74,2011-2019,2017
4s3e,6.11,2011-2019,2015
5e3d,4.02,2011-2019,2016
3sdi,8.33,2011-2019,2012
4qgh,9.0,2011-2019,2014
5ggz,7.25,2011-2019,2017
6dim,2.14,2011-2019,2019
4i0z,6.33,2011-2019,2013
4fgt,5.41,2011-2019,2013
4gd6,7.38,2011-2019,2013
3p9t,6.2,2011-2019,2011
4aa1,4.12,2011-2019,2012
6apt,6.05,2011-2019,2018
3v6r,6.15,2011-2019,2012
6un3,8.64,2011-2019,2019
5nb7,8.22,2011-2019,2017
5lg3,3.8,2011-2019,2016
4rd6,6.28,2011-2019,2015
5obg,7.13,2011-2019,2018
3t6r,5.66,2011-2019,2011
5zzw,5.51,2011-2019,2018
6b4d,6.11,2011-2019,2018
5l8t,3.55,2011-2019,2016
6eya,7.48,2011-2019,2018
4xv3,7.92,2011-2019,2015
4jzf,6.76,2011-2019,2013
4f39,5.7,2011-2019,2012
3tkz,5.92,2011-2019,2011
5foo,2.62,2011-2019,2016
5zoo,5.65,2011-2019,2018
5jv1,6.07,2011-2019,2017
3wax,7.89,2011-2019,2013
6j8q,5.57,2011-2019,2019
6bfw,6.66,2011-2019,2017
6cz3,7.25,2011-2019,2018
5e0j,5.21,2011-2019,2016
5l6o,8.22,2011-2019,2016
4gii,8.74,2011-2019,2013
4ufh,6.42,2011-2019,2015
2ym6,6.06,2011-2019,2012
6oos,11.3,2011-2019,2019
5eu1,7.81,2011-2019,2016
4twd,5.08,2011-2019,2014
6epz,7.14,2011-2019,2018
3rtf,7.35,2011-2019,2011
6oa1,4.59,2011-2019,2019
5xvg,8.05,2011-2019,2018
4emf,7.08,2011-2019,2012
4ij1,5.4,2011-2019,2013
3ao2,3.77,2011-2019,2011
4ec4,7.6,2011-2019,2012
5jin,5.64,2011-2019,2016
4mra,4.47,2011-2019,2014
3tfu,3.28,2011-2019,2011
4b5s,3.49,2011-2019,2012
6br2,8.72,2011-2019,2018
3uod,7.31,2011-2019,2012
4qjw,7.8,2011-2019,2015
3v1r,7.68,2011-2019,2012
4mk5,6.35,2011-2019,2013
3t07,7.8,2011-2019,2011
4oma,4.17,2011-2019,2014
3okv,6.23,2011-2019,2011
4lxa,8.7,2011-2019,2013
5ivs,8.21,2011-2019,2016
4hl5,6.35,2011-2019,2012
6u8b,6.37,2011-2019,2019
5nr8,6.76,2011-2019,2018
6baw,5.38,2011-2019,2018
6poh,2.71,2011-2019,2019
4rro,7.59,2011-2019,2014
5ajw,6.98,2011-2019,2015
5ddb,7.09,2011-2019,2015
4rao,6.0,2011-2019,2015
2xye,8.34,2011-2019,2011
4g95,7.61,2011-2019,2014
4bae,8.52,2011-2019,2013
4pvo,6.31,2011-2019,2014
4baq,9.01,2011-2019,2013
5nwg,6.18,2011-2019,2018
4o1b,6.41,2011-2019,2014
2m41,5.1,2011-2019,2013
4mw0,7.41,2011-2019,2014
6ckw,9.08,2011-2019,2018
6g07,4.57,2011-2019,2018
4l19,6.1,2011-2019,2014
3opr,6.59,2011-2019,2011
4ezk,8.2,2011-2019,2013
5kpk,8.3,2011-2019,2018
4zwx,8.7,2011-2019,2015
5ota,5.74,2011-2019,2017
4h4d,6.82,2011-2019,2013
3wzq,6.23,2011-2019,2015
5t9w,5.59,2011-2019,2017
4ac3,3.96,2011-2019,2012
6gy1,6.3,2011-2019,2018
4s1g,9.22,2011-2019,2015
4oow,5.37,2011-2019,2014
5f2p,4.43,2011-2019,2016
5jas,5.77,2011-2019,2016
4uwh,8.52,2011-2019,2014
4o2a,5.74,2011-2019,2014
6b5q,8.24,2011-2019,2018
4e5i,5.3,2011-2019,2012
5z1e,8.3,2011-2019,2019
4q9z,7.26,2011-2019,2014
6np2,6.8,2011-2019,2019
4n70,12.0,2011-2019,2013
4eor,6.3,2011-2019,2013
6afg,4.86,2011-2019,2018
3pdq,6.74,2011-2019,2011
5yji,5.3,2011-2019,2018
5i7u,8.77,2011-2019,2016
5mev,7.0,2011-2019,2017
4m3f,5.31,2011-2019,2014
3v5j,7.96,2011-2019,2012
4fcm,3.94,2011-2019,2013
6rj6,8.52,2011-2019,2019
5u13,5.41,2011-2019,2017
4ll3,11.57,2011-2019,2014
5vrp,8.89,2011-2019,2017
3wff,6.18,2011-2019,2013
4x9w,6.85,2011-2019,2015
6bln,8.8,2011-2019,2018
4qsm,7.41,2011-2019,2014
4kao,6.11,2011-2019,2013
6r4v,5.76,2011-2019,2019
5mwy,7.0,2011-2019,2018
5usq,7.0,2011-2019,2017
3mna,7.39,2011-2019,2011
6dif,10.72,2011-2019,2018
3wdz,6.92,2011-2019,2013
5tfx,7.22,2011-2019,2017
5anv,9.3,2011-2019,2016
5m17,3.66,2011-2019,2017
3oy0,8.0,2011-2019,2011
6elo,6.29,2011-2019,2018
3q1x,5.33,2011-2019,2011
2yj9,7.02,2011-2019,2011
5l8y,6.4,2011-2019,2018
5eel,6.08,2011-2019,2016
5hed,4.44,2011-2019,2016
4a51,6.73,2011-2019,2012
5i5x,6.7,2011-2019,2016
3zxh,8.52,2011-2019,2011
4yyn,3.96,2011-2019,2015
5wbp,4.36,2011-2019,2017
5nwh,7.54,2011-2019,2018
6gga,4.85,2011-2019,2019
4c4h,8.22,2011-2019,2013
4bis,5.85,2011-2019,2014
6h96,8.68,2011-2019,2018
5vlr,8.52,2011-2019,2017
4k3l,2.96,2011-2019,2013
5khd,5.6,2011-2019,2016
5i56,7.32,2011-2019,2016
4zyy,8.05,2011-2019,2016
5ep7,5.4,2011-2019,2016
5jnl,6.57,2011-2019,2016
6bcr,5.26,2011-2019,2018
5pzn,7.39,2011-2019,2017
3ryy,7.42,2011-2019,2011
5tcc,5.66,2011-2019,2016
5yyz,4.18,2011-2019,2018
6a9o,5.24,2011-2019,2019
5tq5,7.23,2011-2019,2017
3wyj,6.44,2011-2019,2015
6cnj,8.11,2011-2019,2018
5jv2,4.0,2011-2019,2017
6b1w,7.37,2011-2019,2018
4crj,5.96,2011-2019,2015
6hni,4.03,2011-2019,2019
6f09,5.97,2011-2019,2018
5xvu,4.65,2011-2019,2017
5ggl,1.78,2011-2019,2016
5t6j,4.93,2011-2019,2016
6fyp,6.84,2011-2019,2018
5fdi,7.73,2011-2019,2016
6ntb,5.15,2011-2019,2019
4j93,4.7,2011-2019,2013
4o6w,8.52,2011-2019,2014
5iz9,5.42,2011-2019,2017
5iok,5.02,2011-2019,2016
6hai,7.94,2011-2019,2018
4ow0,6.82,2011-2019,2014
6cki,7.24,2011-2019,2018
5csd,7.89,2011-2019,2016
4c1e,7.14,2011-2019,2014
5opc,4.54,2011-2019,2017
5f1r,6.0,2011-2019,2016
5jek,3.98,2011-2019,2016
4i7l,3.99,2011-2019,2013
4cd8,2.89,2011-2019,2014
4qh8,4.89,2011-2019,2014
4o0j,4.89,2011-2019,2014
5u0d,4.54,2011-2019,2017
4lps,5.74,2011-2019,2013
5a6k,5.95,2011-2019,2015
3asx,7.7,2011-2019,2011
6ior,4.31,2011-2019,2019
3r7q,6.97,2011-2019,2011
6e9a,11.92,2011-2019,2018
5t2b,8.3,2011-2019,2017
4c2v,9.0,2011-2019,2014
4mfe,2.27,2011-2019,2013
5tr6,8.49,2011-2019,2016
6h5w,10.8,2011-2019,2018
4alw,7.57,2011-2019,2013
6jn5,5.15,2011-2019,2019
5ccm,8.4,2011-2019,2015
5o4f,6.68,2011-2019,2017
5al4,6.52,2011-2019,2015
4cxx,5.68,2011-2019,2014
4app,7.19,2011-2019,2012
4f9v,6.03,2011-2019,2012
4hvd,8.85,2011-2019,2013
4waf,5.0,2011-2019,2014
3rti,7.37,2011-2019,2011
5ap0,8.26,2011-2019,2015
5a2s,7.7,2011-2019,2016
4wcf,4.28,2011-2019,2015
4gw1,6.37,2011-2019,2013
5k00,8.15,2011-2019,2017
5hn9,4.3,2011-2019,2016
6g97,8.38,2011-2019,2018
6o9d,8.7,2011-2019,2019
6qxa,5.77,2011-2019,2019
5vih,7.49,2011-2019,2017
5fnd,3.49,2011-2019,2016
5may,6.48,2011-2019,2017
2ybu,6.38,2011-2019,2011
4zsr,4.44,2011-2019,2015
2y81,8.7,2011-2019,2011
5mpn,7.07,2011-2019,2018
6k0j,7.89,2011-2019,2019
5gs4,7.07,2011-2019,2017
4q3r,6.27,2011-2019,2014
6hu0,6.91,2011-2019,2018
4bdk,5.44,2011-2019,2013
3t5u,7.59,2011-2019,2012
5cpr,7.56,2011-2019,2017
4ez3,4.35,2011-2019,2012
5wep,6.36,2011-2019,2018
4lxm,7.06,2011-2019,2013
6eb1,5.33,2011-2019,2019
5y7k,9.18,2011-2019,2019
6n96,5.42,2011-2019,2019
4nga,7.77,2011-2019,2014
4bnv,7.52,2011-2019,2013
6jaw,5.66,2011-2019,2019
4y2s,4.28,2011-2019,2015
4ibm,5.74,2011-2019,2013
5alf,6.69,2011-2019,2015
5x4n,4.17,2011-2019,2017
5jyy,8.1,2011-2019,2016
4y2v,4.04,2011-2019,2015
5uy8,8.3,2011-2019,2018
6prf,8.6,2011-2019,2019
5fut,6.45,2011-2019,2016
4dfn,7.7,2011-2019,2012
5hz5,7.07,2011-2019,2017
4ks5,6.89,2011-2019,2013
3owb,7.72,2011-2019,2011
6qra,6.15,2011-2019,2019
6es0,5.65,2011-2019,2018
5dp6,4.83,2011-2019,2016
4rn1,5.0,2011-2019,2015
4f7n,7.1,2011-2019,2013
4ktc,9.0,2011-2019,2013
5ezh,4.62,2011-2019,2016
4f09,6.7,2011-2019,2012
5aku,6.82,2011-2019,2015
6gu7,5.81,2011-2019,2018
5eng,5.85,2011-2019,2016
6ez6,7.4,2011-2019,2017
5os7,3.69,2011-2019,2018
6b1o,8.51,2011-2019,2017
4lxb,8.15,2011-2019,2014
5lgq,7.05,2011-2019,2017
4j82,4.35,2011-2019,2013
4gqp,9.6,2011-2019,2013
3rxj,3.06,2011-2019,2011
4no6,6.11,2011-2019,2014
5icy,5.06,2011-2019,2016
6q9y,5.43,2011-2019,2019
4zg7,8.7,2011-2019,2015
6mnc,5.8,2011-2019,2019
4bak,8.91,2011-2019,2013
5wa5,6.72,2011-2019,2018
4nxu,5.54,2011-2019,2013
4q3q,5.89,2011-2019,2014
4ke1,8.6,2011-2019,2013
4dq2,7.52,2011-2019,2012
6h2z,9.3,2011-2019,2018
3vid,6.21,2011-2019,2012
5vkm,3.55,2011-2019,2017
3ozr,5.15,2011-2019,2011
6ggg,9.2,2011-2019,2019
6maj,7.47,2011-2019,2019
4oc2,8.28,2011-2019,2014
6of5,5.35,2011-2019,2019
5zhl,6.72,2011-2019,2019
2y76,6.36,2011-2019,2011
4gvm,6.11,2011-2019,2013
4uix,7.3,2011-2019,2015
5ovi,7.68,2011-2019,2019
6cq4,4.85,2011-2019,2018
6d1a,4.35,2011-2019,2019
5cap,7.28,2011-2019,2015
3wmc,6.51,2011-2019,2014
5a2k,6.35,2011-2019,2015
6bl2,7.39,2011-2019,2018
6ajv,5.04,2011-2019,2019
5elf,2.34,2011-2019,2016
5hz6,7.8,2011-2019,2016
3ro0,4.5,2011-2019,2011
4wks,2.7,2011-2019,2014
5fdd,4.2,2011-2019,2015
3azb,4.92,2011-2019,2012
4eh6,2.46,2011-2019,2012
4idn,5.24,2011-2019,2013
4pgc,5.88,2011-2019,2015
5o55,4.7,2011-2019,2018
5j1w,6.72,2011-2019,2016
4b3d,2.68,2011-2019,2013
3nc4,4.58,2011-2019,2011
4qvq,5.2,2011-2019,2015
6gu3,5.36,2011-2019,2018
4zb8,6.03,2011-2019,2015
5mrd,4.44,2011-2019,2017
4g90,4.51,2011-2019,2012
6s07,7.4,2011-2019,2019
6q9l,8.41,2011-2019,2019
4x8n,6.62,2011-2019,2015
5cav,6.67,2011-2019,2015
4gao,5.74,2011-2019,2012
4w4s,5.02,2011-2019,2015
6oy2,9.87,2011-2019,2019
4rvl,7.38,2011-2019,2015
5hg8,8.52,2011-2019,2016
4yc9,8.89,2011-2019,2015
6mdq,3.44,2011-2019,2018
3oy1,7.8,2011-2019,2011
5l9o,5.4,2011-2019,2016
5h8b,11.31,2011-2019,2016
5u7o,7.14,2011-2019,2017
4xx4,7.36,2011-2019,2015
3arq,6.4,2011-2019,2011
6d8e,6.47,2011-2019,2018
5n8t,5.74,2011-2019,2017
6hu3,6.3,2011-2019,2018
5llo,9.4,2011-2019,2017
6i5p,4.32,2011-2019,2019
5mty,8.89,2011-2019,2017
5bnm,4.82,2011-2019,2016
4m12,6.05,2011-2019,2014
5ny3,7.47,2011-2019,2018
5mwj,7.61,2011-2019,2017
5lxc,7.97,2011-2019,2016
6dq6,5.07,2011-2019,2018
4e90,8.1,2011-2019,2013
4bco,6.88,2011-2019,2013
4ht6,6.21,2011-2019,2013
5ng9,6.72,2011-2019,2017
6ps4,9.89,2011-2019,2019
4dem,7.55,2011-2019,2012
4j8t,6.77,2011-2019,2013
6bu1,7.22,2011-2019,2018
4lpg,4.25,2011-2019,2014
3pjt,4.88,2011-2019,2011
5k1d,4.68,2011-2019,2017
6s55,6.2,2011-2019,2019
3rqg,4.64,2011-2019,2011
6e3z,7.76,2011-2019,2019
6as8,7.05,2011-2019,2018
4wzv,9.37,2011-2019,2015
5jzy,9.82,2011-2019,2017
4qtd,5.97,2011-2019,2014
4rz1,7.4,2011-2019,2015
3ueo,4.03,2011-2019,2013
4ksq,7.31,2011-2019,2013
6o8u,8.28,2011-2019,2019
5ak2,8.41,2011-2019,2015
5xyz,8.1,2011-2019,2018
5neb,7.77,2011-2019,2017
6ed6,7.43,2011-2019,2018
4k4e,7.62,2011-2019,2013
4x9v,7.85,2011-2019,2015
6iql,9.37,2011-2019,2019
4xar,6.97,2011-2019,2015
5vcw,5.96,2011-2019,2017
4kwo,6.45,2011-2019,2014
5enb,3.11,2011-2019,2016
5jfp,9.32,2011-2019,2016
5xw6,4.91,2011-2019,2017
4q08,6.3,2011-2019,2015
5xpo,7.08,2011-2019,2018
4q83,4.19,2011-2019,2015
6e8x,6.22,2011-2019,2019
5jy0,5.55,2011-2019,2017
4qtn,6.85,2011-2019,2014
4lj5,6.29,2011-2019,2014
5f4l,7.62,2011-2019,2016
6hou,4.27,2011-2019,2019
4n7y,6.26,2011-2019,2014
6dn5,7.49,2011-2019,2019
6t6a,6.7,2011-2019,2019
4wki,8.3,2011-2019,2014
4no8,7.15,2011-2019,2014
4gbd,11.32,2011-2019,2013
5uc1,7.85,2011-2019,2017
6eqx,10.47,2011-2019,2018
4zk5,8.43,2011-2019,2015
5hld,4.66,2011-2019,2016
6b7c,5.14,2011-2019,2017
3sgv,4.46,2011-2019,2012
3umo,3.89,2011-2019,2012
5wzr,7.29,2011-2019,2017
5k6a,4.51,2011-2019,2017
4b35,2.89,2011-2019,2013
3pz1,6.14,2011-2019,2011
2l3r,4.66,2011-2019,2011
6f4w,5.53,2011-2019,2018
3sx4,8.52,2011-2019,2011
6c9s,7.32,2011-2019,2019
6f3i,7.68,2011-2019,2018
3q0z,7.7,2011-2019,2011
3wde,6.91,2011-2019,2013
3v5p,8.96,2011-2019,2012
4ga3,7.52,2011-2019,2013
3udy,5.7,2011-2019,2012
4ymx,7.1,2011-2019,2015
3vw0,4.67,2011-2019,2013
3nzx,5.17,2011-2019,2011
6mob,8.15,2011-2019,2019
4hra,10.1,2011-2019,2013
5di1,7.68,2011-2019,2016
4qge,9.3,2011-2019,2014
4pyx,6.14,2011-2019,2015
6jsn,8.42,2011-2019,2019
4na8,8.82,2011-2019,2014
4ryl,7.28,2011-2019,2015
5u12,5.07,2011-2019,2017
5gid,6.11,2011-2019,2016
5e28,7.91,2011-2019,2016
5c4t,7.66,2011-2019,2015
4ycw,5.68,2011-2019,2015
5cyv,4.96,2011-2019,2015
6f20,4.31,2011-2019,2018
5uuu,7.74,2011-2019,2017
5o9q,5.21,2011-2019,2018
4tju,5.44,2011-2019,2014
4eh8,2.2,2011-2019,2012
5h15,5.8,2011-2019,2017
4l2g,6.68,2011-2019,2013
6bfe,5.85,2011-2019,2017
6et8,8.25,2011-2019,2018
6qha,5.3,2011-2019,2019
6e3n,8.7,2011-2019,2019
5f20,7.52,2011-2019,2016
4qxq,5.7,2011-2019,2014
4yl1,6.67,2011-2019,2015
4gja,5.92,2011-2019,2013
4qpd,7.82,2011-2019,2015
5uyu,9.51,2011-2019,2017
5le1,4.97,2011-2019,2017
5hbe,8.64,2011-2019,2016
5eoc,7.52,2011-2019,2016
2xu1,7.66,2011-2019,2011
5kxc,5.26,2011-2019,2016
4gzp,7.84,2011-2019,2012
5w3i,5.8,2011-2019,2017
6qgh,8.15,2011-2019,2019
3zeb,6.13,2011-2019,2013
4euo,5.05,2011-2019,2012
4ach,7.66,2011-2019,2012
4w7p,7.49,2011-2019,2014
4i5m,8.06,2011-2019,2013
5g1n,7.77,2011-2019,2016
6fmi,5.03,2011-2019,2018
4bci,8.22,2011-2019,2013
5zu0,5.51,2011-2019,2018
3p23,4.42,2011-2019,2011
4ovh,4.85,2011-2019,2014
3q4k,7.05,2011-2019,2011
4l34,6.94,2011-2019,2013
3rlb,9.92,2011-2019,2011
5hey,5.66,2011-2019,2016
3th0,4.12,2011-2019,2012
5td2,8.66,2011-2019,2017
5v88,7.55,2011-2019,2017
5tur,6.05,2011-2019,2017
6h38,8.11,2011-2019,2018
5qaf,3.51,2011-2019,2018
5myx,8.16,2011-2019,2017
6b8y,9.66,2011-2019,2018
6fgl,4.62,2011-2019,2018
4ocz,9.18,2011-2019,2014
6hbn,6.22,2011-2019,2019
4m0f,8.77,2011-2019,2013
3s00,4.92,2011-2019,2012
4um9,8.07,2011-2019,2014
6fo8,7.74,2011-2019,2018
5t36,7.37,2011-2019,2017
3w5t,4.52,2011-2019,2013
3s9y,6.44,2011-2019,2012
3ryw,6.24,2011-2019,2012
4l02,7.7,2011-2019,2013
3tsz,4.46,2011-2019,2011
5o11,6.67,2011-2019,2017
6h4w,6.97,2011-2019,2019
3od0,7.92,2011-2019,2011
6ar9,5.18,2011-2019,2018
4urw,2.8,2011-2019,2015
5fxq,7.85,2011-2019,2016
5gx6,5.8,2011-2019,2017
5ngt,5.89,2011-2019,2017
2m3o,5.3,2011-2019,2013
4mdn,6.22,2011-2019,2013
5ldo,3.75,2011-2019,2017
6fa5,6.75,2011-2019,2018
5hwu,5.27,2011-2019,2016
4jlg,8.7,2011-2019,2013
3avb,4.07,2011-2019,2012
4gfm,7.22,2011-2019,2013
4py4,5.77,2011-2019,2015
6bvh,9.15,2011-2019,2018
2ych,3.0,2011-2019,2011
4gj2,8.6,2011-2019,2013
4nwd,5.4,2011-2019,2014
4bb2,7.07,2011-2019,2012
4tjz,5.97,2011-2019,2015
5flt,2.89,2011-2019,2016
4ly9,8.15,2011-2019,2013
5gut,6.29,2011-2019,2017
4d63,1.64,2011-2019,2015
3v31,5.8,2011-2019,2012
5f5b,3.95,2011-2019,2016
5ne1,8.28,2011-2019,2017
4rlt,4.96,2011-2019,2015
5jcj,4.42,2011-2019,2016
4dmy,9.0,2011-2019,2012
4d2v,7.43,2011-2019,2014
2y7i,5.54,2011-2019,2011
6oyz,6.73,2011-2019,2019
5cgc,9.3,2011-2019,2015
5l2m,6.89,2011-2019,2017
4j44,5.73,2011-2019,2013
6i9a,10.0,2011-2019,2019
5v9t,7.35,2011-2019,2017
3qto,4.13,2011-2019,2012
4mgb,5.44,2011-2019,2014
5cin,7.74,2011-2019,2015
4b05,7.58,2011-2019,2012
4o43,4.3,2011-2019,2014
4gpl,5.89,2011-2019,2013
6nzh,8.8,2011-2019,2019
5llh,10.17,2011-2019,2017
3ljz,8.14,2011-2019,2011
4fmu,6.44,2011-2019,2012
4mq6,6.47,2011-2019,2014
5k13,8.74,2011-2019,2016
5wex,7.18,2011-2019,2017
4bnu,7.7,2011-2019,2013
5op8,4.18,2011-2019,2017
3arw,6.15,2011-2019,2011
5nne,4.71,2011-2019,2018
4joa,7.54,2011-2019,2013
6mso,5.42,2011-2019,2019
5vqi,6.25,2011-2019,2017
5fsy,5.89,2011-2019,2016
5eyd,9.0,2011-2019,2016
3p17,4.48,2011-2019,2011
4qer,7.54,2011-2019,2014
4fvq,6.0,2011-2019,2012
4hmq,8.24,2011-2019,2013
5nin,7.12,2011-2019,2017
3oil,5.68,2011-2019,2011
4o28,7.54,2011-2019,2014
5lxp,6.12,2011-2019,2016
4ffs,10.44,2011-2019,2012
5voj,8.44,2011-2019,2017
4e5h,6.37,2011-2019,2012
3qw7,5.74,2011-2019,2012
3qw5,6.45,2011-2019,2012
6hk7,7.34,2011-2019,2019
5oq4,7.6,2011-2019,2017
3zs1,6.4,2011-2019,2011
6m8a,5.26,2011-2019,2019
6q54,6.49,2011-2019,2019
4q1w,11.7,2011-2019,2015
3r7n,6.15,2011-2019,2011
2n06,4.92,2011-2019,2016
5dtr,4.41,2011-2019,2016
4mr3,5.94,2011-2019,2013
6ode,8.1,2011-2019,2019
4i47,6.92,2011-2019,2012
3ka2,6.62,2011-2019,2011
5ake,7.82,2011-2019,2015
4h3g,8.22,2011-2019,2012
6hly,7.33,2011-2019,2018
6c9n,4.78,2011-2019,2019
3uvq,7.77,2011-2019,2012
5yyb,6.56,2011-2019,2018
5ddd,6.59,2011-2019,2015
5q1d,6.12,2011-2019,2017
3sff,6.7,2011-2019,2011
5vex,4.63,2011-2019,2017
6t1o,5.59,2011-2019,2019
4dru,8.62,2011-2019,2012
3p3u,6.48,2011-2019,2011
5yj8,3.98,2011-2019,2018
4bfr,7.64,2011-2019,2014
5yib,5.48,2011-2019,2018
4cu7,7.59,2011-2019,2014
5myr,4.66,2011-2019,2017
5o1h,4.85,2011-2019,2018
6f8b,5.21,2011-2019,2018
6hoi,5.1,2011-2019,2019
5j6d,8.22,2011-2019,2016
4kln,7.7,2011-2019,2013
5bui,7.05,2011-2019,2015
6rmm,4.69,2011-2019,2019
5lud,3.61,2011-2019,2017
4jbp,7.39,2011-2019,2013
4zjc,8.96,2011-2019,2016
6nv7,7.92,2011-2019,2019
5dqf,3.6,2011-2019,2015
4yxu,7.24,2011-2019,2016
5jal,2.47,2011-2019,2016
4c1w,9.41,2011-2019,2014
3ws8,6.68,2011-2019,2014
5wr7,8.96,2011-2019,2017
4r6v,7.45,2011-2019,2014
4aze,8.11,2011-2019,2012
4ycn,7.77,2011-2019,2016
5nk6,6.8,2011-2019,2017
6bgg,4.02,2011-2019,2018
3v01,7.6,2011-2019,2012
4aw5,6.12,2011-2019,2012
6im4,7.4,2011-2019,2019
5znc,7.52,2011-2019,2019
5f08,5.52,2011-2019,2016
6e7r,6.83,2011-2019,2019
4aa5,7.8,2011-2019,2012
6pyb,5.38,2011-2019,2019
4x7n,8.22,2011-2019,2015
4cc5,4.42,2011-2019,2014
5lpj,5.0,2011-2019,2017
4au8,6.26,2011-2019,2013
4m2r,8.49,2011-2019,2013
3tvl,4.0,2011-2019,2012
4rn6,5.1,2011-2019,2014
4b95,4.28,2011-2019,2012
6p8z,4.7,2011-2019,2019
4i5c,8.82,2011-2019,2013
3way,7.66,2011-2019,2013
4drk,5.08,2011-2019,2012
6qeg,7.3,2011-2019,2019
4qz5,5.26,2011-2019,2015
5etn,5.37,2011-2019,2016
4qg7,8.0,2011-2019,2014
4zhm,8.05,2011-2019,2015
4bcb,8.52,2011-2019,2013
5duw,3.29,2011-2019,2016
4yt7,8.77,2011-2019,2015
4knx,5.49,2011-2019,2014
6g0z,5.32,2011-2019,2018
4zzd,6.6,2011-2019,2015
4mi9,3.42,2011-2019,2014
6ghp,9.36,2011-2019,2018
4wj5,6.29,2011-2019,2014
5ehw,3.0,2011-2019,2016
2x2i,8.7,2011-2019,2011
5oq6,7.56,2011-2019,2017
6enx,6.08,2011-2019,2017
3wdc,7.92,2011-2019,2013
4anu,7.68,2011-2019,2012
5o91,6.46,2011-2019,2017
4c1d,5.36,2011-2019,2014
4orx,3.53,2011-2019,2014
2y4l,6.3,2011-2019,2011
6m88,5.96,2011-2019,2019
5ybe,6.24,2011-2019,2017
4y8c,7.96,2011-2019,2015
5ajc,4.24,2011-2019,2016
6gnm,4.26,2011-2019,2018
6gfs,6.54,2011-2019,2018
3uda,5.01,2011-2019,2012
6j9y,5.07,2011-2019,2019
5yls,5.29,2011-2019,2018
4r5x,5.26,2011-2019,2014
5wdc,6.4,2011-2019,2018
2ycf,10.52,2011-2019,2011
4ay5,6.27,2011-2019,2012
4g3g,8.43,2011-2019,2012
5owf,5.8,2011-2019,2018
4u73,5.18,2011-2019,2015
4q1n,9.7,2011-2019,2014
6q39,7.85,2011-2019,2019
6e4u,7.87,2011-2019,2018
5cqt,6.91,2011-2019,2016
5q0p,7.41,2011-2019,2017
3rm9,4.77,2011-2019,2011
4cku,6.82,2011-2019,2014
6ea2,6.55,2011-2019,2018
3wb4,4.44,2011-2019,2013
4hkn,5.96,2011-2019,2012
5jzi,4.8,2011-2019,2017
6fpu,6.49,2011-2019,2019
4n9b,5.28,2011-2019,2014
6c6o,8.3,2011-2019,2018
5xvf,6.15,2011-2019,2018
6f8u,6.1,2011-2019,2018
5gwa,5.77,2011-2019,2017
4xm7,3.57,2011-2019,2015
2m3z,6.57,2011-2019,2013
6b16,7.49,2011-2019,2017
4r4c,5.54,2011-2019,2014
3aqt,6.72,2011-2019,2011
4wrb,6.19,2011-2019,2015
6j10,6.35,2011-2019,2019
4a6c,7.92,2011-2019,2012
4x48,6.77,2011-2019,2015
6d4t,6.92,2011-2019,2019
3ayc,4.24,2011-2019,2011
4v24,8.37,2011-2019,2014
4az6,9.1,2011-2019,2013
6b67,5.05,2011-2019,2018
5kax,6.11,2011-2019,2016
4cfx,5.06,2011-2019,2014
4agl,3.65,2011-2019,2012
3ujb,5.1,2011-2019,2011
5xih,7.15,2011-2019,2018
6h2t,4.82,2011-2019,2018
4jje,7.64,2011-2019,2013
3n5e,6.82,2011-2019,2011
5d7r,7.89,2011-2019,2015
3wt5,9.54,2011-2019,2014
5nuu,8.2,2011-2019,2018
5vs6,6.98,2011-2019,2017
4j78,4.65,2011-2019,2013
4ozj,5.4,2011-2019,2014
4ago,4.81,2011-2019,2012
5am6,6.73,2011-2019,2015
5jz9,3.57,2011-2019,2017
6d1l,8.12,2011-2019,2018
5mar,4.39,2011-2019,2017
4lm4,3.04,2011-2019,2014
4dxj,7.42,2011-2019,2013
4w9k,6.54,2011-2019,2014
5fum,4.74,2011-2019,2016
5g4n,4.0,2011-2019,2016
5u4c,6.0,2011-2019,2017
4n9e,7.82,2011-2019,2014
4o70,4.72,2011-2019,2014
5eyr,5.3,2011-2019,2016
3atk,2.85,2011-2019,2011
5eqp,5.4,2011-2019,2016
5t28,8.49,2011-2019,2017
5qal,3.46,2011-2019,2018
4qfg,5.48,2011-2019,2014
6e22,8.89,2011-2019,2019
6cjr,9.52,2011-2019,2019
4nxv,5.42,2011-2019,2013
5xhs,5.05,2011-2019,2018
6qau,7.48,2011-2019,2019
6dgl,5.52,2011-2019,2019
4iqu,6.24,2011-2019,2013
6ay3,8.02,2011-2019,2018
5zhn,8.8,2011-2019,2019
4idv,7.4,2011-2019,2013
6sbt,6.78,2011-2019,2019
4bb4,6.72,2011-2019,2013
6hzu,8.26,2011-2019,2019
4d8c,8.7,2011-2019,2012
5y6f,6.85,2011-2019,2018
3qa2,6.68,2011-2019,2012
5brz,8.15,2011-2019,2016
6aao,2.11,2011-2019,2019
4pkt,4.83,2011-2019,2014
6hks,4.28,2011-2019,2019
6rn9,8.2,2011-2019,2019
6g0w,5.28,2011-2019,2018
5etm,5.41,2011-2019,2016
3qnd,4.85,2011-2019,2011
3wcg,6.85,2011-2019,2014
6erv,5.36,2011-2019,2018
2l98,3.61,2011-2019,2011
2xni,7.37,2011-2019,2011
6c1s,8.52,2011-2019,2018
3rv4,2.3,2011-2019,2011
5cs2,8.4,2011-2019,2015
5cxh,8.3,2011-2019,2015
5ucj,6.36,2011-2019,2018
3u78,5.6,2011-2019,2012
4tw8,5.58,2011-2019,2014
6n55,7.87,2011-2019,2019
6qz8,7.62,2011-2019,2019
5m2v,5.4,2011-2019,2017
3tk2,4.62,2011-2019,2012
5id1,6.25,2011-2019,2016
3mw1,9.09,2011-2019,2011
4erz,7.06,2011-2019,2012
4duh,5.18,2011-2019,2012
6n9h,4.26,2011-2019,2019
4qp7,5.23,2011-2019,2015
4ci3,6.81,2011-2019,2014
6hv7,5.19,2011-2019,2019
3qpo,6.61,2011-2019,2011
5n8w,6.33,2011-2019,2017
4qw6,5.85,2011-2019,2015
5eyk,8.52,2011-2019,2016
5fl0,6.46,2011-2019,2016
4og3,6.55,2011-2019,2014
4jxw,4.72,2011-2019,2014
6c42,8.21,2011-2019,2018
6fzu,3.67,2011-2019,2018
5wf5,7.65,2011-2019,2018
5web,8.0,2011-2019,2018
5nn6,5.52,2011-2019,2017
4fk7,5.24,2011-2019,2012
6e99,6.0,2011-2019,2018
3q2j,4.18,2011-2019,2011
4o7e,5.24,2011-2019,2014
3uj9,4.63,2011-2019,2011
2m0u,6.44,2011-2019,2013
6fdp,5.26,2011-2019,2018
3sha,5.59,2011-2019,2012
4hzx,9.3,2011-2019,2013
5afx,5.92,2011-2019,2015
5qaz,3.4,2011-2019,2018
5akk,4.0,2011-2019,2015
5tyl,7.82,2011-2019,2017
4j8r,7.7,2011-2019,2013
6d8v,5.42,2011-2019,2019
5oei,5.8,2011-2019,2017
3t8w,7.54,2011-2019,2011
4x69,7.66,2011-2019,2015
4o2p,6.7,2011-2019,2015
5bwc,7.21,2011-2019,2015
4qev,7.66,2011-2019,2014
4amy,10.82,2011-2019,2012
6i63,7.01,2011-2019,2019
6f34,4.94,2011-2019,2018
4efg,7.26,2011-2019,2012
6c4u,6.1,2011-2019,2018
5d7e,3.82,2011-2019,2015
5ymx,6.92,2011-2019,2018
5nvw,6.77,2011-2019,2017
5myl,5.0,2011-2019,2017
4tpw,4.69,2011-2019,2014
4n4v,8.7,2011-2019,2013
6cn6,8.3,2011-2019,2018
5ne5,7.41,2011-2019,2017
4qir,6.95,2011-2019,2014
4lmu,7.26,2011-2019,2014
4eok,5.07,2011-2019,2013
4b5d,7.89,2011-2019,2012
4qps,6.52,2011-2019,2015
3zy2,6.46,2011-2019,2011
6m9l,7.54,2011-2019,2019
6die,3.13,2011-2019,2019
4xua,4.59,2011-2019,2015
6dak,5.14,2011-2019,2018
5auy,5.8,2011-2019,2015
5e73,4.64,2011-2019,2015
5tq3,8.66,2011-2019,2017
5wei,5.7,2011-2019,2017
5kkr,6.92,2011-2019,2016
5i2r,7.72,2011-2019,2016
6dko,5.8,2011-2019,2018
2ly0,4.8,2011-2019,2013
4z7f,7.53,2011-2019,2015
4zyt,7.77,2011-2019,2016
4yzu,5.05,2011-2019,2015
5mw4,11.7,2011-2019,2017
6qi7,6.46,2011-2019,2019
4d9p,3.84,2011-2019,2012
6dd1,4.65,2011-2019,2019
4cl6,5.39,2011-2019,2015
3at4,8.1,2011-2019,2011
4b00,8.61,2011-2019,2012
6g3v,6.04,2011-2019,2018
6hv0,6.56,2011-2019,2019
4d8i,6.69,2011-2019,2012
4jlj,6.13,2011-2019,2014
4nxq,4.74,2011-2019,2015
4i06,7.17,2011-2019,2013
5ohi,8.47,2011-2019,2018
5c85,3.98,2011-2019,2016
4mme,6.5,2011-2019,2013
4n99,3.67,2011-2019,2013
5xvk,5.05,2011-2019,2017
5o8t,7.13,2011-2019,2018
5o4z,6.07,2011-2019,2017
3rv8,4.92,2011-2019,2012
3mv0,3.85,2011-2019,2011
4wvs,6.27,2011-2019,2015
5kw2,9.09,2011-2019,2018
6qhg,3.13,2011-2019,2019
5eh7,3.48,2011-2019,2016
5aaf,7.44,2011-2019,2015
4yqv,5.71,2011-2019,2016
5ea7,7.96,2011-2019,2015
6ful,4.92,2011-2019,2018
3su4,6.26,2011-2019,2012
4y5d,5.92,2011-2019,2015
5ncz,9.1,2011-2019,2017
4nw6,8.4,2011-2019,2014
6o95,8.29,2011-2019,2019
4e20,8.22,2011-2019,2012
4q2k,7.48,2011-2019,2014
3rx5,6.27,2011-2019,2011
5ctb,7.64,2011-2019,2015
3shz,7.44,2011-2019,2011
3uri,9.0,2011-2019,2012
4kb8,7.89,2011-2019,2013
6euz,4.18,2011-2019,2018
5t8o,6.51,2011-2019,2017
6rpg,8.52,2011-2019,2019
4lh5,6.7,2011-2019,2013
4zla,7.3,2011-2019,2015
5u0e,5.11,2011-2019,2017
6kzc,7.94,2011-2019,2019
6hlz,7.33,2011-2019,2018
4xgz,7.62,2011-2019,2015
5o0a,3.24,2011-2019,2017
6iar,7.6,2011-2019,2019
5lav,6.09,2011-2019,2016
6sal,6.58,2011-2019,2019
3np9,4.4,2011-2019,2011
3uo6,7.82,2011-2019,2012
5drc,5.98,2011-2019,2016
4c37,7.71,2011-2019,2013
4zdu,5.77,2011-2019,2015
6gw4,5.92,2011-2019,2018
3r21,6.74,2011-2019,2011
4gfo,6.62,2011-2019,2013
5xp7,4.42,2011-2019,2017
5swh,7.59,2011-2019,2017
5g5z,5.66,2011-2019,2017
4gjc,7.05,2011-2019,2013
5wg6,4.54,2011-2019,2018
6ugo,7.59,2011-2019,2019
5vdp,4.05,2011-2019,2017
4lbo,5.77,2011-2019,2014
2yaz,5.14,2011-2019,2011
5e1m,6.72,2011-2019,2015
5ku3,4.89,2011-2019,2016
6cbh,6.29,2011-2019,2018
5acb,6.8,2011-2019,2016
5x9p,6.89,2011-2019,2017
5oui,4.03,2011-2019,2017
5a3s,8.68,2011-2019,2016
6m87,8.1,2011-2019,2019
4k67,3.43,2011-2019,2013
4xyf,9.0,2011-2019,2015
4ogv,8.05,2011-2019,2014
5g17,6.7,2011-2019,2017
4kbc,7.85,2011-2019,2013
6b33,8.12,2011-2019,2018
5cxz,6.26,2011-2019,2015
4g0p,3.01,2011-2019,2012
3pdc,7.49,2011-2019,2011
4qsw,1.68,2011-2019,2014
5cnj,6.84,2011-2019,2015
6bg5,6.0,2011-2019,2018
5vee,6.11,2011-2019,2017
4y85,7.89,2011-2019,2015
5n1v,6.19,2011-2019,2017
4dgg,6.1,2011-2019,2012
4gjd,8.52,2011-2019,2013
3svj,6.93,2011-2019,2011
4uv8,6.47,2011-2019,2014
3ral,7.0,2011-2019,2012
5ei4,4.58,2011-2019,2016
4kon,6.48,2011-2019,2013
4fsl,7.7,2011-2019,2012
6nvl,7.95,2011-2019,2019
6hub,8.1,2011-2019,2019
5gub,6.2,2011-2019,2017
4o72,6.0,2011-2019,2014
6g33,8.15,2011-2019,2018
4pd8,6.03,2011-2019,2014
5qa6,3.76,2011-2019,2018
4pid,4.62,2011-2019,2014
4zy4,7.66,2011-2019,2015
4r92,7.41,2011-2019,2014
3qak,8.32,2011-2019,2011
5dnu,4.11,2011-2019,2016
6bu0,5.96,2011-2019,2018
6o94,8.74,2011-2019,2019
5nvz,6.77,2011-2019,2017
4xyn,5.89,2011-2019,2015
3zdv,5.48,2011-2019,2013
4wvu,5.71,2011-2019,2015
3loo,6.07,2011-2019,2011
4y2y,5.05,2011-2019,2015
4ahu,2.27,2011-2019,2012
6r7r,6.33,2011-2019,2019
2xiy,2.44,2011-2019,2011
4d1s,7.66,2011-2019,2014
4pm0,7.35,2011-2019,2014
2xs0,5.15,2011-2019,2011
3snc,4.39,2011-2019,2011
5h9p,7.17,2011-2019,2016
6nfy,7.8,2011-2019,2019
6r13,4.7,2011-2019,2019
5thn,4.02,2011-2019,2017
6irt,3.81,2011-2019,2019
4a4g,2.99,2011-2019,2011
4bcn,7.92,2011-2019,2013
6cn8,7.2,2011-2019,2019
5g1z,5.32,2011-2019,2017
4i8n,4.46,2011-2019,2012
5up3,7.9,2011-2019,2017
5q0l,5.36,2011-2019,2017
4a4f,2.88,2011-2019,2011
5btx,3.55,2011-2019,2015
4c38,7.76,2011-2019,2013
6akw,7.22,2011-2019,2019
6d19,6.61,2011-2019,2019
3qio,6.84,2011-2019,2011
4huo,4.7,2011-2019,2012
5kkt,9.0,2011-2019,2017
3ri1,5.3,2011-2019,2011
3puj,4.51,2011-2019,2011
5teh,7.55,2011-2019,2017
6mmo,3.35,2011-2019,2019
4hrc,8.92,2011-2019,2014
5kv8,4.84,2011-2019,2017
6q8p,7.74,2011-2019,2019
3ask,6.43,2011-2019,2012
4fzg,7.72,2011-2019,2012
2xpa,5.39,2011-2019,2011
3tdz,6.82,2011-2019,2011
5kby,8.82,2011-2019,2016
3qxt,5.22,2011-2019,2011
6gjn,6.22,2011-2019,2018
3pvw,7.27,2011-2019,2011
6ibx,8.7,2011-2019,2019
5otz,5.19,2011-2019,2018
5m4c,7.4,2011-2019,2017
3s3q,8.77,2011-2019,2011
6di1,6.74,2011-2019,2018
5ezx,7.06,2011-2019,2016
6ep9,6.84,2011-2019,2018
4c1y,3.6,2011-2019,2014
6e5s,6.44,2011-2019,2019
5fhm,5.09,2011-2019,2016
6dyz,9.2,2011-2019,2019
6dik,5.07,2011-2019,2018
5ywg,8.34,2011-2019,2019
6fzf,6.82,2011-2019,2019
6eq8,8.0,2011-2019,2018
4eu3,0.82,2011-2019,2012
6e5b,8.66,2011-2019,2019
4l2x,7.41,2011-2019,2014
5lpl,4.92,2011-2019,2017
5mrb,6.33,2011-2019,2017
4zv2,2.93,2011-2019,2016
4m3q,7.77,2011-2019,2013
4de0,5.89,2011-2019,2012
4g1f,7.77,2011-2019,2013
6mod,9.15,2011-2019,2019
4url,6.3,2011-2019,2014
3zso,5.12,2011-2019,2012
3n3j,8.48,2011-2019,2011
3qo3,6.9,2011-2019,2012
4w53,3.99,2011-2019,2015
4tn2,6.92,2011-2019,2014
3qbn,8.23,2011-2019,2012
6edl,8.7,2011-2019,2019
4or0,7.46,2011-2019,2014
5gnk,8.28,2011-2019,2017
4y3y,2.35,2011-2019,2016
3v7d,6.39,2011-2019,2012
4lvt,10.36,2011-2019,2013
5kns,6.12,2011-2019,2017
5m63,6.96,2011-2019,2017
6p87,4.6,2011-2019,2019
4j09,4.77,2011-2019,2014
6ic5,8.22,2011-2019,2019
4qfs,6.05,2011-2019,2014
4nbn,4.36,2011-2019,2013
4mm5,7.74,2011-2019,2013
4x34,6.12,2011-2019,2015
5yic,5.89,2011-2019,2018
3ux0,6.26,2011-2019,2013
4alv,8.15,2011-2019,2013
6mx3,5.14,2011-2019,2018
6mjw,7.99,2011-2019,2019
6b5i,5.96,2011-2019,2018
6pvy,3.19,2011-2019,2019
4jhq,7.74,2011-2019,2013
5tys,10.72,2011-2019,2017
5dxb,6.28,2011-2019,2016
5tqu,7.6,2011-2019,2017
3pcu,5.29,2011-2019,2011
3wig,8.64,2011-2019,2014
5f4n,8.66,2011-2019,2016
4j7e,4.85,2011-2019,2013
5j6a,7.77,2011-2019,2017
4y0a,2.31,2011-2019,2015
5trr,7.39,2011-2019,2017
3pdh,6.74,2011-2019,2011
5ewk,4.85,2011-2019,2016
3s0e,6.55,2011-2019,2011
4xcu,8.22,2011-2019,2015
5jf2,7.89,2011-2019,2016
5ajv,6.24,2011-2019,2015
4y4j,2.47,2011-2019,2016
6afc,6.03,2011-2019,2018
3q43,7.37,2011-2019,2011
4zz0,7.0,2011-2019,2016
5klr,7.72,2011-2019,2016
3u6j,8.21,2011-2019,2012
4dve,9.52,2011-2019,2012
3tf6,6.4,2011-2019,2011
4g2j,7.96,2011-2019,2013
6idb,6.4,2011-2019,2019
5tbj,5.82,2011-2019,2017
6tl2,5.44,2011-2019,2019
3p9m,5.0,2011-2019,2011
4e6q,8.36,2011-2019,2012
4n1t,9.1,2011-2019,2014
4bdc,4.93,2011-2019,2013
3ti3,8.74,2011-2019,2011
5hg1,5.2,2011-2019,2016
4jp9,7.62,2011-2019,2013
4rak,7.85,2011-2019,2014
4f1s,8.7,2011-2019,2012
3p2h,5.44,2011-2019,2011
5dhp,3.85,2011-2019,2016
6s9b,5.68,2011-2019,2019
4n7j,5.47,2011-2019,2013
4pgb,7.48,2011-2019,2015
5okt,6.03,2011-2019,2018
4oew,6.82,2011-2019,2015
4mex,6.7,2011-2019,2014
5nud,7.49,2011-2019,2018
5esq,5.8,2011-2019,2016
3ppr,2.82,2011-2019,2011
4pkv,5.25,2011-2019,2014
6fkz,6.05,2011-2019,2018
3soq,4.57,2011-2019,2011
5mqt,5.7,2011-2019,2017
6nao,6.7,2011-2019,2018
6iso,4.6,2011-2019,2019
4hco,4.32,2011-2019,2012
4uce,3.17,2011-2019,2015
4qmy,8.4,2011-2019,2015
3zqt,4.41,2011-2019,2011
5jna,7.35,2011-2019,2017
6seo,4.74,2011-2019,2019
5cy9,6.66,2011-2019,2016
4mny,5.71,2011-2019,2014
4c73,4.92,2011-2019,2013
5y86,6.1,2011-2019,2018
3vjm,9.43,2011-2019,2012
5tq4,8.38,2011-2019,2017
5knv,4.87,2011-2019,2017
4dro,5.41,2011-2019,2012
4fgz,2.87,2011-2019,2012
4eki,10.0,2011-2019,2012
3mrv,3.74,2011-2019,2011
4e3b,6.05,2011-2019,2012
6npt,7.17,2011-2019,2019
4qp9,7.15,2011-2019,2015
3aza,5.13,2011-2019,2012
4qye,5.92,2011-2019,2014
4jg0,6.76,2011-2019,2013
6s57,5.1,2011-2019,2019
4o76,6.89,2011-2019,2014
4b12,4.99,2011-2019,2012
3ole,7.83,2011-2019,2011
6eqm,7.96,2011-2019,2018
5oq8,5.85,2011-2019,2017
5ap7,6.29,2011-2019,2015
6a73,6.48,2011-2019,2019
5laq,9.2,2011-2019,2018
5f5z,7.07,2011-2019,2017
4ewr,6.27,2011-2019,2012
4e6c,4.82,2011-2019,2012
4ruy,7.89,2011-2019,2015
4bpj,6.0,2011-2019,2014
5fto,8.21,2011-2019,2016
4eyr,6.63,2011-2019,2013
5w6u,5.49,2011-2019,2017
2x2r,7.12,2011-2019,2011
5fni,3.48,2011-2019,2016
6kla,7.25,2011-2019,2019
5y62,1.74,2011-2019,2017
6cvf,6.35,2011-2019,2018
6p7q,5.36,2011-2019,2019
6n3v,5.61,2011-2019,2019
4lkf,5.37,2011-2019,2013
4jx9,8.62,2011-2019,2013
4lw1,3.15,2011-2019,2013
5dj5,5.6,2011-2019,2015
4p4f,6.77,2011-2019,2015
4ejf,5.1,2011-2019,2012
6fap,2.15,2011-2019,2018
4ehv,2.29,2011-2019,2012
2ykj,6.21,2011-2019,2011
5uwl,8.03,2011-2019,2017
4x7o,8.7,2011-2019,2015
5o5a,4.77,2011-2019,2018
5kde,3.89,2011-2019,2016
6ajh,6.54,2011-2019,2018
2yfe,6.63,2011-2019,2012
4qp2,3.03,2011-2019,2015
5lvn,4.7,2011-2019,2016
4i9u,3.86,2011-2019,2013
5cc2,4.1,2011-2019,2015
6chh,5.57,2011-2019,2018
5lc0,6.7,2011-2019,2016
6g2a,3.79,2011-2019,2018
5nho,9.52,2011-2019,2017
4z68,6.49,2011-2019,2015
6oko,6.74,2011-2019,2019
4ui7,7.36,2011-2019,2016
5i86,6.28,2011-2019,2016
6e4a,7.36,2011-2019,2018
6b1x,7.4,2011-2019,2018
4kc2,3.31,2011-2019,2013
4qaa,6.44,2011-2019,2014
4j03,7.59,2011-2019,2013
5bot,4.41,2011-2019,2015
4zzz,7.06,2011-2019,2015
5n1y,3.22,2011-2019,2017
3zvt,5.92,2011-2019,2012
5f4u,7.02,2011-2019,2016
6b4n,10.55,2011-2019,2017
3sm0,6.13,2011-2019,2012
4loq,8.15,2011-2019,2013
3n35,3.37,2011-2019,2011
6iyv,5.88,2011-2019,2019
4ekg,8.77,2011-2019,2012
5fog,3.67,2011-2019,2016
6eol,7.43,2011-2019,2018
5v83,5.16,2011-2019,2017
4j5b,6.22,2011-2019,2014
5d24,5.24,2011-2019,2016
6c7d,9.77,2011-2019,2018
5fqs,7.36,2011-2019,2016
5wxf,4.48,2011-2019,2018
5nu3,6.64,2011-2019,2017
5ulg,6.72,2011-2019,2017
4br3,5.72,2011-2019,2013
4tsz,7.0,2011-2019,2014
5he2,6.89,2011-2019,2016
5fh7,6.86,2011-2019,2016
5i22,7.62,2011-2019,2016
3qi4,3.93,2011-2019,2011
5lgp,7.04,2011-2019,2017
3uxm,4.7,2011-2019,2012
4hla,10.8,2011-2019,2013
6dki,8.64,2011-2019,2018
4og5,6.52,2011-2019,2014
5i58,6.92,2011-2019,2016
5hl9,4.66,2011-2019,2016
6sd9,9.1,2011-2019,2019
5awj,9.68,2011-2019,2015
4fxp,4.09,2011-2019,2012
4ks3,6.37,2011-2019,2013
5aqp,2.68,2011-2019,2016
5al5,7.15,2011-2019,2015
5lss,6.31,2011-2019,2016
5ah2,10.08,2011-2019,2015
4eg5,8.1,2011-2019,2012
5vlh,6.8,2011-2019,2017
5ura,6.4,2011-2019,2017
4dwg,7.24,2011-2019,2013
4jsc,7.13,2011-2019,2013
4r0i,6.52,2011-2019,2015
5zh4,5.14,2011-2019,2018
6o5t,6.5,2011-2019,2019
5zo9,8.2,2011-2019,2018
4mwb,6.49,2011-2019,2014
3o9l,9.66,2011-2019,2011
4hhz,7.72,2011-2019,2013
4meo,3.6,2011-2019,2013
4nym,3.55,2011-2019,2014
4psb,4.64,2011-2019,2014
4mhz,6.87,2011-2019,2014
5jha,5.9,2011-2019,2017
5hmk,7.4,2011-2019,2016
3o9h,12.1,2011-2019,2011
2x6y,4.59,2011-2019,2011
6fqo,6.85,2011-2019,2018
5hk9,6.54,2011-2019,2016
5fol,3.67,2011-2019,2016
5mwh,5.74,2011-2019,2018
3uvx,4.34,2011-2019,2012
2y8i,5.89,2011-2019,2011
3zi8,5.66,2011-2019,2013
3s0d,7.05,2011-2019,2011
4wlb,6.74,2011-2019,2014
4j84,4.69,2011-2019,2013
5qtu,8.39,2011-2019,2019
5vqe,1.49,2011-2019,2018
6gf3,4.84,2011-2019,2019
6qls,5.35,2011-2019,2019
4x21,7.44,2011-2019,2015
5zc5,7.06,2011-2019,2018
4lsj,9.57,2011-2019,2014
3nf6,3.53,2011-2019,2011
6esy,5.59,2011-2019,2017
4w9i,5.96,2011-2019,2014
5kbg,6.11,2011-2019,2016
4oef,4.76,2011-2019,2014
5lvf,4.82,2011-2019,2017
6uvv,5.18,2011-2019,2019
6mg5,4.69,2011-2019,2019
6cn5,7.7,2011-2019,2018
5upf,8.6,2011-2019,2017
4mwv,9.4,2011-2019,2013
4wsk,6.43,2011-2019,2014
4e3m,9.7,2011-2019,2012
5u14,5.34,2011-2019,2017
5wqk,6.3,2011-2019,2017
3ama,6.53,2011-2019,2011
4uu8,6.54,2011-2019,2014
6gz9,2.13,2011-2019,2018
4wy3,3.62,2011-2019,2015
5kx7,7.44,2011-2019,2016
5ih9,8.7,2011-2019,2016
4uua,5.24,2011-2019,2014
5kbr,6.59,2011-2019,2016
5czb,8.0,2011-2019,2016
6r8i,6.03,2011-2019,2019
6pfj,6.41,2011-2019,2019
6oe0,8.92,2011-2019,2019
5kcx,6.7,2011-2019,2017
3b1u,5.72,2011-2019,2011
5twj,5.25,2011-2019,2017
4i7j,3.32,2011-2019,2013
6fzx,8.15,2011-2019,2018
4tun,5.41,2011-2019,2014
6ng0,8.19,2011-2019,2019
4o3c,2.59,2011-2019,2014
5vdq,3.67,2011-2019,2017
4dai,6.96,2011-2019,2012
5ovv,4.48,2011-2019,2018
4ezt,5.13,2011-2019,2013
5y7h,7.73,2011-2019,2019
5ugc,7.89,2011-2019,2017
4p7e,4.76,2011-2019,2014
4xwk,4.63,2011-2019,2016
5a3x,6.1,2011-2019,2016
4rfy,7.0,2011-2019,2014
6mo4,8.34,2011-2019,2019
6nt2,8.82,2011-2019,2019
4w9d,4.99,2011-2019,2014
6e7w,6.52,2011-2019,2019
5fb7,7.89,2011-2019,2016
3px9,3.42,2011-2019,2011
3ns7,8.33,2011-2019,2011
3qtu,7.15,2011-2019,2012
4dk8,5.74,2011-2019,2012
4qn9,4.41,2011-2019,2015
5lgt,6.51,2011-2019,2017
4u0i,8.22,2011-2019,2014
4bc5,4.6,2011-2019,2012
3wti,5.9,2011-2019,2015
5hdv,7.82,2011-2019,2016
2ymd,3.16,2011-2019,2012
4up5,2.6,2011-2019,2014
4x3e,5.47,2011-2019,2015
4cmu,9.7,2011-2019,2014
4b8y,8.05,2011-2019,2012
5du4,5.25,2011-2019,2016
6hrt,9.0,2011-2019,2019
6qav,8.31,2011-2019,2019
5anw,8.52,2011-2019,2016
4fkk,9.3,2011-2019,2012
3oku,6.36,2011-2019,2011
4mue,6.7,2011-2019,2014
4ajo,7.03,2011-2019,2012
6d3x,10.29,2011-2019,2019
4ahs,2.19,2011-2019,2012
5dtw,5.46,2011-2019,2016
4hwb,9.24,2011-2019,2013
6ced,5.82,2011-2019,2018
5mhq,6.96,2011-2019,2017
6ep4,5.35,2011-2019,2017
5wzs,6.55,2011-2019,2018
4mma,6.04,2011-2019,2013
6gwr,8.1,2011-2019,2018
4ivd,9.52,2011-2019,2013
4k2g,7.7,2011-2019,2014
4x1r,6.4,2011-2019,2015
4d1d,5.74,2011-2019,2014
2xm9,8.05,2011-2019,2011
6ak5,6.12,2011-2019,2019
4dkp,5.72,2011-2019,2012
5ixf,5.52,2011-2019,2016
6c67,5.92,2011-2019,2019
4msc,5.96,2011-2019,2014
4jc1,4.3,2011-2019,2013
4ury,2.22,2011-2019,2015
4klb,4.16,2011-2019,2013
2xuz,7.4,2011-2019,2011
6g6y,6.66,2011-2019,2018
6ez9,7.77,2011-2019,2018
6q74,8.2,2011-2019,2018
5tzw,6.01,2011-2019,2017
6hu2,5.9,2011-2019,2018
3pr0,9.54,2011-2019,2011
5kjk,7.92,2011-2019,2016
5h8x,5.51,2011-2019,2016
5zyh,5.57,2011-2019,2019
4gye,6.85,2011-2019,2013
6q7h,7.68,2011-2019,2019
5swf,6.26,2011-2019,2016
5wg5,7.18,2011-2019,2017
4lkl,6.09,2011-2019,2013
5tv3,8.09,2011-2019,2017
4bkj,8.72,2011-2019,2013
5fd2,7.05,2011-2019,2016
5t18,9.3,2011-2019,2017
4rvm,9.0,2011-2019,2015
6g5l,7.62,2011-2019,2019
4x3k,4.56,2011-2019,2015
5if6,7.23,2011-2019,2017
6dql,7.89,2011-2019,2019
6min,3.91,2011-2019,2018
2nd0,3.2,2011-2019,2016
5ksu,4.08,2011-2019,2017
5q1a,8.02,2011-2019,2017
3pn3,6.4,2011-2019,2011
3osi,5.22,2011-2019,2011
4d1c,5.7,2011-2019,2014
4rj8,7.77,2011-2019,2014
6k1s,7.7,2011-2019,2019
4euc,6.1,2011-2019,2012
3t03,6.8,2011-2019,2012
5epp,4.16,2011-2019,2016
5h9r,6.08,2011-2019,2016
6bh1,7.22,2011-2019,2018
4jvi,5.3,2011-2019,2013
4ofb,5.43,2011-2019,2015
5ywy,7.23,2011-2019,2018
4i10,6.77,2011-2019,2013
4dvi,6.72,2011-2019,2012
5ofw,2.8,2011-2019,2017
5hvu,7.89,2011-2019,2017
3ue4,8.96,2011-2019,2012
4m8t,6.43,2011-2019,2014
6qw9,6.64,2011-2019,2019
4wke,8.1,2011-2019,2014
6bic,5.62,2011-2019,2018
4ayx,3.7,2011-2019,2012
4px6,8.4,2011-2019,2014
6fex,7.54,2011-2019,2018
5y12,6.23,2011-2019,2018
5n49,6.33,2011-2019,2017
5zmq,4.74,2011-2019,2018
6hth,7.12,2011-2019,2018
5f6u,2.52,2011-2019,2016
4u01,8.46,2011-2019,2015
5tob,8.82,2011-2019,2017
5xxf,5.74,2011-2019,2017
5ngb,7.72,2011-2019,2017
6i96,6.68,2011-2019,2019
6ssy,3.19,2011-2019,2019
3r88,4.82,2011-2019,2012
4azc,5.86,2011-2019,2013
3tu9,5.12,2011-2019,2011
5e2v,6.08,2011-2019,2016
5orr,3.77,2011-2019,2017
3pfp,6.44,2011-2019,2011
4itj,6.42,2011-2019,2013
4qy3,6.82,2011-2019,2014
6n7z,5.55,2011-2019,2019
5diq,5.17,2011-2019,2015
4elh,8.09,2011-2019,2013
3t3u,8.6,2011-2019,2012
4xh6,5.57,2011-2019,2015
4jfk,6.44,2011-2019,2013
4qo9,6.8,2011-2019,2015
6fym,5.07,2011-2019,2019
6aej,6.15,2011-2019,2019
4ynl,4.62,2011-2019,2015
5u66,3.0,2011-2019,2017
5gvl,7.38,2011-2019,2017
6qw7,6.33,2011-2019,2019
6nm4,7.06,2011-2019,2019
5wg8,5.74,2011-2019,2018
4qo4,8.3,2011-2019,2014
5huw,6.23,2011-2019,2016
3udj,3.62,2011-2019,2012
3ans,6.25,2011-2019,2011
4joe,3.56,2011-2019,2014
6pg3,3.32,2011-2019,2019
4j0a,6.8,2011-2019,2013
4p00,6.4,2011-2019,2014
4wy6,5.97,2011-2019,2015
3wf6,7.48,2011-2019,2014
5uln,7.85,2011-2019,2017
4uj1,6.52,2011-2019,2016
4li7,6.11,2011-2019,2013
3tpu,4.32,2011-2019,2011
5szc,4.69,2011-2019,2017
5km9,4.25,2011-2019,2017
6aff,5.41,2011-2019,2018
6te6,6.57,2011-2019,2019
6b95,5.15,2011-2019,2018
5dp7,4.56,2011-2019,2016
4gcj,7.7,2011-2019,2012
6bhh,3.76,2011-2019,2017
4iwd,9.0,2011-2019,2013
5u0g,4.58,2011-2019,2017
6guh,7.59,2011-2019,2018
6hah,4.81,2011-2019,2019
5zee,2.8,2011-2019,2019
4o0b,8.3,2011-2019,2014
5hrv,5.29,2011-2019,2016
5enk,8.1,2011-2019,2016
4aua,5.14,2011-2019,2013
4uiz,4.7,2011-2019,2015
4o24,4.3,2011-2019,2014
3sad,5.96,2011-2019,2012
4h5e,6.07,2011-2019,2012
5nzn,3.66,2011-2019,2018
4o10,7.11,2011-2019,2014
6mji,7.29,2011-2019,2019
3qiy,5.34,2011-2019,2011
5ntp,9.15,2011-2019,2017
6cdc,5.6,2011-2019,2018
5yjf,5.74,2011-2019,2018
6dtw,8.26,2011-2019,2019
4a9r,7.8,2011-2019,2012
4crd,7.1,2011-2019,2015
4pp7,7.96,2011-2019,2014
3vzv,8.04,2011-2019,2013
6bc9,9.43,2011-2019,2018
3p9h,5.06,2011-2019,2011
4jnm,8.52,2011-2019,2013
3wtj,6.53,2011-2019,2015
2y0j,7.92,2011-2019,2011
5f25,5.04,2011-2019,2016
6cve,6.8,2011-2019,2018
6rmf,8.0,2011-2019,2019
5urk,6.1,2011-2019,2017
5yvt,3.96,2011-2019,2018
6d17,4.82,2011-2019,2019
6buv,4.74,2011-2019,2018
4b7j,7.95,2011-2019,2012
4op1,6.89,2011-2019,2014
4ucc,4.32,2011-2019,2015
5d3h,5.1,2011-2019,2016
2xk9,10.15,2011-2019,2011
5n9t,6.66,2011-2019,2017
5mxf,3.59,2011-2019,2017
3o9g,12.3,2011-2019,2011
3u7k,7.07,2011-2019,2012
3p7b,7.74,2011-2019,2011
4imq,5.82,2011-2019,2013
5mts,7.15,2011-2019,2017
4p90,7.19,2011-2019,2014
6pgc,5.35,2011-2019,2019
5t6z,4.21,2011-2019,2017
6azl,4.93,2011-2019,2017
4fob,8.3,2011-2019,2012
4kz8,2.8,2011-2019,2014
5lpk,5.51,2011-2019,2017
4cy1,6.74,2011-2019,2014
3iny,3.66,2011-2019,2011
4gqr,3.96,2011-2019,2012
5qqp,8.28,2011-2019,2019
4hys,7.26,2011-2019,2013
4foc,8.52,2011-2019,2012
3t01,4.48,2011-2019,2011
4qwf,6.0,2011-2019,2015
3tl0,6.59,2011-2019,2011
4hf4,8.62,2011-2019,2012
4dht,4.82,2011-2019,2013
6cb5,5.37,2011-2019,2018
4zlo,4.92,2011-2019,2015
4c6u,4.59,2011-2019,2013
6dm8,7.28,2011-2019,2018
5j7g,7.24,2011-2019,2017
4ieh,7.85,2011-2019,2013
6h75,4.38,2011-2019,2019
3t2w,7.46,2011-2019,2012
4jn4,5.86,2011-2019,2013
6jan,5.79,2011-2019,2019
4nja,6.22,2011-2019,2014
5alm,6.53,2011-2019,2015
6r8w,5.92,2011-2019,2019
3uwo,6.36,2011-2019,2012
6ms1,5.22,2011-2019,2019
5em6,8.4,2011-2019,2015
4y16,7.43,2011-2019,2015
2yak,8.7,2011-2019,2011
6hsh,7.55,2011-2019,2018
6sfi,7.59,2011-2019,2019
5eko,4.8,2011-2019,2016
3uyr,6.9,2011-2019,2012
4acd,8.31,2011-2019,2012
3p0g,10.08,2011-2019,2011
5aqg,4.51,2011-2019,2016
4zsj,5.64,2011-2019,2016
5kqg,5.15,2011-2019,2016
6g9a,7.68,2011-2019,2018
3su6,6.02,2011-2019,2012
3r8v,5.54,2011-2019,2012
5zdp,7.18,2011-2019,2019
5h6v,6.68,2011-2019,2017
5o45,8.05,2011-2019,2017
6mt5,4.49,2011-2019,2019
5ttg,7.34,2011-2019,2017
4eh2,3.16,2011-2019,2012
5mnc,1.31,2011-2019,2017
4mmm,3.82,2011-2019,2014
6dh0,10.59,2011-2019,2018
4wyz,4.3,2011-2019,2015
5aom,2.9,2011-2019,2015
4oc6,7.07,2011-2019,2014
5n55,5.99,2011-2019,2017
4uy1,4.7,2011-2019,2014
5itd,6.58,2011-2019,2016
2yiw,9.1,2011-2019,2011
4b84,4.66,2011-2019,2013
4uwg,8.15,2011-2019,2014
2ya6,5.7,2011-2019,2011
5o7e,8.0,2011-2019,2018
4loj,6.52,2011-2019,2013
3wtm,7.0,2011-2019,2015
4unn,6.38,2011-2019,2015
5ivn,8.85,2011-2019,2016
6mjj,7.84,2011-2019,2019
5mi3,6.84,2011-2019,2017
4z2g,6.66,2011-2019,2015
5b5p,9.7,2011-2019,2017
5xzr,5.49,2011-2019,2017
4idz,4.36,2011-2019,2013
4mo4,4.22,2011-2019,2014
5hog,3.64,2011-2019,2016
2xvd,8.7,2011-2019,2011
3ugc,6.02,2011-2019,2012
6iht,5.21,2011-2019,2019
6f9g,5.7,2011-2019,2018
6hro,7.3,2011-2019,2019
4fmo,5.53,2011-2019,2013
5v8q,8.44,2011-2019,2017
4ch2,5.99,2011-2019,2013
4x47,2.85,2011-2019,2015
5yyf,6.48,2011-2019,2018
6k3l,7.22,2011-2019,2019
2ydi,6.82,2011-2019,2012
6fs0,9.77,2011-2019,2018
4qxs,5.96,2011-2019,2015
6qh9,5.0,2011-2019,2019
5nrf,6.79,2011-2019,2018
5wa6,6.36,2011-2019,2018
5jao,4.0,2011-2019,2016
4zae,8.44,2011-2019,2015
4xtt,7.37,2011-2019,2015
3v6s,9.12,2011-2019,2012
3pju,4.88,2011-2019,2011
2ndo,3.25,2011-2019,2017
4cdr,5.1,2011-2019,2013
6uhu,3.4,2011-2019,2019
6gop,9.15,2011-2019,2018
6hcv,8.3,2011-2019,2019
5aqf,3.78,2011-2019,2016
5j5t,6.96,2011-2019,2016
3up2,7.4,2011-2019,2012
5cau,8.8,2011-2019,2015
6md7,6.74,2011-2019,2019
5v5d,5.27,2011-2019,2017
4qz0,5.46,2011-2019,2015
5wf6,7.83,2011-2019,2018
6a8n,7.82,2011-2019,2019
4xii,6.6,2011-2019,2015
4yje,4.84,2011-2019,2016
5fnr,4.23,2011-2019,2016
6b98,4.65,2011-2019,2017
5tg7,4.53,2011-2019,2017
4bnt,3.86,2011-2019,2013
5ewy,4.3,2011-2019,2016
5x62,6.42,2011-2019,2017
6ft4,6.63,2011-2019,2018
6hmr,6.83,2011-2019,2019
5afv,5.59,2011-2019,2015
5edb,7.0,2011-2019,2016
3mg7,7.89,2011-2019,2011
5nxo,8.31,2011-2019,2018
5tg5,4.01,2011-2019,2017
5c7d,5.11,2011-2019,2015
3s68,8.66,2011-2019,2012
6aah,8.41,2011-2019,2018
4xir,6.94,2011-2019,2015
4k60,3.24,2011-2019,2013
4j0s,6.42,2011-2019,2013
5tt3,6.71,2011-2019,2017
4nks,7.17,2011-2019,2013
5t4b,9.38,2011-2019,2016
4pge,7.77,2011-2019,2015
5thj,2.87,2011-2019,2017
2y4s,6.15,2011-2019,2011
6cz4,7.12,2011-2019,2018
3qce,5.6,2011-2019,2011
4joo,4.43,2011-2019,2013
2lsp,3.56,2011-2019,2012
3pwh,8.72,2011-2019,2011
5l4e,4.61,2011-2019,2016
4fyo,7.33,2011-2019,2013
5ufo,7.43,2011-2019,2017
4apo,4.91,2011-2019,2013
4mvx,7.24,2011-2019,2014
6e23,10.0,2011-2019,2019
4q3t,6.48,2011-2019,2014
3pwm,9.1,2011-2019,2011
6dq5,5.19,2011-2019,2018
3pka,6.27,2011-2019,2011
5hd0,8.4,2011-2019,2016
5wev,6.82,2011-2019,2017
3vha,7.4,2011-2019,2012
6pvx,7.17,2011-2019,2019
5knj,6.94,2011-2019,2016
4ehr,7.89,2011-2019,2012
5kup,8.14,2011-2019,2016
5wqd,4.77,2011-2019,2017
6oag,5.43,2011-2019,2019
4ie6,5.55,2011-2019,2013
4m5i,5.17,2011-2019,2014
2yiu,6.89,2011-2019,2011
4rrr,4.44,2011-2019,2015
5bnj,8.7,2011-2019,2015
5mkj,4.31,2011-2019,2017
5mzg,6.86,2011-2019,2018
6n9l,6.7,2011-2019,2019
4kax,4.77,2011-2019,2013
6oot,11.3,2011-2019,2019
5xmt,7.58,2011-2019,2017
4ucu,3.35,2011-2019,2015
6ndl,7.19,2011-2019,2019
5v7w,7.12,2011-2019,2017
5tgy,7.35,2011-2019,2017
3upy,5.62,2011-2019,2012
4bf1,8.62,2011-2019,2014
4ovz,6.31,2011-2019,2014
6eqa,4.85,2011-2019,2018
5jat,6.64,2011-2019,2016
5dus,5.53,2011-2019,2016
6cdm,9.09,2011-2019,2018
3b25,6.07,2011-2019,2011
4xg8,8.72,2011-2019,2015
4e28,5.89,2011-2019,2012
2xk1,5.74,2011-2019,2011
4ezx,5.8,2011-2019,2013
4f9g,5.62,2011-2019,2012
5im3,5.82,2011-2019,2016
4p6c,4.0,2011-2019,2015
6gfm,5.47,2011-2019,2019
4nnn,6.57,2011-2019,2014
5a6n,4.28,2011-2019,2015
5awu,4.65,2011-2019,2016
4qkx,7.07,2011-2019,2014
4acx,7.11,2011-2019,2012
4gdy,7.08,2011-2019,2012
6c7q,9.15,2011-2019,2018
4avw,7.62,2011-2019,2012
4nzo,6.77,2011-2019,2014
4hyu,8.21,2011-2019,2013
6drt,4.97,2011-2019,2018
5ehp,4.92,2011-2019,2016
3o9c,12.05,2011-2019,2011
2lha,5.19,2011-2019,2012
5tts,7.25,2011-2019,2017
6a93,8.16,2011-2019,2019
4tpt,7.04,2011-2019,2014
3wqm,6.25,2011-2019,2014
6bmx,4.72,2011-2019,2018
6b8u,9.7,2011-2019,2017
4jr0,8.2,2011-2019,2013
3r9n,5.85,2011-2019,2012
2y54,4.7,2011-2019,2011
4e5g,4.67,2011-2019,2012
3u7n,7.95,2011-2019,2012
3vb5,5.34,2011-2019,2012
5u7k,8.15,2011-2019,2017
6n0m,5.82,2011-2019,2019
4qqi,5.52,2011-2019,2014
4imz,6.92,2011-2019,2013
4q1x,11.15,2011-2019,2015
4x3i,3.17,2011-2019,2015
3rv6,4.68,2011-2019,2012
3u93,6.31,2011-2019,2012
4ndu,2.74,2011-2019,2014
3m6r,7.49,2011-2019,2011
6f92,6.4,2011-2019,2018
3o9f,12.7,2011-2019,2011
6enm,8.32,2011-2019,2018
6f9t,7.86,2011-2019,2018
6mdd,4.33,2011-2019,2019
5mlw,5.03,2011-2019,2017
3wqv,5.21,2011-2019,2014
5v0n,7.17,2011-2019,2017
3ryv,7.07,2011-2019,2011
6cmj,8.3,2011-2019,2018
5cil,7.39,2011-2019,2015
6rfj,8.4,2011-2019,2019
2n27,6.55,2011-2019,2016
4iu1,4.3,2011-2019,2013
6arj,7.6,2011-2019,2018
3nb5,7.74,2011-2019,2011
6au5,5.57,2011-2019,2017
6h7d,5.49,2011-2019,2019
4ux6,5.92,2011-2019,2014
4bt9,3.84,2011-2019,2013
5ece,8.05,2011-2019,2015
4pqn,9.15,2011-2019,2014
4rsp,5.44,2011-2019,2015
3w69,7.24,2011-2019,2013
6faf,6.51,2011-2019,2018
6eed,6.09,2011-2019,2018
5lpm,5.56,2011-2019,2017
5g3m,5.66,2011-2019,2016
6aam,8.32,2011-2019,2018
6s4u,7.76,2011-2019,2019
6qad,7.85,2011-2019,2019
5xpi,5.28,2011-2019,2018
4xpj,5.09,2011-2019,2015
6ey8,5.81,2011-2019,2018
4o55,5.3,2011-2019,2014
5c7f,3.98,2011-2019,2015
5ti6,4.68,2011-2019,2017
2x24,6.48,2011-2019,2011
4ufk,3.89,2011-2019,2015
4pnu,4.89,2011-2019,2014
6sze,4.1,2011-2019,2019
4o9w,7.16,2011-2019,2014
5mmp,7.52,2011-2019,2017
3ua8,7.85,2011-2019,2012
5tq8,7.64,2011-2019,2017
4zum,6.57,2011-2019,2015
3orn,9.62,2011-2019,2011
5ogb,7.47,2011-2019,2018
4uiv,7.8,2011-2019,2015
4hbp,8.42,2011-2019,2013
4lkj,6.7,2011-2019,2013
6f8r,4.7,2011-2019,2018
5h63,5.92,2011-2019,2017
4og4,6.02,2011-2019,2014
4dpi,7.11,2011-2019,2012
6n7a,8.37,2011-2019,2019
4yxo,7.04,2011-2019,2016
6euw,7.77,2011-2019,2017
5klt,6.76,2011-2019,2016
5ktw,7.52,2011-2019,2016
6q6y,6.0,2011-2019,2018
2y06,6.1,2011-2019,2011
4tkh,5.74,2011-2019,2015
5abg,8.05,2011-2019,2015
6jib,5.8,2011-2019,2019
5zwf,8.74,2011-2019,2018
6mum,8.41,2011-2019,2019
6dne,7.48,2011-2019,2018
4bh3,1.92,2011-2019,2013
4xyc,7.51,2011-2019,2015
3n87,4.96,2011-2019,2011
4azt,4.17,2011-2019,2012
4pvv,6.48,2011-2019,2014
5whc,4.92,2011-2019,2017
6ahi,3.6,2011-2019,2018
4pr5,5.66,2011-2019,2014
5lca,4.48,2011-2019,2017
4kn0,7.4,2011-2019,2013
4nb3,7.66,2011-2019,2014
6mm2,5.41,2011-2019,2019
6c2y,6.6,2011-2019,2018
4p4i,7.46,2011-2019,2015
6fui,4.46,2011-2019,2018
6rvk,6.36,2011-2019,2019
4efu,6.6,2011-2019,2012
5x74,8.64,2011-2019,2017
3wf9,6.25,2011-2019,2014
3wth,6.29,2011-2019,2015
3t1n,6.1,2011-2019,2011
5u98,9.7,2011-2019,2017
6q9q,6.84,2011-2019,2019
4avu,7.85,2011-2019,2012
6e7u,6.92,2011-2019,2019
4c16,4.96,2011-2019,2014
4kz3,2.77,2011-2019,2014
5llp,9.24,2011-2019,2017
6cdl,10.92,2011-2019,2018
5tzh,6.17,2011-2019,2017
2y2n,4.57,2011-2019,2011
3sax,6.57,2011-2019,2012
3o9v,7.74,2011-2019,2011
4kwf,4.82,2011-2019,2014
3wq5,3.85,2011-2019,2014
3vd9,4.0,2011-2019,2012
4x6h,7.66,2011-2019,2015
6h7y,9.46,2011-2019,2018
4l4v,5.78,2011-2019,2013
4ynk,8.3,2011-2019,2016
5h0g,6.95,2011-2019,2017
3qw6,3.52,2011-2019,2012
6r1d,5.4,2011-2019,2019
4jal,4.6,2011-2019,2013
5thi,3.61,2011-2019,2017
6hhr,7.01,2011-2019,2019
4jkw,4.16,2011-2019,2013
4u43,4.32,2011-2019,2014
3zrl,6.8,2011-2019,2011
4r6x,5.27,2011-2019,2014
4dbn,8.15,2011-2019,2012
4uib,9.0,2011-2019,2015
4ono,5.19,2011-2019,2014
3vb4,4.31,2011-2019,2012
4jj8,6.14,2011-2019,2013
5e0a,6.59,2011-2019,2015
5fpk,3.55,2011-2019,2016
3q7p,5.8,2011-2019,2011
4j26,5.44,2011-2019,2013
6boy,5.74,2011-2019,2018
4yff,8.0,2011-2019,2015
2y2p,4.7,2011-2019,2011
3txo,8.05,2011-2019,2011
3rsb,6.4,2011-2019,2011
6ikm,8.57,2011-2019,2019
5i9x,7.52,2011-2019,2016
5x5o,8.3,2011-2019,2017
5i8c,7.6,2011-2019,2016
4m8y,9.96,2011-2019,2014
5k5e,6.35,2011-2019,2016
6dj7,8.72,2011-2019,2018
6fsy,6.61,2011-2019,2018
3ppm,9.54,2011-2019,2011
5g22,7.0,2011-2019,2017
2l7u,3.98,2011-2019,2011
5mxq,5.72,2011-2019,2018
4qbm,4.58,2011-2019,2014
4pyy,7.23,2011-2019,2015
4mo8,8.0,2011-2019,2013
4nj9,6.97,2011-2019,2014
2n14,5.33,2011-2019,2016
3v2q,6.29,2011-2019,2013
4c52,5.68,2011-2019,2014
4owm,2.96,2011-2019,2014
4x8p,5.48,2011-2019,2015
4tyo,7.1,2011-2019,2014
5yij,3.42,2011-2019,2018
3tfk,5.01,2011-2019,2011
4qdk,5.85,2011-2019,2014
4jyu,8.0,2011-2019,2013
5er5,3.67,2011-2019,2016
4wop,4.76,2011-2019,2015
5e89,7.85,2011-2019,2016
4mk8,9.0,2011-2019,2013
2yga,4.61,2011-2019,2011
4mga,5.86,2011-2019,2014
6fnq,4.59,2011-2019,2018
4mk9,8.05,2011-2019,2013
3r6t,5.86,2011-2019,2012
5t70,3.99,2011-2019,2017
4jsr,8.4,2011-2019,2013
3w9k,6.32,2011-2019,2013
5ovr,4.57,2011-2019,2017
4bgk,6.28,2011-2019,2014
5cp5,5.91,2011-2019,2016
4cst,8.89,2011-2019,2015
5enf,3.57,2011-2019,2016
5uxn,4.64,2011-2019,2018
5m57,4.92,2011-2019,2016
6uwp,7.55,2011-2019,2019
4bqx,6.52,2011-2019,2013
5qay,3.23,2011-2019,2018
5wfz,8.0,2011-2019,2017
4qiy,7.3,2011-2019,2015
5kqf,6.51,2011-2019,2016
6c7w,5.47,2011-2019,2018
4m8e,7.89,2011-2019,2014
6aa5,7.28,2011-2019,2019
4hxr,5.39,2011-2019,2013
6bgu,6.28,2011-2019,2018
6stl,8.8,2011-2019,2019
4cwt,6.75,2011-2019,2014
5ly1,7.53,2011-2019,2017
3vtr,5.57,2011-2019,2013
4gr8,7.83,2011-2019,2013
5oxn,1.96,2011-2019,2018
3zm4,5.96,2011-2019,2013
4zuo,6.41,2011-2019,2015
5oss,4.55,2011-2019,2018
4kup,5.22,2011-2019,2014
4ge2,6.05,2011-2019,2012
3s0n,6.74,2011-2019,2011
3zhx,6.68,2011-2019,2013
5vh0,4.52,2011-2019,2018
5dcz,9.3,2011-2019,2016
4uyd,4.1,2011-2019,2014
5hz8,6.4,2011-2019,2016
4tkg,6.85,2011-2019,2014
4a6s,5.2,2011-2019,2012
4umj,5.57,2011-2019,2015
5z99,6.88,2011-2019,2018
5etx,6.81,2011-2019,2016
5f1z,8.68,2011-2019,2016
6dh6,9.93,2011-2019,2018
5y5w,6.1,2011-2019,2017
4o71,4.74,2011-2019,2014
4gk4,7.85,2011-2019,2013
5evk,4.92,2011-2019,2016
2xzq,6.59,2011-2019,2011
5win,7.03,2011-2019,2018
4eky,3.52,2011-2019,2012
5qb3,4.31,2011-2019,2018
4zcw,7.37,2011-2019,2016
3oof,7.3,2011-2019,2011
4x8g,6.0,2011-2019,2015
5sy3,4.37,2011-2019,2016
6e6j,8.1,2011-2019,2019
5e2r,7.06,2011-2019,2015
4hym,8.22,2011-2019,2013
3az9,6.0,2011-2019,2012
4bw2,5.2,2011-2019,2013
5ezz,6.84,2011-2019,2016
4heu,10.01,2011-2019,2012
4q1y,10.35,2011-2019,2015
6gcr,8.33,2011-2019,2019
6r9s,2.15,2011-2019,2019
4amx,2.19,2011-2019,2013
5ksx,5.43,2011-2019,2017
4dow,5.02,2011-2019,2012
4bg6,7.16,2011-2019,2013
5ji6,7.96,2011-2019,2016
5yjp,6.62,2011-2019,2017
4l7u,5.66,2011-2019,2014
4uc5,5.48,2011-2019,2015
4bcg,8.15,2011-2019,2013
5nar,6.3,2011-2019,2017
4xaq,7.14,2011-2019,2015
6e6v,7.77,2011-2019,2019
6mom,9.52,2011-2019,2019
3p5k,7.12,2011-2019,2011
5ewj,6.89,2011-2019,2016
5cr7,3.1,2011-2019,2016
3qpn,7.77,2011-2019,2011
4rvr,6.87,2011-2019,2014
5hkm,7.89,2011-2019,2016
5o1b,4.7,2011-2019,2018
5alj,5.56,2011-2019,2015
4a4c,3.61,2011-2019,2012
6jid,5.08,2011-2019,2019
5fi2,7.15,2011-2019,2016
6alz,10.42,2011-2019,2017
3w2p,5.09,2011-2019,2013
5dex,7.65,2011-2019,2016
4m8x,10.2,2011-2019,2014
2n3k,6.8,2011-2019,2016
6fkp,6.52,2011-2019,2018
5m04,6.34,2011-2019,2017
5dv2,2.9,2011-2019,2016
6pg5,4.96,2011-2019,2019
6q30,5.52,2011-2019,2019
5f9b,4.26,2011-2019,2016
5f3i,7.1,2011-2019,2016
6fba,4.7,2011-2019,2018
4rwl,8.1,2011-2019,2015
4ygf,7.68,2011-2019,2015
6qff,5.69,2011-2019,2019
6f7t,9.44,2011-2019,2018
4cc2,4.33,2011-2019,2013
5aia,5.2,2011-2019,2015
4tz2,3.46,2011-2019,2014
6bod,4.26,2011-2019,2018
4yqu,6.66,2011-2019,2016
4btl,5.6,2011-2019,2013
5wik,6.21,2011-2019,2018
5jm4,7.42,2011-2019,2017
6s8a,8.07,2011-2019,2019
4nue,6.82,2011-2019,2014
5uig,7.95,2011-2019,2017
6ay5,7.16,2011-2019,2018
3sl1,3.59,2011-2019,2011
6u7p,11.68,2011-2019,2019
5h17,6.05,2011-2019,2017
4b74,7.66,2011-2019,2012
4nzb,4.17,2011-2019,2014
3rxe,4.76,2011-2019,2011
4kn7,7.62,2011-2019,2013
5l98,3.31,2011-2019,2016
6cc9,3.15,2011-2019,2018
3vv7,5.34,2011-2019,2012
6ftw,6.49,2011-2019,2019
6giu,6.66,2011-2019,2018
4dv8,9.24,2011-2019,2012
3qtw,6.19,2011-2019,2012
4cp5,3.34,2011-2019,2015
4loo,8.15,2011-2019,2013
6n54,7.75,2011-2019,2019
5nxw,7.24,2011-2019,2018
4kmd,5.41,2011-2019,2013
4rqv,5.05,2011-2019,2014
4o0a,6.72,2011-2019,2014
6dyn,3.19,2011-2019,2019
6g5j,6.7,2011-2019,2018
5e3a,5.44,2011-2019,2016
4f20,3.29,2011-2019,2012
6pic,3.39,2011-2019,2019
5c83,6.8,2011-2019,2015
5t1l,6.62,2011-2019,2016
5vqs,5.7,2011-2019,2017
6i65,6.41,2011-2019,2019
2y36,6.42,2011-2019,2011
4e70,5.28,2011-2019,2013
5mqv,8.1,2011-2019,2017
5v37,9.47,2011-2019,2018
5qae,3.62,2011-2019,2018
4mds,5.21,2011-2019,2013
5yh8,6.78,2011-2019,2018
5k0j,7.12,2011-2019,2016
2y5g,6.84,2011-2019,2011
3nw9,9.0,2011-2019,2011
5vdk,7.57,2011-2019,2017
6axp,5.07,2011-2019,2017
3t64,6.7,2011-2019,2012
5u9i,7.31,2011-2019,2017
3udq,6.0,2011-2019,2012
4jaz,5.04,2011-2019,2014
5f3t,3.68,2011-2019,2016
3mp6,5.96,2011-2019,2011
4j5p,7.92,2011-2019,2013
4o04,6.16,2011-2019,2014
6p7p,6.15,2011-2019,2019
6qho,6.2,2011-2019,2019
4w9p,7.8,2011-2019,2014
6c7e,8.55,2011-2019,2018
4c61,8.4,2011-2019,2014
6gon,5.67,2011-2019,2018
5ur6,7.06,2011-2019,2017
4axd,4.43,2011-2019,2012
4c72,5.09,2011-2019,2013
6uii,6.43,2011-2019,2019
5o5m,5.23,2011-2019,2018
4qxr,6.0,2011-2019,2014
3qd3,8.0,2011-2019,2011
5e2m,7.23,2011-2019,2016
6qab,8.21,2011-2019,2019
5a82,5.6,2011-2019,2015
5kpl,6.29,2011-2019,2018
5zg3,7.21,2011-2019,2019
6eq7,7.0,2011-2019,2018
4pd7,3.92,2011-2019,2014
5clm,7.36,2011-2019,2015
5egm,8.62,2011-2019,2015
5i8b,6.96,2011-2019,2016
4eqc,8.1,2011-2019,2013
5aix,7.92,2011-2019,2015
6d15,4.48,2011-2019,2019
5qak,3.66,2011-2019,2018
5c4s,8.42,2011-2019,2015
2xp5,3.44,2011-2019,2011
5tvn,9.04,2011-2019,2017
5zty,10.12,2011-2019,2019
4q1f,8.04,2011-2019,2014
4bh4,1.49,2011-2019,2013
5zml,8.11,2011-2019,2019
4fr3,7.15,2011-2019,2013
6nyv,6.51,2011-2019,2019
6dxl,5.8,2011-2019,2018
5gsa,7.09,2011-2019,2017
4i4e,6.3,2011-2019,2013
6hgf,5.02,2011-2019,2019
5am7,7.19,2011-2019,2015
3ap4,3.92,2011-2019,2011
5u8f,7.96,2011-2019,2017
5nut,7.92,2011-2019,2018
3ao5,2.23,2011-2019,2011
3o5n,4.76,2011-2019,2011
4muv,5.76,2011-2019,2014
6i0c,6.85,2011-2019,2019
5u5h,5.89,2011-2019,2017
6nfh,7.15,2011-2019,2019
5t27,7.1,2011-2019,2017
5dp8,6.36,2011-2019,2016
6gdg,8.74,2011-2019,2018
4yhz,7.96,2011-2019,2016
2xno,5.93,2011-2019,2011
4xo8,8.96,2011-2019,2016
6q8c,7.68,2011-2019,2019
5l2w,6.68,2011-2019,2016
4e8w,6.09,2011-2019,2012
2ygf,5.09,2011-2019,2011
3lkj,4.6,2011-2019,2011
2mji,4.25,2011-2019,2014
5dkr,5.22,2011-2019,2016
4zsa,7.82,2011-2019,2015
3o4l,5.09,2011-2019,2011
5uff,4.24,2011-2019,2017
3oe5,6.88,2011-2019,2011
3ard,6.76,2011-2019,2011
4hlc,6.76,2011-2019,2012
4mka,9.0,2011-2019,2013
6h4u,6.16,2011-2019,2019
4azp,5.9,2011-2019,2013
5dt2,6.82,2011-2019,2016
4jvb,7.41,2011-2019,2013
4rcg,5.03,2011-2019,2015
4afe,7.14,2011-2019,2012
6s7z,5.66,2011-2019,2019
4xkx,9.05,2011-2019,2015
4r3b,6.25,2011-2019,2015
6gg3,4.21,2011-2019,2019
5i1q,7.92,2011-2019,2016
5can,6.91,2011-2019,2015
4o44,7.85,2011-2019,2014
6o4x,7.4,2011-2019,2019
4pvt,6.52,2011-2019,2014
5h3q,8.22,2011-2019,2017
4j0y,6.36,2011-2019,2013
6dh4,11.3,2011-2019,2018
3rg2,4.2,2011-2019,2012
3qs4,4.68,2011-2019,2011
4x9r,7.82,2011-2019,2015
6hke,7.68,2011-2019,2018
5hln,11.52,2011-2019,2016
6ayr,8.39,2011-2019,2018
5o3r,5.0,2011-2019,2018
5jan,3.01,2011-2019,2016
2yj2,7.92,2011-2019,2011
4izy,8.52,2011-2019,2013
6pve,7.37,2011-2019,2019
4q8x,3.57,2011-2019,2015
4lwt,5.41,2011-2019,2014
4iho,5.1,2011-2019,2013
4mq1,7.92,2011-2019,2013
4hbx,5.72,2011-2019,2012
5dx3,7.41,2011-2019,2016
4rfz,7.4,2011-2019,2014
6a04,5.21,2011-2019,2019
4z46,2.82,2011-2019,2015
3r6u,4.52,2011-2019,2011
2n0u,6.22,2011-2019,2016
4lyn,7.22,2011-2019,2013
4pde,6.44,2011-2019,2015
5t4v,7.22,2011-2019,2017
4qjp,8.6,2011-2019,2015
5ihc,7.89,2011-2019,2016
4n9d,7.72,2011-2019,2014
3s4q,8.4,2011-2019,2012
5u4a,6.36,2011-2019,2017
6h7b,7.48,2011-2019,2018
4m2v,7.44,2011-2019,2013
4okg,9.32,2011-2019,2014
4ge6,7.47,2011-2019,2012
4w9o,7.77,2011-2019,2014
5w85,8.0,2011-2019,2017
3zt3,2.86,2011-2019,2012
6itq,4.69,2011-2019,2019
5y97,3.6,2011-2019,2018
5l01,7.48,2011-2019,2017
6keb,4.39,2011-2019,2019
6fug,4.3,2011-2019,2018
3r0t,9.04,2011-2019,2011
4x0z,3.15,2011-2019,2015
4bqt,5.79,2011-2019,2013
4j2c,5.25,2011-2019,2013
6jjm,2.85,2011-2019,2019
5axq,10.1,2011-2019,2015
3qtr,6.03,2011-2019,2012
5xpp,7.44,2011-2019,2018
3rjm,6.61,2011-2019,2011
5ia2,7.72,2011-2019,2016
5ech,3.8,2011-2019,2016
4zy6,8.3,2011-2019,2015
6u26,6.97,2011-2019,2019
5jdi,5.37,2011-2019,2016
4es0,6.99,2011-2019,2012
4w4y,6.46,2011-2019,2015
4hnn,5.7,2011-2019,2013
4dfw,7.85,2011-2019,2012
4hcv,6.4,2011-2019,2012
4ydg,7.82,2011-2019,2016
5orw,3.1,2011-2019,2017
4xhv,4.3,2011-2019,2015
4hww,6.65,2011-2019,2013
4s2i,9.0,2011-2019,2015
2ll7,8.8,2011-2019,2012
5eei,9.22,2011-2019,2016
5oa2,5.01,2011-2019,2018
6pka,5.92,2011-2019,2019
4lrh,9.72,2011-2019,2013
6ma4,7.35,2011-2019,2018
4rme,5.92,2011-2019,2015
4bqg,6.22,2011-2019,2013
5x4p,5.03,2011-2019,2017
4aa2,3.97,2011-2019,2012
5kab,4.68,2011-2019,2017
6fzm,6.04,2011-2019,2019
6qtx,4.41,2011-2019,2019
4pv5,6.54,2011-2019,2015
5l4j,4.28,2011-2019,2016
6fx1,3.98,2011-2019,2018
4jfz,7.15,2011-2019,2013
3piz,5.46,2011-2019,2011
4pyo,4.52,2011-2019,2014
2lya,4.19,2011-2019,2013
4i6q,7.52,2011-2019,2013
4at5,7.42,2011-2019,2012
5y20,4.52,2011-2019,2018
5ze6,3.35,2011-2019,2019
5cy3,7.8,2011-2019,2015
4ds1,4.75,2011-2019,2012
5jh6,8.48,2011-2019,2017
5k4j,7.11,2011-2019,2016
5ll5,6.04,2011-2019,2017
5osl,3.43,2011-2019,2018
3l9m,7.3,2011-2019,2011
6c9q,5.1,2011-2019,2019
5zdg,5.42,2011-2019,2019
5auw,5.05,2011-2019,2015
4wn1,8.29,2011-2019,2014
5w94,4.65,2011-2019,2017
4rce,8.7,2011-2019,2014
5ett,6.23,2011-2019,2016
4awf,5.57,2011-2019,2012
5wbl,6.44,2011-2019,2017
4n6g,5.47,2011-2019,2014
4nxs,7.37,2011-2019,2014
4jmh,8.68,2011-2019,2014
4y29,6.25,2011-2019,2015
5nev,7.36,2011-2019,2017
4wz6,5.6,2011-2019,2015
6hv2,4.28,2011-2019,2019
6h37,8.59,2011-2019,2018
3q5h,6.25,2011-2019,2011
3qps,5.6,2011-2019,2011
4prj,7.14,2011-2019,2014
4ui6,7.06,2011-2019,2016
2lty,5.38,2011-2019,2012
5iug,7.33,2011-2019,2016
3u15,7.11,2011-2019,2012
3zyu,7.0,2011-2019,2011
3au6,7.92,2011-2019,2012
5wfd,4.58,2011-2019,2018
2xhs,6.0,2011-2019,2011
3su2,7.35,2011-2019,2012
3rwp,9.22,2011-2019,2011
5akh,6.59,2011-2019,2015
6bke,8.35,2011-2019,2018
4j74,4.59,2011-2019,2013
3wto,6.92,2011-2019,2015
4rqi,4.91,2011-2019,2016
6msa,7.08,2011-2019,2019
4wvl,6.88,2011-2019,2014
5zo8,8.2,2011-2019,2018
6d50,5.05,2011-2019,2018
5khm,8.3,2011-2019,2016
4zam,7.96,2011-2019,2016
4hct,7.14,2011-2019,2012
4bw3,6.3,2011-2019,2013
5li3,7.28,2011-2019,2016
3qar,6.49,2011-2019,2011
4g69,5.98,2011-2019,2012
6f86,7.43,2011-2019,2019
5u2f,6.71,2011-2019,2017
3rl8,5.98,2011-2019,2011
6ceh,7.44,2011-2019,2018
5all,5.57,2011-2019,2015
3s6t,7.35,2011-2019,2012
4ca4,7.18,2011-2019,2014
3uev,5.89,2011-2019,2011
5we9,7.22,2011-2019,2017
5dhj,6.7,2011-2019,2015
6cjp,8.11,2011-2019,2019
6d1x,5.2,2011-2019,2018
4f6w,7.52,2011-2019,2013
3u8j,8.51,2011-2019,2011
4lkt,5.9,2011-2019,2014
5oai,5.15,2011-2019,2019
6udt,10.0,2011-2019,2019
6gxw,3.36,2011-2019,2018
3qtz,7.3,2011-2019,2012
5q0r,4.57,2011-2019,2017
3q32,8.74,2011-2019,2011
5zhm,6.14,2011-2019,2019
6css,7.6,2011-2019,2018
4q4e,6.72,2011-2019,2015
4lm0,3.25,2011-2019,2014
4ht0,8.0,2011-2019,2013
3unj,4.96,2011-2019,2012
4tpp,8.59,2011-2019,2014
5h08,5.96,2011-2019,2017
4uoh,4.77,2011-2019,2014
6jdi,5.11,2011-2019,2019
6hbm,5.02,2011-2019,2019
2ycr,7.16,2011-2019,2011
2xnp,6.44,2011-2019,2011
6bhi,4.25,2011-2019,2017
4y8d,8.05,2011-2019,2015
6jtc,5.07,2011-2019,2019
5k8s,8.22,2011-2019,2016
4kn1,6.84,2011-2019,2013
4z7o,5.04,2011-2019,2016
6e3o,8.7,2011-2019,2019
4urz,2.52,2011-2019,2015
5d1j,7.32,2011-2019,2015
5wh6,7.92,2011-2019,2018
3vo3,8.85,2011-2019,2013
4m6p,7.27,2011-2019,2013
4w9e,5.15,2011-2019,2014
6o3w,5.12,2011-2019,2019
6rfi,7.43,2011-2019,2019
4hbw,5.32,2011-2019,2012
6mx8,9.43,2011-2019,2018
4xxs,7.28,2011-2019,2015
4fys,4.82,2011-2019,2012
4m5r,3.0,2011-2019,2013
4wmu,6.74,2011-2019,2015
4n98,3.55,2011-2019,2013
5km2,4.41,2011-2019,2017
6uf0,7.14,2011-2019,2019
5jar,5.7,2011-2019,2016
6a05,4.89,2011-2019,2019
4ir6,6.08,2011-2019,2013
4z1j,8.11,2011-2019,2015
3vw7,8.1,2011-2019,2012
5zeq,8.82,2011-2019,2018
6b7h,9.03,2011-2019,2018
4lj3,9.0,2011-2019,2014
4n6y,7.04,2011-2019,2013
6rj3,6.4,2011-2019,2019
5dyw,8.31,2011-2019,2017
6saf,6.64,2011-2019,2019
5cf8,8.96,2011-2019,2015
5azg,5.54,2011-2019,2015
6dat,5.05,2011-2019,2019
5u6c,10.3,2011-2019,2017
5fpp,4.0,2011-2019,2016
5d3c,10.4,2011-2019,2016
3stj,4.8,2011-2019,2011
5izk,6.72,2011-2019,2016
4wov,7.14,2011-2019,2015
4wx4,9.22,2011-2019,2015
5ufp,7.37,2011-2019,2017
4wz8,7.21,2011-2019,2014
6kjd,5.05,2011-2019,2019
6asu,5.21,2011-2019,2018
5qab,3.65,2011-2019,2018
6hb5,5.83,2011-2019,2019
4o3a,2.59,2011-2019,2014
4yyt,6.38,2011-2019,2016
6euv,8.62,2011-2019,2017
4l58,4.68,2011-2019,2013
6hgr,3.46,2011-2019,2019
6d2o,5.3,2011-2019,2018
4mmp,7.71,2011-2019,2014
6g2b,3.8,2011-2019,2019
5wic,4.64,2011-2019,2017
4w9x,7.4,2011-2019,2014
4auj,7.74,2011-2019,2013
4djx,7.23,2011-2019,2012
4ht2,6.54,2011-2019,2013
4io2,6.7,2011-2019,2013
4ccd,4.49,2011-2019,2013
2xm2,4.62,2011-2019,2011
4urx,2.89,2011-2019,2015
5v79,6.41,2011-2019,2017
5bvf,9.72,2011-2019,2015
4kz6,3.1,2011-2019,2014
6qpl,7.04,2011-2019,2019
4yrs,3.07,2011-2019,2015
5j32,5.08,2011-2019,2016
3rxb,2.66,2011-2019,2011
3vbt,4.43,2011-2019,2012
3rl7,4.74,2011-2019,2011
6q35,4.82,2011-2019,2019
3st5,11.3,2011-2019,2011
6nfo,5.57,2011-2019,2019
6m9t,7.7,2011-2019,2018
4obo,7.11,2011-2019,2014
4xtp,4.26,2011-2019,2016
6hp9,8.25,2011-2019,2019
6ugn,6.12,2011-2019,2019
4o5b,8.3,2011-2019,2014
6pyr,9.0,2011-2019,2019
3w33,7.44,2011-2019,2013
4w4v,6.94,2011-2019,2015
5c28,5.66,2011-2019,2015
4zme,4.3,2011-2019,2015
5k1i,8.04,2011-2019,2016
5a0e,6.53,2011-2019,2015
5mi7,7.11,2011-2019,2017
4b6s,6.01,2011-2019,2012
4j0v,7.55,2011-2019,2013
6qtr,4.64,2011-2019,2019
3u4w,8.4,2011-2019,2012
3voz,6.85,2011-2019,2012
4byi,8.05,2011-2019,2013
4p10,8.1,2011-2019,2014
4j3e,7.06,2011-2019,2013
6dar,6.66,2011-2019,2018
5b6g,7.44,2011-2019,2017
4rx8,7.46,2011-2019,2015
5v86,7.1,2011-2019,2017
6c2t,9.05,2011-2019,2019
5h0h,6.16,2011-2019,2017
5hor,8.22,2011-2019,2016
4dgr,5.04,2011-2019,2012
5d3p,5.13,2011-2019,2016
5hbn,4.89,2011-2019,2016
4fs4,6.57,2011-2019,2012
6hck,4.6,2011-2019,2019
3p78,6.96,2011-2019,2011
6q38,6.38,2011-2019,2019
5em8,5.96,2011-2019,2015
6bhd,5.03,2011-2019,2017
4q3u,6.44,2011-2019,2014
5qan,3.96,2011-2019,2018
4zhl,6.47,2011-2019,2015
3sna,4.14,2011-2019,2011
6jio,4.55,2011-2019,2019
5ee8,6.89,2011-2019,2016
3s3v,6.23,2011-2019,2011
6dj1,10.51,2011-2019,2018
3vf5,9.34,2011-2019,2012
4oym,4.96,2011-2019,2014
5nu5,6.33,2011-2019,2017
4gxl,5.28,2011-2019,2013
4b2d,3.7,2011-2019,2012
6agt,8.4,2011-2019,2019
5tku,9.8,2011-2019,2017
4zyq,8.01,2011-2019,2016
6dtx,8.35,2011-2019,2019
6frj,3.71,2011-2019,2019
4zt8,4.39,2011-2019,2015
5ajy,6.3,2011-2019,2015
6fa3,7.42,2011-2019,2018
5qao,3.62,2011-2019,2018
5fl5,8.19,2011-2019,2015
6r4k,5.07,2011-2019,2019
5t52,9.28,2011-2019,2016
4ipf,7.74,2011-2019,2013
4x6x,8.64,2011-2019,2015
5z1r,5.7,2011-2019,2019
4axa,8.0,2011-2019,2012
4u0e,6.92,2011-2019,2014
5yqn,4.03,2011-2019,2018
5v6y,8.47,2011-2019,2018
3rz8,8.17,2011-2019,2011
4uwk,9.0,2011-2019,2014
5m6h,6.82,2011-2019,2017
5v2q,8.28,2011-2019,2017
3m11,7.37,2011-2019,2011
4r74,8.1,2011-2019,2015
3uvl,5.69,2011-2019,2011
4uyf,7.6,2011-2019,2014
4ofl,7.66,2011-2019,2014
4w7t,6.05,2011-2019,2014
3wgw,5.89,2011-2019,2014
5k7h,6.0,2011-2019,2016
4wci,5.05,2011-2019,2015
4mu7,8.85,2011-2019,2013
6bfn,8.03,2011-2019,2017
3pj1,7.32,2011-2019,2011
5ul6,8.22,2011-2019,2017
5q0h,7.92,2011-2019,2017
3vbx,4.77,2011-2019,2012
4wr8,6.23,2011-2019,2015
3u90,4.62,2011-2019,2012
4m5n,5.12,2011-2019,2014
5ajp,5.3,2011-2019,2015
5eps,4.42,2011-2019,2016
5gvk,7.0,2011-2019,2017
6azk,5.64,2011-2019,2017
4abi,8.2,2011-2019,2012
3pqz,4.46,2011-2019,2011
3oob,4.67,2011-2019,2011
4gu6,7.36,2011-2019,2013
5bs4,11.0,2011-2019,2015
3vrw,9.39,2011-2019,2012
3po6,7.06,2011-2019,2011
5z5v,6.54,2011-2019,2019
4ge1,6.43,2011-2019,2013
6n79,9.68,2011-2019,2019
3qs1,7.96,2011-2019,2011
3iaw,5.8,2011-2019,2011
4rt1,6.14,2011-2019,2015
6h1d,5.6,2011-2019,2019
5n2z,5.31,2011-2019,2017
4p0x,5.92,2011-2019,2014
3sz9,5.27,2011-2019,2011
3vfj,7.04,2011-2019,2013
5ecv,6.77,2011-2019,2016
5l30,9.14,2011-2019,2016
4f2w,11.3,2011-2019,2013
3t8s,8.55,2011-2019,2011
4msg,10.0,2011-2019,2013
5aeh,7.43,2011-2019,2016
4unp,3.23,2011-2019,2015
5f8y,4.24,2011-2019,2016
4xqa,4.99,2011-2019,2015
5ftg,6.15,2011-2019,2016
6u8o,6.54,2011-2019,2019
5l3e,6.18,2011-2019,2016
5alt,4.88,2011-2019,2015
6orr,9.3,2011-2019,2019
4b4g,6.76,2011-2019,2012
4cga,6.4,2011-2019,2014
5k4l,7.3,2011-2019,2016
3uh4,7.96,2011-2019,2012
6rfw,6.5,2011-2019,2019
4qna,4.64,2011-2019,2015
4raq,6.72,2011-2019,2015
5dah,5.3,2011-2019,2015
5ux4,7.05,2011-2019,2018
5yy4,6.43,2011-2019,2018
4k10,6.92,2011-2019,2014
4i0f,6.35,2011-2019,2013
6fjf,8.17,2011-2019,2018
5wbf,3.81,2011-2019,2017
4ui8,7.6,2011-2019,2016
3uvo,7.0,2011-2019,2011
5lp1,9.4,2011-2019,2017
6cwn,6.65,2011-2019,2018
4u1b,5.31,2011-2019,2015
4d8a,3.42,2011-2019,2012
5ezg,4.92,2011-2019,2016
4yrt,2.78,2011-2019,2015
4po0,6.92,2011-2019,2014
4q19,8.05,2011-2019,2014
3wgg,4.4,2011-2019,2014
3vye,8.11,2011-2019,2012
4pkw,4.65,2011-2019,2014
6s9x,6.42,2011-2019,2019
4i0s,7.44,2011-2019,2013
4ci2,6.75,2011-2019,2014
4ksp,8.8,2011-2019,2013
5mnn,3.84,2011-2019,2018
4ca7,7.36,2011-2019,2013
4w9f,5.49,2011-2019,2014
2y8c,6.4,2011-2019,2012
4eg6,7.37,2011-2019,2012
5wkl,6.15,2011-2019,2018
3nzw,5.82,2011-2019,2011
3tvw,4.43,2011-2019,2011
4bt5,2.76,2011-2019,2013
4m84,7.31,2011-2019,2013
4qr5,7.22,2011-2019,2015
6hf5,5.17,2011-2019,2018
3s8l,5.64,2011-2019,2011
2yi5,7.41,2011-2019,2012
4d62,2.44,2011-2019,2015
4yzn,4.81,2011-2019,2015
6eiq,6.42,2011-2019,2018
5n1z,8.19,2011-2019,2017
4ps0,4.04,2011-2019,2015
3sug,6.21,2011-2019,2012
4o2e,8.0,2011-2019,2014
5nvf,7.8,2011-2019,2018
6bbx,6.67,2011-2019,2018
4riu,7.3,2011-2019,2015
5v1b,7.47,2011-2019,2017
6eq1,4.61,2011-2019,2018
5knu,5.55,2011-2019,2017
4rwj,8.7,2011-2019,2015
5eje,5.6,2011-2019,2016
5alc,8.13,2011-2019,2015
4p6g,8.11,2011-2019,2014
4hcu,8.0,2011-2019,2012
4pqa,5.55,2011-2019,2014
5bq0,7.82,2011-2019,2015
6e3p,8.7,2011-2019,2019
6hr2,7.0,2011-2019,2019
4bti,9.7,2011-2019,2013
3axk,4.15,2011-2019,2012
3twd,7.74,2011-2019,2011
5e91,8.4,2011-2019,2016
4uma,5.41,2011-2019,2014
5evb,5.0,2011-2019,2016
6njj,5.99,2011-2019,2019
3rpy,5.32,2011-2019,2012
4xs2,5.82,2011-2019,2015
3o56,9.1,2011-2019,2011
5nwe,4.88,2011-2019,2018
2y57,6.89,2011-2019,2011
6ncn,3.05,2011-2019,2019
5x72,6.33,2011-2019,2017
5igl,7.37,2011-2019,2016
6eln,6.05,2011-2019,2018
3qfy,6.12,2011-2019,2011
4tu4,3.76,2011-2019,2014
6nfi,7.05,2011-2019,2019
3rk5,5.4,2011-2019,2012
5y61,1.72,2011-2019,2017
4caf,7.12,2011-2019,2014
5w6e,8.04,2011-2019,2018
5yc1,4.34,2011-2019,2017
5n6s,8.09,2011-2019,2017
4m3p,5.4,2011-2019,2014
4j3j,7.51,2011-2019,2014
5goe,4.34,2011-2019,2017
6qrc,4.89,2011-2019,2019
4p73,7.66,2011-2019,2014
6o68,4.99,2011-2019,2019
4q93,4.65,2011-2019,2014
4tv3,8.72,2011-2019,2014
4zim,8.62,2011-2019,2015
6h1h,6.17,2011-2019,2018
4nra,4.19,2011-2019,2013
6dh5,11.3,2011-2019,2018
5a54,6.15,2011-2019,2016
5he1,6.55,2011-2019,2016
3t3g,5.49,2011-2019,2012
5bvo,8.3,2011-2019,2015
4ez5,6.52,2011-2019,2013
4a6w,5.72,2011-2019,2012
4g0q,2.52,2011-2019,2012
4rn2,5.82,2011-2019,2015
6hlx,7.17,2011-2019,2018
5tkk,8.28,2011-2019,2018
4qip,5.15,2011-2019,2015
6d4u,5.7,2011-2019,2019
4exg,8.07,2011-2019,2012
2ypo,4.68,2011-2019,2013
4re3,8.57,2011-2019,2015
6s7k,4.24,2011-2019,2019
3vh9,6.24,2011-2019,2012
3qd0,8.5,2011-2019,2011
4ibk,4.3,2011-2019,2014
6g4y,8.82,2011-2019,2018
6oyh,6.98,2011-2019,2019
5ow8,5.16,2011-2019,2018
4xhk,8.3,2011-2019,2015
4mro,7.06,2011-2019,2014
2yjc,7.66,2011-2019,2011
6qgk,6.7,2011-2019,2019
4ckj,4.84,2011-2019,2014
3qsd,7.19,2011-2019,2011
6i1r,5.84,2011-2019,2019
5wg3,8.1,2011-2019,2017
3zha,6.0,2011-2019,2013
4xh2,8.22,2011-2019,2015
3sud,9.85,2011-2019,2012
6qqv,4.92,2011-2019,2019
4ijp,7.8,2011-2019,2013
6fmf,5.88,2011-2019,2018
5hgq,7.34,2011-2019,2016
4bib,6.6,2011-2019,2013
4i7c,8.22,2011-2019,2013
5y2f,5.15,2011-2019,2018
4y6p,7.16,2011-2019,2015
6fi4,5.66,2011-2019,2018
2ms4,4.82,2011-2019,2015
5elq,5.7,2011-2019,2016
4yih,4.66,2011-2019,2015
4hv3,3.94,2011-2019,2012
3ur9,6.31,2011-2019,2012
6pga,4.54,2011-2019,2019
4ie7,5.05,2011-2019,2013
4wkv,6.79,2011-2019,2014
4why,8.1,2011-2019,2014
6gzd,8.01,2011-2019,2018
4bcs,6.99,2011-2019,2013
6f29,5.49,2011-2019,2018
5tzc,8.1,2011-2019,2017
6hk3,7.5,2011-2019,2019
5h8g,10.32,2011-2019,2016
4zro,6.16,2011-2019,2015
5fom,5.01,2011-2019,2016
5n7x,5.24,2011-2019,2017
2xn3,5.92,2011-2019,2011
3pab,4.7,2011-2019,2011
5jsg,4.85,2011-2019,2017
5nee,10.7,2011-2019,2017
5j4y,6.05,2011-2019,2016
3zly,3.52,2011-2019,2013
6idg,6.66,2011-2019,2019
6d6t,8.21,2011-2019,2018
5uch,6.01,2011-2019,2018
6ql3,7.0,2011-2019,2019
4eb9,8.27,2011-2019,2012
4csy,3.06,2011-2019,2014
4eyj,6.21,2011-2019,2012
4u6c,5.0,2011-2019,2015
5npr,4.9,2011-2019,2018
4bde,4.8,2011-2019,2013
4k42,6.55,2011-2019,2014
6n97,5.15,2011-2019,2019
5gja,5.55,2011-2019,2017
5kbe,6.34,2011-2019,2016
5ejw,3.3,2011-2019,2016
6n53,7.87,2011-2019,2019
5oku,6.26,2011-2019,2017
6apw,6.17,2011-2019,2018
2ymt,8.0,2011-2019,2013
3oik,6.17,2011-2019,2011
3r22,7.77,2011-2019,2011
4wym,4.0,2011-2019,2014
5aqo,2.85,2011-2019,2016
5eci,3.8,2011-2019,2016
4yb5,4.71,2011-2019,2016
4yth,8.7,2011-2019,2015
6oir,7.77,2011-2019,2019
4abu,6.28,2011-2019,2012
5iyv,3.87,2011-2019,2016
4u93,7.89,2011-2019,2014
6eks,3.84,2011-2019,2017
4h4b,2.7,2011-2019,2012
5ls6,9.0,2011-2019,2017
4hzw,8.88,2011-2019,2013
6b7e,4.55,2011-2019,2017
3q77,8.22,2011-2019,2011
3uqr,7.24,2011-2019,2012
4mi6,4.31,2011-2019,2014
3tkm,9.0,2011-2019,2012
5umz,7.12,2011-2019,2017
3tdc,8.27,2011-2019,2011
2y6c,5.0,2011-2019,2011
2yc5,7.46,2011-2019,2011
3wiz,8.36,2011-2019,2013
4pku,4.52,2011-2019,2014
4mdq,5.92,2011-2019,2013
6mnp,3.71,2011-2019,2019
4e4a,2.05,2011-2019,2012
4e26,6.4,2011-2019,2012
4yec,7.6,2011-2019,2016
4tk0,5.55,2011-2019,2014
5drt,5.36,2011-2019,2016
3avz,7.19,2011-2019,2011
5l72,6.8,2011-2019,2016
4hfz,5.72,2011-2019,2013
6c5q,6.66,2011-2019,2018
4bah,8.7,2011-2019,2013
4wno,6.8,2011-2019,2015
5xyy,5.04,2011-2019,2018
4tzq,6.52,2011-2019,2014
4l9i,4.89,2011-2019,2014
6f5h,7.05,2011-2019,2018
4ikt,6.17,2011-2019,2013
5l8c,7.0,2011-2019,2018
4wkp,9.55,2011-2019,2015
6f5u,3.54,2011-2019,2018
5nra,6.91,2011-2019,2018
4qw1,6.11,2011-2019,2015
3mg0,9.25,2011-2019,2011
6uh0,6.07,2011-2019,2019
5jf4,7.19,2011-2019,2016
3r0i,6.92,2011-2019,2011
6f1n,6.26,2011-2019,2018
4civ,4.95,2011-2019,2014
3tam,8.43,2011-2019,2011
6im6,4.68,2011-2019,2019
6oja,9.7,2011-2019,2019
5hzn,7.21,2011-2019,2016
5or9,4.06,2011-2019,2017
4z16,8.32,2011-2019,2016
4nyf,7.31,2011-2019,2014
6eqp,5.96,2011-2019,2017
4u0b,4.3,2011-2019,2014
4pks,4.82,2011-2019,2014
5o1f,4.52,2011-2019,2018
6qr2,5.49,2011-2019,2019
5mky,5.7,2011-2019,2017
5iyy,4.77,2011-2019,2017
4ytc,7.89,2011-2019,2015
4nmo,4.83,2011-2019,2014
5ek9,7.33,2011-2019,2016
5ap4,6.46,2011-2019,2015
5f1l,7.68,2011-2019,2016
4zur,7.17,2011-2019,2015
4nro,5.02,2011-2019,2014
5t37,6.62,2011-2019,2017
4mrg,2.96,2011-2019,2014
3qup,6.32,2011-2019,2011
4eoh,4.3,2011-2019,2012
4p02,6.4,2011-2019,2014
3tvc,7.74,2011-2019,2012
4e8y,6.09,2011-2019,2012
5ul5,6.97,2011-2019,2017
5aic,4.3,2011-2019,2015
5lom,7.13,2011-2019,2016
5os8,3.98,2011-2019,2018
5a0c,9.27,2011-2019,2015
5hff,6.3,2011-2019,2016
4qwl,6.18,2011-2019,2015
2y1w,6.33,2011-2019,2011
6p11,6.05,2011-2019,2019
5bqg,4.76,2011-2019,2016
4oeg,5.05,2011-2019,2014
3wvm,5.71,2011-2019,2015
6fdt,4.3,2011-2019,2018
5exw,6.82,2011-2019,2016
4xm6,4.05,2011-2019,2015
5i80,7.21,2011-2019,2016
4rcd,9.15,2011-2019,2015
4rlk,5.02,2011-2019,2014
5x02,9.85,2011-2019,2018
4lke,5.37,2011-2019,2013
6fr2,7.92,2011-2019,2018
3zhf,3.92,2011-2019,2013
6imb,4.23,2011-2019,2019
5hcl,2.22,2011-2019,2017
3p4w,4.57,2011-2019,2011
5d11,7.55,2011-2019,2015
5mwg,5.77,2011-2019,2018
4wkn,9.72,2011-2019,2015
4yv0,3.28,2011-2019,2015
5nk9,6.14,2011-2019,2017
5a7i,5.26,2011-2019,2016
5b4l,9.12,2011-2019,2016
4jve,7.07,2011-2019,2013
5l3j,6.64,2011-2019,2016
5qau,4.15,2011-2019,2018
4tpm,8.62,2011-2019,2014
3qcy,7.7,2011-2019,2011
6esm,5.53,2011-2019,2018
6ps0,9.94,2011-2019,2019
6drz,9.8,2011-2019,2018
5etq,6.48,2011-2019,2016
4lzs,4.8,2011-2019,2014
4od9,7.24,2011-2019,2014
4nyj,3.49,2011-2019,2014
3s53,9.64,2011-2019,2012
5ugg,6.42,2011-2019,2017
4j59,5.85,2011-2019,2014
4ibc,2.98,2011-2019,2014
6jad,4.32,2011-2019,2019
2xsb,4.96,2011-2019,2011
5i9z,8.05,2011-2019,2016
6dtn,6.8,2011-2019,2019
6g9i,3.93,2011-2019,2018
6dz3,8.89,2011-2019,2019
4meq,3.6,2011-2019,2013
4awq,6.32,2011-2019,2012
6eg9,7.17,2011-2019,2019
4ycu,5.48,2011-2019,2015
6qfx,7.7,2011-2019,2019
6pg4,3.59,2011-2019,2019
4z7i,8.11,2011-2019,2015
6hrp,9.0,2011-2019,2019
6e5x,6.12,2011-2019,2018
3qn7,6.8,2011-2019,2012
6mlp,3.7,2011-2019,2019
4jda,6.29,2011-2019,2013
4fai,6.99,2011-2019,2012
5uiu,9.7,2011-2019,2017
3t4p,5.19,2011-2019,2012
5xiw,4.96,2011-2019,2018
5y13,5.94,2011-2019,2018
3ay0,3.04,2011-2019,2011
6nfg,4.11,2011-2019,2019
5lvq,4.14,2011-2019,2016
4zw8,5.96,2011-2019,2016
6byz,8.37,2011-2019,2019
5my8,7.14,2011-2019,2017
4pmt,6.0,2011-2019,2014
6eyt,5.72,2011-2019,2018
6o57,6.29,2011-2019,2019
5zfi,5.92,2011-2019,2018
4hod,6.1,2011-2019,2013
6q4e,3.46,2011-2019,2019
5e0m,5.28,2011-2019,2015
5w99,4.68,2011-2019,2017
2ye9,6.22,2011-2019,2011
4m3g,6.26,2011-2019,2014
6odz,9.15,2011-2019,2019
4u68,4.31,2011-2019,2015
3zlv,3.52,2011-2019,2013
4ngm,10.35,2011-2019,2014
4pxm,8.89,2011-2019,2015
3t1a,8.37,2011-2019,2011
6e4f,9.07,2011-2019,2018
5efb,8.37,2011-2019,2016
4p7s,7.42,2011-2019,2014
6q7a,8.3,2011-2019,2019
4ymh,6.46,2011-2019,2015
2xpc,3.9,2011-2019,2011
3mrt,3.7,2011-2019,2011
4x61,9.0,2011-2019,2015
5kdf,3.27,2011-2019,2016
4ybm,6.85,2011-2019,2015
6u6w,5.33,2011-2019,2019
4dfb,4.6,2011-2019,2012
5i23,7.29,2011-2019,2016
5avf,5.49,2011-2019,2016
5j19,6.6,2011-2019,2016
4htp,5.62,2011-2019,2012
4xsx,5.0,2011-2019,2015
4uuh,7.77,2011-2019,2015
6anl,8.27,2011-2019,2018
5mob,4.05,2011-2019,2017
6bx6,6.48,2011-2019,2018
4wm9,6.92,2011-2019,2014
5g3n,7.92,2011-2019,2016
4bfd,7.02,2011-2019,2013
6bec,4.01,2011-2019,2018
4z1n,8.23,2011-2019,2015
5urm,5.28,2011-2019,2017
4ibe,4.15,2011-2019,2014
4og6,6.71,2011-2019,2014
3qel,6.49,2011-2019,2011
5cst,6.96,2011-2019,2015
3u0p,5.68,2011-2019,2012
4pow,6.3,2011-2019,2014
4qz7,5.65,2011-2019,2015
5alg,7.52,2011-2019,2015
5t5g,5.89,2011-2019,2016
6ce2,6.3,2011-2019,2018
6qg7,6.83,2011-2019,2019
4des,5.85,2011-2019,2012
3v3m,5.32,2011-2019,2013
6b96,7.84,2011-2019,2017
4nmv,4.95,2011-2019,2014
6jut,8.68,2011-2019,2019
5os3,2.43,2011-2019,2017
4wwn,6.07,2011-2019,2014
6qzr,7.52,2011-2019,2019
5ka3,4.59,2011-2019,2017
5cu4,6.49,2011-2019,2016
4mpe,6.37,2011-2019,2014
4lgh,8.7,2011-2019,2013
6frf,7.4,2011-2019,2018
5cvd,6.41,2011-2019,2015
4u0x,6.23,2011-2019,2014
4xt9,6.8,2011-2019,2015
5fbi,2.8,2011-2019,2016
5pzm,5.96,2011-2019,2017
5ijr,3.2,2011-2019,2017
4k4f,6.7,2011-2019,2013
5w8h,4.63,2011-2019,2018
5ljj,7.21,2011-2019,2016
3aqa,4.55,2011-2019,2011
5fq9,6.48,2011-2019,2016
4zv1,5.24,2011-2019,2016
5ald,5.97,2011-2019,2015
6e91,6.62,2011-2019,2019
3uo9,7.1,2011-2019,2011
5sz5,7.7,2011-2019,2016
5y8y,7.09,2011-2019,2018
4hs6,7.52,2011-2019,2013
4av5,7.21,2011-2019,2012
4e5d,6.22,2011-2019,2012
5d1n,5.57,2011-2019,2016
4rj3,7.03,2011-2019,2014
6n3l,7.57,2011-2019,2019
5uoy,7.57,2011-2019,2017
5ouh,5.67,2011-2019,2017
3vbg,7.48,2011-2019,2012
4lbl,4.96,2011-2019,2014
5ni5,8.05,2011-2019,2018
4iax,9.56,2011-2019,2013
6oyt,8.23,2011-2019,2019
5kew,6.5,2011-2019,2016
4pin,5.4,2011-2019,2014
6njz,5.01,2011-2019,2019
4z90,4.66,2011-2019,2015
5ifu,4.47,2011-2019,2016
4d09,8.77,2011-2019,2014
4im0,7.72,2011-2019,2013
5twx,7.52,2011-2019,2017
5msb,7.46,2011-2019,2018
4dhr,4.57,2011-2019,2013
4qht,4.94,2011-2019,2014
3su0,6.79,2011-2019,2012
4cd6,3.59,2011-2019,2014
6h5x,10.82,2011-2019,2018
4l7o,4.88,2011-2019,2014
3r93,6.51,2011-2019,2011
4i0d,6.21,2011-2019,2013
4qjo,7.4,2011-2019,2015
4ps8,9.0,2011-2019,2014
4fri,5.55,2011-2019,2012
5ei6,7.0,2011-2019,2016
6g9u,6.43,2011-2019,2018
6mj4,7.72,2011-2019,2019
6cer,5.36,2011-2019,2018
6pht,3.41,2011-2019,2019
4m5l,4.72,2011-2019,2014
5t19,4.49,2011-2019,2017
4hnc,3.17,2011-2019,2013
6dy7,4.18,2011-2019,2019
5ugb,6.79,2011-2019,2017
5dh4,7.24,2011-2019,2016
4c4j,8.52,2011-2019,2013
5wfm,6.52,2011-2019,2018
6dd0,5.48,2011-2019,2019
4hrd,8.82,2011-2019,2014
4jx7,6.91,2011-2019,2013
5ttf,6.21,2011-2019,2016
4qtb,6.7,2011-2019,2014
5yto,4.48,2011-2019,2018
3vw9,7.96,2011-2019,2012
5j6n,7.77,2011-2019,2017
6f4x,4.97,2011-2019,2018
5mi6,7.3,2011-2019,2017
4q81,3.02,2011-2019,2015
4wz4,6.44,2011-2019,2015
4lwv,8.22,2011-2019,2014
5un9,7.68,2011-2019,2017
6gxq,7.1,2011-2019,2019
5vp1,9.29,2011-2019,2017
4aro,6.8,2011-2019,2013
4n7e,6.48,2011-2019,2014
3tpp,7.82,2011-2019,2011
5o48,4.7,2011-2019,2018
6p1d,7.41,2011-2019,2019
6nti,4.57,2011-2019,2019
5j2x,7.74,2011-2019,2017
3ai8,3.81,2011-2019,2011
3ob0,3.0,2011-2019,2011
5uex,8.82,2011-2019,2017
6g36,7.79,2011-2019,2018
3sv8,7.91,2011-2019,2012
3sjt,6.06,2011-2019,2011
4oz1,5.62,2011-2019,2014
3rz0,7.55,2011-2019,2011
6d3g,4.7,2011-2019,2019
4tn4,6.33,2011-2019,2015
3pxq,4.43,2011-2019,2011
4piq,7.1,2011-2019,2014
5m7s,9.05,2011-2019,2017
5eq1,4.68,2011-2019,2016
5jq7,4.8,2011-2019,2016
6dhu,3.13,2011-2019,2019
5vwi,4.84,2011-2019,2017
5oax,7.57,2011-2019,2018
6oh3,3.32,2011-2019,2019
3mp1,6.1,2011-2019,2011
5ktx,7.7,2011-2019,2016
5aen,7.22,2011-2019,2015
6b22,7.38,2011-2019,2018
6n92,4.97,2011-2019,2019
4hlf,6.06,2011-2019,2012
4ezw,6.0,2011-2019,2013
2ya8,5.75,2011-2019,2011
5u6v,7.68,2011-2019,2017
4byj,6.57,2011-2019,2013
5vew,5.15,2011-2019,2017
5e2n,9.54,2011-2019,2016
4oty,7.4,2011-2019,2014
3qtx,7.15,2011-2019,2012
6qac,8.21,2011-2019,2019
5ahu,6.78,2011-2019,2015
4pri,4.03,2011-2019,2014
2lyw,4.52,2011-2019,2012
3rux,9.28,2011-2019,2011
2lto,3.11,2011-2019,2013
4l3p,5.92,2011-2019,2013
4dgn,6.46,2011-2019,2012
5ti2,4.62,2011-2019,2017
5ypy,4.64,2011-2019,2018
5mb1,6.6,2011-2019,2017
3wp0,4.99,2011-2019,2014
6hb7,6.83,2011-2019,2019
5t6p,6.06,2011-2019,2017
4pp9,7.37,2011-2019,2014
5nxp,7.99,2011-2019,2018
5gvp,6.78,2011-2019,2017
5lto,5.92,2011-2019,2017
5fjx,4.96,2011-2019,2015
4kod,5.36,2011-2019,2013
2mwy,6.82,2011-2019,2016
4jpx,5.15,2011-2019,2013
4qz1,5.44,2011-2019,2015
5fyq,5.89,2011-2019,2016
6agk,5.58,2011-2019,2019
5n9k,9.34,2011-2019,2018
3sjf,7.64,2011-2019,2011
4ozo,3.83,2011-2019,2014
5nw0,6.52,2011-2019,2017
5ngf,5.11,2011-2019,2017
4flk,5.25,2011-2019,2012
4j5e,4.94,2011-2019,2014
4f8h,4.24,2011-2019,2012
3qtf,6.96,2011-2019,2011
6uwv,8.0,2011-2019,2019
6arn,5.19,2011-2019,2018
6aqo,6.11,2011-2019,2018
6b2p,8.89,2011-2019,2018
4kbi,7.49,2011-2019,2013
6m8b,5.36,2011-2019,2019
5w19,5.3,2011-2019,2018
4a4x,7.23,2011-2019,2012
5z7b,4.89,2011-2019,2018
4lkq,3.35,2011-2019,2014
5u0z,6.19,2011-2019,2017
4xe1,7.11,2011-2019,2015
5alh,7.07,2011-2019,2015
4j1h,6.11,2011-2019,2013
6jsf,8.48,2011-2019,2019
4dsy,4.43,2011-2019,2012
4l32,6.84,2011-2019,2013
3whw,8.22,2011-2019,2014
3vuc,9.05,2011-2019,2013
4y59,5.24,2011-2019,2015
3ax5,5.85,2011-2019,2011
5wre,6.41,2011-2019,2017
6p5v,6.7,2011-2019,2019
5wzu,7.0,2011-2019,2018
5abw,7.77,2011-2019,2015
5hg5,8.7,2011-2019,2016
5a7c,3.74,2011-2019,2016
4e3k,9.1,2011-2019,2012
4gwk,3.34,2011-2019,2012
3skc,8.8,2011-2019,2011
5j8x,8.8,2011-2019,2016
4jwr,6.21,2011-2019,2013
4nmp,4.04,2011-2019,2014
5t4f,8.0,2011-2019,2016
3vb6,4.41,2011-2019,2012
4hyb,6.46,2011-2019,2013
6ek3,6.48,2011-2019,2018
5w73,6.3,2011-2019,2018
6cf7,7.91,2011-2019,2019
4m5h,4.54,2011-2019,2014
6i64,7.31,2011-2019,2019
3roc,8.19,2011-2019,2011
5mpz,4.07,2011-2019,2017
5a5v,7.48,2011-2019,2016
6e7m,6.66,2011-2019,2019
5g11,7.21,2011-2019,2016
4tpk,8.57,2011-2019,2014
5hm3,5.17,2011-2019,2016
5zo7,9.0,2011-2019,2018
4afg,8.3,2011-2019,2012
5yc2,4.94,2011-2019,2018
4utn,6.15,2011-2019,2014
4ea2,6.44,2011-2019,2012
6cvx,7.68,2011-2019,2018
6c0t,7.37,2011-2019,2018
3upf,6.7,2011-2019,2012
4pul,6.84,2011-2019,2014
5emm,7.74,2011-2019,2016
6bhv,5.23,2011-2019,2018
5ypo,7.1,2011-2019,2018
4qms,5.13,2011-2019,2015
4kiu,3.85,2011-2019,2014
3thb,8.7,2011-2019,2011
4f9y,6.74,2011-2019,2013
3r0y,4.84,2011-2019,2012
4bfz,6.26,2011-2019,2013
5eol,9.52,2011-2019,2016
3qfv,5.77,2011-2019,2011
6g9h,8.4,2011-2019,2018
4rad,7.1,2011-2019,2015
5ot8,4.2,2011-2019,2017
4uil,7.24,2011-2019,2015
3sn8,5.65,2011-2019,2011
5t1a,7.89,2011-2019,2016
3r00,5.07,2011-2019,2011
4kby,6.73,2011-2019,2013
5uv1,5.62,2011-2019,2017
5oh7,4.37,2011-2019,2018
5jlz,5.82,2011-2019,2016
4dzy,5.62,2011-2019,2013
5wuu,6.09,2011-2019,2017
6oxq,11.3,2011-2019,2019
5ful,4.74,2011-2019,2016
4zyi,8.1,2011-2019,2015
5kbf,8.92,2011-2019,2016
4btx,6.54,2011-2019,2013
4oq6,5.48,2011-2019,2014
4rrf,3.62,2011-2019,2015
3u92,7.48,2011-2019,2012
6j5l,8.8,2011-2019,2019
6qz5,6.08,2011-2019,2019
4jog,3.72,2011-2019,2014
5q1h,5.1,2011-2019,2017
4eos,6.05,2011-2019,2013
4wtu,9.52,2011-2019,2015
4acm,6.68,2011-2019,2012
5wdw,6.54,2011-2019,2018
4ark,7.2,2011-2019,2013
6ayt,8.85,2011-2019,2018
4ibb,3.57,2011-2019,2014
5ktu,6.21,2011-2019,2016
6bw2,7.68,2011-2019,2018
4c8r,6.82,2011-2019,2014
4d88,7.31,2011-2019,2012
4c36,7.7,2011-2019,2013
6fgc,5.48,2011-2019,2019
6cgp,7.12,2011-2019,2018
3vbd,8.07,2011-2019,2012
4bgx,1.77,2011-2019,2013
5vd1,6.0,2011-2019,2017
4gtv,7.42,2011-2019,2012
3t0b,4.3,2011-2019,2012
5x9h,3.76,2011-2019,2017
6i4x,4.9,2011-2019,2019
6r49,2.1,2011-2019,2019
4qgi,3.9,2011-2019,2014
4xx9,5.08,2011-2019,2015
3ms7,3.43,2011-2019,2011
5vjn,5.06,2011-2019,2017
4aif,4.84,2011-2019,2013
4yee,6.49,2011-2019,2015
4mgd,4.69,2011-2019,2014
5oh9,3.86,2011-2019,2018
3ovn,2.55,2011-2019,2011
4zz1,7.89,2011-2019,2015
5v7i,7.18,2011-2019,2017
4abj,7.47,2011-2019,2012
5lvx,7.25,2011-2019,2017
5boj,7.0,2011-2019,2015
4oc1,6.6,2011-2019,2014
4x11,2.22,2011-2019,2015
6d07,5.28,2011-2019,2019
5aoj,4.68,2011-2019,2015
4oti,7.37,2011-2019,2014
5uqv,6.37,2011-2019,2017
6fkq,8.0,2011-2019,2018
5uzk,6.74,2011-2019,2018
4att,6.98,2011-2019,2013
6q9h,8.11,2011-2019,2019
6bmi,5.05,2011-2019,2018
5nkb,9.12,2011-2019,2017
6sfc,5.28,2011-2019,2019
4ge4,8.11,2011-2019,2012
6hdo,6.6,2011-2019,2018
6hzv,8.22,2011-2019,2019
6c7i,9.42,2011-2019,2018
6g15,5.37,2011-2019,2018
4g8y,4.59,2011-2019,2012
6r7j,7.4,2011-2019,2019
4u5o,2.42,2011-2019,2015
6klk,3.88,2011-2019,2019
4li0,6.59,2011-2019,2013
3ttj,6.68,2011-2019,2012
6i0x,6.07,2011-2019,2019
4mbj,7.21,2011-2019,2013
5ime,8.34,2011-2019,2016
5jog,8.24,2011-2019,2016
3ug2,8.25,2011-2019,2012
5om7,5.74,2011-2019,2018
5nxi,6.66,2011-2019,2018
5vp9,8.99,2011-2019,2017
4zek,5.66,2011-2019,2015
5kjn,7.77,2011-2019,2016
4ciw,4.82,2011-2019,2014
6m9c,7.25,2011-2019,2018
5wlg,4.72,2011-2019,2017
4r5t,6.1,2011-2019,2014
5nyh,7.73,2011-2019,2018
5tl9,9.0,2011-2019,2017
4yw6,7.08,2011-2019,2015
6c8c,6.38,2011-2019,2019
4de1,5.96,2011-2019,2012
5c7n,6.57,2011-2019,2015
4btk,6.62,2011-2019,2013
6m8e,4.85,2011-2019,2019
4i6f,8.3,2011-2019,2013
4h3q,5.1,2011-2019,2013
4mbi,8.15,2011-2019,2013
6fu4,6.19,2011-2019,2018
5a85,5.3,2011-2019,2015
4k63,4.22,2011-2019,2013
5gx7,5.56,2011-2019,2017
2ym5,6.37,2011-2019,2012
4lxz,6.74,2011-2019,2013
4qf9,4.43,2011-2019,2015
6n93,4.69,2011-2019,2019
4uj2,7.1,2011-2019,2016
6ex0,4.03,2011-2019,2018
2xyu,5.35,2011-2019,2011
6r8o,8.22,2011-2019,2019
3zot,5.95,2011-2019,2013
5uci,5.37,2011-2019,2018
5jk3,8.14,2011-2019,2017
6gcx,9.22,2011-2019,2019
6mt0,10.3,2011-2019,2019
2ygu,6.49,2011-2019,2011
5n8b,7.37,2011-2019,2017
3i8t,3.22,2011-2019,2011
5q1i,6.24,2011-2019,2017
5j7f,7.24,2011-2019,2017
5o1i,5.4,2011-2019,2018
2lo6,3.95,2011-2019,2012
3rsx,4.41,2011-2019,2011
6nkp,6.52,2011-2019,2019
4i7f,7.0,2011-2019,2013
4lgu,8.68,2011-2019,2013
5d1r,4.84,2011-2019,2015
6hs4,5.51,2011-2019,2019
5hfu,6.89,2011-2019,2016
3tll,4.39,2011-2019,2012
5h13,4.94,2011-2019,2017
5vc4,7.36,2011-2019,2017
6bkw,8.3,2011-2019,2018
4alu,7.77,2011-2019,2013
4f7j,5.24,2011-2019,2013
4i9o,5.72,2011-2019,2013
5db0,7.43,2011-2019,2016
4ytf,8.15,2011-2019,2015
5nhz,5.33,2011-2019,2017
3zmz,4.74,2011-2019,2013
4ju4,6.47,2011-2019,2013
2yiv,2.78,2011-2019,2012
4an3,9.22,2011-2019,2012
5j20,9.14,2011-2019,2017
4cws,7.92,2011-2019,2014
4det,5.68,2011-2019,2012
6dkg,8.59,2011-2019,2018
4pms,8.1,2011-2019,2014
4oyb,5.8,2011-2019,2014
4btm,5.39,2011-2019,2013
4urk,5.96,2011-2019,2014
6dlx,3.32,2011-2019,2018
5n9l,7.82,2011-2019,2018
4zl4,7.86,2011-2019,2015
6mnf,5.89,2011-2019,2018
6gvx,7.62,2011-2019,2019
5zk9,7.34,2011-2019,2019
6gj7,6.06,2011-2019,2019
3tc5,5.17,2011-2019,2011
3oeu,7.51,2011-2019,2011
5mk9,4.42,2011-2019,2017
6ql1,6.48,2011-2019,2019
4mpn,6.62,2011-2019,2014
4ps5,6.54,2011-2019,2014
4qfo,4.27,2011-2019,2015
4cjp,3.32,2011-2019,2014
4uvu,5.92,2011-2019,2015
4qzw,5.15,2011-2019,2015
5fdc,7.46,2011-2019,2016
3zn0,4.97,2011-2019,2013
4fcf,8.62,2011-2019,2012
4u5j,5.53,2011-2019,2014
5y5u,7.75,2011-2019,2018
6aom,6.2,2011-2019,2017
5c6v,4.8,2011-2019,2015
5nf6,7.46,2011-2019,2017
4iq6,7.24,2011-2019,2013
5hex,8.0,2011-2019,2016
5wa9,6.76,2011-2019,2017
6dvl,7.96,2011-2019,2018
3zlk,5.88,2011-2019,2013
5btv,3.85,2011-2019,2016
5jmw,6.76,2011-2019,2016
5du6,5.02,2011-2019,2016
6i11,4.53,2011-2019,2019
4n4t,7.31,2011-2019,2013
4kb9,11.0,2011-2019,2013
4hvs,7.8,2011-2019,2013
3q4c,6.43,2011-2019,2011
4ayu,4.73,2011-2019,2013
4wr7,11.7,2011-2019,2015
5ai1,6.47,2011-2019,2015
5qat,3.85,2011-2019,2018
4ny3,4.31,2011-2019,2014
6n7q,5.15,2011-2019,2019
6ocw,8.15,2011-2019,2019
5tz3,6.85,2011-2019,2017
5tbn,5.44,2011-2019,2016
4j1k,7.89,2011-2019,2013
3t9t,8.71,2011-2019,2011
6e05,4.26,2011-2019,2018
2xj1,7.55,2011-2019,2011
3wk7,3.9,2011-2019,2014
6r1a,4.35,2011-2019,2019
6fzg,6.55,2011-2019,2019
5lay,7.47,2011-2019,2016
3ohh,7.74,2011-2019,2011
2y8o,5.12,2011-2019,2012
6m8c,5.66,2011-2019,2019
5jgi,4.3,2011-2019,2017
4nb6,7.22,2011-2019,2013
5jf8,5.85,2011-2019,2016
5xs8,5.41,2011-2019,2018
6o21,8.46,2011-2019,2019
4cwo,5.21,2011-2019,2014
3so6,5.39,2011-2019,2012
5btr,5.14,2011-2019,2015
3vby,4.55,2011-2019,2012
5l8n,4.51,2011-2019,2016
3rx8,6.21,2011-2019,2011
5lz5,6.35,2011-2019,2016
4my6,5.62,2011-2019,2014
4c4n,6.1,2011-2019,2013
4ivs,7.36,2011-2019,2013
5al1,4.28,2011-2019,2015
6ma3,8.3,2011-2019,2018
6eqw,10.65,2011-2019,2018
4ask,7.22,2011-2019,2012
6ekn,6.29,2011-2019,2018
6hrx,5.1,2011-2019,2019
4ceb,2.97,2011-2019,2013
3qti,7.85,2011-2019,2011
4zs3,5.18,2011-2019,2015
6fut,4.7,2011-2019,2018
5lqq,7.09,2011-2019,2016
4znx,6.62,2011-2019,2016
3zim,8.17,2011-2019,2013
5fdr,9.44,2011-2019,2016
5zys,6.27,2011-2019,2019
4h85,5.15,2011-2019,2013
4fbe,6.99,2011-2019,2012
6qdx,4.52,2011-2019,2019
6q9w,6.24,2011-2019,2019
6u8l,6.91,2011-2019,2019
4prb,3.88,2011-2019,2014
4luz,4.7,2011-2019,2013
5ku6,6.84,2011-2019,2017
6pnm,5.17,2011-2019,2019
4e3j,8.92,2011-2019,2012
5dhs,5.22,2011-2019,2016
5agu,10.0,2011-2019,2015
6fr0,6.84,2011-2019,2018
6nji,6.99,2011-2019,2019
6hp5,7.27,2011-2019,2019
5z1c,2.86,2011-2019,2018
6qfg,5.52,2011-2019,2019
6hkn,7.29,2011-2019,2019
4g0z,2.21,2011-2019,2012
6q3y,7.27,2011-2019,2019
5q10,5.2,2011-2019,2017
5icv,5.62,2011-2019,2016
5e88,7.19,2011-2019,2016
4jzr,7.8,2011-2019,2013
6dhc,7.96,2011-2019,2018
6d18,5.85,2011-2019,2019
6guc,7.6,2011-2019,2018
6kdx,6.53,2011-2019,2019
6qge,5.68,2011-2019,2019
6fdu,3.69,2011-2019,2018
4aq3,7.43,2011-2019,2012
5hmh,8.15,2011-2019,2016
5q0q,6.11,2011-2019,2017
4dx9,5.3,2011-2019,2013
5n3y,5.03,2011-2019,2017
6ev0,5.74,2011-2019,2018
4x50,7.75,2011-2019,2015
5a7b,3.57,2011-2019,2015
4bvb,4.48,2011-2019,2013
6b7d,4.28,2011-2019,2017
4bjx,7.66,2011-2019,2013
6hjk,7.6,2011-2019,2018
3r6g,7.6,2011-2019,2011
6h0b,4.15,2011-2019,2018
4r5a,8.7,2011-2019,2014
6rk4,4.01,2011-2019,2019
4bt4,3.34,2011-2019,2013
4g5y,2.77,2011-2019,2013
5q17,5.25,2011-2019,2017
6fff,7.3,2011-2019,2019
5q0j,6.62,2011-2019,2017
5dde,7.19,2011-2019,2015
5gsw,5.94,2011-2019,2017
5ene,3.23,2011-2019,2016
4djo,11.52,2011-2019,2012
6ind,6.62,2011-2019,2019
5jmp,7.17,2011-2019,2016
2xpb,5.7,2011-2019,2011
5ow1,4.15,2011-2019,2017
4j3l,7.8,2011-2019,2013
3rdo,9.85,2011-2019,2011
6f55,4.16,2011-2019,2018
4eny,7.05,2011-2019,2012
5uez,6.01,2011-2019,2017
4c1f,4.63,2011-2019,2014
6npu,6.4,2011-2019,2019
6i74,5.47,2011-2019,2019
2xn7,10.0,2011-2019,2011
5zkc,8.19,2011-2019,2018
5ta4,7.62,2011-2019,2017
2yoh,4.96,2011-2019,2013
5mod,3.52,2011-2019,2017
6f6d,4.1,2011-2019,2018
3s45,8.49,2011-2019,2012
2l65,4.22,2011-2019,2011
3pkd,6.12,2011-2019,2011
4ud7,8.13,2011-2019,2016
6equ,6.38,2011-2019,2017
4jfs,5.27,2011-2019,2013
3tti,8.22,2011-2019,2012
4e3i,8.89,2011-2019,2012
6ft9,6.96,2011-2019,2018
3we4,7.82,2011-2019,2014
5zaj,7.38,2011-2019,2018
5kva,5.14,2011-2019,2016
4f3k,10.16,2011-2019,2013
3wym,9.52,2011-2019,2014
5cyi,5.88,2011-2019,2015
4v01,8.11,2011-2019,2014
5n3v,4.34,2011-2019,2017
6ftn,6.7,2011-2019,2018
4u6y,7.08,2011-2019,2014
4dpy,5.37,2011-2019,2012
6r4s,6.39,2011-2019,2019
5w7x,4.1,2011-2019,2018
5agr,5.43,2011-2019,2016
5nkd,7.59,2011-2019,2017
3v8t,9.52,2011-2019,2012
4gj7,6.77,2011-2019,2013
4nbk,3.87,2011-2019,2014
5e2p,8.8,2011-2019,2015
4ad3,4.62,2011-2019,2012
5n99,4.21,2011-2019,2017
5sz2,8.7,2011-2019,2016
4fi9,7.34,2011-2019,2012
6aox,4.82,2011-2019,2018
4ca8,6.68,2011-2019,2013
3nwe,7.6,2011-2019,2011
3rw9,5.96,2011-2019,2011
6csr,6.84,2011-2019,2018
6nng,4.23,2011-2019,2019
6s5k,7.32,2011-2019,2019
4bda,5.57,2011-2019,2013
4aba,3.82,2011-2019,2012
4mho,5.08,2011-2019,2014
4frk,8.1,2011-2019,2012
4bdf,4.09,2011-2019,2013
4qvl,6.53,2011-2019,2015
3u2q,8.22,2011-2019,2012
5vd2,7.1,2011-2019,2017
3vvz,4.58,2011-2019,2013
6mjf,5.16,2011-2019,2018
5w0f,7.8,2011-2019,2018
4luo,3.24,2011-2019,2013
3vfq,5.19,2011-2019,2013
5oht,6.02,2011-2019,2018
3rtx,3.86,2011-2019,2011
5jzb,3.39,2011-2019,2017
5csz,7.77,2011-2019,2015
6ax4,8.22,2011-2019,2018
4d8e,7.01,2011-2019,2012
3tge,10.15,2011-2019,2011
5qb2,4.15,2011-2019,2018
3os3,6.63,2011-2019,2011
4zyx,8.15,2011-2019,2016
4o61,4.3,2011-2019,2014
4u5v,3.05,2011-2019,2015
6qmu,5.32,2011-2019,2019
2y2k,5.16,2011-2019,2011
6gjb,8.1,2011-2019,2019
4rss,8.77,2011-2019,2015
4uyh,6.3,2011-2019,2014
6nvh,7.95,2011-2019,2019
5oaj,6.56,2011-2019,2018
5a6b,8.1,2011-2019,2015
6a94,7.4,2011-2019,2019
3p7a,6.28,2011-2019,2011
5hu1,8.66,2011-2019,2016
6ehh,7.49,2011-2019,2018
4qtc,6.4,2011-2019,2014
5iha,8.05,2011-2019,2016
5sym,6.55,2011-2019,2016
4l6s,8.52,2011-2019,2013
2xxw,6.41,2011-2019,2011
5nme,7.09,2011-2019,2017
4lop,8.15,2011-2019,2013
6o6f,7.4,2011-2019,2019
4uzh,5.01,2011-2019,2014
5za1,7.52,2011-2019,2018
6q2y,5.26,2011-2019,2019
6q7v,5.59,2011-2019,2019
4fqo,5.16,2011-2019,2012
6b1j,7.37,2011-2019,2018
4whh,7.4,2011-2019,2014
6a3n,8.06,2011-2019,2019
3uw5,7.85,2011-2019,2012
5dqc,7.34,2011-2019,2016
3pi5,6.02,2011-2019,2011
6i8y,6.74,2011-2019,2018
4eh5,3.09,2011-2019,2012
4yzc,8.52,2011-2019,2015
4hup,4.82,2011-2019,2012
4nj3,6.52,2011-2019,2013
4eh7,3.28,2011-2019,2012
5j9k,5.85,2011-2019,2017
5xfj,8.22,2011-2019,2018
5c2o,4.55,2011-2019,2016
4kza,3.7,2011-2019,2014
5boy,5.6,2011-2019,2015
5m28,4.32,2011-2019,2017
4lkd,5.35,2011-2019,2013
5hu9,7.62,2011-2019,2016
2yi0,8.12,2011-2019,2012
3wfg,6.92,2011-2019,2013
4kqo,6.78,2011-2019,2013
5eb3,1.45,2011-2019,2016
4rpv,8.52,2011-2019,2015
6ccl,3.56,2011-2019,2018
5n21,5.96,2011-2019,2017
4q06,7.66,2011-2019,2015
4yhm,9.76,2011-2019,2016
3vws,3.65,2011-2019,2013
4phu,7.92,2011-2019,2014
5nx9,4.6,2011-2019,2018
5lyn,5.04,2011-2019,2017
5fky,8.33,2011-2019,2016
3n76,6.85,2011-2019,2011
6b1h,8.72,2011-2019,2018
3v3l,6.43,2011-2019,2012
4c4f,7.59,2011-2019,2013
3rpv,7.15,2011-2019,2012
4ufu,8.0,2011-2019,2016
3re4,7.4,2011-2019,2012
6fyl,8.15,2011-2019,2018
4wxi,8.08,2011-2019,2015
4j47,4.92,2011-2019,2013
4dhf,7.55,2011-2019,2012
4o7a,4.72,2011-2019,2014
3su1,6.68,2011-2019,2012
4l7g,4.0,2011-2019,2013
6ayq,8.19,2011-2019,2018
4ysl,5.8,2011-2019,2015
6fbv,6.52,2011-2019,2018
4gto,7.98,2011-2019,2012
6ckc,8.22,2011-2019,2018
6gxa,4.22,2011-2019,2018
4nvp,7.57,2011-2019,2014
5law,7.1,2011-2019,2016
5lcf,4.75,2011-2019,2017
4bo2,7.3,2011-2019,2013
3wyx,8.37,2011-2019,2015
4rlu,4.82,2011-2019,2015
4kio,6.3,2011-2019,2013
5f1j,4.92,2011-2019,2016
5i89,7.48,2011-2019,2016
5twz,7.87,2011-2019,2017
5u3b,8.82,2011-2019,2017
6m8q,6.43,2011-2019,2019
5ks7,5.32,2011-2019,2016
3wz6,5.96,2011-2019,2015
6msc,7.68,2011-2019,2019
5lsc,4.7,2011-2019,2016
6c5t,6.97,2011-2019,2018
5ho6,6.69,2011-2019,2016
4zzx,6.9,2011-2019,2015
6mh7,5.74,2011-2019,2019
6s9c,6.57,2011-2019,2019
3zyf,4.85,2011-2019,2011
3x1k,3.59,2011-2019,2015
6oht,6.45,2011-2019,2019
6e13,6.7,2011-2019,2019
4iif,5.18,2011-2019,2013
5c7e,5.0,2011-2019,2015
5wb3,7.22,2011-2019,2018
4os1,5.6,2011-2019,2014
4iic,4.85,2011-2019,2013
4kz0,5.38,2011-2019,2013
2yc0,2.82,2011-2019,2011
4kxl,6.22,2011-2019,2014
4jj7,6.4,2011-2019,2013
6a6w,5.43,2011-2019,2018
5k05,4.96,2011-2019,2016
6msn,4.95,2011-2019,2019
3pp1,8.49,2011-2019,2011
5l87,5.07,2011-2019,2017
3n86,5.64,2011-2019,2011
5q0w,7.24,2011-2019,2017
4hw2,7.26,2011-2019,2013
4agc,10.7,2011-2019,2012
5fqc,8.52,2011-2019,2016
4oc0,6.5,2011-2019,2014
5myo,10.53,2011-2019,2017
5h9q,4.42,2011-2019,2016
6nzp,9.7,2011-2019,2019
5unj,6.62,2011-2019,2017
6f7c,5.9,2011-2019,2018
5myv,7.51,2011-2019,2017
4xnw,7.74,2011-2019,2015
5j3s,7.72,2011-2019,2016
4ew2,6.68,2011-2019,2013
5jqb,2.22,2011-2019,2016
5n18,5.68,2011-2019,2017
4eke,4.48,2011-2019,2012
5zag,6.97,2011-2019,2018
6ee3,6.86,2011-2019,2018
4j8s,5.7,2011-2019,2013
4qk4,6.6,2011-2019,2014
5vqx,6.32,2011-2019,2017
4iue,6.55,2011-2019,2013
4hyf,7.6,2011-2019,2013
5dia,10.46,2011-2019,2015
6aeh,5.75,2011-2019,2019
6mmq,3.62,2011-2019,2019
5m4k,5.66,2011-2019,2017
6imo,6.19,2011-2019,2019
5xxk,8.2,2011-2019,2017
6p5w,5.29,2011-2019,2019
6awo,8.7,2011-2019,2017
4pv0,9.07,2011-2019,2014
3wkb,4.21,2011-2019,2014
4ih5,4.11,2011-2019,2013
3u8w,9.0,2011-2019,2012
3rhk,6.26,2011-2019,2011
2y5f,8.7,2011-2019,2011
3lrh,7.35,2011-2019,2011
5ely,7.36,2011-2019,2016
5v1d,6.7,2011-2019,2018
4a16,9.37,2011-2019,2012
5dd0,7.08,2011-2019,2016
6oah,5.82,2011-2019,2019
3si4,3.88,2011-2019,2012
6htz,6.74,2011-2019,2018
5vll,6.37,2011-2019,2017
4kyh,5.92,2011-2019,2013
6ib2,8.0,2011-2019,2019
5acy,8.19,2011-2019,2015
3t3y,5.47,2011-2019,2012
4knb,7.33,2011-2019,2014
5ut6,4.24,2011-2019,2017
5otc,4.71,2011-2019,2017
6hdn,4.3,2011-2019,2018
4nmr,3.53,2011-2019,2014
3v9b,9.3,2011-2019,2012
6g91,5.49,2011-2019,2018
4ibg,3.97,2011-2019,2014
4fli,5.44,2011-2019,2012
3tdh,4.26,2011-2019,2011
5moo,1.31,2011-2019,2017
4ufy,8.15,2011-2019,2016
4bgy,2.96,2011-2019,2013
6gr7,5.5,2011-2019,2018
4c1h,4.09,2011-2019,2014
2xp8,4.82,2011-2019,2011
4av4,7.03,2011-2019,2012
3q4j,6.21,2011-2019,2011
3sov,4.21,2011-2019,2011
6fnr,5.59,2011-2019,2018
4bo5,7.1,2011-2019,2013
5o4s,5.47,2011-2019,2018
5hz9,7.03,2011-2019,2016
6esj,5.68,2011-2019,2017
5zni,4.39,2011-2019,2019
6bt6,5.91,2011-2019,2018
6fmk,4.67,2011-2019,2018
4acu,7.39,2011-2019,2012
3tkw,5.27,2011-2019,2012
6uyy,5.72,2011-2019,2019
5f1u,6.4,2011-2019,2016
3qxc,5.77,2011-2019,2011
4mk1,4.8,2011-2019,2013
6e9w,6.55,2011-2019,2018
4ew3,6.74,2011-2019,2013
6kdz,8.54,2011-2019,2019
4kba,8.22,2011-2019,2013
4aof,7.1,2011-2019,2012
6jmf,8.59,2011-2019,2019
4brx,6.49,2011-2019,2013
6apu,4.87,2011-2019,2018
5f90,4.85,2011-2019,2016
5du8,5.72,2011-2019,2016
4oo9,9.07,2011-2019,2014
4ppb,10.0,2011-2019,2014
4hmk,6.1,2011-2019,2013
5oxg,5.89,2011-2019,2017
5ti3,4.36,2011-2019,2017
6n48,5.92,2011-2019,2019
5aa9,8.19,2011-2019,2016
4cmt,9.7,2011-2019,2014
5zh5,5.33,2011-2019,2018
4bam,8.94,2011-2019,2013
5ml4,8.7,2011-2019,2017
4jju,6.29,2011-2019,2013
6i61,6.24,2011-2019,2019
4wf4,3.11,2011-2019,2015
5o83,7.96,2011-2019,2017
4de7,4.8,2011-2019,2012
4kni,7.78,2011-2019,2013
2ycq,9.85,2011-2019,2011
4tjw,6.02,2011-2019,2014
6fs1,7.01,2011-2019,2018
6r0v,4.96,2011-2019,2019
6mqm,9.57,2011-2019,2019
5jhb,6.06,2011-2019,2017
3zmh,5.28,2011-2019,2013
5nai,6.1,2011-2019,2017
5khh,4.31,2011-2019,2016
3wyl,8.85,2011-2019,2014
4yx4,5.97,2011-2019,2016
4ijh,4.33,2011-2019,2013
4jgv,6.57,2011-2019,2013
3sfh,7.05,2011-2019,2011
3zdg,7.1,2011-2019,2013
6r5f,7.7,2011-2019,2019
5orx,3.51,2011-2019,2017
4bcq,6.83,2011-2019,2013
6p84,4.81,2011-2019,2019
5mlo,5.32,2011-2019,2017
3rm4,5.77,2011-2019,2011
6qas,7.74,2011-2019,2019
4xjs,7.12,2011-2019,2015
5osd,3.21,2011-2019,2017
4zjw,6.66,2011-2019,2015
4o3b,6.09,2011-2019,2014
4kai,7.3,2011-2019,2013
6jb0,7.24,2011-2019,2019
4f8j,5.07,2011-2019,2012
3prz,7.59,2011-2019,2011
4whz,9.0,2011-2019,2014
3uli,7.15,2011-2019,2013
6gi6,6.71,2011-2019,2018
6c5j,7.16,2011-2019,2019
5wlt,6.81,2011-2019,2018
3qcf,5.6,2011-2019,2011
5tig,4.22,2011-2019,2018
4xqu,6.07,2011-2019,2015
6atv,8.22,2011-2019,2018
6pg9,4.92,2011-2019,2019
5d0j,5.31,2011-2019,2016
6nyw,6.64,2011-2019,2019
3ti6,9.27,2011-2019,2011
5tqe,6.72,2011-2019,2017
4x68,6.57,2011-2019,2015
5fwr,7.75,2011-2019,2016
4lh6,4.11,2011-2019,2013
6r9x,2.96,2011-2019,2019
5a2i,5.06,2011-2019,2015
5x28,8.4,2011-2019,2018
6mlj,7.26,2011-2019,2019
6uil,7.1,2011-2019,2019
4y2x,6.29,2011-2019,2015
5iy4,4.81,2011-2019,2016
4v11,6.49,2011-2019,2015
3olg,7.84,2011-2019,2011
5y8w,6.64,2011-2019,2018
3ms2,3.72,2011-2019,2011
3b28,8.47,2011-2019,2011
6bs5,5.7,2011-2019,2019
5bpp,4.8,2011-2019,2016
4ciy,4.57,2011-2019,2014
4oiv,5.08,2011-2019,2015
4uia,6.72,2011-2019,2015
3u81,4.44,2011-2019,2012
3zsq,4.96,2011-2019,2012
5ayt,6.77,2011-2019,2016
5mjb,8.52,2011-2019,2017
5iez,7.64,2011-2019,2017
3v3v,5.34,2011-2019,2012
5icx,6.96,2011-2019,2016
4fz3,3.73,2011-2019,2013
4fmq,5.05,2011-2019,2012
4i8z,11.05,2011-2019,2013
4bks,3.82,2011-2019,2013
6qfe,7.1,2011-2019,2019
4rac,7.52,2011-2019,2015
6inm,6.29,2011-2019,2019
5f62,8.17,2011-2019,2017
5mft,7.47,2011-2019,2017
5xmp,7.37,2011-2019,2017
5g60,6.52,2011-2019,2017
4tjy,6.44,2011-2019,2014
4bs0,5.7,2011-2019,2013
4l7f,6.8,2011-2019,2013
4kpz,2.71,2011-2019,2014
5am3,8.3,2011-2019,2015
4ajn,7.16,2011-2019,2012
5flp,3.2,2011-2019,2016
4uvw,7.72,2011-2019,2015
4ozl,4.97,2011-2019,2014
5k5c,1.62,2011-2019,2017
4eqf,6.81,2011-2019,2012
4q4r,6.43,2011-2019,2014
5j0d,6.87,2011-2019,2016
4yl0,8.22,2011-2019,2015
4f65,8.6,2011-2019,2012
4rd0,6.62,2011-2019,2015
6rn7,7.3,2011-2019,2019
5ab9,6.33,2011-2019,2015
3snb,4.38,2011-2019,2011
2ym7,6.89,2011-2019,2012
4ijq,7.52,2011-2019,2013
3qvv,4.42,2011-2019,2011
5m39,4.62,2011-2019,2017
6mo8,5.84,2011-2019,2019
5g5v,6.7,2011-2019,2018
4x13,3.3,2011-2019,2015
6cq1,3.66,2011-2019,2019
6fil,5.85,2011-2019,2018
3o95,8.28,2011-2019,2011
5ak4,4.23,2011-2019,2015
4zo5,9.82,2011-2019,2015
6p1l,8.7,2011-2019,2019
5vr8,6.87,2011-2019,2017
4uxl,10.6,2011-2019,2015
4dkq,6.6,2011-2019,2012
4w4w,7.46,2011-2019,2015
6q9u,5.89,2011-2019,2019
6df1,6.56,2011-2019,2018
5dey,8.43,2011-2019,2016
4uco,7.0,2011-2019,2015
3zlo,8.82,2011-2019,2013
5xg5,3.48,2011-2019,2017
3old,5.9,2011-2019,2011
4cmo,9.07,2011-2019,2014
4igr,7.2,2011-2019,2013
6e9l,6.04,2011-2019,2018
6df7,8.0,2011-2019,2018
4nni,5.5,2011-2019,2014
5a4l,5.41,2011-2019,2016
6e92,7.46,2011-2019,2019
4z2k,5.78,2011-2019,2015
5alv,4.36,2011-2019,2015
2xm8,6.8,2011-2019,2011
4xg3,7.76,2011-2019,2015
3zlx,3.8,2011-2019,2013
4pce,5.15,2011-2019,2014
4aaw,6.3,2011-2019,2012
5wg4,7.0,2011-2019,2017
6np4,4.44,2011-2019,2019
5y0x,5.11,2011-2019,2018
5cqj,4.81,2011-2019,2015
5orz,3.36,2011-2019,2017
5yv5,5.41,2011-2019,2018
5ey8,6.31,2011-2019,2015
6mr5,7.3,2011-2019,2018
4wq3,7.0,2011-2019,2015
4qjm,8.17,2011-2019,2015
3tdj,5.25,2011-2019,2011
6s9d,7.8,2011-2019,2019
4qgd,7.43,2011-2019,2014
4nrc,3.62,2011-2019,2013
3qo9,5.92,2011-2019,2011
4f08,6.6,2011-2019,2012
6c85,3.9,2011-2019,2019
5xo2,4.03,2011-2019,2017
2xo8,4.33,2011-2019,2011
5vc3,7.11,2011-2019,2017
6rhe,4.13,2011-2019,2019
3qt7,7.31,2011-2019,2011
4g8o,7.66,2011-2019,2013
5n9r,5.59,2011-2019,2017
6ghh,6.71,2011-2019,2018
4iie,2.34,2011-2019,2013
6mli,2.43,2011-2019,2019
5vzy,8.49,2011-2019,2017
3pgl,5.3,2011-2019,2011
3atm,3.06,2011-2019,2011
6md6,5.1,2011-2019,2019
5csx,8.22,2011-2019,2016
5y0z,6.34,2011-2019,2018
6hwu,7.54,2011-2019,2019
3as1,4.02,2011-2019,2011
4dcv,4.59,2011-2019,2012
6hm4,5.67,2011-2019,2018
6dn6,8.15,2011-2019,2019
3r4n,6.89,2011-2019,2011
5ofx,3.96,2011-2019,2017
4k6w,5.35,2011-2019,2014
4a0j,6.0,2011-2019,2011
3zov,7.22,2011-2019,2013
2yog,4.51,2011-2019,2013
3ov1,5.2,2011-2019,2011
4jof,4.17,2011-2019,2014
6h8c,5.85,2011-2019,2019
4ks1,8.82,2011-2019,2013
5ipc,4.89,2011-2019,2017
3qai,8.1,2011-2019,2012
6rvf,6.14,2011-2019,2019
6ega,6.78,2011-2019,2019
5nw2,6.49,2011-2019,2017
4p5z,7.41,2011-2019,2014
3shc,5.72,2011-2019,2012
2ynn,5.17,2011-2019,2012
4k66,3.26,2011-2019,2013
4m3b,6.4,2011-2019,2014
3tzm,7.77,2011-2019,2012
6apv,6.96,2011-2019,2018
5aa8,8.07,2011-2019,2016
5j1v,7.39,2011-2019,2016
3o23,6.3,2011-2019,2011
4eon,6.05,2011-2019,2013
3sdk,6.8,2011-2019,2012
5unh,9.46,2011-2019,2017
5vo1,8.15,2011-2019,2017
4lts,8.36,2011-2019,2013
5f61,7.46,2011-2019,2017
6cjw,5.74,2011-2019,2018
3qkm,7.42,2011-2019,2011
4hgt,7.4,2011-2019,2012
6ezi,5.31,2011-2019,2018
3rkz,7.08,2011-2019,2011
4yx9,5.35,2011-2019,2015
4n7h,5.48,2011-2019,2014
4w57,4.85,2011-2019,2015
5zef,1.75,2011-2019,2019
4i7b,5.7,2011-2019,2013
4ay6,5.12,2011-2019,2012
5xvq,5.05,2011-2019,2017
6cv8,3.17,2011-2019,2018
2lct,5.14,2011-2019,2011
3tjm,5.2,2011-2019,2011
4gg7,8.2,2011-2019,2012
4f0c,6.27,2011-2019,2013
4oyt,2.81,2011-2019,2014
4phw,10.0,2011-2019,2014
3zvw,3.9,2011-2019,2012
4e0x,7.12,2011-2019,2012
5maj,7.46,2011-2019,2017
4xtz,9.82,2011-2019,2015
4op3,8.15,2011-2019,2014
6czf,5.8,2011-2019,2018
4u0n,5.77,2011-2019,2014
4qz4,5.01,2011-2019,2015
5f1v,6.85,2011-2019,2016
3aru,3.22,2011-2019,2011
6i8z,7.8,2011-2019,2019
5y8c,6.8,2011-2019,2018
4l70,5.66,2011-2019,2014
4ko8,7.15,2011-2019,2013
4xg4,7.67,2011-2019,2015
5jv0,5.96,2011-2019,2017
6e3m,8.64,2011-2019,2019
2lyb,4.46,2011-2019,2013
6mhd,7.29,2011-2019,2019
2ylo,4.88,2011-2019,2011
6n3f,6.1,2011-2019,2019
3q6w,7.57,2011-2019,2011
4v05,9.7,2011-2019,2014
4pvx,6.76,2011-2019,2015
5iop,4.54,2011-2019,2016
4g2w,8.8,2011-2019,2013
5om3,4.1,2011-2019,2018
5w1v,4.43,2011-2019,2017
6fh3,3.07,2011-2019,2019
4mx0,6.73,2011-2019,2013
3zc5,7.13,2011-2019,2013
3v3q,6.6,2011-2019,2012
6ps3,9.78,2011-2019,2019
6hsz,6.94,2011-2019,2018
4o7f,4.89,2011-2019,2014
5cuh,4.62,2011-2019,2016
5f2w,3.98,2011-2019,2016
4gue,5.24,2011-2019,2013
4uat,5.89,2011-2019,2014
4ze6,2.48,2011-2019,2016
4o97,8.52,2011-2019,2014
5m4u,4.89,2011-2019,2017
4f9u,6.03,2011-2019,2012
4led,2.3,2011-2019,2014
3p5l,7.39,2011-2019,2011
5dif,6.23,2011-2019,2015
6oi9,7.19,2011-2019,2019
6i41,4.21,2011-2019,2019
5arg,7.57,2011-2019,2016
3puk,4.74,2011-2019,2011
3wut,6.49,2011-2019,2015
4qhc,6.7,2011-2019,2015
2l8j,5.52,2011-2019,2011
6cdg,5.72,2011-2019,2018
5hlw,7.64,2011-2019,2016
4l5j,3.0,2011-2019,2013
3s3k,4.01,2011-2019,2011
6af9,5.49,2011-2019,2018
4deu,5.64,2011-2019,2012
6miq,4.55,2011-2019,2018
5lwm,8.87,2011-2019,2016
3sji,5.69,2011-2019,2011
5n58,6.1,2011-2019,2017
4bo1,7.3,2011-2019,2013
3tg5,4.7,2011-2019,2011
4q0k,4.87,2011-2019,2014
3psd,8.52,2011-2019,2011
4qyg,8.39,2011-2019,2014
4cby,7.7,2011-2019,2013
3n0n,7.3,2011-2019,2011
4l8m,9.0,2011-2019,2013
5ih2,5.76,2011-2019,2016
5vgo,8.7,2011-2019,2017
4nmt,4.85,2011-2019,2014
4bdd,4.43,2011-2019,2013
5lu2,5.2,2011-2019,2017
6goo,5.67,2011-2019,2018
5mo8,5.79,2011-2019,2017
2xn6,8.8,2011-2019,2011
3uqp,7.31,2011-2019,2012
4jsa,4.96,2011-2019,2013
2m3m,5.02,2011-2019,2013
4nkt,5.97,2011-2019,2013
5th2,4.52,2011-2019,2016
6h77,7.33,2011-2019,2018
4mwr,9.39,2011-2019,2013
5bry,11.82,2011-2019,2015
5iz6,6.64,2011-2019,2017
3s5y,7.41,2011-2019,2012
6fnf,7.89,2011-2019,2018
4ca6,6.74,2011-2019,2013
5mxk,3.39,2011-2019,2017
3rbm,6.57,2011-2019,2012
4p4d,5.74,2011-2019,2015
5y59,5.29,2011-2019,2017
5w5v,6.1,2011-2019,2018
6h7n,8.46,2011-2019,2018
4w55,4.74,2011-2019,2015
5x4m,2.92,2011-2019,2017
6os5,5.36,2011-2019,2019
4pry,7.7,2011-2019,2015
4wnp,8.1,2011-2019,2015
5ork,3.63,2011-2019,2018
4o15,8.7,2011-2019,2014
6bqk,9.0,2011-2019,2018
5eom,6.39,2011-2019,2016
6c3n,2.49,2011-2019,2019
4v25,7.08,2011-2019,2014
3qcl,5.4,2011-2019,2011
4oi6,5.0,2011-2019,2014
5g43,3.7,2011-2019,2016
6ott,5.42,2011-2019,2019
6h4z,7.64,2011-2019,2019
4lkm,6.34,2011-2019,2013
4qwk,6.27,2011-2019,2015
4bbh,7.1,2011-2019,2012
3b24,4.38,2011-2019,2011
4pb2,4.8,2011-2019,2014
6d3y,8.7,2011-2019,2019
4yps,7.12,2011-2019,2015
3syr,5.1,2011-2019,2012
3p4v,5.1,2011-2019,2011
5agt,7.12,2011-2019,2016
3wb5,4.57,2011-2019,2013
5j7p,7.28,2011-2019,2016
3tia,8.51,2011-2019,2011
3ptg,7.6,2011-2019,2011
5dpx,4.46,2011-2019,2017
4jfl,4.98,2011-2019,2013
4int,5.8,2011-2019,2013
6nwk,7.7,2011-2019,2019
4bcd,7.48,2011-2019,2013
3t2p,3.6,2011-2019,2012
5m53,6.21,2011-2019,2016
4pyq,5.36,2011-2019,2014
4p58,4.6,2011-2019,2014
4u79,6.4,2011-2019,2014
4x6k,5.31,2011-2019,2015
4y46,7.96,2011-2019,2015
5v3y,6.72,2011-2019,2017
5c8k,7.7,2011-2019,2015
4hv7,3.52,2011-2019,2012
4ogj,6.79,2011-2019,2014
4kz7,2.49,2011-2019,2014
4tk1,3.72,2011-2019,2014
4cpq,7.74,2011-2019,2014
5t2g,8.1,2011-2019,2017
4lte,7.22,2011-2019,2014
4rqk,5.82,2011-2019,2014
4jfw,6.34,2011-2019,2013
4no9,7.82,2011-2019,2014
5opv,7.29,2011-2019,2017
6gbx,7.7,2011-2019,2018
4axm,7.89,2011-2019,2013
4dfg,11.74,2011-2019,2012
4u44,8.1,2011-2019,2014
4ckr,6.98,2011-2019,2014
3mxc,6.54,2011-2019,2011
6b5o,8.33,2011-2019,2018
5lax,5.4,2011-2019,2016
4nl1,3.89,2011-2019,2014
6fuh,3.77,2011-2019,2018
4yxd,4.34,2011-2019,2016
6ggv,7.54,2011-2019,2018
5e13,4.24,2011-2019,2015
3u3z,5.36,2011-2019,2012
2n9x,6.4,2011-2019,2016
4fxq,5.77,2011-2019,2012
6n4b,10.01,2011-2019,2019
5u6b,9.89,2011-2019,2017
4mvw,7.55,2011-2019,2014
3unz,7.8,2011-2019,2012
4itp,7.27,2011-2019,2014
3wv3,7.62,2011-2019,2014
2ndf,4.23,2011-2019,2016
4fm7,7.24,2011-2019,2012
4zt6,8.0,2011-2019,2016
4q1c,8.7,2011-2019,2014
5mtw,5.72,2011-2019,2018
4feq,5.96,2011-2019,2013
6axb,6.3,2011-2019,2018
3uat,6.66,2011-2019,2011
5c1m,10.8,2011-2019,2015
4qwr,5.93,2011-2019,2015
6pf6,4.74,2011-2019,2019
5jxn,6.41,2011-2019,2016
3pkb,6.21,2011-2019,2011
4mf0,8.08,2011-2019,2013
5gjd,7.92,2011-2019,2016
4ps1,6.66,2011-2019,2015
5vsk,5.74,2011-2019,2017
5kj0,6.89,2011-2019,2017
4kp4,5.17,2011-2019,2014
5m51,4.72,2011-2019,2016
5j3l,4.8,2011-2019,2017
4jyt,7.4,2011-2019,2014
6otg,7.5,2011-2019,2019
6itj,7.97,2011-2019,2019
5adt,5.65,2011-2019,2016
5z5f,2.17,2011-2019,2018
6mhc,6.43,2011-2019,2019
4xuh,5.73,2011-2019,2016
4iqt,6.11,2011-2019,2013
5ewm,7.92,2011-2019,2016
2l6j,6.26,2011-2019,2011
6quv,3.0,2011-2019,2019
5hjd,5.24,2011-2019,2016
4kb7,7.49,2011-2019,2013
6hh5,4.27,2011-2019,2018
4dh6,7.77,2011-2019,2012
5emj,7.48,2011-2019,2016
5ceh,8.0,2011-2019,2016
5sys,7.36,2011-2019,2017
4jft,5.46,2011-2019,2013
4hze,6.29,2011-2019,2013
4q15,7.96,2011-2019,2016
5za9,6.74,2011-2019,2018
4wcu,8.52,2011-2019,2014
5ndd,6.46,2011-2019,2017
4qrh,5.15,2011-2019,2015
5mt4,3.3,2011-2019,2017
5tzx,7.28,2011-2019,2017
4mcc,6.25,2011-2019,2013
6hzy,3.92,2011-2019,2019
3arp,7.15,2011-2019,2011
4ruz,7.64,2011-2019,2015
4nmq,4.49,2011-2019,2014
4uuq,7.54,2011-2019,2015
4jzb,6.47,2011-2019,2014
6fng,7.14,2011-2019,2018
6q9s,7.77,2011-2019,2019
6aa4,6.33,2011-2019,2019
2y82,8.4,2011-2019,2011
4b76,4.54,2011-2019,2012
3u4o,7.28,2011-2019,2011
6f05,4.47,2011-2019,2018
5lz7,6.28,2011-2019,2016
4c6z,3.45,2011-2019,2013
6ink,6.57,2011-2019,2019
5wmg,8.21,2011-2019,2018
4pv7,6.63,2011-2019,2015
6pg8,3.85,2011-2019,2019
5t2p,5.72,2011-2019,2017
5lws,3.94,2011-2019,2017
3ufl,6.82,2011-2019,2012
4awp,7.09,2011-2019,2012
5ive,7.57,2011-2019,2016
4g2r,4.45,2011-2019,2014
4b3c,2.68,2011-2019,2013
4uvv,7.49,2011-2019,2015
5tdi,9.74,2011-2019,2017
4nrp,4.59,2011-2019,2014
3rtp,8.15,2011-2019,2013
4b8p,6.85,2011-2019,2013
4mnq,4.43,2011-2019,2013
5nfb,6.11,2011-2019,2017
5c2a,8.32,2011-2019,2015
5ufc,5.16,2011-2019,2017
5z68,5.89,2011-2019,2018
6h4y,7.11,2011-2019,2019
3ogp,7.44,2011-2019,2011
5ipa,4.7,2011-2019,2017
4hlh,5.96,2011-2019,2012
4tx6,5.59,2011-2019,2014
6gmq,2.3,2011-2019,2018
5ort,3.05,2011-2019,2017
5j71,6.96,2011-2019,2017
6fcl,4.64,2011-2019,2018
4ek9,4.42,2011-2019,2012
4jbl,3.27,2011-2019,2013
4uro,8.4,2011-2019,2014
2xxy,7.89,2011-2019,2011
6bij,6.05,2011-2019,2018
2ydm,7.44,2011-2019,2011
3wha,9.32,2011-2019,2014
5dgz,7.85,2011-2019,2015
4arw,7.13,2011-2019,2012
4jfm,5.48,2011-2019,2013
6gu6,5.74,2011-2019,2018
5ea4,8.11,2011-2019,2015
4aj2,2.38,2011-2019,2012
6iou,3.73,2011-2019,2019
6nvi,8.59,2011-2019,2019
4ttv,6.68,2011-2019,2015
4u70,5.02,2011-2019,2015
5hct,7.6,2011-2019,2016
3ava,4.4,2011-2019,2012
4xu0,9.11,2011-2019,2015
2xae,7.3,2011-2019,2011
6pgx,9.21,2011-2019,2019
3vvy,4.84,2011-2019,2013
5tdw,4.7,2011-2019,2016
6o50,8.55,2011-2019,2019
3wc5,8.7,2011-2019,2013
4tzn,6.52,2011-2019,2014
5tt8,6.5,2011-2019,2017
5nya,6.38,2011-2019,2018
6oe3,8.32,2011-2019,2019
4mp2,5.45,2011-2019,2014
5nxg,8.55,2011-2019,2018
4whq,4.12,2011-2019,2014
6htc,5.96,2011-2019,2019
5ier,4.89,2011-2019,2017
5jrs,8.4,2011-2019,2016
4lko,8.22,2011-2019,2013
6dyy,10.55,2011-2019,2019
4uiu,7.9,2011-2019,2015
4ef6,2.92,2011-2019,2013
3rr4,4.55,2011-2019,2012
4f14,4.89,2011-2019,2012
6ha4,3.97,2011-2019,2019
4btw,7.15,2011-2019,2013
4gee,9.0,2011-2019,2013
4mg9,5.68,2011-2019,2014
4e1m,7.26,2011-2019,2012
5ti4,4.59,2011-2019,2017
5dtj,4.47,2011-2019,2015
5lpd,10.15,2011-2019,2017
4oc3,8.28,2011-2019,2014
5q0t,4.54,2011-2019,2017
4obp,7.77,2011-2019,2014
4ikn,4.85,2011-2019,2013
5mmg,6.01,2011-2019,2017
5b6c,3.66,2011-2019,2017
5irr,5.27,2011-2019,2017
3oim,6.74,2011-2019,2011
4bdb,4.07,2011-2019,2013
5c2h,11.09,2011-2019,2015
3zt4,2.8,2011-2019,2012
6olx,5.38,2011-2019,2019
6ccq,6.6,2011-2019,2018
5hki,2.8,2011-2019,2017
5va9,7.84,2011-2019,2018
2xwd,6.96,2011-2019,2011
4bcf,8.15,2011-2019,2013
4yhp,8.7,2011-2019,2016
4qoc,9.92,2011-2019,2015
4o5g,4.3,2011-2019,2014
5w6r,7.57,2011-2019,2017
6cjs,9.7,2011-2019,2019
6evq,2.0,2011-2019,2018
5wou,6.18,2011-2019,2018
3rk9,6.28,2011-2019,2012
4y2j,3.1,2011-2019,2015
5tbe,8.97,2011-2019,2017
5dhr,4.64,2011-2019,2016
6fo7,7.87,2011-2019,2018
4jr5,8.15,2011-2019,2013
4tk3,5.1,2011-2019,2014
4tk2,3.72,2011-2019,2014
3t1l,3.26,2011-2019,2011
3rth,5.21,2011-2019,2011
5j47,5.31,2011-2019,2016
3rni,5.17,2011-2019,2012
4wmy,7.07,2011-2019,2015
4mjq,3.71,2011-2019,2013
4knr,5.74,2011-2019,2014
5d3n,5.04,2011-2019,2016
4zt4,8.0,2011-2019,2016
5qag,3.7,2011-2019,2018
4r1e,7.28,2011-2019,2014
3r2f,8.85,2011-2019,2011
5qil,11.52,2011-2019,2018
6ey9,5.91,2011-2019,2018
3umw,8.52,2011-2019,2012
3rin,8.89,2011-2019,2012
5v82,10.15,2011-2019,2017
5vqv,6.4,2011-2019,2017
5ty9,5.21,2011-2019,2017
4qsu,2.0,2011-2019,2014
4pum,6.73,2011-2019,2014
4lm1,3.23,2011-2019,2014
3ut5,5.74,2011-2019,2012
4zls,9.09,2011-2019,2015
3s3r,8.68,2011-2019,2011
5m4i,7.89,2011-2019,2017
6gj5,3.36,2011-2019,2019
4pp5,7.74,2011-2019,2014
6me4,9.92,2011-2019,2019
5mw3,6.62,2011-2019,2017
4nq6,4.28,2011-2019,2014
4x8s,1.89,2011-2019,2015
4ag8,8.96,2011-2019,2012
3prs,7.82,2011-2019,2011
4d4d,5.96,2011-2019,2015
6bqd,6.39,2011-2019,2019
5ggk,3.54,2011-2019,2016
4wmc,8.05,2011-2019,2014
4qp8,6.55,2011-2019,2015
3ozg,9.19,2011-2019,2011
4l1a,8.27,2011-2019,2014
2y7x,8.89,2011-2019,2011
6gxy,5.24,2011-2019,2019
6c4d,9.04,2011-2019,2018
5yzc,5.52,2011-2019,2018
4xuz,7.36,2011-2019,2015
3ppo,5.3,2011-2019,2011
5igq,6.6,2011-2019,2016
6mxb,4.59,2011-2019,2019
6nd3,4.59,2011-2019,2019
5agj,6.15,2011-2019,2015
6ke0,7.55,2011-2019,2019
5ey0,2.65,2011-2019,2016
4mdr,4.39,2011-2019,2014
4lk7,5.04,2011-2019,2013
5drs,8.96,2011-2019,2016
6bj3,4.77,2011-2019,2018
6c0r,7.51,2011-2019,2018
4e8z,6.64,2011-2019,2012
4uvx,7.96,2011-2019,2015
5o9o,4.89,2011-2019,2018
5ia4,7.28,2011-2019,2016
5moc,4.63,2011-2019,2017
4u5u,2.89,2011-2019,2015
4glx,7.8,2011-2019,2012
6fa2,6.66,2011-2019,2018
6oqb,10.3,2011-2019,2019
6f28,5.67,2011-2019,2018
4xc2,5.37,2011-2019,2015
5yr6,5.34,2011-2019,2018
5bwb,5.3,2011-2019,2015
3ant,8.07,2011-2019,2011
5lt9,4.19,2011-2019,2017
6apz,6.82,2011-2019,2018
3vsx,8.85,2011-2019,2012
6myn,7.85,2011-2019,2019
6f6s,2.89,2011-2019,2018
4jss,3.3,2011-2019,2013
5mby,3.51,2011-2019,2017
4lh2,1.24,2011-2019,2013
4cwf,4.49,2011-2019,2014
6hpw,6.09,2011-2019,2018
6rml,5.82,2011-2019,2019
3m94,5.08,2011-2019,2011
6cks,7.82,2011-2019,2018
4wnk,6.42,2011-2019,2015
5ovx,4.5,2011-2019,2017
6d5g,6.6,2011-2019,2018
4al4,6.89,2011-2019,2012
4xtm,4.57,2011-2019,2016
6pek,6.52,2011-2019,2019
5t8p,5.89,2011-2019,2017
5i40,4.86,2011-2019,2016
5vqr,5.92,2011-2019,2017
5lj2,5.0,2011-2019,2016
4q4i,7.33,2011-2019,2015
5xof,4.01,2011-2019,2017
3w37,5.18,2011-2019,2013
5ayf,4.82,2011-2019,2016
4uxb,7.96,2011-2019,2015
3o2m,4.8,2011-2019,2011
6pdj,7.38,2011-2019,2019
5yea,8.3,2011-2019,2018
6czv,6.64,2011-2019,2018
6q92,6.1,2011-2019,2019
4xj0,9.52,2011-2019,2015
2xpk,11.3,2011-2019,2011
5j4v,5.85,2011-2019,2016
3rsv,9.15,2011-2019,2011
6j3p,6.98,2011-2019,2019
5f94,8.47,2011-2019,2016
6dq8,6.59,2011-2019,2018
2mov,7.4,2011-2019,2014
4kfp,8.0,2011-2019,2013
4hxs,5.39,2011-2019,2013
5mnh,4.68,2011-2019,2018
6s43,5.4,2011-2019,2019
5trk,5.21,2011-2019,2016
4r7m,7.96,2011-2019,2014
4x5y,8.03,2011-2019,2015
5nn4,1.94,2011-2019,2017
6chq,5.36,2011-2019,2018
2yhd,4.64,2011-2019,2011
4gki,4.46,2011-2019,2012
4lxk,8.4,2011-2019,2013
2ym3,6.0,2011-2019,2012
4mcb,5.82,2011-2019,2013
4pl5,4.96,2011-2019,2014
5e0g,5.8,2011-2019,2016
5lhu,4.66,2011-2019,2017
4qpl,7.41,2011-2019,2014
6i76,5.07,2011-2019,2019
4yxi,6.5,2011-2019,2016
6q73,6.9,2011-2019,2018
4xg7,7.49,2011-2019,2015
5evd,5.0,2011-2019,2016
5ehg,3.43,2011-2019,2016
5zjz,7.37,2011-2019,2019
5ldp,4.17,2011-2019,2017
3atw,7.01,2011-2019,2011
5lwd,6.24,2011-2019,2016
5ehe,8.32,2011-2019,2016
6hm6,5.5,2011-2019,2018
4qlu,8.08,2011-2019,2014
5o4y,8.15,2011-2019,2017
4q6d,7.36,2011-2019,2014
4ux4,7.01,2011-2019,2015
3pww,7.32,2011-2019,2011
4ezo,6.52,2011-2019,2013
4cps,8.27,2011-2019,2014
3tn8,6.13,2011-2019,2012
6qrf,4.48,2011-2019,2019
6eji,3.52,2011-2019,2018
6oy0,9.3,2011-2019,2019
4wmx,4.85,2011-2019,2015
4gw6,6.2,2011-2019,2013
6djd,2.14,2011-2019,2019
5ddc,7.04,2011-2019,2016
5trf,9.06,2011-2019,2016
4bi6,3.95,2011-2019,2013
5g4m,3.86,2011-2019,2016
5kej,5.11,2011-2019,2017
5l7k,10.37,2011-2019,2016
5m7t,5.41,2011-2019,2017
4xek,5.66,2011-2019,2015
5orj,4.77,2011-2019,2018
5d21,8.38,2011-2019,2015
4jhz,6.02,2011-2019,2013
5fh8,6.77,2011-2019,2016
5epn,8.66,2011-2019,2016
5yft,5.0,2011-2019,2018
4mx1,3.68,2011-2019,2014
4pfu,6.17,2011-2019,2014
5v7t,6.21,2011-2019,2017
4fci,1.26,2011-2019,2012
6cdo,8.97,2011-2019,2018
6hdq,7.0,2011-2019,2018
3t2q,3.66,2011-2019,2012
6g3q,7.24,2011-2019,2018
3amb,6.18,2011-2019,2011
5b25,10.24,2011-2019,2016
6u9v,7.4,2011-2019,2019
5t92,7.8,2011-2019,2017
3zrc,5.27,2011-2019,2012
2y07,6.22,2011-2019,2011
5ug9,8.1,2011-2019,2017
3u4h,4.25,2011-2019,2012
5bqh,8.52,2011-2019,2016
6d16,5.08,2011-2019,2019
5ehi,3.34,2011-2019,2016
4isu,3.68,2011-2019,2013
5zwh,8.72,2011-2019,2018
5n34,4.63,2011-2019,2017
4yb7,3.8,2011-2019,2016
5j7q,4.58,2011-2019,2016
3tsk,7.17,2011-2019,2012
6g1w,8.14,2011-2019,2018
3u6a,6.49,2011-2019,2011
6jb4,5.98,2011-2019,2019
5dxg,5.92,2011-2019,2016
5y5t,6.68,2011-2019,2018
6cmr,6.61,2011-2019,2018
6ebe,6.7,2011-2019,2018
4awo,7.62,2011-2019,2012
4zud,8.16,2011-2019,2015
4e9d,7.7,2011-2019,2012
6r8p,4.48,2011-2019,2019
4m7c,6.12,2011-2019,2013
6jdl,4.89,2011-2019,2019
4whr,4.12,2011-2019,2014
5zym,5.77,2011-2019,2019
4hy0,6.7,2011-2019,2013
2ykb,5.96,2011-2019,2011
6c0u,5.99,2011-2019,2018
5j9y,7.24,2011-2019,2016
4anv,6.36,2011-2019,2012
4hyi,8.52,2011-2019,2013
6cfc,3.68,2011-2019,2018
5wqj,5.52,2011-2019,2017
5nk4,8.7,2011-2019,2017
5ndb,4.66,2011-2019,2018
4i2w,3.92,2011-2019,2013
4xty,9.21,2011-2019,2015
5wg9,5.59,2011-2019,2018
5kly,7.21,2011-2019,2017
4ear,9.82,2011-2019,2013
4rxd,6.52,2011-2019,2015
4lch,10.62,2011-2019,2013
6beh,4.09,2011-2019,2018
5v5y,7.87,2011-2019,2017
3s1y,6.22,2011-2019,2011
5ij7,8.51,2011-2019,2016
4xip,6.63,2011-2019,2015
4pop,8.13,2011-2019,2014
5kpm,7.82,2011-2019,2018
4ucs,4.21,2011-2019,2015
5bms,6.34,2011-2019,2015
5cj6,8.69,2011-2019,2016
3qs6,4.89,2011-2019,2011
6ap6,5.37,2011-2019,2018
4b0g,7.82,2011-2019,2013
5km0,5.31,2011-2019,2017
5ukl,6.2,2011-2019,2017
6e0r,7.7,2011-2019,2019
6s56,5.1,2011-2019,2019
5iql,4.56,2011-2019,2016
5td7,5.77,2011-2019,2017
5k8n,6.32,2011-2019,2016
5tca,7.72,2011-2019,2016
4mwe,5.91,2011-2019,2014
5t90,6.68,2011-2019,2017
6mim,5.7,2011-2019,2018
5w1e,5.24,2011-2019,2017
4hgl,8.1,2011-2019,2012
4okp,2.7,2011-2019,2014
5vo2,6.81,2011-2019,2017
6gzh,8.27,2011-2019,2018
4clj,9.15,2011-2019,2014
6e6m,5.75,2011-2019,2019
3qip,6.89,2011-2019,2011
5zxk,5.48,2011-2019,2019
3v5g,7.13,2011-2019,2012
3so9,8.56,2011-2019,2011
5ye7,5.46,2011-2019,2018
5ew3,8.92,2011-2019,2015
6f94,7.0,2011-2019,2019
4exs,4.41,2011-2019,2012
3r7b,6.15,2011-2019,2011
3twv,4.76,2011-2019,2011
5uf0,3.8,2011-2019,2017
3rxf,2.6,2011-2019,2011
6sfj,7.74,2011-2019,2019
5lgr,7.09,2011-2019,2017
4msn,4.03,2011-2019,2014
4i6h,8.3,2011-2019,2013
3r0w,4.52,2011-2019,2012
4dpf,6.4,2011-2019,2012
4k3m,3.55,2011-2019,2013
6fa4,7.29,2011-2019,2018
4en4,5.52,2011-2019,2012
5edq,8.7,2011-2019,2015
6qc0,7.24,2011-2019,2019
5htb,6.77,2011-2019,2016
4aa4,8.05,2011-2019,2012
6h8s,4.42,2011-2019,2018
5nob,8.2,2011-2019,2017
4gvu,7.52,2011-2019,2013
3tz0,5.04,2011-2019,2012
4w9l,5.02,2011-2019,2014
3vzd,6.3,2011-2019,2013
3r04,6.92,2011-2019,2011
3zvy,5.1,2011-2019,2011
4aj1,3.11,2011-2019,2012
6da4,6.34,2011-2019,2018
6as6,4.82,2011-2019,2018
5g10,8.01,2011-2019,2016
3ud8,5.38,2011-2019,2012
4j77,5.47,2011-2019,2013
6oz6,7.28,2011-2019,2019
6fyi,6.7,2011-2019,2018
5mhp,7.82,2011-2019,2017
4jjg,8.7,2011-2019,2013
5dqe,3.63,2011-2019,2015
4k7i,2.82,2011-2019,2014
5wij,6.31,2011-2019,2018
4twy,3.97,2011-2019,2015
5u7d,9.3,2011-2019,2017
3ujc,4.59,2011-2019,2011
4yog,5.74,2011-2019,2015
6cq5,4.24,2011-2019,2018
5fhn,5.9,2011-2019,2016
3ta0,3.47,2011-2019,2011
6f8v,4.8,2011-2019,2018
5q18,7.17,2011-2019,2017
6jjn,4.11,2011-2019,2019
5ei3,4.25,2011-2019,2016
6k5r,4.27,2011-2019,2019
4pmp,6.4,2011-2019,2014
3q2a,5.3,2011-2019,2011
4qij,5.54,2011-2019,2014
5wzv,6.68,2011-2019,2018
3r17,6.41,2011-2019,2011
6f3d,8.4,2011-2019,2018
3spk,8.52,2011-2019,2011
3wi2,7.04,2011-2019,2013
5iep,7.0,2011-2019,2017
6hp0,4.92,2011-2019,2019
5kyk,5.8,2011-2019,2017
4rpo,7.64,2011-2019,2014
5n7b,3.77,2011-2019,2018
5l3a,4.89,2011-2019,2016
3t2v,6.99,2011-2019,2011
5wyx,6.66,2011-2019,2017
6afa,5.49,2011-2019,2018
5uz0,7.8,2011-2019,2018
3sh0,5.66,2011-2019,2012
5a3r,7.78,2011-2019,2016
5n9s,8.62,2011-2019,2017
3vbq,9.33,2011-2019,2012
5ljq,9.0,2011-2019,2017
4h3a,6.29,2011-2019,2012
3t3d,4.91,2011-2019,2012
4efk,2.49,2011-2019,2013
4ly1,7.26,2011-2019,2013
4u0u,5.82,2011-2019,2014
4g0k,5.37,2011-2019,2012
4x1p,4.2,2011-2019,2015
4pnq,5.0,2011-2019,2014
6mkw,4.77,2011-2019,2019
6bmv,4.68,2011-2019,2018
6cec,4.35,2011-2019,2018
6ety,8.05,2011-2019,2018
5w10,6.62,2011-2019,2017
6fgg,4.77,2011-2019,2018
6mmc,3.61,2011-2019,2019
6ugz,7.72,2011-2019,2019
3pz2,6.14,2011-2019,2011
4gid,10.77,2011-2019,2012
5w6t,7.57,2011-2019,2017
6s7s,4.77,2011-2019,2019
6fvl,6.8,2011-2019,2019
5jdc,3.98,2011-2019,2016
5agv,9.7,2011-2019,2015
6ax1,9.42,2011-2019,2017
4xqb,3.79,2011-2019,2015
5sy2,4.96,2011-2019,2016
5ocj,4.82,2011-2019,2018
6fmc,5.88,2011-2019,2018
4ih3,4.82,2011-2019,2014
6oxy,9.55,2011-2019,2019
4xas,6.59,2011-2019,2015
5cfb,7.28,2011-2019,2015
6chm,3.7,2011-2019,2018
3zkf,6.02,2011-2019,2013
4nhy,5.64,2011-2019,2014
4cd4,6.58,2011-2019,2014
6en6,7.94,2011-2019,2018
4muk,6.6,2011-2019,2014
6h7z,10.12,2011-2019,2018
6qtq,3.72,2011-2019,2019
4fvr,6.0,2011-2019,2012
5x73,6.74,2011-2019,2017
6f6r,8.25,2011-2019,2018
4bxu,7.0,2011-2019,2013
4nrk,7.62,2011-2019,2014
5bve,11.0,2011-2019,2015
4e4n,9.05,2011-2019,2012
4wkc,12.68,2011-2019,2015
3qck,5.24,2011-2019,2011
4x6s,5.24,2011-2019,2015
4qok,5.19,2011-2019,2014
4a7b,7.4,2011-2019,2011
6i3s,7.05,2011-2019,2018
4wn0,3.22,2011-2019,2016
3qlb,8.43,2011-2019,2011
5i24,7.42,2011-2019,2016
6m8y,6.38,2011-2019,2018
5ahw,5.17,2011-2019,2015
5mym,5.41,2011-2019,2017
6q96,10.0,2011-2019,2019
5edd,5.24,2011-2019,2016
6gjw,4.96,2011-2019,2019
5ut0,5.88,2011-2019,2017
6fns,4.03,2011-2019,2018
4fem,4.06,2011-2019,2012
4kp5,6.08,2011-2019,2013
6dnp,5.18,2011-2019,2018
5w5j,5.82,2011-2019,2017
4mww,3.67,2011-2019,2013
5xbt,5.14,2011-2019,2018
5bqi,9.05,2011-2019,2016
5jt2,7.47,2011-2019,2016
6ce8,3.41,2011-2019,2018
3uew,6.31,2011-2019,2011
3vhe,8.21,2011-2019,2011
4gm8,9.0,2011-2019,2013
3rl4,5.42,2011-2019,2011
5nf9,5.33,2011-2019,2017
5d1u,5.96,2011-2019,2015
6qlr,4.82,2011-2019,2019
5bns,7.02,2011-2019,2016
6ej3,5.93,2011-2019,2018
3qkl,8.05,2011-2019,2011
6eir,6.24,2011-2019,2018
4o0y,7.22,2011-2019,2014
4g2f,6.8,2011-2019,2012
5nt0,6.55,2011-2019,2018
5dbm,6.46,2011-2019,2016
4qw5,6.35,2011-2019,2015
4trw,4.14,2011-2019,2015
4jjs,6.7,2011-2019,2013
4ohm,7.55,2011-2019,2014
4muw,8.01,2011-2019,2013
4qsx,1.74,2011-2019,2014
4m5u,7.96,2011-2019,2013
3u0t,9.52,2011-2019,2012
4bio,5.12,2011-2019,2013
3mt7,4.03,2011-2019,2011
6st0,5.13,2011-2019,2019
5qby,7.4,2011-2019,2017
4avg,7.22,2011-2019,2012
5y7j,7.29,2011-2019,2019
5fe9,4.68,2011-2019,2016
5d9l,7.62,2011-2019,2015
4v27,6.66,2011-2019,2014
5yhl,7.74,2011-2019,2018
6bbu,7.54,2011-2019,2018
5jr6,4.69,2011-2019,2016
5auv,4.51,2011-2019,2015
6iuo,7.79,2011-2019,2019
5xmx,7.24,2011-2019,2018
5hh5,6.3,2011-2019,2017
6gue,8.4,2011-2019,2018
5np8,4.62,2011-2019,2018
5jur,8.52,2011-2019,2017
4eh9,2.26,2011-2019,2012
4gqq,2.89,2011-2019,2012
4kov,3.75,2011-2019,2013
4r59,7.96,2011-2019,2014
4je8,5.21,2011-2019,2014
4r76,7.85,2011-2019,2014
4l2k,6.44,2011-2019,2013
5lyy,4.85,2011-2019,2016
4og8,7.25,2011-2019,2014
5czm,8.32,2011-2019,2016
4rcf,8.4,2011-2019,2014
5a3o,4.73,2011-2019,2015
4dtk,8.52,2011-2019,2012
5ngs,6.77,2011-2019,2017
5vja,6.59,2011-2019,2018
5nwc,6.15,2011-2019,2018
5ty1,5.21,2011-2019,2017
3t4h,5.28,2011-2019,2012
4b6q,7.55,2011-2019,2012
6hpg,5.5,2011-2019,2018
4w4x,6.99,2011-2019,2015
4oyk,6.74,2011-2019,2014
5c8m,7.19,2011-2019,2015
4dj7,6.3,2011-2019,2012
5om2,4.06,2011-2019,2018
4a9i,4.9,2011-2019,2012
6cvv,4.12,2011-2019,2018
4z88,5.39,2011-2019,2015
6qw8,6.4,2011-2019,2019
3nuy,3.46,2011-2019,2011
5d7a,7.68,2011-2019,2016
4mzs,7.92,2011-2019,2014
2xxn,6.41,2011-2019,2011
6e1z,3.82,2011-2019,2019
4o07,7.38,2011-2019,2014
4w9n,4.26,2011-2019,2014
4psq,6.36,2011-2019,2014
4bo8,6.92,2011-2019,2013
5kdr,8.3,2011-2019,2016
6rfn,6.7,2011-2019,2019
4qvx,11.0,2011-2019,2015
3r8z,4.31,2011-2019,2012
5dh5,9.64,2011-2019,2016
6n8x,5.7,2011-2019,2019
5icz,5.3,2011-2019,2016
5yr4,6.34,2011-2019,2018
4cpu,7.53,2011-2019,2014
3t19,8.66,2011-2019,2011
4cfl,5.88,2011-2019,2014
5dts,3.55,2011-2019,2016
3qri,9.1,2011-2019,2011
4b70,5.2,2011-2019,2013
6gu2,5.8,2011-2019,2018
5n8v,6.68,2011-2019,2017
6oxu,10.02,2011-2019,2019
4dma,6.19,2011-2019,2012
6nem,7.92,2011-2019,2019
4ncg,7.96,2011-2019,2014
5l3f,6.33,2011-2019,2016
4pf3,7.29,2011-2019,2014
3pe1,9.65,2011-2019,2011
5k1v,5.7,2011-2019,2017
4wku,5.68,2011-2019,2014
6p8y,6.2,2011-2019,2019
4ojq,3.3,2011-2019,2014
3vyd,6.39,2011-2019,2012
6huc,7.59,2011-2019,2019
5nsp,6.47,2011-2019,2017
5mme,5.85,2011-2019,2017
5trs,8.0,2011-2019,2017
3vqu,7.43,2011-2019,2012
6hkj,9.0,2011-2019,2018
5mt0,3.3,2011-2019,2017
6dl2,7.48,2011-2019,2019
5ad1,7.24,2011-2019,2016
5vwk,5.48,2011-2019,2017
5q1b,7.31,2011-2019,2017
4g34,7.93,2011-2019,2012
3u8h,6.49,2011-2019,2012
4nzm,6.85,2011-2019,2014
4zec,5.82,2011-2019,2015
4mep,5.33,2011-2019,2013
4afh,9.54,2011-2019,2012
4fxf,5.19,2011-2019,2013
4hxj,4.13,2011-2019,2012
4u5l,2.4,2011-2019,2015
4r6w,5.27,2011-2019,2014
6nk0,6.39,2011-2019,2019
3zp9,7.82,2011-2019,2013
6ueg,4.71,2011-2019,2019
5uor,8.2,2011-2019,2017
6fcj,7.15,2011-2019,2019
4zsq,5.65,2011-2019,2015
5fox,3.17,2011-2019,2016
4d2p,5.68,2011-2019,2014
4z2b,7.76,2011-2019,2015
4jlh,5.4,2011-2019,2013
6rni,9.4,2011-2019,2019
5x33,8.49,2011-2019,2018
4gih,8.32,2011-2019,2013
3rv3,2.0,2011-2019,2011
6eds,8.77,2011-2019,2019
5q14,7.68,2011-2019,2017
4mpc,6.15,2011-2019,2014
5kos,8.82,2011-2019,2016
4os2,6.7,2011-2019,2014
3ps6,7.74,2011-2019,2011
6hx1,6.52,2011-2019,2019
5qac,3.6,2011-2019,2018
4ngr,7.55,2011-2019,2014
3w2s,8.16,2011-2019,2013
3qlm,6.37,2011-2019,2011
6gbe,3.5,2011-2019,2018
6hcw,6.89,2011-2019,2019
6dpt,7.11,2011-2019,2018
3vjk,9.43,2011-2019,2012
5fue,6.33,2011-2019,2016
4bea,8.3,2011-2019,2013
5ual,3.58,2011-2019,2017
5oae,4.6,2011-2019,2018
6uyx,6.0,2011-2019,2019
3piy,6.54,2011-2019,2011
4o62,5.0,2011-2019,2014
4q46,3.77,2011-2019,2015
4rkx,5.1,2011-2019,2015
4de2,4.12,2011-2019,2012
4qw7,6.28,2011-2019,2015
4bd3,4.54,2011-2019,2012
6mbo,5.95,2011-2019,2019
6b1y,7.4,2011-2019,2018
6pz4,9.4,2011-2019,2019
4urm,8.05,2011-2019,2014
5tzo,5.23,2011-2019,2017
5m3a,5.7,2011-2019,2017
4jt8,7.48,2011-2019,2013
3o1d,5.74,2011-2019,2011
5nwb,7.8,2011-2019,2018
4rxe,6.64,2011-2019,2015
5lgn,5.54,2011-2019,2017
4qvy,5.09,2011-2019,2015
5fsl,4.62,2011-2019,2016
5dva,3.55,2011-2019,2016
5upz,9.2,2011-2019,2017
3sni,7.96,2011-2019,2011
5llg,11.13,2011-2019,2017
4mr5,6.6,2011-2019,2013
6g47,2.18,2011-2019,2018
3rz3,5.76,2011-2019,2011
5g1p,5.2,2011-2019,2016
4x2l,4.44,2011-2019,2015
6er3,3.24,2011-2019,2018
4ej8,5.39,2011-2019,2013
5nad,8.96,2011-2019,2017
6i18,4.07,2011-2019,2019
6gg8,9.1,2011-2019,2019
5ema,5.23,2011-2019,2016
3vp3,4.95,2011-2019,2012
6c28,4.17,2011-2019,2018
5doh,7.49,2011-2019,2016
4z83,7.4,2011-2019,2015
5akg,4.46,2011-2019,2015
4mk7,6.36,2011-2019,2013
4umr,3.8,2011-2019,2014
6fau,5.44,2011-2019,2018
4ufz,6.31,2011-2019,2015
3tct,8.52,2011-2019,2012
4czs,5.0,2011-2019,2015
5lle,10.22,2011-2019,2017
5mwp,7.5,2011-2019,2018
6fvo,5.55,2011-2019,2019
3wk6,5.2,2011-2019,2014
6qr9,6.72,2011-2019,2019
5ia0,6.73,2011-2019,2016
4r1v,9.0,2011-2019,2015
3vi5,5.68,2011-2019,2012
3wns,5.96,2011-2019,2014
6ccx,3.15,2011-2019,2018
4g8v,5.8,2011-2019,2012
5mkz,4.7,2011-2019,2017
4gah,6.1,2011-2019,2012
5d29,7.01,2011-2019,2016
4dn0,5.72,2011-2019,2012
5qad,3.77,2011-2019,2018
4fse,7.4,2011-2019,2012
3t0m,3.94,2011-2019,2012
4nvq,8.48,2011-2019,2014
6kzd,8.53,2011-2019,2019
5etb,4.54,2011-2019,2016
6o8i,10.0,2011-2019,2019
6cd5,6.81,2011-2019,2019
4llj,3.42,2011-2019,2014
4ipj,4.87,2011-2019,2013
4fpf,4.41,2011-2019,2012
3p7c,7.66,2011-2019,2011
3sie,7.88,2011-2019,2011
4r06,6.29,2011-2019,2016
4h38,6.04,2011-2019,2012
3vje,8.01,2011-2019,2012
5akj,5.86,2011-2019,2015
4nuc,6.04,2011-2019,2014
5uwk,8.64,2011-2019,2017
6eq3,6.15,2011-2019,2018
5wvd,7.68,2011-2019,2018
4jck,2.37,2011-2019,2013
4qmz,6.68,2011-2019,2015
5etv,6.24,2011-2019,2016
5lck,8.1,2011-2019,2016
5owh,5.92,2011-2019,2018
6ugp,6.16,2011-2019,2019
4ff8,6.4,2011-2019,2013
5vnb,5.3,2011-2019,2018
4mbc,6.4,2011-2019,2013
4yv1,3.08,2011-2019,2015
4rn0,6.59,2011-2019,2015
4jt9,8.14,2011-2019,2013
5bvd,9.8,2011-2019,2015
5bsk,6.22,2011-2019,2015
5m1z,4.18,2011-2019,2016
3ldp,5.62,2011-2019,2011
3s0j,3.77,2011-2019,2011
4zh2,5.0,2011-2019,2015
4z1e,8.24,2011-2019,2015
4izm,6.66,2011-2019,2013
6qgf,6.0,2011-2019,2019
4gu9,4.37,2011-2019,2013
6bkh,8.89,2011-2019,2018
6h12,7.68,2011-2019,2019
4u6w,4.21,2011-2019,2015
4xnv,6.79,2011-2019,2015
5e6o,4.11,2011-2019,2016
4ixu,7.64,2011-2019,2013
4rx9,7.89,2011-2019,2015
4bzn,5.84,2011-2019,2013
3wkd,3.77,2011-2019,2014
4rhy,5.95,2011-2019,2015
6gg4,3.69,2011-2019,2018
5nb6,6.3,2011-2019,2017
6e5t,6.55,2011-2019,2019
6sdc,8.9,2011-2019,2019
3mqf,5.24,2011-2019,2011
6q6m,6.89,2011-2019,2019
5ngz,2.89,2011-2019,2017
4p4t,4.39,2011-2019,2014
5nhp,7.64,2011-2019,2017
4os7,4.62,2011-2019,2014
4jok,4.07,2011-2019,2014
4mr6,6.6,2011-2019,2013
3v4t,4.11,2011-2019,2012
4pvy,6.71,2011-2019,2015
3myq,7.52,2011-2019,2011
6hd6,5.7,2011-2019,2018
6b5t,8.66,2011-2019,2018
4z1k,8.33,2011-2019,2015
5ye8,3.0,2011-2019,2018
3uuo,7.96,2011-2019,2012
6n19,3.02,2011-2019,2019
3x00,9.08,2011-2019,2015
3qqa,5.82,2011-2019,2011
4q4o,7.46,2011-2019,2014
4ux9,5.1,2011-2019,2015
4pre,3.74,2011-2019,2014
6d4a,3.93,2011-2019,2019
6bed,4.72,2011-2019,2018
5ypp,4.64,2011-2019,2018
6c91,6.19,2011-2019,2018
5hkh,5.09,2011-2019,2016
6qme,4.36,2011-2019,2019
6moa,7.08,2011-2019,2019
5e1d,5.39,2011-2019,2015
5znr,4.67,2011-2019,2018
5x8i,8.7,2011-2019,2017
3npa,3.87,2011-2019,2011
5e0h,5.62,2011-2019,2016
4mk0,5.2,2011-2019,2014
6hrq,7.09,2011-2019,2018
5gn5,6.98,2011-2019,2017
3zrm,6.89,2011-2019,2011
3v7c,5.74,2011-2019,2012
4akn,6.1,2011-2019,2012
6qz7,6.49,2011-2019,2019
5yqw,7.51,2011-2019,2018
6df2,7.24,2011-2019,2018
6rrm,6.84,2011-2019,2019
4az3,8.3,2011-2019,2012
4ddl,8.31,2011-2019,2012
6nel,7.96,2011-2019,2019
5lzj,3.9,2011-2019,2017
6ey7,4.3,2011-2019,2018
4yax,5.82,2011-2019,2015
4djh,9.49,2011-2019,2012
5oqw,7.4,2011-2019,2018
5ia1,6.28,2011-2019,2016
4b34,3.14,2011-2019,2013
6g9m,8.1,2011-2019,2018
3ta1,3.25,2011-2019,2011
4cxw,6.09,2011-2019,2014
4cpx,7.77,2011-2019,2014
6alc,7.51,2011-2019,2018
6fi1,2.15,2011-2019,2018
4b9h,5.35,2011-2019,2013
4uzd,9.22,2011-2019,2014
4mss,6.4,2011-2019,2013
3o9p,6.52,2011-2019,2011
5a3t,8.4,2011-2019,2015
6iqg,8.0,2011-2019,2019
5mz3,6.66,2011-2019,2017
4gtp,7.94,2011-2019,2012
5th7,5.16,2011-2019,2016
3zep,7.66,2011-2019,2013
3o99,10.82,2011-2019,2011
6f4n,5.22,2011-2019,2018
6fhu,2.64,2011-2019,2018
4r07,5.32,2011-2019,2015
4qkd,4.09,2011-2019,2014
5ihh,6.41,2011-2019,2016
5v6u,2.26,2011-2019,2017
4ayt,3.7,2011-2019,2012
3wzu,5.89,2011-2019,2015
6p85,4.99,2011-2019,2019
5mli,3.9,2011-2019,2017
3tao,5.14,2011-2019,2011
5fnt,6.17,2011-2019,2016
6ufo,4.46,2011-2019,2019
3q6k,8.37,2011-2019,2011
4n5t,8.15,2011-2019,2013
6ayi,6.68,2011-2019,2017
5l99,3.32,2011-2019,2016
4wq2,6.3,2011-2019,2015
4cqf,4.3,2011-2019,2014
4wsj,7.33,2011-2019,2014
5he5,6.47,2011-2019,2016
6g2o,6.77,2011-2019,2019
5ea3,8.77,2011-2019,2015
4jai,8.4,2011-2019,2013
6i67,6.7,2011-2019,2019
4b73,7.21,2011-2019,2012
3ppq,4.55,2011-2019,2011
5kau,6.52,2011-2019,2016
6fu1,5.36,2011-2019,2019
5auz,4.01,2011-2019,2015
6qfh,5.86,2011-2019,2019
4hy4,8.57,2011-2019,2013
5zdd,5.75,2011-2019,2019
5f91,5.2,2011-2019,2016
6ps9,4.62,2011-2019,2019
4ap0,8.0,2011-2019,2012
4d52,3.11,2011-2019,2015
4zly,5.46,2011-2019,2015
6moo,9.17,2011-2019,2019
5th4,2.85,2011-2019,2017
4bo6,6.74,2011-2019,2013
6gy5,4.86,2011-2019,2018
5ehq,10.48,2011-2019,2016
2y5l,6.48,2011-2019,2011
6emh,6.08,2011-2019,2018
5f37,5.77,2011-2019,2016
5q1c,8.08,2011-2019,2017
5xn3,6.17,2011-2019,2017
2ybk,4.62,2011-2019,2011
5yjo,7.17,2011-2019,2018
6ma5,8.1,2011-2019,2018
3s75,6.82,2011-2019,2011
5i25,3.49,2011-2019,2016
6e7x,6.76,2011-2019,2019
5t66,8.43,2011-2019,2017
5w92,7.7,2011-2019,2018
4azg,7.1,2011-2019,2013
5k0t,5.78,2011-2019,2016
5jgq,4.62,2011-2019,2017
5egs,6.01,2011-2019,2016
4ie5,4.82,2011-2019,2013
5t7s,4.1,2011-2019,2017
4u7t,5.67,2011-2019,2014
5alw,5.15,2011-2019,2015
6n7y,5.11,2011-2019,2019
4ufj,4.28,2011-2019,2015
3ppp,5.22,2011-2019,2011
4y67,6.93,2011-2019,2015
5uah,3.4,2011-2019,2017
5nge,7.19,2011-2019,2017
4o9v,8.0,2011-2019,2014
4no1,7.57,2011-2019,2014
5ih6,5.6,2011-2019,2016
4xt2,7.15,2011-2019,2015
5ahj,8.23,2011-2019,2015
6dgq,5.51,2011-2019,2019
5ads,5.67,2011-2019,2016
2xog,3.43,2011-2019,2011
6rne,8.8,2011-2019,2019
4rg0,7.3,2011-2019,2014
3rik,2.47,2011-2019,2012
4ikr,6.23,2011-2019,2013
6cjv,5.66,2011-2019,2018
4yes,8.02,2011-2019,2015
5d1s,5.02,2011-2019,2015
6f8w,4.64,2011-2019,2018
5mqy,7.11,2011-2019,2017
4qd6,8.64,2011-2019,2015
6dqa,6.44,2011-2019,2018
5u48,6.33,2011-2019,2017
4ty7,9.52,2011-2019,2014
5c8n,7.55,2011-2019,2015
3vf3,5.86,2011-2019,2012
6cnk,7.77,2011-2019,2018
4f9w,6.94,2011-2019,2013
3s7l,7.1,2011-2019,2011
5w84,6.44,2011-2019,2017
4mqp,4.98,2011-2019,2014
5vtb,6.96,2011-2019,2017
4oel,7.0,2011-2019,2015
4ui4,7.35,2011-2019,2016
2lsv,5.27,2011-2019,2013
4qw3,6.61,2011-2019,2015
3zns,7.41,2011-2019,2013
4yc8,7.85,2011-2019,2016
4u8w,11.24,2011-2019,2014
5ax9,8.1,2011-2019,2016
4deb,6.43,2011-2019,2012
6dzx,5.46,2011-2019,2019
3rey,8.0,2011-2019,2011
5f74,5.12,2011-2019,2016
2lsr,5.24,2011-2019,2012
4lxd,7.23,2011-2019,2013
4hg7,7.05,2011-2019,2013
5jsj,5.4,2011-2019,2017
3arb,6.63,2011-2019,2011
5fnf,3.15,2011-2019,2016
5os2,2.74,2011-2019,2017
5jfd,9.54,2011-2019,2017
3sv2,4.19,2011-2019,2012
5hvt,7.26,2011-2019,2016
5aqq,3.1,2011-2019,2016
4z2h,5.08,2011-2019,2015
5nxq,6.49,2011-2019,2017
6nfz,7.8,2011-2019,2019
4fe6,10.0,2011-2019,2012
6hgx,7.11,2011-2019,2019
3tfn,6.57,2011-2019,2012
6jfk,4.84,2011-2019,2019
4ydn,8.64,2011-2019,2015
3pgu,6.7,2011-2019,2011
5a4e,6.4,2011-2019,2016
4prp,5.66,2011-2019,2014
5wdj,6.96,2011-2019,2018
4jk5,7.55,2011-2019,2013
4jze,8.15,2011-2019,2013
4l10,7.15,2011-2019,2013
4pnc,5.43,2011-2019,2014
2las,5.74,2011-2019,2011
6dud,6.59,2011-2019,2018
4ido,4.93,2011-2019,2013
4y3j,2.17,2011-2019,2016
6bw4,5.5,2011-2019,2017
6pgb,4.6,2011-2019,2019
5yjm,7.68,2011-2019,2017
5xgh,5.99,2011-2019,2018
5cwa,4.77,2011-2019,2015
6j9w,5.13,2011-2019,2019
4ban,8.61,2011-2019,2013
5n1p,4.6,2011-2019,2018
6g2n,7.14,2011-2019,2018
5a9u,10.1,2011-2019,2016
5vcy,6.57,2011-2019,2017
5q1f,7.14,2011-2019,2017
4oyi,4.72,2011-2019,2014
5llc,9.52,2011-2019,2017
5aac,8.89,2011-2019,2016
5fsc,2.36,2011-2019,2017
4y64,3.1,2011-2019,2015
3mg4,9.3,2011-2019,2011
5w4r,7.48,2011-2019,2017
4qn7,9.08,2011-2019,2014
6d1d,4.47,2011-2019,2019
4j0r,6.41,2011-2019,2013
6n82,5.96,2011-2019,2019
6ow2,8.52,2011-2019,2019
3qvu,3.55,2011-2019,2011
5c4l,5.64,2011-2019,2016
4jmg,8.82,2011-2019,2014
3tvx,4.14,2011-2019,2012
5i43,7.2,2011-2019,2016
6pg6,3.7,2011-2019,2019
5fck,8.22,2011-2019,2016
2ydt,5.52,2011-2019,2011
6c5h,6.43,2011-2019,2019
4f6s,5.49,2011-2019,2013
5c0m,5.85,2011-2019,2015
5usf,9.16,2011-2019,2017
5wbz,6.41,2011-2019,2017
6u5m,6.29,2011-2019,2019
6bo6,7.1,2011-2019,2018
4b2l,3.24,2011-2019,2013
4nku,4.67,2011-2019,2013
4nk3,6.33,2011-2019,2014
3qox,6.57,2011-2019,2011
4bck,8.4,2011-2019,2013
5wf7,4.01,2011-2019,2018
5hna,4.23,2011-2019,2016
5diu,7.37,2011-2019,2016
6qln,4.66,2011-2019,2019
6npv,6.8,2011-2019,2019
5unf,9.47,2011-2019,2017
5u51,4.92,2011-2019,2017
5eds,5.54,2011-2019,2015
5b4w,8.46,2011-2019,2016
6ce6,5.1,2011-2019,2018
6hmx,8.89,2011-2019,2018
3m6q,7.32,2011-2019,2011
5gjg,6.21,2011-2019,2016
6jam,5.23,2011-2019,2019
3rxk,2.68,2011-2019,2011
5umx,5.96,2011-2019,2018
3vi2,3.77,2011-2019,2012
6efk,6.8,2011-2019,2019
6oi8,7.82,2011-2019,2019
3wcb,7.74,2011-2019,2014
4p4e,6.74,2011-2019,2015
3olf,7.7,2011-2019,2011
5idp,7.35,2011-2019,2016
4b81,4.92,2011-2019,2013
4j3m,7.68,2011-2019,2013
5lbq,5.11,2011-2019,2016
3qcx,7.2,2011-2019,2011
3s9i,5.7,2011-2019,2012
6f26,7.62,2011-2019,2019
5q0x,7.35,2011-2019,2017
5l9g,7.7,2011-2019,2016
5hj9,5.85,2011-2019,2016
5jyo,8.52,2011-2019,2016
2xx2,7.3,2011-2019,2011
6d5h,6.92,2011-2019,2018
5o1a,4.52,2011-2019,2018
4q1a,9.3,2011-2019,2015
4qab,9.7,2011-2019,2014
3th9,7.7,2011-2019,2011
6aqs,7.55,2011-2019,2018
4rx7,8.3,2011-2019,2015
4ycv,5.82,2011-2019,2015
5n3w,6.3,2011-2019,2017
5egu,5.85,2011-2019,2016
5nq5,5.0,2011-2019,2018
4k8a,4.02,2011-2019,2013
4cig,3.67,2011-2019,2014
5nze,6.39,2011-2019,2018
6r11,4.92,2011-2019,2019
5l4i,6.59,2011-2019,2016
6qri,4.82,2011-2019,2019
3zst,1.72,2011-2019,2011
5nx2,8.49,2011-2019,2017
4np9,5.03,2011-2019,2013
5edu,8.66,2011-2019,2016
4pzw,6.96,2011-2019,2014
6aol,6.27,2011-2019,2017
5vd0,6.49,2011-2019,2017
3s22,5.46,2011-2019,2011
4xu2,9.23,2011-2019,2015
4dlj,5.92,2011-2019,2013
5y94,6.79,2011-2019,2018
5tuy,6.35,2011-2019,2017
4cxy,4.93,2011-2019,2014
5ekx,2.03,2011-2019,2016
6do5,7.16,2011-2019,2018
5mwd,5.72,2011-2019,2017
6mku,7.15,2011-2019,2019
4kab,4.03,2011-2019,2013
6exj,4.33,2011-2019,2018
2yoj,8.3,2011-2019,2013
6hm2,7.33,2011-2019,2018
5t8e,9.14,2011-2019,2017
4n1z,9.14,2011-2019,2014
4hni,7.49,2011-2019,2012
6dlj,5.55,2011-2019,2018
5ja0,5.22,2011-2019,2017
4l7c,5.13,2011-2019,2014
4zyz,7.17,2011-2019,2016
4ifi,5.48,2011-2019,2013
4kvm,5.05,2011-2019,2013
5ly2,7.92,2011-2019,2017
4ozn,5.4,2011-2019,2014
5ol3,5.36,2011-2019,2018
5ncq,6.96,2011-2019,2018
3aya,4.33,2011-2019,2011
4tw6,4.21,2011-2019,2014
6sy7,3.33,2011-2019,2019
4inu,9.26,2011-2019,2013
4ph4,7.74,2011-2019,2014
4mao,7.33,2011-2019,2014
6dry,9.43,2011-2019,2018
5nkg,7.68,2011-2019,2017
3q2m,3.8,2011-2019,2011
4erw,8.15,2011-2019,2012
4idt,7.0,2011-2019,2013
4wv6,4.98,2011-2019,2015
5n2d,8.22,2011-2019,2017
5wa1,4.17,2011-2019,2018
5h8e,11.2,2011-2019,2016
6nzg,7.7,2011-2019,2019
6ccy,8.52,2011-2019,2018
4tyl,3.22,2011-2019,2014
4uda,7.59,2011-2019,2015
5hwv,5.07,2011-2019,2016
6qfv,7.31,2011-2019,2019
4af3,7.51,2011-2019,2012
4c1t,7.15,2011-2019,2013
6c8p,6.7,2011-2019,2018
3u0d,10.0,2011-2019,2011
6hkx,9.34,2011-2019,2019
6jki,6.39,2011-2019,2019
5ekj,6.0,2011-2019,2016
4whs,4.12,2011-2019,2014
3muz,3.46,2011-2019,2011
6ccs,3.64,2011-2019,2018
4mg8,6.48,2011-2019,2014
5htl,6.3,2011-2019,2016
4bzs,7.12,2011-2019,2014
5w6i,6.9,2011-2019,2017
5d12,7.37,2011-2019,2015
4g0c,7.92,2011-2019,2012
3s0b,6.49,2011-2019,2011
5o1s,3.65,2011-2019,2018
2mc1,4.15,2011-2019,2013
2xxx,6.41,2011-2019,2011
6peb,8.57,2011-2019,2019
6do3,8.03,2011-2019,2018
3n2p,7.82,2011-2019,2011
3rwf,6.52,2011-2019,2012
5e0l,6.4,2011-2019,2015
6czu,6.32,2011-2019,2018
5fdo,6.44,2011-2019,2016
6fag,6.59,2011-2019,2018
5zyi,7.07,2011-2019,2019
6e6w,9.96,2011-2019,2019
3uo5,7.41,2011-2019,2012
3rbu,9.43,2011-2019,2012
3srg,5.7,2011-2019,2012
4uit,6.7,2011-2019,2015
4lv3,5.49,2011-2019,2014
5o1c,3.95,2011-2019,2018
4f7v,5.38,2011-2019,2012
6hx8,5.89,2011-2019,2019
4rj7,7.66,2011-2019,2014
5hng,4.03,2011-2019,2016
5xg4,5.15,2011-2019,2017
5hfb,4.57,2011-2019,2016
3p8o,8.72,2011-2019,2011
5f1x,6.11,2011-2019,2016
5hv0,5.96,2011-2019,2016
4j48,5.62,2011-2019,2013
5z7j,6.6,2011-2019,2018
4ps7,7.41,2011-2019,2014
5obr,5.36,2011-2019,2017
5zyl,7.06,2011-2019,2019
6db4,7.31,2011-2019,2018
5kjm,7.19,2011-2019,2016
5qbv,6.37,2011-2019,2017
6qfq,7.1,2011-2019,2019
5ttu,7.33,2011-2019,2017
4dtt,5.54,2011-2019,2013
4i12,6.39,2011-2019,2013
5jf3,7.42,2011-2019,2016
6gfz,5.51,2011-2019,2018
4ciz,7.29,2011-2019,2014
6r8r,7.07,2011-2019,2019
5kqx,8.44,2011-2019,2016
4z7q,4.29,2011-2019,2015
6hgi,6.22,2011-2019,2019
4rux,7.92,2011-2019,2015
3rjc,5.24,2011-2019,2012
4do4,7.29,2011-2019,2012
6tel,9.96,2011-2019,2019
4mti,8.92,2011-2019,2013
5m6f,6.66,2011-2019,2017
5d48,7.52,2011-2019,2016
4wrs,9.4,2011-2019,2015
6j6m,9.52,2011-2019,2019
5ief,5.28,2011-2019,2016
3wt7,8.75,2011-2019,2014
4o0z,7.24,2011-2019,2014
6udy,7.57,2011-2019,2019
4xv2,8.27,2011-2019,2015
4dcx,4.5,2011-2019,2012
2xxr,6.55,2011-2019,2011
5svy,6.13,2011-2019,2016
4igq,4.52,2011-2019,2013
6b7b,2.89,2011-2019,2017
4hj2,2.53,2011-2019,2013
4kii,6.23,2011-2019,2013
3qbh,6.82,2011-2019,2011
5khk,6.39,2011-2019,2016
4ab9,3.33,2011-2019,2012
5d6p,5.6,2011-2019,2015
5hyx,6.55,2011-2019,2017
4xta,5.43,2011-2019,2015
4dju,5.44,2011-2019,2012
6nad,9.3,2011-2019,2019
5d2a,5.59,2011-2019,2016
3sgx,5.49,2011-2019,2012
6mxe,4.26,2011-2019,2018
5k5s,2.69,2011-2019,2016
6suo,9.4,2011-2019,2019
6ert,5.23,2011-2019,2018
4uiy,5.6,2011-2019,2015
4uin,7.62,2011-2019,2015
4lm5,6.82,2011-2019,2014
4o75,4.68,2011-2019,2014
5n0e,8.44,2011-2019,2017
4j4o,6.9,2011-2019,2013
4ai5,2.92,2011-2019,2012
5wac,7.42,2011-2019,2017
6dkb,9.15,2011-2019,2018
6qlp,5.28,2011-2019,2019
5arf,6.27,2011-2019,2016
5otr,4.92,2011-2019,2018
4ase,11.0,2011-2019,2012
6r8q,6.92,2011-2019,2019
4ywa,7.55,2011-2019,2015
4mnv,4.94,2011-2019,2014
4nie,7.7,2011-2019,2013
3odi,7.82,2011-2019,2011
5alb,10.71,2011-2019,2015
5mxr,5.21,2011-2019,2018
5i3w,9.22,2011-2019,2016
4hdb,8.05,2011-2019,2013
4r3c,7.0,2011-2019,2015
6i13,5.12,2011-2019,2019
4zw7,4.72,2011-2019,2016
5ewh,3.77,2011-2019,2016
5etf,3.79,2011-2019,2016
5q19,7.32,2011-2019,2017
5edl,8.35,2011-2019,2016
4ue1,8.0,2011-2019,2016
6qaf,7.42,2011-2019,2019
4g4p,6.89,2011-2019,2013
5cbm,7.77,2011-2019,2015
4lyw,6.63,2011-2019,2014
4r02,7.41,2011-2019,2014
6eq4,5.62,2011-2019,2018
6h76,7.52,2011-2019,2019
4n8r,5.0,2011-2019,2014
4gzw,4.52,2011-2019,2012
4oar,10.42,2011-2019,2014
5nzq,2.03,2011-2019,2017
4zga,7.7,2011-2019,2015
4nzn,6.38,2011-2019,2014
5hhx,8.21,2011-2019,2016
6nw3,7.66,2011-2019,2019
6n7c,9.17,2011-2019,2019
4hdc,8.92,2011-2019,2012
6gh9,4.48,2011-2019,2018
6i66,6.74,2011-2019,2019
5yid,5.4,2011-2019,2018
6pl2,8.06,2011-2019,2019
3qts,5.51,2011-2019,2012
5vm6,7.11,2011-2019,2018
5q0i,4.25,2011-2019,2017
5ix0,6.28,2011-2019,2016
4qwi,5.36,2011-2019,2015
5n17,5.32,2011-2019,2017
4fll,5.29,2011-2019,2012
5wkm,5.12,2011-2019,2018
6ic0,7.66,2011-2019,2019
5v3x,6.59,2011-2019,2017
5m3b,6.92,2011-2019,2017
5ih5,6.3,2011-2019,2016
3mzc,6.65,2011-2019,2011
3uol,8.51,2011-2019,2012
4os5,4.63,2011-2019,2014
6op9,9.28,2011-2019,2019
5cep,6.84,2011-2019,2015
4yoi,6.48,2011-2019,2015
4c4e,7.6,2011-2019,2013
5iv4,5.48,2011-2019,2016
6jon,4.88,2011-2019,2019
4otf,8.22,2011-2019,2015
4jmu,5.47,2011-2019,2013
6a80,5.9,2011-2019,2019
5w0i,8.85,2011-2019,2018
4zji,6.47,2011-2019,2015
3ual,5.81,2011-2019,2012
5jau,8.85,2011-2019,2016
6iup,7.64,2011-2019,2019
5nkk,5.0,2011-2019,2017
6f8x,4.77,2011-2019,2018
5ick,5.01,2011-2019,2017
5zg1,7.72,2011-2019,2019
4mgc,6.32,2011-2019,2014
3rme,4.66,2011-2019,2011
5qai,3.82,2011-2019,2018
4i33,8.33,2011-2019,2013
6qmt,6.92,2011-2019,2019
4kp0,8.65,2011-2019,2013
4mhy,6.47,2011-2019,2014
5n4t,5.97,2011-2019,2017
6epy,6.46,2011-2019,2018
4m5j,4.84,2011-2019,2014
4wk2,6.94,2011-2019,2014
6axl,7.11,2011-2019,2017
3v0p,6.28,2011-2019,2013
4ob0,5.3,2011-2019,2014
4ehz,8.0,2011-2019,2012
3zsx,3.28,2011-2019,2012
4i0r,7.85,2011-2019,2013
3wix,6.27,2011-2019,2013
5n1r,7.95,2011-2019,2017
5lma,6.6,2011-2019,2016
4m7j,6.11,2011-2019,2014
6i5y,8.54,2011-2019,2019
5t78,7.37,2011-2019,2017
4p4s,4.94,2011-2019,2014
3tfp,6.47,2011-2019,2012
6mnv,3.37,2011-2019,2019
4f6u,6.15,2011-2019,2013
5oah,8.31,2011-2019,2018
3rlq,7.4,2011-2019,2011
3ui2,6.37,2011-2019,2012
5j4n,4.25,2011-2019,2016
3wzn,7.0,2011-2019,2015
4l6q,6.27,2011-2019,2013
4x8u,2.46,2011-2019,2015
5yie,5.25,2011-2019,2018
4u4s,2.92,2011-2019,2014
4jfd,4.44,2011-2019,2013
5duc,6.35,2011-2019,2016
4ggz,10.18,2011-2019,2013
2ydw,7.34,2011-2019,2011
5fwa,4.79,2011-2019,2016
5knr,5.85,2011-2019,2017
4ezq,5.2,2011-2019,2013
5dtm,4.3,2011-2019,2016
4agp,4.69,2011-2019,2012
6qfw,6.83,2011-2019,2019
4gy5,6.82,2011-2019,2012
5m7m,6.45,2011-2019,2017
3nlb,7.46,2011-2019,2011
4i5p,6.42,2011-2019,2013
3sc1,4.38,2011-2019,2011
5hoa,7.19,2011-2019,2016
4o4k,3.7,2011-2019,2014
5htc,6.82,2011-2019,2016
3q3b,7.76,2011-2019,2011
6t1m,5.21,2011-2019,2019
5aae,7.46,2011-2019,2015
6ox0,4.85,2011-2019,2019
5orh,4.39,2011-2019,2018
4ib5,6.25,2011-2019,2013
3u10,5.44,2011-2019,2011
2ndg,4.71,2011-2019,2016
4xe0,7.72,2011-2019,2015
6gvh,6.04,2011-2019,2019
3zxz,8.4,2011-2019,2011
3q2h,9.16,2011-2019,2011
5laz,8.4,2011-2019,2016
5kmh,4.62,2011-2019,2016
2xzc,5.64,2011-2019,2011
6by8,6.91,2011-2019,2018
3qg6,9.14,2011-2019,2011
6mwe,9.2,2011-2019,2018
6f96,7.72,2011-2019,2019
5u0f,5.47,2011-2019,2017
4lkk,5.92,2011-2019,2013
4w54,4.17,2011-2019,2015
5ml3,9.69,2011-2019,2017
5nka,5.46,2011-2019,2017
6j1l,6.42,2011-2019,2019
4fic,4.7,2011-2019,2013
5elv,6.8,2011-2019,2016
5try,7.8,2011-2019,2017
4awi,6.0,2011-2019,2013
4acc,7.7,2011-2019,2012
4uwl,8.57,2011-2019,2014
4kw6,3.43,2011-2019,2013
5acw,3.84,2011-2019,2015
6ei5,7.42,2011-2019,2018
6i5j,5.85,2011-2019,2019
5nw7,5.77,2011-2019,2018
4kzq,6.1,2011-2019,2013
3s76,5.05,2011-2019,2011
6skc,7.1,2011-2019,2019
3ocz,7.46,2011-2019,2011
6d4v,6.64,2011-2019,2019
5abe,3.05,2011-2019,2015
5l2s,7.08,2011-2019,2016
4lwu,8.3,2011-2019,2014
6oip,6.92,2011-2019,2019
4k6y,4.83,2011-2019,2014
5kyj,7.89,2011-2019,2016
4ms0,3.39,2011-2019,2014
3uxd,4.41,2011-2019,2012
5ubt,8.62,2011-2019,2017
6ft8,7.36,2011-2019,2018
5waf,9.35,2011-2019,2017
6arm,4.97,2011-2019,2018
5in9,6.36,2011-2019,2016
6n0q,7.4,2011-2019,2019
5gs9,5.26,2011-2019,2016
6g6x,4.88,2011-2019,2019
5zvw,8.62,2011-2019,2018
4tki,6.38,2011-2019,2014
6ck6,9.0,2011-2019,2018
6ckx,7.89,2011-2019,2018
4e4x,8.15,2011-2019,2012
5uqx,6.21,2011-2019,2017
5aab,9.06,2011-2019,2016
4k3h,6.85,2011-2019,2013
5h7g,9.24,2011-2019,2016
5eld,2.66,2011-2019,2016
3qrk,7.24,2011-2019,2011
5meh,6.32,2011-2019,2016
4o74,7.6,2011-2019,2014
6b97,6.63,2011-2019,2017
5nyz,5.03,2011-2019,2017
4qga,7.92,2011-2019,2014
3uec,4.21,2011-2019,2012
4z7n,5.04,2011-2019,2015
3tu1,6.6,2011-2019,2011
6hmb,6.56,2011-2019,2019
5vt4,4.35,2011-2019,2017
5aqz,5.48,2011-2019,2016
4g3e,8.38,2011-2019,2012
5j74,8.72,2011-2019,2016
3pwk,3.35,2011-2019,2012
5tyk,7.65,2011-2019,2017
6mxc,5.56,2011-2019,2019
3p58,7.6,2011-2019,2011
5npb,7.09,2011-2019,2017
2xj0,2.82,2011-2019,2011
6iik,4.91,2011-2019,2018
5xs2,8.3,2011-2019,2017
5nlk,7.46,2011-2019,2018
6mu3,6.15,2011-2019,2018
6hgz,5.97,2011-2019,2018
4hcz,4.44,2011-2019,2012
2y1o,5.09,2011-2019,2011
2yir,9.77,2011-2019,2011
5ajz,5.7,2011-2019,2015
6ma1,8.1,2011-2019,2018
3rhx,6.08,2011-2019,2011
5ajx,7.96,2011-2019,2015
4bi1,4.16,2011-2019,2013
6tyz,6.88,2011-2019,2019
6o2p,8.18,2011-2019,2019
5abf,4.85,2011-2019,2015
4oas,10.0,2011-2019,2014
5fs5,6.69,2011-2019,2016
6dug,8.27,2011-2019,2018
4lpb,8.0,2011-2019,2013
5qaw,3.4,2011-2019,2018
5zuj,4.78,2011-2019,2018
4b6u,5.11,2011-2019,2013
3zln,8.47,2011-2019,2013
3uil,6.0,2011-2019,2012
5vqy,6.29,2011-2019,2017
5w1w,5.52,2011-2019,2017
4gv8,6.49,2011-2019,2013
4xbo,4.59,2011-2019,2015
5m0m,8.22,2011-2019,2017
3suu,8.52,2011-2019,2012
4zwz,8.7,2011-2019,2015
4fmn,6.1,2011-2019,2013
6ba7,8.15,2011-2019,2018
3rqw,2.7,2011-2019,2012
6oqc,10.4,2011-2019,2019
6br3,8.72,2011-2019,2018
5vqt,5.74,2011-2019,2017
3o1e,5.74,2011-2019,2011
5jzn,5.96,2011-2019,2016
4oee,5.76,2011-2019,2014
5hkb,5.59,2011-2019,2016
6htr,7.96,2011-2019,2019
5fh6,5.92,2011-2019,2016
2ynd,7.49,2011-2019,2014
6htg,7.17,2011-2019,2018
4oq5,6.3,2011-2019,2014
6npi,5.7,2011-2019,2019
4d3h,6.43,2011-2019,2014
5j3v,6.98,2011-2019,2016
4at4,7.92,2011-2019,2012
5fwj,7.89,2011-2019,2016
4rwk,7.19,2011-2019,2015
3vw1,4.67,2011-2019,2013
4pft,8.64,2011-2019,2014
4ce3,3.96,2011-2019,2014
5tw5,7.42,2011-2019,2017
5xhz,6.49,2011-2019,2018
6bnk,6.99,2011-2019,2018
6d55,7.36,2011-2019,2018
5myd,4.86,2011-2019,2017
5l7g,7.8,2011-2019,2016
6h4t,7.0,2011-2019,2019
5ypw,4.64,2011-2019,2018
5ax3,5.92,2011-2019,2016
5znl,8.77,2011-2019,2019
6g2r,9.46,2011-2019,2019
3s9t,6.82,2011-2019,2012
5niy,4.22,2011-2019,2018
2ydv,7.86,2011-2019,2011
6n83,6.27,2011-2019,2019
5xaf,5.77,2011-2019,2017
5vsc,6.29,2011-2019,2017
4r8y,6.19,2011-2019,2014
4x3h,4.23,2011-2019,2015
5lh8,7.72,2011-2019,2016
5k0c,5.96,2011-2019,2016
6hvj,7.55,2011-2019,2018
5j7b,8.3,2011-2019,2016
2yel,7.28,2011-2019,2011
5kam,4.11,2011-2019,2016
4i1r,4.65,2011-2019,2013
3saz,6.1,2011-2019,2012
5ekm,6.32,2011-2019,2016
3v2w,7.11,2011-2019,2012
4bxn,8.0,2011-2019,2013
5izq,8.52,2011-2019,2016
5zae,6.81,2011-2019,2018
3qx5,4.2,2011-2019,2012
5j6l,7.89,2011-2019,2017
3szm,6.4,2011-2019,2011
5tg4,3.32,2011-2019,2017
4x1f,7.97,2011-2019,2015
4mrd,3.37,2011-2019,2014
3zyb,5.38,2011-2019,2011
2mow,5.96,2011-2019,2014
4a6l,8.0,2011-2019,2012
4djv,6.72,2011-2019,2012
6o5x,7.66,2011-2019,2019
2y1g,6.15,2011-2019,2011
4x7l,8.05,2011-2019,2015
5mwo,3.21,2011-2019,2017
5alk,6.6,2011-2019,2015
3wqh,8.48,2011-2019,2015
5iis,9.0,2011-2019,2016
5k4z,6.15,2011-2019,2016
6egs,3.59,2011-2019,2018
4trc,4.52,2011-2019,2014
5uwj,5.7,2011-2019,2017
5dhg,9.14,2011-2019,2015
4pte,7.13,2011-2019,2015
6ne5,10.52,2011-2019,2019
4z5w,5.81,2011-2019,2016
6bdy,5.69,2011-2019,2018
5kh7,3.66,2011-2019,2016
4dhs,4.8,2011-2019,2013
5ar7,6.49,2011-2019,2015
5yql,4.59,2011-2019,2018
4k3q,3.94,2011-2019,2013
2xu4,6.47,2011-2019,2011
6cen,5.49,2011-2019,2018
3vjs,6.19,2011-2019,2012
4yyl,5.01,2011-2019,2015
5oxk,2.17,2011-2019,2018
3zmi,5.95,2011-2019,2013
6oe1,8.51,2011-2019,2019
6e7v,6.48,2011-2019,2019
3ook,8.4,2011-2019,2011
6hy7,5.57,2011-2019,2019
4i9i,8.1,2011-2019,2013
4ufd,9.68,2011-2019,2016
5fun,7.59,2011-2019,2016
5szb,5.11,2011-2019,2017
4yab,5.07,2011-2019,2015
5ody,8.4,2011-2019,2018
5m25,8.19,2011-2019,2017
5ml2,7.89,2011-2019,2017
5q0v,7.69,2011-2019,2017
4io8,6.64,2011-2019,2013
5ai4,3.47,2011-2019,2015
4o0r,7.44,2011-2019,2014
6biy,6.66,2011-2019,2018
6py0,6.41,2011-2019,2019
5kzi,10.0,2011-2019,2016
5w9g,6.82,2011-2019,2017
4dhl,4.48,2011-2019,2012
5eou,5.36,2011-2019,2016
4b9w,4.17,2011-2019,2012
5ans,5.69,2011-2019,2016
4gv1,8.52,2011-2019,2013
6dk1,7.65,2011-2019,2018
4mhs,5.29,2011-2019,2014
6oyw,8.4,2011-2019,2019
6fo5,6.72,2011-2019,2018
4bek,4.39,2011-2019,2013
6esa,4.53,2011-2019,2018
4nnw,6.61,2011-2019,2014
3zh8,6.47,2011-2019,2013
6hot,4.4,2011-2019,2019
5nat,4.7,2011-2019,2018
4hy5,8.89,2011-2019,2013
6o5u,4.38,2011-2019,2019
5ljt,8.92,2011-2019,2017
3ws9,7.04,2011-2019,2014
4o78,5.34,2011-2019,2014
6g3c,6.91,2011-2019,2019
4mm6,6.69,2011-2019,2013
6qed,7.13,2011-2019,2019
4ith,6.5,2011-2019,2013
3wzj,8.18,2011-2019,2015
5eta,5.8,2011-2019,2016
5lgo,8.22,2011-2019,2016
3axz,3.43,2011-2019,2011
6i17,6.6,2011-2019,2019
5jt9,6.63,2011-2019,2016
6qaa,7.66,2011-2019,2019
4pz5,6.92,2011-2019,2014
4uxq,7.8,2011-2019,2014
3rm8,6.15,2011-2019,2011
5t2l,8.2,2011-2019,2017
4qbb,7.52,2011-2019,2014
3p3g,9.74,2011-2019,2011
4y32,4.05,2011-2019,2015
3qgw,5.89,2011-2019,2011
6bu3,6.55,2011-2019,2018
6bib,5.8,2011-2019,2018
5vdu,4.0,2011-2019,2017
4b4q,5.75,2011-2019,2012
5gv2,5.65,2011-2019,2017
4owo,4.47,2011-2019,2014
4asd,9.28,2011-2019,2012
5kez,8.15,2011-2019,2017
5f3e,6.86,2011-2019,2016
6hzd,9.17,2011-2019,2019
4k3n,7.96,2011-2019,2013
5nkh,7.59,2011-2019,2017
6qts,4.8,2011-2019,2019
4yqm,7.51,2011-2019,2016
4ocx,11.44,2011-2019,2014
3wkc,3.71,2011-2019,2014
6abx,2.14,2011-2019,2019
5hx6,8.0,2011-2019,2016
6itp,4.65,2011-2019,2019
2xlc,2.3,2011-2019,2011
5yfz,6.96,2011-2019,2018
3r24,5.25,2011-2019,2011
5f1c,6.13,2011-2019,2016
6chl,8.05,2011-2019,2018
4io5,5.03,2011-2019,2013
4xu1,9.49,2011-2019,2015
2ypp,4.41,2011-2019,2013
3zo2,7.1,2011-2019,2013
3rz5,7.89,2011-2019,2011
4cwb,6.09,2011-2019,2015
5vdv,4.0,2011-2019,2017
4f3i,7.44,2011-2019,2012
6h41,7.05,2011-2019,2018
6h4r,7.03,2011-2019,2019
3ty0,7.08,2011-2019,2011
4qmn,8.52,2011-2019,2015
3osw,6.15,2011-2019,2011
5y8z,6.21,2011-2019,2018
4yve,7.0,2011-2019,2015
6rna,8.3,2011-2019,2019
5ee7,9.21,2011-2019,2016
3tcy,4.62,2011-2019,2012
6o0m,9.34,2011-2019,2019
4q7s,4.42,2011-2019,2015
6q8b,7.53,2011-2019,2019
6udi,10.0,2011-2019,2019
2ya7,3.14,2011-2019,2011
5y5n,5.76,2011-2019,2017
6bbv,6.1,2011-2019,2018
5ml5,8.0,2011-2019,2017
4lnf,2.62,2011-2019,2013
5z1s,6.16,2011-2019,2019
4pyn,4.52,2011-2019,2014
4z2p,4.6,2011-2019,2015
5dsx,8.0,2011-2019,2016
5mtv,4.11,2011-2019,2017
4qz6,5.53,2011-2019,2015
4osf,5.44,2011-2019,2014
6gxu,3.74,2011-2019,2018
5ye9,6.45,2011-2019,2018
5op4,6.71,2011-2019,2017
4drn,5.24,2011-2019,2012
4yh3,4.59,2011-2019,2016
4ode,10.0,2011-2019,2014
5mqe,5.4,2011-2019,2017
4qt2,6.32,2011-2019,2015
5g45,3.3,2011-2019,2016
6qqu,5.3,2011-2019,2019
4mf1,9.15,2011-2019,2013
4dhp,4.44,2011-2019,2013
4cpy,6.31,2011-2019,2014
6mo1,6.54,2011-2019,2019
5vyy,6.21,2011-2019,2018
6bw3,5.53,2011-2019,2017
4zy2,7.22,2011-2019,2016
4h2j,5.32,2011-2019,2012
4ish,8.72,2011-2019,2013
5a81,5.54,2011-2019,2015
6etg,4.66,2011-2019,2019
5aiv,6.19,2011-2019,2015
3sio,8.0,2011-2019,2011
4fz6,6.9,2011-2019,2013
3v5q,7.4,2011-2019,2012
5wkh,3.85,2011-2019,2017
4rxh,5.91,2011-2019,2015
3mrx,3.39,2011-2019,2011
4j28,5.7,2011-2019,2013
6n7b,9.22,2011-2019,2019
6cj5,5.19,2011-2019,2018
6co4,7.57,2011-2019,2018
6ntj,6.47,2011-2019,2019
4yvz,5.52,2011-2019,2015
6pnn,5.16,2011-2019,2019
5mz8,2.31,2011-2019,2017
4y83,7.77,2011-2019,2015
5vkf,4.77,2011-2019,2018
3ml2,8.05,2011-2019,2011
5zlf,3.48,2011-2019,2019
4b78,5.0,2011-2019,2013
6fky,6.49,2011-2019,2018
6a8g,6.61,2011-2019,2019
5tyn,9.28,2011-2019,2017
6fav,5.33,2011-2019,2018
2y56,6.51,2011-2019,2011
3ml5,8.52,2011-2019,2011
4b32,3.34,2011-2019,2013
6d59,7.0,2011-2019,2018
5e8z,5.91,2011-2019,2016
6phx,3.32,2011-2019,2019
3uvu,7.38,2011-2019,2012
5wbk,6.03,2011-2019,2017
6bq0,7.34,2011-2019,2018
3qj9,7.0,2011-2019,2011
6pno,5.32,2011-2019,2019
3wzk,7.24,2011-2019,2015
4lq9,4.85,2011-2019,2014
4ea3,9.57,2011-2019,2012
4jrv,7.54,2011-2019,2013
6nv9,8.19,2011-2019,2019
6nzr,9.3,2011-2019,2019
6h52,7.17,2011-2019,2019
6gvg,6.0,2011-2019,2019
5em7,7.72,2011-2019,2015
5he4,7.7,2011-2019,2016
2ylq,4.3,2011-2019,2011
5nzf,4.03,2011-2019,2018
4ocv,5.08,2011-2019,2014
5vii,7.29,2011-2019,2017
4cg9,6.21,2011-2019,2014
6pge,3.62,2011-2019,2019
5ntt,5.75,2011-2019,2017
4i11,4.57,2011-2019,2013
5ea5,8.06,2011-2019,2015
4ra5,8.4,2011-2019,2014
5oq7,6.49,2011-2019,2017
4uub,4.76,2011-2019,2014
4jfv,6.28,2011-2019,2013
4wa9,8.42,2011-2019,2015
6c7b,5.82,2011-2019,2018
3n8n,4.57,2011-2019,2011
4kz4,4.15,2011-2019,2014
3v0l,5.52,2011-2019,2013
6c3u,5.4,2011-2019,2018
4his,8.09,2011-2019,2013
6fmn,5.95,2011-2019,2019
5kad,4.43,2011-2019,2017
4z1s,6.1,2011-2019,2015
4j1c,7.31,2011-2019,2013
4qlt,8.6,2011-2019,2014
3r2a,6.12,2011-2019,2011
4bzo,7.89,2011-2019,2013
3ui7,9.0,2011-2019,2011
6nk1,6.66,2011-2019,2019
6ncj,7.62,2011-2019,2019
6esn,8.05,2011-2019,2018
4io3,6.06,2011-2019,2013
4u7q,9.74,2011-2019,2015
4ght,5.78,2011-2019,2013
6hq4,4.65,2011-2019,2019
5mw6,4.73,2011-2019,2017
5k4x,6.42,2011-2019,2016
4bb9,6.0,2011-2019,2013
5ceo,9.3,2011-2019,2015
4jzi,7.4,2011-2019,2014
5m4f,7.89,2011-2019,2017
4yz9,7.7,2011-2019,2015
3py1,6.89,2011-2019,2011
4ymb,6.21,2011-2019,2015
4ijl,3.87,2011-2019,2013
4ery,7.27,2011-2019,2012
5h5f,4.43,2011-2019,2017
4ehg,7.19,2011-2019,2013
4b6c,6.16,2011-2019,2013
3r2b,8.4,2011-2019,2011
5t54,9.06,2011-2019,2016
6arv,7.34,2011-2019,2018
6d4o,6.28,2011-2019,2018
4pkr,4.82,2011-2019,2014
5c4k,4.56,2011-2019,2016
5m4q,3.51,2011-2019,2017
4x24,9.78,2011-2019,2015
6ffg,7.2,2011-2019,2019
3rl3,7.17,2011-2019,2011
5lqf,6.6,2011-2019,2017
5lzg,3.1,2011-2019,2017
4qt0,6.29,2011-2019,2014
4a4h,2.77,2011-2019,2011
6eee,7.54,2011-2019,2018
5ivj,7.34,2011-2019,2016
5j7w,4.89,2011-2019,2016
5zwi,8.64,2011-2019,2018
5mgf,4.27,2011-2019,2017
3q5u,4.31,2011-2019,2011
3zxv,7.31,2011-2019,2012
4bf6,8.35,2011-2019,2014
6iil,6.17,2011-2019,2018
5aes,2.89,2011-2019,2015
5aep,7.17,2011-2019,2015
3tv8,7.15,2011-2019,2012
6i5i,8.05,2011-2019,2019
5l13,6.96,2011-2019,2017
5vzu,5.57,2011-2019,2018
6e06,4.26,2011-2019,2018
6cd9,4.42,2011-2019,2018
3atl,4.76,2011-2019,2011
3qzt,4.0,2011-2019,2011
5t4h,8.03,2011-2019,2016
6g6z,6.66,2011-2019,2018
4hiq,8.21,2011-2019,2013
4rsc,6.63,2011-2019,2015
5yzd,6.7,2011-2019,2018
6gj8,5.87,2011-2019,2019
4puk,7.28,2011-2019,2014
5f2s,6.7,2011-2019,2016
3tjc,7.51,2011-2019,2011
4wk1,5.89,2011-2019,2014
5epk,5.74,2011-2019,2015
5aqr,3.0,2011-2019,2016
5lp6,4.76,2011-2019,2016
6ic2,6.04,2011-2019,2019
4ty9,2.05,2011-2019,2015
5dht,6.0,2011-2019,2016
4w4z,7.52,2011-2019,2014
5zg0,7.09,2011-2019,2019
4cff,6.4,2011-2019,2013
4lgg,8.52,2011-2019,2013
3tiw,7.67,2011-2019,2011
2lbv,7.59,2011-2019,2012
6pi6,5.66,2011-2019,2019
5ewa,4.82,2011-2019,2016
5odu,3.28,2011-2019,2017
4a9u,7.22,2011-2019,2012
6an1,5.35,2011-2019,2018
4cbt,7.3,2011-2019,2013
3wk8,4.31,2011-2019,2014
5uwf,7.23,2011-2019,2017
5tqg,9.62,2011-2019,2017
3tz4,5.49,2011-2019,2012
5i3a,5.05,2011-2019,2016
6fe1,8.48,2011-2019,2018
4lg6,6.74,2011-2019,2013
3n4b,7.02,2011-2019,2011
6ibv,5.23,2011-2019,2019
4yv5,6.22,2011-2019,2015
4b5b,6.41,2011-2019,2012
5o7n,6.52,2011-2019,2018
6cpw,8.25,2011-2019,2018
4p45,7.8,2011-2019,2015
5fsn,5.77,2011-2019,2016
4dsu,2.82,2011-2019,2012
5mmn,6.7,2011-2019,2017
6qmd,3.77,2011-2019,2019
4jn2,11.68,2011-2019,2013
3zbx,8.22,2011-2019,2013
5u28,7.17,2011-2019,2017
4zcs,4.33,2011-2019,2016
6g7a,6.78,2011-2019,2019
5ny6,7.87,2011-2019,2018
4rvk,7.87,2011-2019,2015
4gtm,8.04,2011-2019,2012
3u51,5.51,2011-2019,2012
5hu0,6.23,2011-2019,2016
4d89,8.7,2011-2019,2012
5x27,9.4,2011-2019,2018
4ere,8.38,2011-2019,2012
6s0e,5.5,2011-2019,2019
3p9l,5.3,2011-2019,2011
6s90,7.89,2011-2019,2019
4k1e,8.44,2011-2019,2014
4gvc,4.71,2011-2019,2013
3vp4,4.73,2011-2019,2012
6ps6,9.7,2011-2019,2019
3vtb,9.3,2011-2019,2013
2yem,7.81,2011-2019,2011
5mw2,8.52,2011-2019,2017
5i88,6.6,2011-2019,2016
6rln,8.2,2011-2019,2019
5gp7,5.15,2011-2019,2017
6joe,7.04,2011-2019,2019
2yis,8.77,2011-2019,2011
6h4a,7.38,2011-2019,2019
5i8p,6.73,2011-2019,2016
4qag,5.32,2011-2019,2014
3wav,6.74,2011-2019,2013
5zia,6.52,2011-2019,2018
5ug8,8.7,2011-2019,2017
3rzi,5.33,2011-2019,2012
4avj,7.44,2011-2019,2012
4ran,7.15,2011-2019,2015
4a4v,6.54,2011-2019,2012
5gn6,6.92,2011-2019,2017
5yqo,6.09,2011-2019,2018
4msl,6.15,2011-2019,2014
4l23,7.75,2011-2019,2014
6eda,6.7,2011-2019,2018
3q8h,4.15,2011-2019,2011
4gg5,9.03,2011-2019,2012
3pix,7.0,2011-2019,2011
3qch,5.48,2011-2019,2011
4ipn,3.39,2011-2019,2013
4msa,3.3,2011-2019,2014
4ayv,9.17,2011-2019,2012
4lzr,4.7,2011-2019,2014
4uye,8.02,2011-2019,2014
4nud,7.07,2011-2019,2014
6aqf,8.67,2011-2019,2018
6cw8,6.57,2011-2019,2018
4i1c,8.1,2011-2019,2013
5tzy,8.7,2011-2019,2017
4csj,8.31,2011-2019,2014
5l4f,5.89,2011-2019,2016
4i9s,6.79,2011-2019,2013
6j63,8.19,2011-2019,2019
4jfj,5.68,2011-2019,2013
4u5t,6.7,2011-2019,2014
6fhq,2.47,2011-2019,2018
5d3l,6.06,2011-2019,2016
3vtd,7.92,2011-2019,2013
6md8,2.38,2011-2019,2019
5hcv,8.7,2011-2019,2016
4z8d,5.22,2011-2019,2016
6qwa,6.59,2011-2019,2019
5c4o,8.21,2011-2019,2015
4ktu,6.16,2011-2019,2014
5jfu,8.07,2011-2019,2016
5mon,2.48,2011-2019,2017
5v24,6.4,2011-2019,2017
5q0e,9.16,2011-2019,2017
4hw7,7.21,2011-2019,2013
6md0,5.9,2011-2019,2019
3ql9,6.3,2011-2019,2011
5n2t,5.08,2011-2019,2017
5zqp,7.74,2011-2019,2019
6ft3,6.42,2011-2019,2018
4o3f,5.56,2011-2019,2014
6cdp,8.79,2011-2019,2018
4cqg,9.39,2011-2019,2014
4gne,2.47,2011-2019,2013
5f41,4.17,2011-2019,2016
5lx6,5.72,2011-2019,2017
5mfs,6.48,2011-2019,2017
5glu,4.02,2011-2019,2016
4asj,7.55,2011-2019,2012
4k3o,4.44,2011-2019,2013
3u7l,7.28,2011-2019,2012
3sb0,5.26,2011-2019,2012
3o64,9.4,2011-2019,2011
3opm,6.62,2011-2019,2011
6eq5,4.74,2011-2019,2018
4umc,3.44,2011-2019,2014
6i0p,4.4,2011-2019,2019
4q6e,6.18,2011-2019,2014
6mhb,6.77,2011-2019,2019
4uvc,6.88,2011-2019,2014
5kat,4.1,2011-2019,2016
4umu,6.19,2011-2019,2014
4i80,7.62,2011-2019,2013
5ukk,6.21,2011-2019,2017
4qmx,4.96,2011-2019,2015
4qgf,7.16,2011-2019,2014
4wpf,6.6,2011-2019,2015
5cxa,8.05,2011-2019,2016
6eab,6.37,2011-2019,2018
5his,4.71,2011-2019,2016
3u8k,8.66,2011-2019,2011
5y6e,7.86,2011-2019,2018
5mnb,2.48,2011-2019,2017
4lno,2.62,2011-2019,2013
4n8e,7.7,2011-2019,2014
4m13,6.7,2011-2019,2014
3vv8,4.77,2011-2019,2012
3ti4,6.02,2011-2019,2011
4wbg,5.55,2011-2019,2015
6slg,10.3,2011-2019,2019
3poz,7.64,2011-2019,2011
4ixv,6.62,2011-2019,2013
5ieg,5.74,2011-2019,2016
4pnl,5.52,2011-2019,2014
6r1b,5.44,2011-2019,2019
6t1n,5.46,2011-2019,2019
6hmg,4.94,2011-2019,2018
5oxl,3.25,2011-2019,2018
5js3,6.73,2011-2019,2016
3haw,6.0,2011-2019,2011
4h39,6.68,2011-2019,2012
4kot,5.46,2011-2019,2013
2xtk,3.79,2011-2019,2011
4ptg,8.23,2011-2019,2015
5i2f,6.49,2011-2019,2016
5ckr,7.76,2011-2019,2016
6mep,7.35,2011-2019,2019
6oy1,10.24,2011-2019,2019
6hzp,1.98,2011-2019,2018
2xy9,9.19,2011-2019,2011
4z0e,5.3,2011-2019,2016
3t6y,5.52,2011-2019,2012
3pj3,5.25,2011-2019,2011
5izu,7.27,2011-2019,2016
4lnb,6.56,2011-2019,2014
6hx5,5.66,2011-2019,2018
4oem,5.3,2011-2019,2015
4dfu,4.6,2011-2019,2012
5zk3,8.74,2011-2019,2018
4k3p,5.8,2011-2019,2013
5c20,6.41,2011-2019,2016
5kr1,9.49,2011-2019,2016
4qvv,5.15,2011-2019,2015
4ui3,6.88,2011-2019,2016
5ef8,8.85,2011-2019,2016
5gwy,4.95,2011-2019,2017
3u9n,7.0,2011-2019,2012
6bfa,9.0,2011-2019,2017
6mo7,5.03,2011-2019,2019
3px8,3.64,2011-2019,2011
5u2j,5.92,2011-2019,2017
5jc1,6.82,2011-2019,2016
5u11,5.35,2011-2019,2017
4ih7,5.24,2011-2019,2013
4mwy,7.05,2011-2019,2013
3arr,5.4,2011-2019,2011
4fn5,6.76,2011-2019,2012
4cpw,7.5,2011-2019,2014
6eyb,5.37,2011-2019,2018
3wtl,7.04,2011-2019,2015
5tuz,7.4,2011-2019,2017
3vap,8.4,2011-2019,2012
5osy,7.37,2011-2019,2018
4m0r,5.21,2011-2019,2014
4mul,6.21,2011-2019,2014
5mfr,4.3,2011-2019,2017
5ap1,7.97,2011-2019,2015
6sde,10.2,2011-2019,2019
5ioy,5.22,2011-2019,2017
3zj8,3.9,2011-2019,2014
4a4e,3.32,2011-2019,2011
6h4v,6.21,2011-2019,2019
3w9r,6.18,2011-2019,2014
3w0l,7.02,2011-2019,2013
5wqc,8.96,2011-2019,2017
4n1b,5.96,2011-2019,2014
5jiy,6.27,2011-2019,2016
4kp8,5.48,2011-2019,2013
5w4w,8.1,2011-2019,2017
4hzt,6.12,2011-2019,2013
5hyr,7.38,2011-2019,2016
3rxg,2.15,2011-2019,2011
4mic,5.3,2011-2019,2014
4b1d,7.49,2011-2019,2012
4qvm,6.35,2011-2019,2015
4fev,5.42,2011-2019,2012
5dhh,9.18,2011-2019,2015
3ttm,8.52,2011-2019,2012
4yl3,8.15,2011-2019,2015
3t08,3.04,2011-2019,2012
4mq2,7.01,2011-2019,2013
5djv,7.11,2011-2019,2015
6n5f,6.86,2011-2019,2019
4bjb,6.66,2011-2019,2013
2mnz,5.19,2011-2019,2014
4da5,6.44,2011-2019,2013
3tl5,7.85,2011-2019,2011
5ue4,6.36,2011-2019,2017
4yll,6.92,2011-2019,2015
5zr3,7.01,2011-2019,2019
6g5u,6.4,2011-2019,2019
3aw0,5.24,2011-2019,2011
3zyr,5.34,2011-2019,2012
3vhd,9.28,2011-2019,2012
3uzc,9.61,2011-2019,2012
3t3h,5.71,2011-2019,2012
6d1g,4.47,2011-2019,2019
4kva,3.94,2011-2019,2014
4n7m,5.47,2011-2019,2013
3r5t,8.58,2011-2019,2012
3ts4,8.72,2011-2019,2012
6cco,7.29,2011-2019,2018
3q2g,8.46,2011-2019,2011
6ipk,5.17,2011-2019,2019
5es1,8.34,2011-2019,2015
3u4i,3.89,2011-2019,2012
6hvv,6.67,2011-2019,2019
5aqu,2.98,2011-2019,2016
3vp1,5.48,2011-2019,2012
4egi,3.82,2011-2019,2012
6p86,4.7,2011-2019,2019
4bqh,5.59,2011-2019,2013
5ek0,7.68,2011-2019,2015
4nbl,6.33,2011-2019,2014
4zz3,6.0,2011-2019,2015
2y7w,4.98,2011-2019,2011
6ibs,4.96,2011-2019,2019
5acx,5.05,2011-2019,2015
3zhz,7.05,2011-2019,2013
5iuh,6.4,2011-2019,2016
5hi7,7.85,2011-2019,2016
4flj,5.13,2011-2019,2012
4o4g,8.05,2011-2019,2014
4j52,8.52,2011-2019,2013
4rhu,6.16,2011-2019,2015
2lcs,6.7,2011-2019,2012
4bg1,6.31,2011-2019,2014
5hvs,7.15,2011-2019,2016
6i0b,8.04,2011-2019,2019
4obq,7.19,2011-2019,2014
6k5t,4.24,2011-2019,2019
6oxt,9.95,2011-2019,2019
4hbn,6.1,2011-2019,2013
4cjq,3.59,2011-2019,2014
4txc,6.62,2011-2019,2014
5u1q,5.96,2011-2019,2017
6r18,4.92,2011-2019,2019
4bhi,7.05,2011-2019,2014
4i54,6.96,2011-2019,2013
3nzk,9.27,2011-2019,2011
3ooz,7.85,2011-2019,2011
4ov5,7.43,2011-2019,2014
6h36,9.35,2011-2019,2018
4hu1,7.54,2011-2019,2013
6n0p,8.89,2011-2019,2019
5mxx,7.51,2011-2019,2017
5kzq,8.28,2011-2019,2016
3rz9,6.92,2011-2019,2011
5nwi,6.16,2011-2019,2017
4m7b,6.7,2011-2019,2014
4ztm,7.6,2011-2019,2015
4mcv,8.89,2011-2019,2013
3qi3,3.78,2011-2019,2011
3td4,5.66,2011-2019,2011
4ke0,7.77,2011-2019,2013
4i9c,5.51,2011-2019,2013
5cas,8.85,2011-2019,2015
4cwn,5.59,2011-2019,2014
3u6h,9.0,2011-2019,2012
5fqp,7.72,2011-2019,2016
5fnj,2.29,2011-2019,2016
6bm6,4.68,2011-2019,2018
4bgh,8.4,2011-2019,2013
4bfy,6.92,2011-2019,2013
3rqf,4.41,2011-2019,2011
5xsr,7.69,2011-2019,2018
6mvu,2.89,2011-2019,2018
5eek,9.1,2011-2019,2016
5iub,9.46,2011-2019,2016
6fnj,6.85,2011-2019,2018
6q37,6.36,2011-2019,2019
6fe0,6.48,2011-2019,2018
4pf5,5.48,2011-2019,2014
4bpi,6.17,2011-2019,2014
5aqn,2.77,2011-2019,2016
4heg,8.92,2011-2019,2013
4qy8,7.19,2011-2019,2015
4j7i,5.06,2011-2019,2014
3l9n,8.07,2011-2019,2011
4l3o,6.0,2011-2019,2014
5dx4,6.86,2011-2019,2016
6hva,6.28,2011-2019,2019
4bqs,4.21,2011-2019,2013
5u2c,6.63,2011-2019,2017
5vse,5.97,2011-2019,2017
3wci,6.57,2011-2019,2014
6f1x,7.7,2011-2019,2018
3zmg,7.64,2011-2019,2013
3tv7,7.52,2011-2019,2012
5kcv,8.3,2011-2019,2016
5u7m,6.74,2011-2019,2017
4fut,6.51,2011-2019,2012
5db2,7.6,2011-2019,2016
3ti1,3.89,2011-2019,2012
6g92,4.12,2011-2019,2018
4mxa,8.92,2011-2019,2013
6mdc,7.44,2011-2019,2019
6f1j,4.62,2011-2019,2018
4enx,6.26,2011-2019,2012
5jq5,5.63,2011-2019,2017
5eef,8.32,2011-2019,2016
6j0o,4.92,2011-2019,2019
4k0o,3.0,2011-2019,2013
4lng,5.62,2011-2019,2014
3ril,3.84,2011-2019,2012
4zg9,7.59,2011-2019,2015
6iji,9.36,2011-2019,2019
6bd1,4.78,2011-2019,2018
3zmu,4.3,2011-2019,2013
5tg6,4.55,2011-2019,2017
5v42,6.62,2011-2019,2017
6i8m,7.8,2011-2019,2019
6fgf,3.96,2011-2019,2018
4npv,7.46,2011-2019,2014
5kre,7.23,2011-2019,2016
3uxk,4.93,2011-2019,2012
4od7,5.08,2011-2019,2014
5am1,8.52,2011-2019,2015
6f6i,3.19,2011-2019,2018
4dhu,5.3,2011-2019,2013
4fhh,7.46,2011-2019,2012
4bqw,7.48,2011-2019,2013
4a9m,6.3,2011-2019,2012
4zt5,8.0,2011-2019,2016
6ugq,7.55,2011-2019,2019
5n69,6.54,2011-2019,2017
5lli,7.05,2011-2019,2016
4tw7,7.59,2011-2019,2014
2lkk,6.7,2011-2019,2012
5wir,7.12,2011-2019,2017
4mm4,6.37,2011-2019,2013
5w0q,8.0,2011-2019,2018
4mgv,7.12,2011-2019,2013
6imi,4.58,2011-2019,2019
4iks,5.14,2011-2019,2013
4e5j,4.73,2011-2019,2012
4u5s,2.41,2011-2019,2015
4j45,5.77,2011-2019,2013
4b0j,2.15,2011-2019,2012
5gj9,4.99,2011-2019,2017
6d28,6.7,2011-2019,2018
4ymg,4.68,2011-2019,2015
4ie0,5.08,2011-2019,2013
5zob,5.96,2011-2019,2018
5iu7,8.96,2011-2019,2016
5u7j,6.41,2011-2019,2017
4y7r,5.03,2011-2019,2015
3lq5,6.96,2011-2019,2011
6h4s,7.42,2011-2019,2019
4n07,6.46,2011-2019,2013
4zvi,6.33,2011-2019,2015
6dpy,4.1,2011-2019,2018
4wnm,7.59,2011-2019,2016
4rfc,8.24,2011-2019,2015
4wph,5.8,2011-2019,2015
5zh2,6.54,2011-2019,2018
6bl1,6.96,2011-2019,2018
3wk9,4.15,2011-2019,2014
3zqe,4.23,2011-2019,2011
5sxm,8.54,2011-2019,2016
3uyt,8.1,2011-2019,2012
5exl,8.43,2011-2019,2016
5ii2,4.89,2011-2019,2016
4gwi,3.69,2011-2019,2012
4avh,7.23,2011-2019,2012
3vi7,7.39,2011-2019,2012
4xk9,9.07,2011-2019,2015
5eis,5.74,2011-2019,2016
4ycm,7.72,2011-2019,2016
5xst,7.57,2011-2019,2018
3s8n,6.21,2011-2019,2011
5ztn,8.3,2011-2019,2018
4mji,4.09,2011-2019,2014
2ltw,4.22,2011-2019,2012
4op2,5.93,2011-2019,2014
3wyk,7.64,2011-2019,2014
4h3i,8.52,2011-2019,2012
4kqp,6.05,2011-2019,2013
5tjx,6.82,2011-2019,2016
3as2,3.44,2011-2019,2011
4n6z,7.8,2011-2019,2013
6f3e,7.15,2011-2019,2018
4pl3,6.54,2011-2019,2014
4wkb,11.57,2011-2019,2015
6iin,6.08,2011-2019,2018
6me2,9.37,2011-2019,2019
4b82,4.39,2011-2019,2013
5eh5,5.87,2011-2019,2016
4kzu,6.5,2011-2019,2013
4f70,5.74,2011-2019,2013
4c6v,4.59,2011-2019,2013
4hw3,6.49,2011-2019,2013
2xp4,3.74,2011-2019,2011
5nk7,6.33,2011-2019,2017
3hau,6.38,2011-2019,2011
3axm,5.07,2011-2019,2012
5am2,5.01,2011-2019,2015
5wuk,7.85,2011-2019,2017
5he3,6.55,2011-2019,2016
4n7u,6.29,2011-2019,2014
5owt,8.17,2011-2019,2018
5gjf,6.59,2011-2019,2016
5jfr,8.3,2011-2019,2016
6aee,5.37,2011-2019,2019
4ewn,6.7,2011-2019,2012
6do4,7.68,2011-2019,2018
4km2,5.84,2011-2019,2013
5knt,4.43,2011-2019,2017
4xtw,9.03,2011-2019,2015
5m77,7.61,2011-2019,2017
6czb,4.33,2011-2019,2018
5f4p,7.33,2011-2019,2016
2m0v,5.97,2011-2019,2013
6dpz,3.59,2011-2019,2018
3oay,1.7,2011-2019,2011
3sxf,8.6,2011-2019,2012
3l9l,6.78,2011-2019,2011
6np5,4.57,2011-2019,2019
4r3s,8.22,2011-2019,2015
5hrx,5.29,2011-2019,2016
4qlk,3.24,2011-2019,2015
3vva,9.32,2011-2019,2013
3pbb,7.02,2011-2019,2011
3as3,3.8,2011-2019,2011
6g2f,5.17,2011-2019,2019
5unp,10.02,2011-2019,2018
5sz0,9.1,2011-2019,2016
5hrw,5.48,2011-2019,2016
6fod,8.15,2011-2019,2018
5vdt,4.68,2011-2019,2017
6fhk,7.51,2011-2019,2018
4rd3,6.47,2011-2019,2015
6erw,5.36,2011-2019,2018
4ehe,8.49,2011-2019,2013
6jse,8.77,2011-2019,2019
3n5k,9.7,2011-2019,2011
6nze,8.89,2011-2019,2019
4d2s,7.7,2011-2019,2015
5qa7,3.96,2011-2019,2018
4d1j,6.31,2011-2019,2014
4lp0,8.0,2011-2019,2013
5vo6,9.05,2011-2019,2017
4m3m,9.05,2011-2019,2014
5ni8,7.7,2011-2019,2018
6dil,8.12,2011-2019,2018
6n3y,5.44,2011-2019,2019
3wnt,6.28,2011-2019,2014
4hxl,5.66,2011-2019,2013
4wt2,10.42,2011-2019,2014
4ehm,5.85,2011-2019,2012
5f2f,6.92,2011-2019,2016
3zo4,6.83,2011-2019,2013
6i77,4.96,2011-2019,2019
6pyd,6.81,2011-2019,2019
4eft,4.07,2011-2019,2012
6dyw,10.44,2011-2019,2019
5o9y,5.34,2011-2019,2018
4gkh,4.67,2011-2019,2012
2y7k,4.93,2011-2019,2011
5eec,7.1,2011-2019,2016
4a22,8.49,2011-2019,2011
2mwp,6.05,2011-2019,2014
4kow,4.31,2011-2019,2013
5wbq,5.83,2011-2019,2017
6fuj,4.3,2011-2019,2018
6g24,2.77,2011-2019,2019
5j9z,7.8,2011-2019,2016
4whl,6.4,2011-2019,2014
3zke,6.8,2011-2019,2013
5hjc,4.35,2011-2019,2016
3sym,4.57,2011-2019,2012
3tku,5.72,2011-2019,2011
6qyl,6.08,2011-2019,2019
2yde,3.72,2011-2019,2011
3n0h,6.21,2011-2019,2011
6dge,6.72,2011-2019,2018
3tws,5.52,2011-2019,2011
5qas,3.72,2011-2019,2018
5q16,7.87,2011-2019,2017
5jf5,7.2,2011-2019,2016
5eeq,5.82,2011-2019,2016
6bfd,8.3,2011-2019,2017
3zmm,9.14,2011-2019,2013
5eb2,1.11,2011-2019,2016
4hlm,6.77,2011-2019,2012
4umt,6.14,2011-2019,2014
5akl,7.07,2011-2019,2015
4c94,5.05,2011-2019,2013
4u0f,5.92,2011-2019,2014
2yke,5.96,2011-2019,2011
3u4r,7.41,2011-2019,2011
6en4,8.3,2011-2019,2018
4elf,8.03,2011-2019,2013
6e1a,8.85,2011-2019,2019
5isl,7.28,2011-2019,2016
6g37,7.37,2011-2019,2018
4a2a,4.35,2011-2019,2012
5ox6,7.54,2011-2019,2017
5uxm,5.44,2011-2019,2018
5y1y,6.01,2011-2019,2017
4yjn,7.92,2011-2019,2015
4zeb,6.52,2011-2019,2015
3sxu,5.05,2011-2019,2011
4fcq,7.0,2011-2019,2012
4mzf,7.35,2011-2019,2014
4tkb,5.59,2011-2019,2015
4uw1,7.72,2011-2019,2015
2ydk,8.15,2011-2019,2012
3src,3.89,2011-2019,2011
4m2w,7.28,2011-2019,2013
4btt,8.84,2011-2019,2013
5ect,5.28,2011-2019,2016
6ooy,4.66,2011-2019,2019
5mgj,4.29,2011-2019,2017
4f4p,9.22,2011-2019,2012
6ej4,6.8,2011-2019,2018
5aly,6.73,2011-2019,2015
5ef7,9.0,2011-2019,2016
5jhk,4.64,2011-2019,2017
4li6,6.97,2011-2019,2013
5ka9,4.41,2011-2019,2017
2y58,5.5,2011-2019,2011
5ufs,8.49,2011-2019,2017
4b6r,5.85,2011-2019,2012
4lbp,4.94,2011-2019,2013
5mav,5.48,2011-2019,2017
4lov,7.77,2011-2019,2014
4bsq,9.15,2011-2019,2013
4xiq,7.07,2011-2019,2015
5y0f,6.68,2011-2019,2018
4zy1,8.14,2011-2019,2016
6jpj,8.21,2011-2019,2019
4qhp,8.05,2011-2019,2014
6q9o,8.47,2011-2019,2019
4cki,5.96,2011-2019,2014
4yhf,8.34,2011-2019,2015
6dq4,4.92,2011-2019,2018
5mo0,4.68,2011-2019,2018
5ml0,6.3,2011-2019,2017
4gs9,5.66,2011-2019,2013
3o9d,10.72,2011-2019,2011
5v4b,6.0,2011-2019,2017
5zyk,6.74,2011-2019,2019
4yjl,5.96,2011-2019,2016
5v8o,3.77,2011-2019,2017
6pya,6.82,2011-2019,2019
5afj,4.38,2011-2019,2015
5tc0,7.6,2011-2019,2017
4aw8,7.66,2011-2019,2013
4mg7,6.36,2011-2019,2014
4kiq,7.64,2011-2019,2013
6mey,3.32,2011-2019,2019
5svi,5.17,2011-2019,2016
2lzg,7.77,2011-2019,2012
4poj,8.1,2011-2019,2014
4rn4,6.94,2011-2019,2015
5lch,4.69,2011-2019,2017
5ho7,4.77,2011-2019,2016
4knj,7.95,2011-2019,2013
3twp,3.92,2011-2019,2012
4lh7,4.47,2011-2019,2013
4hlg,6.51,2011-2019,2012
4abe,3.4,2011-2019,2012
6o6g,6.52,2011-2019,2019
4kxb,4.12,2011-2019,2013
4zxx,8.1,2011-2019,2015
3r6c,4.72,2011-2019,2012
3wv1,11.41,2011-2019,2015
5n7v,8.77,2011-2019,2017
4kjv,7.74,2011-2019,2013
5jcb,4.21,2011-2019,2017
4pcs,7.85,2011-2019,2014
4bky,7.92,2011-2019,2013
5jss,6.45,2011-2019,2016
4ea1,6.44,2011-2019,2012
6mul,8.2,2011-2019,2019
2rt5,6.72,2011-2019,2013
6q7w,6.85,2011-2019,2019
2yj8,8.19,2011-2019,2011
6got,9.4,2011-2019,2018
4agd,8.41,2011-2019,2012
6p83,7.1,2011-2019,2019
4bgm,6.21,2011-2019,2014
5owc,7.59,2011-2019,2018
5txy,5.46,2011-2019,2017
4iut,5.72,2011-2019,2013
5e2k,8.03,2011-2019,2016
5dyo,10.21,2011-2019,2016
4b14,6.22,2011-2019,2012
4zgk,5.51,2011-2019,2016
5op2,6.62,2011-2019,2017
5hpm,7.13,2011-2019,2016
3zki,5.92,2011-2019,2013
3nf7,3.47,2011-2019,2011
3pyy,6.86,2011-2019,2011
4a9t,7.15,2011-2019,2012
6phr,6.7,2011-2019,2019
6bfx,7.1,2011-2019,2017
3rxm,3.63,2011-2019,2011
5eg4,7.68,2011-2019,2016
3v4j,5.04,2011-2019,2012
4uau,5.89,2011-2019,2014
5j18,9.15,2011-2019,2016
4isi,8.14,2011-2019,2013
5ko5,4.57,2011-2019,2017
5jsm,6.59,2011-2019,2016
5c11,6.47,2011-2019,2015
5l9h,6.4,2011-2019,2018
5op5,6.67,2011-2019,2017
5e4w,4.64,2011-2019,2015
3tcg,5.87,2011-2019,2011
6g2l,7.17,2011-2019,2018
6fel,6.4,2011-2019,2018
5a6i,7.25,2011-2019,2016
2ycs,8.87,2011-2019,2011
6ohu,6.78,2011-2019,2019
6ocq,6.7,2011-2019,2019
4em7,5.11,2011-2019,2012
6nrf,7.74,2011-2019,2019
5tpb,2.59,2011-2019,2017
3po1,4.02,2011-2019,2011
6dxx,6.64,2011-2019,2018
4yuw,5.77,2011-2019,2015
4l33,8.15,2011-2019,2013
6fob,7.63,2011-2019,2018
4f63,6.3,2011-2019,2012
4mrf,1.95,2011-2019,2014
4jnj,9.07,2011-2019,2013
6gf9,6.39,2011-2019,2018
4rww,5.85,2011-2019,2014
4tmp,5.43,2011-2019,2014
6bh0,6.66,2011-2019,2018
5l6i,4.35,2011-2019,2017
2x6x,3.68,2011-2019,2011
3zjc,5.05,2011-2019,2013
5gn7,6.05,2011-2019,2017
5w8i,6.82,2011-2019,2018
6oxx,10.01,2011-2019,2019
6npp,6.05,2011-2019,2019
6d5w,4.2,2011-2019,2019
6n17,3.0,2011-2019,2019
4usj,4.0,2011-2019,2014
3qzv,4.16,2011-2019,2011
3oyq,7.99,2011-2019,2011
2ltz,5.35,2011-2019,2012
4uxh,5.96,2011-2019,2015
4iz0,4.0,2011-2019,2013
6fbw,4.78,2011-2019,2018
4c71,3.42,2011-2019,2013
5loh,5.04,2011-2019,2016
3t4v,6.3,2011-2019,2012
4ye3,8.37,2011-2019,2015
4qac,9.4,2011-2019,2014
4cgj,2.84,2011-2019,2013
4gby,3.46,2011-2019,2012
3sbh,7.28,2011-2019,2012
3rdv,4.91,2011-2019,2011
5v84,6.7,2011-2019,2017
6d40,9.85,2011-2019,2019
6qmj,7.36,2011-2019,2019
4oag,6.3,2011-2019,2014
4rpn,6.96,2011-2019,2014
5j86,8.26,2011-2019,2017
6c7r,9.0,2011-2019,2018
5byy,7.01,2011-2019,2016
3zbf,7.52,2011-2019,2013
5iza,5.51,2011-2019,2017
4z0d,5.3,2011-2019,2016
4ob1,6.3,2011-2019,2014
5a5z,4.08,2011-2019,2015
4ax9,9.57,2011-2019,2012
5kgn,9.03,2011-2019,2017
4ael,7.92,2011-2019,2012
4bfp,7.82,2011-2019,2013
5dda,5.78,2011-2019,2015
5o2d,5.68,2011-2019,2017
5v5e,5.52,2011-2019,2017
5fxr,7.42,2011-2019,2016
4os6,6.44,2011-2019,2014
5oq5,7.7,2011-2019,2017
4eop,6.05,2011-2019,2013
3sur,4.15,2011-2019,2012
4mp7,5.74,2011-2019,2014
3ozj,5.11,2011-2019,2011
5y6k,6.07,2011-2019,2018
5u5l,4.85,2011-2019,2017
3upx,8.12,2011-2019,2012
4e1z,8.52,2011-2019,2012
6r1k,5.05,2011-2019,2019
4l2l,5.7,2011-2019,2014
4oeu,7.66,2011-2019,2014
4ohp,7.46,2011-2019,2014
6poi,3.49,2011-2019,2019
4qr4,6.6,2011-2019,2015
6bm5,5.84,2011-2019,2018
3tt0,9.05,2011-2019,2012
3u2k,7.52,2011-2019,2012
4fcd,9.55,2011-2019,2012
5mae,6.84,2011-2019,2017
6oxw,10.55,2011-2019,2019
5t1m,5.82,2011-2019,2016
4o12,8.7,2011-2019,2014
4nru,6.94,2011-2019,2014
4ra1,5.94,2011-2019,2015
6afd,5.43,2011-2019,2018
6e0q,8.1,2011-2019,2018
3va4,4.4,2011-2019,2012
4b6o,7.0,2011-2019,2012
4ii9,6.03,2011-2019,2013
4cnh,8.4,2011-2019,2014
5lyx,7.42,2011-2019,2017
5xhr,5.1,2011-2019,2017
5klz,6.37,2011-2019,2017
4pnk,6.6,2011-2019,2014
6g9n,8.52,2011-2019,2018
4kp6,9.09,2011-2019,2013
4puz,8.11,2011-2019,2014
5c84,6.19,2011-2019,2015
4np3,3.3,2011-2019,2014
5hh6,6.4,2011-2019,2017
4zyw,7.17,2011-2019,2016
6ic6,7.82,2011-2019,2019
6pml,3.09,2011-2019,2019
4qxj,5.9,2011-2019,2015
5hmy,6.3,2011-2019,2016
6ten,9.77,2011-2019,2019
3w55,7.1,2011-2019,2013
4xdo,4.08,2011-2019,2015
5apj,7.4,2011-2019,2015
4j73,4.56,2011-2019,2013
5osk,5.6,2011-2019,2017
4mc2,8.19,2011-2019,2014
2m0o,5.38,2011-2019,2013
4y8x,8.43,2011-2019,2015
4inb,6.05,2011-2019,2013
5mos,3.79,2011-2019,2018
5l4h,3.75,2011-2019,2016
4p74,5.0,2011-2019,2014
4hws,9.1,2011-2019,2013
4ql8,9.15,2011-2019,2015
6hvh,7.33,2011-2019,2018
4ega,7.19,2011-2019,2012
6d1j,4.25,2011-2019,2019
4muf,6.34,2011-2019,2014
4fnn,7.57,2011-2019,2012
6gcw,8.64,2011-2019,2019
3rtm,4.42,2011-2019,2011
3rt6,7.15,2011-2019,2011
5j75,6.82,2011-2019,2016
6eis,6.6,2011-2019,2018
4glr,9.46,2011-2019,2012
4qem,7.8,2011-2019,2014
6ift,4.68,2011-2019,2019
3rwe,7.37,2011-2019,2012
6nss,8.85,2011-2019,2019
5y0g,6.7,2011-2019,2018
3v2x,5.35,2011-2019,2012
6nmb,2.7,2011-2019,2019
4b8o,8.4,2011-2019,2013
5svk,8.48,2011-2019,2016
4m2u,8.04,2011-2019,2013
5i5z,9.05,2011-2019,2016
5dw1,7.1,2011-2019,2016
4lv1,7.4,2011-2019,2014
4dpt,7.3,2011-2019,2012
4cs9,2.1,2011-2019,2014
2yk1,8.13,2011-2019,2011
4lrr,5.22,2011-2019,2013
5ov9,5.66,2011-2019,2017
6mlg,5.05,2011-2019,2019
3si3,4.16,2011-2019,2012
4mi3,4.12,2011-2019,2014
6dai,4.07,2011-2019,2018
5yc4,4.92,2011-2019,2018
6pit,5.92,2011-2019,2019
4xya,5.86,2011-2019,2015
5xsu,6.74,2011-2019,2018
2xx5,6.7,2011-2019,2011
4nxr,4.34,2011-2019,2015
4x60,9.0,2011-2019,2015
5dq8,4.14,2011-2019,2015
6mv3,3.33,2011-2019,2018
3ued,4.53,2011-2019,2012
3v4v,7.38,2011-2019,2012
5ldk,4.17,2011-2019,2017
6i0z,4.04,2011-2019,2019
4xbd,6.4,2011-2019,2015
6exm,5.52,2011-2019,2018
5hfj,4.39,2011-2019,2016
3q96,8.54,2011-2019,2011
4j6i,8.85,2011-2019,2013
5jaz,6.55,2011-2019,2016
3v2o,5.31,2011-2019,2012
4qwx,6.27,2011-2019,2015
5jsq,4.67,2011-2019,2016
4f1q,4.95,2011-2019,2012
5yz7,4.75,2011-2019,2018
5xo7,6.36,2011-2019,2018
4prd,4.6,2011-2019,2014
3wzp,6.82,2011-2019,2015
3s3i,7.8,2011-2019,2012
3q72,5.8,2011-2019,2011
5b4k,9.34,2011-2019,2016
4p6x,7.04,2011-2019,2014
6qhb,6.3,2011-2019,2019
4fxz,7.03,2011-2019,2012
6g9f,6.23,2011-2019,2019
5ung,9.47,2011-2019,2017
6evr,8.06,2011-2019,2018
5h19,6.49,2011-2019,2017
4di2,8.26,2011-2019,2012
5ct1,1.52,2011-2019,2015
5a5d,8.0,2011-2019,2016
2yns,7.6,2011-2019,2013
4eu0,6.4,2011-2019,2012
4b60,5.43,2011-2019,2013
5nn0,10.96,2011-2019,2018
5xii,7.12,2011-2019,2018
6k4x,6.66,2011-2019,2019
6glb,6.89,2011-2019,2018
6ap7,5.34,2011-2019,2018
4v04,8.11,2011-2019,2014
4qnu,6.4,2011-2019,2014
4k18,8.96,2011-2019,2013
4qfr,8.13,2011-2019,2014
5llm,5.35,2011-2019,2017
6ee6,6.67,2011-2019,2018
4ezz,5.19,2011-2019,2013
5e5g,3.15,2011-2019,2016
5zqu,5.15,2011-2019,2019
6sdd,8.4,2011-2019,2019
5vqu,5.11,2011-2019,2017
5tqs,5.86,2011-2019,2017
4pci,5.12,2011-2019,2014
5lso,5.85,2011-2019,2016
4xv9,6.72,2011-2019,2015
4r6e,7.78,2011-2019,2015
4r4q,5.09,2011-2019,2014
4fl2,3.66,2011-2019,2012
5nk8,6.64,2011-2019,2017
4aje,3.68,2011-2019,2012
3avf,3.53,2011-2019,2012
4de3,5.52,2011-2019,2012
4eh3,3.53,2011-2019,2012
5kks,8.7,2011-2019,2017
4gfd,9.48,2011-2019,2012
3b26,6.64,2011-2019,2011
3p3s,7.59,2011-2019,2011
5huy,5.03,2011-2019,2016
5xmr,7.61,2011-2019,2017
4j7d,4.7,2011-2019,2013
4lp6,8.27,2011-2019,2013
4ou3,4.41,2011-2019,2014
6g1u,5.61,2011-2019,2018
5o1d,4.66,2011-2019,2018
4y2b,8.36,2011-2019,2015
4hhy,8.72,2011-2019,2013
4x5r,7.85,2011-2019,2015
5d10,7.14,2011-2019,2015
4od0,9.04,2011-2019,2014
6n95,5.12,2011-2019,2019
4mzl,5.62,2011-2019,2013
5za7,5.87,2011-2019,2018
3t85,7.95,2011-2019,2011
5aph,7.22,2011-2019,2015
4txe,5.62,2011-2019,2014
6o3y,4.42,2011-2019,2019
5ybi,3.49,2011-2019,2018
6b4h,8.52,2011-2019,2018
5d3s,5.89,2011-2019,2016
6cyb,9.02,2011-2019,2018
5wpb,3.57,2011-2019,2017
5t9u,7.6,2011-2019,2017
5wgq,6.48,2011-2019,2018
6jt3,8.3,2011-2019,2019
3s74,8.4,2011-2019,2011
4a95,5.76,2011-2019,2012
4oru,3.68,2011-2019,2014
2xnm,6.8,2011-2019,2011
6ggf,5.39,2011-2019,2019
6bsk,6.92,2011-2019,2018
5u62,5.89,2011-2019,2017
3uw4,7.77,2011-2019,2012
3qem,7.22,2011-2019,2011
3vhv,6.29,2011-2019,2011
6jbb,5.99,2011-2019,2019
6ewe,5.51,2011-2019,2018
4ewo,7.36,2011-2019,2012
3zqi,7.19,2011-2019,2011
5icp,8.42,2011-2019,2016
4qmu,5.89,2011-2019,2015
5t4u,5.32,2011-2019,2017
5os5,3.39,2011-2019,2017
3vqh,5.92,2011-2019,2012
3tyv,8.1,2011-2019,2012
5xva,7.29,2011-2019,2018
3ps1,10.17,2011-2019,2011
6ps1,9.7,2011-2019,2019
5zt1,4.67,2011-2019,2018
5dgj,4.73,2011-2019,2016
5ohy,5.17,2011-2019,2018
5csh,3.57,2011-2019,2016
4bty,7.7,2011-2019,2013
4myh,4.64,2011-2019,2014
5exm,8.2,2011-2019,2016
6chn,7.96,2011-2019,2018
3atp,4.45,2011-2019,2011
4qzx,6.26,2011-2019,2015
4h1m,7.11,2011-2019,2012
6d5j,6.34,2011-2019,2018
4xcb,5.47,2011-2019,2015
5uwm,6.45,2011-2019,2017
5fns,5.4,2011-2019,2016
3o57,10.1,2011-2019,2011
4k6i,6.2,2011-2019,2013
4hbv,4.64,2011-2019,2012
3t2c,4.6,2011-2019,2011
5g2b,7.0,2011-2019,2017
3v51,8.55,2011-2019,2012
4pdk,8.22,2011-2019,2015
6qrd,7.0,2011-2019,2019
6me3,9.38,2011-2019,2019
3ti8,9.05,2011-2019,2011
6bs3,5.82,2011-2019,2019
6qqw,4.72,2011-2019,2019
5mi5,6.77,2011-2019,2017
5njz,7.8,2011-2019,2017
6oqd,9.85,2011-2019,2019
4aom,7.07,2011-2019,2012
5mek,5.38,2011-2019,2017
4y6s,5.03,2011-2019,2015
5ito,4.16,2011-2019,2016
4jr3,6.66,2011-2019,2013
6bnh,3.8,2011-2019,2017
4d0w,7.7,2011-2019,2014
4tmr,7.22,2011-2019,2015
5wrs,5.52,2011-2019,2017
4ql1,7.03,2011-2019,2014
4uhg,6.27,2011-2019,2016
6pvs,8.17,2011-2019,2019
6h4q,5.69,2011-2019,2019
6csq,6.39,2011-2019,2018
3wtn,7.04,2011-2019,2015
4jym,5.04,2011-2019,2013
4r5n,7.12,2011-2019,2014
6fgq,7.85,2011-2019,2018
5jxq,8.15,2011-2019,2016
6gxb,7.46,2011-2019,2019
6ibl,9.31,2011-2019,2019
6d78,8.74,2011-2019,2019
5fpi,4.14,2011-2019,2016
3uug,4.51,2011-2019,2012
5ayy,5.32,2011-2019,2016
2lbm,6.57,2011-2019,2011
6ia7,5.7,2011-2019,2019
4bo9,6.51,2011-2019,2013
6eum,6.52,2011-2019,2018
3nf9,3.54,2011-2019,2011
3sjo,5.78,2011-2019,2011
3qtq,5.51,2011-2019,2012
4omc,10.78,2011-2019,2014
4mrw,3.3,2011-2019,2014
4erq,7.12,2011-2019,2012
4gb9,6.27,2011-2019,2012
6oqn,8.0,2011-2019,2019
5vgy,4.18,2011-2019,2017
4cd0,9.7,2011-2019,2014
3alt,2.92,2011-2019,2011
5d6j,4.44,2011-2019,2016
4gpk,7.52,2011-2019,2013
4qiz,8.15,2011-2019,2015
5fa7,8.4,2011-2019,2016
4knn,7.78,2011-2019,2013
6dzy,5.52,2011-2019,2019
5z66,6.69,2011-2019,2019
6cis,6.87,2011-2019,2018
5u4f,6.33,2011-2019,2017
5h5r,6.21,2011-2019,2016
4is6,6.2,2011-2019,2013
3are,6.21,2011-2019,2011
5nve,7.46,2011-2019,2018
5typ,7.6,2011-2019,2017
5ugh,6.77,2011-2019,2017
3rq7,7.77,2011-2019,2011
4mw4,6.5,2011-2019,2014
4zed,5.12,2011-2019,2015
4nal,5.66,2011-2019,2014
6c4g,8.3,2011-2019,2018
6mh1,5.92,2011-2019,2019
6bsm,6.8,2011-2019,2018
6gev,8.7,2011-2019,2019
6ccn,4.52,2011-2019,2018
5olb,7.89,2011-2019,2018
4gk7,7.9,2011-2019,2012
6v5l,3.65,2011-2019,2019
5h2u,8.15,2011-2019,2017
5orl,4.82,2011-2019,2017
4pd9,3.33,2011-2019,2014
5b5o,5.72,2011-2019,2017
6czd,3.85,2011-2019,2018
4yqh,8.05,2011-2019,2015
3vw6,7.85,2011-2019,2012
4ztl,5.92,2011-2019,2015
6nfn,7.7,2011-2019,2019
4l50,6.06,2011-2019,2013
4lwh,7.57,2011-2019,2014
5vb5,6.46,2011-2019,2017
4hso,4.66,2011-2019,2013
4p5e,5.55,2011-2019,2014
3u5j,5.61,2011-2019,2011
6nsp,7.36,2011-2019,2019
3arx,5.33,2011-2019,2011
5hlp,7.27,2011-2019,2016
5juz,5.52,2011-2019,2017
6pid,4.54,2011-2019,2019
5y24,8.34,2011-2019,2018
6dj5,8.14,2011-2019,2018
4otg,7.59,2011-2019,2014
3tf7,3.52,2011-2019,2011
4jv6,6.66,2011-2019,2013
4zyv,7.66,2011-2019,2016
4azb,7.24,2011-2019,2013
3ryz,8.62,2011-2019,2011
5f67,6.89,2011-2019,2016
3vdc,4.92,2011-2019,2012
3zxe,3.35,2011-2019,2011
4rxa,5.74,2011-2019,2015
3owd,7.52,2011-2019,2011
5sz9,4.42,2011-2019,2016
4btu,9.3,2011-2019,2013
5lsg,5.4,2011-2019,2017
5qa9,3.64,2011-2019,2018
4b1c,7.1,2011-2019,2012
4qta,6.7,2011-2019,2014
4rrq,5.47,2011-2019,2015
4gk3,7.25,2011-2019,2013
5cs3,2.15,2011-2019,2015
6faw,5.57,2011-2019,2018
5n24,8.92,2011-2019,2017
4wuy,7.82,2011-2019,2015
6mm5,4.54,2011-2019,2019
4iuo,3.64,2011-2019,2013
6qzb,6.47,2011-2019,2019
5em9,5.57,2011-2019,2016
4hby,5.36,2011-2019,2012
4i5h,8.7,2011-2019,2013
5gmv,6.23,2011-2019,2017
5tks,7.17,2011-2019,2017
5el2,4.47,2011-2019,2016
6mll,3.62,2011-2019,2019
2ybt,4.7,2011-2019,2011
5ccl,4.77,2011-2019,2015
6eq2,5.89,2011-2019,2018
6f5l,9.19,2011-2019,2018
4dhm,3.78,2011-2019,2013
4iuv,5.72,2011-2019,2013
4p3h,6.0,2011-2019,2014
5oua,5.57,2011-2019,2018
6bin,6.34,2011-2019,2018
4wef,2.59,2011-2019,2015
4p7m,7.41,2011-2019,2014
5ula,7.11,2011-2019,2017
5m5q,7.05,2011-2019,2017
5k76,8.3,2011-2019,2017
5gow,4.45,2011-2019,2016
5cu2,4.24,2011-2019,2016
4jbs,7.96,2011-2019,2013
5lkr,5.48,2011-2019,2016
5vc6,7.87,2011-2019,2017
3waw,6.24,2011-2019,2013
3v7s,7.05,2011-2019,2012
5wcm,4.0,2011-2019,2017
5w44,6.44,2011-2019,2018
4lm3,2.92,2011-2019,2014
6dqb,6.49,2011-2019,2018
4eev,8.33,2011-2019,2013
4ua8,6.26,2011-2019,2014
6cq0,4.46,2011-2019,2018
4i7d,7.0,2011-2019,2013
5lh4,6.96,2011-2019,2018
5div,6.85,2011-2019,2016
4hbm,7.92,2011-2019,2012
5ni0,5.74,2011-2019,2017
2yjb,7.02,2011-2019,2011
5nvv,6.7,2011-2019,2017
2xqq,4.82,2011-2019,2011
5t1k,6.28,2011-2019,2016
5yqx,6.96,2011-2019,2018
5wmt,5.86,2011-2019,2018
4q1e,8.17,2011-2019,2014
5hjq,4.72,2011-2019,2016
3zpq,7.17,2011-2019,2013
5svl,8.55,2011-2019,2016
3plu,5.77,2011-2019,2011
2y7z,8.7,2011-2019,2011
5eqe,3.88,2011-2019,2016
4usw,2.69,2011-2019,2014
6d3z,8.92,2011-2019,2019
4ocq,4.61,2011-2019,2014
4nh7,8.4,2011-2019,2014
6g14,5.49,2011-2019,2018
6c9v,6.92,2011-2019,2019
4klv,3.78,2011-2019,2013
6pu3,5.23,2011-2019,2019
4p5d,5.82,2011-2019,2014
5epr,4.04,2011-2019,2016
4xmo,8.7,2011-2019,2015
5y21,6.47,2011-2019,2018
4h5d,7.55,2011-2019,2012
5ai8,3.9,2011-2019,2015
6abk,1.95,2011-2019,2019
4mnx,4.75,2011-2019,2014
6t1l,4.77,2011-2019,2019
6hkz,9.89,2011-2019,2018
4x6n,8.82,2011-2019,2015
5mgi,5.95,2011-2019,2018
5zxi,9.15,2011-2019,2019
5e2l,4.03,2011-2019,2016
2l8r,3.92,2011-2019,2011
5a8y,9.77,2011-2019,2016
4mjo,6.22,2011-2019,2013
4bcp,6.25,2011-2019,2013
4mwq,9.1,2011-2019,2013
5u4x,8.15,2011-2019,2016
3w5e,7.96,2011-2019,2013
6afh,6.12,2011-2019,2018
3q6z,3.72,2011-2019,2011
3wd9,8.08,2011-2019,2013
4yk0,3.74,2011-2019,2016
5myg,7.51,2011-2019,2017
6qxj,4.79,2011-2019,2019
3ud7,4.74,2011-2019,2012
4g8l,8.0,2011-2019,2012
5nn5,5.47,2011-2019,2017
4yv2,7.29,2011-2019,2015
5ei2,7.34,2011-2019,2016
5em5,6.58,2011-2019,2015
5akw,6.39,2011-2019,2015
5hk1,8.37,2011-2019,2016
3zxr,7.7,2011-2019,2012
6g0q,4.61,2011-2019,2018
5u49,6.14,2011-2019,2017
4gr3,7.81,2011-2019,2013
4zx1,6.14,2011-2019,2015
6c9p,5.64,2011-2019,2019
5e90,7.85,2011-2019,2016
6f3g,7.16,2011-2019,2018
4at3,8.4,2011-2019,2012
4mz4,7.89,2011-2019,2013
5fdg,6.37,2011-2019,2015
6ocu,8.05,2011-2019,2019
4xit,7.27,2011-2019,2015
5wa4,5.89,2011-2019,2017
3av9,3.36,2011-2019,2012
5umy,6.97,2011-2019,2018
5dro,10.59,2011-2019,2016
3tww,5.38,2011-2019,2011
3vdb,2.52,2011-2019,2012
5nap,7.95,2011-2019,2018
3art,4.43,2011-2019,2011
5ew0,6.59,2011-2019,2016
2ym8,7.89,2011-2019,2012
5lz9,6.92,2011-2019,2016
4k6z,8.7,2011-2019,2013
4inr,5.59,2011-2019,2013
5qb1,4.7,2011-2019,2018
4ufl,2.64,2011-2019,2015
4o7b,4.7,2011-2019,2014
2yge,5.06,2011-2019,2011
2yb0,3.85,2011-2019,2011
3w2q,7.18,2011-2019,2013
4j0p,7.29,2011-2019,2013
5db1,7.66,2011-2019,2016
4bic,7.3,2011-2019,2013
5tkd,8.15,2011-2019,2016
6rot,6.32,2011-2019,2019
3ubx,7.6,2011-2019,2011
3az8,6.0,2011-2019,2012
5c2e,8.7,2011-2019,2015
6hlb,10.27,2011-2019,2019
5ikb,8.72,2011-2019,2016
4eg4,7.89,2011-2019,2012
3ubd,5.54,2011-2019,2012
2yhy,5.6,2011-2019,2012
4yk6,5.7,2011-2019,2016
5ie1,6.85,2011-2019,2016
4wx6,9.0,2011-2019,2015
4j8g,4.19,2011-2019,2013
4fnz,7.8,2011-2019,2012
4o7d,3.0,2011-2019,2014
5lhh,8.17,2011-2019,2017
4xv1,8.38,2011-2019,2015
5mno,3.84,2011-2019,2018
3v8s,6.19,2011-2019,2012
4zt2,8.0,2011-2019,2016
4pl0,4.4,2011-2019,2014
5ovc,5.96,2011-2019,2018
5f29,5.05,2011-2019,2017
5zah,7.28,2011-2019,2018
4c5w,5.48,2011-2019,2014
5yun,5.52,2011-2019,2018
4hkk,5.54,2011-2019,2012
4zom,8.52,2011-2019,2015
6aaj,8.3,2011-2019,2018
5ea6,7.41,2011-2019,2015
3q71,5.22,2011-2019,2011
4y24,6.66,2011-2019,2016
4zpf,6.74,2011-2019,2015
5hdx,7.32,2011-2019,2016
4y87,7.24,2011-2019,2015
3v30,3.74,2011-2019,2012
3ocp,7.57,2011-2019,2011
6f6u,4.8,2011-2019,2018
6f7i,7.85,2011-2019,2019
6n77,9.24,2011-2019,2019
3up7,8.21,2011-2019,2012
4x49,4.53,2011-2019,2015
6c99,5.62,2011-2019,2018
6mtu,5.22,2011-2019,2019
4ivk,3.85,2011-2019,2013
5vcz,6.35,2011-2019,2017
3ll8,6.4,2011-2019,2011
3w1f,8.44,2011-2019,2013
4uu7,6.08,2011-2019,2014
3vb7,4.31,2011-2019,2012
4e3g,4.97,2011-2019,2012
5k0b,6.05,2011-2019,2016
3uvw,5.17,2011-2019,2012
6cyi,5.04,2011-2019,2019
4crc,8.72,2011-2019,2015
3ryj,7.8,2011-2019,2011
5zun,9.19,2011-2019,2018
6g8l,5.0,2011-2019,2019
6skd,5.8,2011-2019,2019
5q0s,7.21,2011-2019,2017
4hai,8.1,2011-2019,2012
4qq4,5.74,2011-2019,2014
4epy,3.47,2011-2019,2012
4jne,5.86,2011-2019,2013
4ahv,1.82,2011-2019,2012
6s4t,7.95,2011-2019,2019
6g98,6.15,2011-2019,2018
4azy,6.7,2011-2019,2012
3vd4,4.82,2011-2019,2012
5jy3,7.92,2011-2019,2016
5vfm,3.82,2011-2019,2017
3qyy,5.08,2011-2019,2011
6d9s,5.96,2011-2019,2019
5swg,4.48,2011-2019,2017
4tqn,6.11,2011-2019,2015
4wiv,6.26,2011-2019,2014
6eea,6.2,2011-2019,2018
6ob0,4.96,2011-2019,2019
5yov,7.68,2011-2019,2018
4y94,6.62,2011-2019,2015
4b9k,6.17,2011-2019,2012
3qfz,3.24,2011-2019,2011
4d8s,6.49,2011-2019,2013
5wi0,3.44,2011-2019,2018
5vlk,5.26,2011-2019,2017
3n7h,4.5,2011-2019,2011
3s71,8.64,2011-2019,2011
4r5v,6.15,2011-2019,2014
4kmu,7.92,2011-2019,2013
4trz,5.03,2011-2019,2015
6pyc,7.45,2011-2019,2019
6g9k,7.4,2011-2019,2018
5amd,8.55,2011-2019,2015
5dkn,3.69,2011-2019,2016
5cfa,6.54,2011-2019,2015
6iot,5.24,2011-2019,2019
4tkf,6.55,2011-2019,2014
4uff,7.96,2011-2019,2016
3vg1,7.26,2011-2019,2012
4ad6,4.78,2011-2019,2013
4u2w,6.0,2011-2019,2015
3u5l,6.19,2011-2019,2011
5mro,5.7,2011-2019,2017
4rgd,3.94,2011-2019,2015
3tki,10.3,2011-2019,2012
6kjf,4.97,2011-2019,2019
5m6u,8.37,2011-2019,2017
4mot,7.3,2011-2019,2013
5nhj,8.27,2011-2019,2017
4aji,3.55,2011-2019,2012
3lox,8.1,2011-2019,2011
6cbf,5.17,2011-2019,2018
6d1h,3.72,2011-2019,2019
5vfd,6.44,2011-2019,2017
6fvm,6.6,2011-2019,2019
5c7c,5.26,2011-2019,2015
4ufm,3.72,2011-2019,2015
5moq,4.68,2011-2019,2018
6e2m,5.66,2011-2019,2018
5wap,6.52,2011-2019,2018
5w8v,8.22,2011-2019,2017
4jg8,8.6,2011-2019,2013
6m95,6.85,2011-2019,2019
3ao1,2.26,2011-2019,2011
4c4g,8.22,2011-2019,2013
6d08,5.29,2011-2019,2019
3ayd,4.19,2011-2019,2011
3zuk,7.46,2011-2019,2011
4dho,3.93,2011-2019,2013
6coj,6.4,2011-2019,2018
5lrk,8.82,2011-2019,2016
4h5c,7.55,2011-2019,2012
5ur9,6.05,2011-2019,2017
4j24,7.3,2011-2019,2013
5ygi,7.05,2011-2019,2018
5o7i,6.09,2011-2019,2018
6r1w,5.3,2011-2019,2019
6poq,2.57,2011-2019,2019
4ryd,11.26,2011-2019,2015
5g1c,6.85,2011-2019,2016
4e1k,6.3,2011-2019,2013
5mys,4.3,2011-2019,2017
3t60,6.7,2011-2019,2012
3p7i,7.7,2011-2019,2011
3s1h,4.77,2011-2019,2012
4rcp,5.35,2011-2019,2014
5qap,4.0,2011-2019,2018
6h51,6.87,2011-2019,2019
4man,11.0,2011-2019,2014
3u6w,6.92,2011-2019,2012
6ckl,3.89,2011-2019,2019
5hg7,8.4,2011-2019,2016
3wp1,4.85,2011-2019,2014
3rwi,6.94,2011-2019,2012
6jag,4.5,2011-2019,2019
5fl6,7.36,2011-2019,2015
3qaq,7.0,2011-2019,2011
6r1c,4.92,2011-2019,2019
6m9f,8.22,2011-2019,2018
5evz,6.57,2011-2019,2016
5fho,6.67,2011-2019,2016
5tyh,2.08,2011-2019,2017
2y7p,5.47,2011-2019,2011
5uhi,8.04,2011-2019,2017
6ilq,6.36,2011-2019,2019
4agq,5.01,2011-2019,2012
6isd,8.24,2011-2019,2018
4wx7,7.4,2011-2019,2015
6oh2,5.2,2011-2019,2019
5opu,7.28,2011-2019,2017
4jql,6.0,2011-2019,2013
6mln,7.54,2011-2019,2019
4x3r,11.07,2011-2019,2015
6ggd,5.59,2011-2019,2019
6ary,7.6,2011-2019,2018
4j70,5.24,2011-2019,2013
3qin,6.87,2011-2019,2011
4ia0,7.11,2011-2019,2014
4jv8,5.85,2011-2019,2013
4qb3,5.47,2011-2019,2015
2yek,7.21,2011-2019,2011
4fk6,9.7,2011-2019,2012
4wyo,6.95,2011-2019,2015
4qzs,7.05,2011-2019,2014
6a6k,7.46,2011-2019,2019
6mzq,8.41,2011-2019,2019
4wri,9.01,2011-2019,2015
4gkc,6.82,2011-2019,2012
3vtc,7.89,2011-2019,2013
5sxn,4.96,2011-2019,2016
4ewh,9.52,2011-2019,2012
5vc5,7.96,2011-2019,2017
4uva,5.75,2011-2019,2014
4cfw,6.29,2011-2019,2013
6cee,4.19,2011-2019,2018
4gz3,5.74,2011-2019,2012
4l2f,6.23,2011-2019,2013
5i38,3.42,2011-2019,2016
3odl,7.21,2011-2019,2011
4pda,4.21,2011-2019,2014
4dwb,5.74,2011-2019,2013
6qgg,6.3,2011-2019,2019
5dhq,5.7,2011-2019,2016
6om8,5.16,2011-2019,2019
4b9z,4.09,2011-2019,2012
6d1k,3.13,2011-2019,2019
3t3i,4.77,2011-2019,2012
4c9x,7.32,2011-2019,2014
5kxi,7.74,2011-2019,2016
5lgu,7.66,2011-2019,2017
4h4m,8.52,2011-2019,2012
5qc4,6.82,2011-2019,2017
5u4e,6.35,2011-2019,2017
4dli,5.62,2011-2019,2013
4uct,3.12,2011-2019,2015
5t8q,4.16,2011-2019,2017
5v3o,7.22,2011-2019,2017
3wbl,4.64,2011-2019,2013
3rtn,7.13,2011-2019,2011
4w9w,7.48,2011-2019,2014
4w9c,4.65,2011-2019,2014
4unr,8.7,2011-2019,2015
5duf,5.74,2011-2019,2016
4ok3,4.15,2011-2019,2014
6qz6,6.49,2011-2019,2019
6p3w,6.26,2011-2019,2019
4e67,6.48,2011-2019,2012
6q6f,3.35,2011-2019,2019
3qiz,5.21,2011-2019,2011
4ykk,2.77,2011-2019,2015
5k48,6.6,2011-2019,2017
5zku,4.3,2011-2019,2018
5tzz,7.85,2011-2019,2017
4wwp,6.92,2011-2019,2014
6q36,7.6,2011-2019,2019
6rw1,5.88,2011-2019,2019
6q4q,6.82,2011-2019,2019
5x5g,5.83,2011-2019,2017
5vb7,6.72,2011-2019,2017
5f02,7.44,2011-2019,2016
5edc,7.66,2011-2019,2016
6gmd,3.69,2011-2019,2018
6b31,8.44,2011-2019,2018
3ni5,7.55,2011-2019,2011
4h2o,5.52,2011-2019,2012
6gvi,6.82,2011-2019,2019
5jgb,7.89,2011-2019,2016
5n25,7.78,2011-2019,2017
4ef4,5.35,2011-2019,2012
4lge,8.46,2011-2019,2013
6g22,7.56,2011-2019,2018
3pvu,6.54,2011-2019,2011
3rwq,7.46,2011-2019,2011
4uxj,5.42,2011-2019,2015
4h4e,6.68,2011-2019,2013
5a4t,5.89,2011-2019,2016
5fqr,7.59,2011-2019,2016
5mql,5.85,2011-2019,2017
3mg8,8.92,2011-2019,2011
6dcy,5.46,2011-2019,2018
4eqj,5.6,2011-2019,2012
6egw,5.57,2011-2019,2018
4zy0,8.04,2011-2019,2016
6bqg,8.93,2011-2019,2018
4cwr,8.3,2011-2019,2014
5ll9,6.08,2011-2019,2017
4anw,7.74,2011-2019,2012
5qim,11.22,2011-2019,2018
5ya5,6.72,2011-2019,2018
3qc9,6.06,2011-2019,2011
6dys,4.25,2011-2019,2019
4jia,9.22,2011-2019,2013
3zm6,6.52,2011-2019,2013
5owl,5.92,2011-2019,2018
4mt9,10.0,2011-2019,2013
4y2q,2.92,2011-2019,2015
5c91,3.61,2011-2019,2015
3u3u,6.88,2011-2019,2012
5vrl,7.11,2011-2019,2018
4cae,7.74,2011-2019,2014
6c7g,7.74,2011-2019,2018
5h5s,5.09,2011-2019,2016
3sv6,7.46,2011-2019,2012
5e8r,8.7,2011-2019,2015
4ptc,8.96,2011-2019,2015
3tib,6.89,2011-2019,2011
5tyi,6.89,2011-2019,2017
4ddh,3.3,2011-2019,2013
5aut,5.17,2011-2019,2015
6gmx,2.17,2011-2019,2018
4oak,4.22,2011-2019,2014
6rn6,6.8,2011-2019,2019
3tne,5.72,2011-2019,2012
4ck3,3.57,2011-2019,2014
6fmj,6.12,2011-2019,2018
4efs,8.6,2011-2019,2012
5lub,6.15,2011-2019,2017
4bs4,8.22,2011-2019,2013
3p76,8.68,2011-2019,2011
5y48,5.85,2011-2019,2017
5vsj,4.02,2011-2019,2017
5oug,2.77,2011-2019,2017
3p3h,7.44,2011-2019,2011
5ov8,4.74,2011-2019,2018
5hmi,7.82,2011-2019,2016
5wlo,10.82,2011-2019,2017
5vqw,5.7,2011-2019,2017
5trj,5.92,2011-2019,2016
4rr6,6.0,2011-2019,2015
6e7s,7.18,2011-2019,2019
5j9x,7.77,2011-2019,2017
6ffh,6.34,2011-2019,2018
6a84,8.28,2011-2019,2019
5f2r,4.28,2011-2019,2016
5l7f,9.05,2011-2019,2016
4fs3,7.85,2011-2019,2012
5g5f,5.28,2011-2019,2017
5fas,7.47,2011-2019,2016
4zh4,4.22,2011-2019,2015
4jpa,8.48,2011-2019,2014
3srv,7.5,2011-2019,2011
4j46,5.28,2011-2019,2013
3qci,5.42,2011-2019,2011
6ud2,10.21,2011-2019,2019
2xv1,5.99,2011-2019,2011
3vrt,8.57,2011-2019,2012
4h81,5.12,2011-2019,2013
4l7b,5.64,2011-2019,2014
6g6w,9.7,2011-2019,2018
4bdt,8.96,2011-2019,2013
4ee0,8.63,2011-2019,2012
6afj,6.28,2011-2019,2018
5m44,7.4,2011-2019,2017
4iaw,9.63,2011-2019,2013
4nus,8.3,2011-2019,2014
6d1m,8.2,2011-2019,2018
4ydq,6.52,2011-2019,2015
3v66,8.89,2011-2019,2012
4k55,5.51,2011-2019,2013
4y2u,3.24,2011-2019,2015
4lnp,3.67,2011-2019,2014
4uru,2.22,2011-2019,2015
4qr3,5.85,2011-2019,2015
5ods,4.33,2011-2019,2018
5dgm,6.4,2011-2019,2016
5mxo,5.27,2011-2019,2017
6qe5,5.12,2011-2019,2019
4qwu,5.51,2011-2019,2015
5nhh,8.95,2011-2019,2017
5npf,4.24,2011-2019,2017
5koq,9.24,2011-2019,2016
5kj2,7.82,2011-2019,2017
4zyc,6.42,2011-2019,2015
3r0h,5.92,2011-2019,2011
4dk7,7.7,2011-2019,2012
5klp,4.64,2011-2019,2016
6sge,7.51,2011-2019,2019
5h85,4.7,2011-2019,2017
4ps3,8.7,2011-2019,2014
5h0e,6.68,2011-2019,2017
4la7,6.57,2011-2019,2013
4hfp,7.38,2011-2019,2013
5gvm,6.73,2011-2019,2017
4cgi,3.12,2011-2019,2013
5tg2,5.49,2011-2019,2017
4as9,4.79,2011-2019,2013
5tt7,7.89,2011-2019,2016
6qto,4.64,2011-2019,2019
3qx8,2.86,2011-2019,2011
6eo9,6.8,2011-2019,2017
4wh9,3.0,2011-2019,2014
3sl5,7.66,2011-2019,2011
6ny4,8.52,2011-2019,2019
5ma7,3.47,2011-2019,2017
5k8v,6.34,2011-2019,2016
3uo4,6.52,2011-2019,2012
5o07,7.47,2011-2019,2017
6h3q,7.14,2011-2019,2019
5x26,8.3,2011-2019,2018
5zw6,8.0,2011-2019,2018
4u0a,4.3,2011-2019,2014
6eeo,6.43,2011-2019,2018
2yof,4.6,2011-2019,2013
5t1w,7.11,2011-2019,2017
5wio,5.03,2011-2019,2017
5ohj,10.42,2011-2019,2017
5y6d,7.26,2011-2019,2018
6exs,3.44,2011-2019,2018
4z2j,6.43,2011-2019,2015
4gng,3.54,2011-2019,2013
2xyt,6.29,2011-2019,2011
4ljh,4.71,2011-2019,2013
3sue,9.08,2011-2019,2012
4hn2,6.89,2011-2019,2012
4pct,7.15,2011-2019,2014
4eeh,4.35,2011-2019,2012
4cjn,4.76,2011-2019,2015
4ocp,6.1,2011-2019,2014
5sz3,8.6,2011-2019,2016
6ovc,6.52,2011-2019,2019
6hk4,8.55,2011-2019,2019
6ixd,9.8,2011-2019,2019
2y5k,6.66,2011-2019,2011
3uvk,6.8,2011-2019,2011
6bh8,5.12,2011-2019,2018
4j1f,7.92,2011-2019,2013
5ega,5.06,2011-2019,2016
6dh2,10.89,2011-2019,2018
4o9s,6.55,2011-2019,2014
5wf3,5.85,2011-2019,2018
4he9,8.46,2011-2019,2013
4el9,5.36,2011-2019,2012
4ju6,6.17,2011-2019,2013
6g3y,5.89,2011-2019,2018
5iu4,9.28,2011-2019,2016
6h14,7.86,2011-2019,2019
6g8k,4.45,2011-2019,2019
5mks,4.77,2011-2019,2017
4a4l,7.82,2011-2019,2012
4bny,7.1,2011-2019,2013
5yy6,7.62,2011-2019,2019
5b1s,3.91,2011-2019,2016
4ele,7.88,2011-2019,2013
3wuu,5.14,2011-2019,2015
5kr8,6.82,2011-2019,2016
5za8,6.29,2011-2019,2018
6hgg,5.42,2011-2019,2019
4hlw,5.38,2011-2019,2013
4xy9,5.33,2011-2019,2015
3r16,7.3,2011-2019,2011
4cc3,4.14,2011-2019,2013
6avi,5.71,2011-2019,2018
5i9y,8.55,2011-2019,2016
4gk2,8.8,2011-2019,2013
5t2y,5.66,2011-2019,2017
5aqh,2.46,2011-2019,2016
5djp,5.15,2011-2019,2015
4dmn,5.64,2011-2019,2012
4f6v,5.8,2011-2019,2012
5fcw,6.52,2011-2019,2016
6kdi,6.72,2011-2019,2019
6hti,7.01,2011-2019,2018
4h75,6.6,2011-2019,2012
5gmm,4.54,2011-2019,2017
6hrw,6.0,2011-2019,2019
3qxh,5.24,2011-2019,2011
3zpt,8.51,2011-2019,2013
3p3j,7.92,2011-2019,2011
6ajx,5.04,2011-2019,2019
5mka,4.31,2011-2019,2017
5aln,6.57,2011-2019,2015
4na7,9.7,2011-2019,2014
4yp8,7.89,2011-2019,2015
5wle,5.72,2011-2019,2017
5cks,5.51,2011-2019,2016
6hmy,7.24,2011-2019,2019
5fqt,6.8,2011-2019,2016
5v7a,6.38,2011-2019,2017
4q07,8.14,2011-2019,2015
5os1,3.31,2011-2019,2017
4eoy,6.49,2011-2019,2013
6el5,6.88,2011-2019,2018
5fqb,6.52,2011-2019,2016
4qll,3.38,2011-2019,2015
6gxg,5.24,2011-2019,2019
4u71,5.22,2011-2019,2015
5ubg,5.17,2011-2019,2017
4obz,5.72,2011-2019,2014
6oiq,6.57,2011-2019,2019
5a6x,6.69,2011-2019,2016
6ezg,7.69,2011-2019,2018
5moe,3.28,2011-2019,2017
4rx5,8.52,2011-2019,2015
5dyt,7.6,2011-2019,2016
4k6t,4.1,2011-2019,2014
3sn7,9.15,2011-2019,2011
4a9n,5.82,2011-2019,2012
5ur5,7.14,2011-2019,2017
6ht1,7.11,2011-2019,2018
6drg,6.92,2011-2019,2018
4qmo,7.72,2011-2019,2015
5kma,4.71,2011-2019,2017
6eip,5.7,2011-2019,2018
6do1,8.08,2011-2019,2019
6mt6,3.88,2011-2019,2019
4xoc,8.52,2011-2019,2016
3rj7,7.6,2011-2019,2012
2yme,7.66,2011-2019,2012
4b0b,3.33,2011-2019,2012
5m6m,7.36,2011-2019,2017
3omm,7.43,2011-2019,2011
4pg3,7.85,2011-2019,2014
4ufi,6.2,2011-2019,2015
4ntj,7.36,2011-2019,2014
4i9z,7.74,2011-2019,2014
6cwh,7.54,2011-2019,2018
4aft,6.47,2011-2019,2012
4zh3,4.4,2011-2019,2015
5op6,4.68,2011-2019,2017
4uyg,7.6,2011-2019,2014
6evo,5.17,2011-2019,2018
2x85,3.89,2011-2019,2011
4uu5,5.04,2011-2019,2015
3o0j,7.19,2011-2019,2011
5ml8,8.1,2011-2019,2017
3uz5,7.22,2011-2019,2012
4urv,2.77,2011-2019,2015
6dvo,7.22,2011-2019,2018
4zyr,5.7,2011-2019,2015
4q1s,4.17,2011-2019,2014
4fht,6.17,2011-2019,2013
4dij,7.52,2011-2019,2012
5oot,7.55,2011-2019,2017
3shb,6.03,2011-2019,2011
5xag,5.46,2011-2019,2018
4zsm,2.4,2011-2019,2015
3pkn,4.66,2011-2019,2011
4j8m,7.32,2011-2019,2014
3pkc,6.02,2011-2019,2011
4wht,8.1,2011-2019,2014
3t0l,4.52,2011-2019,2012
6awp,7.16,2011-2019,2017
3udd,7.1,2011-2019,2012
4non,5.24,2011-2019,2014
4re2,4.98,2011-2019,2015
5trg,7.82,2011-2019,2017
4dbm,7.62,2011-2019,2012
6b3v,9.69,2011-2019,2018
5uac,8.3,2011-2019,2017
5l44,4.4,2011-2019,2016
3vhu,7.31,2011-2019,2011
4d2w,4.51,2011-2019,2014
6k04,8.04,2011-2019,2019
4i73,6.72,2011-2019,2013
3sap,7.59,2011-2019,2012
3rup,1.57,2011-2019,2011
2yln,7.68,2011-2019,2011
4jsz,2.3,2011-2019,2013
6i7a,4.26,2011-2019,2019
4ura,5.5,2011-2019,2015
5ez0,5.8,2011-2019,2016
5fxs,8.05,2011-2019,2016
3w07,3.38,2011-2019,2013
4ctj,2.51,2011-2019,2014
5bvw,8.82,2011-2019,2015
6bs4,5.55,2011-2019,2019
6aud,6.22,2011-2019,2017
4ad2,6.2,2011-2019,2012
5hn8,4.01,2011-2019,2016
4esi,4.15,2011-2019,2012
5dgu,11.35,2011-2019,2015
4i31,9.32,2011-2019,2013
4yo8,10.52,2011-2019,2015
3rf5,5.63,2011-2019,2011
4y8z,10.4,2011-2019,2015
4u69,4.26,2011-2019,2015
4wmv,4.03,2011-2019,2015
3r5n,5.78,2011-2019,2012
4b85,4.06,2011-2019,2013
3ttn,7.84,2011-2019,2012
6ml9,5.3,2011-2019,2019
5nvh,7.82,2011-2019,2018
2xm1,5.07,2011-2019,2011
6qwb,6.04,2011-2019,2019
4kxn,6.1,2011-2019,2014
4l7n,4.84,2011-2019,2014
5g6u,6.66,2011-2019,2018
4o36,6.36,2011-2019,2014
4xmr,4.07,2011-2019,2015
6i75,4.64,2011-2019,2019
6cse,5.6,2011-2019,2019
6mo2,6.68,2011-2019,2019
5gmu,3.32,2011-2019,2017
3ump,2.99,2011-2019,2012
2y59,6.44,2011-2019,2011
4jyb,6.96,2011-2019,2013
3rt8,6.35,2011-2019,2011
6ami,4.52,2011-2019,2018
4aci,2.22,2011-2019,2012
3skf,8.3,2011-2019,2011
4lww,7.54,2011-2019,2013
2lsk,4.89,2011-2019,2012
6h7j,8.62,2011-2019,2018
6izq,5.5,2011-2019,2019
6dvm,8.52,2011-2019,2018
3ttz,8.4,2011-2019,2011
3r5m,4.34,2011-2019,2012
5fah,6.15,2011-2019,2016
5i3m,7.4,2011-2019,2016
3r92,7.02,2011-2019,2011
4qfp,4.23,2011-2019,2015
5i83,5.39,2011-2019,2016
4f5y,5.43,2011-2019,2012
6s89,8.07,2011-2019,2019
4re9,4.92,2011-2019,2015
6hhg,7.76,2011-2019,2019
3qo2,6.85,2011-2019,2011
4ddy,5.62,2011-2019,2012
5nwz,9.1,2011-2019,2018
5e1o,5.43,2011-2019,2015
5jyp,7.0,2011-2019,2016
4q6f,5.6,2011-2019,2014
5cbs,5.41,2011-2019,2015
5t35,7.18,2011-2019,2017
4ybj,9.28,2011-2019,2016
6flg,7.52,2011-2019,2018
6o0o,7.44,2011-2019,2019
5l0c,6.15,2011-2019,2016
3vjt,5.39,2011-2019,2012
4abg,3.57,2011-2019,2012
5dlx,5.7,2011-2019,2016
3b1m,8.48,2011-2019,2011
4oth,8.05,2011-2019,2014
4djy,8.27,2011-2019,2012
6ezh,7.04,2011-2019,2018
5m55,6.62,2011-2019,2016
5ofu,4.2,2011-2019,2017
4aj4,3.89,2011-2019,2012
4q18,6.13,2011-2019,2014
3qxp,7.7,2011-2019,2012
6dgo,5.47,2011-2019,2019
4ei4,8.74,2011-2019,2012
2xu5,6.89,2011-2019,2011
6o48,7.12,2011-2019,2019
5ho8,5.96,2011-2019,2016
6cqt,9.64,2011-2019,2018
4b5w,3.33,2011-2019,2012
5mm9,6.42,2011-2019,2017
3qtv,4.65,2011-2019,2012
4k0u,7.26,2011-2019,2013
5w5k,8.3,2011-2019,2018
6duk,9.59,2011-2019,2019
5jid,3.76,2011-2019,2016
6ck3,7.35,2011-2019,2018
6etj,6.72,2011-2019,2018
3sk2,3.61,2011-2019,2011
3b1t,5.66,2011-2019,2011
5w2s,7.33,2011-2019,2018
4dvf,6.89,2011-2019,2013
3umq,4.62,2011-2019,2012
4qmq,6.59,2011-2019,2015
4ezj,8.42,2011-2019,2013
5bv3,7.17,2011-2019,2015
4bcc,8.05,2011-2019,2013
5i3y,9.4,2011-2019,2016
4l7l,6.0,2011-2019,2014
4cu8,4.47,2011-2019,2014
6plg,7.82,2011-2019,2019
3wjw,3.87,2011-2019,2013
5tpg,7.85,2011-2019,2017
4ayq,7.33,2011-2019,2013
4k8o,3.77,2011-2019,2014
4v0i,6.33,2011-2019,2015
4e35,4.62,2011-2019,2012
3u8m,8.89,2011-2019,2011
5ap6,7.88,2011-2019,2015
4djs,7.89,2011-2019,2012
5opb,7.62,2011-2019,2017
5efh,6.1,2011-2019,2016
5vil,8.82,2011-2019,2018
6f23,8.3,2011-2019,2018
3r8i,5.35,2011-2019,2012
4kqr,3.9,2011-2019,2013
4crf,9.3,2011-2019,2015
4jiz,5.62,2011-2019,2013
4l53,7.55,2011-2019,2013
4gm3,9.0,2011-2019,2013
5t3n,8.04,2011-2019,2016
4keq,3.82,2011-2019,2014
3udp,5.22,2011-2019,2012
4zz2,8.04,2011-2019,2015
6qhc,5.2,2011-2019,2019
6pvw,6.32,2011-2019,2019
5ave,5.44,2011-2019,2016
6h34,9.3,2011-2019,2018
6cbg,3.95,2011-2019,2018
3vf7,9.1,2011-2019,2012
5tx5,7.8,2011-2019,2017
4x2i,6.46,2011-2019,2015
5wxh,6.15,2011-2019,2017
5fi7,7.4,2011-2019,2016
4kc1,2.91,2011-2019,2013
2ncz,3.85,2011-2019,2016
3sut,7.85,2011-2019,2012
6gjd,7.66,2011-2019,2019
6qwi,4.29,2011-2019,2019
6b4l,6.47,2011-2019,2017
5nea,10.3,2011-2019,2017
6n5g,7.0,2011-2019,2019
6i0r,4.35,2011-2019,2019
2ydf,7.66,2011-2019,2011
6czc,4.78,2011-2019,2018
5j7s,7.3,2011-2019,2017
6htp,6.8,2011-2019,2019
5wkf,3.87,2011-2019,2017
5ar5,6.3,2011-2019,2015
4qpa,7.43,2011-2019,2015
5uiq,4.26,2011-2019,2017
4q9m,7.18,2011-2019,2014
4j0z,7.11,2011-2019,2013
4yo6,5.66,2011-2019,2015
4r5g,5.22,2011-2019,2014
5g61,6.4,2011-2019,2017
4n4s,6.88,2011-2019,2014
4ifh,5.21,2011-2019,2013
6njh,3.69,2011-2019,2019
6duf,8.14,2011-2019,2018
4mwu,8.49,2011-2019,2013
6gzm,8.26,2011-2019,2018
5alx,5.48,2011-2019,2015
5gmn,4.73,2011-2019,2017
5q15,8.05,2011-2019,2017
4n5g,5.0,2011-2019,2014
6om2,7.75,2011-2019,2019
4x0u,7.4,2011-2019,2015
5toe,5.6,2011-2019,2017
5lxb,9.77,2011-2019,2016
5ap3,7.03,2011-2019,2015
4ona,8.15,2011-2019,2014
5ai0,3.69,2011-2019,2015
4joj,3.96,2011-2019,2014
4nau,9.06,2011-2019,2014
4zj8,9.26,2011-2019,2016
3shj,7.47,2011-2019,2011
4lph,5.04,2011-2019,2014
4uof,4.84,2011-2019,2014
5qav,4.15,2011-2019,2018
5wb6,10.7,2011-2019,2017
6fer,4.36,2011-2019,2018
5id0,5.77,2011-2019,2016
5eyc,8.52,2011-2019,2016
3skg,8.1,2011-2019,2011
4llp,4.8,2011-2019,2014
5j5d,4.68,2011-2019,2016
6ee2,6.71,2011-2019,2018
3udm,4.48,2011-2019,2012
4k1b,11.52,2011-2019,2013
4glw,6.1,2011-2019,2012
6rjp,8.96,2011-2019,2019
5mrm,5.03,2011-2019,2017
4z3v,8.4,2011-2019,2015
5wa8,6.23,2011-2019,2017
4zx5,6.19,2011-2019,2016
5j59,7.3,2011-2019,2017
5fl1,8.49,2011-2019,2016
4yw7,6.89,2011-2019,2015
5j7j,5.07,2011-2019,2017
6gjl,3.86,2011-2019,2018
4dst,2.96,2011-2019,2012
4hyh,9.0,2011-2019,2013
5q0g,9.74,2011-2019,2017
3oaf,8.8,2011-2019,2011
4hej,4.62,2011-2019,2012
5fus,4.68,2011-2019,2016
6qqt,4.23,2011-2019,2019
4wt6,7.92,2011-2019,2015
4wn5,7.41,2011-2019,2015
5dg6,5.07,2011-2019,2016
4nrb,4.42,2011-2019,2013
4n3r,6.82,2011-2019,2013
4hxm,6.1,2011-2019,2013
4tz8,3.3,2011-2019,2014
4bds,7.6,2011-2019,2013
3pe2,9.76,2011-2019,2011
3r9d,4.15,2011-2019,2012
4qsv,2.0,2011-2019,2014
4nw5,7.7,2011-2019,2014
5jq9,4.65,2011-2019,2016
5e7n,6.09,2011-2019,2016
4k9g,5.82,2011-2019,2014
3pb8,5.24,2011-2019,2011
5var,4.09,2011-2019,2018
4zun,4.59,2011-2019,2015
3zpr,6.65,2011-2019,2013
4ksy,8.42,2011-2019,2013
6b3e,6.99,2011-2019,2017
5fdz,5.17,2011-2019,2016
6h9b,5.7,2011-2019,2018
5ak3,5.07,2011-2019,2015
3sl8,6.54,2011-2019,2011
6qk8,4.85,2011-2019,2019
4dt2,4.37,2011-2019,2012
6dl9,6.0,2011-2019,2018
4d08,8.0,2011-2019,2014
5f60,7.37,2011-2019,2017
5ji8,4.63,2011-2019,2016
4nh9,6.43,2011-2019,2014
3rul,6.85,2011-2019,2012
6oxv,10.7,2011-2019,2019
5ipj,8.89,2011-2019,2016
4nwc,5.76,2011-2019,2014
3uoj,7.29,2011-2019,2012
4n5d,3.22,2011-2019,2013
5qaa,3.91,2011-2019,2018
4bcm,6.91,2011-2019,2013
5ioz,4.96,2011-2019,2017
5g0q,10.0,2011-2019,2017
4m7y,5.32,2011-2019,2014
5teg,6.85,2011-2019,2016
5ulp,4.61,2011-2019,2017
4e7r,7.7,2011-2019,2012
3s78,6.47,2011-2019,2011
4gsy,6.92,2011-2019,2012
2liq,5.85,2011-2019,2012
4ge9,8.8,2011-2019,2012
3s77,7.21,2011-2019,2011
3q4b,9.33,2011-2019,2011
6oim,7.05,2011-2019,2019
3t83,6.98,2011-2019,2011
4ty1,9.26,2011-2019,2015
4ock,5.08,2011-2019,2014
4luv,2.85,2011-2019,2013
3zcw,6.19,2011-2019,2013
5t4e,5.36,2011-2019,2016
4hnf,6.15,2011-2019,2012
6ps5,8.43,2011-2019,2019
5z9e,3.48,2011-2019,2018
6a06,8.47,2011-2019,2019
5c7b,3.0,2011-2019,2015
5x13,5.21,2011-2019,2017
6kqi,8.06,2011-2019,2019
5tus,4.43,2011-2019,2017
4gzf,8.36,2011-2019,2013
6hm7,7.1,2011-2019,2018
5oyd,2.75,2011-2019,2018
4u6z,5.41,2011-2019,2015
6ajy,5.28,2011-2019,2019
5a3w,5.82,2011-2019,2015
5am5,5.74,2011-2019,2015
6i14,5.82,2011-2019,2019
6bgx,6.33,2011-2019,2018
4zup,6.77,2011-2019,2015
6n4t,8.09,2011-2019,2019
4a6v,5.72,2011-2019,2012
4cd1,4.89,2011-2019,2014
6pf3,4.55,2011-2019,2019
5v3r,5.3,2011-2019,2018
4eox,9.55,2011-2019,2012
5byz,7.38,2011-2019,2016
5t31,6.96,2011-2019,2018
5u7i,7.18,2011-2019,2017
4o6e,9.0,2011-2019,2014
6rih,3.98,2011-2019,2019
4i7p,3.5,2011-2019,2013
4iku,5.75,2011-2019,2013
5jjr,7.8,2011-2019,2016
5ovh,6.55,2011-2019,2019
4mse,6.16,2011-2019,2014
5to8,8.51,2011-2019,2016
4l7d,6.12,2011-2019,2014
3t7g,5.2,2011-2019,2011
6a1c,8.15,2011-2019,2019
6eru,4.53,2011-2019,2018
4iva,7.16,2011-2019,2013
5jeo,4.8,2011-2019,2016
5q0z,5.85,2011-2019,2017
6i68,4.89,2011-2019,2019
4w52,3.76,2011-2019,2015
5iq6,5.26,2011-2019,2016
5emb,5.2,2011-2019,2016
6ilz,6.47,2011-2019,2019
4ab8,3.87,2011-2019,2012
3tsd,3.66,2011-2019,2011
4ovf,4.13,2011-2019,2014
4fny,7.8,2011-2019,2012
3suv,4.55,2011-2019,2012
2yjw,5.12,2011-2019,2011
5hjb,5.68,2011-2019,2016
6i97,8.18,2011-2019,2019
4mre,2.19,2011-2019,2014
6knh,3.55,2011-2019,2019
4msk,7.2,2011-2019,2013
6cus,4.89,2011-2019,2018
6k4r,5.84,2011-2019,2019
3wab,7.47,2011-2019,2013
4bdh,4.11,2011-2019,2013
5ix1,6.31,2011-2019,2016
3rwh,7.4,2011-2019,2012
4az5,5.99,2011-2019,2013
6faa,6.75,2011-2019,2018
3zcz,6.77,2011-2019,2013
2llq,5.82,2011-2019,2012
6oco,6.32,2011-2019,2019
4qls,7.44,2011-2019,2014
6dgr,4.91,2011-2019,2019
3tb6,5.08,2011-2019,2012
4l0l,7.27,2011-2019,2013
4umq,5.38,2011-2019,2014
5g46,2.6,2011-2019,2016
5aad,6.67,2011-2019,2015
3uxl,5.57,2011-2019,2012
3rv7,4.85,2011-2019,2012
5vlp,6.08,2011-2019,2017
2y2h,4.57,2011-2019,2011
4jg7,6.92,2011-2019,2013
5lny,7.38,2011-2019,2017
5j8u,6.47,2011-2019,2017
5zk5,8.37,2011-2019,2019
6czi,6.25,2011-2019,2018
6bee,4.66,2011-2019,2018
5mn1,2.48,2011-2019,2017
5xpm,7.64,2011-2019,2018
4avt,8.06,2011-2019,2013
6ar4,6.24,2011-2019,2018
6fni,8.22,2011-2019,2018
5wl0,9.17,2011-2019,2017
5ll7,5.61,2011-2019,2018
3sl4,7.57,2011-2019,2011
5d9k,8.4,2011-2019,2015
6g9j,8.39,2011-2019,2018
3w5n,3.87,2011-2019,2013
5owa,5.46,2011-2019,2018
4emt,5.3,2011-2019,2012
4anx,7.74,2011-2019,2012
4dcy,4.52,2011-2019,2012
4aq4,6.17,2011-2019,2012
5t1t,7.24,2011-2019,2017
4ouj,2.86,2011-2019,2014
4m3d,5.41,2011-2019,2014
4mw6,5.78,2011-2019,2014
4e3h,7.05,2011-2019,2012
5i29,7.82,2011-2019,2016
5km5,6.92,2011-2019,2017
5mkx,4.7,2011-2019,2017
2lko,5.67,2011-2019,2011
4n6h,9.28,2011-2019,2013
4j22,7.74,2011-2019,2013
5o0e,4.53,2011-2019,2018
3t1m,3.04,2011-2019,2011
5csp,4.24,2011-2019,2016
5j64,6.85,2011-2019,2017
5eh0,7.74,2011-2019,2016
5igk,7.38,2011-2019,2016
5etp,6.15,2011-2019,2016
4g68,7.92,2011-2019,2012
6e2o,8.54,2011-2019,2018
3wpn,4.36,2011-2019,2015
3pjg,3.55,2011-2019,2011
5qa8,3.77,2011-2019,2018
3t3c,10.23,2011-2019,2012
6n6o,9.15,2011-2019,2019
4zx9,7.39,2011-2019,2016
3smq,5.02,2011-2019,2011
4hwr,6.74,2011-2019,2013
4i72,9.05,2011-2019,2013
3str,8.4,2011-2019,2011
4qyy,7.3,2011-2019,2014
5k09,6.0,2011-2019,2016
5aki,6.12,2011-2019,2015
3psb,8.52,2011-2019,2011
6k9u,10.05,2011-2019,2019
5n87,9.25,2011-2019,2017
5j87,8.05,2011-2019,2017
4tyt,7.7,2011-2019,2014
5nvx,7.05,2011-2019,2017
4bgg,7.82,2011-2019,2013
3v78,5.54,2011-2019,2012
6t1j,4.74,2011-2019,2019
6h3k,7.96,2011-2019,2018
3p3t,7.24,2011-2019,2011
5nw1,6.6,2011-2019,2017
3snl,9.15,2011-2019,2011
6i12,5.57,2011-2019,2019
4nrm,3.2,2011-2019,2014
4x7i,7.69,2011-2019,2014
6nwl,7.37,2011-2019,2019
6hhi,8.17,2011-2019,2019
4del,7.68,2011-2019,2013
3zm5,6.74,2011-2019,2013
5lne,4.76,2011-2019,2016
4az0,7.42,2011-2019,2012
5l6j,6.7,2011-2019,2017
3muf,6.49,2011-2019,2011
5v2p,8.29,2011-2019,2017
6ezq,4.66,2011-2019,2017
5ewz,6.34,2011-2019,2016
4j3d,8.28,2011-2019,2013
5e8f,8.64,2011-2019,2015
6hol,5.72,2011-2019,2019
4len,7.4,2011-2019,2014
4o0v,8.48,2011-2019,2014
4zki,2.92,2011-2019,2016
4acf,5.8,2011-2019,2012
6r9u,2.12,2011-2019,2019
4u03,5.77,2011-2019,2014
3veh,4.96,2011-2019,2012
5l2t,6.19,2011-2019,2016
6g8n,5.84,2011-2019,2018
4zs0,5.64,2011-2019,2016
4pnm,5.85,2011-2019,2014
6evn,4.71,2011-2019,2018
5d26,6.09,2011-2019,2016
6rz6,8.54,2011-2019,2019
6qm7,6.8,2011-2019,2019
4hge,7.92,2011-2019,2012
3qgy,7.8,2011-2019,2011
6h50,6.81,2011-2019,2019
3ztx,7.74,2011-2019,2012
3twu,5.62,2011-2019,2011
5eiw,2.05,2011-2019,2016
5z89,6.71,2011-2019,2018
4iu0,5.89,2011-2019,2013
4aa0,7.46,2011-2019,2012
5nhv,8.55,2011-2019,2017
5aux,5.0,2011-2019,2015
6bcy,4.81,2011-2019,2018
6da1,5.05,2011-2019,2019
3otx,4.53,2011-2019,2011
2y8l,5.82,2011-2019,2011
2yg2,6.05,2011-2019,2011
3twj,7.84,2011-2019,2012
5ny1,6.44,2011-2019,2018
6nzv,10.17,2011-2019,2019
4hy1,8.7,2011-2019,2013
6hzb,8.98,2011-2019,2019
6ftf,8.1,2011-2019,2019
5hx8,10.0,2011-2019,2016
3run,5.44,2011-2019,2012
4qvw,5.38,2011-2019,2015
4ibj,4.33,2011-2019,2014
5fos,5.74,2011-2019,2016
3rak,6.89,2011-2019,2012
4tk5,7.49,2011-2019,2014
5ndf,5.85,2011-2019,2017
3wuv,5.17,2011-2019,2015
6cyg,4.17,2011-2019,2019
4nms,4.94,2011-2019,2014
6ex1,7.31,2011-2019,2018
6few,5.85,2011-2019,2018
5lz4,5.7,2011-2019,2016
4jk6,7.19,2011-2019,2013
3py0,6.89,2011-2019,2011
4e1e,6.31,2011-2019,2013
4nrt,6.0,2011-2019,2014
4mvy,7.54,2011-2019,2014
4j1i,7.4,2011-2019,2013
4kip,8.15,2011-2019,2013
5un1,5.8,2011-2019,2018
4qw4,6.95,2011-2019,2015
4m5m,4.74,2011-2019,2014
5nvc,6.19,2011-2019,2018
2y4a,4.38,2011-2019,2011
4y5i,3.52,2011-2019,2016
5ajo,4.96,2011-2019,2015
4c3k,4.97,2011-2019,2014
4mw1,7.72,2011-2019,2014
5opr,5.59,2011-2019,2017
3upv,5.3,2011-2019,2012
4m8h,7.6,2011-2019,2014
5cuu,4.37,2011-2019,2016
5ehn,11.64,2011-2019,2016
3m3z,5.73,2011-2019,2011
6bik,8.19,2011-2019,2018
5iwg,6.46,2011-2019,2016
5d1t,5.77,2011-2019,2015
6f9v,6.76,2011-2019,2018
4qfl,5.11,2011-2019,2015
4rdn,5.92,2011-2019,2014
6c98,4.1,2011-2019,2018
3pxe,5.7,2011-2019,2011
3q7q,5.65,2011-2019,2011
6mny,8.82,2011-2019,2019
3ary,6.0,2011-2019,2011
4x14,2.92,2011-2019,2015
3ati,3.73,2011-2019,2011
4gw5,5.46,2011-2019,2013
5vnd,6.49,2011-2019,2017
4p4b,7.85,2011-2019,2015
3zk6,6.34,2011-2019,2013
6j0g,5.64,2011-2019,2019
4i4f,6.19,2011-2019,2013
4zwy,8.7,2011-2019,2015
4zei,5.88,2011-2019,2015
6f9r,4.97,2011-2019,2018
5f0h,4.48,2011-2019,2016
5m7u,8.1,2011-2019,2017
5ak5,7.07,2011-2019,2015
3sus,4.15,2011-2019,2012
4ogi,7.43,2011-2019,2014
4tyb,1.7,2011-2019,2015
6n3z,6.59,2011-2019,2019
3t3v,8.52,2011-2019,2012
6i8t,5.75,2011-2019,2019
5ags,7.4,2011-2019,2016
4euv,6.3,2011-2019,2012
5ueu,7.78,2011-2019,2017
4xtx,10.57,2011-2019,2015
4x6j,7.8,2011-2019,2015
6gl8,8.61,2011-2019,2018
3tpr,7.7,2011-2019,2011
3vp2,5.1,2011-2019,2012
6ciy,6.7,2011-2019,2018
4ynd,8.55,2011-2019,2015
4qjx,7.28,2011-2019,2015
4l0t,7.18,2011-2019,2013
4nw7,6.63,2011-2019,2014
5ale,5.95,2011-2019,2015
5dh3,7.42,2011-2019,2016
6e1y,7.66,2011-2019,2019
5c4u,8.72,2011-2019,2015
4lpf,3.51,2011-2019,2013
6dsp,6.09,2011-2019,2019
6a03,5.25,2011-2019,2019
5enh,3.72,2011-2019,2016
3o9e,11.3,2011-2019,2011
4qsk,5.1,2011-2019,2014
3sou,5.68,2011-2019,2011
5i4v,8.52,2011-2019,2016
6qyo,7.52,2011-2019,2019
5fbn,9.57,2011-2019,2016
6afk,6.0,2011-2019,2019
6p14,6.66,2011-2019,2019
5xqx,6.39,2011-2019,2017
5w5s,7.77,2011-2019,2017
6e7j,9.48,2011-2019,2018
4yti,7.89,2011-2019,2015
6p3p,6.84,2011-2019,2019
5w7j,6.1,2011-2019,2017
4j3u,6.34,2011-2019,2014
5zyj,7.21,2011-2019,2019
5t9z,7.19,2011-2019,2017
4ysi,5.7,2011-2019,2016
4o2c,8.0,2011-2019,2014
4dmw,4.94,2011-2019,2012
6q8a,8.01,2011-2019,2019
4mx9,8.59,2011-2019,2013
6k2n,1.36,2011-2019,2019
6u7o,10.81,2011-2019,2019
3t8v,6.59,2011-2019,2011
5tx3,8.85,2011-2019,2017
4wj7,4.89,2011-2019,2014
4r75,7.24,2011-2019,2015
4j2t,7.96,2011-2019,2013
5xup,5.25,2011-2019,2017
4agn,3.97,2011-2019,2012
5a5q,4.68,2011-2019,2015
5tw2,7.3,2011-2019,2017
4twt,8.0,2011-2019,2015
6g9b,3.24,2011-2019,2018
3m96,7.22,2011-2019,2011
4qmm,6.34,2011-2019,2015
6mlw,3.74,2011-2019,2019
6cjy,7.64,2011-2019,2018
4o2b,5.74,2011-2019,2014
5ofv,1.58,2011-2019,2017
6fby,5.03,2011-2019,2018
5oqu,3.61,2011-2019,2018
4ibf,4.43,2011-2019,2014
6max,4.87,2011-2019,2019
4x5z,7.63,2011-2019,2015
5am4,6.95,2011-2019,2015
6cho,6.78,2011-2019,2018
4pyv,6.7,2011-2019,2014
5obj,4.78,2011-2019,2017
5db3,7.92,2011-2019,2016
5hva,7.07,2011-2019,2016
5j1r,4.66,2011-2019,2017
3zzf,0.4,2011-2019,2012
3vv6,3.8,2011-2019,2012
4j17,7.27,2011-2019,2013
6nvj,8.28,2011-2019,2019
5wew,6.74,2011-2019,2018
4nnr,7.26,2011-2019,2014
4n7g,5.66,2011-2019,2014
5w14,7.34,2011-2019,2017
6dzv,6.4,2011-2019,2019
5ceq,7.38,2011-2019,2015
4mnw,5.76,2011-2019,2014
6dcz,7.17,2011-2019,2018
5wej,4.82,2011-2019,2017
5kbh,6.26,2011-2019,2016
3uwk,4.24,2011-2019,2012
5d6y,5.66,2011-2019,2016
5hcx,8.39,2011-2019,2016
4u6r,7.85,2011-2019,2014
5w8j,6.43,2011-2019,2018
4tww,4.2,2011-2019,2015
4mk2,6.14,2011-2019,2013
6cwf,7.54,2011-2019,2018
5m23,8.9,2011-2019,2017
3rlr,7.52,2011-2019,2011
3ti5,8.95,2011-2019,2011
5jmx,5.09,2011-2019,2017
5nib,7.72,2011-2019,2018
6rtw,6.43,2011-2019,2019
4ruu,7.54,2011-2019,2014
3uhm,8.44,2011-2019,2012
5i0l,7.74,2011-2019,2016
4o0x,7.17,2011-2019,2014
4umn,7.2,2011-2019,2014
6pt3,9.41,2011-2019,2019
6pi1,3.8,2011-2019,2019
4qp6,3.46,2011-2019,2015
4bi2,4.03,2011-2019,2013
4a4w,7.72,2011-2019,2012
5ti7,4.96,2011-2019,2017
4hvi,7.16,2011-2019,2013
5oh4,4.55,2011-2019,2018
6fz4,5.95,2011-2019,2019
4zt3,8.0,2011-2019,2016
4k5m,3.71,2011-2019,2013
4igk,4.55,2011-2019,2013
6rvl,5.94,2011-2019,2019
6me5,8.78,2011-2019,2019
3tpx,9.35,2011-2019,2012
5yz2,4.95,2011-2019,2018
6i8b,8.0,2011-2019,2018
4aqc,9.05,2011-2019,2012
6bfp,7.7,2011-2019,2018
5f63,7.92,2011-2019,2017
5bml,8.0,2011-2019,2015
6jap,4.8,2011-2019,2019
6eb2,6.32,2011-2019,2019
6nrh,7.26,2011-2019,2019
4jvq,6.2,2011-2019,2014
6dub,4.74,2011-2019,2018
5eak,9.3,2011-2019,2016
4kv9,3.84,2011-2019,2014
4aph,5.4,2011-2019,2012
4jg1,6.63,2011-2019,2013
3u8n,10.17,2011-2019,2011
5ujv,3.6,2011-2019,2017
3zya,7.0,2011-2019,2011
3st6,3.62,2011-2019,2012
4q0a,6.48,2011-2019,2014
5dwr,11.22,2011-2019,2015
6cyh,3.15,2011-2019,2019
4ju3,7.07,2011-2019,2013
6d56,8.05,2011-2019,2018
4ryg,8.1,2011-2019,2015
5na0,9.77,2011-2019,2017
5ct2,2.92,2011-2019,2015
3nuu,3.77,2011-2019,2011
4r6t,7.52,2011-2019,2014
6st3,7.03,2011-2019,2019
6c7j,8.88,2011-2019,2018
6qyp,7.15,2011-2019,2019
5aba,2.98,2011-2019,2015
5oje,5.21,2011-2019,2018
5zkb,8.7,2011-2019,2018
6pgp,7.0,2011-2019,2019
3tif,5.38,2011-2019,2012
3sr4,6.54,2011-2019,2011
4ge5,6.57,2011-2019,2012
6fv4,2.92,2011-2019,2018
3as0,4.55,2011-2019,2011
4jlm,7.64,2011-2019,2014
5lyh,6.31,2011-2019,2016
6nzt,10.2,2011-2019,2019
6eij,5.77,2011-2019,2018
6hk6,6.41,2011-2019,2018
6h9x,9.74,2011-2019,2019
5yve,6.48,2011-2019,2018
4w97,7.1,2011-2019,2014
4afj,6.4,2011-2019,2012
5e2q,5.79,2011-2019,2016
5ab0,7.59,2011-2019,2015
6jay,5.7,2011-2019,2019
5cjf,9.59,2011-2019,2015
5g57,8.4,2011-2019,2017
3o7u,7.28,2011-2019,2011
4bi0,4.23,2011-2019,2013
4i6b,5.93,2011-2019,2013
5iw0,7.22,2011-2019,2016
6c3e,7.2,2011-2019,2018
5cf6,8.09,2011-2019,2015
4amw,1.55,2011-2019,2013
6cvy,8.41,2011-2019,2018
4rxz,6.74,2011-2019,2015
2xn5,6.69,2011-2019,2011
5sxk,4.7,2011-2019,2017
6afi,6.2,2011-2019,2018
5a1f,4.61,2011-2019,2015
6d1b,3.91,2011-2019,2019
4xu3,9.5,2011-2019,2015
6qre,4.85,2011-2019,2019
5upe,8.05,2011-2019,2017
4wyp,3.36,2011-2019,2015
5dpa,4.65,2011-2019,2016
5ygf,6.21,2011-2019,2018
4j06,5.34,2011-2019,2013
4ui5,6.78,2011-2019,2016
5ntq,7.47,2011-2019,2017
6fac,6.75,2011-2019,2018
4pnt,5.82,2011-2019,2014
3wke,8.89,2011-2019,2014
6eqv,6.62,2011-2019,2018
4bps,2.99,2011-2019,2013
4c1g,5.14,2011-2019,2014
4drm,5.24,2011-2019,2012
6q3q,4.45,2011-2019,2018
5ops,5.06,2011-2019,2017
5uwi,5.8,2011-2019,2017
4m5k,5.23,2011-2019,2014
5c0k,2.92,2011-2019,2015
4ris,6.05,2011-2019,2015
4an1,10.26,2011-2019,2012
4bhf,3.46,2011-2019,2014
3zv7,5.92,2011-2019,2012
4ded,7.42,2011-2019,2012
5jop,9.41,2011-2019,2017
3t0d,2.37,2011-2019,2012
6ftp,5.82,2011-2019,2018
4b2i,3.0,2011-2019,2013
6gzl,5.14,2011-2019,2018
6c7x,7.19,2011-2019,2018
4qqc,7.34,2011-2019,2014
2xrw,5.15,2011-2019,2011
5khg,4.69,2011-2019,2016
3vrv,10.54,2011-2019,2012
4b0c,2.07,2011-2019,2012
6aro,5.15,2011-2019,2018
6ajz,4.34,2011-2019,2019
6i5n,5.85,2011-2019,2019
6pyu,8.0,2011-2019,2019
5l15,9.57,2011-2019,2017
4hki,6.85,2011-2019,2012
5mwa,6.82,2011-2019,2018
5jnc,5.48,2011-2019,2017
5als,7.72,2011-2019,2015
4wi1,5.3,2011-2019,2016
6duh,7.42,2011-2019,2018
3zdh,7.35,2011-2019,2013
5ldm,3.86,2011-2019,2017
4jik,7.74,2011-2019,2013
6ios,4.1,2011-2019,2019
5dgw,11.05,2011-2019,2015
4riv,7.0,2011-2019,2015
5ia5,7.6,2011-2019,2016
3qqk,4.82,2011-2019,2012
6ooz,8.05,2011-2019,2019
6cje,7.22,2011-2019,2018
4ncm,7.0,2011-2019,2014
4lar,4.68,2011-2019,2013
2y6s,6.99,2011-2019,2012
6i10,4.53,2011-2019,2019
6n3o,8.62,2011-2019,2019
4utv,5.09,2011-2019,2014
4oon,7.52,2011-2019,2014
6fdq,3.95,2011-2019,2018
6hgy,8.52,2011-2019,2019
6s4n,6.79,2011-2019,2019
3wf5,7.09,2011-2019,2014
4b3b,3.6,2011-2019,2013
5t1i,3.92,2011-2019,2016
5nkn,9.92,2011-2019,2018
6pm9,8.1,2011-2019,2019
3udn,5.15,2011-2019,2012
6eqs,6.43,2011-2019,2017
4clz,4.37,2011-2019,2014
5vb9,5.89,2011-2019,2018
5jer,3.7,2011-2019,2016
4cft,4.95,2011-2019,2014
4cp7,8.11,2011-2019,2014
5el9,7.64,2011-2019,2016
6bkx,6.39,2011-2019,2018
4gq4,7.66,2011-2019,2012
5xms,8.14,2011-2019,2017
4eej,7.15,2011-2019,2012
5xpn,6.99,2011-2019,2018
5ld8,8.05,2011-2019,2016
4ybs,7.24,2011-2019,2015
5jf1,7.19,2011-2019,2016
6n3k,7.54,2011-2019,2019
5jrq,6.77,2011-2019,2016
6ccu,4.45,2011-2019,2018
5u0y,6.08,2011-2019,2017
5bue,8.52,2011-2019,2015
4g8m,7.89,2011-2019,2012
3pb7,5.74,2011-2019,2011
6j7e,5.04,2011-2019,2019
6g93,7.96,2011-2019,2018
4h1e,8.52,2011-2019,2012
6e86,5.09,2011-2019,2018
4mz5,6.1,2011-2019,2013
6b4w,8.3,2011-2019,2017
3qrj,8.4,2011-2019,2011
4z07,7.99,2011-2019,2016
4iuu,5.65,2011-2019,2013
4za0,7.21,2011-2019,2016
3ay9,8.34,2011-2019,2011
4jkt,7.09,2011-2019,2013
3s73,8.7,2011-2019,2011
6a87,3.15,2011-2019,2019
4w5j,7.24,2011-2019,2014
5ou3,6.21,2011-2019,2018
4g8n,7.2,2011-2019,2012
4mg5,5.34,2011-2019,2014
4jff,9.22,2011-2019,2013
6qg4,8.07,2011-2019,2019
5abh,8.77,2011-2019,2015
4a7c,8.22,2011-2019,2012
6f8t,5.15,2011-2019,2018
5wag,5.21,2011-2019,2017
3t3e,5.99,2011-2019,2012
6hhj,7.97,2011-2019,2019
4c4i,7.66,2011-2019,2013
3sfg,6.06,2011-2019,2012
4few,5.21,2011-2019,2012
4kmz,8.57,2011-2019,2013
5h5q,5.74,2011-2019,2016
5wbo,4.21,2011-2019,2017
4pgh,4.89,2011-2019,2014
5mjn,8.54,2011-2019,2017
5mqx,5.41,2011-2019,2018
5f2u,8.43,2011-2019,2016
5ta6,8.82,2011-2019,2017
3lzb,7.2,2011-2019,2011
4k6u,4.14,2011-2019,2014
4hzm,4.63,2011-2019,2013
5uit,8.34,2011-2019,2017
6bny,6.4,2011-2019,2018
5fov,2.8,2011-2019,2016
6qqq,5.17,2011-2019,2019
5dxu,8.4,2011-2019,2016
4p0n,8.66,2011-2019,2014
4tt2,4.66,2011-2019,2014
2y77,6.6,2011-2019,2011
4nxo,7.22,2011-2019,2015
3qdd,8.77,2011-2019,2012
5efj,6.46,2011-2019,2016
4ivt,6.0,2011-2019,2013
4l09,6.07,2011-2019,2013
4h3j,7.05,2011-2019,2012
6i62,6.8,2011-2019,2019
4amz,9.82,2011-2019,2012
6mdu,4.25,2011-2019,2019
4l4z,5.68,2011-2019,2013
2yq6,7.35,2011-2019,2012
4a4q,9.4,2011-2019,2012
5vio,8.62,2011-2019,2018
6oie,6.15,2011-2019,2019
6htn,6.07,2011-2019,2019
5y3o,6.86,2011-2019,2017
2n0w,6.15,2011-2019,2016
4r4o,5.82,2011-2019,2014
6cfd,7.86,2011-2019,2018
3rwg,8.55,2011-2019,2012
4ara,6.05,2011-2019,2012
5mxv,4.92,2011-2019,2017
6cd8,4.71,2011-2019,2018
3t82,7.0,2011-2019,2011
4ual,8.4,2011-2019,2014
5n84,7.96,2011-2019,2017
5l6p,7.26,2011-2019,2016
6dh1,10.58,2011-2019,2018
6cj1,5.27,2011-2019,2018
4l1u,5.26,2011-2019,2013
4uyn,8.4,2011-2019,2014
5ael,7.41,2011-2019,2015
5ngr,4.62,2011-2019,2017
5uis,6.84,2011-2019,2017
3atu,8.3,2011-2019,2011
5yl2,4.5,2011-2019,2018
5yg4,7.37,2011-2019,2018
4ufg,8.15,2011-2019,2016
4x3t,4.54,2011-2019,2015
3tjd,9.0,2011-2019,2011
4qmp,7.85,2011-2019,2015
6axk,6.52,2011-2019,2017
6hqy,6.44,2011-2019,2018
5k4i,8.51,2011-2019,2016
5oh1,4.41,2011-2019,2018
5n16,5.3,2011-2019,2017
4cjr,3.1,2011-2019,2014
3s8x,7.3,2011-2019,2012
5kgx,4.8,2011-2019,2016
4omj,5.26,2011-2019,2015
5eob,9.62,2011-2019,2016
6o0p,9.96,2011-2019,2019
4p6w,9.15,2011-2019,2014
4dpu,7.3,2011-2019,2012
4crl,9.71,2011-2019,2015
3t6b,6.36,2011-2019,2012
6h1i,7.36,2011-2019,2018
6f90,6.0,2011-2019,2018
5zqo,7.71,2011-2019,2019
3tt4,8.28,2011-2019,2012
5mrp,5.52,2011-2019,2017
4kwg,6.0,2011-2019,2014
5ggp,3.3,2011-2019,2016
5zbz,4.95,2011-2019,2019
3rqe,4.77,2011-2019,2011
6ekd,6.44,2011-2019,2018
5d2r,5.82,2011-2019,2016
3u1y,8.67,2011-2019,2012
5tiu,8.3,2011-2019,2017
5bmm,8.4,2011-2019,2016
4zsh,7.05,2011-2019,2016
4g31,9.4,2011-2019,2012
5hn7,3.92,2011-2019,2016
6mtv,5.11,2011-2019,2019
5bs0,7.12,2011-2019,2016
4aoc,4.27,2011-2019,2012
6j72,6.13,2011-2019,2019
6hkm,6.57,2011-2019,2019
6mrg,7.55,2011-2019,2018
6b1c,6.95,2011-2019,2018
5u4g,6.1,2011-2019,2017
6qyk,5.55,2011-2019,2019
6au2,2.3,2011-2019,2017
4rj5,7.18,2011-2019,2014
4y3b,4.87,2011-2019,2015
5drq,10.92,2011-2019,2016
6e5l,7.18,2011-2019,2019
5al3,4.96,2011-2019,2015
4k5n,3.9,2011-2019,2013
5nki,7.72,2011-2019,2017
6g2e,5.01,2011-2019,2019
4je7,6.4,2011-2019,2014
6qcg,5.14,2011-2019,2019
4w9q,6.85,2011-2019,2014
4obv,0.75,2011-2019,2014
3sv7,6.08,2011-2019,2012
4a23,5.89,2011-2019,2011
5jga,8.64,2011-2019,2016
4x1n,6.42,2011-2019,2015
4h1j,5.92,2011-2019,2012
5dlv,4.98,2011-2019,2016
6ets,5.64,2011-2019,2019
4kox,4.77,2011-2019,2013
5q0n,8.06,2011-2019,2017
3wmb,5.37,2011-2019,2014
4q99,6.28,2011-2019,2015
6mu1,8.1,2011-2019,2018
6ays,9.19,2011-2019,2018
6n78,9.68,2011-2019,2019
2y80,8.05,2011-2019,2011
6iby,7.82,2011-2019,2019
3zmv,4.26,2011-2019,2013
5ety,7.51,2011-2019,2016
5ltn,5.27,2011-2019,2017
6ffs,7.2,2011-2019,2018
5kzp,7.15,2011-2019,2017
4azf,6.35,2011-2019,2012
6ajj,6.8,2011-2019,2018
5l4m,5.34,2011-2019,2016
3mg6,7.89,2011-2019,2011
5tyr,9.59,2011-2019,2017
6gge,5.77,2011-2019,2019
6b2c,7.03,2011-2019,2018
3zos,8.89,2011-2019,2013
6jax,4.42,2011-2019,2019
5tuo,6.49,2011-2019,2017
4krs,6.52,2011-2019,2013
6hjj,5.77,2011-2019,2018
4p0w,5.96,2011-2019,2014
5f3g,6.9,2011-2019,2016
5l6h,6.62,2011-2019,2017
4udb,9.15,2011-2019,2015
3o9b,12.3,2011-2019,2011
4ci1,6.6,2011-2019,2014
6bgv,6.74,2011-2019,2018
4q4s,6.95,2011-2019,2014
4kn2,7.27,2011-2019,2013
2ylp,4.3,2011-2019,2011
3oys,8.05,2011-2019,2011
6i5g,4.89,2011-2019,2019
5a09,8.46,2011-2019,2015
4zlz,7.0,2011-2019,2015
4c5d,5.4,2011-2019,2014
6htd,8.0,2011-2019,2019
4mib,9.7,2011-2019,2014
6pys,7.15,2011-2019,2019
2yix,8.48,2011-2019,2011
6dh8,9.84,2011-2019,2018
5uoo,8.85,2011-2019,2017
3tz2,5.24,2011-2019,2012
6gji,3.87,2011-2019,2018
6n8y,5.38,2011-2019,2019
6mla,4.38,2011-2019,2019
4h3b,5.17,2011-2019,2012
5mkr,4.77,2011-2019,2017
6udx,8.0,2011-2019,2019
3rvg,8.3,2011-2019,2012
4jin,5.64,2011-2019,2013
5q0u,6.76,2011-2019,2017
4cr9,4.1,2011-2019,2015
3v3b,7.26,2011-2019,2012
4k7n,3.48,2011-2019,2014
4llk,3.0,2011-2019,2014
4nah,6.31,2011-2019,2014
4acg,9.66,2011-2019,2012
5qb0,3.8,2011-2019,2018
4ngh,7.52,2011-2019,2014
4tte,3.69,2011-2019,2014
4yk5,7.64,2011-2019,2015
4yt6,7.96,2011-2019,2015
5a7j,5.2,2011-2019,2016
5w0e,9.03,2011-2019,2018
5z95,6.55,2011-2019,2018
5d6f,4.37,2011-2019,2016
4tk4,5.1,2011-2019,2014
4lj8,5.82,2011-2019,2014
4cik,6.43,2011-2019,2014
6om4,5.45,2011-2019,2019
6f3b,6.56,2011-2019,2018
6iiw,5.66,2011-2019,2019
4mha,8.28,2011-2019,2014
4l4l,8.3,2011-2019,2014
5vsf,7.03,2011-2019,2017
5vjp,4.83,2011-2019,2017
3sgt,3.82,2011-2019,2012
4z2o,4.51,2011-2019,2015
6nzq,9.52,2011-2019,2019
6o3x,6.25,2011-2019,2019
4fhi,7.0,2011-2019,2012
3t0t,7.04,2011-2019,2012
5ha9,5.78,2011-2019,2016
6fzp,6.42,2011-2019,2019
6f5w,3.83,2011-2019,2018
4crb,7.57,2011-2019,2015
5khj,3.74,2011-2019,2016
3zzh,3.36,2011-2019,2012
6ghj,2.16,2011-2019,2018
4hy9,7.1,2011-2019,2013
3b0w,5.7,2011-2019,2011
5xpl,7.7,2011-2019,2018
6au9,5.96,2011-2019,2018
6e83,4.54,2011-2019,2018
6mia,2.6,2011-2019,2019
4b80,4.4,2011-2019,2013
6g27,3.14,2011-2019,2019
5fng,2.96,2011-2019,2016
6op0,7.86,2011-2019,2019
4qp1,3.61,2011-2019,2015
4q90,2.15,2011-2019,2015
4ncn,5.67,2011-2019,2014
4dk5,8.4,2011-2019,2012
5k1f,4.79,2011-2019,2017
5vk0,9.74,2011-2019,2018
3r01,5.24,2011-2019,2011
4loy,8.09,2011-2019,2014
2yiq,7.9,2011-2019,2011
4d1b,4.44,2011-2019,2014
5jf6,7.21,2011-2019,2016
4li8,8.12,2011-2019,2013
6idz,6.51,2011-2019,2019
4i2z,4.87,2011-2019,2013
6q9t,7.52,2011-2019,2019
3u9c,5.89,2011-2019,2012
4bw1,5.9,2011-2019,2013
5xij,7.3,2011-2019,2018
4fil,7.47,2011-2019,2013
5ijp,7.15,2011-2019,2016
2y2j,4.8,2011-2019,2011
5i12,5.92,2011-2019,2016
5fjw,5.4,2011-2019,2015
5gof,4.05,2011-2019,2017
3rt4,8.8,2011-2019,2011
5mng,4.68,2011-2019,2018
5j9f,7.23,2011-2019,2016
4bt3,3.12,2011-2019,2013
4kxm,5.59,2011-2019,2014
4f6x,5.09,2011-2019,2012
3p9j,7.51,2011-2019,2011
5j5r,6.89,2011-2019,2016
4dff,7.46,2011-2019,2012
5tgc,6.7,2011-2019,2017
4eg7,7.34,2011-2019,2012
3vnt,8.66,2011-2019,2012
4alx,7.28,2011-2019,2012
3qw8,5.1,2011-2019,2012
6g25,3.52,2011-2019,2019
6g7f,5.0,2011-2019,2018
2yjx,5.12,2011-2019,2011
4wyy,6.0,2011-2019,2015
5twl,7.98,2011-2019,2017
3wf7,6.69,2011-2019,2014
3tdu,5.67,2011-2019,2011
5nbw,8.59,2011-2019,2017
5wcl,4.52,2011-2019,2017
4b71,5.89,2011-2019,2012
5a0a,7.7,2011-2019,2015
4ln7,7.39,2011-2019,2013
4ih6,4.74,2011-2019,2013
4xy8,6.4,2011-2019,2015
5aol,2.32,2011-2019,2015
5m0d,6.09,2011-2019,2017
6pvz,3.47,2011-2019,2019
4a6b,8.38,2011-2019,2012
4xy2,8.1,2011-2019,2015
5jox,4.46,2011-2019,2016
3zls,4.4,2011-2019,2013
6hy2,7.3,2011-2019,2019
2yki,9.46,2011-2019,2011
3uph,7.82,2011-2019,2012
5wxo,3.68,2011-2019,2018
6g2m,7.82,2011-2019,2018
5lz8,6.01,2011-2019,2016
5ovg,6.4,2011-2019,2019
5l0h,5.64,2011-2019,2016
6gdy,5.46,2011-2019,2019
3u6i,9.0,2011-2019,2012
5ywx,9.85,2011-2019,2018
6v1c,4.19,2011-2019,2019
3wk5,4.82,2011-2019,2014
4pni,6.09,2011-2019,2014
4j51,6.59,2011-2019,2013
4a9s,7.21,2011-2019,2012
3sow,5.14,2011-2019,2011
3wtk,6.53,2011-2019,2015
6ak6,5.56,2011-2019,2019
6mzw,8.41,2011-2019,2019
6p12,5.95,2011-2019,2019
5i0b,5.06,2011-2019,2016
5ka7,4.35,2011-2019,2017
5wxp,3.35,2011-2019,2018
5wgd,7.11,2011-2019,2018
5z1d,8.3,2011-2019,2019
4ucv,2.88,2011-2019,2015
6k05,6.56,2011-2019,2019
2xiz,3.89,2011-2019,2011
6ocz,8.52,2011-2019,2019
5wa7,6.4,2011-2019,2018
5lsy,6.54,2011-2019,2016
6djj,4.1,2011-2019,2019
4x7h,7.38,2011-2019,2015
4res,7.85,2011-2019,2015
5vsb,5.12,2011-2019,2017
4e3o,6.51,2011-2019,2012
4jh0,9.03,2011-2019,2013
3sh1,7.39,2011-2019,2011
4wpn,6.68,2011-2019,2015
5kr0,9.15,2011-2019,2016
4kqq,3.9,2011-2019,2013
5v2l,3.54,2011-2019,2017
3tcp,8.37,2011-2019,2012
3t70,6.3,2011-2019,2012
2xys,7.42,2011-2019,2011
4mn3,5.75,2011-2019,2014
3qxv,8.4,2011-2019,2011
4d1y,7.13,2011-2019,2014
6qfu,7.46,2011-2019,2019
4q1d,7.78,2011-2019,2015
3vbv,5.0,2011-2019,2012
6e4v,6.29,2011-2019,2019
5fi6,7.52,2011-2019,2016
6qe0,4.6,2011-2019,2019
5mra,8.0,2011-2019,2017
3qmk,6.1,2011-2019,2011
6oio,6.54,2011-2019,2019
4qws,6.5,2011-2019,2015
5ctc,6.35,2011-2019,2015
4dt6,7.23,2011-2019,2012
4zyu,5.97,2011-2019,2016
4kcg,8.3,2011-2019,2014
5epl,7.03,2011-2019,2015
3mxy,6.41,2011-2019,2011
5i13,5.08,2011-2019,2016
4kzl,6.15,2011-2019,2013
4x3s,5.89,2011-2019,2015
6qs1,5.61,2011-2019,2019
3uza,8.94,2011-2019,2012
3wk4,5.13,2011-2019,2014
4zjr,7.54,2011-2019,2015
3p79,5.64,2011-2019,2011
5jbi,6.92,2011-2019,2016
5o9h,6.62,2011-2019,2018
4guj,3.05,2011-2019,2012
3veu,7.26,2011-2019,2012
5enm,7.15,2011-2019,2016
6das,8.31,2011-2019,2018
5f01,6.38,2011-2019,2016
4auy,7.74,2011-2019,2012
3qu0,7.7,2011-2019,2012
6j3o,5.62,2011-2019,2019
6md4,6.16,2011-2019,2019
5edr,7.46,2011-2019,2015
4jyv,7.77,2011-2019,2013
6bau,4.51,2011-2019,2018
6eox,6.85,2011-2019,2018
6e7t,6.89,2011-2019,2019
6p3v,7.02,2011-2019,2019
5g2g,6.05,2011-2019,2016
4jit,6.64,2011-2019,2014
4h71,4.45,2011-2019,2012
6h29,5.62,2011-2019,2018
5h5o,6.56,2011-2019,2017
4nyi,3.06,2011-2019,2014
4ju7,6.17,2011-2019,2013
5ekn,5.72,2011-2019,2016
5kit,7.89,2011-2019,2016
5hgc,8.66,2011-2019,2016
5iu2,7.8,2011-2019,2016
6bbs,9.89,2011-2019,2018
4z7h,6.66,2011-2019,2015
5anu,9.4,2011-2019,2016
4hva,5.89,2011-2019,2013
5lgs,7.06,2011-2019,2017
4egh,3.26,2011-2019,2012
5d0r,6.37,2011-2019,2016
6h78,7.33,2011-2019,2018
3th8,6.25,2011-2019,2012
5w7i,4.95,2011-2019,2017
5dtq,3.86,2011-2019,2016
3uvp,7.46,2011-2019,2012
5i3x,8.1,2011-2019,2016
6qft,7.46,2011-2019,2019
6hwz,5.17,2011-2019,2018
5l8a,4.91,2011-2019,2017
4dds,5.01,2011-2019,2012
6d1i,4.09,2011-2019,2019
4uwf,8.15,2011-2019,2014
5ai6,4.4,2011-2019,2015
6ffn,8.22,2011-2019,2018
4zw6,5.72,2011-2019,2016
5h1u,3.51,2011-2019,2017
6j06,6.59,2011-2019,2019
4ayr,7.0,2011-2019,2013
4cpr,7.46,2011-2019,2014
2ll6,10.0,2011-2019,2012
4qtl,6.92,2011-2019,2015
4b7z,4.31,2011-2019,2013
5wtt,6.6,2011-2019,2017
6ggn,10.1,2011-2019,2018
4rrn,7.32,2011-2019,2014
2xu3,6.8,2011-2019,2011
4zs9,4.57,2011-2019,2016
6hop,5.62,2011-2019,2019
6bh2,5.62,2011-2019,2018
3t4n,4.14,2011-2019,2011
4e3f,2.52,2011-2019,2012
4ca5,9.39,2011-2019,2013
4s3f,6.24,2011-2019,2015
6mhm,7.54,2011-2019,2019
2yac,8.7,2011-2019,2011
4mx5,4.55,2011-2019,2014
6g38,6.62,2011-2019,2018
5ut4,4.38,2011-2019,2017
4uvb,5.49,2011-2019,2014
5m29,7.4,2011-2019,2017
4bdi,3.64,2011-2019,2013
3spf,3.86,2011-2019,2012
4ww8,10.17,2011-2019,2015
6ql2,7.77,2011-2019,2019
5q0y,5.73,2011-2019,2017
4wp7,6.1,2011-2019,2015
6c0n,8.37,2011-2019,2018
5ost,4.56,2011-2019,2018
3asl,5.76,2011-2019,2012
3sm2,9.7,2011-2019,2011
5m34,6.82,2011-2019,2017
3sfi,6.4,2011-2019,2011
4bj8,8.29,2011-2019,2013
5amg,8.22,2011-2019,2015
5o0b,4.18,2011-2019,2017
3sd5,6.58,2011-2019,2012
4azi,7.45,2011-2019,2013
4m4q,7.96,2011-2019,2013
6dji,2.51,2011-2019,2019
5sz7,9.7,2011-2019,2016
5wyq,4.84,2011-2019,2017
6cjh,5.42,2011-2019,2018
3pm1,5.93,2011-2019,2011
5wdl,6.17,2011-2019,2018
5jnn,5.35,2011-2019,2016
5jim,3.99,2011-2019,2016
4rrs,6.68,2011-2019,2014
5mgk,4.0,2011-2019,2017
5w4s,4.03,2011-2019,2018
6q6o,7.54,2011-2019,2019
6np3,6.47,2011-2019,2019
6ar2,6.41,2011-2019,2018
4dr9,8.0,2011-2019,2013
4hmh,6.21,2011-2019,2012
6dpx,5.89,2011-2019,2018
5tp0,5.44,2011-2019,2017
4ebv,5.38,2011-2019,2012
6d4w,5.25,2011-2019,2019
3rxi,3.06,2011-2019,2011
4clp,1.27,2011-2019,2014
5o0s,4.24,2011-2019,2017
3vqs,7.75,2011-2019,2012
4v1f,7.7,2011-2019,2015
6mxd,5.23,2011-2019,2019
6b5r,8.77,2011-2019,2018
4de5,3.15,2011-2019,2013
4fm8,5.97,2011-2019,2012
4giu,5.33,2011-2019,2013
5xjm,9.37,2011-2019,2018
5dfp,7.66,2011-2019,2016
6miy,7.73,2011-2019,2019
3w2o,5.08,2011-2019,2013
4deg,8.22,2011-2019,2012
3sww,8.4,2011-2019,2011
3zev,8.64,2011-2019,2014
2y5h,5.79,2011-2019,2011
5wqa,7.96,2011-2019,2017
3njq,4.89,2011-2019,2011
4xkc,5.87,2011-2019,2015
3vhc,8.89,2011-2019,2012
3vs3,9.37,2011-2019,2013
5dxe,6.41,2011-2019,2016
5gg4,5.82,2011-2019,2017
4elb,8.3,2011-2019,2013
6bir,7.52,2011-2019,2018
5joh,5.96,2011-2019,2016
4b4n,3.44,2011-2019,2012
3rz7,8.96,2011-2019,2011
5ff6,5.02,2011-2019,2016
5vm0,8.8,2011-2019,2018
5mes,6.47,2011-2019,2017
4fck,1.26,2011-2019,2012
6oa3,6.4,2011-2019,2019
4owv,4.35,2011-2019,2014
4pmm,7.57,2011-2019,2014
6h7m,7.8,2011-2019,2018
6s1s,5.84,2011-2019,2019
4qew,7.07,2011-2019,2014
5ko1,6.64,2011-2019,2016
3s56,9.62,2011-2019,2012
5cgv,6.47,2011-2019,2016
5l2y,9.85,2011-2019,2016
5uir,7.14,2011-2019,2017
5l26,5.35,2011-2019,2017
6clv,4.88,2011-2019,2018
6dgz,11.3,2011-2019,2018
2xj2,7.18,2011-2019,2011
6ap8,5.1,2011-2019,2018
5ehr,7.14,2011-2019,2016
5lrq,5.8,2011-2019,2017
4k3k,2.35,2011-2019,2013
4e3n,10.3,2011-2019,2012
5nba,7.3,2011-2019,2017
4xg6,8.01,2011-2019,2015
4nk9,8.51,2011-2019,2013
4p1r,8.39,2011-2019,2014
5d75,6.7,2011-2019,2016
4ahr,2.19,2011-2019,2012
4q4p,6.39,2011-2019,2014
3v2n,6.1,2011-2019,2013
6ewk,3.77,2011-2019,2018
2n1g,5.64,2011-2019,2016
5go2,3.22,2011-2019,2017
3wz8,5.82,2011-2019,2015
6h4x,6.88,2011-2019,2019
4bo7,7.0,2011-2019,2013
2y55,3.87,2011-2019,2011
4mc1,7.85,2011-2019,2014
4jyc,6.7,2011-2019,2013
4cj4,3.36,2011-2019,2014
5fow,4.03,2011-2019,2016
4ayy,8.17,2011-2019,2012
5kls,6.71,2011-2019,2016
4j3i,5.74,2011-2019,2014
5ws3,8.96,2011-2019,2017
4qvn,5.1,2011-2019,2015
5l7h,7.3,2011-2019,2016
4u7v,5.49,2011-2019,2015
5mte,6.78,2011-2019,2017
3mt9,4.59,2011-2019,2011
2xxt,8.05,2011-2019,2011
6hu1,6.72,2011-2019,2018
4kcx,4.43,2011-2019,2013
4re4,6.87,2011-2019,2015
4k43,6.88,2011-2019,2014
5ghv,7.92,2011-2019,2016
5a46,7.66,2011-2019,2015
6f22,8.7,2011-2019,2018
6ew7,5.54,2011-2019,2018
4urn,4.46,2011-2019,2014
6qhr,7.72,2011-2019,2019
4oys,8.82,2011-2019,2014
5jf7,6.04,2011-2019,2016
4qgg,9.0,2011-2019,2014
6qr3,6.44,2011-2019,2019
5am0,5.88,2011-2019,2015
4jbo,7.62,2011-2019,2013
5i3v,7.8,2011-2019,2016
4myq,7.49,2011-2019,2014
6eeb,5.3,2011-2019,2019
4kfq,8.23,2011-2019,2013
5f9e,9.34,2011-2019,2016
4c6x,3.76,2011-2019,2013
4ybk,7.82,2011-2019,2016
4yrd,4.57,2011-2019,2015
2y6d,7.1,2011-2019,2011
4cra,7.22,2011-2019,2015
2ykc,6.11,2011-2019,2011
3u8l,8.05,2011-2019,2011
5fv7,6.74,2011-2019,2016
6m7i,3.41,2011-2019,2019
5ia3,7.34,2011-2019,2016
6huq,7.14,2011-2019,2019
4abh,4.15,2011-2019,2012
5bqs,5.64,2011-2019,2016
5dpw,5.37,2011-2019,2016
5dw2,5.84,2011-2019,2016
4bw4,6.2,2011-2019,2013
5w86,8.7,2011-2019,2017
2n8t,3.37,2011-2019,2016
5fl4,7.0,2011-2019,2015
4gr0,9.55,2011-2019,2013
5i4o,7.28,2011-2019,2016
4myd,4.55,2011-2019,2014
6iiu,7.96,2011-2019,2018
5wj6,7.57,2011-2019,2018
3arv,5.64,2011-2019,2011
2y4k,5.46,2011-2019,2011
4knm,8.0,2011-2019,2013
5zde,5.75,2011-2019,2019
4l51,3.0,2011-2019,2013
6eux,5.92,2011-2019,2017
5tnt,8.31,2011-2019,2017
5gn9,7.05,2011-2019,2017
6iiv,6.85,2011-2019,2018
3n7a,3.7,2011-2019,2011
4daw,7.08,2011-2019,2012
5up0,6.34,2011-2019,2017
4oq3,8.1,2011-2019,2014
4u0c,4.31,2011-2019,2014
2xyr,6.13,2011-2019,2011
4xoe,5.0,2011-2019,2016
5v49,7.3,2011-2019,2017
5ha1,7.19,2011-2019,2016
4ha5,7.24,2011-2019,2012
6qtm,5.25,2011-2019,2019
2yhw,5.6,2011-2019,2012
6ds0,8.66,2011-2019,2018
4rvt,5.72,2011-2019,2015
5hyq,6.82,2011-2019,2016
6omu,8.7,2011-2019,2019
3p8n,9.28,2011-2019,2011
4zfi,6.3,2011-2019,2016
5f39,5.1,2011-2019,2016
5nxv,8.46,2011-2019,2018
6cwi,7.54,2011-2019,2018
6fne,5.52,2011-2019,2019
4r5y,7.64,2011-2019,2016
4f64,7.2,2011-2019,2012
5zgg,5.0,2011-2019,2019
3pp0,7.96,2011-2019,2011
4yho,10.74,2011-2019,2016
4yb6,5.32,2011-2019,2016
6n3e,4.72,2011-2019,2019
6p3u,7.02,2011-2019,2019
6c0s,7.05,2011-2019,2018
4yzm,5.27,2011-2019,2015
5k03,4.74,2011-2019,2016
4gs6,7.15,2011-2019,2013
6mck,7.92,2011-2019,2019
5drr,11.46,2011-2019,2016
4gmc,7.74,2011-2019,2013
5urj,5.28,2011-2019,2017
4jq8,8.1,2011-2019,2013
5yhg,6.02,2011-2019,2018
5v19,3.3,2011-2019,2017
6bqa,5.85,2011-2019,2018
4bs5,8.22,2011-2019,2013
6b8j,8.3,2011-2019,2017
4loi,6.77,2011-2019,2013
4dce,6.76,2011-2019,2012
4yh4,4.59,2011-2019,2016
3ohf,7.03,2011-2019,2011
5etk,5.82,2011-2019,2016
4ibi,4.14,2011-2019,2014
4igt,7.89,2011-2019,2013
6mlo,6.1,2011-2019,2019
4fpk,4.24,2011-2019,2012
4yfi,6.3,2011-2019,2015
3u3f,5.1,2011-2019,2012
5zk8,8.89,2011-2019,2018
6nvg,8.07,2011-2019,2019
6qs5,6.24,2011-2019,2019
6fn9,3.55,2011-2019,2018
5elz,6.34,2011-2019,2016
6f3f,4.52,2011-2019,2017
3vry,8.11,2011-2019,2013
6dvn,7.85,2011-2019,2018
5ey9,5.41,2011-2019,2015
4kbk,8.18,2011-2019,2013
5jzs,3.27,2011-2019,2017
4tmf,5.48,2011-2019,2015
4d8z,6.29,2011-2019,2012
5x4o,4.06,2011-2019,2017
6j7l,4.5,2011-2019,2019
4gbz,3.11,2011-2019,2012
4hvb,9.95,2011-2019,2013
5ukm,7.52,2011-2019,2017
4yv8,7.96,2011-2019,2016
4ppa,9.1,2011-2019,2014
4mc9,9.44,2011-2019,2014
5u5k,4.02,2011-2019,2017
6rqk,2.8,2011-2019,2019
5n93,8.66,2011-2019,2017
4edu,3.99,2011-2019,2012
6h1u,5.32,2011-2019,2018
5j27,6.74,2011-2019,2017
6c5k,7.16,2011-2019,2019
4emv,8.3,2011-2019,2012
3vw2,4.75,2011-2019,2013
5wae,6.8,2011-2019,2017
5wp5,5.34,2011-2019,2017
5u8c,7.53,2011-2019,2017
5bw4,4.17,2011-2019,2016
3qfd,4.17,2011-2019,2011
3n2e,4.96,2011-2019,2011
6qi4,4.37,2011-2019,2019
5nhy,8.64,2011-2019,2017
6aoy,4.97,2011-2019,2018
5eth,7.25,2011-2019,2016
4x6o,8.72,2011-2019,2015
5hf1,5.74,2011-2019,2016
5ylu,8.62,2011-2019,2018
6ic7,7.11,2011-2019,2019
3tv4,6.96,2011-2019,2011
6hv5,6.49,2011-2019,2019
4kwp,7.49,2011-2019,2014
5usy,7.51,2011-2019,2017
5a7y,4.48,2011-2019,2016
5tq7,7.67,2011-2019,2017
4pzv,5.7,2011-2019,2014
4xm8,3.02,2011-2019,2015
3atv,5.34,2011-2019,2011
4o13,7.82,2011-2019,2014
4cpz,7.68,2011-2019,2014
5m9w,2.24,2011-2019,2017
6oin,6.0,2011-2019,2019
4cq0,5.09,2011-2019,2014
4d2t,6.0,2011-2019,2014
5h1e,7.54,2011-2019,2017
6cef,3.74,2011-2019,2018
5en3,6.21,2011-2019,2016
4p75,4.1,2011-2019,2014
4hp0,6.12,2011-2019,2013
4qyh,8.89,2011-2019,2014
3rxo,4.08,2011-2019,2011
3vzg,1.72,2011-2019,2013
3zmq,6.44,2011-2019,2014
4cfv,4.63,2011-2019,2014
6msy,7.0,2011-2019,2018
4u5n,2.48,2011-2019,2015
3oxi,5.66,2011-2019,2011
4qc1,4.99,2011-2019,2014
5wii,4.49,2011-2019,2017
4mzh,7.18,2011-2019,2014
3sw2,8.33,2011-2019,2011
5mpk,8.52,2011-2019,2018
4wz5,5.51,2011-2019,2015
6fyv,7.96,2011-2019,2018
4zbi,6.51,2011-2019,2015
5etu,3.89,2011-2019,2016
6bw5,8.25,2011-2019,2018
6agp,5.05,2011-2019,2019
5flq,2.97,2011-2019,2016
6dih,2.72,2011-2019,2019
3qcq,6.8,2011-2019,2011
4xg9,9.15,2011-2019,2015
3pxy,5.23,2011-2019,2011
4j0t,6.74,2011-2019,2013
5vi6,8.52,2011-2019,2017
5zdc,5.75,2011-2019,2019
6mle,9.0,2011-2019,2019
4omk,4.4,2011-2019,2015
4nhc,7.34,2011-2019,2014
5lcj,6.64,2011-2019,2016
4pov,8.28,2011-2019,2014
5dry,7.7,2011-2019,2016
6jz0,7.82,2011-2019,2019
6gg5,3.65,2011-2019,2018
4hs8,7.92,2011-2019,2013
6g35,7.76,2011-2019,2018
6haz,7.0,2011-2019,2019
5k6s,6.26,2011-2019,2016
6e4t,8.05,2011-2019,2018
6g0v,3.78,2011-2019,2018
5eml,7.64,2011-2019,2016
5a3n,7.72,2011-2019,2015
4zuq,6.89,2011-2019,2015
5nfh,7.74,2011-2019,2017
5a0b,8.3,2011-2019,2015
5tcj,7.38,2011-2019,2017
4x6y,7.72,2011-2019,2015
5ttv,7.54,2011-2019,2017
3wqw,5.23,2011-2019,2014
4ory,3.53,2011-2019,2014
6gy0,7.32,2011-2019,2019
6ijh,7.17,2011-2019,2019
6t1i,5.26,2011-2019,2019
6ew3,7.4,2011-2019,2018
4hz5,5.92,2011-2019,2013
5a8x,8.19,2011-2019,2016
6hcu,7.82,2011-2019,2019
3pz3,6.85,2011-2019,2011
4utr,6.15,2011-2019,2014
4twp,10.0,2011-2019,2015
4mwc,5.87,2011-2019,2014
5hip,6.05,2011-2019,2016
5umw,4.23,2011-2019,2018
4avs,3.49,2011-2019,2013
5w5u,7.19,2011-2019,2017
4yml,8.35,2011-2019,2015
6ecz,6.57,2011-2019,2018
5ufi,8.4,2011-2019,2017
5iee,4.94,2011-2019,2016
5fap,8.0,2011-2019,2016
6b1k,6.67,2011-2019,2018
6g34,8.24,2011-2019,2018
5afn,4.47,2011-2019,2015
5l3g,6.23,2011-2019,2016
4bie,6.6,2011-2019,2013
3skh,6.05,2011-2019,2011
5fb0,5.47,2011-2019,2016
4k9h,7.12,2011-2019,2013
5lvr,3.6,2011-2019,2016
6jwa,4.96,2011-2019,2019
4k19,8.36,2011-2019,2013
6ugr,6.27,2011-2019,2019
4i8w,10.9,2011-2019,2013
4ymj,7.0,2011-2019,2015
5yg2,6.89,2011-2019,2018
4gsc,5.85,2011-2019,2013
6c2x,4.76,2011-2019,2018
4o37,6.16,2011-2019,2014
5h14,5.06,2011-2019,2017
5nu1,9.0,2011-2019,2017
5dp5,4.73,2011-2019,2016
6hle,9.31,2011-2019,2019
4yik,6.89,2011-2019,2015
6mq3,8.77,2011-2019,2019
4y2t,3.82,2011-2019,2015
4xtv,9.27,2011-2019,2015
3rxl,2.62,2011-2019,2011
2mpm,5.89,2011-2019,2014
4g3f,8.36,2011-2019,2012
5uwn,7.87,2011-2019,2017
3uu1,5.2,2011-2019,2012
3srb,4.19,2011-2019,2011
6un1,7.89,2011-2019,2019
4y2p,2.66,2011-2019,2015
3nus,3.51,2011-2019,2011
4i74,6.72,2011-2019,2013
4mr4,5.94,2011-2019,2013
5iua,8.82,2011-2019,2016
4xhe,10.3,2011-2019,2015
4mmf,6.53,2011-2019,2013
5hcy,8.92,2011-2019,2016
4exh,6.15,2011-2019,2012
4i67,6.35,2011-2019,2013
5c7a,3.31,2011-2019,2015
5h7h,3.77,2011-2019,2016
5y80,8.79,2011-2019,2018
5gu4,5.47,2011-2019,2016
4ezl,8.59,2011-2019,2013
4lhm,3.39,2011-2019,2014
5jic,6.89,2011-2019,2016
4m14,6.7,2011-2019,2014
4j9a,8.22,2011-2019,2013
4dkr,6.52,2011-2019,2012
3qcs,6.5,2011-2019,2011
6rtn,6.63,2011-2019,2019
4jv7,6.0,2011-2019,2013
6b27,5.03,2011-2019,2017
5sz1,8.92,2011-2019,2016
6g2s,8.4,2011-2019,2019
4wy7,6.78,2011-2019,2015
3rmf,4.09,2011-2019,2012
3ro4,6.23,2011-2019,2011
6n3w,5.81,2011-2019,2019
5c1y,5.9,2011-2019,2016
5nau,7.52,2011-2019,2018
6rr0,7.15,2011-2019,2019
5ggj,1.75,2011-2019,2016
4zts,7.6,2011-2019,2016
6pl3,8.52,2011-2019,2019
5bpa,9.0,2011-2019,2015
5vpm,8.8,2011-2019,2017
6oxp,11.0,2011-2019,2019
6beb,3.61,2011-2019,2018
2yay,6.1,2011-2019,2011
4olc,6.19,2011-2019,2014
5tri,5.06,2011-2019,2016
4jxv,4.51,2011-2019,2014
3tv6,8.32,2011-2019,2011
3wcl,6.59,2011-2019,2014
4bj9,7.35,2011-2019,2013
3s7m,8.0,2011-2019,2011
5w0l,4.74,2011-2019,2018
5yu9,6.74,2011-2019,2017
4d0x,8.1,2011-2019,2014
4wkt,3.26,2011-2019,2014
4ajl,3.8,2011-2019,2012
5wef,6.44,2011-2019,2017
4tky,5.7,2011-2019,2015
6aec,6.15,2011-2019,2019
3rbq,6.27,2011-2019,2011
5yfs,4.86,2011-2019,2018
5tef,5.4,2011-2019,2016
6nu5,5.15,2011-2019,2019
5k0f,6.07,2011-2019,2016
6fi5,5.52,2011-2019,2018
3s2v,6.8,2011-2019,2011
3oev,8.13,2011-2019,2011
5u4b,5.74,2011-2019,2017
6qlq,4.51,2011-2019,2019
6nsq,8.1,2011-2019,2019
3sbi,7.92,2011-2019,2012
6pia,4.96,2011-2019,2019
4e93,6.93,2011-2019,2012
4inh,6.25,2011-2019,2013
4q0l,7.7,2011-2019,2015
3zc6,9.22,2011-2019,2013
4du8,5.37,2011-2019,2012
6iyw,7.23,2011-2019,2019
5tw3,8.7,2011-2019,2017
6mjq,7.88,2011-2019,2019
5w38,7.33,2011-2019,2017
5ta2,7.96,2011-2019,2017
4m5g,5.01,2011-2019,2014
2ltv,5.16,2011-2019,2012
4bi7,4.58,2011-2019,2013
4dko,6.52,2011-2019,2012
6bnl,6.96,2011-2019,2018
5ksv,5.22,2011-2019,2017
5m5d,3.95,2011-2019,2017
6jn6,7.15,2011-2019,2019
4bo0,6.7,2011-2019,2013
5ei8,8.1,2011-2019,2016
5zz2,8.85,2011-2019,2018
3prf,8.85,2011-2019,2011
4anm,7.55,2011-2019,2012
4ovg,3.69,2011-2019,2014
4qyo,8.22,2011-2019,2015
4tkj,6.04,2011-2019,2015
6hhp,7.49,2011-2019,2019
5tol,7.48,2011-2019,2016
4qxo,5.51,2011-2019,2014
4awm,5.72,2011-2019,2012
6g9x,3.92,2011-2019,2019
3uzd,5.05,2011-2019,2012
5mg2,7.77,2011-2019,2017
5zms,5.23,2011-2019,2018
5lsh,3.39,2011-2019,2017
3hlo,6.21,2011-2019,2011
3zm9,7.42,2011-2019,2013
4rlw,4.87,2011-2019,2015
5chk,5.39,2011-2019,2016
6j0k,5.64,2011-2019,2019
6agg,4.07,2011-2019,2018
5ogk,5.11,2011-2019,2017
2ycm,3.56,2011-2019,2011
6cqz,9.64,2011-2019,2018
4gnf,3.35,2011-2019,2013
5a69,8.96,2011-2019,2015
4eoi,6.05,2011-2019,2013
4o1d,7.62,2011-2019,2014
6pii,6.96,2011-2019,2019
3zyh,4.29,2011-2019,2011
6er4,2.77,2011-2019,2018
4ya8,6.1,2011-2019,2015
4hwp,7.76,2011-2019,2013
4umb,4.0,2011-2019,2014
4fxj,3.62,2011-2019,2013
5ttw,5.96,2011-2019,2017
2lwi,3.11,2011-2019,2013
4b4m,6.69,2011-2019,2012
5uc4,6.46,2011-2019,2018
5bnr,6.28,2011-2019,2016
6prt,2.67,2011-2019,2019
4nat,6.48,2011-2019,2014
5ih8,6.74,2011-2019,2016
3uwl,3.68,2011-2019,2012
4zij,3.25,2011-2019,2016
6bqh,9.8,2011-2019,2018
5xgl,6.88,2011-2019,2018
5uzj,6.78,2011-2019,2018
4jmx,7.21,2011-2019,2013
5zqq,7.66,2011-2019,2019
3r4o,8.15,2011-2019,2011
5yba,4.77,2011-2019,2018
6naf,4.26,2011-2019,2019
4eh4,2.81,2011-2019,2012
4x5p,8.21,2011-2019,2015
6eiz,6.22,2011-2019,2018
3n23,8.52,2011-2019,2011
6fam,4.01,2011-2019,2018
5l9i,7.0,2011-2019,2016
5cgj,5.22,2011-2019,2015
5jn9,7.79,2011-2019,2017
5kz0,7.66,2011-2019,2016
3uex,6.92,2011-2019,2011
3sz1,4.66,2011-2019,2012
5ke0,9.7,2011-2019,2016
5mk3,4.05,2011-2019,2017
6ib0,7.4,2011-2019,2019
4yur,9.8,2011-2019,2015
5e1e,7.66,2011-2019,2015
3s7b,6.3,2011-2019,2011
3sl0,2.7,2011-2019,2011
2xzg,4.74,2011-2019,2011
4n84,6.29,2011-2019,2014
5cp9,3.51,2011-2019,2015
5xv7,7.96,2011-2019,2018
5vij,7.61,2011-2019,2017
2yol,6.89,2011-2019,2013
6gin,7.49,2011-2019,2018
5q1e,6.92,2011-2019,2017
5e8w,4.39,2011-2019,2016
5gty,7.72,2011-2019,2017
4zbf,7.13,2011-2019,2015
5ism,9.15,2011-2019,2016
5auu,4.68,2011-2019,2015
4oc4,6.98,2011-2019,2014
6dj2,8.12,2011-2019,2018
4gtt,8.22,2011-2019,2012
5jgd,7.96,2011-2019,2016
6ayd,6.3,2011-2019,2017
5h22,7.44,2011-2019,2017
4x0f,7.0,2011-2019,2015
5iaw,4.81,2011-2019,2017
6d9x,3.49,2011-2019,2018
5nk3,7.42,2011-2019,2017
6r8l,6.17,2011-2019,2019
5t8j,9.0,2011-2019,2017
6szj,5.82,2011-2019,2019
5d6q,5.24,2011-2019,2015
4kn4,7.24,2011-2019,2013
3wv2,7.92,2011-2019,2014
4zx0,8.0,2011-2019,2015
5mny,1.31,2011-2019,2017
4ymq,5.8,2011-2019,2015
3tzd,4.28,2011-2019,2012
5w2p,6.88,2011-2019,2018
4mm7,3.63,2011-2019,2013
3w8o,7.62,2011-2019,2014
4jxs,4.74,2011-2019,2014
4qme,6.52,2011-2019,2014
4qw0,5.14,2011-2019,2015
5ylv,6.82,2011-2019,2018
5d1w,5.12,2011-2019,2015
4pnw,5.05,2011-2019,2014
6qcj,5.6,2011-2019,2019
4bkt,3.62,2011-2019,2013
5tco,8.19,2011-2019,2017
4xsz,5.6,2011-2019,2015
4eol,6.05,2011-2019,2013
6q60,5.71,2011-2019,2019
5efa,4.83,2011-2019,2015
5akz,5.26,2011-2019,2015
4j1p,7.05,2011-2019,2014
5ntw,9.22,2011-2019,2017
6qsz,7.15,2011-2019,2019
4mdt,5.0,2011-2019,2013
4psx,6.47,2011-2019,2014
5n4s,7.26,2011-2019,2017
5yia,5.52,2011-2019,2018
5tya,4.48,2011-2019,2017
5e7r,7.6,2011-2019,2016
6biz,6.57,2011-2019,2018
4lh3,1.52,2011-2019,2013
6qrg,5.0,2011-2019,2019
4bxk,7.95,2011-2019,2013
5h0b,7.96,2011-2019,2017
4abd,4.4,2011-2019,2012
5k5n,8.05,2011-2019,2016
5fsx,2.72,2011-2019,2016
4ztr,8.3,2011-2019,2016
4kzb,2.89,2011-2019,2014
6f2n,6.7,2011-2019,2018
5g4o,4.43,2011-2019,2016
4zzy,5.6,2011-2019,2015
5tq6,6.91,2011-2019,2017
5m0s,6.69,2011-2019,2017
5j1x,5.52,2011-2019,2017
3vbw,5.22,2011-2019,2012
4o77,5.6,2011-2019,2014
4b5t,3.33,2011-2019,2012
4mb9,8.0,2011-2019,2013
6oxz,9.67,2011-2019,2019
6emu,5.03,2011-2019,2018
6g8m,5.38,2011-2019,2018
4mbf,5.77,2011-2019,2014
6d4q,6.08,2011-2019,2019
5dtk,4.3,2011-2019,2016
5x4q,7.11,2011-2019,2017
3qbc,4.97,2011-2019,2012
5yso,7.4,2011-2019,2018
4p6e,5.89,2011-2019,2014
3u4u,8.52,2011-2019,2012
3sdg,5.55,2011-2019,2011
4z89,4.69,2011-2019,2015
2ydo,7.51,2011-2019,2011
4d85,6.85,2011-2019,2012
3te5,4.91,2011-2019,2011
5a6a,7.22,2011-2019,2015
6hhh,7.17,2011-2019,2019
3nwb,7.96,2011-2019,2011
6ufn,5.64,2011-2019,2019
6if0,6.51,2011-2019,2019
4e9u,5.82,2011-2019,2012
3t84,6.97,2011-2019,2011
6a9c,2.74,2011-2019,2019
3zmj,4.93,2011-2019,2013
5u6d,8.59,2011-2019,2017
4txs,3.0,2011-2019,2015
6dzq,7.37,2011-2019,2018
4k78,4.79,2011-2019,2014
3aox,9.08,2011-2019,2011
5k0i,8.7,2011-2019,2016
6gjm,3.58,2011-2019,2018
6qgj,9.0,2011-2019,2019
6ipj,5.79,2011-2019,2019
6eo8,7.0,2011-2019,2017
5ap5,7.97,2011-2019,2015
5hbh,7.31,2011-2019,2016
4zy5,7.59,2011-2019,2015
6e5g,5.37,2011-2019,2019
4kpx,7.3,2011-2019,2014
5hda,5.13,2011-2019,2016
4jwk,8.32,2011-2019,2013
4gw8,6.06,2011-2019,2012
2yit,9.54,2011-2019,2011
5fkj,10.66,2011-2019,2016
6hky,9.34,2011-2019,2019
4w9g,5.26,2011-2019,2014
4k9y,6.95,2011-2019,2013
6hvs,5.23,2011-2019,2019
5nfa,5.25,2011-2019,2017
6hvu,6.59,2011-2019,2019
5l9l,7.1,2011-2019,2016
3que,8.82,2011-2019,2012
2x6w,7.1,2011-2019,2011
5ehy,6.09,2011-2019,2016
4uns,6.7,2011-2019,2015
4ot6,5.92,2011-2019,2014
5uwp,5.8,2011-2019,2017
4u7o,3.35,2011-2019,2015
5k0h,7.09,2011-2019,2016
4r1y,6.4,2011-2019,2015
3v4x,6.15,2011-2019,2012
6gnw,4.99,2011-2019,2018
4u0w,3.0,2011-2019,2015
4jpe,7.32,2011-2019,2013
4ln2,3.61,2011-2019,2014
3s1g,5.19,2011-2019,2012
4zow,4.12,2011-2019,2015
5zk7,6.71,2011-2019,2019
3qqs,5.82,2011-2019,2012
6h7l,8.97,2011-2019,2018
4q3s,6.59,2011-2019,2014
4rhx,5.8,2011-2019,2015
6bw8,9.0,2011-2019,2018
5wfc,4.9,2011-2019,2018
6c5f,4.48,2011-2019,2018
4io4,4.61,2011-2019,2013
4f1l,5.12,2011-2019,2012
5oh3,3.87,2011-2019,2018
6cze,4.03,2011-2019,2018
5g3w,7.38,2011-2019,2016
4mw2,6.7,2011-2019,2014
4mw9,7.02,2011-2019,2014
4j04,4.96,2011-2019,2013
4k5p,3.46,2011-2019,2013
4kz5,2.0,2011-2019,2014
6e3g,7.36,2011-2019,2019
5ugm,5.9,2011-2019,2018
4bkz,7.57,2011-2019,2013
6mdb,7.17,2011-2019,2019
6g46,3.73,2011-2019,2018
5f2k,6.16,2011-2019,2015
4djq,10.32,2011-2019,2012
3r4p,7.96,2011-2019,2011
4css,8.46,2011-2019,2015
4ylk,6.74,2011-2019,2015
6qr7,7.15,2011-2019,2019
5ar0,6.14,2011-2019,2016
5ar8,8.1,2011-2019,2015
6r7d,8.62,2011-2019,2019
4z22,6.24,2011-2019,2016
3znr,7.44,2011-2019,2013
4gql,9.59,2011-2019,2013
5lhg,5.6,2011-2019,2017
4p4j,6.15,2011-2019,2015
5a6h,7.06,2011-2019,2016
4bch,7.66,2011-2019,2013
6d6u,8.21,2011-2019,2018
5j9l,7.47,2011-2019,2017
3ppj,8.7,2011-2019,2011
6nri,7.57,2011-2019,2019
4twc,7.4,2011-2019,2014
3rjw,7.57,2011-2019,2011
5vp0,9.21,2011-2019,2017
5u06,6.66,2011-2019,2017
6o9c,7.55,2011-2019,2019
6i3u,9.22,2011-2019,2019
4bnz,6.59,2011-2019,2013
5adr,5.64,2011-2019,2016
6qat,7.33,2011-2019,2019
4olh,8.3,2011-2019,2014
4ayp,6.12,2011-2019,2013
6csp,8.52,2011-2019,2018
4jnc,8.52,2011-2019,2013
6f5m,6.3,2011-2019,2018
4deh,6.21,2011-2019,2012
4qh7,5.94,2011-2019,2014
4odk,3.8,2011-2019,2015
4x5q,9.0,2011-2019,2015
5anq,5.4,2011-2019,2016
5c26,6.77,2011-2019,2015
3qzq,5.64,2011-2019,2011
5j5x,11.02,2011-2019,2016
4zip,9.68,2011-2019,2015
4cqe,8.43,2011-2019,2014
4x1s,6.87,2011-2019,2015
4hdf,8.49,2011-2019,2013
5ar4,6.7,2011-2019,2015
5cso,6.03,2011-2019,2015
4yhq,8.77,2011-2019,2015
6hoy,4.48,2011-2019,2018
6eyz,8.1,2011-2019,2017
2yfa,5.07,2011-2019,2012
6eo0,6.43,2011-2019,2017
6i0k,4.89,2011-2019,2019
5hfc,5.72,2011-2019,2016
5ak6,3.49,2011-2019,2015
6fii,8.02,2011-2019,2018
3qwc,4.26,2011-2019,2012
5k8o,5.96,2011-2019,2016
4c70,3.52,2011-2019,2013
5fqv,6.21,2011-2019,2016
4b7q,9.74,2011-2019,2012
5uxf,7.06,2011-2019,2017
6od6,8.21,2011-2019,2019
5e2o,8.7,2011-2019,2015
4g17,7.54,2011-2019,2013
4i9h,7.17,2011-2019,2013
5xyx,4.84,2011-2019,2018
5izc,3.95,2011-2019,2017
4gkm,5.17,2011-2019,2013
4ogn,10.0,2011-2019,2014
4hdp,7.51,2011-2019,2013
2xx4,7.1,2011-2019,2011
6ccm,5.25,2011-2019,2018
4fns,6.7,2011-2019,2012
6bgz,6.39,2011-2019,2018
6dh7,9.88,2011-2019,2018
4ztq,6.32,2011-2019,2016
6c3l,4.44,2011-2019,2019
5aqk,3.65,2011-2019,2016
2mps,5.41,2011-2019,2015
4qj0,7.32,2011-2019,2015
5dtt,3.51,2011-2019,2016
5ien,6.52,2011-2019,2017
6cvw,8.15,2011-2019,2018
3r7r,8.74,2011-2019,2011
5lyr,7.89,2011-2019,2017
6h7o,9.85,2011-2019,2018
5g1a,6.57,2011-2019,2017
6awn,9.2,2011-2019,2017
2ybp,4.62,2011-2019,2011
5awt,4.52,2011-2019,2016
5mwz,5.15,2011-2019,2018
5jhd,4.52,2011-2019,2017
4nrq,3.46,2011-2019,2014
5vsd,7.24,2011-2019,2017
3qi1,7.66,2011-2019,2012
4ufe,8.15,2011-2019,2016
4g8r,7.66,2011-2019,2013
6f8g,4.18,2011-2019,2018
4qmw,7.07,2011-2019,2015
4x8v,6.89,2011-2019,2015
5y93,5.64,2011-2019,2018
5qax,3.8,2011-2019,2018
4o91,6.83,2011-2019,2014
4ayw,4.0,2011-2019,2012
6dgy,11.3,2011-2019,2018
5f4r,7.02,2011-2019,2016
4mh7,5.23,2011-2019,2014
4bao,8.37,2011-2019,2013
6ipm,3.69,2011-2019,2019
3udh,2.85,2011-2019,2012
5kmf,6.29,2011-2019,2016
5tkt,8.49,2011-2019,2017
4e3l,8.52,2011-2019,2012
6pvv,5.85,2011-2019,2019
5v35,6.96,2011-2019,2017
5e2s,9.01,2011-2019,2016
5km3,4.6,2011-2019,2017
4ebw,5.06,2011-2019,2012
5alz,8.22,2011-2019,2015
6rj5,6.52,2011-2019,2019
5e80,8.3,2011-2019,2016
5ais,6.24,2011-2019,2015
5kya,8.22,2011-2019,2016
5o1e,4.48,2011-2019,2018
6hs0,5.5,2011-2019,2019
6ee4,6.69,2011-2019,2018
6cqf,8.35,2011-2019,2018
4abk,5.72,2011-2019,2012
6m7h,4.7,2011-2019,2019
6tld,5.35,2011-2019,2019
5lvl,5.9,2011-2019,2016
5nzm,3.9,2011-2019,2018
6jsz,5.68,2011-2019,2019
4gj3,8.85,2011-2019,2013
4cix,4.47,2011-2019,2014
5gvn,7.05,2011-2019,2017
5two,8.09,2011-2019,2017
6r7k,7.3,2011-2019,2019
6npf,5.85,2011-2019,2019
4l52,8.4,2011-2019,2013
5fpu,6.26,2011-2019,2016
4yoj,6.39,2011-2019,2015
5uvc,8.21,2011-2019,2017
4jht,4.99,2011-2019,2013
4zw5,4.43,2011-2019,2016
6afr,7.15,2011-2019,2018
6udv,10.29,2011-2019,2019
5aib,3.8,2011-2019,2015
5fls,3.04,2011-2019,2016
4hlk,5.96,2011-2019,2012
4jzd,8.3,2011-2019,2013
6g8j,4.76,2011-2019,2019
4zs2,5.49,2011-2019,2015
6hay,7.01,2011-2019,2019
4ibd,3.67,2011-2019,2014
5etr,6.52,2011-2019,2016
4qlv,7.85,2011-2019,2014
3usx,5.02,2011-2019,2012
4uja,9.05,2011-2019,2016
4oct,5.05,2011-2019,2014
5wyz,7.68,2011-2019,2017
5zma,5.52,2011-2019,2019
6gx3,3.6,2011-2019,2018
5kbq,7.0,2011-2019,2016
5xmv,7.68,2011-2019,2017
5exn,7.64,2011-2019,2016
4qjr,7.1,2011-2019,2014
5zla,4.3,2011-2019,2018
4k77,6.63,2011-2019,2013
5v41,6.15,2011-2019,2017
4ajk,3.11,2011-2019,2012
5ftq,8.0,2011-2019,2016
4g5f,3.05,2011-2019,2013
4r4t,6.26,2011-2019,2014
6djc,6.63,2011-2019,2018
3rah,7.92,2011-2019,2012
4py2,6.57,2011-2019,2015
4rfm,10.05,2011-2019,2015
6prg,3.7,2011-2019,2019
4nrl,8.62,2011-2019,2014
5efc,4.85,2011-2019,2015
3rxd,3.73,2011-2019,2011
2xln,4.48,2011-2019,2011
6fnt,4.68,2011-2019,2018
4i0t,7.59,2011-2019,2013
3qc4,8.7,2011-2019,2011
4xjt,5.14,2011-2019,2015
4iwz,7.29,2011-2019,2013
5eq0,5.92,2011-2019,2015
5mat,6.24,2011-2019,2017
4mrh,1.9,2011-2019,2014
6aan,2.75,2011-2019,2019
4bo4,6.89,2011-2019,2013
5lz2,3.0,2011-2019,2016
5tkj,8.15,2011-2019,2018
6fse,4.74,2011-2019,2018
2mkr,6.27,2011-2019,2014
4aia,3.66,2011-2019,2012
5alp,7.07,2011-2019,2015
6bil,6.24,2011-2019,2018
6nnr,5.07,2011-2019,2019
3w32,7.12,2011-2019,2013
2yjq,5.28,2011-2019,2011
4zx8,7.1,2011-2019,2016
4h42,3.47,2011-2019,2013
5fb1,5.92,2011-2019,2016
5toz,9.46,2011-2019,2016
3mtd,3.47,2011-2019,2011
6gih,4.36,2011-2019,2018
5t6g,5.96,2011-2019,2016
6g9s,8.0,2011-2019,2019
4odn,6.74,2011-2019,2015
4y79,7.96,2011-2019,2015
3qs5,4.71,2011-2019,2011
3vfb,9.04,2011-2019,2012
6a5e,5.49,2011-2019,2019
3u18,6.09,2011-2019,2012
4ylj,8.22,2011-2019,2015
5t1s,7.08,2011-2019,2017
2xyf,8.44,2011-2019,2011
4r95,7.85,2011-2019,2014
5afk,3.88,2011-2019,2015
4mxc,8.17,2011-2019,2014
5w6o,6.28,2011-2019,2018
4u0m,5.77,2011-2019,2014
6hoq,6.39,2011-2019,2019
6hvw,5.55,2011-2019,2019
5n7g,4.58,2011-2019,2017
4hgc,10.0,2011-2019,2013
5dd9,6.11,2011-2019,2015
4quo,7.92,2011-2019,2014
6bef,3.98,2011-2019,2018
4yz5,2.83,2011-2019,2015
3pj8,7.4,2011-2019,2011
4qsh,5.1,2011-2019,2014
5cuq,5.92,2011-2019,2016
4wet,3.35,2011-2019,2015
6dyv,10.59,2011-2019,2019
5gmh,6.31,2011-2019,2016
4e9c,5.96,2011-2019,2012
5bjt,6.3,2011-2019,2017
5u0w,4.24,2011-2019,2017
4jfi,4.74,2011-2019,2013
3zcl,8.0,2011-2019,2013
6ei4,5.28,2011-2019,2018
4w9s,6.82,2011-2019,2014
3tfv,7.1,2011-2019,2012
4cc6,6.64,2011-2019,2014
4g93,3.52,2011-2019,2013
6cw4,2.82,2011-2019,2018
4i3z,4.29,2011-2019,2012
4jjm,7.57,2011-2019,2013
6nzm,9.0,2011-2019,2019
5eue,6.77,2011-2019,2016
5erg,4.35,2011-2019,2016
3pxz,5.23,2011-2019,2011
5ykp,7.05,2011-2019,2018
5yf1,3.28,2011-2019,2018
4p0v,5.92,2011-2019,2014
6gnr,5.44,2011-2019,2018
4jz1,6.7,2011-2019,2014
4c1c,4.97,2011-2019,2014
5dy5,6.79,2011-2019,2016
3opp,6.28,2011-2019,2011
6g02,7.62,2011-2019,2019
4u0g,5.29,2011-2019,2014
4j53,8.7,2011-2019,2013
6hld,9.21,2011-2019,2019
6ai9,6.74,2011-2019,2019
4bzr,7.6,2011-2019,2014
4o09,7.7,2011-2019,2014
5ggo,3.1,2011-2019,2016
5nkc,7.72,2011-2019,2017
6hq7,6.11,2011-2019,2019
6u80,4.43,2011-2019,2019
4ejl,5.14,2011-2019,2013
4k2y,3.33,2011-2019,2013
3uoh,7.89,2011-2019,2012
6huu,7.46,2011-2019,2019
6evp,4.53,2011-2019,2018
4z84,5.82,2011-2019,2015
6fo9,7.75,2011-2019,2018
4aml,2.1,2011-2019,2012
3unk,4.82,2011-2019,2012
4fgx,7.14,2011-2019,2013
5tuq,6.35,2011-2019,2017
5od1,5.96,2011-2019,2018
4hvg,7.77,2011-2019,2013
5d7x,4.82,2011-2019,2016
4eb8,9.82,2011-2019,2013
3oj8,8.36,2011-2019,2011
2mg5,6.15,2011-2019,2014
6cdj,11.7,2011-2019,2018
4ajw,5.86,2011-2019,2012
3arz,6.0,2011-2019,2011
6fdc,5.64,2011-2019,2018
5f5i,6.02,2011-2019,2015
6b4u,7.68,2011-2019,2017
4u3f,8.39,2011-2019,2015
4hxq,7.22,2011-2019,2013
4r5b,6.73,2011-2019,2014
6h13,7.23,2011-2019,2019
6n7d,9.52,2011-2019,2019
3uzj,5.55,2011-2019,2012
6bg3,4.92,2011-2019,2018
6gfy,6.61,2011-2019,2018
3vf8,6.82,2011-2019,2012
5naw,7.3,2011-2019,2017
5fyx,4.16,2011-2019,2017
4q8y,2.64,2011-2019,2015
4ks2,9.34,2011-2019,2013
2y9g,3.77,2011-2019,2011
5mf6,4.36,2011-2019,2016
5qin,10.4,2011-2019,2018
4iu4,5.0,2011-2019,2013
4d7b,7.68,2011-2019,2016
5o22,8.0,2011-2019,2018
6o5a,6.29,2011-2019,2019
6jav,5.76,2011-2019,2019
3uxg,3.96,2011-2019,2012
5ev8,5.22,2011-2019,2016
5l2n,5.55,2011-2019,2017
4nan,4.72,2011-2019,2014
3s54,9.64,2011-2019,2012
6dh3,11.3,2011-2019,2018
5qa4,3.77,2011-2019,2018
6b2q,8.05,2011-2019,2018
4iid,5.62,2011-2019,2013
6o1g,9.0,2011-2019,2019
4rlp,8.14,2011-2019,2015
2n7b,3.55,2011-2019,2016
4ob2,6.3,2011-2019,2014
6cjj,3.9,2011-2019,2019
3arg,7.26,2011-2019,2011
6gvf,7.55,2011-2019,2019
5d0c,5.63,2011-2019,2016
5ot3,5.23,2011-2019,2018
6hvr,6.48,2011-2019,2019
4ddk,2.29,2011-2019,2013
6aaq,2.41,2011-2019,2019
5vfj,4.7,2011-2019,2017
6guf,6.65,2011-2019,2018
6r0x,8.7,2011-2019,2019
5x79,4.92,2011-2019,2017
5ni7,7.7,2011-2019,2018
5odx,6.71,2011-2019,2018
4elg,8.16,2011-2019,2013
4do3,4.1,2011-2019,2013
4zx4,7.11,2011-2019,2016
4mzk,5.31,2011-2019,2013
4wf6,6.3,2011-2019,2015
2yi7,8.32,2011-2019,2012
2yc3,6.85,2011-2019,2011
4z0q,8.17,2011-2019,2015
6imt,6.6,2011-2019,2019
4u2y,3.99,2011-2019,2015
5q12,5.33,2011-2019,2017
4qwg,5.97,2011-2019,2015
5h9s,4.06,2011-2019,2016
5axp,9.03,2011-2019,2015
4lmn,10.3,2011-2019,2013
3rum,5.77,2011-2019,2012
5eud,6.82,2011-2019,2016
4egk,7.72,2011-2019,2012
5lwn,7.77,2011-2019,2016
5zdf,5.7,2011-2019,2019
5w2q,6.88,2011-2019,2018
4qlq,8.18,2011-2019,2014
5vl2,8.42,2011-2019,2018
4k2f,7.4,2011-2019,2014
6mi6,4.54,2011-2019,2018
5nmg,5.75,2011-2019,2017
6b59,8.09,2011-2019,2018
4agm,3.98,2011-2019,2012
6buu,5.44,2011-2019,2018
5j6m,8.57,2011-2019,2017
4nct,7.55,2011-2019,2015
5b5f,5.25,2011-2019,2017
5cnm,6.81,2011-2019,2015
4wko,9.47,2011-2019,2015
4np2,2.26,2011-2019,2014
4y62,2.95,2011-2019,2015
5mk1,3.88,2011-2019,2017
6mkq,6.16,2011-2019,2019
4pxf,3.1,2011-2019,2014
4og7,6.94,2011-2019,2014
3m93,6.62,2011-2019,2011
5tyj,7.46,2011-2019,2017
6drx,9.24,2011-2019,2018
2yig,7.1,2011-2019,2011
5j8m,6.8,2011-2019,2017
5eie,7.64,2011-2019,2016
4md6,7.77,2011-2019,2014
3nzi,5.59,2011-2019,2011
6o0k,10.74,2011-2019,2019
6guk,6.15,2011-2019,2018
5nzo,2.24,2011-2019,2017
5lmb,7.8,2011-2019,2016
3uf9,2.11,2011-2019,2012
4oya,6.44,2011-2019,2014
5n1s,7.99,2011-2019,2017
4yvc,5.96,2011-2019,2015
6imd,4.23,2011-2019,2019
5qj2,7.68,2011-2019,2019
3v5t,8.22,2011-2019,2012
6uvy,6.0,2011-2019,2019
5agi,4.34,2011-2019,2015
4ool,6.85,2011-2019,2014
5alu,7.66,2011-2019,2015
3qpp,7.92,2011-2019,2011
4m1d,7.64,2011-2019,2013
3w2r,7.72,2011-2019,2013
6gcl,4.47,2011-2019,2019
5da3,7.1,2011-2019,2016
5elw,7.85,2011-2019,2016
4wvt,5.31,2011-2019,2015
5c3p,4.46,2011-2019,2015
6n3n,8.74,2011-2019,2019
4ie3,6.01,2011-2019,2013
5d7c,6.85,2011-2019,2015
6gnp,4.55,2011-2019,2018
4h3c,5.72,2011-2019,2012
3pn1,6.96,2011-2019,2011
5v4q,2.57,2011-2019,2017
6b5m,12.0,2011-2019,2018
5n8e,5.33,2011-2019,2017
5lif,5.87,2011-2019,2016
5fgk,8.77,2011-2019,2016
5mtx,7.75,2011-2019,2017
4us4,5.32,2011-2019,2014
4bup,4.95,2011-2019,2013
5eif,2.55,2011-2019,2016
3qx9,4.05,2011-2019,2011
5syn,6.62,2011-2019,2016
6k4t,6.02,2011-2019,2019
4i71,7.74,2011-2019,2013
4db7,6.56,2011-2019,2012
6f0y,5.11,2011-2019,2017
3zy5,6.64,2011-2019,2011
5aip,2.82,2011-2019,2016
4n8q,3.42,2011-2019,2014
5t2i,8.7,2011-2019,2017
5uv2,4.4,2011-2019,2017
6ul8,7.52,2011-2019,2019
6peg,5.16,2011-2019,2019
3q92,7.92,2011-2019,2012
5iay,5.8,2011-2019,2016
4ww6,10.21,2011-2019,2015
3p44,8.01,2011-2019,2011
4jjf,8.0,2011-2019,2013
3tay,3.38,2011-2019,2012
4ym2,2.85,2011-2019,2015
4fl1,3.28,2011-2019,2012
6fgy,7.15,2011-2019,2018
4own,4.22,2011-2019,2014
3zw3,7.47,2011-2019,2011
5knx,6.1,2011-2019,2017
6pgo,4.7,2011-2019,2019
3rx7,6.03,2011-2019,2011
6aad,2.79,2011-2019,2019
4w9j,6.23,2011-2019,2014
5tdb,5.84,2011-2019,2017
2lnw,5.85,2011-2019,2012
4yy6,4.22,2011-2019,2015
5w5o,8.1,2011-2019,2017
5f95,8.01,2011-2019,2016
4zmf,3.96,2011-2019,2015
4h36,4.27,2011-2019,2012
5jvi,6.51,2011-2019,2016
5lla,7.72,2011-2019,2017
5f3z,4.54,2011-2019,2016
5mi9,8.35,2011-2019,2017
5cao,7.42,2011-2019,2015
6fv1,5.97,2011-2019,2019
6f8j,7.07,2011-2019,2019
4lv2,8.0,2011-2019,2014
6f1w,7.96,2011-2019,2019
5uov,10.6,2011-2019,2017
3rdq,9.31,2011-2019,2011
5ufr,8.7,2011-2019,2017
2lp8,7.52,2011-2019,2012
2y1x,7.57,2011-2019,2011
6qxs,7.13,2011-2019,2019
5xmu,7.51,2011-2019,2017
5nih,6.87,2011-2019,2017
6p88,4.52,2011-2019,2019
4e5f,4.82,2011-2019,2012
3r4m,5.92,2011-2019,2011
4c1u,7.09,2011-2019,2013
4li5,6.26,2011-2019,2013
5olk,6.0,2011-2019,2018
6c9r,6.71,2011-2019,2019
2ydj,8.3,2011-2019,2012
5faq,5.28,2011-2019,2016
5mlj,8.85,2011-2019,2017
5i59,6.95,2011-2019,2016
5e1b,4.84,2011-2019,2015
4fcb,8.54,2011-2019,2012
4gzt,7.77,2011-2019,2012
6ebw,8.6,2011-2019,2019
5hbs,7.73,2011-2019,2016
6d1u,5.44,2011-2019,2018
3qxm,7.48,2011-2019,2011
4zw3,7.57,2011-2019,2016
3q7j,4.52,2011-2019,2011
3q6s,6.74,2011-2019,2011
4k5l,4.96,2011-2019,2013
6g29,4.33,2011-2019,2019
6g86,4.49,2011-2019,2018
6miv,8.15,2011-2019,2019
6ayn,5.04,2011-2019,2017
4f49,6.09,2011-2019,2012
5qck,7.64,2011-2019,2017
6e4w,6.7,2011-2019,2018
6c8x,12.3,2011-2019,2018
4abv,6.07,2011-2019,2012
4avi,7.63,2011-2019,2012
4hxw,8.7,2011-2019,2013
5v5n,8.02,2011-2019,2017
6cd4,5.34,2011-2019,2018
5kk8,5.84,2011-2019,2017
5zop,4.73,2011-2019,2018
4m0y,6.46,2011-2019,2014
5nxy,5.05,2011-2019,2018
5nwd,8.0,2011-2019,2018
4fzj,3.15,2011-2019,2013
4yad,5.6,2011-2019,2015
5qa5,3.52,2011-2019,2018
6df4,7.64,2011-2019,2018
4or4,4.57,2011-2019,2015
4j86,3.77,2011-2019,2013
4y5s,3.73,2011-2019,2015
3r5j,6.96,2011-2019,2011
3p3r,7.25,2011-2019,2011
4leq,6.54,2011-2019,2014
4k4j,6.12,2011-2019,2013
6eif,6.98,2011-2019,2018
3ohi,4.85,2011-2019,2011
5nvy,6.12,2011-2019,2017
6b1e,7.47,2011-2019,2017
5w4v,7.15,2011-2019,2017
5b2d,4.25,2011-2019,2016
4y6r,5.48,2011-2019,2015
5ixt,4.6,2011-2019,2016
4a4o,8.05,2011-2019,2012
4unq,6.62,2011-2019,2015
4xxh,5.0,2011-2019,2015
4l0i,6.57,2011-2019,2013
3s2o,5.05,2011-2019,2011
5n1x,3.16,2011-2019,2017
4bbe,8.44,2011-2019,2012
4k76,5.35,2011-2019,2014
6q89,9.85,2011-2019,2019
4xum,4.67,2011-2019,2015
5a3q,8.6,2011-2019,2016
5q0d,9.0,2011-2019,2017
3o3j,6.4,2011-2019,2011
6ohd,9.38,2011-2019,2019
4r5w,7.13,2011-2019,2015
4p72,4.09,2011-2019,2014
6bt0,5.68,2011-2019,2018
5l7e,6.6,2011-2019,2016
6d4s,6.05,2011-2019,2019
5svx,6.19,2011-2019,2016
5wfw,6.1,2011-2019,2018
5vqz,6.39,2011-2019,2017
5heb,6.1,2011-2019,2016
3rxh,1.8,2011-2019,2011
6nwc,7.74,2011-2019,2019
4mbl,8.54,2011-2019,2013
4qmt,8.0,2011-2019,2015
6mja,7.85,2011-2019,2019
3wch,7.05,2011-2019,2014
4lk6,5.2,2011-2019,2013
4k7o,4.3,2011-2019,2014
4wwo,7.42,2011-2019,2014
4n9c,3.9,2011-2019,2014
4msu,5.85,2011-2019,2014
6pl1,7.65,2011-2019,2019
4k5y,8.17,2011-2019,2013
5orv,2.89,2011-2019,2017
4q7p,4.32,2011-2019,2015
6bmr,4.22,2011-2019,2018
4wgi,5.35,2011-2019,2014
5gwz,4.71,2011-2019,2017
5y3n,7.1,2011-2019,2017
4z6i,6.31,2011-2019,2015
3ryx,8.14,2011-2019,2011
4c9w,6.11,2011-2019,2014
3vc4,7.62,2011-2019,2012
6fzj,6.33,2011-2019,2019
4eo8,8.15,2011-2019,2012
5t2d,9.1,2011-2019,2017
4usi,4.41,2011-2019,2014
3udv,5.59,2011-2019,2012
3qkd,8.38,2011-2019,2011
3skk,4.47,2011-2019,2011
3r8u,5.3,2011-2019,2012
4j5c,5.52,2011-2019,2014
3n75,7.89,2011-2019,2011
5yvx,5.89,2011-2019,2018
3mta,4.3,2011-2019,2011
4htx,8.33,2011-2019,2013
6g8i,5.17,2011-2019,2019
3rxa,2.85,2011-2019,2011
4e5w,7.66,2011-2019,2012
5fat,6.96,2011-2019,2016
5h09,5.88,2011-2019,2017
4dld,5.82,2011-2019,2012
5j8i,8.29,2011-2019,2017
2xoi,3.34,2011-2019,2011
4pp3,7.82,2011-2019,2014
4lv4,5.0,2011-2019,2014
6det,8.22,2011-2019,2019
4rse,6.4,2011-2019,2015
4x7k,8.4,2011-2019,2015
4pg9,7.8,2011-2019,2015
4zxy,6.4,2011-2019,2015
4z93,7.35,2011-2019,2015
4ks4,7.14,2011-2019,2013
5myn,4.52,2011-2019,2017
5qcn,8.22,2011-2019,2017
6qlo,5.06,2011-2019,2019
6haj,4.97,2011-2019,2019
5he0,6.82,2011-2019,2016
3ueu,5.24,2011-2019,2011
5jg1,8.72,2011-2019,2016
5o0j,4.77,2011-2019,2018
6iph,6.66,2011-2019,2019
5idn,8.59,2011-2019,2016
5f0f,6.0,2011-2019,2016
6mvx,5.14,2011-2019,2018
6b7f,3.87,2011-2019,2017
5n9n,9.39,2011-2019,2018
5yg3,7.85,2011-2019,2018
4mlx,3.19,2011-2019,2014
4gvd,4.57,2011-2019,2013
3ry8,3.34,2011-2019,2011
5wgp,5.62,2011-2019,2018
5d3x,6.36,2011-2019,2016
5aei,8.96,2011-2019,2016
4ykj,4.43,2011-2019,2015
4ce1,4.38,2011-2019,2014
4yoz,6.8,2011-2019,2015
3q3k,8.13,2011-2019,2011
6hm1,6.04,2011-2019,2019
4mm8,6.11,2011-2019,2013
5oh2,4.24,2011-2019,2018
6mju,7.56,2011-2019,2019
4fea,6.47,2011-2019,2012
4cli,8.89,2011-2019,2014
4q4q,5.79,2011-2019,2014
5yy9,8.04,2011-2019,2018
5fbe,4.85,2011-2019,2016
4o4r,6.06,2011-2019,2014
4pis,7.22,2011-2019,2014
6p89,5.01,2011-2019,2019
6eq6,4.82,2011-2019,2018
4b11,5.64,2011-2019,2012
5i7y,7.28,2011-2019,2016
4e81,5.24,2011-2019,2012
5org,8.4,2011-2019,2017
4m6q,8.21,2011-2019,2013
3wdd,6.11,2011-2019,2013
4kij,4.3,2011-2019,2014
5tq1,5.49,2011-2019,2017
5lwe,9.96,2011-2019,2016
4w9h,6.73,2011-2019,2014
5i94,7.52,2011-2019,2016
6nsx,6.64,2011-2019,2019
6g01,7.41,2011-2019,2019
5kqd,6.3,2011-2019,2016
5qcm,6.96,2011-2019,2017
4zpe,6.35,2011-2019,2015
6dya,6.17,2011-2019,2019
5mja,6.66,2011-2019,2017
3p50,4.62,2011-2019,2011
4y8y,9.15,2011-2019,2015
4rfd,8.05,2011-2019,2015
5xwr,5.98,2011-2019,2018
5er4,2.76,2011-2019,2016
4hxz,6.05,2011-2019,2013
6gla,7.57,2011-2019,2018
6bj2,5.4,2011-2019,2018
5eym,7.6,2011-2019,2016
3msc,3.31,2011-2019,2011
5mih,4.19,2011-2019,2017
6eeh,6.54,2011-2019,2018
6pi5,6.96,2011-2019,2019
5hv1,4.1,2011-2019,2016
5fe6,2.16,2011-2019,2016
4dgm,5.92,2011-2019,2012
4ok6,4.85,2011-2019,2014
5trh,5.08,2011-2019,2016
6nu1,4.51,2011-2019,2019
5sz4,9.7,2011-2019,2016
5wlv,8.52,2011-2019,2018
4ah9,2.46,2011-2019,2012
4kju,8.22,2011-2019,2013
5t23,5.8,2011-2019,2017
6p3t,7.32,2011-2019,2019
5ti5,4.39,2011-2019,2017
3rsr,4.36,2011-2019,2012
6h4d,7.96,2011-2019,2019
4um1,5.77,2011-2019,2015
5u69,6.22,2011-2019,2017
5kh3,4.22,2011-2019,2016
6oac,7.95,2011-2019,2019
4mjr,3.55,2011-2019,2013
6g1v,7.23,2011-2019,2018
4wey,3.5,2011-2019,2015
4cpt,7.7,2011-2019,2014
6gip,7.38,2011-2019,2018
5khi,6.77,2011-2019,2016
4m0z,5.19,2011-2019,2014
5a00,7.52,2011-2019,2015
4pp0,4.4,2011-2019,2014
4ng9,7.12,2011-2019,2014
2xyd,6.82,2011-2019,2011
2yim,3.92,2011-2019,2012
3zpu,8.38,2011-2019,2013
4r93,7.8,2011-2019,2014
4loh,6.96,2011-2019,2013
6uim,6.74,2011-2019,2019
5n2f,7.1,2011-2019,2017
6sen,5.55,2011-2019,2019
6qtw,5.52,2011-2019,2019
2y68,3.6,2011-2019,2011
5nmf,7.42,2011-2019,2017
4c66,4.1,2011-2019,2013
4nuf,5.3,2011-2019,2014
4o1l,6.7,2011-2019,2014
5hes,7.54,2011-2019,2016
4dhq,4.49,2011-2019,2013
6u5y,7.16,2011-2019,2019
3rcd,7.77,2011-2019,2011
4nyt,2.39,2011-2019,2014
6ncp,5.74,2011-2019,2019
4tq3,5.49,2011-2019,2014
4yuz,5.04,2011-2019,2015
5t1u,7.16,2011-2019,2017
6s9w,7.23,2011-2019,2019
4hwo,8.54,2011-2019,2013
4x8o,6.6,2011-2019,2015
4mvh,8.35,2011-2019,2013
4mz6,5.02,2011-2019,2013
3ztc,4.56,2011-2019,2012
5fe7,3.31,2011-2019,2016
5caq,8.57,2011-2019,2015
4k0y,7.82,2011-2019,2013
6ge7,6.06,2011-2019,2018
6hgj,4.38,2011-2019,2019
4fak,4.28,2011-2019,2012
6qqz,6.74,2011-2019,2019
4k6v,4.63,2011-2019,2014
6hh3,6.24,2011-2019,2018
6nzk,4.3,2011-2019,2019
5ixq,4.7,2011-2019,2016
4fc0,7.16,2011-2019,2014
4b3u,5.33,2011-2019,2012
5j82,6.0,2011-2019,2017
4i60,5.73,2011-2019,2013
5izm,5.92,2011-2019,2016
6db3,7.25,2011-2019,2018
5zyg,5.21,2011-2019,2019
6g4m,6.6,2011-2019,2018
4o05,7.43,2011-2019,2014
6inz,5.8,2011-2019,2019
4h7q,5.06,2011-2019,2013
4pd5,2.86,2011-2019,2014
6n0k,5.07,2011-2019,2019
6gl3,7.96,2011-2019,2018
4ty8,2.03,2011-2019,2015
5t8r,4.29,2011-2019,2017
4pgd,6.92,2011-2019,2015
4l7r,5.02,2011-2019,2014
4ucd,4.0,2011-2019,2015
3qkv,7.44,2011-2019,2011
6fjm,6.24,2011-2019,2018
3mam,4.12,2011-2019,2011
6eaa,6.09,2011-2019,2018
5vcv,6.82,2011-2019,2017
6dha,5.68,2011-2019,2019
5c5h,6.4,2011-2019,2015
5vb6,6.37,2011-2019,2017
3wq6,4.59,2011-2019,2014
6pvu,5.21,2011-2019,2019
6ct7,7.0,2011-2019,2018
4lq3,6.35,2011-2019,2014
5nz4,6.28,2011-2019,2018
5u7l,6.37,2011-2019,2017
4bhn,8.2,2011-2019,2013
3n4c,8.02,2011-2019,2011
5fou,3.95,2011-2019,2016
6k1q,7.46,2011-2019,2019
5ly3,7.51,2011-2019,2016
6jsg,8.34,2011-2019,2019
4rj6,7.12,2011-2019,2014
3ozt,4.13,2011-2019,2011
4q9s,3.81,2011-2019,2014
4mc6,9.59,2011-2019,2014
6jjz,8.64,2011-2019,2019
4uiw,7.3,2011-2019,2015
5v8p,4.99,2011-2019,2017
3t09,3.8,2011-2019,2012
5zdb,5.75,2011-2019,2019
3rwd,8.0,2011-2019,2012
4j8b,4.79,2011-2019,2013
5ey4,3.12,2011-2019,2016
4kiw,5.12,2011-2019,2014
6ma2,5.39,2011-2019,2018
5tyo,8.21,2011-2019,2017
5vcx,5.55,2011-2019,2017
6b30,7.22,2011-2019,2018
6no9,10.52,2011-2019,2019
6dz0,9.03,2011-2019,2019
4an2,9.05,2011-2019,2012
3uvn,6.59,2011-2019,2011
4utx,5.24,2011-2019,2014
4ryc,7.1,2011-2019,2015
4i32,7.24,2011-2019,2013
5qcl,7.96,2011-2019,2017
6g4n,5.64,2011-2019,2018
6ak4,5.46,2011-2019,2019
4hkp,4.55,2011-2019,2012
5vqq,5.28,2011-2019,2017
4wsy,7.77,2011-2019,2015
6jaq,3.95,2011-2019,2019
4z1q,7.82,2011-2019,2015
6sq0,9.1,2011-2019,2019
3o0u,7.92,2011-2019,2011
5lyw,6.15,2011-2019,2017
4n9a,4.19,2011-2019,2013
6fyk,8.52,2011-2019,2018
4mqu,8.4,2011-2019,2014
3rk7,6.7,2011-2019,2012
3mmf,7.43,2011-2019,2011
6i78,4.74,2011-2019,2019
3sx9,8.89,2011-2019,2012
6ggb,5.39,2011-2019,2019
6csf,5.44,2011-2019,2019
5eh8,3.1,2011-2019,2016
3wyy,8.49,2011-2019,2015
4gzx,3.19,2011-2019,2012
5dxt,9.7,2011-2019,2016
5dri,7.7,2011-2019,2016
4hev,6.34,2011-2019,2013
4nhx,5.72,2011-2019,2014
6p10,5.22,2011-2019,2019
6pf5,4.96,2011-2019,2019
5a3u,8.32,2011-2019,2015
5o58,6.72,2011-2019,2017
5q11,5.14,2011-2019,2017
4und,8.96,2011-2019,2015
4zqt,5.64,2011-2019,2015
3sw8,4.5,2011-2019,2011
5q0o,7.61,2011-2019,2017
4qmv,7.64,2011-2019,2015
5a5s,5.9,2011-2019,2015
3uok,9.1,2011-2019,2012
3mt8,4.55,2011-2019,2011
6m89,5.64,2011-2019,2019
5yc8,8.19,2011-2019,2018
4j4n,6.88,2011-2019,2013
6hsk,7.03,2011-2019,2018
5kcb,6.0,2011-2019,2016
5ukj,7.16,2011-2019,2017
5z4h,3.02,2011-2019,2018
6fmp,5.64,2011-2019,2018
5u4d,6.33,2011-2019,2017
5fdp,6.51,2011-2019,2016
4na4,6.92,2011-2019,2014
5e74,4.41,2011-2019,2015
3o9a,10.7,2011-2019,2011
3wiy,6.21,2011-2019,2013
4fcr,9.4,2011-2019,2012
5epy,7.4,2011-2019,2016
2yne,8.57,2011-2019,2014
5nr7,6.02,2011-2019,2018
5wh5,7.19,2011-2019,2018
5yof,5.82,2011-2019,2018
4nak,5.85,2011-2019,2014
5xkm,7.62,2011-2019,2017
2l84,7.72,2011-2019,2011
4o3u,6.4,2011-2019,2014
2loz,4.06,2011-2019,2012
5aml,9.15,2011-2019,2015
4u0d,4.31,2011-2019,2014
6sfk,7.15,2011-2019,2019
5aag,7.34,2011-2019,2015
4yuy,3.34,2011-2019,2015
5ivt,9.1,2011-2019,2016
4e34,6.01,2011-2019,2012
4an9,7.36,2011-2019,2012
4daf,7.12,2011-2019,2012
5zjf,4.54,2011-2019,2019
5u00,8.7,2011-2019,2017
4bcj,7.96,2011-2019,2013
4jfe,4.51,2011-2019,2013
5kbi,5.39,2011-2019,2016
5itp,5.0,2011-2019,2016
4jpc,7.03,2011-2019,2013
3tyq,8.3,2011-2019,2012
5ll4,8.4,2011-2019,2017
5t68,7.64,2011-2019,2016
4yux,3.74,2011-2019,2015
4qnb,6.59,2011-2019,2014
6mo9,5.81,2011-2019,2019
5i2e,6.64,2011-2019,2016
2xbj,8.52,2011-2019,2011
6iam,6.85,2011-2019,2019
4xhl,4.43,2011-2019,2016
5tex,6.4,2011-2019,2017
4kyk,4.74,2011-2019,2013
5yjk,6.09,2011-2019,2017
4awk,6.89,2011-2019,2012
6q4g,4.3,2011-2019,2019
4esg,5.56,2011-2019,2012
4ie4,5.48,2011-2019,2013
4z0k,6.34,2011-2019,2015
4rll,5.02,2011-2019,2014
4iur,5.58,2011-2019,2013
5jjm,7.51,2011-2019,2017
6acb,9.41,2011-2019,2018
3qt6,5.37,2011-2019,2011
3ujd,4.69,2011-2019,2011
5q13,7.04,2011-2019,2017
3s9e,5.13,2011-2019,2011
6aji,4.53,2011-2019,2018
5u9d,9.26,2011-2019,2017
5wal,8.77,2011-2019,2017
6hb6,7.36,2011-2019,2019
3q4l,7.26,2011-2019,2011
3u7m,7.45,2011-2019,2012
6p8x,5.56,2011-2019,2019
5zaf,6.78,2011-2019,2018
6j8r,6.12,2011-2019,2019
4m1j,9.7,2011-2019,2013
6uhv,6.92,2011-2019,2019
6aqq,6.55,2011-2019,2018
3s43,8.6,2011-2019,2012
4gtr,8.3,2011-2019,2012
6ipi,5.71,2011-2019,2019
3poa,7.0,2011-2019,2011
5qaj,3.48,2011-2019,2018
4nld,7.7,2011-2019,2014
4lm2,3.03,2011-2019,2014
4yv9,6.4,2011-2019,2015
4men,3.9,2011-2019,2013
6nj0,6.61,2011-2019,2019
5nsx,6.4,2011-2019,2018
6bky,6.57,2011-2019,2018
3qaa,11.54,2011-2019,2011
3zlq,6.04,2011-2019,2013
5fao,7.96,2011-2019,2016
5xvw,5.48,2011-2019,2018
5etj,10.18,2011-2019,2016
4yp1,5.04,2011-2019,2015
4lwe,7.15,2011-2019,2014
3rf4,6.25,2011-2019,2011
6ahs,5.82,2011-2019,2019
4cfe,7.22,2011-2019,2013
4tya,2.39,2011-2019,2015
4k8s,7.44,2011-2019,2013
6f9u,5.13,2011-2019,2018
4rj4,7.8,2011-2019,2014
5alr,7.07,2011-2019,2015
6f7b,8.89,2011-2019,2018
5h1v,4.0,2011-2019,2017
4dum,7.02,2011-2019,2012
5v9p,6.14,2011-2019,2017
5t97,7.77,2011-2019,2017
4do5,5.83,2011-2019,2012
4c68,6.17,2011-2019,2014
5etl,4.64,2011-2019,2016
5a2j,5.85,2011-2019,2015
6jof,4.98,2011-2019,2019
6n5h,6.45,2011-2019,2019
4x2s,6.55,2011-2019,2015
3aje,5.03,2011-2019,2011
4i7k,3.04,2011-2019,2013
5lo5,5.87,2011-2019,2017
4l0b,7.17,2011-2019,2013
5o3q,5.68,2011-2019,2018
6elp,6.63,2011-2019,2018
5b0x,7.7,2011-2019,2016
6htt,6.66,2011-2019,2018
5lj0,8.0,2011-2019,2016
2lgf,5.57,2011-2019,2012
4mw5,7.35,2011-2019,2014
5ejl,6.62,2011-2019,2016
5ets,5.91,2011-2019,2016
3wc7,8.26,2011-2019,2013
6iae,4.7,2011-2019,2019
4ec0,6.07,2011-2019,2012
5eqy,8.0,2011-2019,2016
5k0x,8.36,2011-2019,2017
4ret,7.59,2011-2019,2015
6cf6,5.24,2011-2019,2018
5ant,6.36,2011-2019,2016
5fcz,4.2,2011-2019,2016
6mub,7.0,2011-2019,2018
5kr2,8.48,2011-2019,2016
6b41,8.48,2011-2019,2018
4lbu,6.56,2011-2019,2014
4g16,6.85,2011-2019,2013
4f3h,6.38,2011-2019,2012
2y1n,4.77,2011-2019,2012
2xel,3.9,2011-2019,2011
3wz7,5.74,2011-2019,2015
5izl,5.73,2011-2019,2016
4ujb,8.0,2011-2019,2016
4nmx,6.18,2011-2019,2013
4aoi,8.4,2011-2019,2012
6hv4,6.23,2011-2019,2019
4fp1,4.57,2011-2019,2013
4anq,6.22,2011-2019,2013
6bxy,8.05,2011-2019,2018
5d9p,3.2,2011-2019,2015
6n9t,4.15,2011-2019,2019
6dyr,3.66,2011-2019,2019
4e49,5.11,2011-2019,2012
3tu7,8.09,2011-2019,2011
4ep2,5.35,2011-2019,2012
4dcs,5.1,2011-2019,2012
4yef,5.35,2011-2019,2015
5jo0,7.3,2011-2019,2016
4e96,6.66,2011-2019,2012
4lc7,4.93,2011-2019,2013
6npm,3.96,2011-2019,2019
3s2p,7.17,2011-2019,2011
2yfx,8.09,2011-2019,2011
5gic,6.48,2011-2019,2016
4tsx,4.99,2011-2019,2014
4cg8,6.96,2011-2019,2014
6dz2,8.85,2011-2019,2019
5ty8,5.46,2011-2019,2017
6gbw,8.45,2011-2019,2019
4xx3,7.25,2011-2019,2015
3oli,7.38,2011-2019,2011
3nyd,3.48,2011-2019,2011
5c29,6.06,2011-2019,2015
5svz,5.92,2011-2019,2016
3vru,10.0,2011-2019,2012
5f32,4.94,2011-2019,2016
3s8o,6.85,2011-2019,2011
3zlw,3.7,2011-2019,2013
5hh4,5.96,2011-2019,2017
6gj6,4.7,2011-2019,2019
5qqo,7.77,2011-2019,2019
5iu6,3.89,2011-2019,2017
5ows,8.0,2011-2019,2018
6edr,4.55,2011-2019,2018
3zze,8.89,2011-2019,2011
5d25,6.3,2011-2019,2016
5ap2,8.48,2011-2019,2015
4bdg,4.12,2011-2019,2013
6pk7,4.72,2011-2019,2019
4ybi,6.6,2011-2019,2015
5gr9,7.48,2011-2019,2016
4gj6,5.12,2011-2019,2013
3vf9,8.72,2011-2019,2012
3zi0,7.4,2011-2019,2013
4edz,8.08,2011-2019,2012
3ska,7.49,2011-2019,2011
4joh,3.35,2011-2019,2014
2y6o,7.6,2011-2019,2011
3qkk,6.52,2011-2019,2011
2yer,7.7,2011-2019,2012
5oci,8.05,2011-2019,2018
6pxc,6.37,2011-2019,2019
5nxx,4.77,2011-2019,2018
5wip,4.71,2011-2019,2017
4g19,3.58,2011-2019,2012
5ew9,11.0,2011-2019,2016
3zs0,6.7,2011-2019,2011
6q8k,6.54,2011-2019,2019
5ak0,7.68,2011-2019,2015
4wy1,5.29,2011-2019,2015
6g2c,4.66,2011-2019,2019
3ove,6.57,2011-2019,2011
3t0x,8.0,2011-2019,2012
5x9o,5.3,2011-2019,2017
4in9,4.97,2011-2019,2013
5aoi,3.03,2011-2019,2015
4q7v,3.59,2011-2019,2015
6c2r,9.1,2011-2019,2019
5nt4,7.77,2011-2019,2018
5lzh,3.1,2011-2019,2017
4p44,7.8,2011-2019,2015
4bo3,6.52,2011-2019,2013
5ai5,7.03,2011-2019,2015
6g39,8.34,2011-2019,2018
3r2y,8.07,2011-2019,2011
3v04,7.89,2011-2019,2012
3o0g,6.22,2011-2019,2011
4c35,6.25,2011-2019,2013
6e4c,9.92,2011-2019,2019
6qxu,8.15,2011-2019,2019
2z94,5.85,2001-2010,2007
2qqs,6.4,2001-2010,2007
2pwr,6.59,2001-2010,2008
3oc0,6.28,2001-2010,2010
3k15,4.92,2001-2010,2010
1jgl,8.7,2001-2010,2001
2kbs,5.0,2001-2010,2009
1fzj,8.1,2001-2010,2001
1oba,2.44,2001-2010,2003
2h8h,8.57,2001-2010,2006
3fvh,6.35,2001-2010,2009
3f37,2.62,2001-2010,2009
3ad8,3.16,2001-2010,2010
1hvy,6.54,2001-2010,2001
2ggd,3.8,2001-2010,2006
2rc9,7.4,2001-2010,2008
2ohq,4.6,2001-2010,2007
3h2a,3.96,2001-2010,2009
3mxf,7.31,2001-2010,2010
3c7p,10.0,2001-2010,2009
2iku,7.1,2001-2010,2006
2k46,4.58,2001-2010,2008
1i72,7.26,2001-2010,2001
3k5k,7.64,2001-2010,2009
2x6f,4.59,2001-2010,2010
2z60,8.05,2001-2010,2007
1h1d,8.22,2001-2010,2003
1uu7,4.85,2001-2010,2004
1h2k,2.92,2001-2010,2002
2i0e,8.7,2001-2010,2006
3ksl,4.52,2001-2010,2009
2h2h,4.98,2001-2010,2006
1qwu,3.22,2001-2010,2003
1pmn,8.15,2001-2010,2003
2j77,4.89,2001-2010,2006
1xot,5.42,2001-2010,2004
1n0s,7.45,2001-2010,2003
1nhz,6.08,2001-2010,2003
2q72,2.68,2001-2010,2007
1n46,10.52,2001-2010,2003
3hio,6.52,2001-2010,2009
2owb,6.36,2001-2010,2007
3iph,7.6,2001-2010,2009
1ilh,7.39,2001-2010,2001
2wva,10.7,2001-2010,2010
2qmf,8.52,2001-2010,2008
1y57,5.79,2001-2010,2005
2a8g,3.69,2001-2010,2006
2vh6,9.7,2001-2010,2008
1i91,8.94,2001-2010,2001
1pdq,5.3,2001-2010,2003
1g9r,5.7,2001-2010,2001
2jle,6.42,2001-2010,2009
1g2m,7.4,2001-2010,2001
1qxl,7.96,2001-2010,2004
1ouy,8.37,2001-2010,2003
3ddf,4.66,2001-2010,2008
1uyi,5.39,2001-2010,2004
1y2f,4.92,2001-2010,2005
2zpk,7.76,2001-2010,2008
2vtl,4.01,2001-2010,2008
3dya,8.52,2001-2010,2008
3hll,8.24,2001-2010,2009
3feg,4.35,2001-2010,2008
3hik,6.35,2001-2010,2009
1pu8,3.1,2001-2010,2003
1yys,6.33,2001-2010,2005
2fzc,2.7,2001-2010,2006
3mj2,7.82,2001-2010,2010
2ds1,8.47,2001-2010,2007
3dtc,7.59,2001-2010,2009
2nmy,8.37,2001-2010,2007
1oss,4.79,2001-2010,2003
2isw,7.43,2001-2010,2006
3ggj,6.0,2001-2010,2009
2vkm,8.74,2001-2010,2008
3lka,2.82,2001-2010,2010
3el8,7.6,2001-2010,2008
3k5d,7.28,2001-2010,2010
1lvc,6.0,2001-2010,2002
1oj5,6.1,2001-2010,2004
2xne,6.72,2001-2010,2010
3lhg,7.7,2001-2010,2010
3k02,5.0,2001-2010,2010
1sj0,9.1,2001-2010,2004
2wxq,7.47,2001-2010,2010
1jyc,4.34,2001-2010,2002
1lee,7.74,2001-2010,2002
2rg5,8.51,2001-2010,2008
3d45,5.68,2001-2010,2009
3gx0,3.48,2001-2010,2009
1lol,6.39,2001-2010,2002
3m2u,7.0,2001-2010,2010
3hek,8.27,2001-2010,2009
2zft,6.52,2001-2010,2009
2ow6,2.7,2001-2010,2008
1u9l,5.02,2001-2010,2004
2v3d,3.94,2001-2010,2007
3chd,4.92,2001-2010,2008
3cic,8.52,2001-2010,2008
2qnp,6.41,2001-2010,2008
1jij,8.52,2001-2010,2001
1q3w,8.4,2001-2010,2003
1tu6,9.08,2001-2010,2004
1k9s,6.52,2001-2010,2001
2a0c,7.3,2001-2010,2006
2uw7,7.74,2001-2010,2007
3g0f,7.66,2001-2010,2009
3lc5,6.57,2001-2010,2010
1lpz,7.6,2001-2010,2003
2p3i,3.48,2001-2010,2008
2nq6,5.82,2001-2010,2006
2gzl,4.82,2001-2010,2006
2xb7,9.19,2001-2010,2010
2wf5,6.0,2001-2010,2009
2vip,5.28,2001-2010,2008
2q1l,7.91,2001-2010,2007
2jld,10.4,2001-2010,2008
2i72,7.43,2001-2010,2007
3bux,5.63,2001-2010,2008
2iwx,6.68,2001-2010,2006
3hg1,4.74,2001-2010,2009
2ph6,7.57,2001-2010,2007
2ew6,4.97,2001-2010,2006
1ghv,4.35,2001-2010,2002
2wih,7.35,2001-2010,2009
2vvv,8.22,2001-2010,2009
2vqj,6.44,2001-2010,2008
2uuo,3.77,2001-2010,2008
2wf3,7.72,2001-2010,2009
1i7g,6.0,2001-2010,2002
3hu1,6.89,2001-2010,2010
2xey,5.19,2001-2010,2010
1y3v,5.64,2001-2010,2005
2hwh,5.7,2001-2010,2006
1mxo,9.0,2001-2010,2003
2fv9,7.22,2001-2010,2006
2j78,6.42,2001-2010,2006
3fvl,6.07,2001-2010,2010
1h2t,7.89,2001-2010,2002
2v2q,4.15,2001-2010,2007
3cqw,7.38,2001-2010,2008
2f89,6.48,2001-2010,2006
1joj,4.22,2001-2010,2001
2wtj,6.15,2001-2010,2009
2qtr,5.49,2001-2010,2008
3che,5.29,2001-2010,2008
1pyn,5.49,2001-2010,2003
2b07,6.43,2001-2010,2005
2zv9,8.05,2001-2010,2008
2b1g,6.64,2001-2010,2006
3d04,6.05,2001-2010,2008
2z7h,6.94,2001-2010,2008
2qpq,6.37,2001-2010,2007
2vt3,4.15,2001-2010,2008
2gj4,6.5,2001-2010,2007
2q55,8.69,2001-2010,2007
1h0w,4.89,2001-2010,2003
2o4h,6.52,2001-2010,2007
1i9p,8.41,2001-2010,2001
2gfa,4.98,2001-2010,2006
3bgl,8.35,2001-2010,2008
2p3g,6.9,2001-2010,2007
3e37,5.39,2001-2010,2009
3kwf,8.17,2001-2010,2010
2z9g,6.15,2001-2010,2007
3bqn,8.6,2001-2010,2008
2xtn,7.4,2001-2010,2010
2qaf,5.36,2001-2010,2008
1o2t,7.85,2001-2010,2003
3dbd,7.38,2001-2010,2008
1o44,8.52,2001-2010,2004
3kqp,3.42,2001-2010,2010
3ekq,6.75,2001-2010,2009
2uue,6.13,2001-2010,2007
3cft,4.19,2001-2010,2009
2etr,6.82,2001-2010,2005
1v11,3.98,2001-2010,2004
3gqz,2.17,2001-2010,2009
1i7z,6.4,2001-2010,2001
1uj0,4.57,2001-2010,2003
1k06,5.34,2001-2010,2001
2jbv,3.54,2001-2010,2007
2fu8,4.7,2001-2010,2007
1r5g,7.52,2001-2010,2004
2epn,7.22,2001-2010,2008
2xcg,8.05,2001-2010,2010
1h01,4.66,2001-2010,2003
2uw3,4.1,2001-2010,2007
2x4s,4.2,2001-2010,2010
3g6z,9.7,2001-2010,2009
2f70,4.47,2001-2010,2005
1u9q,8.33,2001-2010,2005
2jsd,7.77,2001-2010,2007
2wi2,3.46,2001-2010,2009
2ei6,7.39,2001-2010,2008
2br8,7.49,2001-2010,2005
1nw4,9.07,2001-2010,2004
2uyw,13.0,2001-2010,2008
3gsg,2.7,2001-2010,2009
1tou,6.0,2001-2010,2004
3kr2,5.14,2001-2010,2010
3eou,7.01,2001-2010,2009
1p5e,4.81,2001-2010,2003
3m57,5.4,2001-2010,2010
2rgu,9.0,2001-2010,2007
2a4z,6.6,2001-2010,2005
2ai7,6.4,2001-2010,2005
2v88,4.09,2001-2010,2007
3iu8,6.24,2001-2010,2010
2j62,11.34,2001-2010,2007
2j27,3.52,2001-2010,2007
2wa4,4.74,2001-2010,2010
1h0r,3.7,2001-2010,2003
2qe5,5.79,2001-2010,2007
1puq,7.28,2001-2010,2003
2ovq,7.15,2001-2010,2007
2xdw,8.37,2001-2010,2010
3acx,5.7,2001-2010,2010
1jdj,2.3,2001-2010,2002
3biz,7.24,2001-2010,2007
2iog,8.1,2001-2010,2007
2r75,6.15,2001-2010,2008
3btr,5.3,2001-2010,2008
2a4w,8.29,2001-2010,2006
2al5,8.4,2001-2010,2005
2pcu,3.04,2001-2010,2007
1zfk,7.92,2001-2010,2006
3kfc,8.55,2001-2010,2009
2za5,8.43,2001-2010,2008
3g19,6.67,2001-2010,2009
2j7f,6.35,2001-2010,2006
3fdn,7.48,2001-2010,2009
1o5e,5.74,2001-2010,2004
2wq4,2.57,2001-2010,2010
3mj5,6.49,2001-2010,2010
3p8p,4.55,2001-2010,2010
2v3u,3.0,2001-2010,2007
3ia6,8.52,2001-2010,2009
2evo,7.17,2001-2010,2006
1z5m,7.52,2001-2010,2005
1x76,8.72,2001-2010,2005
3d1f,5.74,2001-2010,2008
2wic,5.39,2001-2010,2010
2xru,7.51,2001-2010,2010
2bba,7.15,2001-2010,2006
3mv5,6.74,2001-2010,2010
1tl7,7.92,2001-2010,2004
2zgm,1.79,2001-2010,2009
2gph,5.3,2001-2010,2006
2vxn,5.0,2001-2010,2009
1o2g,6.12,2001-2010,2003
3kyq,4.22,2001-2010,2010
1g4k,5.7,2001-2010,2001
2wk6,3.32,2001-2010,2009
2p8o,4.85,2001-2010,2007
3nzs,7.12,2001-2010,2010
1ujj,6.1,2001-2010,2004
3kku,5.7,2001-2010,2010
2bjm,3.7,2001-2010,2005
2vx0,6.24,2001-2010,2008
1o4q,2.49,2001-2010,2004
2r4b,7.18,2001-2010,2008
3eu7,6.18,2001-2010,2009
1yw8,8.0,2001-2010,2006
3iub,4.54,2001-2010,2009
3lqj,5.37,2001-2010,2010
1njj,2.1,2001-2010,2003
2a0t,4.82,2001-2010,2005
3obx,3.89,2001-2010,2010
3c8a,6.18,2001-2010,2008
3i0s,9.0,2001-2010,2009
3drf,7.0,2001-2010,2009
2r64,7.52,2001-2010,2008
3hbo,5.09,2001-2010,2010
2p3c,7.62,2001-2010,2007
3cqu,6.82,2001-2010,2008
3d2r,5.48,2001-2010,2008
2joa,5.96,2001-2010,2007
2hmv,7.7,2001-2010,2006
1zp8,8.77,2001-2010,2005
2r0u,9.0,2001-2010,2007
3nu6,9.3,2001-2010,2010
3io7,7.77,2001-2010,2009
1rtl,5.59,2001-2010,2004
1mrw,9.7,2001-2010,2003
2j87,4.85,2001-2010,2006
2p53,7.46,2001-2010,2007
1n1v,3.85,2001-2010,2003
1nmk,8.24,2001-2010,2003
2vjx,4.96,2001-2010,2008
1nzl,7.15,2001-2010,2003
3a1c,4.0,2001-2010,2009
2p98,6.19,2001-2010,2007
3gi5,11.22,2001-2010,2010
3eyh,7.7,2001-2010,2009
1xk9,6.85,2001-2010,2005
2zdk,6.37,2001-2010,2008
2wbg,4.45,2001-2010,2009
3d3x,4.16,2001-2010,2008
3g2w,5.66,2001-2010,2009
2ovy,8.4,2001-2010,2007
1li3,4.25,2001-2010,2002
3ikd,6.75,2001-2010,2009
3cy2,7.22,2001-2010,2008
3byu,9.1,2001-2010,2008
3k3g,2.85,2001-2010,2009
3l6h,5.4,2001-2010,2010
1yc1,6.17,2001-2010,2005
3jy0,8.3,2001-2010,2009
2qi7,10.21,2001-2010,2008
3dpe,7.24,2001-2010,2009
2nwl,8.7,2001-2010,2007
2vcj,7.68,2001-2010,2007
3ha6,5.68,2001-2010,2009
1n1g,2.3,2001-2010,2003
3e4a,8.77,2001-2010,2009
1e5j,4.0,2001-2010,2001
1n3w,6.96,2001-2010,2003
2f2c,6.35,2001-2010,2006
3d9m,3.48,2001-2010,2008
1n1m,5.7,2001-2010,2002
3c1x,7.35,2001-2010,2008
3djv,4.55,2001-2010,2009
1o39,7.13,2001-2010,2003
2vw5,8.52,2001-2010,2008
1iy7,6.19,2001-2010,2003
3o96,7.24,2001-2010,2010
3eht,5.17,2001-2010,2008
1m13,7.57,2001-2010,2003
1ow8,5.4,2001-2010,2003
2zzu,7.41,2001-2010,2009
2qi1,7.3,2001-2010,2008
1xdd,6.7,2001-2010,2004
3h0z,8.37,2001-2010,2009
2e98,6.23,2001-2010,2007
2aog,6.28,2001-2010,2006
1w14,8.52,2001-2010,2008
3neo,5.92,2001-2010,2010
1mto,6.96,2001-2010,2002
2xg5,4.66,2001-2010,2010
3nga,8.0,2001-2010,2010
2uvm,7.1,2001-2010,2007
1rgj,8.31,2001-2010,2003
1zom,7.52,2001-2010,2006
3irx,9.0,2001-2010,2010
2qrm,4.03,2001-2010,2008
2fdd,8.32,2001-2010,2006
1f8b,5.4,2001-2010,2001
1hbj,8.52,2001-2010,2001
3gk4,3.92,2001-2010,2009
2kgi,6.12,2001-2010,2009
3ftv,2.93,2001-2010,2009
1lgw,4.0,2001-2010,2002
3ddp,7.14,2001-2010,2008
2bal,6.31,2001-2010,2005
2wl5,4.52,2001-2010,2009
3lhs,9.0,2001-2010,2010
2won,6.2,2001-2010,2010
1szm,5.53,2001-2010,2004
1wm1,6.3,2001-2010,2004
1j81,7.1,2001-2010,2001
1s5q,5.28,2001-2010,2004
2w70,4.92,2001-2010,2009
2vew,7.19,2001-2010,2007
2cvd,6.1,2001-2010,2006
1mqd,6.77,2001-2010,2003
2j47,5.41,2001-2010,2006
1q8u,5.96,2001-2010,2003
2nqg,6.48,2001-2010,2007
2wzy,10.72,2001-2010,2010
2zp0,7.6,2001-2010,2008
3odk,3.14,2001-2010,2010
1ugy,3.72,2001-2010,2003
1wvj,6.73,2001-2010,2005
1y2d,5.7,2001-2010,2005
2ayr,9.29,2001-2010,2005
2qhr,7.39,2001-2010,2008
1ua4,4.22,2001-2010,2004
3kb7,8.15,2001-2010,2010
2qe2,7.77,2001-2010,2007
2bkt,7.64,2001-2010,2006
3el9,8.4,2001-2010,2009
3hfz,4.89,2001-2010,2009
3l5d,4.11,2001-2010,2010
2g94,9.52,2001-2010,2006
3l4z,6.72,2001-2010,2010
3l4w,6.0,2001-2010,2010
1k6p,7.36,2001-2010,2002
1pf8,7.51,2001-2010,2003
3eb1,4.79,2001-2010,2009
1juf,5.85,2001-2010,2002
3efr,5.08,2001-2010,2009
1nc6,8.0,2001-2010,2003
2zc9,6.74,2001-2010,2008
1xh7,6.82,2001-2010,2005
3iww,7.96,2001-2010,2009
2g79,6.92,2001-2010,2007
1gyx,2.48,2001-2010,2002
3e73,3.15,2001-2010,2009
2wa8,5.42,2001-2010,2009
1s38,5.15,2001-2010,2004
1ppw,4.3,2001-2010,2004
2chx,7.74,2001-2010,2006
2rc8,6.52,2001-2010,2008
3ml4,5.33,2001-2010,2010
3cd0,7.57,2001-2010,2008
2e9n,8.21,2001-2010,2008
2qju,4.1,2001-2010,2007
3f70,4.85,2001-2010,2009
2igx,7.27,2001-2010,2006
3g8e,5.35,2001-2010,2009
3kqy,4.82,2001-2010,2010
2oht,5.04,2001-2010,2007
1w9u,6.09,2001-2010,2004
3k1j,6.4,2001-2010,2010
3c6w,5.62,2001-2010,2008
3kvw,6.89,2001-2010,2010
2vnf,5.52,2001-2010,2008
1wuq,8.27,2001-2010,2005
1xm6,6.38,2001-2010,2004
3cwj,8.0,2001-2010,2009
1k4h,5.11,2001-2010,2002
3f19,7.19,2001-2010,2008
2am1,6.0,2001-2010,2006
1h46,3.57,2001-2010,2003
3gxy,5.59,2001-2010,2009
3liw,7.6,2001-2010,2010
2j4i,9.0,2001-2010,2006
2np9,5.57,2001-2010,2007
1mzc,10.22,2001-2010,2003
3hvk,8.52,2001-2010,2009
1xh5,5.47,2001-2010,2005
2uwp,6.81,2001-2010,2007
1jik,9.7,2001-2010,2001
1rsd,6.52,2001-2010,2004
2pe0,7.1,2001-2010,2007
2brp,4.0,2001-2010,2006
1utm,3.01,2001-2010,2004
3bjc,6.96,2001-2010,2008
3fui,6.8,2001-2010,2009
2xib,7.26,2001-2010,2010
2p8n,3.15,2001-2010,2007
2k2r,2.89,2001-2010,2008
1v0l,7.55,2001-2010,2004
2rke,4.08,2001-2010,2008
1pzo,3.32,2001-2010,2004
2qhz,7.28,2001-2010,2008
2zm3,6.21,2001-2010,2008
2jc0,4.7,2001-2010,2007
2q8y,3.99,2001-2010,2007
1y19,6.77,2001-2010,2005
3l54,8.15,2001-2010,2010
2fb8,9.8,2001-2010,2006
2gvf,7.6,2001-2010,2007
3l7a,4.33,2001-2010,2010
1y8p,6.08,2001-2010,2005
3hzv,6.52,2001-2010,2010
3i81,7.89,2001-2010,2009
1nj5,7.3,2001-2010,2003
1gmy,7.35,2001-2010,2002
1q9d,4.6,2001-2010,2003
2pe2,8.4,2001-2010,2007
2o65,6.19,2001-2010,2007
3b8z,6.54,2001-2010,2007
1pxo,8.7,2001-2010,2004
3lvp,8.7,2001-2010,2010
1q91,4.15,2001-2010,2004
2q8h,3.0,2001-2010,2007
2hmu,7.7,2001-2010,2006
2zkj,5.48,2001-2010,2008
1loq,3.7,2001-2010,2002
1kzk,10.39,2001-2010,2002
3f5k,4.62,2001-2010,2009
3buw,5.83,2001-2010,2008
3b5j,5.68,2001-2010,2008
2pj7,7.77,2001-2010,2008
2xaf,4.64,2001-2010,2010
2uyq,5.68,2001-2010,2007
1q5k,7.42,2001-2010,2004
2wmx,6.07,2001-2010,2009
1u3s,8.85,2001-2010,2005
3n1c,5.22,2001-2010,2010
2g5p,8.42,2001-2010,2006
1ms0,2.91,2001-2010,2003
1nym,5.4,2001-2010,2003
3e8n,7.72,2001-2010,2009
1yye,8.57,2001-2010,2006
1t69,6.32,2001-2010,2004
2i3z,8.7,2001-2010,2006
2a4q,7.18,2001-2010,2006
1z71,9.18,2001-2010,2005
3l8x,8.0,2001-2010,2010
2ow0,6.7,2001-2010,2007
2e9v,7.9,2001-2010,2008
2og8,9.3,2001-2010,2007
3b4f,8.14,2001-2010,2008
1gx4,4.28,2001-2010,2003
2o7v,5.96,2001-2010,2007
3bgq,7.96,2001-2010,2007
1xoz,8.92,2001-2010,2004
3omg,4.72,2001-2010,2010
1yi3,5.4,2001-2010,2005
2ha3,3.03,2001-2010,2006
3coy,6.02,2001-2010,2008
1p4r,8.1,2001-2010,2004
1i80,6.41,2001-2010,2001
1n94,8.96,2001-2010,2003
2ieh,6.96,2001-2010,2007
2ccu,6.13,2001-2010,2006
2a5c,4.62,2001-2010,2006
2qfu,4.18,2001-2010,2007
1i8h,4.54,2001-2010,2001
2uym,5.51,2001-2010,2007
1z1r,9.22,2001-2010,2005
3n7r,7.7,2001-2010,2010
2jqk,3.4,2001-2010,2007
1w12,7.85,2001-2010,2008
3f3d,7.16,2001-2010,2008
1fvt,7.22,2001-2010,2001
2o5k,7.82,2001-2010,2007
3ggv,10.85,2001-2010,2009
3dog,7.4,2001-2010,2008
3ipx,6.92,2001-2010,2010
3eio,6.65,2001-2010,2008
2chw,4.77,2001-2010,2006
3f7i,7.34,2001-2010,2009
3h2n,3.67,2001-2010,2009
2pvk,8.3,2001-2010,2008
1x39,9.22,2001-2010,2005
2jf4,8.15,2001-2010,2007
2zdz,6.15,2001-2010,2008
2v87,4.6,2001-2010,2007
1o3i,7.3,2001-2010,2003
3fh5,7.06,2001-2010,2010
2rcu,6.68,2001-2010,2007
3kjd,8.54,2001-2010,2009
2jql,6.52,2001-2010,2008
3h0q,6.07,2001-2010,2010
3fzs,5.82,2001-2010,2009
3djk,10.59,2001-2010,2008
1opi,7.3,2001-2010,2004
3nal,8.1,2001-2010,2010
2h6t,7.22,2001-2010,2007
3jwr,8.07,2001-2010,2009
1yvf,7.0,2001-2010,2005
2qrh,4.71,2001-2010,2008
1f8c,7.4,2001-2010,2001
2fdp,7.59,2001-2010,2006
2az8,8.22,2001-2010,2006
2ayp,8.15,2001-2010,2006
1njf,6.21,2001-2010,2003
2b4m,3.53,2001-2010,2006
1ke5,6.25,2001-2010,2002
2fde,9.15,2001-2010,2006
3moe,4.3,2001-2010,2010
1ryh,7.56,2001-2010,2004
1il4,2.85,2001-2010,2002
1jvp,5.8,2001-2010,2001
3le9,8.22,2001-2010,2010
1lek,8.89,2001-2010,2002
1h62,4.77,2001-2010,2001
1xr8,6.7,2001-2010,2005
2k00,4.62,2001-2010,2008
3b82,4.43,2001-2010,2008
1ow7,5.4,2001-2010,2003
2j4k,4.85,2001-2010,2007
3gk2,2.7,2001-2010,2009
2h13,5.35,2001-2010,2006
3hha,7.9,2001-2010,2009
1i8i,7.66,2001-2010,2002
2erz,5.66,2001-2010,2005
3kc1,9.0,2001-2010,2010
2wkz,8.77,2001-2010,2009
2r3o,6.22,2001-2010,2008
2fme,6.98,2001-2010,2006
3d3p,8.5,2001-2010,2009
3jzj,3.61,2001-2010,2010
1so2,9.57,2001-2010,2004
1r5n,5.42,2001-2010,2004
1y3a,5.41,2001-2010,2005
2auc,4.08,2001-2010,2006
3lco,6.84,2001-2010,2010
2ael,6.29,2001-2010,2005
3lcd,7.4,2001-2010,2010
1uwh,7.66,2001-2010,2004
2xez,5.82,2001-2010,2010
3i0r,8.52,2001-2010,2009
2rjr,1.94,2001-2010,2008
2x4u,4.32,2001-2010,2010
1g9b,5.3,2001-2010,2002
1x38,8.77,2001-2010,2005
3dv5,7.66,2001-2010,2009
3dv1,6.23,2001-2010,2009
2e9c,5.96,2001-2010,2007
1k2i,3.11,2001-2010,2001
2cct,5.02,2001-2010,2006
2onc,7.89,2001-2010,2008
2j7d,7.13,2001-2010,2006
2e9d,5.89,2001-2010,2007
1wcq,6.26,2001-2010,2005
2feq,8.86,2001-2010,2006
3hac,8.17,2001-2010,2009
2ww2,4.85,2001-2010,2009
2xa4,8.52,2001-2010,2010
3hf8,6.51,2001-2010,2010
3cj3,4.24,2001-2010,2008
2oz5,6.48,2001-2010,2007
3me9,6.3,2001-2010,2010
3nuj,9.39,2001-2010,2010
1ljt,5.15,2001-2010,2002
1zuc,8.77,2001-2010,2005
3fvn,6.77,2001-2010,2010
1w83,7.19,2001-2010,2005
2oic,8.4,2001-2010,2007
2k0x,5.68,2001-2010,2008
1ywr,7.89,2001-2010,2005
2o63,6.11,2001-2010,2007
2o4j,10.1,2001-2010,2007
3d27,4.25,2001-2010,2008
2vin,3.0,2001-2010,2008
2ama,8.0,2001-2010,2006
1n1t,3.85,2001-2010,2003
3i7g,6.37,2001-2010,2009
3eq9,7.39,2001-2010,2009
3o84,7.24,2001-2010,2010
3bt9,5.71,2001-2010,2008
1f8d,3.4,2001-2010,2001
2bks,7.43,2001-2010,2006
3agl,7.8,2001-2010,2010
2bw7,5.7,2001-2010,2005
2o4s,10.51,2001-2010,2006
2zof,8.15,2001-2010,2008
1ll4,7.22,2001-2010,2002
3fkv,7.57,2001-2010,2009
1wtg,7.03,2001-2010,2005
2vwu,6.46,2001-2010,2008
2idk,5.54,2001-2010,2006
3c88,6.8,2001-2010,2008
1g7f,5.47,2001-2010,2001
3pa3,9.0,2001-2010,2010
1yxd,5.3,2001-2010,2005
3ot3,8.3,2001-2010,2010
1jlq,8.15,2001-2010,2001
2vhq,3.85,2001-2010,2007
1wu1,7.74,2001-2010,2005
3adu,4.14,2001-2010,2010
1u3r,8.3,2001-2010,2005
2f8g,8.7,2001-2010,2006
1q65,5.46,2001-2010,2004
3kjn,5.19,2001-2010,2010
1t4s,2.44,2001-2010,2004
1lhu,8.83,2001-2010,2002
2no3,8.05,2001-2010,2007
1o79,6.39,2001-2010,2003
1utz,5.85,2001-2010,2004
2wbb,6.04,2001-2010,2009
1gvw,6.96,2001-2010,2002
2fts,7.05,2001-2010,2006
2bes,4.24,2001-2010,2004
2x6i,6.08,2001-2010,2010
3n46,4.3,2001-2010,2010
1q6p,8.52,2001-2010,2003
3cib,7.85,2001-2010,2008
3n2v,7.51,2001-2010,2010
1gzc,3.49,2001-2010,2002
3dpd,5.78,2001-2010,2008
2wzz,5.4,2001-2010,2010
3lw0,6.4,2001-2010,2010
2zxb,5.3,2001-2010,2009
3gwt,11.1,2001-2010,2010
1sw2,7.22,2001-2010,2004
1q1g,8.57,2001-2010,2004
3deh,6.83,2001-2010,2008
1q4w,6.46,2001-2010,2004
1o5g,4.96,2001-2010,2004
3m3c,4.06,2001-2010,2010
1ule,5.92,2001-2010,2004
2jkq,8.11,2001-2010,2008
1q63,5.85,2001-2010,2004
3pd8,6.46,2001-2010,2010
1ym2,8.0,2001-2010,2006
3lmp,6.21,2001-2010,2010
3c45,9.68,2001-2010,2008
2io6,7.52,2001-2010,2007
2fw3,6.42,2001-2010,2007
2ph9,5.89,2001-2010,2007
2kdh,2.96,2001-2010,2009
1x7b,8.39,2001-2010,2005
3c3r,4.39,2001-2010,2008
3efk,7.85,2001-2010,2008
1m83,3.4,2001-2010,2002
1z3v,4.11,2001-2010,2005
2f80,8.18,2001-2010,2006
3l1n,5.63,2001-2010,2010
3bxz,6.72,2001-2010,2008
3g9e,7.72,2001-2010,2009
3og7,7.51,2001-2010,2010
2azr,3.64,2001-2010,2005
2w16,10.0,2001-2010,2009
1w2x,5.14,2001-2010,2004
3g9l,6.13,2001-2010,2009
1qvu,4.46,2001-2010,2004
1uz4,3.4,2001-2010,2004
1q6k,7.59,2001-2010,2004
1m48,5.09,2001-2010,2002
3bc3,6.81,2001-2010,2008
1h22,9.1,2001-2010,2002
2xgs,3.28,2001-2010,2010
3hav,3.77,2001-2010,2009
2gej,6.64,2001-2010,2007
2vtm,3.0,2001-2010,2008
2jkk,8.2,2001-2010,2008
1vcj,4.59,2001-2010,2004
2pqb,7.2,2001-2010,2008
2op3,6.31,2001-2010,2007
2w4x,4.85,2001-2010,2009
1qxz,4.72,2001-2010,2004
1o86,9.57,2001-2010,2003
3hpt,8.19,2001-2010,2009
1k3t,4.19,2001-2010,2002
1j4q,6.44,2001-2010,2001
3ekt,10.59,2001-2010,2009
2q1j,9.1,2001-2010,2007
2pyi,3.75,2001-2010,2008
2r7b,7.22,2001-2010,2008
1leg,7.95,2001-2010,2002
2nnk,8.37,2001-2010,2007
3nox,8.66,2001-2010,2010
1fwu,3.7,2001-2010,2001
1yms,5.92,2001-2010,2005
1haa,8.7,2001-2010,2001
2pr9,7.37,2001-2010,2008
2p2h,7.17,2001-2010,2007
2z92,9.1,2001-2010,2008
2b1p,8.52,2001-2010,2006
2kmx,4.08,2001-2010,2009
2a58,4.92,2001-2010,2005
2imb,4.22,2001-2010,2007
3kce,4.8,2001-2010,2009
3dz6,7.82,2001-2010,2009
1pvn,9.82,2001-2010,2003
3hfj,4.44,2001-2010,2009
1ijr,5.44,2001-2010,2002
1tv6,5.4,2001-2010,2004
1gwm,4.1,2001-2010,2003
2f1b,3.0,2001-2010,2006
3cho,6.55,2001-2010,2008
1mu8,9.0,2001-2010,2004
3g5v,7.8,2001-2010,2010
1g27,8.15,2001-2010,2001
1gsz,7.21,2001-2010,2003
3c1n,5.5,2001-2010,2008
2cv3,6.57,2001-2010,2006
3bpr,4.95,2001-2010,2008
2gu8,8.59,2001-2010,2007
3iqu,4.77,2001-2010,2010
2q2a,7.41,2001-2010,2008
2j7x,8.77,2001-2010,2006
2hu6,3.81,2001-2010,2006
2rol,4.62,2001-2010,2009
2rjp,7.0,2001-2010,2007
2alv,4.15,2001-2010,2006
3btj,5.62,2001-2010,2008
2xl3,5.25,2001-2010,2010
2hdx,6.26,2001-2010,2006
3fpd,6.15,2001-2010,2009
2buc,7.0,2001-2010,2006
1fsy,6.82,2001-2010,2001
3ioc,3.68,2001-2010,2009
3krj,8.96,2001-2010,2010
3nnv,7.57,2001-2010,2010
3fcl,3.5,2001-2010,2009
1dxp,7.57,2001-2010,2001
1hkm,8.72,2001-2010,2004
2ces,7.25,2001-2010,2006
2qnb,5.34,2001-2010,2008
2ow7,4.85,2001-2010,2008
1o6r,7.1,2001-2010,2003
3fqh,6.24,2001-2010,2009
3ara,6.49,2001-2010,2010
3l38,7.0,2001-2010,2010
3cid,8.3,2001-2010,2008
1f47,4.67,2001-2010,2001
3bxg,4.96,2001-2010,2008
2a4l,6.4,2001-2010,2006
1gwq,7.12,2001-2010,2002
1n7i,6.59,2001-2010,2003
1y3x,5.14,2001-2010,2005
1iem,7.7,2001-2010,2001
3dst,9.08,2001-2010,2008
2vo7,6.77,2001-2010,2008
3hwn,8.7,2001-2010,2009
1n8u,6.03,2001-2010,2003
1o4f,3.52,2001-2010,2004
1soj,6.62,2001-2010,2004
3in4,7.52,2001-2010,2010
2jt6,7.6,2001-2010,2008
2az5,5.27,2001-2010,2005
1y3n,5.55,2001-2010,2005
3gp0,7.44,2001-2010,2009
2qf6,6.49,2001-2010,2008
2c69,4.59,2001-2010,2005
1yhm,3.83,2001-2010,2005
1rej,8.3,2001-2010,2004
3ken,5.4,2001-2010,2010
1fv0,5.93,2001-2010,2002
3g0i,3.6,2001-2010,2009
1yid,5.0,2001-2010,2005
3d4y,5.7,2001-2010,2008
2aay,2.92,2001-2010,2006
1me7,7.19,2001-2010,2003
3ff3,3.57,2001-2010,2009
2x7t,6.63,2001-2010,2010
1kyn,5.39,2001-2010,2002
3isw,4.05,2001-2010,2010
2w73,6.52,2001-2010,2009
2o7e,6.22,2001-2010,2007
1xxi,5.52,2001-2010,2004
2c6i,4.96,2001-2010,2005
1u0g,6.15,2001-2010,2004
1v2u,3.37,2001-2010,2004
3d78,7.64,2001-2010,2009
2zjv,5.14,2001-2010,2008
1iq1,7.46,2001-2010,2001
2ha6,4.32,2001-2010,2006
1j5i,3.64,2001-2010,2002
3nti,5.22,2001-2010,2010
1xow,9.28,2001-2010,2004
2qpu,3.6,2001-2010,2008
3o6l,7.51,2001-2010,2010
2oiq,5.0,2001-2010,2007
1t7r,5.96,2001-2010,2004
3fxv,7.03,2001-2010,2009
2psx,5.77,2001-2010,2007
2d0k,5.02,2001-2010,2006
2xg3,4.74,2001-2010,2010
3bhx,9.15,2001-2010,2008
2haw,4.92,2001-2010,2006
3b8h,4.2,2001-2010,2008
3mhm,7.0,2001-2010,2010
1uxa,2.3,2001-2010,2004
2ofv,9.7,2001-2010,2007
1os5,6.85,2001-2010,2004
2exc,6.63,2001-2010,2006
1m2p,6.11,2001-2010,2003
3nw7,8.28,2001-2010,2010
3djx,2.81,2001-2010,2009
2i7c,5.07,2001-2010,2006
2pj6,7.31,2001-2010,2008
2wf0,6.68,2001-2010,2009
3e9i,6.22,2001-2010,2009
1t4j,5.1,2001-2010,2004
2x7c,5.7,2001-2010,2010
2vwf,5.06,2001-2010,2009
1pxp,6.66,2001-2010,2004
3ip6,6.6,2001-2010,2010
1ws1,9.55,2001-2010,2005
2d2v,1.0,2001-2010,2006
3i1y,8.15,2001-2010,2009
1qxy,4.8,2001-2010,2004
1hnn,6.24,2001-2010,2001
2qrk,4.26,2001-2010,2007
1rhq,7.75,2001-2010,2004
3fc2,9.06,2001-2010,2009
2fgv,6.12,2001-2010,2006
2jt5,7.74,2001-2010,2008
2ksa,3.06,2001-2010,2010
2nmx,5.57,2001-2010,2007
2fm5,7.37,2001-2010,2006
2ica,7.7,2001-2010,2006
1w1g,7.68,2001-2010,2004
1p1q,4.89,2001-2010,2003
1nwl,2.39,2001-2010,2003
2bbb,8.62,2001-2010,2005
1wbt,6.47,2001-2010,2005
2w0p,6.52,2001-2010,2008
1pwy,4.05,2001-2010,2004
3g1v,3.19,2001-2010,2009
2wez,7.64,2001-2010,2009
1y2c,6.57,2001-2010,2005
1eou,7.44,2001-2010,2002
2cej,8.62,2001-2010,2007
3l6f,6.99,2001-2010,2010
3ind,5.82,2001-2010,2010
1o4a,6.92,2001-2010,2004
3hvi,8.3,2001-2010,2009
3ejt,7.36,2001-2010,2009
2zym,6.14,2001-2010,2009
2cfd,7.49,2001-2010,2007
1kui,3.77,2001-2010,2002
2uw0,7.7,2001-2010,2007
3cyx,8.0,2001-2010,2008
2r0z,5.47,2001-2010,2007
3iof,5.22,2001-2010,2010
1ld7,8.96,2001-2010,2002
1o3k,6.77,2001-2010,2003
2oc9,7.96,2001-2010,2007
3iob,3.42,2001-2010,2009
3e3u,7.89,2001-2010,2009
3c4c,6.8,2001-2010,2008
1ogz,5.85,2001-2010,2003
1p19,4.11,2001-2010,2004
3kdd,8.46,2001-2010,2010
3f6h,4.72,2001-2010,2009
3a6t,7.28,2001-2010,2009
3g6g,8.55,2001-2010,2009
1uti,5.62,2001-2010,2004
3jup,5.58,2001-2010,2009
3d1x,8.66,2001-2010,2008
1pfu,2.72,2001-2010,2004
2uw6,6.55,2001-2010,2007
2zxg,8.82,2001-2010,2009
3gjw,8.3,2001-2010,2010
1fm9,9.0,2001-2010,2001
2gv6,7.34,2001-2010,2006
3brn,8.7,2001-2010,2008
2nq7,5.54,2001-2010,2006
1hww,7.7,2001-2010,2002
3muk,3.42,2001-2010,2010
3dcr,8.2,2001-2010,2008
2xkc,5.59,2001-2010,2010
2weo,6.93,2001-2010,2009
3cke,6.1,2001-2010,2008
2gm1,7.0,2001-2010,2006
2uzv,5.87,2001-2010,2007
1my8,7.46,2001-2010,2003
1rry,4.1,2001-2010,2004
3bbt,6.15,2001-2010,2008
2q7m,8.8,2001-2010,2007
3cwe,6.92,2001-2010,2008
2jh0,8.7,2001-2010,2007
2e2b,7.96,2001-2010,2007
2xjg,7.82,2001-2010,2010
1s26,3.07,2001-2010,2004
2cgx,4.81,2001-2010,2006
3fhb,5.7,2001-2010,2009
2fxv,5.35,2001-2010,2006
2zmj,7.52,2001-2010,2008
2pv3,5.25,2001-2010,2007
2of2,6.68,2001-2010,2007
1h8s,5.81,2001-2010,2001
2fky,8.59,2001-2010,2006
1gz3,3.7,2001-2010,2003
3ibi,8.59,2001-2010,2009
2e9a,6.04,2001-2010,2007
1ol2,6.28,2001-2010,2003
3bv2,9.36,2001-2010,2008
3o4k,7.62,2001-2010,2010
1nhv,5.66,2001-2010,2003
2w1h,7.28,2001-2010,2009
3ddg,6.0,2001-2010,2008
2p3a,7.96,2001-2010,2007
2hah,8.0,2001-2010,2007
3jrs,4.28,2001-2010,2009
1z4o,4.52,2001-2010,2005
1od8,5.1,2001-2010,2003
2q95,5.8,2001-2010,2008
1ps3,2.28,2001-2010,2003
2aeb,8.3,2001-2010,2005
2hiw,8.1,2001-2010,2006
1t37,4.35,2001-2010,2004
1y2k,7.68,2001-2010,2005
3hp2,6.17,2001-2010,2009
2wxh,8.05,2001-2010,2010
2wxo,7.05,2001-2010,2010
1w9v,6.34,2001-2010,2005
3dab,6.68,2001-2010,2008
2q94,6.43,2001-2010,2008
2vcg,5.77,2001-2010,2008
1waw,7.89,2001-2010,2005
1gny,4.14,2001-2010,2001
2iyf,3.75,2001-2010,2007
2bz5,6.15,2001-2010,2005
1jpl,5.0,2001-2010,2002
2xg9,4.15,2001-2010,2010
1nki,6.7,2001-2010,2004
1olx,4.33,2001-2010,2003
3mss,4.66,2001-2010,2010
1w3l,6.28,2001-2010,2004
1yhs,8.0,2001-2010,2005
2vgp,6.85,2001-2010,2008
3nba,3.41,2001-2010,2010
1gj6,7.0,2001-2010,2002
2cne,8.77,2001-2010,2006
3lq4,5.22,2001-2010,2010
3h03,3.87,2001-2010,2009
2c3j,6.18,2001-2010,2005
2hd1,3.3,2001-2010,2006
1ogg,5.19,2001-2010,2004
3gb2,7.47,2001-2010,2010
2e99,6.16,2001-2010,2007
2cni,7.68,2001-2010,2006
1z6j,8.03,2001-2010,2005
2pg2,5.77,2001-2010,2007
1ppx,7.28,2001-2010,2003
3i9g,8.96,2001-2010,2009
3dpf,7.24,2001-2010,2009
1zz1,6.02,2001-2010,2005
2cem,7.92,2001-2010,2007
2iuz,5.55,2001-2010,2006
1gu1,4.52,2001-2010,2002
2jfh,3.06,2001-2010,2007
1g5f,2.64,2001-2010,2001
3fu3,2.84,2001-2010,2009
1g7v,6.4,2001-2010,2001
1ox9,5.21,2001-2010,2003
3l3n,8.18,2001-2010,2010
1sje,8.22,2001-2010,2004
3elm,9.72,2001-2010,2009
3owk,5.82,2001-2010,2010
2vvt,5.24,2001-2010,2008
1xbc,7.92,2001-2010,2004
1uyk,4.77,2001-2010,2004
3imc,2.96,2001-2010,2009
1t1r,5.4,2001-2010,2004
2e1w,7.96,2001-2010,2006
2cer,9.22,2001-2010,2006
2itk,7.69,2001-2010,2007
1z6q,6.7,2001-2010,2005
2wq5,3.74,2001-2010,2010
2p4j,8.96,2001-2010,2007
3g15,7.0,2001-2010,2009
3cs7,10.68,2001-2010,2008
3bet,5.82,2001-2010,2008
2p4i,8.0,2001-2010,2007
1e1v,4.92,2001-2010,2001
2q64,8.52,2001-2010,2008
2oc0,7.82,2001-2010,2007
2gd8,7.41,2001-2010,2007
3fy0,5.96,2001-2010,2009
2cgf,6.41,2001-2010,2006
1sqn,9.4,2001-2010,2004
1z3c,4.0,2001-2010,2005
1v3x,7.62,2001-2010,2004
1ew9,3.22,2001-2010,2002
2wot,7.36,2001-2010,2009
2br1,5.14,2001-2010,2005
3cj4,6.51,2001-2010,2008
2pj4,7.89,2001-2010,2008
2zyn,5.92,2001-2010,2009
3i5z,8.7,2001-2010,2010
3b8r,9.22,2001-2010,2008
2vhj,3.9,2001-2010,2007
2i40,5.8,2001-2010,2006
2rcn,6.0,2001-2010,2008
2hwg,3.55,2001-2010,2006
2r5q,8.57,2001-2010,2007
1wbv,3.79,2001-2010,2005
3chr,7.21,2001-2010,2008
2xj7,6.66,2001-2010,2010
3frz,8.15,2001-2010,2009
3fqe,8.3,2001-2010,2009
2fqt,6.14,2001-2010,2006
1t4v,7.68,2001-2010,2005
1z6f,4.89,2001-2010,2005
2fv5,11.7,2001-2010,2006
3ksq,9.42,2001-2010,2010
1ocn,6.39,2001-2010,2003
2wxi,8.15,2001-2010,2010
3hv7,7.92,2001-2010,2009
2r3g,6.1,2001-2010,2008
3mho,6.49,2001-2010,2010
2qo8,8.47,2001-2010,2008
2g71,7.46,2001-2010,2007
3lzz,3.84,2001-2010,2010
2ksp,4.24,2001-2010,2010
2ql7,6.26,2001-2010,2007
2j79,5.96,2001-2010,2006
2isv,7.43,2001-2010,2006
3k5x,6.41,2001-2010,2010
2vzr,4.28,2001-2010,2009
1nlj,9.8,2001-2010,2003
3l59,3.7,2001-2010,2010
3g2j,4.75,2001-2010,2010
1maw,1.1,2001-2010,2003
1gi1,5.47,2001-2010,2002
3igg,7.18,2001-2010,2009
3fl9,1.11,2001-2010,2009
3g0d,8.3,2001-2010,2010
2ipo,5.06,2001-2010,2007
2on6,6.76,2001-2010,2007
2k31,8.7,2001-2010,2008
2ewp,7.1,2001-2010,2006
3iut,6.34,2001-2010,2010
2ok1,6.26,2001-2010,2007
1k27,9.0,2001-2010,2003
1o0o,5.1,2001-2010,2003
2c3k,7.59,2001-2010,2005
2fix,6.24,2001-2010,2006
1uwf,6.82,2001-2010,2005
3frg,8.4,2001-2010,2010
2wxl,8.34,2001-2010,2010
3h0w,6.22,2001-2010,2009
1vj9,7.55,2001-2010,2004
2wey,7.12,2001-2010,2009
3d2e,6.42,2001-2010,2008
3lq2,5.22,2001-2010,2010
1kug,3.8,2001-2010,2002
1pmu,6.23,2001-2010,2003
1qw7,3.6,2001-2010,2004
1o3l,6.54,2001-2010,2003
3exo,4.62,2001-2010,2009
2vr3,4.98,2001-2010,2009
3jqg,4.74,2001-2010,2009
3b7u,7.74,2001-2010,2008
1jje,8.43,2001-2010,2001
1ni1,9.05,2001-2010,2004
2ohv,6.46,2001-2010,2007
1h25,5.74,2001-2010,2003
2qyn,6.24,2001-2010,2008
2p7z,6.58,2001-2010,2008
1gi7,4.51,2001-2010,2002
1tfz,8.15,2001-2010,2004
3ful,3.7,2001-2010,2010
2hkf,6.38,2001-2010,2007
1nxy,7.19,2001-2010,2003
2pj5,7.82,2001-2010,2008
3bel,7.85,2001-2010,2008
3b3w,4.19,2001-2010,2007
1rxp,7.14,2001-2010,2004
2fyv,3.52,2001-2010,2006
2r3l,7.0,2001-2010,2008
1kwr,6.6,2001-2010,2003
2k62,4.7,2001-2010,2008
2qki,6.41,2001-2010,2007
2d41,6.82,2001-2010,2006
1o2s,5.47,2001-2010,2003
3dd0,9.0,2001-2010,2009
2x7d,6.7,2001-2010,2010
3fzr,7.96,2001-2010,2009
1wss,7.77,2001-2010,2005
2ggb,4.92,2001-2010,2006
3d4l,7.49,2001-2010,2008
2g1q,7.36,2001-2010,2006
2viv,6.28,2001-2010,2008
3hfb,7.52,2001-2010,2010
1utn,3.49,2001-2010,2004
2r9w,5.1,2001-2010,2008
3eqy,8.05,2001-2010,2009
3dp1,5.0,2001-2010,2009
3lq8,9.4,2001-2010,2010
1lf9,12.0,2001-2010,2003
3h6z,5.82,2001-2010,2009
3hqz,9.38,2001-2010,2009
2v10,9.4,2001-2010,2007
1py5,7.29,2001-2010,2004
3mf5,5.36,2001-2010,2010
2nng,5.36,2001-2010,2007
1uxb,2.15,2001-2010,2004
1wbw,4.36,2001-2010,2005
1v2t,4.71,2001-2010,2004
2zis,8.55,2001-2010,2009
3fxz,6.89,2001-2010,2009
3el5,7.72,2001-2010,2009
2v0c,5.68,2001-2010,2007
1z2b,6.4,2001-2010,2005
3l4u,7.52,2001-2010,2010
2fw6,2.92,2001-2010,2006
1i90,8.89,2001-2010,2001
3m55,6.21,2001-2010,2010
3eos,8.4,2001-2010,2009
3d8z,3.37,2001-2010,2009
2w1c,8.0,2001-2010,2009
1vsn,9.7,2001-2010,2007
2j34,7.82,2001-2010,2006
1hxk,3.4,2001-2010,2002
1m5c,6.3,2001-2010,2002
2bpm,8.7,2001-2010,2005
3ik1,4.85,2001-2010,2010
3hk1,6.17,2001-2010,2009
2r3n,7.15,2001-2010,2008
1pxn,7.15,2001-2010,2004
1xlz,6.02,2001-2010,2004
2jbo,8.07,2001-2010,2007
2wd7,4.97,2001-2010,2009
1u0h,6.96,2001-2010,2004
2h4k,5.49,2001-2010,2006
1g9t,3.28,2001-2010,2002
1p1o,5.76,2001-2010,2003
1ntk,10.49,2001-2010,2003
3hig,7.89,2001-2010,2009
2gg3,6.24,2001-2010,2006
3esj,3.03,2001-2010,2009
1pq3,7.52,2001-2010,2003
1jws,4.85,2001-2010,2003
1zhk,4.45,2001-2010,2005
1xsc,4.3,2001-2010,2004
3bva,6.52,2001-2010,2008
3ibu,9.15,2001-2010,2009
1wva,6.57,2001-2010,2005
3kag,5.18,2001-2010,2009
1g5s,7.32,2001-2010,2001
3ocg,8.52,2001-2010,2010
2o5d,5.15,2001-2010,2007
1ycm,8.0,2001-2010,2005
2w54,6.98,2001-2010,2008
3c39,3.96,2001-2010,2008
2g9v,5.92,2001-2010,2007
2ew5,5.9,2001-2010,2006
1tl9,5.52,2001-2010,2004
2cmf,7.55,2001-2010,2006
2f81,10.52,2001-2010,2006
2bt9,6.19,2001-2010,2005
1xh9,7.77,2001-2010,2005
3jrx,9.0,2001-2010,2010
2kup,6.7,2001-2010,2010
2wvz,4.02,2001-2010,2009
2wig,3.43,2001-2010,2009
2rjs,2.28,2001-2010,2008
1nfw,8.96,2001-2010,2003
2wf4,7.89,2001-2010,2009
1h3c,6.51,2001-2010,2003
2o64,6.47,2001-2010,2007
2yxj,9.3,2001-2010,2007
3gl6,4.68,2001-2010,2009
1veb,7.41,2001-2010,2005
3e8u,9.42,2001-2010,2009
2xct,4.51,2001-2010,2010
3ds0,4.83,2001-2010,2008
1h28,6.52,2001-2010,2003
2vnn,8.7,2001-2010,2008
3lnz,9.31,2001-2010,2010
2rk7,4.05,2001-2010,2008
2kbr,4.6,2001-2010,2009
2jgs,6.62,2001-2010,2008
3kgu,5.92,2001-2010,2010
3cl2,7.59,2001-2010,2008
3h0b,5.49,2001-2010,2009
2vxj,4.17,2001-2010,2008
3bu1,8.15,2001-2010,2008
3ad7,2.52,2001-2010,2010
3fwv,5.64,2001-2010,2009
3l2y,4.49,2001-2010,2010
1o2v,5.85,2001-2010,2003
3ens,8.05,2001-2010,2008
2q6f,5.44,2001-2010,2008
1i8z,8.9,2001-2010,2001
2aia,5.41,2001-2010,2005
3obu,4.3,2001-2010,2010
1m0o,2.31,2001-2010,2002
2nn7,6.52,2001-2010,2007
2oqi,8.49,2001-2010,2007
3kga,7.21,2001-2010,2010
1o6q,7.64,2001-2010,2003
1xws,8.0,2001-2010,2004
1lke,7.52,2001-2010,2003
3efj,7.41,2001-2010,2008
3bz3,8.82,2001-2010,2008
3otq,7.39,2001-2010,2010
3el1,9.64,2001-2010,2009
1yon,4.21,2001-2010,2006
2fxr,7.6,2001-2010,2006
1v2m,4.29,2001-2010,2004
2zjf,7.72,2001-2010,2008
3c6u,8.87,2001-2010,2008
1iyl,9.0,2001-2010,2002
2c5n,6.66,2001-2010,2006
1xfv,3.89,2001-2010,2005
1qxw,5.15,2001-2010,2004
2j7g,7.0,2001-2010,2006
2q88,5.8,2001-2010,2008
2df6,5.98,2001-2010,2006
3efs,5.34,2001-2010,2009
2pv2,5.91,2001-2010,2007
2vd7,5.38,2001-2010,2007
1xff,4.82,2001-2010,2004
3n7s,7.7,2001-2010,2010
2qc6,7.0,2001-2010,2008
1y3g,7.4,2001-2010,2006
2znt,9.3,2001-2010,2009
2z4w,6.01,2001-2010,2008
2g9q,6.4,2001-2010,2007
3b3s,2.55,2001-2010,2007
3e62,4.39,2001-2010,2008
1p0y,1.0,2001-2010,2003
3ip8,2.28,2001-2010,2009
1ph0,6.92,2001-2010,2003
1u2r,5.41,2001-2010,2004
3ine,6.77,2001-2010,2010
2iqg,8.3,2001-2010,2007
3g08,8.16,2001-2010,2009
3fmr,7.97,2001-2010,2009
2hhn,7.49,2001-2010,2007
1mn9,4.62,2001-2010,2003
1orw,7.6,2001-2010,2003
3evf,6.77,2001-2010,2009
3g90,6.36,2001-2010,2009
3if7,7.21,2001-2010,2010
1w5w,8.8,2001-2010,2004
3my1,5.45,2001-2010,2010
2v77,5.06,2001-2010,2008
3kwb,7.77,2001-2010,2010
3ldw,7.97,2001-2010,2010
1jwu,5.34,2001-2010,2003
2rny,3.66,2001-2010,2008
2qw1,3.9,2001-2010,2008
2q54,9.01,2001-2010,2007
3o5x,5.28,2001-2010,2010
2qta,5.76,2001-2010,2007
1ie9,10.19,2001-2010,2001
2uze,4.33,2001-2010,2007
1ur9,5.77,2001-2010,2004
3kqb,9.3,2001-2010,2010
3otf,6.08,2001-2010,2010
3iss,6.05,2001-2010,2009
2i3i,7.3,2001-2010,2006
2vu3,7.33,2001-2010,2008
1jtq,8.07,2001-2010,2001
3ewc,7.7,2001-2010,2009
2qa8,6.0,2001-2010,2008
2rka,3.0,2001-2010,2008
2x9f,7.21,2001-2010,2010
1w0y,6.42,2001-2010,2005
2nqi,6.11,2001-2010,2007
3f36,2.89,2001-2010,2009
3n6k,6.74,2001-2010,2010
2qzl,8.1,2001-2010,2008
1qyg,6.85,2001-2010,2003
2x2k,6.52,2001-2010,2010
3f48,6.29,2001-2010,2008
1h3a,6.55,2001-2010,2003
3kdu,6.46,2001-2010,2010
3f0r,6.89,2001-2010,2008
3m5e,7.37,2001-2010,2010
2ojj,8.7,2001-2010,2007
2r3f,6.3,2001-2010,2008
3ij1,4.7,2001-2010,2009
2i4v,11.2,2001-2010,2007
2vnm,8.52,2001-2010,2008
3krw,7.38,2001-2010,2010
1hk2,6.77,2001-2010,2003
3ndm,7.96,2001-2010,2010
1y6r,10.11,2001-2010,2005
1px4,3.23,2001-2010,2004
1ihy,3.74,2001-2010,2002
1yq7,7.09,2001-2010,2005
2b54,7.7,2001-2010,2005
2zns,6.54,2001-2010,2009
1o32,5.74,2001-2010,2003
1py1,4.4,2001-2010,2003
3nu9,9.05,2001-2010,2010
2fvd,8.52,2001-2010,2006
1rrw,4.55,2001-2010,2004
1rhu,8.52,2001-2010,2004
3kab,3.2,2001-2010,2009
3kgt,5.51,2001-2010,2010
1wdq,1.98,2001-2010,2005
2ohp,4.03,2001-2010,2007
3hqw,7.46,2001-2010,2009
2onb,5.57,2001-2010,2007
1h8y,7.7,2001-2010,2001
2pu1,5.85,2001-2010,2007
2wnc,6.32,2001-2010,2009
2oa0,6.92,2001-2010,2007
1udt,9.3,2001-2010,2004
1o30,6.77,2001-2010,2003
1o1s,7.31,2001-2010,2003
3fj7,3.71,2001-2010,2009
3gcu,6.78,2001-2010,2009
2hmw,7.7,2001-2010,2006
3g9n,5.74,2001-2010,2009
3hp5,7.15,2001-2010,2009
3ekx,9.41,2001-2010,2009
2cgv,4.56,2001-2010,2006
2ha7,3.36,2001-2010,2006
1x8t,7.8,2001-2010,2005
1o6i,3.19,2001-2010,2003
2ajd,10.8,2001-2010,2006
3dp4,7.37,2001-2010,2008
3ma3,7.22,2001-2010,2010
2axi,6.85,2001-2010,2006
3juq,4.91,2001-2010,2009
1mh5,9.21,2001-2010,2003
2p8s,7.68,2001-2010,2007
1s63,9.05,2001-2010,2004
1pl0,8.22,2001-2010,2004
1n7j,6.43,2001-2010,2003
3g5d,7.96,2001-2010,2009
3ijz,5.22,2001-2010,2010
2vxa,5.6,2001-2010,2009
3ekw,7.96,2001-2010,2009
3c72,4.64,2001-2010,2008
3ipy,6.29,2001-2010,2010
2wer,7.05,2001-2010,2009
3p5o,7.26,2001-2010,2010
2r05,5.15,2001-2010,2007
1kkq,6.62,2001-2010,2002
3bxe,5.48,2001-2010,2008
3kr0,4.7,2001-2010,2010
1zaf,7.7,2001-2010,2006
3nee,5.34,2001-2010,2010
1hp5,6.55,2001-2010,2001
1okz,8.3,2001-2010,2004
2it4,1.62,2001-2010,2007
3bu6,5.89,2001-2010,2008
2foy,6.92,2001-2010,2006
3db8,7.0,2001-2010,2008
2ohl,3.05,2001-2010,2007
1m2x,4.15,2001-2010,2003
1h9l,3.12,2001-2010,2001
3igp,7.02,2001-2010,2010
3cjo,8.66,2001-2010,2008
3ewh,7.16,2001-2010,2009
3kvx,6.83,2001-2010,2009
1fwv,3.72,2001-2010,2001
3fck,4.0,2001-2010,2009
3ivh,7.33,2001-2010,2010
1wn6,4.68,2001-2010,2005
2q8z,5.68,2001-2010,2008
3chq,7.7,2001-2010,2008
2rkg,8.09,2001-2010,2008
2wmw,6.41,2001-2010,2009
2uz9,5.71,2001-2010,2007
2ves,7.7,2001-2010,2008
2hs2,8.31,2001-2010,2006
1ewj,7.49,2001-2010,2001
3bgp,7.04,2001-2010,2007
3o87,7.6,2001-2010,2010
2aez,2.46,2001-2010,2006
1ngw,7.68,2001-2010,2003
2b52,8.1,2001-2010,2005
3c2u,2.9,2001-2010,2008
2k0g,6.97,2001-2010,2009
1nl9,5.96,2001-2010,2003
3eeb,5.89,2001-2010,2008
3g5k,9.52,2001-2010,2009
3n5h,5.7,2001-2010,2010
1nc1,6.12,2001-2010,2003
1jk7,8.52,2001-2010,2001
1tkx,7.54,2001-2010,2004
2hb1,3.8,2001-2010,2006
2c5o,5.19,2001-2010,2006
1hqf,5.0,2001-2010,2001
3mkf,4.77,2001-2010,2010
3hii,6.54,2001-2010,2009
2py4,6.7,2001-2010,2007
3oxc,8.41,2001-2010,2010
1obx,5.72,2001-2010,2003
1ta6,9.13,2001-2010,2004
2weh,5.95,2001-2010,2009
3f16,8.23,2001-2010,2008
3fk1,2.62,2001-2010,2009
3blr,8.19,2001-2010,2008
3h89,7.64,2001-2010,2009
2jke,4.23,2001-2010,2008
3dow,4.94,2001-2010,2009
2c9t,7.48,2001-2010,2006
2fqo,6.43,2001-2010,2006
1pmx,5.14,2001-2010,2003
1we2,4.36,2001-2010,2005
3dx0,7.44,2001-2010,2009
2r02,5.1,2001-2010,2007
3h78,4.24,2001-2010,2009
1vkj,4.85,2001-2010,2004
2x7u,5.27,2001-2010,2010
1jak,5.57,2001-2010,2001
3g0e,7.7,2001-2010,2009
3gfe,8.49,2001-2010,2009
3f8w,4.08,2001-2010,2009
1odj,4.1,2001-2010,2003
1ru1,4.74,2001-2010,2004
2ien,9.0,2001-2010,2006
2boh,8.52,2001-2010,2006
3hku,8.3,2001-2010,2009
1xud,8.1,2001-2010,2005
2pqc,5.74,2001-2010,2008
2vw1,3.52,2001-2010,2008
1o4h,2.44,2001-2010,2004
2qp8,8.1,2001-2010,2008
1h0a,5.44,2001-2010,2002
2kwn,5.13,2001-2010,2010
2v11,8.52,2001-2010,2007
3k3b,6.7,2001-2010,2009
2qhm,6.18,2001-2010,2008
3lok,6.92,2001-2010,2010
3gvb,2.59,2001-2010,2009
2b7d,8.7,2001-2010,2006
3gcv,7.13,2001-2010,2009
2bzz,6.43,2001-2010,2006
2j9a,5.89,2001-2010,2006
2h2j,5.38,2001-2010,2006
2qoh,7.7,2001-2010,2007
2vpo,5.42,2001-2010,2008
3krl,9.1,2001-2010,2010
3jyr,5.54,2001-2010,2010
1q3d,7.82,2001-2010,2003
2cli,4.3,2001-2010,2007
3ex2,3.7,2001-2010,2009
2jbu,3.4,2001-2010,2007
2kzu,4.22,2001-2010,2010
2b1q,1.59,2001-2010,2006
2p0d,7.0,2001-2010,2007
1ih0,5.0,2001-2010,2001
2ov4,4.74,2001-2010,2007
2e27,9.35,2001-2010,2007
3bkl,6.17,2001-2010,2008
3mwe,1.54,2001-2010,2010
2z3z,4.31,2001-2010,2008
2y34,7.1,2001-2010,2010
3eka,3.0,2001-2010,2009
1urc,4.72,2001-2010,2003
3bsc,4.48,2001-2010,2008
3gpo,5.3,2001-2010,2009
3f9n,5.89,2001-2010,2009
1h23,8.35,2001-2010,2002
2gfk,4.52,2001-2010,2007
3mle,5.24,2001-2010,2010
3iqi,4.41,2001-2010,2009
3kd7,3.7,2001-2010,2010
2w08,3.42,2001-2010,2009
3le8,6.07,2001-2010,2010
3g31,2.89,2001-2010,2009
3g5y,7.46,2001-2010,2010
3l7d,2.18,2001-2010,2010
3e12,5.99,2001-2010,2009
3d2t,7.12,2001-2010,2008
1y0x,8.7,2001-2010,2004
2iv9,4.34,2001-2010,2007
2opb,8.74,2001-2010,2007
2zo3,10.0,2001-2010,2009
2vtp,8.52,2001-2010,2008
3br9,7.21,2001-2010,2008
2gz2,5.22,2001-2010,2006
2za0,6.64,2001-2010,2008
2gv7,7.85,2001-2010,2006
3bys,9.3,2001-2010,2008
2oo8,9.0,2001-2010,2007
3kc0,7.92,2001-2010,2010
1sbr,5.0,2001-2010,2004
1uz8,4.96,2001-2010,2004
1ym1,6.24,2001-2010,2005
1y3y,5.64,2001-2010,2005
2amt,4.44,2001-2010,2006
2nv7,8.3,2001-2010,2007
2vj8,8.7,2001-2010,2008
1kr3,5.0,2001-2010,2003
2rcb,6.79,2001-2010,2008
2ja3,4.0,2001-2010,2007
3hrb,7.68,2001-2010,2009
2gde,8.24,2001-2010,2007
3e6v,6.83,2001-2010,2008
3kqo,3.85,2001-2010,2010
2w0s,3.3,2001-2010,2008
1w13,8.7,2001-2010,2008
2wib,4.93,2001-2010,2010
1ugw,3.09,2001-2010,2003
3mi2,7.77,2001-2010,2010
1mj7,8.35,2001-2010,2003
3gyn,7.21,2001-2010,2009
1ozv,1.44,2001-2010,2003
3n49,5.15,2001-2010,2010
2jfz,5.24,2001-2010,2007
2wxm,7.4,2001-2010,2010
1p17,2.82,2001-2010,2004
3gws,10.09,2001-2010,2009
2ovx,8.7,2001-2010,2007
1zoe,7.4,2001-2010,2005
3lxs,8.1,2001-2010,2010
1y2b,4.09,2001-2010,2005
2z8e,8.0,2001-2010,2008
3gi4,10.8,2001-2010,2010
3dk1,9.74,2001-2010,2009
2fjm,6.85,2001-2010,2006
2evm,6.16,2001-2010,2006
1uwt,5.97,2001-2010,2004
2jb5,9.22,2001-2010,2008
2x8d,6.1,2001-2010,2010
3c84,7.85,2001-2010,2008
2vd1,6.86,2001-2010,2008
3fts,3.67,2001-2010,2009
3lfn,5.5,2001-2010,2010
3i51,7.7,2001-2010,2010
3bqc,5.73,2001-2010,2008
1i41,4.57,2001-2010,2001
1lxf,4.1,2001-2010,2002
3ik3,8.7,2001-2010,2009
1u1w,5.85,2001-2010,2004
1xge,4.68,2001-2010,2005
3d8w,8.15,2001-2010,2009
3fgc,3.92,2001-2010,2009
1o0m,5.15,2001-2010,2003
1v2r,3.55,2001-2010,2004
2g63,8.17,2001-2010,2006
1m9n,6.92,2001-2010,2003
3fat,7.64,2001-2010,2008
3ery,5.66,2001-2010,2008
2qry,8.64,2001-2010,2008
2qv7,3.66,2001-2010,2008
2gtk,6.6,2001-2010,2006
2isc,8.42,2001-2010,2007
2f9u,7.39,2001-2010,2006
1ec2,10.0,2001-2010,2002
2oxy,6.52,2001-2010,2007
1i9q,8.41,2001-2010,2001
1v79,7.89,2001-2010,2004
2xk4,4.77,2001-2010,2010
2c1n,4.11,2001-2010,2005
2wi7,7.24,2001-2010,2009
2w6n,6.9,2001-2010,2009
2osc,7.77,2001-2010,2007
1d4i,8.85,2001-2010,2002
3fun,6.72,2001-2010,2009
2gmx,7.11,2001-2010,2006
1o2o,6.36,2001-2010,2003
2e94,8.0,2001-2010,2007
3gy3,5.63,2001-2010,2010
3lzv,10.59,2001-2010,2010
3lbl,7.44,2001-2010,2010
1jqe,6.44,2001-2010,2002
1o3c,7.13,2001-2010,2003
2bmg,7.74,2001-2010,2006
2imd,8.3,2001-2010,2007
1h26,5.54,2001-2010,2003
1o3b,7.13,2001-2010,2003
3efw,8.4,2001-2010,2008
3ijh,4.0,2001-2010,2009
3nw3,6.49,2001-2010,2010
1jjt,8.05,2001-2010,2001
3i7i,6.21,2001-2010,2009
1yp9,5.11,2001-2010,2006
2ccs,5.7,2001-2010,2006
2cgu,4.87,2001-2010,2006
1jm4,5.0,2001-2010,2002
2xda,6.22,2001-2010,2010
1gj7,7.89,2001-2010,2002
1ebz,9.4,2001-2010,2002
2bcd,10.22,2001-2010,2006
2x95,4.95,2001-2010,2010
2clk,3.79,2001-2010,2007
2an5,5.68,2001-2010,2006
3hit,8.19,2001-2010,2009
1t13,7.38,2001-2010,2005
3bgb,6.05,2001-2010,2008
3hyf,5.92,2001-2010,2009
2fs8,7.6,2001-2010,2006
2o8h,7.6,2001-2010,2007
2zcs,8.22,2001-2010,2008
2rip,7.19,2001-2010,2008
3iej,6.66,2001-2010,2009
3lcv,4.74,2001-2010,2010
2h9t,4.7,2001-2010,2007
1w7x,8.4,2001-2010,2005
2aov,7.04,2001-2010,2005
2fou,7.1,2001-2010,2006
1g37,10.0,2001-2010,2001
1ulg,4.21,2001-2010,2004
2ha4,2.7,2001-2010,2006
1rhj,8.04,2001-2010,2004
1los,7.19,2001-2010,2002
2hj4,5.37,2001-2010,2007
3hv5,7.02,2001-2010,2009
1v2v,3.37,2001-2010,2004
2hzi,7.15,2001-2010,2007
3ctj,7.46,2001-2010,2008
3m9f,11.15,2001-2010,2010
1iwq,8.06,2001-2010,2003
2ewb,6.1,2001-2010,2006
3iad,9.0,2001-2010,2010
1y3w,5.77,2001-2010,2005
1ow6,5.4,2001-2010,2003
3huc,5.99,2001-2010,2010
2nw4,8.68,2001-2010,2006
2iu0,6.89,2001-2010,2007
2jjk,8.05,2001-2010,2008
2woa,5.94,2001-2010,2009
2wlz,4.6,2001-2010,2010
1m1b,4.66,2001-2010,2002
1il5,2.66,2001-2010,2002
2gh9,6.0,2001-2010,2007
1w22,6.76,2001-2010,2004
3l7c,2.44,2001-2010,2010
2wij,3.2,2001-2010,2009
2bub,7.05,2001-2010,2006
3jwq,7.6,2001-2010,2009
2pgl,3.59,2001-2010,2007
1x7r,8.05,2001-2010,2005
1mpl,3.77,2001-2010,2003
1syh,6.41,2001-2010,2005
2wu6,7.53,2001-2010,2009
2aoj,4.66,2001-2010,2006
1g85,5.48,2001-2010,2002
3b92,8.0,2001-2010,2007
3k54,9.0,2001-2010,2010
2pgz,5.74,2001-2010,2007
2gm9,7.39,2001-2010,2007
1xp1,9.3,2001-2010,2004
1ga9,7.08,2001-2010,2001
1ta2,8.52,2001-2010,2004
2w3k,10.1,2001-2010,2009
3nuo,9.8,2001-2010,2010
1npa,8.7,2001-2010,2004
3ip5,6.22,2001-2010,2010
2fq6,7.1,2001-2010,2006
3gc4,7.6,2001-2010,2009
2fqw,6.68,2001-2010,2006
2wxf,6.74,2001-2010,2010
3jzr,7.44,2001-2010,2009
1nc3,5.0,2001-2010,2003
2fr3,8.7,2001-2010,2006
1ze8,7.68,2001-2010,2005
1mau,11.3,2001-2010,2003
2qp6,6.68,2001-2010,2008
3fhr,6.68,2001-2010,2009
3nam,8.46,2001-2010,2010
2wtw,8.19,2001-2010,2010
2bmc,7.57,2001-2010,2005
2xcn,6.92,2001-2010,2010
2bv4,3.22,2001-2010,2006
1wvc,4.46,2001-2010,2005
2f18,4.1,2001-2010,2006
1mfg,4.3,2001-2010,2003
3c1k,9.44,2001-2010,2008
1k08,5.34,2001-2010,2001
2or4,5.02,2001-2010,2007
2i6a,9.05,2001-2010,2007
3ixg,7.57,2001-2010,2010
3hxc,5.28,2001-2010,2009
1lb6,4.08,2001-2010,2002
2hoc,9.52,2001-2010,2006
2vyt,2.74,2001-2010,2008
2pvv,3.36,2001-2010,2007
2wjg,7.1,2001-2010,2009
3hx3,8.0,2001-2010,2009
1re8,9.52,2001-2010,2004
3g6m,1.71,2001-2010,2010
3djf,6.1,2001-2010,2009
1n51,4.85,2001-2010,2003
2ioa,5.49,2001-2010,2006
2r3k,7.0,2001-2010,2008
2gbi,8.52,2001-2010,2006
3d9k,4.72,2001-2010,2008
3bh8,7.95,2001-2010,2008
2pjc,8.72,2001-2010,2008
1oi9,7.16,2001-2010,2004
3ipu,7.32,2001-2010,2010
2i0y,7.62,2001-2010,2006
1pxi,4.77,2001-2010,2003
1o46,8.0,2001-2010,2004
3b5r,8.77,2001-2010,2008
3iae,3.89,2001-2010,2010
2vot,7.14,2001-2010,2008
3kwa,4.08,2001-2010,2010
3kcf,7.46,2001-2010,2009
2h3e,5.7,2001-2010,2006
2ca8,4.66,2001-2010,2006
1g3d,5.55,2001-2010,2001
2hr6,4.82,2001-2010,2007
2qlb,5.89,2001-2010,2007
3djp,4.2,2001-2010,2009
3hl8,4.49,2001-2010,2010
3c3q,4.32,2001-2010,2008
3gjq,5.33,2001-2010,2009
3gfw,7.57,2001-2010,2009
2xd9,6.46,2001-2010,2010
1v1m,3.94,2001-2010,2004
3nyn,6.0,2001-2010,2010
2uy3,3.22,2001-2010,2007
1kz8,6.08,2001-2010,2002
2pmn,5.2,2001-2010,2008
3g4l,8.24,2001-2010,2010
2g19,5.85,2001-2010,2006
3gxz,7.89,2001-2010,2009
2uw8,4.11,2001-2010,2007
3f2a,7.24,2001-2010,2009
2brg,5.21,2001-2010,2005
2azc,6.74,2001-2010,2006
3lp1,6.92,2001-2010,2010
1g3f,6.37,2001-2010,2001
3jq9,6.4,2001-2010,2009
2f6y,3.87,2001-2010,2005
1pwu,5.68,2001-2010,2004
3lf0,5.71,2001-2010,2010
3gf2,1.7,2001-2010,2009
1n3z,4.2,2001-2010,2003
1nl4,9.41,2001-2010,2003
3aas,4.51,2001-2010,2010
1o5c,5.22,2001-2010,2004
2piy,7.7,2001-2010,2008
2vqt,6.0,2001-2010,2008
1mxu,5.4,2001-2010,2003
3h0e,8.15,2001-2010,2009
3gm0,7.77,2001-2010,2009
2xkf,6.06,2001-2010,2010
3cii,6.1,2001-2010,2008
3dzt,7.22,2001-2010,2009
1vyg,8.0,2001-2010,2004
2g24,5.4,2001-2010,2006
3ck7,4.05,2001-2010,2008
2igw,1.31,2001-2010,2007
2adu,7.74,2001-2010,2005
2ywp,8.15,2001-2010,2007
3drp,9.7,2001-2010,2008
2ewa,7.94,2001-2010,2006
3bv3,9.34,2001-2010,2008
2w7x,7.62,2001-2010,2009
2i2c,4.7,2001-2010,2007
2h5j,7.91,2001-2010,2006
3e7o,6.92,2001-2010,2008
3fdt,4.52,2001-2010,2009
2c1p,5.4,2001-2010,2006
2r7g,6.05,2001-2010,2007
2zb0,6.62,2001-2010,2008
3ob1,5.42,2001-2010,2010
3e3b,7.96,2001-2010,2009
2pjb,7.72,2001-2010,2008
2pyy,4.6,2001-2010,2008
3anr,6.46,2001-2010,2010
1ro7,3.18,2001-2010,2004
3dz5,8.15,2001-2010,2009
2pgj,3.59,2001-2010,2007
2uw5,7.51,2001-2010,2007
3cs8,5.77,2001-2010,2008
2zx5,12.33,2001-2010,2009
3lle,4.97,2001-2010,2010
3ime,3.0,2001-2010,2009
2rcw,8.1,2001-2010,2008
2cma,6.73,2001-2010,2006
1g05,8.51,2001-2010,2001
1oh4,3.74,2001-2010,2004
3hv4,6.51,2001-2010,2009
2w0j,6.62,2001-2010,2009
2vev,6.52,2001-2010,2007
2uzn,7.52,2001-2010,2007
3c2r,3.11,2001-2010,2008
1r5y,6.46,2001-2010,2004
1gj5,4.96,2001-2010,2002
1n7m,5.71,2001-2010,2003
3k0k,5.43,2001-2010,2010
3ggw,5.54,2001-2010,2009
1w4p,4.74,2001-2010,2005
1gj8,6.96,2001-2010,2002
2woq,2.88,2001-2010,2009
2ity,7.27,2001-2010,2007
1k1i,6.58,2001-2010,2001
1umw,6.55,2001-2010,2003
2va5,4.07,2001-2010,2007
3nxq,8.15,2001-2010,2010
2gcd,5.52,2001-2010,2006
2cbu,5.68,2001-2010,2006
3et7,7.77,2001-2010,2009
1q41,7.66,2001-2010,2003
2g5t,9.09,2001-2010,2006
3kej,7.12,2001-2010,2010
2p9a,5.18,2001-2010,2007
3mxe,10.01,2001-2010,2010
1m4h,9.52,2001-2010,2002
2vc7,3.36,2001-2010,2008
3g4g,9.04,2001-2010,2010
3hkn,5.35,2001-2010,2009
3mjl,2.44,2001-2010,2010
3ibn,7.61,2001-2010,2009
1v1k,4.46,2001-2010,2004
1lv8,5.46,2001-2010,2003
3hxe,5.33,2001-2010,2009
2vvo,2.2,2001-2010,2008
1r5h,6.74,2001-2010,2004
1ow4,5.68,2001-2010,2003
1xdg,7.3,2001-2010,2004
3kjq,5.88,2001-2010,2010
1i5r,8.52,2001-2010,2003
3kec,7.24,2001-2010,2010
1rhm,5.76,2001-2010,2004
3d67,4.96,2001-2010,2008
1eb2,6.01,2001-2010,2002
3el0,7.47,2001-2010,2009
1xo2,6.07,2001-2010,2005
3lfs,5.6,2001-2010,2010
2wev,8.0,2001-2010,2009
3ejq,8.57,2001-2010,2009
1pfy,8.15,2001-2010,2004
1y91,7.23,2001-2010,2005
3mpm,7.52,2001-2010,2010
1hy7,5.39,2001-2010,2002
1yw2,6.85,2001-2010,2005
3k99,7.22,2001-2010,2010
2zmd,7.01,2001-2010,2008
1hkk,7.4,2001-2010,2004
2w8y,9.09,2001-2010,2009
3gn7,8.3,2001-2010,2010
2cf8,8.1,2001-2010,2006
1sh9,6.03,2001-2010,2004
3n3g,7.24,2001-2010,2010
2dq7,8.32,2001-2010,2006
1s39,7.7,2001-2010,2004
3ds9,7.39,2001-2010,2008
2j7h,7.19,2001-2010,2006
2o1v,5.3,2001-2010,2007
3e16,5.24,2001-2010,2008
3k05,4.85,2001-2010,2010
2h6k,5.06,2001-2010,2006
1xp0,9.0,2001-2010,2004
2iiv,8.18,2001-2010,2006
2r3i,6.0,2001-2010,2008
1w5v,8.15,2001-2010,2004
1kv5,4.22,2001-2010,2002
1nfu,7.74,2001-2010,2003
3ck8,3.84,2001-2010,2008
1fdq,7.27,2001-2010,2001
1n5r,5.66,2001-2010,2003
3dcw,9.0,2001-2010,2009
2qci,8.34,2001-2010,2008
3ncr,4.11,2001-2010,2010
3oxz,8.07,2001-2010,2010
2cf9,7.82,2001-2010,2006
2hob,5.72,2001-2010,2007
3k8d,5.77,2001-2010,2009
3f5j,4.28,2001-2010,2009
3ccn,6.92,2001-2010,2008
1jn2,4.09,2001-2010,2003
2kff,3.61,2001-2010,2009
1ntv,5.82,2001-2010,2003
2clv,7.88,2001-2010,2006
3caj,8.1,2001-2010,2008
2wl0,7.8,2001-2010,2009
1ro6,6.46,2001-2010,2004
2y3p,5.89,2001-2010,2010
3lk1,4.26,2001-2010,2010
3ahn,7.05,2001-2010,2010
1qvt,4.38,2001-2010,2004
3fqs,7.39,2001-2010,2009
2xe4,7.16,2001-2010,2010
3kr5,7.89,2001-2010,2010
1iep,7.0,2001-2010,2001
3adv,3.03,2001-2010,2010
3dgq,4.92,2001-2010,2009
2qcg,4.0,2001-2010,2007
1jr1,8.22,2001-2010,2001
2zz1,4.54,2001-2010,2009
2cnh,7.23,2001-2010,2006
3hky,7.1,2001-2010,2010
2c80,5.33,2001-2010,2006
1xog,6.39,2001-2010,2005
1r0x,3.83,2001-2010,2003
1uh1,5.48,2001-2010,2003
3ctt,6.35,2001-2010,2009
1k1l,6.9,2001-2010,2001
2xuf,14.39,2001-2010,2010
2q63,7.18,2001-2010,2008
1ysg,3.52,2001-2010,2005
3h8c,7.72,2001-2010,2009
2a3b,3.33,2001-2010,2005
1v48,7.8,2001-2010,2004
3hvh,8.52,2001-2010,2009
3anq,6.74,2001-2010,2010
3ncq,5.36,2001-2010,2010
2p7g,6.53,2001-2010,2008
1sqp,8.2,2001-2010,2005
3mn8,6.17,2001-2010,2010
1s89,5.24,2001-2010,2004
3m59,5.24,2001-2010,2010
2pov,7.12,2001-2010,2007
1x81,9.19,2001-2010,2004
3p8e,5.15,2001-2010,2010
1gqs,6.3,2001-2010,2002
2pk5,10.7,2001-2010,2007
2ilp,4.82,2001-2010,2007
2etk,6.82,2001-2010,2005
1iup,2.54,2001-2010,2002
3iog,5.52,2001-2010,2010
2uxz,8.48,2001-2010,2008
2jjb,7.92,2001-2010,2009
3nzc,7.02,2001-2010,2010
3bc4,5.35,2001-2010,2008
1r5v,4.48,2001-2010,2004
3cso,5.77,2001-2010,2009
1v2q,4.13,2001-2010,2004
3iw6,5.48,2001-2010,2009
2glp,5.01,2001-2010,2007
1esz,6.52,2001-2010,2002
2ff1,8.21,2001-2010,2006
1p6e,2.92,2001-2010,2003
1syo,9.0,2001-2010,2004
3kr8,8.1,2001-2010,2009
1inq,6.27,2001-2010,2002
1pzp,3.31,2001-2010,2004
2qtb,8.32,2001-2010,2007
3lzs,10.96,2001-2010,2010
2eg7,5.89,2001-2010,2007
2emt,6.7,2001-2010,2008
3exh,4.88,2001-2010,2008
2gnj,5.22,2001-2010,2006
2w1e,7.92,2001-2010,2009
3k5f,5.43,2001-2010,2010
1ynd,8.44,2001-2010,2005
2hdr,1.72,2001-2010,2006
2ihj,4.59,2001-2010,2007
2bdy,7.77,2001-2010,2006
3f18,7.4,2001-2010,2008
3evc,6.91,2001-2010,2009
1vj6,5.1,2001-2010,2005
3cl0,7.07,2001-2010,2008
2viq,5.89,2001-2010,2008
1nde,7.82,2001-2010,2002
2o48,6.01,2001-2010,2007
3l3m,8.22,2001-2010,2010
3f3v,7.14,2001-2010,2009
2duv,7.06,2001-2010,2007
3c14,3.52,2001-2010,2009
1oz0,7.7,2001-2010,2003
2va7,6.7,2001-2010,2007
3m1s,9.0,2001-2010,2010
1kl5,5.99,2001-2010,2002
2pl0,7.21,2001-2010,2007
2vc9,8.44,2001-2010,2008
2ohu,5.38,2001-2010,2007
1k6v,6.92,2001-2010,2002
1tft,8.3,2001-2010,2005
3l8v,8.1,2001-2010,2010
1xoe,7.39,2001-2010,2005
3cfs,5.96,2001-2010,2008
3eju,6.6,2001-2010,2009
2w26,9.4,2001-2010,2008
3ig7,7.2,2001-2010,2009
3lxg,8.14,2001-2010,2010
2xei,10.62,2001-2010,2010
2vl1,1.35,2001-2010,2008
3mz6,7.2,2001-2010,2010
3lk0,3.16,2001-2010,2010
2pll,8.3,2001-2010,2007
1xh3,5.51,2001-2010,2004
2afw,4.77,2001-2010,2005
1jlr,3.33,2001-2010,2002
2wxp,8.52,2001-2010,2010
1oq5,7.68,2001-2010,2004
3k7f,7.7,2001-2010,2009
3ivi,7.92,2001-2010,2010
1rww,8.3,2001-2010,2004
2r4f,8.82,2001-2010,2008
2vtj,5.72,2001-2010,2008
3kck,9.1,2001-2010,2009
1zgv,6.0,2001-2010,2005
2obf,8.85,2001-2010,2007
3ms9,5.22,2001-2010,2010
2p2a,6.12,2001-2010,2007
2a3i,6.05,2001-2010,2005
2vio,4.4,2001-2010,2008
3fty,3.21,2001-2010,2009
2nxl,6.27,2001-2010,2007
2gg2,6.6,2001-2010,2006
3cz1,7.26,2001-2010,2009
2h42,8.62,2001-2010,2006
1guw,5.72,2001-2010,2002
1xd0,7.12,2001-2010,2004
3k00,5.77,2001-2010,2010
3gwu,4.71,2001-2010,2009
2l1r,3.57,2001-2010,2010
1rql,2.75,2001-2010,2004
2h65,8.19,2001-2010,2006
3i6m,6.46,2001-2010,2010
3mhw,2.3,2001-2010,2010
2c5y,6.6,2001-2010,2006
2ow1,9.0,2001-2010,2007
3fv8,6.8,2001-2010,2009
3hxd,5.05,2001-2010,2009
1pkx,6.92,2001-2010,2004
2c90,3.48,2001-2010,2006
3fh8,6.74,2001-2010,2010
2xf0,4.52,2001-2010,2010
2nwn,6.3,2001-2010,2007
2gnh,6.83,2001-2010,2006
2bvr,3.7,2001-2010,2006
3ft8,7.52,2001-2010,2009
1oau,7.7,2001-2010,2004
3a4o,8.89,2001-2010,2009
2we3,4.43,2001-2010,2009
1sqa,9.21,2001-2010,2004
3kbz,6.91,2001-2010,2010
2q93,6.25,2001-2010,2008
2eh8,7.96,2001-2010,2008
3nim,4.75,2001-2010,2010
1oko,4.54,2001-2010,2003
3oe8,8.14,2001-2010,2010
3dcs,7.94,2001-2010,2009
3m53,5.31,2001-2010,2010
3li2,9.0,2001-2010,2010
2nnq,8.7,2001-2010,2007
2fl2,8.7,2001-2010,2006
3hng,6.74,2001-2010,2009
2j95,8.4,2001-2010,2007
2aqu,9.32,2001-2010,2006
2wyg,8.7,2001-2010,2010
2ww0,5.3,2001-2010,2009
3i06,9.7,2001-2010,2009
1ong,8.05,2001-2010,2003
2ooh,5.89,2001-2010,2007
3ekv,9.41,2001-2010,2009
1n9m,10.96,2001-2010,2003
2igy,6.95,2001-2010,2006
1mqh,6.52,2001-2010,2003
3lp7,5.44,2001-2010,2010
2be2,8.7,2001-2010,2005
1r9l,5.4,2001-2010,2004
2b7a,9.0,2001-2010,2006
1k1n,6.82,2001-2010,2001
3lpu,5.86,2001-2010,2010
3d6o,4.11,2001-2010,2009
1gww,3.59,2001-2010,2003
2xow,5.22,2001-2010,2010
1mv0,4.03,2001-2010,2003
3iwy,7.28,2001-2010,2010
3d6q,3.76,2001-2010,2009
2vwx,7.4,2001-2010,2008
2b1i,6.82,2001-2010,2006
2j3q,6.15,2001-2010,2007
3mo8,3.1,2001-2010,2010
2v7d,6.59,2001-2010,2008
2w3o,6.72,2001-2010,2009
3eor,1.4,2001-2010,2009
2hxq,6.84,2001-2010,2007
1rek,6.7,2001-2010,2004
2c4f,7.7,2001-2010,2006
2pvw,9.52,2001-2010,2007
2xdl,3.1,2001-2010,2010
3h98,8.3,2001-2010,2009
2kfg,2.92,2001-2010,2009
3hy9,7.77,2001-2010,2009
3hrf,4.99,2001-2010,2009
2fzk,3.6,2001-2010,2006
2q2c,6.38,2001-2010,2008
1h9z,5.42,2001-2010,2001
2ghg,8.82,2001-2010,2007
3dgn,6.21,2001-2010,2009
3km4,8.89,2001-2010,2010
3p4f,5.66,2001-2010,2010
1e3v,4.34,2001-2010,2001
2qrg,5.18,2001-2010,2008
2bmv,2.0,2001-2010,2006
2oaz,8.7,2001-2010,2007
2vnt,8.0,2001-2010,2008
3fr2,6.23,2001-2010,2009
1iih,2.89,2001-2010,2001
3inh,7.7,2001-2010,2010
2p2i,7.42,2001-2010,2007
3bxs,5.1,2001-2010,2008
2wm0,4.52,2001-2010,2010
1uvr,6.0,2001-2010,2004
1pxm,7.22,2001-2010,2004
2ajl,7.89,2001-2010,2005
2q9y,4.44,2001-2010,2008
2vo5,4.89,2001-2010,2008
2ha0,4.43,2001-2010,2006
1hee,5.34,2001-2010,2001
3k8c,2.92,2001-2010,2010
3dpo,8.26,2001-2010,2009
3dz4,6.4,2001-2010,2009
2cbz,3.93,2001-2010,2006
2j83,4.21,2001-2010,2006
3b50,7.55,2001-2010,2007
3fxw,5.96,2001-2010,2010
2pzi,6.1,2001-2010,2007
2xab,9.27,2001-2010,2010
3ffg,9.08,2001-2010,2009
2bvs,4.1,2001-2010,2006
2ewy,6.15,2001-2010,2006
2i19,7.8,2001-2010,2006
3lpf,6.68,2001-2010,2010
3o88,6.37,2001-2010,2010
3ftw,2.78,2001-2010,2009
1yqy,7.62,2001-2010,2005
2q7q,5.3,2001-2010,2007
2uzb,6.92,2001-2010,2007
1g7q,6.06,2001-2010,2002
2bq6,10.15,2001-2010,2006
1m0n,2.22,2001-2010,2002
1l8g,6.22,2001-2010,2002
3adt,4.55,2001-2010,2010
3fum,3.77,2001-2010,2009
2wyn,5.55,2001-2010,2010
2zx8,9.64,2001-2010,2009
2zdm,6.41,2001-2010,2008
1z1h,8.4,2001-2010,2005
2qoa,7.28,2001-2010,2008
3dbu,8.06,2001-2010,2009
1y8o,5.89,2001-2010,2005
2znu,8.11,2001-2010,2009
2qu2,5.43,2001-2010,2008
2h96,6.64,2001-2010,2006
2jbp,8.07,2001-2010,2007
2reg,5.64,2001-2010,2008
3ghe,5.89,2001-2010,2009
2d1n,8.15,2001-2010,2006
2v83,4.47,2001-2010,2007
1hty,1.4,2001-2010,2002
2byr,8.55,2001-2010,2005
1xh8,5.77,2001-2010,2005
1y2g,4.08,2001-2010,2005
1uj5,3.05,2001-2010,2004
1o41,3.05,2001-2010,2004
3fjz,4.05,2001-2010,2009
3pd9,6.22,2001-2010,2010
2vts,7.52,2001-2010,2008
3okc,4.44,2001-2010,2010
3ehy,5.85,2001-2010,2009
2fci,7.15,2001-2010,2006
1fe3,7.33,2001-2010,2001
3h0a,7.48,2001-2010,2009
3f6e,2.38,2001-2010,2008
2hnx,7.08,2001-2010,2006
2op9,5.66,2001-2010,2007
2q8g,7.06,2001-2010,2007
2ow2,8.22,2001-2010,2007
1o4j,2.36,2001-2010,2004
1z4u,7.15,2001-2010,2005
2r2l,9.0,2001-2010,2008
3dxm,6.0,2001-2010,2009
1ove,9.13,2001-2010,2003
1o2q,7.68,2001-2010,2003
3bwf,9.7,2001-2010,2008
1t29,6.05,2001-2010,2004
3bu8,6.92,2001-2010,2008
1ke7,8.05,2001-2010,2002
2w77,9.19,2001-2010,2009
3ckb,2.98,2001-2010,2008
3hnz,7.72,2001-2010,2010
2obo,7.24,2001-2010,2007
3fmq,7.95,2001-2010,2009
2uxi,7.3,2001-2010,2007
3fqk,7.15,2001-2010,2009
1sm2,8.0,2001-2010,2004
2rfh,6.82,2001-2010,2008
2vk6,5.3,2001-2010,2008
1o2x,5.85,2001-2010,2003
1o2p,4.85,2001-2010,2003
2w6q,4.6,2001-2010,2009
2koh,5.22,2001-2010,2010
3fu5,4.12,2001-2010,2009
1w8m,1.6,2001-2010,2004
3juo,5.07,2001-2010,2009
2nn1,5.82,2001-2010,2007
2i4d,11.68,2001-2010,2007
3a1d,4.12,2001-2010,2009
2eg8,4.5,2001-2010,2007
3pd2,5.47,2001-2010,2010
2uyi,6.32,2001-2010,2007
1tl1,6.42,2001-2010,2004
2oi0,7.55,2001-2010,2007
1juj,6.96,2001-2010,2001
3fee,6.64,2001-2010,2009
2fgu,9.18,2001-2010,2006
3egt,8.9,2001-2010,2009
2r38,7.44,2001-2010,2008
3dp2,5.82,2001-2010,2009
2gnf,5.22,2001-2010,2006
3igb,4.42,2001-2010,2009
2ews,6.62,2001-2010,2006
3d5m,8.0,2001-2010,2009
1k3q,6.52,2001-2010,2001
2xbx,7.82,2001-2010,2010
1h3b,6.85,2001-2010,2003
1r4w,4.05,2001-2010,2004
3abu,5.62,2001-2010,2010
2r9s,6.82,2001-2010,2007
2itt,8.77,2001-2010,2007
2wi6,6.64,2001-2010,2009
3kmm,9.7,2001-2010,2010
2qft,5.26,2001-2010,2007
1wdy,7.89,2001-2010,2004
1t46,6.43,2001-2010,2004
2bet,2.77,2001-2010,2004
1lpg,7.09,2001-2010,2003
1z6s,4.34,2001-2010,2005
1n43,10.55,2001-2010,2003
2i4t,9.0,2001-2010,2007
1lrh,6.82,2001-2010,2002
3eqr,8.7,2001-2010,2008
3lvw,2.67,2001-2010,2010
3el7,6.32,2001-2010,2008
3mpt,6.6,2001-2010,2010
1gi4,7.19,2001-2010,2002
1yvx,5.1,2001-2010,2005
2hwp,7.14,2001-2010,2007
1wug,5.8,2001-2010,2005
3a1e,2.66,2001-2010,2009
1mq1,6.59,2001-2010,2002
1ros,8.77,2001-2010,2004
2qm9,7.77,2001-2010,2007
1yrs,6.35,2001-2010,2005
2x52,4.24,2001-2010,2010
2d1x,5.1,2001-2010,2006
2waj,6.4,2001-2010,2009
3ion,8.1,2001-2010,2010
2q96,5.92,2001-2010,2008
2zb1,6.32,2001-2010,2008
3d0e,8.4,2001-2010,2008
1g36,7.17,2001-2010,2001
1v2j,3.25,2001-2010,2004
1xos,4.7,2001-2010,2004
1o4i,2.64,2001-2010,2004
3g2z,2.36,2001-2010,2009
1t5f,4.22,2001-2010,2005
2c1b,6.4,2001-2010,2005
1ec1,8.92,2001-2010,2002
3fal,6.78,2001-2010,2009
3nnw,8.05,2001-2010,2010
2vpn,6.72,2001-2010,2008
2odd,3.96,2001-2010,2007
3k3h,7.06,2001-2010,2010
1np0,3.57,2001-2010,2003
1q8t,4.76,2001-2010,2003
1nhw,4.84,2001-2010,2003
1svg,8.7,2001-2010,2005
3kmx,4.82,2001-2010,2010
2bmz,3.7,2001-2010,2005
3c43,7.72,2001-2010,2008
1p4u,5.3,2001-2010,2003
2wtx,2.89,2001-2010,2010
2vb8,4.6,2001-2010,2007
3h21,4.7,2001-2010,2009
2qic,5.48,2001-2010,2008
1y2e,6.8,2001-2010,2005
2pym,6.82,2001-2010,2008
1xxh,6.11,2001-2010,2004
3ii5,7.62,2001-2010,2009
1okx,6.8,2001-2010,2003
1g3b,5.74,2001-2010,2001
2fo4,7.22,2001-2010,2006
2b55,7.02,2001-2010,2005
2uz6,8.77,2001-2010,2007
1o6h,6.73,2001-2010,2003
1y1m,1.82,2001-2010,2005
2ou7,3.81,2001-2010,2007
3nii,4.23,2001-2010,2010
1z3j,8.0,2001-2010,2005
3k8o,11.07,2001-2010,2010
3iqg,4.6,2001-2010,2009
2gfj,3.82,2001-2010,2007
2gdo,9.49,2001-2010,2007
3gur,8.0,2001-2010,2009
2c9d,6.32,2001-2010,2006
3okh,5.24,2001-2010,2010
2uwo,8.7,2001-2010,2007
2g78,6.92,2001-2010,2007
2v13,7.59,2001-2010,2008
2hf8,5.47,2001-2010,2006
3ehn,1.92,2001-2010,2009
1tt1,8.15,2001-2010,2005
1g9c,5.3,2001-2010,2002
1yt9,8.3,2001-2010,2005
1g9s,3.61,2001-2010,2002
3c4e,4.0,2001-2010,2008
2i3v,6.55,2001-2010,2006
3ft5,4.82,2001-2010,2009
1gpn,6.48,2001-2010,2002
2f3r,6.3,2001-2010,2006
3i28,8.22,2001-2010,2009
2qlj,5.36,2001-2010,2007
1w1y,2.62,2001-2010,2005
2a3x,6.92,2001-2010,2005
3ioe,3.27,2001-2010,2009
1u71,7.48,2001-2010,2005
2hnc,7.22,2001-2010,2006
2w47,4.98,2001-2010,2009
1kl3,5.86,2001-2010,2002
3fas,6.77,2001-2010,2008
1nqc,7.3,2001-2010,2003
1d4j,8.36,2001-2010,2002
3bbf,5.28,2001-2010,2008
3lcu,3.52,2001-2010,2010
3jzi,5.3,2001-2010,2009
2jdn,5.56,2001-2010,2007
3ot8,8.05,2001-2010,2010
3ifl,8.08,2001-2010,2009
1k6c,7.48,2001-2010,2002
3mbl,7.74,2001-2010,2010
2ri9,3.22,2001-2010,2008
2ce9,6.03,2001-2010,2006
3gv9,2.12,2001-2010,2009
2q6c,7.78,2001-2010,2007
2aa6,9.41,2001-2010,2005
2xvn,3.95,2001-2010,2010
1if7,10.52,2001-2010,2001
3e9h,7.55,2001-2010,2009
1pu7,3.1,2001-2010,2003
3dvp,5.0,2001-2010,2009
2v25,5.72,2001-2010,2007
2i0d,12.1,2001-2010,2006
2jg8,6.3,2001-2010,2008
2fys,4.36,2001-2010,2006
1r2b,4.94,2001-2010,2003
3il5,5.8,2001-2010,2009
3bmo,5.27,2001-2010,2008
2vwo,7.51,2001-2010,2009
1tuf,4.05,2001-2010,2004
1zz3,6.54,2001-2010,2005
1hqg,3.0,2001-2010,2001
2vtd,4.07,2001-2010,2008
1ogd,3.03,2001-2010,2003
3dz2,4.15,2001-2010,2009
1g2o,10.55,2001-2010,2001
2x39,8.66,2001-2010,2010
2z52,5.57,2001-2010,2008
3e93,8.85,2001-2010,2008
2bak,7.43,2001-2010,2005
2qzr,7.26,2001-2010,2007
1ttv,6.8,2001-2010,2005
3hs8,5.3,2001-2010,2010
1uys,3.6,2001-2010,2004
1o34,5.74,2001-2010,2003
1vj5,6.92,2001-2010,2004
3lpp,6.22,2001-2010,2010
3m35,7.22,2001-2010,2010
1y2a,7.34,2001-2010,2005
3gbe,5.0,2001-2010,2009
2kpl,6.64,2001-2010,2010
3kqw,4.01,2001-2010,2010
3oqf,7.04,2001-2010,2010
2wuf,4.29,2001-2010,2009
2ea4,7.34,2001-2010,2008
2ban,9.0,2001-2010,2005
1oeb,6.93,2001-2010,2003
2bz8,5.6,2001-2010,2005
1vjc,3.58,2001-2010,2004
2vj9,6.74,2001-2010,2008
1okw,5.25,2001-2010,2003
2g96,4.28,2001-2010,2006
3f7h,7.09,2001-2010,2009
2bgn,5.7,2001-2010,2005
2vpe,4.94,2001-2010,2008
3nww,8.15,2001-2010,2010
1zeo,6.68,2001-2010,2006
2qu3,6.23,2001-2010,2008
2j94,6.27,2001-2010,2007
2o9i,7.4,2001-2010,2007
2jnp,6.89,2001-2010,2007
1o47,8.4,2001-2010,2004
2qlm,5.64,2001-2010,2008
3h8b,6.29,2001-2010,2009
1y0l,9.0,2001-2010,2005
1jyi,4.0,2001-2010,2002
3mfv,2.52,2001-2010,2010
3faa,8.15,2001-2010,2009
2g9r,6.08,2001-2010,2007
1oe0,5.16,2001-2010,2003
2pqz,5.67,2001-2010,2008
3hdm,7.4,2001-2010,2009
2w5i,4.54,2001-2010,2009
2j50,7.89,2001-2010,2006
3mkn,4.12,2001-2010,2010
3hb4,9.05,2001-2010,2009
1xnz,6.62,2001-2010,2004
2rr4,4.78,2001-2010,2010
2vaq,8.52,2001-2010,2008
1xa5,6.5,2001-2010,2004
3ob2,4.59,2001-2010,2010
2wap,6.64,2001-2010,2009
3bi0,7.85,2001-2010,2008
1g2k,7.96,2001-2010,2001
1o2y,5.85,2001-2010,2003
1y98,5.43,2001-2010,2005
2jko,8.11,2001-2010,2008
2j75,6.65,2001-2010,2006
1hs6,5.38,2001-2010,2001
3blu,3.46,2001-2010,2008
1r1i,8.54,2001-2010,2004
3lnj,6.66,2001-2010,2010
3ads,5.01,2001-2010,2010
2zas,7.86,2001-2010,2008
2chz,7.8,2001-2010,2006
1jq3,6.7,2001-2010,2001
2a3a,2.82,2001-2010,2005
2f5t,5.17,2001-2010,2006
1rdt,6.7,2001-2010,2004
2wfj,7.15,2001-2010,2009
3fzn,4.01,2001-2010,2009
1gx0,4.22,2001-2010,2003
1k21,8.38,2001-2010,2002
1j4r,7.72,2001-2010,2001
1nms,6.7,2001-2010,2003
2zu4,7.42,2001-2010,2009
2ko7,5.19,2001-2010,2009
2hw2,2.97,2001-2010,2007
3c56,7.89,2001-2010,2008
2zyb,7.7,2001-2010,2009
3ckp,6.35,2001-2010,2008
3kqc,8.66,2001-2010,2010
1g35,8.14,2001-2010,2001
2xp2,9.0,2001-2010,2010
1gcz,5.13,2001-2010,2001
3f8s,7.89,2001-2010,2009
2i3h,7.4,2001-2010,2006
3dkf,8.57,2001-2010,2009
3ovx,7.51,2001-2010,2010
3f3c,6.02,2001-2010,2008
2qq7,5.24,2001-2010,2008
3ivv,5.43,2001-2010,2009
2h23,4.67,2001-2010,2006
1my2,7.77,2001-2010,2003
3msk,4.59,2001-2010,2010
3hzm,5.52,2001-2010,2010
1n9a,8.66,2001-2010,2003
3heg,6.74,2001-2010,2009
3eu5,7.49,2001-2010,2009
2v57,7.1,2001-2010,2009
3btc,5.75,2001-2010,2008
2wr8,5.44,2001-2010,2009
2xml,3.3,2001-2010,2010
3dln,6.6,2001-2010,2008
1fpy,6.0,2001-2010,2001
2cn8,5.46,2001-2010,2006
3lbz,3.86,2001-2010,2010
2bb7,5.67,2001-2010,2006
3i4a,4.28,2001-2010,2009
2ax9,9.52,2001-2010,2005
3p1d,2.64,2001-2010,2010
2puy,4.52,2001-2010,2007
2qrl,4.0,2001-2010,2007
1f8e,4.82,2001-2010,2001
1k1m,7.4,2001-2010,2001
3itc,1.6,2001-2010,2010
2qzk,7.57,2001-2010,2008
1gi9,5.22,2001-2010,2002
1jq8,6.0,2001-2010,2002
1tfq,7.92,2001-2010,2004
1o49,6.36,2001-2010,2004
1r78,8.52,2001-2010,2004
3mb7,6.7,2001-2010,2010
1f0q,6.0,2001-2010,2001
2w10,6.77,2001-2010,2009
2r3m,8.0,2001-2010,2008
2qcd,3.4,2001-2010,2007
2krd,2.7,2001-2010,2010
2xc0,6.72,2001-2010,2010
2gg5,6.6,2001-2010,2006
2jh6,7.77,2001-2010,2007
3hl5,4.47,2001-2010,2009
2fx7,7.7,2001-2010,2006
3koo,7.82,2001-2010,2010
1lhw,9.08,2001-2010,2002
3g3d,4.74,2001-2010,2009
3oy3,7.45,2001-2010,2010
3e9b,5.35,2001-2010,2008
1zge,7.3,2001-2010,2006
1w5y,8.48,2001-2010,2004
1mrx,7.26,2001-2010,2003
2cc7,8.01,2001-2010,2006
1xon,10.68,2001-2010,2004
2gkl,5.35,2001-2010,2007
3elj,5.3,2001-2010,2008
2ohr,4.0,2001-2010,2007
3c6t,8.68,2001-2010,2008
1pcg,7.6,2001-2010,2003
1kak,4.59,2001-2010,2002
3pb3,6.22,2001-2010,2010
1s50,7.2,2001-2010,2005
3bm9,6.72,2001-2010,2008
3bl2,5.8,2001-2010,2008
2bq7,7.05,2001-2010,2006
1ikv,6.28,2001-2010,2001
2q2z,8.7,2001-2010,2007
3c10,6.52,2001-2010,2008
3nef,5.94,2001-2010,2010
3bex,5.57,2001-2010,2008
2wxd,5.48,2001-2010,2010
1sdt,9.27,2001-2010,2004
1x07,3.28,2001-2010,2005
3ff6,7.15,2001-2010,2009
3ehw,4.82,2001-2010,2008
1s17,8.3,2001-2010,2004
3i4b,8.15,2001-2010,2010
2h21,6.54,2001-2010,2006
1ymx,4.85,2001-2010,2005
1q84,11.05,2001-2010,2004
1zs0,6.15,2001-2010,2006
1owe,6.2,2001-2010,2003
1w1t,2.96,2001-2010,2005
3eql,5.3,2001-2010,2008
1zhy,6.52,2001-2010,2005
1r1j,8.64,2001-2010,2004
1ke3,6.7,2001-2010,2002
3ixj,9.49,2001-2010,2010
2xb9,6.77,2001-2010,2010
2g70,7.77,2001-2010,2007
2h9m,4.46,2001-2010,2006
3ly2,8.3,2001-2010,2010
3mb6,7.0,2001-2010,2010
3iu7,4.8,2001-2010,2010
3k4q,5.34,2001-2010,2010
2wuu,7.16,2001-2010,2009
1oay,5.92,2001-2010,2004
2aqb,3.3,2001-2010,2006
1mui,11.89,2001-2010,2002
3m8q,9.52,2001-2010,2010
1y3p,4.82,2001-2010,2005
3jzo,8.52,2001-2010,2009
3m36,9.82,2001-2010,2010
3lp4,4.88,2001-2010,2010
1h61,4.89,2001-2010,2001
1ryf,8.8,2001-2010,2004
2zu3,6.1,2001-2010,2009
1ke6,8.24,2001-2010,2002
2fum,6.1,2001-2010,2006
2ptz,7.82,2001-2010,2007
1n8v,6.03,2001-2010,2003
2gmk,3.23,2001-2010,2006
1wok,7.48,2001-2010,2005
1oiy,7.19,2001-2010,2004
3nht,7.01,2001-2010,2010
3omc,5.0,2001-2010,2010
3dri,4.42,2001-2010,2009
2x96,4.03,2001-2010,2010
1q72,6.85,2001-2010,2003
1zdp,5.74,2001-2010,2005
2aow,7.42,2001-2010,2005
1jif,6.2,2001-2010,2002
3cth,6.96,2001-2010,2008
1f2o,1.91,2001-2010,2001
2xag,4.55,2001-2010,2010
2oxx,6.7,2001-2010,2007
2v58,9.09,2001-2010,2009
3i6c,4.92,2001-2010,2010
1ld8,8.46,2001-2010,2002
2bj4,4.47,2001-2010,2005
2qtn,3.42,2001-2010,2008
1w3k,4.3,2001-2010,2004
3fi3,7.92,2001-2010,2009
3f07,5.54,2001-2010,2008
3d1v,3.49,2001-2010,2009
1wqv,6.89,2001-2010,2005
2jaj,4.6,2001-2010,2007
2wzs,3.85,2001-2010,2009
2w67,4.96,2001-2010,2009
1gz4,3.7,2001-2010,2002
3mhc,7.96,2001-2010,2010
3ern,1.72,2001-2010,2009
3oki,7.15,2001-2010,2010
3eq7,9.09,2001-2010,2009
2dwx,3.74,2001-2010,2007
2clf,3.55,2001-2010,2007
2ooz,5.15,2001-2010,2007
2f10,3.48,2001-2010,2006
2clo,4.06,2001-2010,2007
1uu3,6.12,2001-2010,2004
3clp,3.69,2001-2010,2008
1p57,4.4,2001-2010,2004
1kzn,8.92,2001-2010,2002
3g3m,5.96,2001-2010,2009
1jiz,8.7,2001-2010,2002
1lxh,7.19,2001-2010,2002
2qh6,6.0,2001-2010,2008
3h06,3.53,2001-2010,2009
2fl6,7.42,2001-2010,2006
3d50,4.77,2001-2010,2008
2fqx,7.15,2001-2010,2006
2ow9,7.52,2001-2010,2007
2hvx,7.54,2001-2010,2007
2g01,5.91,2001-2010,2006
2idw,8.89,2001-2010,2006
1s4d,6.49,2001-2010,2004
2flb,5.74,2001-2010,2006
2xd6,6.19,2001-2010,2010
1pun,7.28,2001-2010,2003
3bwj,6.5,2001-2010,2009
2qn3,5.36,2001-2010,2008
3g0b,8.15,2001-2010,2010
3krr,9.32,2001-2010,2010
2nyr,4.66,2001-2010,2006
3a9i,4.15,2001-2010,2009
1nhx,5.68,2001-2010,2003
2qtg,5.08,2001-2010,2008
3hvj,8.7,2001-2010,2009
2vcw,3.05,2001-2010,2008
1o2r,5.21,2001-2010,2003
3hzk,6.7,2001-2010,2010
3k22,7.9,2001-2010,2010
2hvc,8.82,2001-2010,2007
3n4l,7.23,2001-2010,2010
2o4n,7.82,2001-2010,2006
2qtu,9.28,2001-2010,2007
2h6q,5.11,2001-2010,2006
2pks,4.96,2001-2010,2008
2kfh,2.62,2001-2010,2009
3d25,7.66,2001-2010,2009
1gwv,2.57,2001-2010,2003
1l0a,4.62,2001-2010,2002
3cph,6.48,2001-2010,2008
2g83,5.92,2001-2010,2006
1gi8,5.05,2001-2010,2002
2hqu,5.14,2001-2010,2007
3eft,7.92,2001-2010,2009
2g0g,6.29,2001-2010,2006
3ecn,3.16,2001-2010,2008
2hxl,7.92,2001-2010,2007
2wbd,6.64,2001-2010,2009
2xjx,9.15,2001-2010,2010
2v6n,5.86,2001-2010,2008
2oxn,7.44,2001-2010,2007
3f80,4.22,2001-2010,2008
3hq5,7.8,2001-2010,2010
1o2z,6.11,2001-2010,2003
3p2k,4.7,2001-2010,2010
1jh1,4.39,2001-2010,2001
1vyz,6.54,2001-2010,2004
3n5u,5.92,2001-2010,2010
2zlg,5.59,2001-2010,2008
1s19,9.51,2001-2010,2004
1w0x,5.3,2001-2010,2005
1sqq,7.82,2001-2010,2005
1k03,6.0,2001-2010,2001
2xi7,5.14,2001-2010,2010
2fl5,8.74,2001-2010,2006
2w8j,2.96,2001-2010,2009
3ljg,7.73,2001-2010,2010
1mrn,4.52,2001-2010,2003
3f7b,7.19,2001-2010,2009
2w6m,4.67,2001-2010,2009
1nli,3.59,2001-2010,2003
3k16,5.8,2001-2010,2010
2fs9,8.52,2001-2010,2006
3lik,8.72,2001-2010,2010
1zaj,5.1,2001-2010,2005
2fpz,3.96,2001-2010,2006
3mxs,5.01,2001-2010,2010
1n7t,6.82,2001-2010,2003
2f34,6.89,2001-2010,2006
1ym4,7.41,2001-2010,2006
2zva,7.96,2001-2010,2008
1xap,8.7,2001-2010,2004
1iig,1.57,2001-2010,2001
2vmf,5.85,2001-2010,2008
1zyj,5.82,2001-2010,2005
3o8g,5.13,2001-2010,2010
1njs,7.82,2001-2010,2003
3kr1,5.74,2001-2010,2010
2ajb,5.5,2001-2010,2006
2jk9,6.82,2001-2010,2008
1l6m,8.1,2001-2010,2003
2xaj,3.77,2001-2010,2010
3moh,2.84,2001-2010,2010
1z3t,3.94,2001-2010,2005
1xmu,9.08,2001-2010,2004
3g72,9.1,2001-2010,2009
3m17,7.4,2001-2010,2010
2xke,5.38,2001-2010,2010
2qhc,8.96,2001-2010,2008
1x70,7.74,2001-2010,2005
1oe7,5.52,2001-2010,2003
1e72,3.22,2001-2010,2001
1uef,5.49,2001-2010,2004
3f33,3.34,2001-2010,2009
1xhy,6.18,2001-2010,2005
3fz1,7.92,2001-2010,2009
1mqg,6.28,2001-2010,2003
2xz5,4.01,2001-2010,2010
2wqp,5.51,2001-2010,2009
3e51,7.85,2001-2010,2009
1pwq,4.96,2001-2010,2004
3ccw,7.87,2001-2010,2008
1h8l,7.47,2001-2010,2002
1xor,6.41,2001-2010,2004
3oka,4.72,2001-2010,2010
1f2p,1.9,2001-2010,2001
1kuk,3.91,2001-2010,2002
2qk5,8.1,2001-2010,2008
3psl,6.89,2001-2010,2010
3jzf,5.3,2001-2010,2009
2vj6,7.89,2001-2010,2008
2esm,6.28,2001-2010,2005
2a25,4.62,2001-2010,2005
2f8i,7.26,2001-2010,2005
2r5p,8.48,2001-2010,2007
3iok,7.96,2001-2010,2009
2o9k,4.11,2001-2010,2006
1uz1,6.89,2001-2010,2004
3dla,3.46,2001-2010,2009
1l2z,3.69,2001-2010,2002
3eoc,6.64,2001-2010,2008
1xjd,9.48,2001-2010,2004
2c8x,6.66,2001-2010,2006
2fjp,8.37,2001-2010,2006
1uu8,5.05,2001-2010,2004
3f68,5.06,2001-2010,2009
2e2r,8.26,2001-2010,2007
1onz,5.1,2001-2010,2003
2o9r,1.68,2001-2010,2007
2c8y,4.0,2001-2010,2006
2ci9,7.22,2001-2010,2006
3ezv,5.98,2001-2010,2009
2ivu,6.43,2001-2010,2006
2q5k,11.3,2001-2010,2007
2gvz,6.89,2001-2010,2006
3g4k,6.54,2001-2010,2010
1j19,7.79,2001-2010,2003
1w6h,9.3,2001-2010,2006
3fkt,5.55,2001-2010,2009
1o7o,4.49,2001-2010,2003
3bea,8.15,2001-2010,2008
1xr9,7.15,2001-2010,2005
2r5a,2.6,2001-2010,2007
2x6k,5.64,2001-2010,2010
3gxt,4.74,2001-2010,2009
3e63,5.8,2001-2010,2008
3h85,5.22,2001-2010,2009
1w2g,4.57,2001-2010,2005
2anl,6.96,2001-2010,2006
2uy0,6.92,2001-2010,2008
3gvu,8.0,2001-2010,2009
3egk,4.66,2001-2010,2008
2qln,5.43,2001-2010,2008
3ocb,8.3,2001-2010,2010
2bok,6.55,2001-2010,2005
2v0n,6.3,2001-2010,2007
3ds4,4.19,2001-2010,2008
1gjc,6.35,2001-2010,2002
3hjo,6.52,2001-2010,2009
2piz,6.77,2001-2010,2008
1zc9,3.22,2001-2010,2006
2bdj,9.35,2001-2010,2006
2qhy,7.48,2001-2010,2008
2g2r,7.89,2001-2010,2006
3pjc,7.57,2001-2010,2010
3da9,5.51,2001-2010,2009
3coh,8.4,2001-2010,2009
2zda,8.4,2001-2010,2008
2h02,6.49,2001-2010,2006
1zkk,4.48,2001-2010,2005
2e92,6.89,2001-2010,2007
3i6z,7.3,2001-2010,2010
2xii,7.2,2001-2010,2010
2psj,7.7,2001-2010,2007
3c7n,6.7,2001-2010,2008
2ozr,9.17,2001-2010,2007
1o0d,8.21,2001-2010,2003
3hwx,7.86,2001-2010,2009
2f7o,7.44,2001-2010,2006
1h1r,5.64,2001-2010,2002
1v0m,5.1,2001-2010,2004
3gsm,6.48,2001-2010,2009
2bdl,7.82,2001-2010,2006
2pwg,4.82,2001-2010,2007
2pzy,7.47,2001-2010,2007
2cet,8.02,2001-2010,2006
2pwc,6.57,2001-2010,2008
3mz3,7.83,2001-2010,2010
3neg,5.94,2001-2010,2010
3b78,4.1,2001-2010,2008
3dt1,8.62,2001-2010,2008
2jnw,6.11,2001-2010,2007
1r17,6.42,2001-2010,2003
3fur,8.0,2001-2010,2009
1f9g,1.28,2001-2010,2001
3hcm,3.3,2001-2010,2010
1xp9,8.89,2001-2010,2004
3fv7,5.64,2001-2010,2010
3fr4,6.19,2001-2010,2009
3hkw,8.64,2001-2010,2010
1j1a,7.54,2001-2010,2003
2gg7,5.76,2001-2010,2006
3fnm,4.71,2001-2010,2009
1txr,7.74,2001-2010,2004
1pa9,4.6,2001-2010,2003
1ykr,6.25,2001-2010,2006
3dng,8.13,2001-2010,2009
3ag9,8.05,2001-2010,2010
2wj1,8.72,2001-2010,2009
3hb8,5.12,2001-2010,2010
3f8e,7.23,2001-2010,2009
1kdk,9.05,2001-2010,2002
3al3,5.68,2001-2010,2010
1o3p,6.66,2001-2010,2003
2wpb,2.89,2001-2010,2010
1ms7,6.77,2001-2010,2003
1o4k,2.92,2001-2010,2004
1sb1,6.89,2001-2010,2004
2wa3,3.0,2001-2010,2010
1q6j,7.8,2001-2010,2003
3new,5.0,2001-2010,2010
3kl8,6.92,2001-2010,2010
1hqh,6.3,2001-2010,2001
1o43,5.66,2001-2010,2004
2xck,6.15,2001-2010,2010
1wax,4.07,2001-2010,2005
2zsc,7.06,2001-2010,2009
2h2d,5.37,2001-2010,2006
1kf6,6.7,2001-2010,2002
3hl7,7.64,2001-2010,2009
1pus,7.28,2001-2010,2003
2ph8,5.74,2001-2010,2008
2pe1,8.3,2001-2010,2007
1w2k,6.46,2001-2010,2005
3nmq,9.7,2001-2010,2010
2q92,5.96,2001-2010,2008
3lnk,5.94,2001-2010,2010
1nu8,5.42,2001-2010,2003
1sjh,8.05,2001-2010,2004
2fjn,7.41,2001-2010,2006
1l5q,3.97,2001-2010,2002
1y20,5.32,2001-2010,2005
2gz8,5.52,2001-2010,2006
2iw8,6.99,2001-2010,2006
2qn2,4.55,2001-2010,2008
1o42,8.05,2001-2010,2004
1nq0,10.32,2001-2010,2003
3msl,5.15,2001-2010,2010
2w2i,6.04,2001-2010,2009
1s9v,4.0,2001-2010,2004
1ouk,9.89,2001-2010,2003
3bh3,6.15,2001-2010,2008
3hnb,5.11,2001-2010,2010
2khh,6.56,2001-2010,2009
2pem,3.64,2001-2010,2007
1oar,7.4,2001-2010,2004
1zkl,5.09,2001-2010,2005
3oe0,8.6,2001-2010,2010
3g8i,7.42,2001-2010,2009
3n9r,7.15,2001-2010,2010
3buo,6.06,2001-2010,2008
2j2u,7.33,2001-2010,2006
2viy,5.74,2001-2010,2008
1gui,6.28,2001-2010,2002
1t7j,8.7,2001-2010,2005
3mo5,6.87,2001-2010,2010
3gwv,2.6,2001-2010,2009
2wzm,5.22,2001-2010,2010
1g2a,8.0,2001-2010,2001
3e92,8.0,2001-2010,2008
2p94,9.17,2001-2010,2007
3le6,7.46,2001-2010,2010
2r3t,5.85,2001-2010,2008
3blt,3.54,2001-2010,2009
2wj2,8.33,2001-2010,2009
1m5e,7.7,2001-2010,2002
3o6t,5.22,2001-2010,2010
1ec0,8.49,2001-2010,2002
2r8q,3.24,2001-2010,2007
1h07,5.52,2001-2010,2003
3l0n,2.77,2001-2010,2010
3dc2,3.02,2001-2010,2008
1tok,2.47,2001-2010,2004
1rq2,2.52,2001-2010,2004
1i9m,8.48,2001-2010,2001
1t2v,6.4,2001-2010,2004
1l6s,4.41,2001-2010,2002
1hn4,3.82,2001-2010,2001
3nkx,5.12,2001-2010,2010
2a2x,7.69,2001-2010,2006
1rhr,8.1,2001-2010,2004
1nw5,5.21,2001-2010,2003
3db6,6.14,2001-2010,2008
3idp,8.8,2001-2010,2009
1wkm,0.82,2001-2010,2005
2hds,2.0,2001-2010,2006
2h5a,5.1,2001-2010,2006
2r2m,7.33,2001-2010,2008
3gjs,4.99,2001-2010,2009
2cng,6.96,2001-2010,2006
3i97,5.52,2001-2010,2010
2qrq,5.1,2001-2010,2008
1xt8,6.85,2001-2010,2005
3fv2,8.11,2001-2010,2010
1s5z,3.21,2001-2010,2005
3kry,10.0,2001-2010,2010
3fx6,6.8,2001-2010,2009
1hkj,8.59,2001-2010,2004
2ate,7.07,2001-2010,2006
2w06,7.08,2001-2010,2008
2giu,8.82,2001-2010,2006
2azm,5.66,2001-2010,2006
2wti,7.04,2001-2010,2009
3fue,2.82,2001-2010,2009
2pj2,7.92,2001-2010,2008
2r5d,10.15,2001-2010,2007
3krx,7.38,2001-2010,2010
1lrt,5.64,2001-2010,2003
2g72,6.5,2001-2010,2007
1ugx,5.91,2001-2010,2003
3f69,6.0,2001-2010,2008
3k4d,5.11,2001-2010,2010
2c4v,2.6,2001-2010,2006
3mke,5.66,2001-2010,2010
3k27,4.44,2001-2010,2009
2pnx,5.1,2001-2010,2008
1u9w,8.46,2001-2010,2005
2gni,5.64,2001-2010,2006
2f7i,7.1,2001-2010,2005
2gv2,8.3,2001-2010,2006
2bro,5.85,2001-2010,2005
1wc1,4.0,2001-2010,2004
1ype,8.1,2001-2010,2006
1nyy,4.68,2001-2010,2003
2fwz,7.3,2001-2010,2006
3kid,3.18,2001-2010,2009
3gcs,7.25,2001-2010,2009
2ha5,4.34,2001-2010,2006
3i5r,4.4,2001-2010,2010
3aaq,3.3,2001-2010,2010
3cd8,8.05,2001-2010,2008
1jp5,9.22,2001-2010,2001
2k2g,8.12,2001-2010,2008
2l11,4.82,2001-2010,2010
3e90,7.39,2001-2010,2009
2c5x,6.6,2001-2010,2006
3i7c,7.74,2001-2010,2010
1j01,6.47,2001-2010,2002
3dei,7.4,2001-2010,2008
3k5g,8.6,2001-2010,2010
1o5b,5.77,2001-2010,2004
2xc4,8.05,2001-2010,2010
1xn3,7.4,2001-2010,2005
3bar,5.7,2001-2010,2008
3f34,3.16,2001-2010,2009
1o9d,5.6,2001-2010,2003
3eko,6.7,2001-2010,2008
1j17,5.22,2001-2010,2002
2aj8,6.2,2001-2010,2006
1oxg,10.57,2001-2010,2004
1it6,8.39,2001-2010,2002
2a29,2.85,2001-2010,2005
2xk3,5.68,2001-2010,2010
3dp9,9.68,2001-2010,2009
1uho,9.22,2001-2010,2004
3bmq,5.49,2001-2010,2008
2zn7,7.89,2001-2010,2008
1oyq,6.96,2001-2010,2003
2qk8,7.91,2001-2010,2007
3hv6,5.64,2001-2010,2009
2qbs,6.68,2001-2010,2008
1g30,6.85,2001-2010,2001
1w4o,5.22,2001-2010,2005
1rmz,8.0,2001-2010,2004
1ttm,7.35,2001-2010,2004
1z6d,2.34,2001-2010,2005
2vr0,4.42,2001-2010,2008
3dsz,7.77,2001-2010,2009
3g34,2.96,2001-2010,2009
3h0j,6.49,2001-2010,2010
1o2j,6.92,2001-2010,2003
2qyl,6.19,2001-2010,2008
3dnd,4.8,2001-2010,2009
2phb,9.49,2001-2010,2008
3ee2,4.19,2001-2010,2008
1zpc,6.6,2001-2010,2006
2ito,6.91,2001-2010,2007
2dw7,4.7,2001-2010,2006
3ckt,6.32,2001-2010,2009
1u9x,8.15,2001-2010,2005
1o38,6.82,2001-2010,2003
3l8s,7.0,2001-2010,2010
3e6y,5.6,2001-2010,2009
2hdu,2.3,2001-2010,2006
1m21,6.52,2001-2010,2002
2fm2,8.15,2001-2010,2006
1nm6,10.05,2001-2010,2003
3g2l,3.87,2001-2010,2010
1nnu,6.82,2001-2010,2003
2qmd,8.3,2001-2010,2008
2qt9,8.64,2001-2010,2007
1uyc,4.39,2001-2010,2004
2ddf,7.39,2001-2010,2006
3el4,7.17,2001-2010,2009
1xom,7.96,2001-2010,2004
3g42,6.85,2001-2010,2009
2xk8,5.62,2001-2010,2010
3oot,8.7,2001-2010,2010
2cm8,5.87,2001-2010,2006
1ke9,6.18,2001-2010,2002
3ddu,7.4,2001-2010,2008
1owk,7.63,2001-2010,2003
2ovz,7.89,2001-2010,2007
3f6g,4.72,2001-2010,2009
3ivq,4.12,2001-2010,2009
1h39,6.54,2001-2010,2003
3ifo,7.26,2001-2010,2009
1iau,7.1,2001-2010,2001
2x4o,4.77,2001-2010,2010
2zdt,8.02,2001-2010,2008
2anm,8.74,2001-2010,2006
1gnj,7.04,2001-2010,2002
3p8h,5.3,2001-2010,2010
3gkz,8.0,2001-2010,2009
3e7a,10.0,2001-2010,2008
2c3i,7.6,2001-2010,2005
3l7g,3.3,2001-2010,2010
3hv3,6.33,2001-2010,2009
2wcx,7.6,2001-2010,2009
3c3o,4.36,2001-2010,2008
1ms6,9.52,2001-2010,2003
3ibc,4.91,2001-2010,2009
3mo0,6.81,2001-2010,2010
3oyp,8.7,2001-2010,2010
1kmv,6.95,2001-2010,2002
2f9b,6.52,2001-2010,2006
1z4n,4.52,2001-2010,2005
1m7i,5.4,2001-2010,2003
2rib,2.82,2001-2010,2008
2fx9,7.77,2001-2010,2006
1uyf,4.52,2001-2010,2004
2oph,7.8,2001-2010,2007
2ccc,7.76,2001-2010,2006
3cgy,3.15,2001-2010,2008
3g32,3.71,2001-2010,2009
1h79,4.89,2001-2010,2002
1i48,5.7,2001-2010,2001
3fv3,9.52,2001-2010,2009
1pf7,10.14,2001-2010,2004
2oi9,5.7,2001-2010,2007
2vwl,7.02,2001-2010,2009
2w85,5.04,2001-2010,2009
3juk,4.89,2001-2010,2010
3ggu,9.77,2001-2010,2009
2o4r,9.4,2001-2010,2007
2fsv,4.6,2001-2010,2006
1wcc,3.46,2001-2010,2005
1l6y,3.66,2001-2010,2002
3ekn,8.4,2001-2010,2008
1vyj,7.0,2001-2010,2005
2vwz,6.1,2001-2010,2008
2ceq,7.28,2001-2010,2006
1is0,7.0,2001-2010,2002
2qbx,5.22,2001-2010,2007
3emg,8.05,2001-2010,2008
1h7a,4.72,2001-2010,2002
3fxb,5.85,2001-2010,2009
2nt7,6.52,2001-2010,2007
2j2i,6.7,2001-2010,2007
1uy9,4.82,2001-2010,2004
1v2o,4.73,2001-2010,2004
2ogy,4.48,2001-2010,2007
3fqa,0.49,2001-2010,2009
3jzp,6.6,2001-2010,2009
1t1s,5.15,2001-2010,2004
3is9,6.42,2001-2010,2010
2x4t,5.13,2001-2010,2010
2fle,7.85,2001-2010,2007
2bge,2.8,2001-2010,2005
2i6b,7.17,2001-2010,2007
2wu7,6.28,2001-2010,2009
3e6k,5.15,2001-2010,2008
2jb6,10.96,2001-2010,2008
1x1z,11.06,2001-2010,2005
1vyq,5.3,2001-2010,2005
1k4g,5.85,2001-2010,2002
3arn,5.41,2001-2010,2010
2exm,4.11,2001-2010,2005
1pi5,7.77,2001-2010,2004
2vti,6.18,2001-2010,2008
1rsi,4.42,2001-2010,2004
3kad,5.12,2001-2010,2009
3bcs,5.21,2001-2010,2008
2hz0,6.48,2001-2010,2007
2gg8,4.6,2001-2010,2006
1xoq,9.17,2001-2010,2004
1ndv,5.92,2001-2010,2003
2wc3,6.08,2001-2010,2009
2pja,8.66,2001-2010,2008
1yc5,3.0,2001-2010,2005
3cf9,4.83,2001-2010,2008
3h5u,8.52,2001-2010,2009
3buf,3.1,2001-2010,2008
2b8v,7.01,2001-2010,2005
2ceo,10.0,2001-2010,2006
2xht,5.96,2001-2010,2010
1jyq,8.7,2001-2010,2002
2nn8,3.59,2001-2010,2007
1o3j,6.77,2001-2010,2003
2ogz,7.08,2001-2010,2007
3lpt,4.91,2001-2010,2010
3kmy,4.49,2001-2010,2010
1o37,6.82,2001-2010,2003
3d91,9.15,2001-2010,2008
2wzf,7.0,2001-2010,2009
2oym,5.0,2001-2010,2007
1jwt,7.85,2001-2010,2002
3nyx,7.49,2001-2010,2010
1gj4,4.07,2001-2010,2002
3itu,4.4,2001-2010,2009
1kv2,10.0,2001-2010,2002
3pup,8.22,2001-2010,2010
2psu,7.62,2001-2010,2007
1z6e,9.72,2001-2010,2006
3ljo,6.62,2001-2010,2010
1y4z,7.24,2001-2010,2005
1xpc,8.77,2001-2010,2004
1hi3,4.19,2001-2010,2001
3d6p,3.75,2001-2010,2009
2h6b,5.39,2001-2010,2006
3bfu,6.27,2001-2010,2008
1fd0,8.4,2001-2010,2002
2byp,9.06,2001-2010,2005
1k9q,3.15,2001-2010,2001
2p4s,9.51,2001-2010,2008
1sw1,7.3,2001-2010,2004
2v3e,6.52,2001-2010,2007
3f8f,6.63,2001-2010,2008
1n3i,8.89,2001-2010,2003
3oe9,8.18,2001-2010,2010
3eyu,7.62,2001-2010,2009
2pu0,7.82,2001-2010,2007
2p33,7.24,2001-2010,2007
1g42,3.01,2001-2010,2001
2r9m,8.82,2001-2010,2007
3ips,7.19,2001-2010,2010
3cr4,4.28,2001-2010,2008
2p3o,2.77,2001-2010,2007
3f3e,7.7,2001-2010,2008
2boj,5.77,2001-2010,2006
3daj,5.54,2001-2010,2008
1iiq,7.48,2001-2010,2002
3dsu,7.03,2001-2010,2008
3ejp,8.55,2001-2010,2009
1koj,6.7,2001-2010,2002
2fvc,7.49,2001-2010,2007
1pbq,6.27,2001-2010,2003
1wum,5.29,2001-2010,2005
2fes,9.01,2001-2010,2006
3ipa,6.22,2001-2010,2010
1mkd,6.8,2001-2010,2003
2clm,3.55,2001-2010,2007
2wyf,4.43,2001-2010,2010
3be2,8.7,2001-2010,2008
2wwj,4.48,2001-2010,2010
3my5,4.19,2001-2010,2010
2vr4,5.68,2001-2010,2008
2p15,10.3,2001-2010,2007
3nes,5.62,2001-2010,2010
2zv2,6.3,2001-2010,2009
1r0p,8.0,2001-2010,2003
3kdt,6.59,2001-2010,2010
3ika,7.85,2001-2010,2010
1nju,7.3,2001-2010,2003
1ndw,5.23,2001-2010,2003
2c6o,8.22,2001-2010,2005
3nsq,5.21,2001-2010,2010
3bl1,5.6,2001-2010,2008
3nin,4.91,2001-2010,2010
1lor,11.06,2001-2010,2002
3ccc,8.1,2001-2010,2008
2b1z,7.1,2001-2010,2006
1w76,6.15,2001-2010,2004
2jkt,6.51,2001-2010,2008
3pd3,4.44,2001-2010,2010
1ols,5.82,2001-2010,2003
3b2t,5.21,2001-2010,2008
3d7g,7.77,2001-2010,2008
1lhv,8.91,2001-2010,2002
2oah,7.96,2001-2010,2007
2c6c,7.52,2001-2010,2006
3fcf,4.4,2001-2010,2009
3oqk,6.38,2001-2010,2010
1lvu,5.32,2001-2010,2003
1h36,7.74,2001-2010,2003
2a4r,7.82,2001-2010,2006
3hqr,5.52,2001-2010,2009
3lpk,9.1,2001-2010,2010
2p83,7.96,2001-2010,2007
1g2l,7.24,2001-2010,2001
1oxr,5.19,2001-2010,2004
3ebh,6.32,2001-2010,2009
2jq9,4.48,2001-2010,2007
1uyg,4.27,2001-2010,2004
1uy8,4.12,2001-2010,2004
2rm0,4.03,2001-2010,2007
2rd6,8.3,2001-2010,2008
3nc9,6.48,2001-2010,2010
1pr1,5.3,2001-2010,2003
2r1y,4.51,2001-2010,2008
2gh7,13.0,2001-2010,2006
2v5x,6.66,2001-2010,2007
2cen,8.3,2001-2010,2007
2gg9,5.46,2001-2010,2006
1i33,4.12,2001-2010,2001
1w51,6.3,2001-2010,2004
1zm6,4.35,2001-2010,2005
1izh,7.7,2001-2010,2002
3l3a,6.38,2001-2010,2010
3aav,6.62,2001-2010,2010
2w7y,6.08,2001-2010,2009
2vcx,7.68,2001-2010,2008
2r6w,9.36,2001-2010,2008
3e3c,5.62,2001-2010,2009
1fl6,7.43,2001-2010,2001
3elc,2.69,2001-2010,2009
3iw7,5.64,2001-2010,2009
1xur,5.18,2001-2010,2005
1usi,6.74,2001-2010,2003
3hf6,7.59,2001-2010,2009
2ccb,7.45,2001-2010,2006
3l08,10.22,2001-2010,2010
3m40,6.77,2001-2010,2010
1fvv,8.0,2001-2010,2001
2r2b,4.2,2001-2010,2008
3bi1,9.92,2001-2010,2008
3hqy,7.94,2001-2010,2009
1sz0,9.0,2001-2010,2004
3ckz,8.72,2001-2010,2008
3i7b,7.18,2001-2010,2010
3hyg,7.03,2001-2010,2009
1ywi,3.43,2001-2010,2005
2arm,7.68,2001-2010,2005
2nnv,7.52,2001-2010,2007
2xdk,3.6,2001-2010,2010
1uk0,8.1,2001-2010,2004
3hy5,7.7,2001-2010,2009
1rzx,4.1,2001-2010,2004
1om9,4.15,2001-2010,2003
3kdm,7.0,2001-2010,2010
2c0o,5.91,2001-2010,2006
3ipb,6.7,2001-2010,2010
2vd0,4.94,2001-2010,2008
3pty,5.44,2001-2010,2010
3ft2,7.36,2001-2010,2009
2j4a,10.6,2001-2010,2007
3kgp,2.57,2001-2010,2009
2nns,6.05,2001-2010,2007
2wk2,6.82,2001-2010,2010
1tq4,6.19,2001-2010,2004
2qu6,8.52,2001-2010,2007
1ol1,4.68,2001-2010,2003
1f1j,8.8,2001-2010,2001
3cp9,7.32,2001-2010,2008
2jup,3.81,2001-2010,2007
2i47,8.66,2001-2010,2006
1xzx,10.22,2001-2010,2004
1f9e,8.7,2001-2010,2001
2b1r,1.0,2001-2010,2006
1vja,7.7,2001-2010,2004
2cn0,7.66,2001-2010,2006
1q6s,7.92,2001-2010,2003
3i25,8.51,2001-2010,2010
1q66,5.77,2001-2010,2004
3eyg,8.8,2001-2010,2009
3obq,3.54,2001-2010,2010
3g0g,8.3,2001-2010,2010
2z7i,7.0,2001-2010,2008
2x2c,7.72,2001-2010,2010
2uxu,4.74,2001-2010,2007
2q8s,6.73,2001-2010,2008
1o2h,7.17,2001-2010,2003
1k1j,7.55,2001-2010,2001
3fh7,7.6,2001-2010,2010
1rwx,7.37,2001-2010,2004
1f92,6.19,2001-2010,2001
1rs2,4.3,2001-2010,2004
1lqe,5.82,2001-2010,2003
2oh0,7.74,2001-2010,2007
2ez5,5.52,2001-2010,2006
1ykp,2.96,2001-2010,2005
2x4z,8.57,2001-2010,2010
2oax,8.65,2001-2010,2007
1yy6,6.07,2001-2010,2005
3bvb,5.49,2001-2010,2008
2xh5,7.57,2001-2010,2010
1n4m,6.72,2001-2010,2003
2zq1,6.62,2001-2010,2009
1if8,9.64,2001-2010,2001
3phe,7.8,2001-2010,2010
3hu3,6.89,2001-2010,2010
1v2h,5.3,2001-2010,2004
2h4g,6.52,2001-2010,2006
2jkp,4.23,2001-2010,2008
1z95,7.12,2001-2010,2005
1tr7,6.82,2001-2010,2005
1vjb,7.89,2001-2010,2004
1zrz,5.24,2001-2010,2005
2o0u,5.49,2001-2010,2007
1tg5,7.92,2001-2010,2004
2i4z,5.7,2001-2010,2007
2bys,9.52,2001-2010,2005
2qn1,4.77,2001-2010,2008
2ql5,8.1,2001-2010,2007
3h1x,5.89,2001-2010,2009
3ex6,3.66,2001-2010,2009
3gy7,4.52,2001-2010,2010
2viw,7.14,2001-2010,2008
2k4i,3.84,2001-2010,2008
1i7i,6.7,2001-2010,2002
2bkz,8.15,2001-2010,2006
1nhg,7.3,2001-2010,2003
1g3c,5.8,2001-2010,2001
3g30,2.51,2001-2010,2009
2p59,7.3,2001-2010,2008
3g8o,7.8,2001-2010,2010
2pvj,8.1,2001-2010,2008
3a5y,7.96,2001-2010,2010
2pvu,6.31,2001-2010,2008
1klg,7.89,2001-2010,2002
1xb7,6.22,2001-2010,2004
2pvh,6.59,2001-2010,2008
2p95,9.37,2001-2010,2007
3oap,6.26,2001-2010,2010
3hmm,7.6,2001-2010,2009
2euf,7.82,2001-2010,2006
1ogu,7.47,2001-2010,2003
3llm,4.74,2001-2010,2010
2fie,5.46,2001-2010,2006
2jst,2.59,2001-2010,2008
2cll,4.3,2001-2010,2007
1unh,7.0,2001-2010,2004
1sqt,6.2,2001-2010,2004
2g97,6.82,2001-2010,2006
3ogm,7.32,2001-2010,2010
3fsm,7.0,2001-2010,2010
2of4,7.09,2001-2010,2007
2zoq,6.05,2001-2010,2009
1zyr,5.74,2001-2010,2005
2uy4,4.68,2001-2010,2007
2xbv,8.43,2001-2010,2010
1hi5,4.04,2001-2010,2001
2psv,7.24,2001-2010,2007
2o3p,5.96,2001-2010,2007
1vyf,8.05,2001-2010,2004
3k5u,6.51,2001-2010,2010
3mj1,7.82,2001-2010,2010
3fhe,8.6,2001-2010,2010
3kwz,8.4,2001-2010,2010
2pvn,9.46,2001-2010,2008
3l4v,6.72,2001-2010,2010
3nq3,3.78,2001-2010,2010
1owi,7.55,2001-2010,2003
3bl9,7.18,2001-2010,2008
1r58,6.96,2001-2010,2004
2i80,5.4,2001-2010,2006
2wxn,7.68,2001-2010,2010
2pix,4.3,2001-2010,2007
3eg6,5.77,2001-2010,2008
2flu,7.7,2001-2010,2006
3krd,8.17,2001-2010,2010
1v0n,7.55,2001-2010,2004
2jds,8.2,2001-2010,2007
2xup,12.39,2001-2010,2010
1j7z,7.7,2001-2010,2001
2v8w,6.82,2001-2010,2007
1kwq,9.21,2001-2010,2003
1u1b,7.8,2001-2010,2005
3f8c,7.68,2001-2010,2008
1km3,4.91,2001-2010,2002
3fed,7.46,2001-2010,2009
3eyf,7.03,2001-2010,2008
1ksn,9.4,2001-2010,2002
2pze,6.08,2001-2010,2007
3e64,7.11,2001-2010,2008
1m7d,6.23,2001-2010,2003
3njy,5.77,2001-2010,2010
1qy1,6.52,2001-2010,2004
2x6d,7.92,2001-2010,2010
2hfp,8.52,2001-2010,2006
2j4q,4.46,2001-2010,2007
2brh,4.64,2001-2010,2005
2w3l,7.52,2001-2010,2008
2go4,5.15,2001-2010,2006
2qi0,7.38,2001-2010,2008
2hh5,7.49,2001-2010,2006
1nw7,5.09,2001-2010,2003
2qtt,4.32,2001-2010,2008
1uto,2.27,2001-2010,2004
2bfq,6.89,2001-2010,2005
3c2f,2.0,2001-2010,2008
2vi5,3.96,2001-2010,2008
1yvz,5.36,2001-2010,2005
2vj1,5.3,2001-2010,2008
2c9b,5.54,2001-2010,2006
1phw,3.3,2001-2010,2004
3a2c,6.9,2001-2010,2010
3oui,4.9,2001-2010,2010
3fuj,3.63,2001-2010,2009
1i7c,6.4,2001-2010,2001
1utl,2.47,2001-2010,2004
1wdr,2.52,2001-2010,2005
2g8r,3.99,2001-2010,2006
1u3q,8.46,2001-2010,2005
2is0,6.7,2001-2010,2006
3d32,6.45,2001-2010,2008
3kf7,7.4,2001-2010,2009
3lxe,6.6,2001-2010,2010
2jo9,4.28,2001-2010,2007
3fmz,8.08,2001-2010,2009
2aux,9.3,2001-2010,2006
1npw,8.7,2001-2010,2003
2qcn,5.0,2001-2010,2007
3mdz,9.1,2001-2010,2010
3l3l,7.48,2001-2010,2010
3ggc,5.44,2001-2010,2009
1m5f,7.83,2001-2010,2002
2zz2,4.54,2001-2010,2009
1uv5,8.3,2001-2010,2004
3bcn,7.12,2001-2010,2007
1m5d,5.04,2001-2010,2002
1utc,4.55,2001-2010,2004
2h44,5.77,2001-2010,2006
2w78,8.57,2001-2010,2009
3f3t,4.59,2001-2010,2009
3l0k,4.62,2001-2010,2010
3lil,8.08,2001-2010,2010
2uzd,6.74,2001-2010,2007
3iod,4.1,2001-2010,2009
3h22,5.1,2001-2010,2009
1i9l,8.48,2001-2010,2001
2pfy,6.52,2001-2010,2007
1urg,5.82,2001-2010,2003
1pq6,8.1,2001-2010,2003
1w6j,8.19,2001-2010,2004
1yyr,6.29,2001-2010,2005
3oz1,8.7,2001-2010,2010
3fql,7.15,2001-2010,2009
3m2w,8.52,2001-2010,2010
3i60,8.7,2001-2010,2010
2wky,8.59,2001-2010,2009
1u65,7.58,2001-2010,2005
2vfz,3.61,2001-2010,2007
3okp,4.72,2001-2010,2010
3d20,8.3,2001-2010,2008
2hjb,4.39,2001-2010,2007
2zg1,2.1,2001-2010,2008
1w6y,5.36,2001-2010,2005
1o3d,7.13,2001-2010,2003
2bxt,8.52,2001-2010,2006
2rin,4.0,2001-2010,2008
3jya,6.89,2001-2010,2009
1vyw,7.43,2001-2010,2004
3oaw,8.15,2001-2010,2010
3cen,8.26,2001-2010,2008
1zhl,5.0,2001-2010,2005
3of8,9.22,2001-2010,2010
1g6s,5.15,2001-2010,2001
2i0g,9.72,2001-2010,2006
3kyr,6.72,2001-2010,2010
1u6q,5.88,2001-2010,2004
1y6b,7.42,2001-2010,2005
3cfn,5.0,2001-2010,2009
1klu,7.6,2001-2010,2002
1mwt,1.88,2001-2010,2002
2f1g,7.54,2001-2010,2006
2jkh,8.05,2001-2010,2009
1you,9.06,2001-2010,2005
2xhm,6.8,2001-2010,2010
2jdl,9.43,2001-2010,2008
2uyn,2.7,2001-2010,2007
3ieo,6.48,2001-2010,2010
3dda,3.88,2001-2010,2008
2cle,3.55,2001-2010,2007
3b65,9.27,2001-2010,2008
1gt3,6.46,2001-2010,2003
3nsn,7.19,2001-2010,2010
1v16,3.87,2001-2010,2004
3m3e,4.43,2001-2010,2010
2hl4,7.64,2001-2010,2007
3bzf,4.52,2001-2010,2008
3kai,5.41,2001-2010,2009
3gzn,8.0,2001-2010,2010
2azb,7.19,2001-2010,2006
1i8j,4.41,2001-2010,2001
3fl5,7.28,2001-2010,2009
1wun,7.21,2001-2010,2005
2i4u,11.57,2001-2010,2007
2b17,6.21,2001-2010,2005
2z7r,9.52,2001-2010,2008
2v5a,6.82,2001-2010,2009
2vcb,5.26,2001-2010,2008
3cm2,6.47,2001-2010,2008
1t49,4.66,2001-2010,2004
1o45,9.6,2001-2010,2004
2b53,6.22,2001-2010,2005
3in3,7.22,2001-2010,2010
3g2y,2.0,2001-2010,2009
2c4g,5.94,2001-2010,2005
1fsw,6.49,2001-2010,2001
1cs4,5.57,2001-2010,2001
2ihq,8.49,2001-2010,2006
2qnz,5.42,2001-2010,2008
3dm6,7.43,2001-2010,2008
3l79,2.46,2001-2010,2010
1xxe,5.41,2001-2010,2004
3g2s,6.22,2001-2010,2009
3ej1,6.92,2001-2010,2008
1vzq,7.44,2001-2010,2005
3dcv,8.52,2001-2010,2008
2qd7,9.1,2001-2010,2008
1ywh,7.79,2001-2010,2005
3duy,5.85,2001-2010,2009
2gc8,5.51,2001-2010,2006
1i37,9.57,2001-2010,2001
3ckr,5.3,2001-2010,2008
3k8q,11.28,2001-2010,2010
2d1o,7.7,2001-2010,2006
1v2p,4.73,2001-2010,2004
2r3p,6.05,2001-2010,2008
2q9m,7.21,2001-2010,2007
3bkk,6.08,2001-2010,2008
2q9n,6.37,2001-2010,2007
1i6v,5.0,2001-2010,2001
3kaf,6.08,2001-2010,2009
1jzs,6.6,2001-2010,2001
2x8i,6.72,2001-2010,2010
3l17,8.28,2001-2010,2010
2xfi,7.82,2001-2010,2010
1ikt,3.4,2001-2010,2001
1sgu,5.37,2001-2010,2004
2rqu,4.63,2001-2010,2010
2w1f,8.23,2001-2010,2009
1wc6,4.0,2001-2010,2004
3bug,3.18,2001-2010,2008
3ewz,4.1,2001-2010,2009
2gj5,8.32,2001-2010,2007
1e9h,7.46,2001-2010,2001
2hz4,5.47,2001-2010,2007
3bi6,7.82,2001-2010,2007
3c9e,8.0,2001-2010,2008
2w71,6.48,2001-2010,2009
3e7b,9.8,2001-2010,2008
2bve,3.67,2001-2010,2006
2hxm,5.22,2001-2010,2006
2hiz,6.95,2001-2010,2007
1t32,7.42,2001-2010,2005
2wca,5.6,2001-2010,2009
1pxj,4.89,2001-2010,2003
3mmr,4.96,2001-2010,2010
2wd3,7.07,2001-2010,2010
1ujk,6.57,2001-2010,2004
3be9,7.62,2001-2010,2008
2weq,5.9,2001-2010,2009
1zh7,6.3,2001-2010,2005
1xpz,7.08,2001-2010,2005
3ebo,4.72,2001-2010,2009
2ad5,3.96,2001-2010,2005
1e66,9.89,2001-2010,2001
3jvk,3.93,2001-2010,2009
1jq9,8.45,2001-2010,2002
2w3i,10.0,2001-2010,2009
3fjg,3.73,2001-2010,2009
2x7x,5.7,2001-2010,2010
2a3w,5.42,2001-2010,2005
1o3h,7.3,2001-2010,2003
3g2k,4.79,2001-2010,2010
3d94,6.8,2001-2010,2008
1rr6,10.25,2001-2010,2005
1sdu,10.07,2001-2010,2004
1pqc,7.0,2001-2010,2003
1hi4,4.49,2001-2010,2001
3o8p,6.46,2001-2010,2010
3jsi,8.68,2001-2010,2009
1yc4,6.55,2001-2010,2005
2hmh,7.15,2001-2010,2006
2zga,6.32,2001-2010,2009
2wf1,8.7,2001-2010,2009
2oz2,5.71,2001-2010,2008
2k3w,5.24,2001-2010,2008
2xdm,7.49,2001-2010,2010
2j9h,3.39,2001-2010,2006
2qmg,9.15,2001-2010,2008
1tve,5.68,2001-2010,2004
2hs1,8.48,2001-2010,2006
2w0d,8.7,2001-2010,2009
2vwv,4.8,2001-2010,2008
2oyl,6.3,2001-2010,2007
1q4l,7.4,2001-2010,2003
3bv9,5.36,2001-2010,2008
2wcg,6.38,2001-2010,2009
1w80,4.54,2001-2010,2004
3kfn,4.74,2001-2010,2010
1i9n,8.66,2001-2010,2001
1oqp,7.3,2001-2010,2003
3h59,7.89,2001-2010,2009
1zgi,5.34,2001-2010,2005
3cdb,7.02,2001-2010,2008
3h5s,8.3,2001-2010,2009
2vx1,6.66,2001-2010,2008
2zmm,7.6,2001-2010,2008
1fzm,7.7,2001-2010,2001
3eys,5.52,2001-2010,2009
2vfk,3.71,2001-2010,2008
1snk,9.6,2001-2010,2004
1zea,5.22,2001-2010,2006
2ojf,6.96,2001-2010,2007
2p16,10.1,2001-2010,2007
1kf0,2.55,2001-2010,2002
2xfj,7.89,2001-2010,2010
2oj9,6.41,2001-2010,2007
2xde,5.47,2001-2010,2010
3dct,6.95,2001-2010,2008
1jil,8.4,2001-2010,2001
1zub,6.57,2001-2010,2005
3iu9,6.62,2001-2010,2010
3l16,7.48,2001-2010,2010
3hhm,7.92,2001-2010,2009
1oim,5.32,2001-2010,2003
3iit,8.02,2001-2010,2010
1kav,5.82,2001-2010,2002
1h27,5.6,2001-2010,2003
2viz,6.22,2001-2010,2008
3gtc,2.35,2001-2010,2009
1ucn,5.22,2001-2010,2003
3eml,8.74,2001-2010,2008
1lq2,8.77,2001-2010,2003
2hb3,11.35,2001-2010,2006
2byh,6.59,2001-2010,2005
2vnp,9.92,2001-2010,2008
3fej,6.13,2001-2010,2009
1idg,7.19,2001-2010,2001
2flh,3.97,2001-2010,2006
2xto,6.2,2001-2010,2010
1f90,7.92,2001-2010,2001
3jq7,5.92,2001-2010,2009
2vle,7.1,2001-2010,2008
1ghz,4.8,2001-2010,2002
2vuk,3.9,2001-2010,2008
3h9f,7.92,2001-2010,2009
1w6r,6.15,2001-2010,2004
2q2y,8.8,2001-2010,2007
3oyn,7.6,2001-2010,2010
3jzq,6.96,2001-2010,2009
3d14,7.66,2001-2010,2008
3cpj,4.72,2001-2010,2008
2wyi,4.74,2001-2010,2010
1ofz,4.62,2001-2010,2003
3h0v,4.82,2001-2010,2009
1vso,4.72,2001-2010,2007
1utp,1.44,2001-2010,2004
2a4g,7.18,2001-2010,2006
1ybg,4.8,2001-2010,2005
3ewu,4.62,2001-2010,2009
3exe,6.96,2001-2010,2008
3gr2,2.52,2001-2010,2009
1kjr,6.06,2001-2010,2005
1ogx,6.09,2001-2010,2003
2x6e,7.82,2001-2010,2010
3oy8,3.66,2001-2010,2010
3p4q,6.52,2001-2010,2010
2vsl,8.4,2001-2010,2008
1x0n,7.7,2001-2010,2005
1gvk,3.05,2001-2010,2002
3aau,5.05,2001-2010,2010
3chp,5.27,2001-2010,2008
2wsx,2.41,2001-2010,2010
3btl,5.96,2001-2010,2008
3hp9,4.59,2001-2010,2010
3kx1,7.0,2001-2010,2010
2kaw,4.97,2001-2010,2009
1vjy,7.64,2001-2010,2004
3ge7,8.7,2001-2010,2009
1r10,3.83,2001-2010,2003
3iw8,4.87,2001-2010,2009
2qbr,6.33,2001-2010,2008
2irz,7.92,2001-2010,2006
3fi2,7.6,2001-2010,2009
1o2n,6.09,2001-2010,2003
3iqh,4.59,2001-2010,2009
2dua,4.77,2001-2010,2006
3gbb,6.9,2001-2010,2009
1i2s,3.31,2001-2010,2002
2hog,9.52,2001-2010,2007
1g3m,10.0,2001-2010,2003
3coj,5.28,2001-2010,2008
1kfy,5.28,2001-2010,2002
3ifp,7.61,2001-2010,2009
1h60,4.7,2001-2010,2001
2r2w,4.47,2001-2010,2007
3mvl,7.89,2001-2010,2010
1oiq,5.54,2001-2010,2003
1d4h,10.0,2001-2010,2002
2f14,9.19,2001-2010,2006
3ncg,6.82,2001-2010,2010
2pl9,4.17,2001-2010,2008
2aoc,4.89,2001-2010,2006
2jqi,5.0,2001-2010,2008
2j4z,7.19,2001-2010,2006
3kdc,9.28,2001-2010,2010
3hv8,6.98,2001-2010,2009
2bts,7.7,2001-2010,2005
3kfa,7.6,2001-2010,2009
3cbp,5.6,2001-2010,2008
3b68,8.4,2001-2010,2008
2wi3,3.46,2001-2010,2009
1rs4,7.17,2001-2010,2004
2avm,5.7,2001-2010,2006
1ssq,6.0,2001-2010,2004
1gvu,9.0,2001-2010,2002
3fcb,5.31,2001-2010,2009
3nkk,4.7,2001-2010,2010
1j07,7.68,2001-2010,2003
1xh6,7.32,2001-2010,2005
2g8n,7.2,2001-2010,2006
1m5b,8.01,2001-2010,2002
3pd4,4.48,2001-2010,2010
2f7p,6.6,2001-2010,2006
2zu5,7.0,2001-2010,2009
1ukh,6.38,2001-2010,2004
3ft4,5.93,2001-2010,2009
3d9l,4.17,2001-2010,2008
2b7f,7.3,2001-2010,2005
2rgp,7.52,2001-2010,2008
1m7y,10.96,2001-2010,2002
1gu3,4.32,2001-2010,2002
2v59,7.74,2001-2010,2009
3dxg,2.4,2001-2010,2009
2wc4,5.29,2001-2010,2009
1h00,4.42,2001-2010,2003
2uwl,8.4,2001-2010,2007
2qlq,6.63,2001-2010,2008
2zhd,6.54,2001-2010,2009
3a29,7.89,2001-2010,2009
3lm1,4.7,2001-2010,2010
3m8u,4.89,2001-2010,2010
3kme,6.14,2001-2010,2009
3mhl,7.25,2001-2010,2010
2b4l,4.77,2001-2010,2006
3d83,8.36,2001-2010,2008
1n5z,4.36,2001-2010,2002
2x2l,5.28,2001-2010,2010
2bxu,7.15,2001-2010,2006
1h5u,6.75,2001-2010,2001
2f9k,7.07,2001-2010,2006
3ga5,5.49,2001-2010,2009
3p2e,6.22,2001-2010,2010
2w8w,2.12,2001-2010,2009
2xng,7.22,2001-2010,2010
2qhd,5.38,2001-2010,2007
3b67,8.85,2001-2010,2008
2q11,6.05,2001-2010,2007
3dkg,5.0,2001-2010,2009
1nfy,8.89,2001-2010,2003
1y6q,11.7,2001-2010,2005
3jzh,3.4,2001-2010,2009
3hiv,8.12,2001-2010,2009
2z5s,5.66,2001-2010,2007
2oqv,8.4,2001-2010,2007
3k5c,7.77,2001-2010,2010
1tow,6.24,2001-2010,2004
3buh,3.66,2001-2010,2008
1w8l,0.49,2001-2010,2004
1hq5,5.65,2001-2010,2001
2wtv,8.74,2001-2010,2010
1mwn,6.7,2001-2010,2002
3dyo,2.3,2001-2010,2008
2w6c,8.41,2001-2010,2009
3gba,9.07,2001-2010,2009
1xm4,10.39,2001-2010,2004
2p0x,6.31,2001-2010,2007
2fwy,6.7,2001-2010,2006
1yqj,8.14,2001-2010,2005
3ljt,6.89,2001-2010,2010
3ig1,6.14,2001-2010,2010
1uym,6.0,2001-2010,2004
1q6t,8.3,2001-2010,2003
2qi6,10.57,2001-2010,2008
3ijy,6.04,2001-2010,2009
2cm7,6.68,2001-2010,2006
1lkx,5.15,2001-2010,2002
2x09,3.76,2001-2010,2010
1o5r,8.12,2001-2010,2004
1ztq,8.89,2001-2010,2006
2pv1,7.14,2001-2010,2007
3agm,9.09,2001-2010,2010
2ank,7.33,2001-2010,2006
3kv2,7.32,2001-2010,2009
2aoi,4.01,2001-2010,2006
1kmy,5.1,2001-2010,2002
2f01,13.0,2001-2010,2005
3d1z,8.8,2001-2010,2008
1nnk,5.46,2001-2010,2003
2rku,8.3,2001-2010,2008
3d4z,4.89,2001-2010,2008
2hwo,6.9,2001-2010,2007
1uml,7.52,2001-2010,2004
1jj9,5.77,2001-2010,2001
2aei,7.07,2001-2010,2006
3f39,1.78,2001-2010,2009
3lkh,6.1,2001-2010,2010
2cgw,4.76,2001-2010,2006
1o3e,7.96,2001-2010,2003
2j6m,7.96,2001-2010,2007
1riw,7.55,2001-2010,2004
3nik,3.45,2001-2010,2010
1jqy,4.92,2001-2010,2002
1onh,8.21,2001-2010,2003
2on3,9.0,2001-2010,2007
2qd8,9.07,2001-2010,2008
1o5f,6.07,2001-2010,2004
1m7q,8.59,2001-2010,2002
1td7,4.37,2001-2010,2004
2o9v,3.54,2001-2010,2007
3fei,7.7,2001-2010,2009
3hdz,7.29,2001-2010,2009
1h6h,5.3,2001-2010,2001
3fea,7.44,2001-2010,2009
1mq5,9.0,2001-2010,2003
2aoe,7.62,2001-2010,2006
2jbj,9.7,2001-2010,2006
2d06,4.08,2001-2010,2005
1fo3,6.7,2001-2010,2001
3e85,5.38,2001-2010,2009
3l4y,7.0,2001-2010,2010
3kmc,6.4,2001-2010,2009
2o22,7.17,2001-2010,2007
2rcx,9.0,2001-2010,2007
3ipq,7.57,2001-2010,2010
1pmv,6.82,2001-2010,2003
2i4j,6.16,2001-2010,2007
3a1t,4.83,2001-2010,2009
2qd9,7.89,2001-2010,2007
1zkn,4.51,2001-2010,2005
3dhk,7.33,2001-2010,2009
3du8,6.84,2001-2010,2009
2wpa,8.1,2001-2010,2010
2jdm,5.4,2001-2010,2007
3fzy,6.74,2001-2010,2009
3ctr,5.16,2001-2010,2008
3hc8,8.54,2001-2010,2009
3b9g,4.72,2001-2010,2008
3kah,6.59,2001-2010,2009
3cyz,7.22,2001-2010,2009
2iwu,5.92,2001-2010,2006
1nvs,7.82,2001-2010,2003
2xkd,5.64,2001-2010,2010
2boi,4.32,2001-2010,2006
2xdx,6.46,2001-2010,2010
2itz,8.59,2001-2010,2007
2qg2,5.4,2001-2010,2008
1z9y,7.19,2001-2010,2006
1os0,6.03,2001-2010,2003
3cgo,5.52,2001-2010,2008
2bqv,8.05,2001-2010,2005
3d7k,4.6,2001-2010,2008
1xh4,7.47,2001-2010,2005
1qy2,5.74,2001-2010,2004
2brc,5.05,2001-2010,2005
2zit,4.46,2001-2010,2008
3mvj,5.49,2001-2010,2010
1j14,4.49,2001-2010,2002
1uw6,7.34,2001-2010,2004
3ls4,6.3,2001-2010,2010
2r6n,9.0,2001-2010,2007
1hk5,5.24,2001-2010,2003
2qbu,6.19,2001-2010,2008
1pb8,5.15,2001-2010,2003
1jn4,4.95,2001-2010,2003
2agv,7.7,2001-2010,2005
3g2u,5.27,2001-2010,2009
1li6,3.8,2001-2010,2002
3ddb,4.02,2001-2010,2008
1nzv,6.4,2001-2010,2003
3hzy,7.0,2001-2010,2010
3hmo,7.52,2001-2010,2010
2wfg,4.42,2001-2010,2009
2wtc,6.51,2001-2010,2009
3hfv,4.87,2001-2010,2009
1yk7,7.72,2001-2010,2005
3hhk,8.22,2001-2010,2009
3n1v,3.3,2001-2010,2010
2r9b,6.57,2001-2010,2007
1eb1,10.43,2001-2010,2002
2zbk,5.7,2001-2010,2008
3k83,7.66,2001-2010,2009
3pa5,8.7,2001-2010,2010
3l5c,5.15,2001-2010,2010
2il2,7.1,2001-2010,2006
2nww,5.48,2001-2010,2007
3bze,6.0,2001-2010,2008
3f5p,6.85,2001-2010,2008
2vvc,8.52,2001-2010,2009
3gjt,6.77,2001-2010,2009
1mqj,5.32,2001-2010,2003
1w4l,8.4,2001-2010,2004
2uxx,3.3,2001-2010,2007
3lpg,6.16,2001-2010,2010
3lc3,5.23,2001-2010,2010
1w2h,5.0,2001-2010,2005
2p1c,7.68,2001-2010,2008
2qpj,6.35,2001-2010,2007
2f94,6.71,2001-2010,2006
1me4,6.84,2001-2010,2002
2wgi,4.07,2001-2010,2009
3ew2,6.67,2001-2010,2008
3mfw,3.52,2001-2010,2010
2v85,4.46,2001-2010,2007
3dx3,6.52,2001-2010,2009
3oag,9.51,2001-2010,2010
2oag,8.47,2001-2010,2007
1mf4,7.99,2001-2010,2003
3h91,3.73,2001-2010,2009
2c3l,5.07,2001-2010,2005
3l58,8.1,2001-2010,2010
2vci,7.68,2001-2010,2007
1udu,9.05,2001-2010,2004
2e7l,7.54,2001-2010,2007
2oxd,6.82,2001-2010,2007
1npv,8.24,2001-2010,2003
2dxs,7.34,2001-2010,2006
3hvc,6.22,2001-2010,2009
2jkm,7.75,2001-2010,2008
3iiy,4.8,2001-2010,2009
1ebw,9.05,2001-2010,2002
1joc,4.62,2001-2010,2001
3ijg,4.27,2001-2010,2010
2i5f,5.12,2001-2010,2007
1ny2,2.76,2001-2010,2003
2r58,2.0,2001-2010,2007
2jbl,5.89,2001-2010,2007
3mnu,7.32,2001-2010,2010
2zwz,7.79,2001-2010,2009
3cm7,6.57,2001-2010,2008
1x8r,6.12,2001-2010,2005
3pa4,8.52,2001-2010,2010
1h24,6.3,2001-2010,2003
1g74,6.52,2001-2010,2003
2xk6,5.8,2001-2010,2010
2vwn,8.0,2001-2010,2009
3hww,7.12,2001-2010,2009
2bz6,7.09,2001-2010,2006
2i0a,11.4,2001-2010,2006
3doz,5.7,2001-2010,2009
3img,2.96,2001-2010,2009
2cnf,6.62,2001-2010,2006
1pzj,3.49,2001-2010,2004
3c7q,7.68,2001-2010,2008
3lir,6.92,2001-2010,2010
3g2n,4.09,2001-2010,2010
3lgp,8.7,2001-2010,2010
1i5d,8.0,2001-2010,2001
3cj5,6.34,2001-2010,2008
3lxk,9.8,2001-2010,2010
2pvl,7.62,2001-2010,2008
1o2w,5.85,2001-2010,2003
1h4w,4.66,2001-2010,2002
3c79,7.2,2001-2010,2008
3e8r,9.74,2001-2010,2008
3hvg,2.7,2001-2010,2009
3cgf,6.57,2001-2010,2008
1w1d,6.52,2001-2010,2004
3ffu,6.44,2001-2010,2009
3l5e,7.57,2001-2010,2010
3bmy,7.52,2001-2010,2008
2rnx,3.4,2001-2010,2008
3gy4,5.1,2001-2010,2010
1tkt,6.15,2001-2010,2004
3kl6,8.46,2001-2010,2009
3m37,9.04,2001-2010,2010
3ouh,7.1,2001-2010,2010
3h1z,4.66,2001-2010,2009
2aq9,7.3,2001-2010,2006
2rkd,2.72,2001-2010,2008
1wxz,8.07,2001-2010,2005
1x8b,7.01,2001-2010,2005
1hyo,4.07,2001-2010,2001
2iw6,6.85,2001-2010,2006
3nzu,8.85,2001-2010,2010
3ehx,7.6,2001-2010,2009
2ria,2.57,2001-2010,2008
2w9r,5.32,2001-2010,2009
2wo8,6.28,2001-2010,2009
2p99,5.94,2001-2010,2007
2xbw,8.0,2001-2010,2010
2uzo,4.57,2001-2010,2007
1tl3,6.2,2001-2010,2004
1v0p,6.89,2001-2010,2004
1eub,8.72,2001-2010,2001
1ft4,6.57,2001-2010,2001
2w97,0.96,2001-2010,2010
2pq9,8.11,2001-2010,2008
3ekp,8.89,2001-2010,2009
3g1m,6.3,2001-2010,2009
2vtn,6.07,2001-2010,2008
3ebi,7.1,2001-2010,2009
2pj1,8.01,2001-2010,2008
3eax,4.92,2001-2010,2009
3gen,9.14,2001-2010,2010
2wgj,8.7,2001-2010,2009
2qcf,3.49,2001-2010,2007
2hdq,1.4,2001-2010,2006
1nvr,8.11,2001-2010,2003
1jut,7.32,2001-2010,2001
2zju,5.81,2001-2010,2008
2pog,9.54,2001-2010,2007
2f3e,6.81,2001-2010,2006
1z6p,6.05,2001-2010,2005
3fw3,7.37,2001-2010,2009
2fov,7.55,2001-2010,2006
3f88,8.64,2001-2010,2009
2gek,7.52,2001-2010,2007
2oyk,5.3,2001-2010,2007
1t48,3.46,2001-2010,2004
3bl7,8.4,2001-2010,2008
2bu5,7.78,2001-2010,2006
3b3c,3.98,2001-2010,2007
3a1s,4.83,2001-2010,2009
2vd4,4.74,2001-2010,2008
2rfy,5.22,2001-2010,2008
3ilq,5.21,2001-2010,2010
3d1e,5.77,2001-2010,2008
3grj,3.0,2001-2010,2009
1l2s,4.59,2001-2010,2002
3bh9,6.93,2001-2010,2008
2b9a,8.05,2001-2010,2005
2pre,6.65,2001-2010,2008
1osv,3.48,2001-2010,2004
1gi6,6.22,2001-2010,2002
3ftq,5.33,2001-2010,2009
2q38,5.23,2001-2010,2007
3b2w,9.22,2001-2010,2007
2c1q,13.0,2001-2010,2007
3afk,3.6,2001-2010,2010
1g7p,7.05,2001-2010,2002
1usk,6.4,2001-2010,2003
1m74,7.0,2001-2010,2002
3fbr,4.82,2001-2010,2009
2ath,6.82,2001-2010,2006
3g58,9.28,2001-2010,2010
3hdn,7.2,2001-2010,2009
3acl,6.22,2001-2010,2010
3iqq,5.54,2001-2010,2010
3f38,2.62,2001-2010,2009
1olu,4.41,2001-2010,2003
1uyh,4.84,2001-2010,2004
2i4p,5.7,2001-2010,2007
2vte,3.91,2001-2010,2008
3eky,9.64,2001-2010,2009
3jvs,6.54,2001-2010,2009
3p8z,6.09,2001-2010,2010
2vf6,8.52,2001-2010,2007
2q8i,3.4,2001-2010,2007
2wqb,6.27,2001-2010,2009
2nsl,4.68,2001-2010,2007
3ed0,6.35,2001-2010,2009
1p2g,2.13,2001-2010,2003
3ies,9.92,2001-2010,2010
3i73,5.49,2001-2010,2010
2bdf,7.17,2001-2010,2006
2oz7,7.85,2001-2010,2007
2w68,4.74,2001-2010,2008
1gzv,6.57,2001-2010,2002
2cmb,7.19,2001-2010,2006
3mwu,8.05,2001-2010,2010
2fwp,2.92,2001-2010,2006
1fo2,4.7,2001-2010,2001
3a2o,9.08,2001-2010,2010
3lhj,9.51,2001-2010,2010
2pbw,8.25,2001-2010,2007
2z4r,7.62,2001-2010,2008
2v2h,3.77,2001-2010,2008
1xz8,4.52,2001-2010,2005
2cbj,8.27,2001-2010,2006
1o36,5.96,2001-2010,2003
3kb3,6.82,2001-2010,2009
2l6e,6.0,2001-2010,2010
2fkf,2.92,2001-2010,2006
2o1c,4.72,2001-2010,2007
1lqf,8.3,2001-2010,2002
3gjd,7.33,2001-2010,2009
1okv,6.17,2001-2010,2003
1utj,3.84,2001-2010,2004
1jt1,3.4,2001-2010,2003
3f3u,4.74,2001-2010,2009
3h26,4.49,2001-2010,2009
3h0s,6.2,2001-2010,2010
3b8q,9.3,2001-2010,2008
3g45,8.36,2001-2010,2010
3d0b,6.54,2001-2010,2008
2gl0,4.82,2001-2010,2006
3lxl,8.3,2001-2010,2010
1t4e,7.1,2001-2010,2005
3chf,5.37,2001-2010,2008
1n0t,4.91,2001-2010,2003
3nhi,8.43,2001-2010,2010
1gni,8.07,2001-2010,2002
1no6,4.41,2001-2010,2003
1owh,7.4,2001-2010,2003
2v0z,9.22,2001-2010,2007
3mww,7.24,2001-2010,2010
2cbv,5.48,2001-2010,2006
3f7g,7.37,2001-2010,2009
1tmm,6.64,2001-2010,2005
3jzg,4.4,2001-2010,2009
2vwm,7.03,2001-2010,2009
3ddq,6.68,2001-2010,2008
2zxd,5.22,2001-2010,2009
3l0e,8.0,2001-2010,2010
1e6q,3.15,2001-2010,2001
3cjf,8.2,2001-2010,2008
3hec,4.47,2001-2010,2009
2aa9,2.92,2001-2010,2006
2zx6,10.6,2001-2010,2009
2qfo,4.7,2001-2010,2008
2x9e,6.74,2001-2010,2010
3k41,0.82,2001-2010,2009
2zx7,10.49,2001-2010,2009
1zxc,8.1,2001-2010,2005
3eyl,6.6,2001-2010,2008
3kqe,8.09,2001-2010,2010
3c52,7.3,2001-2010,2008
1lyx,4.54,2001-2010,2003
1pye,6.41,2001-2010,2004
2r0h,3.51,2001-2010,2008
1wbg,3.0,2001-2010,2005
3k5i,4.7,2001-2010,2009
1rt9,10.25,2001-2010,2005
2ofu,9.0,2001-2010,2007
1ghy,8.1,2001-2010,2002
3mxd,8.83,2001-2010,2010
2hzl,6.57,2001-2010,2007
2vey,7.37,2001-2010,2007
1k1y,3.22,2001-2010,2003
3dgo,6.74,2001-2010,2009
1gwr,6.6,2001-2010,2002
2r3w,6.89,2001-2010,2008
3kwj,9.3,2001-2010,2010
1mue,8.64,2001-2010,2004
3nu4,8.82,2001-2010,2010
3cyy,4.77,2001-2010,2008
2r5b,8.6,2001-2010,2007
2x8z,7.96,2001-2010,2010
2z5o,6.0,2001-2010,2007
2ohm,3.51,2001-2010,2007
3hs4,8.0,2001-2010,2009
2qnq,6.11,2001-2010,2008
1gzg,3.05,2001-2010,2002
2ra6,4.52,2001-2010,2007
3iux,7.6,2001-2010,2009
2wf2,7.59,2001-2010,2009
3n51,7.82,2001-2010,2010
2e93,6.96,2001-2010,2007
2a14,5.7,2001-2010,2005
1lgt,6.1,2001-2010,2002
3m1k,5.39,2001-2010,2010
2q3z,7.22,2001-2010,2007
2zy1,7.4,2001-2010,2009
2aq7,3.3,2001-2010,2006
2v86,4.46,2001-2010,2007
3gta,4.28,2001-2010,2010
2zjw,7.7,2001-2010,2009
2qdt,5.19,2001-2010,2007
2w6p,6.48,2001-2010,2009
1ec3,9.04,2001-2010,2002
2euk,6.6,2001-2010,2006
3khj,7.55,2001-2010,2010
1lnm,8.7,2001-2010,2003
2who,7.7,2001-2010,2009
2c6g,3.37,2001-2010,2006
1eby,9.7,2001-2010,2002
2ggu,3.03,2001-2010,2006
3nm6,1.35,2001-2010,2010
1lbf,7.85,2001-2010,2002
3lkz,6.15,2001-2010,2010
3l5r,7.42,2001-2010,2010
2aoh,4.44,2001-2010,2006
3fyz,5.8,2001-2010,2010
3hqh,4.2,2001-2010,2009
2q70,8.08,2001-2010,2007
3g86,8.3,2001-2010,2009
3dxh,3.19,2001-2010,2009
2ax6,7.57,2001-2010,2005
3gcp,7.82,2001-2010,2009
3dux,7.0,2001-2010,2009
2br6,2.96,2001-2010,2005
1syi,5.44,2001-2010,2005
2vex,6.74,2001-2010,2007
2qe4,7.96,2001-2010,2007
1ru2,6.49,2001-2010,2004
3d4q,10.52,2001-2010,2008
2ftd,10.39,2001-2010,2007
3ibl,7.84,2001-2010,2009
1j80,6.52,2001-2010,2001
2zq0,6.82,2001-2010,2008
1nvq,8.25,2001-2010,2003
2v00,3.66,2001-2010,2007
3kpv,3.74,2001-2010,2010
1g98,5.7,2001-2010,2001
2iws,6.36,2001-2010,2006
2qbp,8.4,2001-2010,2008
2doo,7.17,2001-2010,2006
3kw9,9.0,2001-2010,2010
3n5j,5.22,2001-2010,2010
1p6d,2.94,2001-2010,2003
2p93,8.82,2001-2010,2007
1yz3,8.81,2001-2010,2006
2onz,8.89,2001-2010,2007
1xlx,7.6,2001-2010,2004
2p8h,7.15,2001-2010,2007
3met,6.0,2001-2010,2010
2gz7,6.52,2001-2010,2006
1gjb,6.35,2001-2010,2002
1ke8,6.0,2001-2010,2002
1ya4,4.82,2001-2010,2005
1wur,6.66,2001-2010,2005
3l0v,7.64,2001-2010,2010
2buv,4.0,2001-2010,2006
3bla,8.7,2001-2010,2008
3doy,5.82,2001-2010,2009
3fw4,9.4,2001-2010,2010
3k97,8.0,2001-2010,2010
1hv5,8.3,2001-2010,2001
3l13,7.82,2001-2010,2010
1yci,4.08,2001-2010,2005
3mi3,5.45,2001-2010,2010
2p3b,8.48,2001-2010,2007
2e7f,6.1,2001-2010,2007
2uzj,4.57,2001-2010,2009
3l7b,2.4,2001-2010,2010
3gpj,5.11,2001-2010,2009
2z4z,5.73,2001-2010,2008
1pxh,8.74,2001-2010,2003
2hzy,7.39,2001-2010,2006
2x91,6.74,2001-2010,2010
2wd1,7.09,2001-2010,2009
2vw2,3.3,2001-2010,2008
3h30,4.53,2001-2010,2009
3lzu,10.06,2001-2010,2010
3jsw,7.18,2001-2010,2009
2vtt,7.36,2001-2010,2008
1zsh,7.07,2001-2010,2006
1q8w,5.24,2001-2010,2003
1xgi,4.85,2001-2010,2005
2z1w,4.08,2001-2010,2007
2wkt,4.31,2001-2010,2009
3cvk,8.0,2001-2010,2009
2uzl,6.21,2001-2010,2007
2weg,6.5,2001-2010,2009
3k37,8.92,2001-2010,2010
3kig,6.61,2001-2010,2010
2vcq,6.04,2001-2010,2008
3cj2,4.85,2001-2010,2008
3f5l,3.72,2001-2010,2009
3eq8,9.06,2001-2010,2009
3fu0,2.28,2001-2010,2009
1zsf,9.92,2001-2010,2006
2v95,8.3,2001-2010,2007
3h23,4.71,2001-2010,2009
3bum,6.49,2001-2010,2008
3own,7.47,2001-2010,2010
2ieo,8.49,2001-2010,2006
3f9y,4.49,2001-2010,2008
3ok9,11.23,2001-2010,2010
2qyk,5.48,2001-2010,2008
1kdw,5.54,2001-2010,2002
3iuc,5.66,2001-2010,2009
1q5l,3.22,2001-2010,2003
1w96,8.41,2001-2010,2005
3mxr,4.95,2001-2010,2010
3h9k,7.85,2001-2010,2010
2pnc,3.33,2001-2010,2008
2x81,8.3,2001-2010,2010
3isj,3.68,2001-2010,2009
3dek,7.57,2001-2010,2008
3hw1,3.06,2001-2010,2009
2i0h,8.05,2001-2010,2006
2brm,5.89,2001-2010,2005
2wo9,7.21,2001-2010,2009
3dc3,8.31,2001-2010,2009
2hzn,7.39,2001-2010,2007
2vmc,2.94,2001-2010,2008
1zxv,6.1,2001-2010,2005
2g6q,5.82,2001-2010,2006
3kdb,9.85,2001-2010,2010
1nl6,11.32,2001-2010,2003
2pj8,7.74,2001-2010,2008
2x0y,4.6,2001-2010,2010
1o0h,5.92,2001-2010,2003
1mcz,3.0,2001-2010,2003
2jg0,7.82,2001-2010,2007
3dpk,8.39,2001-2010,2009
2b5j,9.1,2001-2010,2005
1nj1,7.6,2001-2010,2003
1x8d,2.21,2001-2010,2005
3kqm,3.77,2001-2010,2010
2l0i,4.82,2001-2010,2010
1y2h,7.25,2001-2010,2005
1mm6,7.7,2001-2010,2003
3k98,9.0,2001-2010,2010
3f7u,6.61,2001-2010,2009
3jy9,9.0,2001-2010,2009
2qzx,8.22,2001-2010,2008
1z9g,5.64,2001-2010,2005
1jwm,3.57,2001-2010,2003
2xjj,6.51,2001-2010,2010
2e5y,5.85,2001-2010,2007
1w10,7.55,2001-2010,2008
1pw6,5.22,2001-2010,2004
1unl,6.7,2001-2010,2004
3e0q,5.89,2001-2010,2009
2wik,3.18,2001-2010,2009
3fzc,5.39,2001-2010,2010
2rio,4.69,2001-2010,2008
2oc7,5.85,2001-2010,2007
2iko,5.45,2001-2010,2006
2jew,6.69,2001-2010,2007
2x7o,7.47,2001-2010,2010
3o86,7.15,2001-2010,2010
3igv,7.6,2001-2010,2009
1w5x,8.4,2001-2010,2004
2f1a,3.14,2001-2010,2006
3ihz,6.8,2001-2010,2010
3m5a,4.96,2001-2010,2010
3g1d,3.48,2001-2010,2009
2c57,3.43,2001-2010,2006
2zaz,6.4,2001-2010,2008
3n2u,7.84,2001-2010,2010
3ex3,4.44,2001-2010,2009
2v7a,8.3,2001-2010,2007
2kp8,4.0,2001-2010,2010
1oai,5.0,2001-2010,2003
1i00,6.34,2001-2010,2001
1jd6,7.39,2001-2010,2001
2xcs,7.85,2001-2010,2010
2jdu,6.72,2001-2010,2007
2g1y,7.05,2001-2010,2006
3g2i,4.86,2001-2010,2010
2bed,8.15,2001-2010,2006
2a3c,4.43,2001-2010,2005
2obj,7.3,2001-2010,2007
3ipe,6.82,2001-2010,2010
1sqi,7.7,2001-2010,2004
1y1z,3.08,2001-2010,2005
1m5w,4.27,2001-2010,2003
1w11,8.22,2001-2010,2008
2h03,7.05,2001-2010,2006
1rjk,10.0,2001-2010,2004
2r1x,4.8,2001-2010,2008
2oc4,7.07,2001-2010,2007
2pou,7.42,2001-2010,2007
2zcr,6.87,2001-2010,2008
3gdt,7.19,2001-2010,2009
1v2n,5.9,2001-2010,2004
2clh,4.06,2001-2010,2007
2zdx,3.19,2001-2010,2008
1gvx,7.22,2001-2010,2002
2f4j,5.66,2001-2010,2006
2pyn,7.57,2001-2010,2008
1nq7,6.8,2001-2010,2003
3di6,7.0,2001-2010,2008
3hj0,5.71,2001-2010,2009
1lbk,3.18,2001-2010,2002
1n4k,10.05,2001-2010,2002
1q1y,7.7,2001-2010,2004
1e1x,5.89,2001-2010,2001
2ony,6.68,2001-2010,2007
2f2h,5.7,2001-2010,2006
1v2s,4.17,2001-2010,2004
1ypg,8.0,2001-2010,2006
3lmk,5.94,2001-2010,2010
1nyx,7.04,2001-2010,2003
3mlb,4.8,2001-2010,2010
1owj,7.32,2001-2010,2003
2d3u,6.92,2001-2010,2006
3jzs,8.1,2001-2010,2009
3kjf,4.87,2001-2010,2010
3gc7,9.22,2001-2010,2009
3l6x,4.4,2001-2010,2010
1o0f,5.3,2001-2010,2003
1nt1,8.89,2001-2010,2003
1jys,3.52,2001-2010,2002
1z34,3.38,2001-2010,2005
2fm0,9.4,2001-2010,2006
2bfr,5.25,2001-2010,2004
1pk0,7.57,2001-2010,2004
2w2u,4.46,2001-2010,2009
1mq6,11.15,2001-2010,2003
1nax,6.43,2001-2010,2003
2cmc,5.76,2001-2010,2006
1g9d,5.3,2001-2010,2002
3hxi,6.33,2001-2010,2009
3eov,7.2,2001-2010,2008
3myg,10.7,2001-2010,2010
2nxm,5.19,2001-2010,2007
2va6,6.17,2001-2010,2007
1sdv,8.74,2001-2010,2004
1gyy,3.64,2001-2010,2002
3owj,6.07,2001-2010,2010
2zif,4.37,2001-2010,2008
3nex,6.0,2001-2010,2010
2wzx,6.0,2001-2010,2010
2x00,11.33,2001-2010,2010
2ohs,4.4,2001-2010,2007
3d51,4.15,2001-2010,2008
1me8,7.19,2001-2010,2003
1pxl,6.05,2001-2010,2003
2xeg,10.7,2001-2010,2010
2xyn,8.4,2001-2010,2010
1ndz,8.11,2001-2010,2003
2w4i,6.3,2001-2010,2008
1h1s,8.22,2001-2010,2002
3cow,6.9,2001-2010,2008
3kf4,9.3,2001-2010,2009
2i5j,6.3,2001-2010,2006
1zog,7.15,2001-2010,2005
2w6o,4.22,2001-2010,2009
2ks9,2.04,2001-2010,2010
2c6m,6.46,2001-2010,2005
3dcq,5.23,2001-2010,2009
1uwu,5.98,2001-2010,2004
1p28,5.42,2001-2010,2003
1o4b,5.7,2001-2010,2004
2gh6,4.95,2001-2010,2007
2c2l,5.55,2001-2010,2005
1my3,5.4,2001-2010,2003
2a4m,4.52,2001-2010,2005
2wi5,6.05,2001-2010,2009
2o4l,9.22,2001-2010,2006
1ydk,5.89,2001-2010,2005
1ii5,6.62,2001-2010,2001
2fx8,6.52,2001-2010,2006
3m3r,6.32,2001-2010,2010
3lxo,4.82,2001-2010,2010
2f6v,4.43,2001-2010,2005
2x4r,4.77,2001-2010,2010
1pb9,3.62,2001-2010,2003
2iok,9.0,2001-2010,2007
1ocq,5.19,2001-2010,2003
2hha,6.91,2001-2010,2006
3lgs,4.61,2001-2010,2010
3bhb,8.47,2001-2010,2008
3nth,4.32,2001-2010,2010
2hb9,4.82,2001-2010,2007
1y2j,7.48,2001-2010,2005
1k1p,7.92,2001-2010,2001
1oky,8.19,2001-2010,2004
1hdq,5.82,2001-2010,2001
1hk4,5.31,2001-2010,2003
3luo,6.95,2001-2010,2010
2hug,5.97,2001-2010,2007
1s3k,6.62,2001-2010,2004
1uze,8.9,2001-2010,2004
2e9o,7.7,2001-2010,2008
2eum,6.7,2001-2010,2006
2jmj,5.04,2001-2010,2007
1kds,5.77,2001-2010,2002
2xbp,5.02,2001-2010,2010
2i1r,5.01,2001-2010,2006
2zgx,6.74,2001-2010,2008
1jd5,6.62,2001-2010,2001
1t3t,4.96,2001-2010,2004
2brb,4.86,2001-2010,2005
1n2v,4.08,2001-2010,2003
2qu5,8.06,2001-2010,2007
2wxg,9.15,2001-2010,2010
2qd6,8.68,2001-2010,2008
1tlo,4.0,2001-2010,2004
1ov3,6.72,2001-2010,2003
1rhk,9.11,2001-2010,2004
3ked,2.44,2001-2010,2010
2vtq,6.85,2001-2010,2008
3fv1,9.3,2001-2010,2010
1u33,4.6,2001-2010,2004
1nfx,8.52,2001-2010,2003
1efy,8.22,2001-2010,2001
3dkj,5.7,2001-2010,2009
1osg,7.52,2001-2010,2003
1t7d,6.03,2001-2010,2004
1r6n,7.4,2001-2010,2004
1o4r,2.41,2001-2010,2004
2vwy,7.05,2001-2010,2008
1j4k,4.0,2001-2010,2001
1tvo,6.85,2001-2010,2005
2j4g,6.6,2001-2010,2007
3bb1,3.6,2001-2010,2008
2o4p,10.72,2001-2010,2006
2vk2,6.89,2001-2010,2009
2r59,8.19,2001-2010,2008
1v1j,4.82,2001-2010,2005
3l3x,6.15,2001-2010,2010
2qx0,6.11,2001-2010,2007
3fu6,3.97,2001-2010,2009
2d3z,6.64,2001-2010,2006
2wxv,8.7,2001-2010,2010
3nrm,8.4,2001-2010,2010
2w6z,2.82,2001-2010,2009
1ny0,5.85,2001-2010,2003
2g6p,6.22,2001-2010,2006
3mtw,7.04,2001-2010,2010
2nxd,5.66,2001-2010,2007
3ccz,7.29,2001-2010,2008
1mqi,7.63,2001-2010,2003
3gc5,7.26,2001-2010,2009
2r43,6.0,2001-2010,2008
1o4p,2.6,2001-2010,2004
1h6e,6.15,2001-2010,2001
2r6f,8.0,2001-2010,2008
1ugp,2.89,2001-2010,2004
2qoe,7.6,2001-2010,2007
2ze1,6.22,2001-2010,2008
3k0h,4.6,2001-2010,2010
2jbk,6.4,2001-2010,2006
2ke1,5.3,2001-2010,2009
2x6j,7.44,2001-2010,2010
3evd,6.91,2001-2010,2009
3lpb,7.38,2001-2010,2010
3dwb,6.19,2001-2010,2008
2h15,5.67,2001-2010,2007
3lk8,7.71,2001-2010,2010
2wmv,5.04,2001-2010,2009
3b2q,4.55,2001-2010,2008
3gk1,4.1,2001-2010,2009
2gsu,3.59,2001-2010,2006
1tqf,5.85,2001-2010,2004
1w31,3.6,2001-2010,2005
3dx1,3.58,2001-2010,2009
1o9k,6.47,2001-2010,2003
1nhu,5.66,2001-2010,2003
3dgl,6.6,2001-2010,2009
1mrs,3.96,2001-2010,2003
3oe6,8.09,2001-2010,2010
1gpk,5.37,2001-2010,2002
3mvh,9.3,2001-2010,2010
3hub,8.09,2001-2010,2010
3dxk,6.33,2001-2010,2009
3bti,6.14,2001-2010,2008
3abt,4.77,2001-2010,2010
1w70,3.7,2001-2010,2005
1yly,7.82,2001-2010,2005
3aho,7.05,2001-2010,2010
2qmj,4.21,2001-2010,2008
3ezr,5.0,2001-2010,2009
2kvm,3.96,2001-2010,2010
3ith,8.1,2001-2010,2010
2e91,6.59,2001-2010,2007
3guz,4.38,2001-2010,2010
3miy,7.68,2001-2010,2010
2zfp,5.17,2001-2010,2008
2afx,5.15,2001-2010,2005
3cyu,7.22,2001-2010,2008
1ik4,7.41,2001-2010,2001
1q0b,5.17,2001-2010,2004
2opy,4.52,2001-2010,2007
3bwk,3.94,2001-2010,2009
1gx8,6.37,2001-2010,2002
2vx9,7.44,2001-2010,2009
3d7z,7.92,2001-2010,2008
3nij,4.89,2001-2010,2010
1xhm,6.33,2001-2010,2005
2z4o,9.57,2001-2010,2008
1msm,10.48,2001-2010,2003
2vvn,7.3,2001-2010,2008
1pyw,7.7,2001-2010,2003
3nw5,5.08,2001-2010,2010
3kze,3.95,2001-2010,2010
3hkt,5.39,2001-2010,2009
2pt9,4.46,2001-2010,2008
2osf,3.83,2001-2010,2008
1kll,5.2,2001-2010,2002
2gg0,5.77,2001-2010,2006
1q1m,5.16,2001-2010,2003
2vtr,5.82,2001-2010,2008
3d7m,6.44,2001-2010,2009
3hdk,4.76,2001-2010,2010
3drs,9.3,2001-2010,2008
2qve,2.32,2001-2010,2008
1jmq,4.4,2001-2010,2001
1s64,8.4,2001-2010,2004
2c93,4.92,2001-2010,2006
2zir,8.19,2001-2010,2009
1o5p,10.0,2001-2010,2003
3ikc,7.46,2001-2010,2009
1kat,6.0,2001-2010,2002
3l4x,6.89,2001-2010,2010
2q15,7.96,2001-2010,2007
3da6,8.7,2001-2010,2009
1t08,5.51,2001-2010,2004
1h1h,5.22,2001-2010,2002
2wb5,9.13,2001-2010,2009
1xgj,6.0,2001-2010,2005
3gz9,8.4,2001-2010,2009
2oq6,3.6,2001-2010,2007
2jdy,4.37,2001-2010,2007
1svh,6.44,2001-2010,2005
1oe8,5.52,2001-2010,2003
2wly,6.6,2001-2010,2010
3k3a,7.08,2001-2010,2010
1ws4,3.0,2001-2010,2005
3owl,6.17,2001-2010,2010
1o33,5.74,2001-2010,2003
1zky,6.25,2001-2010,2006
1x78,7.85,2001-2010,2005
1ex8,6.33,2001-2010,2001
3ho2,6.95,2001-2010,2010
3l9h,8.1,2001-2010,2010
1uv6,5.12,2001-2010,2004
2xhr,8.32,2001-2010,2010
3hu2,7.22,2001-2010,2010
2x8e,7.85,2001-2010,2010
3nnx,7.96,2001-2010,2010
2zxa,8.35,2001-2010,2009
3f3w,7.47,2001-2010,2009
3iue,5.82,2001-2010,2009
1pwp,6.3,2001-2010,2004
2vqm,6.01,2001-2010,2008
1x7q,6.73,2001-2010,2005
2oi3,6.64,2001-2010,2007
1sc8,7.44,2001-2010,2004
2hd6,7.8,2001-2010,2006
3csl,7.22,2001-2010,2009
2xef,9.84,2001-2010,2010
2jk7,7.17,2001-2010,2008
3jzc,8.53,2001-2010,2009
2pj9,7.92,2001-2010,2008
2zz6,6.72,2001-2010,2009
2ggx,3.49,2001-2010,2006
2ivz,6.04,2001-2010,2006
3hhu,7.39,2001-2010,2009
1r1h,8.92,2001-2010,2004
1j4p,4.99,2001-2010,2001
1gja,5.42,2001-2010,2002
1rri,5.82,2001-2010,2004
2btr,7.02,2001-2010,2005
1xn2,10.52,2001-2010,2005
2jdp,6.6,2001-2010,2007
1jqd,5.16,2001-2010,2002
3fvg,6.89,2001-2010,2010
3k3e,7.66,2001-2010,2010
2aod,5.66,2001-2010,2006
2exg,4.3,2001-2010,2006
3chc,4.09,2001-2010,2008
2jiw,4.59,2001-2010,2007
2xmy,9.96,2001-2010,2010
3k9x,8.4,2001-2010,2009
2fzz,10.52,2001-2010,2006
1g9a,5.3,2001-2010,2002
1pg2,4.96,2001-2010,2004
1xq0,6.34,2001-2010,2005
3mhi,6.7,2001-2010,2010
2q2n,6.48,2001-2010,2008
3hab,8.38,2001-2010,2009
3ejs,6.6,2001-2010,2009
3ej5,3.57,2001-2010,2009
1r6g,9.21,2001-2010,2005
2pj3,8.18,2001-2010,2008
1xuc,7.14,2001-2010,2005
2am2,5.1,2001-2010,2006
3cyw,7.77,2001-2010,2008
2bmk,5.62,2001-2010,2006
2q89,6.3,2001-2010,2008
1h5v,3.93,2001-2010,2002
3iqj,4.93,2001-2010,2010
2ima,6.52,2001-2010,2007
2pvm,6.44,2001-2010,2008
3djq,2.98,2001-2010,2009
2whp,4.51,2001-2010,2009
2wxk,9.3,2001-2010,2010
2rg6,8.66,2001-2010,2008
2zvj,5.74,2001-2010,2009
2w6t,8.57,2001-2010,2009
2cmo,6.4,2001-2010,2006
3f35,3.16,2001-2010,2009
1li2,4.04,2001-2010,2002
3d9v,8.22,2001-2010,2008
1oiu,6.68,2001-2010,2004
2zdl,6.4,2001-2010,2008
1w7g,5.1,2001-2010,2006
2fai,6.24,2001-2010,2006
1zd5,4.87,2001-2010,2006
1xmy,7.3,2001-2010,2004
1rp7,8.52,2001-2010,2004
2o2u,6.4,2001-2010,2007
3gus,6.05,2001-2010,2009
2osm,6.2,2001-2010,2008
2nta,4.8,2001-2010,2007
3oct,8.3,2001-2010,2010
2vh0,8.51,2001-2010,2008
1p93,7.72,2001-2010,2003
2knh,5.15,2001-2010,2009
1l7x,4.04,2001-2010,2002
2ie4,10.0,2001-2010,2006
3ie3,6.68,2001-2010,2009
2nm1,7.47,2001-2010,2006
2o9a,3.81,2001-2010,2007
2xch,6.43,2001-2010,2010
2itp,7.95,2001-2010,2007
3mks,5.72,2001-2010,2010
3nrz,5.34,2001-2010,2010
3bym,8.22,2001-2010,2008
2vwc,6.62,2001-2010,2008
2gqn,5.35,2001-2010,2007
2b1v,5.74,2001-2010,2006
2ntf,6.52,2001-2010,2007
2q6b,9.52,2001-2010,2007
2xl2,5.25,2001-2010,2010
2xb8,7.59,2001-2010,2010
1way,3.4,2001-2010,2005
2wej,6.08,2001-2010,2009
3dxj,6.22,2001-2010,2008
2wou,7.14,2001-2010,2009
1yvm,6.4,2001-2010,2005
3imy,9.7,2001-2010,2009
1imx,3.52,2001-2010,2001
2oei,3.91,2001-2010,2007
1pxk,5.66,2001-2010,2003
1ws5,3.03,2001-2010,2005
1tx7,4.6,2001-2010,2005
1q9m,6.48,2001-2010,2003
1kti,3.43,2001-2010,2002
1wb0,5.35,2001-2010,2005
1tjp,4.42,2001-2010,2005
3eig,7.68,2001-2010,2009
3ig6,7.6,2001-2010,2009
2p3d,6.74,2001-2010,2007
1m2r,6.46,2001-2010,2003
2w92,4.55,2001-2010,2009
3ekr,7.52,2001-2010,2008
2ork,2.85,2001-2010,2007
2zg3,2.06,2001-2010,2008
3l5b,3.91,2001-2010,2010
2jdt,6.77,2001-2010,2007
1ktt,5.82,2001-2010,2002
1n4h,6.55,2001-2010,2003
3kr4,7.6,2001-2010,2010
2vvs,7.34,2001-2010,2008
2i1m,7.62,2001-2010,2006
2zx9,10.27,2001-2010,2009
1h1b,9.8,2001-2010,2002
1py2,7.22,2001-2010,2004
2brn,5.26,2001-2010,2005
3l4t,5.42,2001-2010,2010
1fls,7.48,2001-2010,2001
2ow3,8.52,2001-2010,2008
2ez7,4.36,2001-2010,2006
2iit,8.59,2001-2010,2006
3fn0,4.4,2001-2010,2009
3jxw,9.0,2001-2010,2009
2z50,4.95,2001-2010,2008
2k7l,6.15,2001-2010,2009
2o9j,6.92,2001-2010,2007
3fyk,7.4,2001-2010,2009
2gfs,6.15,2001-2010,2006
1nu1,7.19,2001-2010,2003
1e3g,9.0,2001-2010,2001
2ovv,7.92,2001-2010,2007
1q83,12.39,2001-2010,2004
3f78,3.1,2001-2010,2009
3b66,8.6,2001-2010,2008
3ds6,9.1,2001-2010,2008
1j37,8.96,2001-2010,2003
2pjt,6.07,2001-2010,2008
1h08,4.55,2001-2010,2003
3g2v,6.52,2001-2010,2009
1uj6,3.05,2001-2010,2004
3ch9,3.3,2001-2010,2008
2xnb,6.83,2001-2010,2010
3hr1,9.43,2001-2010,2009
1zzl,8.3,2001-2010,2005
3bzi,5.74,2001-2010,2008
2chm,8.26,2001-2010,2006
2k1q,6.22,2001-2010,2009
3d7f,9.3,2001-2010,2008
3hxb,5.39,2001-2010,2009
3kba,7.8,2001-2010,2009
3djo,4.39,2001-2010,2009
1iky,8.26,2001-2010,2001
3g2t,7.0,2001-2010,2009
3gi6,11.22,2001-2010,2010
2am4,3.72,2001-2010,2006
2baj,8.4,2001-2010,2005
2rly,3.57,2001-2010,2007
2r9x,4.85,2001-2010,2008
3eks,5.7,2001-2010,2008
1gt4,6.52,2001-2010,2003
2l1b,3.96,2001-2010,2010
2pjl,6.72,2001-2010,2007
3gol,7.09,2001-2010,2009
2w5g,6.07,2001-2010,2009
3f15,8.1,2001-2010,2008
3ow4,7.66,2001-2010,2010
3kac,3.13,2001-2010,2009
2p7a,6.1,2001-2010,2008
2g1r,7.7,2001-2010,2006
3lbk,6.04,2001-2010,2010
3ft3,7.36,2001-2010,2009
2bgd,5.0,2001-2010,2005
3k48,6.31,2001-2010,2009
2zcq,8.82,2001-2010,2008
3dd8,7.85,2001-2010,2008
1u2y,1.74,2001-2010,2004
3bim,5.88,2001-2010,2008
3k84,8.52,2001-2010,2009
3dp0,5.85,2001-2010,2009
2x97,5.66,2001-2010,2010
2vww,6.62,2001-2010,2008
2v16,8.22,2001-2010,2008
1onp,7.52,2001-2010,2003
3gt9,3.96,2001-2010,2010
3c8b,6.1,2001-2010,2008
2z3h,4.64,2001-2010,2007
3bm6,7.59,2001-2010,2009
2v2c,3.41,2001-2010,2008
1mm7,7.7,2001-2010,2003
2avq,4.39,2001-2010,2006
1toi,4.05,2001-2010,2004
1gjd,5.22,2001-2010,2002
2hm1,8.7,2001-2010,2007
1j36,7.74,2001-2010,2003
2auz,9.46,2001-2010,2006
2gpp,5.7,2001-2010,2006
2fhy,5.96,2001-2010,2006
3f17,8.63,2001-2010,2008
3n9s,5.26,2001-2010,2010
2oc2,8.52,2001-2010,2007
1npz,7.89,2001-2010,2003
3drg,7.0,2001-2010,2009
3k39,8.08,2001-2010,2010
2avo,8.85,2001-2010,2006
2z6w,7.87,2001-2010,2008
2flr,6.1,2001-2010,2007
2os9,2.24,2001-2010,2007
1zpb,6.07,2001-2010,2006
2gvj,9.52,2001-2010,2006
3ng4,5.43,2001-2010,2010
3g2h,3.82,2001-2010,2010
1o3f,7.96,2001-2010,2003
1nny,7.66,2001-2010,2003
3fvk,8.82,2001-2010,2010
3d7d,7.85,2001-2010,2008
1ysi,7.44,2001-2010,2005
3nq9,4.03,2001-2010,2010
2gtv,5.15,2001-2010,2006
2vrj,6.3,2001-2010,2008
1zvx,9.22,2001-2010,2006
1gag,6.12,2001-2010,2001
3cn0,5.51,2001-2010,2008
1x7a,7.89,2001-2010,2005
2ra0,7.8,2001-2010,2008
3fci,5.89,2001-2010,2009
3o0e,5.74,2001-2010,2010
2fj0,7.66,2001-2010,2006
3bra,2.7,2001-2010,2008
3fq7,2.52,2001-2010,2009
2i4w,11.59,2001-2010,2007
1nzq,7.96,2001-2010,2003
3msj,3.11,2001-2010,2010
1kyv,5.92,2001-2010,2002
3nsh,6.33,2001-2010,2010
3kxz,7.46,2001-2010,2010
2v96,4.54,2001-2010,2007
3c2o,3.35,2001-2010,2008
1ndj,12.16,2001-2010,2003
2f3f,6.72,2001-2010,2006
1rm8,9.0,2001-2010,2004
3ljj,6.52,2001-2010,2010
2jdk,6.54,2001-2010,2007
3jzk,5.91,2001-2010,2009
1mjj,8.74,2001-2010,2003
2ckm,8.82,2001-2010,2006
2p09,6.35,2001-2010,2007
1sqo,7.46,2001-2010,2004
2etm,6.67,2001-2010,2006
1u32,7.01,2001-2010,2004
2jj3,9.55,2001-2010,2007
2bua,4.52,2001-2010,2006
3il6,6.57,2001-2010,2009
1me3,7.19,2001-2010,2002
3mo2,6.61,2001-2010,2010
2f4b,7.3,2001-2010,2006
1oyt,7.24,2001-2010,2003
1m2q,6.1,2001-2010,2003
2oc1,5.37,2001-2010,2007
1iew,4.59,2001-2010,2001
1i5h,4.28,2001-2010,2001
1i3z,6.88,2001-2010,2003
3hkq,5.34,2001-2010,2009
2q6h,3.6,2001-2010,2007
1pr5,3.92,2001-2010,2003
1fzo,7.89,2001-2010,2001
3fsj,3.95,2001-2010,2009
2uw4,5.28,2001-2010,2007
1ui0,7.06,2001-2010,2003
2pow,7.2,2001-2010,2007
1toj,3.39,2001-2010,2004
1x7e,5.97,2001-2010,2005
2veu,7.0,2001-2010,2007
3ixk,8.18,2001-2010,2010
1k9r,3.3,2001-2010,2001
2peh,5.96,2001-2010,2007
3f82,8.34,2001-2010,2009
1ikw,8.6,2001-2010,2001
3bpc,4.8,2001-2010,2009
3iw4,8.68,2001-2010,2009
1mzs,5.15,2001-2010,2002
1s9t,6.82,2001-2010,2005
2aie,5.66,2001-2010,2005
2o7n,7.82,2001-2010,2007
1xbo,6.04,2001-2010,2004
2hai,6.28,2001-2010,2006
2jal,4.82,2001-2010,2007
3dba,8.0,2001-2010,2008
1l5s,3.26,2001-2010,2002
3o8h,6.24,2001-2010,2010
2vba,4.6,2001-2010,2007
2pqj,8.2,2001-2010,2008
1g49,7.8,2001-2010,2001
3g0c,5.7,2001-2010,2010
2fuu,5.57,2001-2010,2006
2oh4,8.46,2001-2010,2007
2vl8,4.52,2001-2010,2008
3oyl,6.7,2001-2010,2010
2ao6,9.28,2001-2010,2005
2wnj,6.48,2001-2010,2009
3ioi,6.28,2001-2010,2010
3nok,4.19,2001-2010,2010
1tpz,6.19,2001-2010,2004
2wl4,4.19,2001-2010,2009
1jjk,11.06,2001-2010,2001
2qg0,5.72,2001-2010,2008
3lqi,5.16,2001-2010,2010
3co9,8.0,2001-2010,2009
1i9o,8.42,2001-2010,2001
2vvu,8.1,2001-2010,2009
1nz7,7.12,2001-2010,2003
3bft,6.49,2001-2010,2008
1rv1,6.85,2001-2010,2004
2pmc,4.19,2001-2010,2008
1yfz,4.35,2001-2010,2005
3g3n,6.29,2001-2010,2009
2xk7,5.82,2001-2010,2010
2gbf,7.92,2001-2010,2006
1ghw,4.2,2001-2010,2002
3kqs,5.2,2001-2010,2010
3d52,3.28,2001-2010,2008
3e5a,8.23,2001-2010,2008
2z4b,9.36,2001-2010,2007
3ouj,6.05,2001-2010,2010
3hd3,7.0,2001-2010,2009
2xs8,4.61,2001-2010,2010
1h2u,7.89,2001-2010,2002
1rd4,7.74,2001-2010,2004
2xaq,5.96,2001-2010,2010
1owd,8.2,2001-2010,2003
3nu3,9.82,2001-2010,2010
1v0o,5.26,2001-2010,2004
1mhw,7.35,2001-2010,2002
1om1,6.77,2001-2010,2004
2ojg,5.64,2001-2010,2007
2bvd,6.0,2001-2010,2005
2fqy,6.57,2001-2010,2006
3ivx,5.74,2001-2010,2009
2ff2,8.21,2001-2010,2006
1t5a,4.62,2001-2010,2005
1zoh,7.0,2001-2010,2005
1lpk,7.55,2001-2010,2003
2c94,6.82,2001-2010,2006
3bbb,7.0,2001-2010,2008
3lpi,8.52,2001-2010,2010
3d9z,8.7,2001-2010,2009
3cda,7.58,2001-2010,2008
2wei,8.47,2001-2010,2009
2hwi,5.52,2001-2010,2006
3jyj,5.74,2001-2010,2010
1hp0,6.7,2001-2010,2001
2wmu,4.38,2001-2010,2009
1v7a,8.01,2001-2010,2004
3bf1,2.52,2001-2010,2008
1gt1,6.0,2001-2010,2003
1my4,6.98,2001-2010,2003
3gy2,5.74,2001-2010,2010
2z7g,8.95,2001-2010,2008
2izx,9.4,2001-2010,2006
2gfd,6.28,2001-2010,2007
3d28,5.85,2001-2010,2009
1oir,7.49,2001-2010,2003
3fnu,6.16,2001-2010,2009
3dpc,4.36,2001-2010,2009
3b7r,7.7,2001-2010,2008
3ogx,6.48,2001-2010,2010
3d1g,5.0,2001-2010,2008
1p1n,6.8,2001-2010,2003
1il3,2.55,2001-2010,2002
2z5t,5.62,2001-2010,2007
1uk1,7.22,2001-2010,2004
3cf1,6.64,2001-2010,2008
2nno,6.4,2001-2010,2007
2e2p,4.74,2001-2010,2007
1k3n,4.99,2001-2010,2001
1ke0,5.38,2001-2010,2002
3ds3,5.22,2001-2010,2008
3dx2,6.82,2001-2010,2009
2wxj,9.0,2001-2010,2010
3lea,9.1,2001-2010,2010
2oji,7.07,2001-2010,2007
2c6l,6.57,2001-2010,2005
3kc3,6.8,2001-2010,2010
2xfk,8.52,2001-2010,2010
2qi3,10.2,2001-2010,2008
3ctq,7.4,2001-2010,2008
3fcq,2.77,2001-2010,2009
3fe7,7.12,2001-2010,2009
1nu3,4.0,2001-2010,2003
1ka7,6.22,2001-2010,2001
2q7o,7.92,2001-2010,2008
3b7i,5.82,2001-2010,2007
1o2k,6.92,2001-2010,2003
2fr8,3.15,2001-2010,2006
2aox,7.42,2001-2010,2005
3ivc,4.12,2001-2010,2009
2frd,4.54,2001-2010,2006
1wbs,6.2,2001-2010,2005
3dy6,6.9,2001-2010,2008
1xkk,8.52,2001-2010,2004
2cfg,7.44,2001-2010,2007
3i4y,7.05,2001-2010,2010
1q54,5.85,2001-2010,2003
3e2m,9.4,2001-2010,2008
2r1w,4.6,2001-2010,2008
1nf8,7.82,2001-2010,2003
3n2c,5.12,2001-2010,2010
2r6y,9.49,2001-2010,2008
2byi,6.34,2001-2010,2005
2rkf,9.08,2001-2010,2008
2a5b,3.93,2001-2010,2006
3bx5,8.46,2001-2010,2008
1jvu,5.15,2001-2010,2002
1zsr,9.82,2001-2010,2006
1yvh,7.37,2001-2010,2005
3itz,8.85,2001-2010,2010
1v2l,4.29,2001-2010,2004
2yz3,6.66,2001-2010,2008
2hk5,7.34,2001-2010,2006
3nil,3.46,2001-2010,2010
3hxf,4.96,2001-2010,2009
2gmv,6.2,2001-2010,2007
2f71,5.6,2001-2010,2005
2wi4,5.81,2001-2010,2009
1kc5,7.0,2001-2010,2002
3cst,7.41,2001-2010,2008
2w9h,6.37,2001-2010,2009
3b4p,5.4,2001-2010,2008
3ccb,4.52,2001-2010,2008
1sr7,10.1,2001-2010,2004
2rl5,8.4,2001-2010,2008
2iw9,8.05,2001-2010,2006
3d7h,10.22,2001-2010,2008
2w1d,6.04,2001-2010,2009
2wji,5.02,2001-2010,2009
1nlt,4.92,2001-2010,2004
3g0w,9.52,2001-2010,2009
1f28,7.8,2001-2010,2001
1h3h,6.66,2001-2010,2003
2vrx,7.35,2001-2010,2008
3odu,8.14,2001-2010,2010
2qbq,7.44,2001-2010,2008
2rnw,2.98,2001-2010,2008
1thz,5.15,2001-2010,2004
3kek,8.36,2001-2010,2010
2xzw,5.29,2001-2010,2010
2z4y,6.15,2001-2010,2008
2xas,5.89,2001-2010,2010
3c8e,4.15,2001-2010,2009
3l3z,4.87,2001-2010,2010
1m51,4.73,2001-2010,2003
3l3q,7.27,2001-2010,2010
3gep,3.75,2001-2010,2009
2gga,1.96,2001-2010,2006
3kqr,4.43,2001-2010,2010
1kc7,5.52,2001-2010,2002
1lev,5.6,2001-2010,2002
2xwy,5.22,2001-2010,2010
2wyj,9.0,2001-2010,2010
2q8m,4.03,2001-2010,2007
2ksb,3.12,2001-2010,2010
2cex,4.7,2001-2010,2006
2i03,9.0,2001-2010,2006
2f9v,7.82,2001-2010,2007
3fup,7.66,2001-2010,2009
3bgz,6.26,2001-2010,2007
3c89,6.07,2001-2010,2008
3acw,4.76,2001-2010,2010
3kn0,3.6,2001-2010,2010
3ktr,6.15,2001-2010,2010
2qlf,8.85,2001-2010,2007
3f66,6.05,2001-2010,2008
3fyj,8.3,2001-2010,2009
3eta,7.85,2001-2010,2009
2wmr,4.28,2001-2010,2009
2zq2,6.56,2001-2010,2009
1xqc,7.2,2001-2010,2005
1v2k,6.19,2001-2010,2004
1ew8,2.26,2001-2010,2002
3hs9,6.31,2001-2010,2010
2rok,4.35,2001-2010,2009
2xhx,6.6,2001-2010,2010
3ovz,8.06,2001-2010,2010
3bjm,8.3,2001-2010,2008
2nmz,8.37,2001-2010,2007
3m67,6.74,2001-2010,2010
2o4k,10.46,2001-2010,2006
3ip9,5.62,2001-2010,2010
3n8k,4.05,2001-2010,2010
1ndy,6.17,2001-2010,2003
1sv3,4.35,2001-2010,2004
1lf3,7.0,2001-2010,2002
1oif,7.72,2001-2010,2003
2nsx,7.2,2001-2010,2006
2r23,3.72,2001-2010,2008
1nd5,8.4,2001-2010,2002
2pj0,8.09,2001-2010,2008
2vth,3.92,2001-2010,2008
3kgq,2.3,2001-2010,2010
2r03,5.15,2001-2010,2007
1gt5,6.1,2001-2010,2003
2poq,4.42,2001-2010,2007
3dp3,5.82,2001-2010,2009
3jqb,6.02,2001-2010,2009
1ux7,3.0,2001-2010,2004
2c6n,6.88,2001-2010,2006
2ql9,9.03,2001-2010,2007
1o5a,6.42,2001-2010,2004
3mvm,8.41,2001-2010,2010
2i2b,2.44,2001-2010,2007
2nsj,4.79,2001-2010,2007
1pzi,4.22,2001-2010,2004
1h37,7.23,2001-2010,2003
2h5e,8.25,2001-2010,2007
2gbg,7.25,2001-2010,2006
2uup,3.98,2001-2010,2008
3diw,6.72,2001-2010,2008
2b8l,7.82,2001-2010,2005
2l12,4.26,2001-2010,2010
3cd7,7.84,2001-2010,2008
2h5i,8.89,2001-2010,2006
3d7b,3.69,2001-2010,2009
3ce3,8.74,2001-2010,2008
2z97,6.0,2001-2010,2008
2qcm,3.35,2001-2010,2007
1g7g,6.6,2001-2010,2001
3k2f,7.2,2001-2010,2009
3g6h,8.19,2001-2010,2009
2uwd,8.35,2001-2010,2007
2off,6.52,2001-2010,2007
2jkr,6.07,2001-2010,2008
1u9e,8.24,2001-2010,2005
2v2v,4.07,2001-2010,2007
1izi,6.59,2001-2010,2002
1u8t,4.26,2001-2010,2004
2rk8,3.64,2001-2010,2008
2gnl,7.24,2001-2010,2006
3fc8,5.39,2001-2010,2009
3l5f,6.22,2001-2010,2010
3cct,7.56,2001-2010,2008
2zdn,6.25,2001-2010,2008
1uod,3.11,2001-2010,2004
1lf8,5.46,2001-2010,2002
2c1a,6.77,2001-2010,2005
2x7s,5.78,2001-2010,2010
1ez9,5.1,2001-2010,2002
2bqw,8.52,2001-2010,2006
3n7o,7.14,2001-2010,2010
2hrm,3.56,2001-2010,2007
3ah8,9.82,2001-2010,2010
2clx,4.88,2001-2010,2006
2wor,3.9,2001-2010,2009
1w3j,6.32,2001-2010,2004
2vur,4.52,2001-2010,2009
2igv,2.23,2001-2010,2007
1xbb,5.3,2001-2010,2004
3drr,9.4,2001-2010,2008
1r5w,5.54,2001-2010,2004
3o1g,9.0,2001-2010,2010
2evc,6.54,2001-2010,2006
1oit,8.52,2001-2010,2003
3i3b,2.23,2001-2010,2010
3i7e,10.85,2001-2010,2009
3cr5,4.19,2001-2010,2008
3npc,8.34,2001-2010,2010
3b7j,5.17,2001-2010,2008
2avs,7.57,2001-2010,2006
2j7e,7.32,2001-2010,2006
2r3c,5.66,2001-2010,2007
1qx1,2.12,2001-2010,2003
2w0x,3.2,2001-2010,2009
3nan,8.22,2001-2010,2010
3ds1,5.7,2001-2010,2008
3iqv,5.18,2001-2010,2010
1uu9,5.4,2001-2010,2004
1zgb,8.06,2001-2010,2005
1k2v,4.44,2001-2010,2002
2cia,6.43,2001-2010,2006
1h1q,6.0,2001-2010,2002
3g70,9.4,2001-2010,2009
2vo4,4.94,2001-2010,2008
2in6,7.64,2001-2010,2007
1lzq,8.39,2001-2010,2003
3jzb,9.01,2001-2010,2009
3f9w,4.72,2001-2010,2008
1o4o,2.46,2001-2010,2004
2glm,5.37,2001-2010,2007
3cde,7.66,2001-2010,2009
3dnt,4.74,2001-2010,2009
3dga,4.52,2001-2010,2009
3m3x,6.82,2001-2010,2010
1w1v,2.2,2001-2010,2005
1nfs,9.92,2001-2010,2003
3e0p,7.92,2001-2010,2008
2zlf,4.51,2001-2010,2008
2f6t,4.62,2001-2010,2005
3k23,8.2,2001-2010,2009
3fpm,5.05,2001-2010,2009
2v12,9.05,2001-2010,2007
1urw,8.52,2001-2010,2004
2hyy,6.77,2001-2010,2007
2w1g,8.52,2001-2010,2009
1ga8,1.8,2001-2010,2001
3ho9,6.1,2001-2010,2010
2g5u,8.49,2001-2010,2006
3jpv,6.92,2001-2010,2009
3gw5,9.33,2001-2010,2009
3cfv,6.05,2001-2010,2008
3lce,3.81,2001-2010,2010
1o4d,3.52,2001-2010,2004
3iw5,6.08,2001-2010,2009
3max,6.05,2001-2010,2010
1o4e,3.3,2001-2010,2004
1llb,6.05,2001-2010,2002
2kfx,4.0,2001-2010,2009
3ejr,8.57,2001-2010,2009
1ypj,7.02,2001-2010,2006
1tkz,6.62,2001-2010,2004
2evl,6.7,2001-2010,2006
3e01,7.52,2001-2010,2008
1hn2,6.0,2001-2010,2001
1lzo,4.54,2001-2010,2003
2j7b,6.62,2001-2010,2006
2fzg,3.38,2001-2010,2006
1i1e,5.03,2001-2010,2001
1hlk,5.0,2001-2010,2001
3eqb,1.82,2001-2010,2008
2vgo,6.3,2001-2010,2008
2x38,6.89,2001-2010,2010
1ikx,8.15,2001-2010,2001
3bxf,5.54,2001-2010,2008
2rfn,8.3,2001-2010,2007
1jsv,5.7,2001-2010,2001
2e9u,8.1,2001-2010,2008
2qbw,7.25,2001-2010,2008
3ivg,4.3,2001-2010,2009
2aof,4.55,2001-2010,2006
1x9d,3.96,2001-2010,2005
2h1h,4.52,2001-2010,2007
3ce0,6.15,2001-2010,2008
2zfs,6.54,2001-2010,2009
2oz6,5.26,2001-2010,2008
2f6z,5.32,2001-2010,2005
3gcq,6.47,2001-2010,2009
2g0h,7.64,2001-2010,2006
2am9,8.41,2001-2010,2006
2fxs,6.06,2001-2010,2007
3kqa,4.85,2001-2010,2010
1o9e,4.18,2001-2010,2003
1j16,3.84,2001-2010,2002
3h2o,4.59,2001-2010,2009
3nif,5.1,2001-2010,2010
2ole,7.25,2001-2010,2008
2ha2,4.66,2001-2010,2006
2vta,3.73,2001-2010,2008
1xk5,6.0,2001-2010,2005
3fzt,6.2,2001-2010,2009
3a4p,7.55,2001-2010,2010
1rw8,6.76,2001-2010,2005
2w8f,6.3,2001-2010,2009
1n95,8.92,2001-2010,2003
2wp1,3.6,2001-2010,2009
1o2u,5.85,2001-2010,2003
3ncz,7.82,2001-2010,2010
3gxl,7.6,2001-2010,2009
2p4y,9.0,2001-2010,2008
2g9x,7.35,2001-2010,2006
1zp5,2.92,2001-2010,2005
3ess,6.39,2001-2010,2009
2r3h,4.7,2001-2010,2008
3hmp,5.49,2001-2010,2010
1jcx,5.15,2001-2010,2002
3ny3,4.71,2001-2010,2010
2w1i,8.92,2001-2010,2009
1g50,6.28,2001-2010,2002
3iet,6.85,2001-2010,2010
2r3j,8.0,2001-2010,2008
3mof,3.07,2001-2010,2010
1v2w,4.01,2001-2010,2004
2wks,6.89,2001-2010,2009
3fr5,6.35,2001-2010,2009
1lf2,7.52,2001-2010,2002
1wzy,6.25,2001-2010,2005
3nf3,6.2,2001-2010,2010
2vto,6.85,2001-2010,2008
3fuc,9.72,2001-2010,2009
2xuc,4.1,2001-2010,2010
1y6a,7.66,2001-2010,2005
2g9u,6.08,2001-2010,2007
1o5m,8.72,2001-2010,2003
3bl0,6.92,2001-2010,2008
1l5r,4.77,2001-2010,2002
2c97,6.14,2001-2010,2006
2o3z,5.7,2001-2010,2007
1lqd,8.05,2001-2010,2003
3ebl,6.3,2001-2010,2008
3c5u,8.19,2001-2010,2008
3lj3,9.03,2001-2010,2010
1zd4,3.6,2001-2010,2006
1hc9,8.72,2001-2010,2001
3f3a,4.19,2001-2010,2008
2or9,6.3,2001-2010,2008
3eid,6.35,2001-2010,2008
3c4h,5.7,2001-2010,2008
3i3d,1.99,2001-2010,2010
3h2f,4.06,2001-2010,2009
3i02,7.52,2001-2010,2010
1sqb,7.95,2001-2010,2004
1q4x,9.48,2001-2010,2004
1zz2,5.22,2001-2010,2005
2za3,3.68,2001-2010,2007
3nnu,7.32,2001-2010,2010
3h0y,8.22,2001-2010,2009
2rkn,7.22,2001-2010,2008
3i6o,10.35,2001-2010,2009
1oyn,6.26,2001-2010,2003
3dne,5.22,2001-2010,2009
3bgm,7.41,2001-2010,2008
3hmv,7.3,2001-2010,2010
2j9n,4.7,2001-2010,2007
3bxh,4.03,2001-2010,2008
2qo1,5.57,2001-2010,2008
3lpj,6.92,2001-2010,2010
2w0z,4.03,2001-2010,2009
3eyd,9.7,2001-2010,2009
2j9l,4.0,2001-2010,2007
3hiw,8.06,2001-2010,2009
1o3g,7.96,2001-2010,2003
3m3o,3.6,2001-2010,2010
3gww,0.45,2001-2010,2009
1h1p,4.92,2001-2010,2002
3ewj,6.84,2001-2010,2008
1odi,4.21,2001-2010,2003
3m89,6.16,2001-2010,2010
3g4i,9.04,2001-2010,2010
3b9s,5.3,2001-2010,2008
3cx9,4.89,2001-2010,2009
2w66,4.05,2001-2010,2009
3bm8,3.54,2001-2010,2008
2vl4,6.01,2001-2010,2008
1p2a,7.92,2001-2010,2003
3m58,5.48,2001-2010,2010
1u59,7.25,2001-2010,2004
2fx6,3.7,2001-2010,2006
3d1y,8.22,2001-2010,2008
1jg0,5.3,2001-2010,2002
2a5s,6.7,2001-2010,2005
2g00,9.74,2001-2010,2006
3bun,6.21,2001-2010,2008
2w12,4.65,2001-2010,2009
3m8p,8.68,2001-2010,2010
2ai8,6.8,2001-2010,2005
2a8h,7.17,2001-2010,2006
3kqt,5.34,2001-2010,2010
2qch,3.6,2001-2010,2007
2c92,5.68,2001-2010,2006
2qiq,4.1,2001-2010,2008
2qm7,5.89,2001-2010,2007
3gs7,5.44,2001-2010,2009
1yy4,8.6,2001-2010,2006
1f5k,3.74,2001-2010,2001
3kpu,3.16,2001-2010,2010
1g32,6.11,2001-2010,2001
3lp0,6.96,2001-2010,2010
3bgs,9.42,2001-2010,2008
2pmk,5.92,2001-2010,2008
3chs,7.77,2001-2010,2008
3a3y,9.15,2001-2010,2009
2f35,5.4,2001-2010,2006
1uou,7.7,2001-2010,2004
3g4f,4.52,2001-2010,2009
1xn0,6.24,2001-2010,2004
3lp2,6.66,2001-2010,2010
2rf2,8.44,2001-2010,2008
1w1p,2.3,2001-2010,2005
1xuo,7.16,2001-2010,2005
3h5b,10.0,2001-2010,2009
1k22,8.4,2001-2010,2002
2hy0,9.19,2001-2010,2007
2oqs,5.89,2001-2010,2007
2xba,7.63,2001-2010,2010
3kqd,9.4,2001-2010,2010
3pa8,5.75,2001-2010,2010
1w4q,5.26,2001-2010,2005
3nx7,8.1,2001-2010,2010
2zm1,6.66,2001-2010,2008
3dej,8.0,2001-2010,2008
2fxu,8.15,2001-2010,2006
3iaf,2.92,2001-2010,2010
3kpw,4.85,2001-2010,2010
2c6k,6.14,2001-2010,2005
3d4f,7.72,2001-2010,2009
3fdm,8.7,2001-2010,2009
3czv,7.8,2001-2010,2008
2nnp,8.37,2001-2010,2007
1zfq,7.52,2001-2010,2006
3o6m,7.48,2001-2010,2010
2fgh,6.55,2001-2010,2006
3inf,7.4,2001-2010,2010
2c6e,9.1,2001-2010,2006
2c8w,8.43,2001-2010,2006
2c4w,4.7,2001-2010,2006
1q4k,6.55,2001-2010,2003
3m6f,8.6,2001-2010,2010
3coz,5.57,2001-2010,2008
1o0n,4.09,2001-2010,2003
2nnd,6.06,2001-2010,2007
1nh0,9.74,2001-2010,2004
2z78,6.12,2001-2010,2008
3eqs,8.48,2001-2010,2009
2f3k,7.89,2001-2010,2006
2q7y,4.3,2001-2010,2008
3oyw,4.11,2001-2010,2010
1x8s,5.1,2001-2010,2004
1pi4,7.43,2001-2010,2004
2qnx,5.62,2001-2010,2008
2wos,3.9,2001-2010,2009
3fc1,8.0,2001-2010,2008
3khv,1.85,2001-2010,2009
2az9,7.66,2001-2010,2006
1v0k,5.1,2001-2010,2004
3m54,5.89,2001-2010,2010
3chg,3.99,2001-2010,2008
3e1r,5.82,2001-2010,2008
2aw1,7.37,2001-2010,2006
3d62,6.1,2001-2010,2008
3f7z,7.19,2001-2010,2009
1njt,4.82,2001-2010,2003
2i0j,8.57,2001-2010,2006
3d8y,3.4,2001-2010,2009
1ony,6.77,2001-2010,2003
2a5u,8.1,2001-2010,2005
1g3e,5.38,2001-2010,2001
1kv1,5.94,2001-2010,2002
2aou,7.73,2001-2010,2005
1u9v,8.22,2001-2010,2005
2qrp,6.2,2001-2010,2008
2gvd,7.0,2001-2010,2006
2uy5,5.49,2001-2010,2007
3dx4,7.12,2001-2010,2009
3fl8,7.27,2001-2010,2009
2jiu,7.56,2001-2010,2008
3bc5,8.3,2001-2010,2008
2bo4,4.61,2001-2010,2005
1i43,3.7,2001-2010,2001
1o8b,2.68,2001-2010,2003
1ung,6.8,2001-2010,2004
3h2m,3.67,2001-2010,2009
2w87,4.65,2001-2010,2009
1wv7,7.26,2001-2010,2005
3iop,7.77,2001-2010,2010
2v22,5.39,2001-2010,2008
1v41,4.7,2001-2010,2004
3k5v,6.3,2001-2010,2010
3ebp,5.91,2001-2010,2009
2wvt,6.12,2001-2010,2010
3h9o,7.15,2001-2010,2009
1i7m,9.64,2001-2010,2001
2xui,15.0,2001-2010,2010
2wn9,8.52,2001-2010,2009
2bvx,8.7,2001-2010,2006
2ea2,7.8,2001-2010,2008
1tog,3.22,2001-2010,2004
1pum,3.05,2001-2010,2004
2qhn,6.01,2001-2010,2008
1xt3,5.7,2001-2010,2004
3dcc,8.96,2001-2010,2009
3nu5,8.35,2001-2010,2010
1k6t,7.62,2001-2010,2002
1q95,7.57,2001-2010,2004
1qxk,5.05,2001-2010,2003
3cf8,4.9,2001-2010,2008
3g35,4.68,2001-2010,2009
1mu6,8.38,2001-2010,2004
1k1o,6.17,2001-2010,2001
1q6n,7.64,2001-2010,2003
2i4x,11.72,2001-2010,2007
1hk1,5.64,2001-2010,2003
2h5d,8.19,2001-2010,2006
2q80,4.6,2001-2010,2007
3lj7,8.34,2001-2010,2010
3fa3,5.6,2001-2010,2009
3e5u,5.85,2001-2010,2008
1t31,8.64,2001-2010,2005
3p4r,2.72,2001-2010,2010
1yt7,9.89,2001-2010,2005
2pwd,4.4,2001-2010,2007
3fuz,6.54,2001-2010,2010
3lbj,4.96,2001-2010,2010
1w82,6.71,2001-2010,2005
1xnx,6.38,2001-2010,2005
3hy7,6.97,2001-2010,2009
1f5l,5.28,2001-2010,2001
2x5o,4.07,2001-2010,2010
1il9,3.4,2001-2010,2002
1no9,7.62,2001-2010,2003
3dbs,7.12,2001-2010,2008
2jh5,6.44,2001-2010,2007
3h3c,6.85,2001-2010,2009
3ns9,8.52,2001-2010,2010
2c68,5.74,2001-2010,2005
1kqb,4.0,2001-2010,2002
2vv9,7.77,2001-2010,2008
3cwk,6.6,2001-2010,2008
1jii,9.0,2001-2010,2001
1jbd,6.92,2001-2010,2001
1vjd,3.54,2001-2010,2004
2xah,3.55,2001-2010,2010
2jdv,8.2,2001-2010,2007
2oi2,6.3,2001-2010,2007
3cd5,7.9,2001-2010,2008
2wgs,5.6,2001-2010,2009
3gqo,5.41,2001-2010,2009
3oad,9.62,2001-2010,2010
3f1a,7.21,2001-2010,2008
1sl3,11.85,2001-2010,2004
1x6u,3.22,2001-2010,2005
3jvr,5.72,2001-2010,2009
2cji,8.22,2001-2010,2006
2qi4,10.44,2001-2010,2008
1hk3,6.59,2001-2010,2003
2w8g,6.0,2001-2010,2009
2i0v,6.8,2001-2010,2006
3ffp,7.14,2001-2010,2009
1zpa,8.4,2001-2010,2005
1q7a,7.19,2001-2010,2004
1re1,5.21,2001-2010,2004
2eep,7.06,2001-2010,2008
2vmd,3.02,2001-2010,2008
1x8j,6.96,2001-2010,2005
1msn,9.09,2001-2010,2003
2pu2,4.43,2001-2010,2008
1i32,5.7,2001-2010,2001
3dg8,4.7,2001-2010,2009
1w84,4.46,2001-2010,2005
3nw6,8.15,2001-2010,2010
1j15,3.84,2001-2010,2002
2f0z,4.77,2001-2010,2006
1fzk,8.4,2001-2010,2001
1w0z,7.68,2001-2010,2008
2np8,7.38,2001-2010,2006
3l1s,8.7,2001-2010,2010
2fda,6.3,2001-2010,2006
3exf,6.54,2001-2010,2008
2w17,8.7,2001-2010,2008
2jdo,6.64,2001-2010,2007
3c49,7.15,2001-2010,2008
3daz,7.93,2001-2010,2009
3gs6,6.59,2001-2010,2009
3fuk,3.02,2001-2010,2009
1ha2,5.54,2001-2010,2001
1o48,6.35,2001-2010,2004
3d9p,4.54,2001-2010,2008
3c4f,5.72,2001-2010,2008
3gnv,7.03,2001-2010,2009
2c02,4.04,2001-2010,2006
3gnw,9.1,2001-2010,2009
1jd0,8.24,2001-2010,2001
3ftu,3.61,2001-2010,2009
1m0b,8.82,2001-2010,2004
1pz5,5.4,2001-2010,2003
3d9n,4.05,2001-2010,2008
2xej,8.87,2001-2010,2010
2o4z,6.25,2001-2010,2007
3ikg,7.24,2001-2010,2009
2hny,5.93,2001-2010,2006
1vea,7.52,2001-2010,2004
1p7m,4.38,2001-2010,2003
2gvv,3.9,2001-2010,2006
2wtd,6.68,2001-2010,2009
3h52,4.85,2001-2010,2009
1z9h,3.0,2001-2010,2005
2jdh,6.51,2001-2010,2007
2x2m,6.77,2001-2010,2010
1q6m,7.89,2001-2010,2003
1wbn,6.46,2001-2010,2005
1nkm,7.3,2001-2010,2003
2avv,9.26,2001-2010,2006
2q1q,8.15,2001-2010,2007
1h35,7.54,2001-2010,2003
3k3i,5.72,2001-2010,2009
2ot1,4.0,2001-2010,2007
2pk6,10.89,2001-2010,2007
1sve,8.3,2001-2010,2005
2w05,9.0,2001-2010,2008
3ow3,6.13,2001-2010,2010
1m0q,3.89,2001-2010,2002
2vj7,7.4,2001-2010,2008
1uom,7.72,2001-2010,2003
1szd,4.54,2001-2010,2004
2pql,7.28,2001-2010,2007
2qnn,7.15,2001-2010,2008
1yw7,5.85,2001-2010,2006
1rwq,10.0,2001-2010,2004
3bgc,5.02,2001-2010,2008
3l81,4.53,2001-2010,2010
3bki,5.12,2001-2010,2008
3b3x,3.6,2001-2010,2007
2v54,4.6,2001-2010,2008
1vcu,3.85,2001-2010,2004
1o35,5.0,2001-2010,2003
2qky,9.61,2001-2010,2008
2vie,7.48,2001-2010,2008
1xp6,9.4,2001-2010,2004
2e95,7.1,2001-2010,2007
1xs7,7.6,2001-2010,2004
1hiy,3.08,2001-2010,2001
2qi5,10.85,2001-2010,2008
3byo,8.15,2001-2010,2008
1gz9,3.51,2001-2010,2002
1kpm,5.8,2001-2010,2002
