PDB_code,-logKd/Ki
6g2c,4.66
6b3e,6.99
1sqc,6.85
2az5,5.27
5v3o,7.22
6r4s,6.39
3lxg,8.14
3pd8,6.46
4y3b,4.87
4qy3,6.82
2qhd,5.38
5lqq,7.09
2jxr,7.05
2qbx,5.22
6poq,2.57
5i38,3.42
1oi9,7.16
4aac,8.17
3mks,5.72
1mqj,5.32
6ezg,7.69
5txy,5.46
3opp,6.28
5u7l,6.37
4ibd,3.67
5v79,6.41
2o7v,5.96
5a6n,4.28
1ppc,6.16
3bx5,8.46
1uh1,5.48
5q0s,7.21
6g2s,8.4
6ugq,7.55
4uyh,6.3
1h36,7.74
1wu1,7.74
5icv,5.62
6nri,7.57
6oyh,6.98
4qzx,6.26
3zy2,6.46
5bvn,8.82
2ien,9.0
2brm,5.89
5d0r,6.37
3u8m,8.89
2c0o,5.91
4b7r,9.64
3k5d,7.28
5tcj,7.38
5zg0,7.09
4e5j,4.73
5amg,8.22
4y3j,2.17
5e2v,6.08
2qd6,8.68
6oy2,9.87
4lng,5.62
3hk1,6.17
4b6p,7.13
3hw1,3.06
4umr,3.8
4h2m,5.21
3vva,9.32
3s9y,6.44
2j9a,5.89
4eon,6.05
6g7a,6.78
4ai5,2.92
5ocj,4.82
3p1d,2.64
5ief,5.28
2jqi,5.0
5evz,6.57
4jym,5.04
3bym,8.22
3we4,7.82
6tel,9.96
4bio,5.12
4z0e,5.3
3fal,6.78
6pvv,5.85
5fap,8.0
2jo9,4.28
2cm7,6.68
1bv9,9.96
1avn,3.9
1vwf,6.51
4bo0,6.7
6n0m,5.82
6mo9,5.81
4i8n,4.46
4qls,7.44
2veu,7.0
3dln,6.6
4dmw,4.94
5fni,3.48
2yln,7.68
3aw0,5.24
6ovc,6.52
2jg8,6.3
6n6o,9.15
4k5l,4.96
1h1h,5.22
6hcw,6.89
5edq,8.7
1c5t,4.1
5jmx,5.09
5wyq,4.84
4kii,6.23
6qge,5.68
4tjy,6.44
2z50,4.95
3r17,6.41
3wk9,4.15
3rxj,3.06
3bmo,5.27
2rka,3.0
6f3e,7.15
5aph,7.22
1tfq,7.92
2cbs,8.22
5alv,4.36
4e3i,8.89
1rt1,8.1
5w85,8.0
3ce3,8.74
1yvm,6.4
2qi5,10.85
3rme,4.66
2bdj,9.35
4qw5,6.35
3f33,3.34
3nu6,9.3
4xqb,3.79
4ymx,7.1
4kil,6.3
5tv3,8.09
4hra,10.1
2w68,4.74
4i33,8.33
3g86,8.3
5ap1,7.97
3tyv,8.1
6oip,6.92
4j78,4.65
3lpb,7.38
5j1r,4.66
1pxh,8.74
4aze,8.11
6nzk,4.3
6g3a,8.38
5t6j,4.93
6r7d,8.62
6dge,6.72
2ojg,5.64
4pgc,5.88
5l2t,6.19
6nfn,7.7
3pma,5.4
4lv1,7.4
1v7a,8.01
6q9u,5.89
6afh,6.12
1wbn,6.46
2r3n,7.15
5u0w,4.24
2w8y,9.09
3o1d,5.74
4bak,8.91
1y1m,1.82
3ds0,4.83
6jjz,8.64
4wy3,3.62
3hmv,7.3
5mnn,3.84
2buc,7.0
3udy,5.7
2ay6,3.11
1j5i,3.64
5ivn,8.85
2ot1,4.0
1jt1,3.4
5ekj,6.0
6bij,6.05
3e9b,5.35
1pr1,5.3
4nru,6.94
1soj,6.62
4tjw,6.02
6eqp,5.96
3u4u,8.52
3eq8,9.06
5f1v,6.85
6mtv,5.11
1rwq,10.0
3w9r,6.18
5n1x,3.16
4q3r,6.27
2wl4,4.19
4h4d,6.82
2mc1,4.15
6eis,6.6
2qm7,5.89
4eqf,6.81
4iax,9.56
3nex,6.0
2w7y,6.08
5nwb,7.8
3t4p,5.19
2vr3,4.98
3r4m,5.92
1ol2,6.28
1azg,4.8
1f74,3.05
4o7d,3.0
6g8q,4.72
2hvx,7.54
2iko,5.45
1g3e,5.38
3p55,7.1
6un1,7.89
5jmp,7.17
3rey,8.0
1tcx,6.95
3qcx,7.2
1v11,3.98
4dkp,5.72
1ni1,9.05
4rao,6.0
6er3,3.24
4o9v,8.0
3zxr,7.7
3shv,6.66
2y7k,4.93
1bdl,5.85
5wh6,7.92
6u80,4.43
6f8r,4.7
3v2p,6.36
5w0i,8.85
5q11,5.14
2zg3,2.06
4os6,6.44
5ugd,6.62
3guz,4.38
1msn,9.09
5x9p,6.89
6hvu,6.59
2kup,6.7
4lv3,5.49
4fvr,6.0
6gl9,6.87
4g2j,7.96
3hmp,5.49
4k9h,7.12
3kx1,7.0
4zl4,7.86
4fvq,6.0
6j9y,5.07
3g0i,3.6
2ksb,3.12
6da4,6.34
5gn9,7.05
4e0x,7.12
4k6z,8.7
2x6d,7.92
2ei6,7.39
5iok,5.02
1b32,7.1
6gvx,7.62
4jmx,7.21
4o0z,7.24
4qqi,5.52
4yuw,5.77
3hu3,6.89
6dak,5.14
6jki,6.39
5cqu,6.54
5ura,6.4
2pmk,5.92
2pzy,7.47
6k5t,4.24
3f39,1.78
4pd6,4.44
6ntj,6.47
4z2p,4.6
6bhd,5.03
4j0z,7.11
4rpn,6.96
2wij,3.2
5u00,8.7
6h2z,9.3
1b5i,7.05
5e1b,4.84
3bmy,7.52
3f18,7.4
4auy,7.74
2jjk,8.05
3exe,6.96
6sdc,8.9
6mlj,7.26
4ge2,6.05
3h1x,5.89
1ywh,7.79
2y6d,7.1
1lcj,9.0
2oic,8.4
6p86,4.7
4e3o,6.51
4kc2,3.31
2y9g,3.77
1lpk,7.55
5opv,7.29
3kc0,7.92
4yc9,8.89
2p3o,2.77
2ym5,6.37
4jlh,5.4
5yof,5.82
6mmc,3.61
5m2v,5.4
4bqg,6.22
6dd1,4.65
6sdd,8.4
4rce,8.7
2d2v,1.0
5v0n,7.17
3qwc,4.26
4oym,4.96
2i47,8.66
3usn,6.15
6eq3,6.15
6qav,8.31
1n5r,5.66
5hk9,6.54
5dgw,11.05
5ggz,7.25
1c4u,10.37
6p8a,3.59
2joa,5.96
6cgt,6.0
4q1b,8.72
6g02,7.62
6uil,7.1
4rlu,4.82
1ggd,5.8
4l0s,6.84
3nyn,6.0
1zz3,6.54
5ort,3.05
2b8l,7.82
4kba,8.22
2yc5,7.46
1swr,6.92
3jzs,8.1
1lhc,10.4
1g4k,5.7
5iz9,5.42
5wpb,3.57
3ral,7.0
5kcx,6.7
5ut6,4.24
4ql1,7.03
1uxa,2.3
5i2z,7.14
6maj,7.47
2i19,7.8
5jiq,5.4
2h6q,5.11
4wa9,8.42
4r6x,5.27
3q0z,7.7
3s3q,8.77
2pql,7.28
6hpg,5.5
3d04,6.05
5ttf,6.21
2i4t,9.0
3qj0,5.2
2woq,2.88
5d3c,10.4
1o5f,6.07
6m7h,4.7
1mj7,8.35
6qqv,4.92
2feq,8.86
6h4r,7.03
5ufo,7.43
1m7d,6.23
1db5,6.82
5ypp,4.64
1r1h,8.92
3b82,4.43
5n21,5.96
5j2x,7.74
1f8b,5.4
1ogu,7.47
2mkr,6.27
5xmr,7.61
2f94,6.71
3ekq,6.75
6bbs,9.89
3cth,6.96
4zs3,5.18
4oem,5.3
3obx,3.89
3khv,1.85
6os5,5.36
4j0p,7.29
4yb6,5.32
3du8,6.84
2wa3,3.0
4ra5,8.4
3ch9,3.3
4mc2,8.19
2q54,9.01
4edy,5.83
5y61,1.72
5fl6,7.36
4zsr,4.44
3g0g,8.3
4xv9,6.72
1g5f,2.64
3vd9,4.0
4n6g,5.47
3vd7,4.48
5nxy,5.05
5f1z,8.68
4c6x,3.76
2nng,5.36
3as1,4.02
2kaw,4.97
5wzs,6.55
5my8,7.14
4glx,7.8
6eip,5.7
2w54,6.98
2gbi,8.52
3pfp,6.44
4qsm,7.41
4mx0,6.73
4e3d,2.3
3ti1,3.89
4gzx,3.19
4pzw,6.96
6nlj,4.82
4os2,6.7
3jwq,7.6
1xh3,5.51
2xjj,6.51
5trh,5.08
1it6,8.39
3at3,8.04
6afj,6.28
5llh,10.17
3drf,7.0
6hy2,7.3
3jpv,6.92
4ql8,9.15
5gid,6.11
5ml6,9.45
6hjj,5.77
3wt7,8.75
2v0n,6.3
2ewa,7.94
3s68,8.66
1ny2,2.76
1rt9,10.25
3p4f,5.66
1t7d,6.03
6a84,8.28
1lq2,8.77
4hki,6.85
1azm,6.1
1f8d,3.4
2i0v,6.8
2l8r,3.92
3dxh,3.19
5uy8,8.3
4zg6,6.33
5hjc,4.35
2vo7,6.77
4j1c,7.31
6m95,6.85
6csr,6.84
6g9u,6.43
6g9d,8.37
4b3c,2.68
1xk9,6.85
5elz,6.34
5l4i,6.59
2w1f,8.23
5mi7,7.11
3h0b,5.49
4rlp,8.14
4dfg,11.74
4z1q,7.82
1m9n,6.92
6f9v,6.76
3qce,5.6
2zfp,5.17
2zju,5.81
5vgo,8.7
6mlw,3.74
3ow3,6.13
5n58,6.1
6ckc,8.22
3d9v,8.22
5km3,4.6
4uce,3.17
6gl8,8.61
1b4h,5.46
2e99,6.16
2piz,6.77
2rc8,6.52
6fne,5.52
5ewa,4.82
5uz0,7.8
3ijg,4.27
3mxy,6.41
5kam,4.11
6otg,7.5
4hw2,7.26
3gx0,3.48
1ch8,7.0
4c36,7.7
5arf,6.27
4x24,9.78
5ezx,7.06
5alj,5.56
4yzm,5.27
5g3n,7.92
3nim,4.75
1j15,3.84
5yg4,7.37
3p3j,7.92
3fh5,7.06
4ufl,2.64
4h3q,5.1
6gu7,5.81
3v3v,5.34
2r3j,8.0
5div,6.85
1err,8.11
1tng,2.93
5hbe,8.64
4hct,7.14
4bfz,6.26
1pxl,6.05
4pft,8.64
6mmo,3.35
4iuo,3.64
4p4i,7.46
2qhy,7.48
4myh,4.64
3t0m,3.94
5tq4,8.38
5akw,6.39
6f8u,6.1
2hdr,1.72
6dpt,7.11
6g9n,8.52
5wle,5.72
5ey4,3.12
6eir,6.24
5kjk,7.92
1rmz,8.0
3zvy,5.1
1g54,8.82
1i43,3.7
5yfz,6.96
5gv2,5.65
2f80,8.18
3zps,8.3
6bqd,6.39
2yig,7.1
2zmm,7.6
5cei,8.28
1epo,7.96
4kom,7.0
4ith,6.5
4pfu,6.17
3cd8,8.05
3dvp,5.0
6i5j,5.85
5tyn,9.28
4n1z,9.14
5lt6,5.41
5ijr,3.2
3twd,7.74
4ab8,3.87
4dow,5.02
3rt6,7.15
5etv,6.24
5yto,4.48
4ehv,2.29
4e5i,5.3
2idk,5.54
4ds1,4.75
5nea,10.3
4ezl,8.59
5yvt,3.96
5fdz,5.17
4fil,7.47
6cve,6.8
4dt6,7.23
2p83,7.96
1uod,3.11
6f9t,7.86
4o0a,6.72
4fcq,7.0
5nxq,6.49
5vd2,7.1
3hha,7.9
4piq,7.1
5lwd,6.24
6bhv,5.23
4or0,7.46
5vsj,4.02
3eyh,7.7
1zub,6.57
1rp7,8.52
4ngr,7.55
4nxs,7.37
2kff,3.61
5nx9,4.6
5j3l,4.8
5w7x,4.1
3acl,6.22
5ov9,5.66
3umo,3.89
6qcg,5.14
5eoc,7.52
6a87,3.15
4ccd,4.49
4cgi,3.12
5x74,8.64
5ove,6.35
2vev,6.52
2qoa,7.28
4jfe,4.51
4avg,7.22
4wk7,7.13
1f4g,6.48
3kwj,9.3
6om4,5.45
3rxo,4.08
6b5m,12.0
1yly,7.82
1nj1,7.6
3e2m,9.4
4ark,7.2
2ccs,5.7
6f0y,5.11
1bra,1.82
6gmd,3.69
4djr,11.52
4meo,3.6
6dkg,8.59
2b1r,1.0
4od7,5.08
4xkc,5.87
4em7,5.11
5moo,1.31
6j63,8.19
4e9u,5.82
3unz,7.8
4uyd,4.1
4wrs,9.4
3ibu,9.15
1o2h,7.17
2g5p,8.42
1z3v,4.11
4zh3,4.4
3oot,8.7
2pqc,5.74
4gsy,6.92
5y5u,7.75
3r04,6.92
1iky,8.26
3twx,5.26
4xct,8.17
6fky,6.49
4cxx,5.68
2gmx,7.11
6k0j,7.89
2fr8,3.15
4jnm,8.52
3zvv,3.04
6iez,6.52
2z7r,9.52
6fo8,7.74
5uxf,7.06
5zah,7.28
4zud,8.16
2e1w,7.96
5koq,9.24
2g78,6.92
6h4o,6.89
4h3c,5.72
3hng,6.74
1qbn,5.85
1mqg,6.28
5vil,8.82
3wc5,8.7
4nwd,5.4
6bnh,3.8
3u6h,9.0
4ww8,10.17
2iw6,6.85
3gk4,3.92
1elr,4.96
4oc3,8.28
4mr5,6.6
6cks,7.82
5idp,7.35
1a4k,8.0
1f3e,6.7
1fq5,8.4
2g9u,6.08
6g9m,8.1
5xvk,5.05
1m0q,3.89
6mh1,5.92
6biv,6.52
3rwj,7.8
3np9,4.4
5d7c,6.85
4ui6,7.06
5goe,4.34
5c11,6.47
4nh7,8.4
1dva,8.07
5w88,4.52
2qtn,3.42
4mvx,7.24
6e3m,8.64
5nkd,7.59
6prc,4.77
1snk,9.6
1onz,5.1
5ajy,6.3
4az6,9.1
3nyd,3.48
5fbo,9.51
6dyo,4.49
5ia1,6.28
5l3j,6.64
5wdl,6.17
3pck,6.7
5za7,5.87
3psd,8.52
3txo,8.05
6oou,11.3
2bmg,7.74
3s3v,6.23
1juf,5.85
5wgq,6.48
5iv4,5.48
3n9r,7.15
4lc7,4.93
5w0l,4.74
5u2j,5.92
5y62,1.74
6d1j,4.25
2xpc,3.9
5v2l,3.54
6bfd,8.3
4j8b,4.79
6ayo,8.29
5aqr,3.0
4nxr,4.34
3tz0,5.04
4l4m,8.0
5aen,7.22
5egs,6.01
4qwg,5.97
1h46,3.57
2v22,5.39
4oc1,6.6
3hvh,8.52
5epl,7.03
4cd1,4.89
4odm,6.07
4pvt,6.52
4htp,5.62
5ul5,6.97
2pt9,4.46
6h77,7.33
1drj,7.4
3k8q,11.28
6fh3,3.07
1b57,8.0
2vr0,4.42
5dhq,5.7
3bxf,5.54
5fgk,8.77
4ty8,2.03
6pg5,4.96
3wdd,6.11
4jt9,8.14
5x79,4.92
5e8a,7.47
1fm9,9.0
5eh5,5.87
4mdq,5.92
2xyu,5.35
3gjt,6.77
6fns,4.03
5ndb,4.66
2qtg,5.08
3n7h,4.5
5ji8,4.63
4pgh,4.89
4msc,5.96
5l17,9.3
1rpj,6.48
6ibz,7.66
2fdp,7.59
3vzg,1.72
4e26,6.4
1v0p,6.89
3u9n,7.0
6idz,6.51
5d1r,4.84
3d9l,4.17
4bb2,7.07
4i80,7.62
2q70,8.08
4f7j,5.24
3sna,4.14
1ilq,4.89
6j8r,6.12
4l9i,4.89
2i3v,6.55
1my8,7.46
3doz,5.7
4p1r,8.39
2rkn,7.22
6a30,4.89
2rnw,2.98
6g39,8.34
4re2,4.98
4phw,10.0
4hdb,8.05
1k6c,7.48
5kj0,6.89
4zlz,7.0
6r9s,2.15
4mhz,6.87
5svz,5.92
6h7d,5.49
3fi3,7.92
5ulg,6.72
6ipm,3.69
3gfe,8.49
5kx7,7.44
4z1s,6.1
2wi3,3.46
5llo,9.4
4xj0,9.52
3mg6,7.89
2vtn,6.07
4bo9,6.51
5z66,6.69
4wuy,7.82
5ett,6.23
4u6c,5.0
5bvd,9.8
1m0o,2.31
5ovf,6.85
1m83,3.4
1nfy,8.89
5uzk,6.74
2jaj,4.6
3ckr,5.3
3oyn,7.6
4mic,5.3
4cpu,7.53
6ce6,5.1
3p2k,4.7
1mqh,6.52
4aom,7.07
1gjd,5.22
2wgi,4.07
5t2t,6.29
5myr,4.66
5o5a,4.77
2znu,8.11
3adu,4.14
6m9t,7.7
6a05,4.89
3eou,7.01
6ftw,6.49
6n83,6.27
4i2z,4.87
1vjy,7.64
3u3u,6.88
2qcg,4.0
6q96,10.0
5vqi,6.25
1uti,5.62
6b30,7.22
5e1s,7.92
6afg,4.86
6hm6,5.5
3tza,5.5
4mbf,5.77
5lhi,8.11
4ago,4.81
4zhm,8.05
6b96,7.84
1o3j,6.77
5fqr,7.59
4hrd,8.82
6gnp,4.55
5kit,7.89
3rx8,6.21
3m11,7.37
1t29,6.05
6htr,7.96
1hgj,1.66
2w12,4.65
1pqc,7.0
2xn5,6.69
6mll,3.62
4eev,8.33
3jy9,9.0
2iqg,8.3
2b7f,7.3
5jhb,6.06
4b9z,4.09
1gfy,5.08
5i8p,6.73
3l8s,7.0
4ual,8.4
2wxq,7.47
5ml4,8.7
3kmx,4.82
5ugb,6.79
4lsj,9.57
3dz2,4.15
2jdu,6.72
4utx,5.24
5kbr,6.59
5hcv,8.7
5svl,8.55
3hyg,7.03
3hp2,6.17
2epn,7.22
3atl,4.76
2wti,7.04
1n1m,5.7
2ay7,2.3
5fog,3.67
3shz,7.44
2qa8,6.0
3dxk,6.33
6gbe,3.5
2xzq,6.59
6jib,5.8
1os5,6.85
6ffh,6.34
4rab,7.4
6efj,3.32
4wr7,11.7
6g9s,8.0
4zec,5.82
4zt3,8.0
3il6,6.57
3g0d,8.3
3qcq,6.8
2g5t,9.09
3i0s,9.0
1bdr,6.68
1iwq,8.06
3ohh,7.74
4hvh,7.72
6f4w,5.53
4i0d,6.21
1kti,3.43
3wqv,5.21
5mwp,7.5
5ksv,5.22
3twr,5.19
5u6d,8.59
6hhi,8.17
3kv2,7.32
4daw,7.08
3bl0,6.92
3lpk,9.1
5xyy,5.04
4qms,5.13
1zog,7.15
1kc5,7.0
6rtw,6.43
3hit,8.19
4yjn,7.92
6i8m,7.8
4joa,7.54
3fe7,7.12
5os3,2.43
3tcp,8.37
3wtl,7.04
5inh,6.0
3d51,4.15
3bl9,7.18
1zrz,5.24
4nga,7.77
3g2w,5.66
5qaz,3.4
5er2,6.57
1hbj,8.52
3efr,5.08
2nnv,7.52
4xyf,9.0
1ypj,7.02
5f37,5.77
3d4q,10.52
5mgj,4.29
3krj,8.96
2odd,3.96
3gwv,2.6
5iw0,7.22
4u0i,8.22
4bo7,7.0
3n2p,7.82
2bts,7.7
5cr7,3.1
4ya8,6.1
4ryg,8.1
4k7n,3.48
3zo2,7.1
4z2g,6.66
2v5x,6.66
4j44,5.73
6jof,4.98
4k55,5.51
1il9,3.4
6jaw,5.66
6esn,8.05
1gjb,6.35
3bu8,6.92
6e6w,9.96
1w8l,0.49
3m3x,6.82
3rni,5.17
2gde,8.24
2wf5,6.0
6qw9,6.64
4jib,7.35
2ltw,4.22
5vij,7.61
6hm2,7.33
3sow,5.14
2nxd,5.66
6f7c,5.9
5ehr,7.14
2brc,5.05
2bet,2.77
4yyl,5.01
4mg9,5.68
3vhd,9.28
5yv5,5.41
4ej8,5.39
6d3q,8.47
5ekm,6.32
4kbi,7.49
3nba,3.41
4jck,2.37
4eyj,6.21
2xg3,4.74
2pcu,3.04
4yc0,4.13
4i7j,3.32
2pu0,7.82
5ory,3.45
1lvu,5.32
6bj3,4.77
4y2j,3.1
4kqo,6.78
4d1a,4.72
6bgv,6.74
3uvm,7.52
6qpl,7.04
6epa,5.95
3n49,5.15
5yjy,6.94
3ujb,5.1
4y2s,4.28
4qyh,8.89
3kr2,5.14
5m4c,7.4
1o0o,5.1
4jal,4.6
5zc5,7.06
5wbq,5.83
6eo8,7.0
5j7j,5.07
1tuf,4.05
5nr7,6.02
4li5,6.26
5hex,8.0
6fgl,4.62
7cpa,13.96
6ixd,9.8
4pee,8.32
1ow8,5.4
4wgi,5.35
1a0q,7.57
2rjp,7.0
5y21,6.47
2o5k,7.82
5chk,5.39
3hu1,6.89
5hvp,7.7
1qhr,6.89
4rad,7.1
4tv3,8.72
5hbn,4.89
5e7n,6.09
4kxm,5.59
6hkj,9.0
5mgi,5.95
1yfz,4.35
5lpr,6.57
6n5g,7.0
5lx6,5.72
1o2x,5.85
6olx,5.38
2avv,9.26
5qbv,6.37
6hou,4.27
6p5v,6.7
3wzp,6.82
5nhz,5.33
6ghp,9.36
1u9w,8.46
6kjf,4.97
3l6f,6.99
1nki,6.7
5q0t,4.54
5uch,6.01
2bvr,3.7
4x7o,8.7
6bau,4.51
4q8x,3.57
5o1a,4.52
4lph,5.04
5ovr,4.57
5nne,4.71
3huc,5.99
1uy9,4.82
2r02,5.1
2qmj,4.21
2e7f,6.1
4tmp,5.43
4hn2,6.89
6hd4,8.64
4wkp,9.55
5csx,8.22
3psl,6.89
5sz9,4.42
1gfw,7.82
6gwr,8.1
2hxq,6.84
4nzo,6.77
1o5g,4.96
1lkk,6.85
3hqr,5.52
4imz,6.92
4mti,8.92
1apw,8.0
3djq,2.98
6d6t,8.21
3rhx,6.08
6do1,8.08
4p90,7.19
5tuo,6.49
2bw7,5.7
1kv2,10.0
4c4e,7.6
2hog,9.52
2eh8,7.96
5ywg,8.34
4qvl,6.53
4yc8,7.85
2z5t,5.62
4wy6,5.97
5mka,4.31
6ijh,7.17
2hb9,4.82
4fem,4.06
1h24,6.3
3ah8,9.82
4hyi,8.52
3v4v,7.38
5fng,2.96
3olf,7.7
1wn6,4.68
3fqa,0.49
3ob1,5.42
4anx,7.74
5nps,5.89
1g37,10.0
4lxb,8.15
5a83,6.8
6msy,7.0
4x49,4.53
3aav,6.62
1h27,5.6
6c7w,5.47
1ljt,5.15
5tt3,6.71
4xx9,5.08
2x5o,4.07
6qtq,3.72
3pwh,8.72
6gj8,5.87
3ff3,3.57
1yw2,6.85
4gfd,9.48
1vj6,5.1
5oug,2.77
6oxy,9.55
5bjt,6.3
3f36,2.89
6a8n,7.82
3bls,5.14
1wtg,7.03
4dai,6.96
3w9k,6.32
1gsz,7.21
4r91,6.37
2xk8,5.62
1kll,5.2
4xtv,9.27
3fuc,9.72
5vdw,4.0
3g6z,9.7
1c8l,8.16
2x9e,6.74
5q0p,7.41
2q96,5.92
5un9,7.68
4ewr,6.27
2xd6,6.19
5uv2,4.4
4gng,3.54
3tvc,7.74
3fmz,8.08
6dz0,9.03
4k43,6.88
5q15,8.05
5ajw,6.98
6rr0,7.15
4mjr,3.55
4jmg,8.82
6mxd,5.23
1xpc,8.77
4ymh,6.46
4hkp,4.55
6d3g,4.7
3cd0,7.57
6qls,5.35
2qoe,7.6
2ybu,6.38
1skj,5.15
3ob2,4.59
1iq1,7.46
5d1t,5.77
2wxf,6.74
4ijh,4.33
4kif,4.84
1yy4,8.6
6eds,8.77
5ewh,3.77
4y64,3.1
1i7g,6.0
3v7x,8.57
4c1c,4.97
6au9,5.96
5lpj,5.0
6h3q,7.14
2ceq,7.28
5aix,7.92
4rvk,7.87
4r73,7.64
5mi5,6.77
6qqu,5.3
4aoi,8.4
6eq5,4.74
6g24,2.77
4q6f,5.6
2mpa,8.04
4zsa,7.82
1wug,5.8
5w8i,6.82
5vo6,9.05
1lfo,8.05
4puz,8.11
3t1a,8.37
2x24,6.48
1ssq,6.0
5cyi,5.88
5f02,7.44
2c9d,6.32
4jk5,7.55
2xiy,2.44
2ao6,9.28
4hby,5.36
3puj,4.51
6huc,7.59
3wq6,4.59
6ibk,3.29
1g6g,6.28
3twj,7.84
4rww,5.85
3tjm,5.2
3ms9,5.22
2fky,8.59
6d56,8.05
4obo,7.11
3x00,9.08
4b83,5.15
5k1d,4.68
3pz4,8.22
3v5l,8.15
5ufi,8.4
6g0v,3.78
3qnd,4.85
1cet,2.89
3th0,4.12
3vzd,6.3
1xo2,6.07
1xlz,6.02
2gj5,8.32
6sze,4.1
6g6z,6.66
5ti0,4.21
4x8n,6.62
5waf,9.35
5fwg,6.72
4abd,4.4
6qm7,6.8
2e5y,5.85
1jh1,4.39
2pem,3.64
4aml,2.1
2nnq,8.7
2ceo,10.0
2er9,7.4
3lrh,7.35
4gwk,3.34
5mg2,7.77
5hg1,5.2
2vxj,4.17
4iif,5.18
6ntb,5.15
1kui,3.77
3h2m,3.67
4fcb,8.54
2ay8,2.24
4cws,7.92
1zpb,6.07
3cp9,7.32
1g6r,4.27
6n0j,5.37
2ohm,3.51
6dyz,9.2
2y1w,6.33
1tet,6.08
3nnw,8.05
6i0k,4.89
2gv7,7.85
5m6m,7.36
3c6t,8.68
5l0h,5.64
5gn6,6.92
5ea5,8.06
5nar,6.3
4q3u,6.44
5bot,4.41
5hg9,7.46
5two,8.09
6pg8,3.85
6t1o,5.59
6fvm,6.6
4nl1,3.89
4k3n,7.96
6m8b,5.36
3ow4,7.66
4mc6,9.59
4gu6,7.36
4gz3,5.74
3l4y,7.0
1lqf,8.3
2wxk,9.3
2x8e,7.85
1hps,9.22
5fp0,7.77
4qfl,5.11
4m7x,4.8
6a3n,8.06
6do5,7.16
3kqw,4.01
3ezv,5.98
5l9g,7.7
5th7,5.16
1h79,4.89
3iae,3.89
3u5l,6.19
1fsw,6.49
5u7d,9.3
2oo8,9.0
3dp0,5.85
5nk4,8.7
6hoi,5.1
2cfd,7.49
5dhs,5.22
6jn6,7.15
2c8x,6.66
6ffg,7.2
6i0p,4.4
1v2k,6.19
2g1y,7.05
5du6,5.02
6hy7,5.57
5h22,7.44
3m1s,9.0
3u8w,9.0
4u0g,5.29
5nk2,6.74
4wk1,5.89
2a5s,6.7
4ahs,2.19
5xhr,5.1
5yfs,4.86
6n53,7.87
6dyn,3.19
5nge,7.19
4hyh,9.0
5btv,3.85
4b2i,3.0
3dpc,4.36
6npi,5.7
2uxx,3.3
3fu3,2.84
3jzj,3.61
3uok,9.1
5gj9,4.99
5ngr,4.62
3v49,8.02
4k8s,7.44
1zp8,8.77
6gvg,6.0
2jnp,6.89
5hyq,6.82
4r5y,7.64
5vcy,6.57
3v01,7.6
3pd4,4.48
6o0p,9.96
4ok3,4.15
1sdv,8.74
3omc,5.0
1hi3,4.19
5n8v,6.68
6e92,7.46
5qcl,7.96
5tci,6.88
5czm,8.32
6ezi,5.31
5f6u,2.52
5l98,3.31
2m3o,5.3
1o5a,6.42
4nak,5.85
3t64,6.7
3wpn,4.36
5wip,4.71
4oow,5.37
2yix,8.48
4ca4,7.18
4q83,4.19
3oap,6.26
4j0v,7.55
5ubg,5.17
6ccs,3.64
2h2d,5.37
4dpu,7.3
1b3g,6.7
3sc1,4.38
4ir6,6.08
2q1j,9.1
5ye9,6.45
1a08,5.62
3kl8,6.92
1rri,5.82
6i18,4.07
5q14,7.68
2cll,4.3
6nzt,10.2
2w7x,7.62
3dkf,8.57
2vd7,5.38
5zop,4.73
5aer,4.4
6m9l,7.54
5ei2,7.34
3o8h,6.24
4ptc,8.96
2y8c,6.4
5byy,7.01
2xde,5.47
4yur,9.8
4io3,6.06
5vew,5.15
4x3h,4.23
3jvk,3.93
6d59,7.0
4wkb,11.57
1sr7,10.1
6sfj,7.74
2aay,2.92
6r7j,7.4
5eue,6.77
3ekt,10.59
6ge7,6.06
1gaf,8.0
4cqe,8.43
4fll,5.29
5db2,7.6
3dkj,5.7
1i72,7.26
6idb,6.4
4clp,1.27
1eat,7.82
3m55,6.21
3mxs,5.01
5opr,5.59
5mt4,3.3
1a1c,6.4
4ngh,7.52
2hy0,9.19
6i61,6.24
1k3n,4.99
4omk,4.4
5ctb,7.64
4ivt,6.0
6i4x,4.9
3suu,8.52
2wk6,3.32
4dhs,4.8
5h8b,11.31
5e88,7.19
6b4w,8.3
5ev8,5.22
2fo4,7.22
5urk,6.1
3znc,7.34
5od1,5.96
1vj9,7.55
1pu7,3.1
4dxj,7.42
6j81,6.29
4umb,4.0
4j5e,4.94
2wuf,4.29
2vtd,4.07
6gch,4.7
4q9o,5.77
2f35,5.4
4pku,4.52
6pf5,4.96
4ykn,8.0
5dgz,7.85
1dar,4.96
3muf,6.49
1yy6,6.07
2jbp,8.07
5ia3,7.34
4dju,5.44
1qaq,4.74
5izf,9.74
1gt4,6.52
5wa1,4.17
5c4s,8.42
3bt9,5.71
5ii2,4.89
3sz9,5.27
5f20,7.52
5brn,6.3
5xvw,5.48
4cc5,4.42
5cf8,8.96
2jko,8.11
1gpy,4.7
4l51,3.0
6u7p,11.68
4ahv,1.82
5tfx,7.22
4msg,10.0
3doy,5.82
2aq9,7.3
3d7d,7.85
1ktt,5.82
4hzw,8.88
2wfg,4.42
1lf3,7.0
1kqb,4.0
2iwu,5.92
6bcy,4.81
2itp,7.95
5jzs,3.27
1q41,7.66
3hab,8.38
5b4k,9.34
2f9k,7.07
3u6j,8.21
4lj3,9.0
4mlt,2.85
5m6u,8.37
3qvv,4.42
6odz,9.15
5ei6,7.0
1sqp,8.2
3vru,10.0
2np8,7.38
3veu,7.26
4gw6,6.2
6mjq,7.88
3hvc,6.22
6inm,6.29
2gfj,3.82
5dj5,5.6
3zyb,5.38
1czk,8.82
4rlk,5.02
3i73,5.49
4wq2,6.3
5ylt,6.39
5a3w,5.82
1pfu,2.72
2nxl,6.27
1pl0,8.22
6d2o,5.3
1bm7,7.52
4xrq,6.63
3g42,6.85
3vye,8.11
3cj3,4.24
1x7b,8.39
1dgm,5.05
3bc3,6.81
2q38,5.23
5nvx,7.05
2o7n,7.82
4e0w,7.48
3erd,9.9
6dcz,7.17
5hna,4.23
5wbl,6.44
6saf,6.64
2cgx,4.81
1bt6,5.7
2qe2,7.77
6f29,5.49
3nzu,8.85
3o9d,10.72
4x50,7.75
3ehx,7.6
4n98,3.55
5svx,6.19
6bke,8.35
3g3n,6.29
3l4x,6.89
1hmr,6.55
3d45,5.68
5m28,4.32
2y5k,6.66
1lcp,6.64
5d24,5.24
2i4u,11.57
2gj4,6.5
4jff,9.22
4mlx,3.19
4ixh,8.21
4jpy,4.43
5mi6,7.3
2fqw,6.68
3sou,5.68
4qmo,7.72
4frk,8.1
2vnn,8.7
6c0n,8.37
5t90,6.68
1wht,3.7
2v8w,6.82
5vkf,4.77
6bxy,8.05
6ibx,8.7
2y4s,6.15
3s76,5.05
5hfu,6.89
4bda,5.57
2bvs,4.1
4y87,7.24
5gvp,6.78
2ax9,9.52
1i33,4.12
2vr4,5.68
5xof,4.01
5o2d,5.68
4hxz,6.05
4j52,8.52
6aa4,6.33
1xog,6.39
4hlc,6.76
2pq9,8.11
2o9j,6.92
6h33,9.22
4hs8,7.92
6bm6,4.68
2xbx,7.82
3gi5,11.22
2ycf,10.52
2jjb,7.92
2zit,4.46
3rl8,5.98
6e49,4.72
2f70,4.47
1jvp,5.8
2w1d,6.04
5ne3,7.84
3c45,9.68
5y86,6.1
4wop,4.76
6poh,2.71
1nyx,7.04
2weh,5.95
5lzg,3.1
3zj8,3.9
1a4q,5.44
3h91,3.73
2or9,6.3
3qzv,4.16
6h14,7.86
3k5u,6.51
3rt8,6.35
1xhy,6.18
2q8y,3.99
5orx,3.51
5ei8,8.1
6hk6,6.41
6bt0,5.68
6hp9,8.25
3qw8,5.1
2vb8,4.6
5ntp,9.15
2qtr,5.49
4iz0,4.0
3udv,5.59
6afl,7.0
4d85,6.85
3s71,8.64
2w0d,8.7
3zll,6.4
3dd8,7.85
6f3d,8.4
5d45,6.92
4x5q,9.0
5zk9,7.34
5jbi,6.92
5vdp,4.05
4nnn,6.57
4ucd,4.0
4lkg,6.8
5n9k,9.34
1rev,7.48
2w67,4.96
3mj2,7.82
4rhu,6.16
3lnj,6.66
6cgp,7.12
3qx9,4.05
3owl,6.17
5fdp,6.51
4j1h,6.11
4egi,3.82
3m53,5.31
4int,5.8
5m44,7.4
5qik,7.66
3zyr,5.34
4kox,4.77
2vtp,8.52
5jv0,5.96
1lhu,8.83
6d1g,4.47
1c3i,5.8
3kwf,8.17
4ufm,3.72
3wmc,6.51
4gkh,4.67
1o3p,6.66
3f17,8.63
6c4u,6.1
6fnf,7.89
5aqq,3.1
3mfw,3.52
4jx9,8.62
6gf3,4.84
2za5,8.43
6o5a,6.29
3sbh,7.28
2rfh,6.82
1nox,7.05
4qo9,6.8
4mka,9.0
6me4,9.92
1jd5,6.62
5dif,6.23
3s2v,6.8
6r4v,5.76
5zhm,6.14
4kpx,7.3
4zun,4.59
4pnc,5.43
6qab,8.21
1fq6,7.86
5nev,7.36
4ezo,6.52
4wf2,8.1
5o45,8.05
1qxl,7.96
2j9n,4.7
6mr5,7.3
4n6y,7.04
2csn,4.41
5jf8,5.85
6fav,5.33
4cj4,3.36
6i66,6.74
5v2q,8.28
6ahs,5.82
4std,10.33
4css,8.46
3mz6,7.2
6dgo,5.47
5yu9,6.74
5meh,6.32
1ukh,6.38
2ow0,6.7
4kwo,6.45
4rn1,5.0
2rf2,8.44
1abt,5.85
5jt2,7.47
6bmv,4.68
1c2t,6.59
2vtt,7.36
3iuc,5.66
2qcn,5.0
6dlx,3.32
2rku,8.3
5vc5,7.96
3p17,4.48
4na7,9.7
6bgu,6.28
4hy1,8.7
2vvo,2.2
5wic,4.64
5vqu,5.11
5ncq,6.96
2wyg,8.7
6db3,7.25
4ocx,11.44
5xxf,5.74
1xuo,7.16
3n0n,7.3
2rny,3.66
4dpy,5.37
3rz5,7.89
5cin,7.74
4bxn,8.0
6b5r,8.77
2il2,7.1
5bs0,7.12
5a3o,4.73
6h7y,9.46
5km5,6.92
4ue1,8.0
6q92,6.1
3d6o,4.11
5j6n,7.77
4efs,8.6
5zo7,9.0
3n2v,7.51
2n14,5.33
4dru,8.62
6c7b,5.82
4efu,6.6
1h28,6.52
3rxi,3.06
4rqk,5.82
4gg7,8.2
2c6e,9.1
5m4i,7.89
2qnp,6.41
6pic,3.39
4lbu,6.56
6dtw,8.26
1hos,8.55
2xni,7.37
2y8l,5.82
1q6k,7.59
5hd0,8.4
4oas,10.0
3ohi,4.85
1npw,8.7
5a7c,3.74
2j77,4.89
5jz9,3.57
1esz,6.52
6fu1,5.36
4anb,8.18
4eym,4.01
4b5b,6.41
2f18,4.1
3ocb,8.3
4pdk,8.22
5nn0,10.96
5o0a,3.24
5q18,7.17
5zob,5.96
4tkg,6.85
1xws,8.0
5n20,4.21
2wva,10.7
5hkm,7.89
1m2p,6.11
4o44,7.85
1bma,4.59
3bjm,8.3
2c1a,6.77
2wei,8.47
4qn7,9.08
6e7s,7.18
4rz1,7.4
6i5i,8.05
1oqp,7.3
2nsx,7.2
1qkb,7.35
3lhj,9.51
4mvw,7.55
1t4j,5.1
3cbp,5.6
1i5h,4.28
3ttm,8.52
4rra,4.87
1los,7.19
2f1a,3.14
3wch,7.05
4uu7,6.08
5nho,9.52
4o4r,6.06
2xno,5.93
3ns9,8.52
5zdg,5.42
2qzx,8.22
6b22,7.38
6cj1,5.27
3tjh,5.41
1j7z,7.7
4k3k,2.35
1rbp,6.72
3wf5,7.09
4uwh,8.52
1hmt,5.79
6d15,4.48
4psh,8.89
3gxy,5.59
1qxy,4.8
1bjr,7.68
4ynl,4.62
3pqz,4.46
5q12,5.33
4gzw,4.52
6ic2,6.04
1utp,1.44
6qto,4.64
2wi6,6.64
2qmd,8.3
5i2e,6.64
6pf3,4.55
2vwy,7.05
3p3g,9.74
5dva,3.55
4m7c,6.12
5hip,6.05
4a4h,2.77
2pmc,4.19
4cki,5.96
1p1o,5.76
4r93,7.8
6g4m,6.6
6gfy,6.61
1qjb,6.38
2p8h,7.15
2gg0,5.77
2k2r,2.89
2w08,3.42
6g4y,8.82
5aag,7.34
6qr4,6.23
3fcl,3.5
3d7z,7.92
6n9h,4.26
1o4d,3.52
4zuq,6.89
5izk,6.72
4fzc,8.4
1i00,6.34
4gja,5.92
6pgb,4.6
4jr0,8.2
3moe,4.3
6eqw,10.65
5lkr,5.48
4myq,7.49
2zfs,6.54
3ps6,7.74
6nu1,4.51
5ncz,9.1
1rzx,4.1
6t1j,4.74
6qs1,5.61
5xpo,7.08
1u59,7.25
3zpt,8.51
5v1d,6.7
2vwo,7.51
1b7h,8.02
2wed,6.1
4lq3,6.35
4e67,6.48
5d3s,5.89
1gi7,4.51
2ll6,10.0
4msu,5.85
5am4,6.95
5m17,3.66
5ov8,4.74
2vw1,3.52
2k7l,6.15
5jf3,7.42
4aa0,7.46
6h7n,8.46
4j04,4.96
2x4u,4.32
3b24,4.38
6cvx,7.68
4g69,5.98
3iiy,4.8
6r8r,7.07
5i2f,6.49
4nro,5.02
5tbn,5.44
3dv5,7.66
6b4d,6.11
5uov,10.6
4msn,4.03
4yl3,8.15
5mnr,5.46
3wp1,4.85
5m3b,6.92
4i06,7.17
6b7f,3.87
2xb7,9.19
1c5s,6.0
2xuc,4.1
4m5r,3.0
2g96,4.28
3src,3.89
3bb1,3.6
1gny,4.14
5lzj,3.9
5lgs,7.06
3r5m,4.34
4nb6,7.22
2v95,8.3
5nat,4.7
6hm1,6.04
6gva,8.22
6czc,4.78
3r4o,8.15
4z5w,5.81
4mk1,4.8
1fpy,6.0
1b2h,4.54
4tim,2.16
4pqa,5.55
4g0y,2.3
5b56,4.54
6o0m,9.34
2cmc,5.76
1u2y,1.74
3t9t,8.71
5om2,4.06
3eqs,8.48
1cp6,5.0
5i23,7.29
3ck8,3.84
1tkt,6.15
5vqr,5.92
1fkh,8.15
5wlt,6.81
3ig7,7.2
4eoy,6.49
5wqk,6.3
5cks,5.51
6dh7,9.88
5c5h,6.4
4p7m,7.41
4bzr,7.6
3qak,8.32
5k03,4.74
6n9t,4.15
2uwl,8.4
5hx8,10.0
3el7,6.32
3a4p,7.55
1oth,7.0
4oq3,8.1
3bqc,5.73
1hvj,11.4
5fnj,2.29
3n5j,5.22
5mte,6.78
3i28,8.22
1uyg,4.27
3rl7,4.74
4pd5,2.86
3hzm,5.52
5i88,6.6
1ax0,3.13
2uzj,4.57
6bgz,6.39
3lbz,3.86
2hk5,7.34
5xyx,4.84
2wxv,8.7
1ec9,3.1
2v2h,3.77
4ris,6.05
4no1,7.57
4e5f,4.82
4aia,3.66
4j1i,7.4
3buf,3.1
5lgp,7.04
5ar5,6.3
2jh6,7.77
6hs4,5.51
3k98,9.0
6nvl,7.95
4eox,9.55
3jzo,8.52
2y68,3.6
3ebl,6.3
2i0g,9.72
1utm,3.01
2r1y,4.51
5j31,6.51
5ukj,7.16
3su6,6.02
5fhm,5.09
4f20,3.29
4kiq,7.64
5l8y,6.4
4whr,4.12
5jha,5.9
3fyj,8.3
5gmp,9.1
5zuj,4.78
6b98,4.65
4i9c,5.51
6axp,5.07
2qlj,5.36
6imi,4.58
1vcj,4.59
6h0u,6.77
4jg7,6.92
4anu,7.68
6hk4,8.55
3ewz,4.1
6mck,7.92
4ks3,6.37
6mvx,5.14
1xur,5.18
4ybs,7.24
6i62,6.8
2eg7,5.89
3kec,7.24
6no9,10.52
1o37,6.82
6b7c,5.14
3gf2,1.7
6gy0,7.32
4mwr,9.39
3k9x,8.4
4egh,3.26
3hkt,5.39
2xk4,4.77
3rth,5.21
3n3j,8.48
1q63,5.85
2qnx,5.62
2pwr,6.59
1b1h,7.03
5mrh,4.2
6hzu,8.26
4ks1,8.82
4z0f,5.77
6jan,5.79
2wky,8.59
4i7p,3.5
1a8t,5.8
5f1l,7.68
6hsk,7.03
4urm,8.05
4q0a,6.48
5ddc,7.04
5vnd,6.49
5oje,5.21
2wej,6.08
4qgf,7.16
6ayt,8.85
6mo1,6.54
3qd4,8.2
5dhg,9.14
5cte,7.8
2fm2,8.15
4lpf,3.51
4an0,10.7
4ksp,8.8
4ejn,8.3
3nu5,8.35
2y3p,5.89
4luv,2.85
5lcj,6.64
1w4p,4.74
2pj6,7.31
3e73,3.15
2kp8,4.0
5j7g,7.24
1hii,7.28
2ha0,4.43
5vqs,5.7
3shy,7.04
5flq,2.97
4hdp,7.51
1v2p,4.73
4qsv,2.0
2w17,8.7
5w13,7.66
5exw,6.82
4fut,6.51
2boh,8.52
5ckr,7.76
5c0m,5.85
3l7g,3.3
1oim,5.32
6mlo,6.1
3g5y,7.46
5dnu,4.11
5am6,6.73
3mn8,6.17
1biw,6.98
3m1k,5.39
5zwh,8.72
2hb3,11.35
2glm,5.37
5tys,10.72
5ali,7.07
5jfu,8.07
1f0s,7.74
2r2w,4.47
6omu,8.7
3v5p,8.96
4b6s,6.01
1hpx,11.26
5d3x,6.36
4qjr,7.1
4i7b,5.7
5yas,3.26
5yie,5.25
5gs4,7.07
6hai,7.94
1xk5,6.0
2xez,5.82
4zv2,2.93
2mas,7.52
3kc1,9.0
3qtq,5.51
1vwl,5.63
3pn4,6.85
6dgq,5.51
5nn5,5.47
6o5x,7.66
5tri,5.06
3vtd,7.92
5iay,5.8
6i75,4.64
3f68,5.06
4yik,6.89
6nu5,5.15
5enk,8.1
1jwu,5.34
6cn8,7.2
1nny,7.66
3agl,7.8
6hgf,5.02
6f1n,6.26
3csl,7.22
6f8x,4.77
1au0,7.66
5d3p,5.13
4jpe,7.32
6giu,6.66
4o15,8.7
4yo6,5.66
6af9,5.49
5thi,3.61
3ery,5.66
5h5r,6.21
2v85,4.46
2q9m,7.21
3llm,4.74
2khh,6.56
3ttj,6.68
2clk,3.79
3pn3,6.4
2zxd,5.22
3lk1,4.26
5cfb,7.28
4rj3,7.03
1qq9,2.06
6m8c,5.66
2xk1,5.74
4xiq,7.07
4n5g,5.0
2bb7,5.67
3lk8,7.71
6cjw,5.74
3s3o,7.57
3nee,5.34
2vwm,7.03
6i74,5.47
3qs8,4.74
2bes,4.24
6iar,7.6
4a9c,4.61
5x5g,5.83
5d6j,4.44
2oax,8.65
6v1c,4.19
4oon,7.52
5dsx,8.0
5izj,11.52
4wov,7.14
6h50,6.81
1o44,8.52
2y7z,8.7
1dif,10.66
3o9g,12.3
2ohs,4.4
5vd3,5.55
4loh,6.96
1ahx,3.92
1flr,10.0
5eis,5.74
6rn7,7.3
4v04,8.11
5xaf,5.77
3ekn,8.4
4mm4,6.37
3l2y,4.49
5jar,5.7
4cqf,4.3
5hdv,7.82
6ghj,2.16
5tq1,5.49
4djx,7.23
4dbm,7.62
5m57,4.92
4a6w,5.72
3al3,5.68
6npu,6.4
5zh4,5.14
2hhn,7.49
6csq,6.39
1ro6,6.46
5lo5,5.87
5a2i,5.06
1q6j,7.8
5nhp,7.64
3iqi,4.41
6cw8,6.57
4alw,7.57
2d0k,5.02
2q6f,5.44
4ikr,6.23
4f14,4.89
5w7u,8.05
1bai,7.7
1lan,7.22
6hrw,6.0
4wyy,6.0
1jev,6.89
2cne,8.77
4qpl,7.41
6e13,6.7
2yir,9.77
6hu3,6.3
3s8o,6.85
3o99,10.82
2uz6,8.77
3ant,8.07
4im0,7.72
5qas,3.72
2w78,8.57
6gla,7.57
6qln,4.66
4zcs,4.33
4jit,6.64
5aln,6.57
3f3t,4.59
4txs,3.0
2ohq,4.6
2xag,4.55
3vw6,7.85
5tef,5.4
5v37,9.47
5ekx,2.03
4obv,0.75
6oko,6.74
2g2r,7.89
3itc,1.6
4wx4,9.22
2aoi,4.01
6cmr,6.61
6hgi,6.22
3fvh,6.35
3jrx,9.0
4ufd,9.68
5db3,7.92
4tkh,5.74
1k6p,7.36
1hxb,9.92
1fo2,4.7
4bch,7.66
3qs5,4.71
5tza,9.0
6q3q,4.45
5i8b,6.96
2f89,6.48
6g9i,3.93
4h3g,8.22
3qkk,6.52
2imb,4.22
4edz,8.08
4gjd,8.52
5tw5,7.42
2c1b,6.4
3u90,4.62
6if0,6.51
3l4u,7.52
4ajk,3.11
3vsx,8.85
3zh8,6.47
1ad8,6.6
3avb,4.07
3c2o,3.35
3fci,5.89
2jdk,6.54
4zts,7.6
4jzd,8.3
4q1f,8.04
6dzx,5.46
6s7s,4.77
1d4p,6.3
1bzh,6.77
2g19,5.85
4zyv,7.66
6mo8,5.84
6aec,6.15
4e3h,7.05
4gv8,6.49
3zdh,7.35
1amn,13.82
1y2d,5.7
1inq,6.27
5av0,3.55
1cea,4.96
6do3,8.03
3ivv,5.43
4zwx,8.7
2a58,4.92
4x34,6.12
1ivp,7.52
6mqe,11.29
3qo9,5.92
4l1u,5.26
5ety,7.51
4l3p,5.92
5vll,6.37
6bhe,4.62
6agt,8.4
6pnn,5.16
4phv,9.17
5fl4,7.0
3mof,3.07
2oei,3.91
6f1w,7.96
3c1n,5.5
4gxl,5.28
2bzz,6.43
2z7i,7.0
4rg0,7.3
1g4o,8.25
1bxr,3.4
5hm0,6.36
1e3g,9.0
6ct7,7.0
5w4v,7.15
4tqn,6.11
5ep7,5.4
1jeu,6.82
5mod,3.52
4p3h,6.0
3l3a,6.38
4qfs,6.05
6fdu,3.69
2o3p,5.96
5ivc,5.92
2pou,7.42
4l19,6.1
2h03,7.05
1kuk,3.91
3tkz,5.92
3ggw,5.54
5yhl,7.74
4c1f,4.63
3zxh,8.52
6fzu,3.67
3skg,8.1
2hwi,5.52
6bid,5.54
5unj,6.62
3cgy,3.15
6dgy,11.3
3tz4,5.49
3kr0,4.7
6h96,8.68
2f8g,8.7
3vyd,6.39
5owa,5.46
5ha1,7.19
5a7i,5.26
5hvu,7.89
4uac,6.54
5l6h,6.62
2oxy,6.52
4flj,5.13
2y0j,7.92
4ruz,7.64
4z1j,8.11
1mnc,10.34
1nq7,6.8
4idv,7.4
4abf,4.62
2qnz,5.42
2b7a,9.0
5zmq,4.74
6pg6,3.7
4pyn,4.52
4gbz,3.11
1dzj,5.89
3gsg,2.7
2oqs,5.89
2jdv,8.2
2ank,7.33
5el9,7.64
2yay,6.1
5j6l,7.89
1p4r,8.1
2w5g,6.07
4bgh,8.4
4rpo,7.64
2r5d,10.15
3v5g,7.13
5n8w,6.33
2zcs,8.22
5sys,7.36
2v2c,3.41
2iv9,4.34
5x33,8.49
6mv3,3.33
1jwt,7.85
4rxz,6.74
4bqw,7.48
6mrg,7.55
2j2i,6.7
4ec4,7.6
6fjf,8.17
1jzs,6.6
4exg,8.07
5eqy,8.0
4wz4,6.44
2xef,9.84
4yzc,8.52
3juq,4.91
3fq7,2.52
3skf,8.3
1vfn,5.6
6c1s,8.52
1g9s,3.61
5k8v,6.34
9abp,8.0
5iyv,3.87
5dgm,6.4
2c3k,7.59
3fun,6.72
4ikt,6.17
5wio,5.03
3ivx,5.74
2igv,2.23
6ht1,7.11
5mw4,11.7
5q0m,8.1
5knr,5.85
6pid,4.54
2nn8,3.59
4ztm,7.6
3duy,5.85
4mp2,5.45
5fv7,6.74
2w73,6.52
4fai,6.99
6nkp,6.52
5b5o,5.72
6nzv,10.17
3vw0,4.67
4hv7,3.52
1qy1,6.52
3da6,8.7
1ove,9.13
6gl3,7.96
6f6n,3.02
3bl7,8.4
6mj4,7.72
1sqo,7.46
4arw,7.13
5eek,9.1
4kwg,6.0
4ywa,7.55
5upf,8.6
3hec,4.47
5wep,6.36
3ue4,8.96
3t3g,5.49
5t1i,3.92
1qj7,8.1
4b3d,2.68
6p87,4.6
6hcv,8.3
3m6f,8.6
3uzd,5.05
5vdq,3.67
1lgw,4.0
1c4y,7.92
2lsp,3.56
1p28,5.42
6hkx,9.34
4occ,8.7
3i02,7.52
3g6m,1.71
2a4l,6.4
3bl2,5.8
2lty,5.38
4zt4,8.0
1rr6,10.25
3efj,7.41
1sc8,7.44
3upv,5.3
4bw3,6.3
2mwp,6.05
3kce,4.8
5hed,4.44
3k7f,7.7
6ea2,6.55
5n9t,6.66
2wqb,6.27
3i81,7.89
6pit,5.92
4q4s,6.95
4oee,5.76
5ih8,6.74
5hu1,8.66
2ha5,4.34
5nk3,7.42
1qca,5.27
5j9l,7.47
2vin,3.0
4b3b,3.6
5fxr,7.42
1dg9,2.74
4esg,5.56
5q0v,7.69
6q89,9.85
5vrp,8.89
1b9t,5.1
2xpa,5.39
4ibg,3.97
6gy1,6.3
3lfn,5.5
1ule,5.92
3l3l,7.48
1lf8,5.46
6mbp,5.95
5ya5,6.72
3as0,4.55
4uub,4.76
4ewh,9.52
4yqu,6.66
3fn0,4.4
4zw8,5.96
6ic7,7.11
4inr,5.59
3zxv,7.31
6qrg,5.0
4og4,6.02
6q9q,6.84
1aku,6.13
4oq5,6.3
5tg6,4.55
1idg,7.19
5gow,4.45
4eu0,6.4
5eec,7.1
1nmk,8.24
3i6z,7.3
4l7d,6.12
6mum,8.41
6rj2,7.0
4pz5,6.92
3exf,6.54
5jyo,8.52
3mo0,6.81
5kh3,4.22
1b56,6.1
4mr3,5.94
4frs,8.77
4omd,9.01
6bkh,8.89
1mik,6.35
6bl1,6.96
5tx5,7.8
2oc9,7.96
4mse,6.16
3sff,6.7
1jet,7.25
5ho7,4.77
1i8h,4.54
3qbc,4.97
4ezr,5.2
5le1,4.97
5h6v,6.68
4ibj,4.33
5lz8,6.01
6p84,4.81
4ujb,8.0
5ayt,6.77
3hs9,6.31
3zlk,5.88
5v82,10.15
3rbm,6.57
5dh5,9.64
2ihj,4.59
2oz7,7.85
6fni,8.22
5kmf,6.29
2xfk,8.52
5oh3,3.87
6ior,4.31
2igx,7.27
3ft4,5.93
4m7b,6.7
6cn6,8.3
2aof,4.55
4acc,7.7
6h4u,6.16
5dy5,6.79
6o48,7.12
5uwl,8.03
4li7,6.11
1kf6,6.7
4j1k,7.89
3fql,7.15
3d9n,4.05
1txr,7.74
6hvj,7.55
1m7y,10.96
2zof,8.15
3zev,8.64
2xbw,8.0
3gkz,8.0
5nmf,7.42
2o4j,10.1
4zpe,6.35
5erg,4.35
2afx,5.15
4q1d,7.78
3g70,9.4
3dc2,3.02
5kh7,3.66
3g2u,5.27
4m4q,7.96
4j86,3.77
4uvc,6.88
1b55,7.4
2a5u,8.1
5mhq,6.96
5d1s,5.02
2vx9,7.44
3ha6,5.68
2xqq,4.82
1fyr,5.62
5j58,7.3
4l2g,6.68
2psx,5.77
3ara,6.49
6g22,7.56
4y8y,9.15
4ck3,3.57
5t9z,7.19
4aw5,6.12
5e0g,5.8
2wzs,3.85
5ndd,6.46
4xtt,7.37
4yxo,7.04
5w7j,6.1
3s77,7.21
4ux6,5.92
2vzr,4.28
3mzc,6.65
6ugn,6.12
5lvx,7.25
3d20,8.3
2zq0,6.82
3owk,5.82
3kag,5.18
5eij,5.31
1v2m,4.29
6r7k,7.3
5trr,7.39
4aof,7.1
4enx,6.26
3vry,8.11
2vsl,8.4
4zjw,6.66
2zis,8.55
3su4,6.26
4o76,6.89
5gtr,7.17
1q6n,7.64
4o0t,5.54
2xfj,7.89
1gar,10.0
2bqv,8.05
5mn1,2.48
3nef,5.94
6ce2,6.3
4tk2,3.72
3qpn,7.77
1xnz,6.62
3mwu,8.05
2oi0,7.55
4us3,5.32
3ov1,5.2
1r10,3.83
3saz,6.1
1nm6,10.05
4jz1,6.7
3hqz,9.38
4b8y,8.05
4qlv,7.85
4mwe,5.91
1bwa,8.6
1bdq,6.34
6nti,4.57
4jj7,6.4
4agd,8.41
4knb,7.33
5y6k,6.07
4lwv,8.22
3t6r,5.66
2vww,6.62
4x7h,7.38
1tl9,5.52
5wfj,8.89
5vsc,6.29
1xoq,9.17
6hzp,1.98
1g7f,5.47
5zk5,8.37
5hbh,7.31
3ime,3.0
4gvc,4.71
2p3g,6.9
5lyy,4.85
6dj1,10.51
5w5v,6.1
5j3s,7.72
4xh6,5.57
5cs2,8.4
4l6t,7.49
2uue,6.13
5i2r,7.72
6hth,7.12
2oji,7.07
5ak0,7.68
4exs,4.41
1b8o,10.64
3cs7,10.68
5q1h,5.1
4ehg,7.19
2h2h,4.98
5hm3,5.17
6dz2,8.85
2pk6,10.89
4xta,5.43
1tkx,7.54
3bex,5.57
3anq,6.74
1vja,7.7
2gbf,7.92
5z4o,3.28
3eft,7.92
2w0z,4.03
4b80,4.4
4o61,4.3
6nad,9.3
3v5q,7.4
3bkl,6.17
1udt,9.3
3a1t,4.83
1osv,3.48
4i5h,8.7
2qn3,5.36
5w6i,6.9
6ny4,8.52
5ab9,6.33
5als,7.72
4n1b,5.96
2n27,6.55
3tn8,6.13
4fp1,4.57
3mmf,7.43
3elc,2.69
5hoa,7.19
5hv1,4.1
3lpp,6.22
5h9s,4.06
1sm2,8.0
4ajw,5.86
4f4p,9.22
1n1v,3.85
1ol1,4.68
5al4,6.52
4r3b,6.25
5efh,6.1
2c6m,6.46
3o57,10.1
2zz1,4.54
5akg,4.46
5zys,6.27
4nzn,6.38
6dy7,4.18
4meq,3.6
3g90,6.36
3d1e,5.77
5lgo,8.22
6enm,8.32
6n3z,6.59
4mrz,3.52
6ggg,9.2
2qch,3.6
1r0x,3.83
4zph,7.51
1o3k,6.77
2yb0,3.85
5iha,8.05
5hey,5.66
2b8v,7.01
5jzy,9.82
4luz,4.7
2m3m,5.02
6agp,5.05
1m5d,5.04
5mrb,6.33
2xng,7.22
5kab,4.68
1h8l,7.47
3ctr,5.16
1v2j,3.25
6u6w,5.33
3nuj,9.39
5nr8,6.76
3b7j,5.17
5zeq,8.82
3qxd,6.15
2ll7,8.8
2o9k,4.11
1yc4,6.55
3vbx,4.77
6eqs,6.43
4hbn,6.1
3kba,7.8
5tpb,2.59
1xxi,5.52
5tkk,8.28
1sw1,7.3
5o3q,5.68
5yea,8.3
4pnr,6.34
2fv9,7.22
3nkx,5.12
5o1s,3.65
5aux,5.0
6g27,3.14
4qvv,5.15
3ijz,5.22
2xx5,6.7
2lnw,5.85
6afe,5.36
1lnm,8.7
6cfc,3.68
4n9a,4.19
5zlf,3.48
6aao,2.11
4jhz,6.02
5u0g,4.58
4jaj,5.26
4dlj,5.92
5mkj,4.31
4nrb,4.42
2ohp,4.03
4bvb,4.48
6mi6,4.54
5dlv,4.98
6dgx,11.3
4qvn,5.1
4n7j,5.47
4zt2,8.0
3sjf,7.64
6i67,6.7
5dhr,4.64
3ikg,7.24
5nzm,3.9
4hxr,5.39
6k2n,1.36
4wkn,9.72
6bu1,7.22
1gyx,2.48
5fdr,9.44
5os7,3.69
4hxw,8.7
3l5f,6.22
5dey,8.43
6dyw,10.44
5jh6,8.48
2nv7,8.3
5qab,3.65
2f6v,4.43
4io5,5.03
3ao5,2.23
3u1i,5.25
2vwc,6.62
3cyz,7.22
4dhu,5.3
1b5j,7.43
5ypw,4.64
6d1i,4.09
3aya,4.33
1akv,11.59
1ony,6.77
4ura,5.5
3s54,9.64
2vnm,8.52
3kf4,9.3
1hef,9.0
5mwz,5.15
4og7,6.94
4uix,7.3
4ju6,6.17
3ouh,7.1
3q3t,7.43
3m57,5.4
6co4,7.57
3oyw,4.11
1ecv,4.85
6eq7,7.0
4jss,3.3
2qlf,8.85
1dtt,8.3
1n7i,6.59
3sdi,8.33
4ttv,6.68
3cbs,7.24
3l16,7.48
3br9,7.21
3mvj,5.49
4tln,3.72
4amz,9.82
1j4r,7.72
1q91,4.15
2iu0,6.89
1aaq,8.4
5zcu,5.67
2e2p,4.74
3f5k,4.62
5iql,4.56
4o7c,5.0
6pg9,4.92
4hyf,7.6
4eh3,3.53
1tl7,7.92
5lss,6.31
4foc,8.52
1w84,4.46
6bnl,6.96
5e2p,8.8
2v11,8.52
5oqw,7.4
3k5g,8.6
1w5w,8.8
1ka7,6.22
1m48,5.09
4yym,3.62
1eld,6.7
4m3f,5.31
3srb,4.19
5ful,4.74
4k6w,5.35
2ggb,4.92
6mul,8.2
1vea,7.52
5wa4,5.89
5adt,5.65
5dpa,4.65
2baj,8.4
5kbq,7.0
3oqf,7.04
4otg,7.59
5wo4,10.0
5n9n,9.39
5wbr,4.77
6qlr,4.82
5nzo,2.24
6rjp,8.96
3dp4,7.37
3py1,6.89
5wf5,7.65
5uxn,4.64
2pll,8.3
2p0x,6.31
1z1r,9.22
1pbq,6.27
1zp5,2.92
5h85,4.7
3c4c,6.8
5mxf,3.59
4i6h,8.3
5igl,7.37
1xa5,6.5
2fts,7.05
3voz,6.85
1prl,4.23
1r5g,7.52
6oxt,9.95
6hva,6.28
2xk3,5.68
5bvf,9.72
3my1,5.45
4l2l,5.7
7lpr,7.18
1ikw,8.6
4bek,4.39
4u0c,4.31
5azg,5.54
5uox,8.3
2vqt,6.0
1w6h,9.3
5myn,4.52
5cqj,4.81
4i5p,6.42
5t97,7.77
3old,5.9
4qq4,5.74
5a8z,7.55
2ew5,5.9
5i0l,7.74
2k1q,6.22
3wb4,4.44
2xs0,5.15
5jjm,7.51
2b53,6.22
3k3e,7.66
1lb6,4.08
4hyu,8.21
1j01,6.47
1uj6,3.05
1x11,6.49
4zro,6.16
3v7t,7.21
4y83,7.77
2hxl,7.92
1ewj,7.49
3qx5,4.2
6k1s,7.7
3nwe,7.6
5ywy,7.23
5f2f,6.92
6acb,9.41
4bw2,5.2
4pnu,4.89
2b07,6.43
5lt9,4.19
2l98,3.61
2h9m,4.46
5wf7,4.01
1swk,12.0
1b42,4.01
4bid,8.1
3qup,6.32
5auy,5.8
4jn4,5.86
3qpo,6.61
5ula,7.11
1jg0,5.3
5ggl,1.78
5fao,7.96
3sn7,9.15
1s3k,6.62
6hni,4.03
6h1d,5.6
6cyi,5.04
3e90,7.39
1ke6,8.24
4yho,10.74
3ms2,3.72
1i2s,3.31
4ocz,9.18
3dkg,5.0
5uqx,6.21
5nt0,6.55
1met,9.4
5w1v,4.43
5sz7,9.7
4bah,8.7
3gcs,7.25
5kya,8.22
6rw1,5.88
5bpa,9.0
4yjl,5.96
3cr5,4.19
2zp0,7.6
3gi4,10.8
3fuz,6.54
4r3s,8.22
5dp9,6.08
4bny,7.1
3gdt,7.19
1v2v,3.37
3vp2,5.1
5aei,8.96
6fgq,7.85
4ab9,3.33
2wxi,8.15
6ajj,6.8
6e05,4.26
4bcp,6.25
3o96,7.24
4je8,5.21
5os8,3.98
4odk,3.8
5oh4,4.55
3f34,3.16
6ps5,8.43
5vse,5.97
6c9p,5.64
3f66,6.05
4lp6,8.27
1nw5,5.21
4ea1,6.44
4leq,6.54
6nao,6.7
1ez9,5.1
1moq,3.46
5aqh,2.46
6fmf,5.88
5yum,3.65
4e3g,4.97
6ega,6.78
2qi0,7.38
6dil,8.12
6qr7,7.15
4erk,4.57
4xpj,5.09
4kiu,3.85
4lhv,10.0
2yc0,2.82
5tq6,6.91
2yj9,7.02
2yi5,7.41
6mx8,9.43
5i83,5.39
4prb,3.88
4o3f,5.56
4jbp,7.39
4r4t,6.26
3kqb,9.3
1f4x,5.59
5o3r,5.0
1so2,9.57
5yy6,7.62
1dpu,6.0
2aqu,9.32
1n0s,7.45
6moa,7.08
5l15,9.57
5zms,5.23
3prz,7.59
3ff6,7.15
1btn,4.4
6d40,9.85
6c3u,5.4
3ftv,2.93
2pj8,7.74
3ft2,7.36
3c3o,4.36
3vnt,8.66
4tpk,8.57
4e34,6.01
2zu4,7.42
3er3,7.09
5mft,7.47
1rsd,6.52
3dnd,4.8
1e03,9.4
1x7e,5.97
5g1n,7.77
5kde,3.89
3gus,6.05
6c8p,6.7
3udm,4.48
5alf,6.69
4trz,5.03
2o0u,5.49
4xoc,8.52
1f73,2.39
2oqv,8.4
5ou3,6.21
6dub,4.74
5k05,4.96
5vlk,5.26
1y0l,9.0
2l1r,3.57
2q7y,4.3
2anl,6.96
2f2h,5.7
4drp,5.41
3ptg,7.6
3d83,8.36
6h9v,0.66
6gfs,6.54
3o0u,7.92
3po1,4.02
5kzp,7.15
4ymb,6.21
3qcy,7.7
6got,9.4
2in6,7.64
4ydn,8.64
6pt3,9.41
1qj6,7.74
1w9v,6.34
6e7t,6.89
6byz,8.37
1g9t,3.28
2mov,7.4
2wih,7.35
1gi4,7.19
4uau,5.89
4bps,2.99
2jkt,6.51
3q4j,6.21
6h7o,9.85
5ke0,9.7
2a14,5.7
4nja,6.22
6k05,6.56
6pga,4.54
6mjf,5.16
2fwy,6.7
3sz1,4.66
1vyg,8.0
6qho,6.2
6pml,3.09
3h8b,6.29
2wot,7.36
3kvw,6.89
2rd6,8.3
5hjd,5.24
4xas,6.59
5a7y,4.48
5fdo,6.44
3t3i,4.77
3ern,1.72
1bug,4.37
4obq,7.19
4qfr,8.13
3el8,7.6
2yof,4.6
5ti2,4.62
4lkf,5.37
3m8q,9.52
5m6h,6.82
3s53,9.64
5y1y,6.01
5lgn,5.54
4a4q,9.4
5a5p,4.0
4xip,6.63
3muk,3.42
2yoj,8.3
2zz6,6.72
4qwu,5.51
5om7,5.74
4d8c,8.7
3dsz,7.77
5yyz,4.18
5ehi,3.34
5usy,7.51
5ey0,2.65
3p4w,4.57
1ong,8.05
5wej,4.82
4ps8,9.0
3s8x,7.3
2wxp,8.52
5lz7,6.28
6chl,8.05
4f1s,8.7
6i97,8.18
6sfc,5.28
3iu7,4.8
5win,7.03
1g2m,7.4
3hku,8.3
4d89,8.7
1t7r,5.96
5lbq,5.11
5trs,8.0
2j7x,8.77
6i17,6.6
4mk5,6.35
1t08,5.51
3ujc,4.59
6aaq,2.41
4c2v,9.0
4k66,3.26
2gvv,3.9
1pyg,5.52
4g8l,8.0
3hqh,4.2
5oxl,3.25
4g0a,7.6
6exi,5.05
4zup,6.77
2w6p,6.48
2l6e,6.0
3r9n,5.85
4zw5,4.43
5n6s,8.09
4b3u,5.33
1yw7,5.85
5f61,7.46
6n5c,6.43
4az0,7.42
6dh6,9.93
5np8,4.62
5t4u,5.32
4zyw,7.17
5lrj,8.72
6aro,5.15
5fe6,2.16
3eyu,7.62
3gk1,4.1
3ckp,6.35
4pid,4.62
1f92,6.19
6upj,6.32
6e4w,6.7
4ryl,7.28
3b0w,5.7
3vtr,5.57
4dsu,2.82
5c1m,10.8
3qxm,7.48
3ffu,6.44
5xpp,7.44
4jai,8.4
5kbe,6.34
1jif,6.2
3piy,6.54
3upf,6.7
2vth,3.92
2wm0,4.52
5n8e,5.33
3t4n,4.14
4gw8,6.06
3hhu,7.39
2p8s,7.68
5xwr,5.98
5v41,6.15
3e9i,6.22
1ew8,2.26
4ode,10.0
5vc3,7.11
1ao0,4.96
2xog,3.43
6op9,9.28
4zqt,5.64
6pve,7.37
4e90,8.1
4yje,4.84
2q7q,5.3
3heg,6.74
4a9r,7.8
5oq7,6.49
3ipb,6.7
3s7l,7.1
4qxo,5.51
5aly,6.73
3gcq,6.47
4pv0,9.07
4hvd,8.85
4q1n,9.7
4hwb,9.24
6eq6,4.82
1vjd,3.54
5v3y,6.72
5up0,6.34
4l3o,6.0
4wke,8.1
4btk,6.62
5u8c,7.53
2gv2,8.3
6ocq,6.7
6uyy,5.72
3ax5,5.85
4mro,7.06
5ugh,6.77
4y94,6.62
5hcl,2.22
1dmp,9.55
2qhz,7.28
1o43,5.66
4kp6,9.09
4pr5,5.66
1ga9,7.08
4k2f,7.4
1u65,7.58
5yjb,7.54
2l12,4.26
3rin,8.89
4pop,8.13
3nw3,6.49
3g1v,3.19
2qv7,3.66
6bcr,5.26
6haj,4.97
3msk,4.59
1h1r,5.64
4kww,5.55
1qaw,5.12
5t1m,5.82
3pcc,3.62
1y19,6.77
2vtq,6.85
6fng,7.14
4uy1,4.7
6ets,5.64
1qj1,8.05
5t2p,5.72
6r8o,8.22
1sje,8.22
2v16,8.22
4g1f,7.77
5oq5,7.7
1b4d,4.81
5his,4.71
1me3,7.19
3nnu,7.32
3rpy,5.32
6sal,6.58
3cyx,8.0
1xr8,6.7
3ho2,6.95
3qn7,6.8
2vmf,5.85
1nlj,9.8
2c5x,6.6
2gg7,5.76
3ck7,4.05
3ocp,7.57
5zh3,4.67
1g3c,5.8
4d08,8.0
1rd4,7.74
4zsh,7.05
6npp,6.05
1hms,6.37
3f6h,4.72
5q0n,8.06
3wtn,7.04
6dm8,7.28
1c3e,6.59
5xpl,7.7
3fbr,4.82
4uia,6.72
6fe5,9.3
4kn4,7.24
5uqv,6.37
6u5y,7.16
1no9,7.62
4e4n,9.05
6h7m,7.8
4z1n,8.23
2qp8,8.1
2wji,5.02
4ouj,2.86
3km4,8.89
1vcu,3.85
2rvn,6.77
3vs3,9.37
2hr6,4.82
5yij,3.42
6s4n,6.79
3eko,6.7
2o9i,7.4
2z4b,9.36
1ykp,2.96
1sld,6.57
1x39,9.22
1g3b,5.74
1d5r,1.82
5ax9,8.1
4eft,4.07
5jcb,4.21
5ka9,4.41
1em6,8.22
6et8,8.25
3sv2,4.19
6sge,7.51
1jij,8.52
5t2y,5.66
1tkb,8.0
6nzh,8.8
4eh8,2.2
3ua8,7.85
1mau,11.3
3nu4,8.82
3khj,7.55
4x48,6.77
5q0w,7.24
6f22,8.7
6bu0,5.96
1aze,4.22
5ia2,7.72
3w5t,4.52
3b9g,4.72
6ela,7.59
4anw,7.74
7kme,4.4
4qf9,4.43
5jao,4.0
2c4w,4.7
1gzg,3.05
1f8e,4.82
5fnc,4.11
6t1i,5.26
4xu2,9.23
2rr4,4.78
4oyt,2.81
3as3,3.8
4zsq,5.65
3re4,7.4
6c99,5.62
3p4v,5.1
3su3,9.13
5umy,6.97
6br3,8.72
3qxp,7.7
4nal,5.66
1v1j,4.82
4d0w,7.7
2gfd,6.28
4ycu,5.48
5csz,7.77
1d4w,6.92
2qlb,5.89
5vfc,9.05
5unf,9.47
3mo5,6.87
6q36,7.6
1mhw,7.35
4b1d,7.49
3grj,3.0
1o46,8.0
2v57,7.1
4xs2,5.82
1r2b,4.94
2bub,7.05
5drc,5.98
1siv,8.08
5agi,4.34
4baq,9.01
5u7o,7.14
2exg,4.3
6rih,3.98
6i14,5.82
5w2q,6.88
3udj,3.62
4hdf,8.49
2avo,8.85
1w70,3.7
4zy6,8.3
4fqo,5.16
4l0b,7.17
6cdp,8.79
5t1s,7.08
5zag,6.97
2jbj,9.7
5cal,7.66
1aq7,6.05
4r6t,7.52
5ll9,6.08
4lwc,6.72
4p73,7.66
4ayu,4.73
3t8v,6.59
3wdc,7.92
4dbn,8.15
5za9,6.74
5yc2,4.94
3kjd,8.54
4v24,8.37
2hz4,5.47
3t4v,6.3
1qm5,5.82
6mt5,4.49
1fh8,6.89
6dq8,6.59
2q1l,7.91
2f1g,7.54
6ai9,6.74
3ryv,7.07
1y91,7.23
3aau,5.05
3p3h,7.44
4q19,8.05
1lkx,5.15
6mle,9.0
3kr4,7.6
5toz,9.46
5hk2,8.59
1z34,3.38
2pqj,8.2
5wfm,6.52
2mnz,5.19
3t19,8.66
5buj,8.3
5gx6,5.8
4oeu,7.66
5jiy,6.27
1is0,7.0
5x5o,8.3
6g86,4.49
1xbb,5.3
1qyg,6.85
6c2r,9.1
3ipy,6.29
3mj5,6.49
4d09,8.77
1a4h,5.92
3dm6,7.43
4a23,5.89
4ckr,6.98
5zxk,5.48
1t4v,7.68
4mi9,3.42
4n3r,6.82
6g0w,5.28
4nrk,7.62
4cwt,6.75
6iyv,5.88
4yml,8.35
5adr,5.64
5h08,5.96
3wqw,5.23
4aj4,3.89
2wxo,7.05
2i4z,5.7
6rvl,5.94
6me2,9.37
5cgd,9.3
6q35,4.82
3nox,8.66
6e4a,7.36
4xu1,9.49
3udr,4.96
1tu6,9.08
1dxp,7.57
2wc4,5.29
3sug,6.21
4gfo,6.62
5nqe,6.15
4tyo,7.1
2wmx,6.07
6s88,6.17
2a4m,4.52
5lmb,7.8
4mq6,6.47
4x47,2.85
1avp,7.92
2j7g,7.0
1f2o,1.91
4ps0,4.04
5o4y,8.15
4utr,6.15
4j73,4.56
5v8p,4.99
3cib,7.85
4rux,7.92
1ru2,6.49
3oka,4.72
5a5v,7.48
4yqh,8.05
3ip6,6.6
4lm1,3.23
3vsw,6.89
4qj0,7.32
4ie6,5.55
3v2n,6.1
2x52,4.24
3l0n,2.77
3g1m,6.3
5jim,3.99
4clb,6.55
5cqx,5.33
4u2w,6.0
5t1u,7.16
3tpx,9.35
3dgq,4.92
4zs9,4.57
4dx9,5.3
3dhk,7.33
3sh0,5.66
6t1n,5.46
3at1,3.18
5ml3,9.69
5ot9,4.07
1tsl,6.15
2p3b,8.48
5ai5,7.03
4b4q,5.75
5dyt,7.6
5tzo,5.23
1hn4,3.82
2yfa,5.07
1c86,4.7
6fui,4.46
4wf6,6.3
5aac,8.89
6ayq,8.19
6pdj,7.38
3b1u,5.72
1n4h,6.55
4e96,6.66
3mg4,9.3
5wf6,7.83
6ej3,5.93
5ew0,6.59
3tu1,6.6
4iuu,5.65
1s5q,5.28
5aab,9.06
2x7d,6.7
1k4g,5.85
5jf7,6.04
4gk3,7.25
2r64,7.52
2qrp,6.2
3n8n,4.57
4urn,4.46
4muk,6.6
4uns,6.7
2vnt,8.0
6oxu,10.02
4zo5,9.82
4avs,3.49
4mw9,7.02
5t78,7.37
3q6w,7.57
3orn,9.62
1rlp,5.1
4rse,6.4
4x3i,3.17
3udp,5.22
5dh4,7.24
5mt0,3.3
6nzp,9.7
3l81,4.53
6nj0,6.61
4cfe,7.22
5c84,6.19
4h2o,5.52
1bhx,6.84
6cco,7.29
5j75,6.82
5o22,8.0
2vtl,4.01
2a3i,6.05
3odk,3.14
2cex,4.7
1z3t,3.94
1s63,9.05
4x2i,6.46
5q0r,4.57
4yyt,6.38
5g1p,5.2
3r93,6.51
4jgv,6.57
5fot,3.17
5trj,5.92
4hzm,4.63
4nnw,6.61
4uvv,7.49
5os1,3.31
2wey,7.12
2xg5,4.66
5icy,5.06
1bzj,4.66
5szb,5.11
3rg2,4.2
6afc,6.03
6as8,7.05
4o24,4.3
2qpq,6.37
5fdg,6.37
5nfh,7.74
4x1s,6.87
2w97,0.96
4l7c,5.13
5ouh,5.67
3i60,8.7
4buq,8.14
3px9,3.42
4w9x,7.4
6iql,9.37
2vcw,3.05
1jjk,11.06
6d4r,5.96
1rq2,2.52
4e70,5.28
3q6k,8.37
4apr,6.7
6np2,6.8
4fzj,3.15
3ubx,7.6
2emt,6.7
4w50,5.85
4rqv,5.05
3h9k,7.85
5kqx,8.44
5dtq,3.86
2igy,6.95
3whw,8.22
4lps,5.74
5qim,11.22
5zjz,7.37
1xdg,7.3
1hsg,9.42
5d2a,5.59
6mh7,5.74
3tjd,9.0
4avh,7.23
2isc,8.42
3fat,7.64
3vrv,10.54
2nww,5.48
1tkc,4.85
1urg,5.82
2ria,2.57
6dzq,7.37
1ckb,5.28
3fcb,5.31
4ce2,3.84
5n1v,6.19
6fgf,3.96
3g9e,7.72
1dzk,6.1
3lp2,6.66
3sxu,5.05
4ztq,6.32
1hrn,8.05
1g2o,10.55
6g2a,3.79
3rxf,2.6
2gni,5.64
6eqm,7.96
3nzk,9.27
2jdt,6.77
2w6z,2.82
4p58,4.6
4kxb,4.12
3lxs,8.1
4zw7,4.72
3dp9,9.68
3gw5,9.33
5mqt,5.7
5g2n,7.03
5wyx,6.66
4pv7,6.63
5ut4,4.38
2nw4,8.68
3q7j,4.52
3s9i,5.7
3wbl,4.64
5aoi,3.03
5lxc,7.97
5ct1,1.52
4jog,3.72
3kdb,9.85
6eaa,6.09
5vb7,6.72
1r5v,4.48
6d1b,3.91
6i13,5.12
4m1j,9.7
1szm,5.53
3pdq,6.74
4ljh,4.71
2g71,7.46
6ppy,4.44
5mmn,6.7
3o0j,7.19
3t07,7.8
5lrg,8.82
4o2b,5.74
2itz,8.59
6ee6,6.67
3l8v,8.1
4pkw,4.65
5a3x,6.1
1jaq,4.48
5can,6.91
4ysi,5.7
3vdb,2.52
5e0l,6.4
6fnq,4.59
3zc5,7.13
1fpp,8.0
3dgn,6.21
1jik,9.7
6f3i,7.68
5acy,8.19
3arg,7.26
6pyc,7.45
4xo8,8.96
5kmh,4.62
2cer,9.22
6g8i,5.17
4fab,8.06
1a1b,6.4
2i03,9.0
2zjv,5.14
3g1d,3.48
4bhi,7.05
2wgj,8.7
1lhg,7.1
3rak,6.89
4fyh,4.85
3m6q,7.32
4ib5,6.25
1rhm,5.76
4fiv,6.52
1y0x,8.7
6axk,6.52
4lk6,5.2
3fc8,5.39
4wko,9.47
4zt6,8.0
3mke,5.66
3fzs,5.82
5ntt,5.75
5acb,6.8
5hk1,8.37
3str,8.4
6nfy,7.8
6dqb,6.49
4hnp,6.78
6mli,2.43
3snl,9.15
3pjt,4.88
3sw8,4.5
3uxg,3.96
6gbw,8.45
5e80,8.3
3m93,6.62
1ucn,5.22
5mgk,4.0
1mq5,9.0
4crf,9.3
3b8z,6.54
2vti,6.18
6jdl,4.89
4qip,5.15
3wtk,6.53
3l9h,8.1
4fc0,7.16
5am3,8.3
3cfn,5.0
3mz3,7.83
2viv,6.28
4lzr,4.7
2y8o,5.12
3m3o,3.6
2nq7,5.54
5vfj,4.7
3e85,5.38
6nfo,5.57
1h2t,7.89
5ieg,5.74
2xpk,11.3
6njz,5.01
6es0,5.65
3sud,9.85
2oc1,5.37
6gpb,4.85
4jvq,6.2
5nzn,3.66
1c4v,10.8
3c79,7.2
4zy2,7.22
1b58,6.59
3rxe,4.76
3lpr,5.96
5j7b,8.3
4qmx,4.96
3pp0,7.96
3uo5,7.41
4c70,3.52
3py0,6.89
2gfs,6.15
1ocq,5.19
2xn3,5.92
5nhl,9.52
3d0b,6.54
3djv,4.55
4x5r,7.85
4py1,7.19
4g0k,5.37
3bla,8.7
2wb5,9.13
5lz4,5.7
5d3l,6.06
5q0j,6.62
3tnh,6.46
5oui,4.03
3v2w,7.11
6imt,6.6
3zmh,5.28
4a4v,6.54
3u7n,7.95
4ydg,7.82
5k0i,8.7
5abh,8.77
6ekn,6.29
4e3n,10.3
2ydw,7.34
4fcd,9.55
3qw6,3.52
6eeh,6.54
5b4l,9.12
6itj,7.97
4k6i,6.2
3lcd,7.4
2ou7,3.81
3i7i,6.21
5g5z,5.66
3a2c,6.9
2b1z,7.1
4gk4,7.85
5klp,4.64
6hkn,7.29
5wys,6.7
5wf3,5.85
5vkc,8.74
3qlb,8.43
4m5g,5.01
5uex,8.82
5b5p,9.7
4why,8.1
2qju,4.1
4acg,9.66
5mkz,4.7
3kqo,3.85
1f47,4.67
4ztr,8.3
4zei,5.88
1azl,8.62
5h8x,5.51
6hly,7.33
4mrf,1.95
1hvk,10.96
1b6j,7.92
4h3f,9.0
6cwi,7.54
2p3d,6.74
5ivj,7.34
4qxq,5.7
5cs6,3.2
3h2f,4.06
1hti,5.13
5w38,7.33
3wiz,8.36
4etz,6.3
6f2n,6.7
5wuu,6.09
4y4v,3.65
5a2k,6.35
1ft7,5.18
3b3x,3.6
2zdx,3.19
3k5c,7.77
5d10,7.14
2x2c,7.72
4ad2,6.2
4xhl,4.43
3wd2,6.24
2aog,6.28
4xgz,7.62
2bbb,8.62
5qae,3.62
4cr5,4.15
3lzb,7.2
3d9z,8.7
5mw2,8.52
3qfd,4.17
5wdw,6.54
6phx,3.32
5m04,6.34
4dzw,7.89
4bt3,3.12
2jdn,5.56
4cfv,4.63
4joo,4.43
5vfd,6.44
4iku,5.75
5jv1,6.07
3atm,3.06
4hpy,9.92
4x0f,7.0
6oy1,10.24
2jfz,5.24
6erv,5.36
1v79,7.89
3db6,6.14
1vjc,3.58
6eji,3.52
4iue,6.55
5d6p,5.6
2wd3,7.07
5nz2,5.03
6n77,9.24
3lp4,4.88
5t36,7.37
6e9a,11.92
2r3t,5.85
5lrq,5.8
2k0g,6.97
6gxq,7.1
3d1v,3.49
5y0x,5.11
6g2b,3.8
2gqn,5.35
4ovg,3.69
5zgg,5.0
4nau,9.06
6oie,6.15
2lbv,7.59
6hzc,8.93
4izm,6.66
4cft,4.95
5a4c,8.24
5mng,4.68
1zz1,6.02
3rtm,4.42
4fzg,7.72
2ya8,5.75
6efk,6.8
3nnx,7.96
5ceq,7.38
4lwh,7.57
2zjf,7.72
3drp,9.7
6oyt,8.23
1w5y,8.48
4mt9,10.0
2df6,5.98
4jsc,7.13
2fv5,11.7
5kgw,4.79
2xjg,7.82
2fai,6.24
1fo0,5.59
3lnk,5.94
4msa,3.3
4gk7,7.9
4x8o,6.6
5f60,7.37
5doh,7.49
1o2n,6.09
4zb8,6.03
6qhc,5.2
1w11,8.22
2q2a,7.41
1om2,4.7
1yw8,8.0
6oag,5.43
6ia7,5.7
6nsq,8.1
4m3e,6.25
6uii,6.43
5btr,5.14
3nwb,7.96
6hb7,6.83
5zyg,5.21
5xyz,8.1
3kdm,7.0
6j7e,5.04
3rsv,9.15
4i10,6.77
3svj,6.93
2h5e,8.25
5mz3,6.66
5knu,5.55
3kb3,6.82
3aox,9.08
3m5e,7.37
4mg5,5.34
2ohl,3.05
4omc,10.78
4ff8,6.4
3qc9,6.06
1gx0,4.22
3bqn,8.6
1bmb,6.15
5lax,5.4
1ha2,5.54
3s56,9.62
4o91,6.83
4ww6,10.21
3e37,5.39
4alu,7.77
5vyy,6.21
3aqt,6.72
6apr,7.77
6hvi,6.42
3wf8,6.63
5lxb,9.77
5nk9,6.14
3m59,5.24
3rjw,7.57
4oew,6.82
1oeb,6.93
1gt1,6.0
6gf9,6.39
4bo3,6.52
3eu5,7.49
1b3l,5.89
2y4l,6.3
4w9q,6.85
1xap,8.7
5j59,7.3
3i06,9.7
2z4o,9.57
4pmp,6.4
3eys,5.52
5nwi,6.16
4sga,7.3
2yac,8.7
1dhj,6.55
4z7h,6.66
2ity,7.27
3qps,5.6
4c1w,9.41
4jpa,8.48
5f29,5.05
4ke0,7.77
2y57,6.89
5fas,7.47
5vio,8.62
1nq0,10.32
4afg,8.3
4j84,4.69
3nhi,8.43
3lkj,4.6
3vbv,5.0
4qwi,5.36
5ifu,4.47
3suv,4.55
6h8c,5.85
4d8s,6.49
6fff,7.3
1b46,5.28
6hf5,5.17
5ei3,4.25
4p6w,9.15
3is9,6.42
4o4g,8.05
6sbt,6.78
4aq3,7.43
3hy7,6.97
6die,3.13
6imo,6.19
6ffn,8.22
4ps1,6.66
4g16,6.85
5qb2,4.15
2y6c,5.0
4aph,5.4
1w51,6.3
2jdp,6.6
1dqx,11.05
5er4,2.76
3gba,9.07
5mtx,7.75
5mwg,5.77
6b3v,9.69
2f8i,7.26
4zsj,5.64
6iuo,7.79
4oys,8.82
5aol,2.32
1ta2,8.52
6qyl,6.08
4h39,6.68
6dtn,6.8
6ift,4.68
1a09,6.7
2z1w,4.08
2hfp,8.52
4z8a,4.76
4u0n,5.77
1owi,7.55
5ech,3.8
2ks9,2.04
1i9p,8.41
4zyc,6.42
6enx,6.08
3srv,7.5
2h02,6.49
5ddd,6.59
1fh9,6.43
1jqd,5.16
2y9q,6.15
3tdh,4.26
5hls,7.41
5bml,8.0
4inb,6.05
6e5s,6.44
3dcv,8.52
1wcq,6.26
1umw,6.55
6gjj,3.7
5lmk,7.43
3qs6,4.89
2yit,9.54
2ycm,3.56
1qbv,5.39
3zvw,3.9
5yg2,6.89
1ze8,7.68
5jxn,6.41
5v4b,6.0
3coh,8.4
4mdr,4.39
2cbz,3.93
4g2l,7.49
2k0x,5.68
6hpw,6.09
6d4t,6.92
5a09,8.46
3mnu,7.32
6hti,7.01
5uis,6.84
6mmq,3.62
4rcp,5.35
5z1c,2.86
4azt,4.17
1pzp,3.31
6ck6,9.0
6s89,8.07
1npa,8.7
3aho,7.05
4j0t,6.74
4ehz,8.0
4jfz,7.15
1tze,6.83
5ceo,9.3
5lsx,5.92
1g6s,5.15
4gvm,6.11
5wb3,7.22
3a29,7.89
5hzn,7.21
1db1,9.26
2xp8,4.82
6sd9,9.1
5a6h,7.06
5ci7,6.92
3abu,5.62
6by8,6.91
1n46,10.52
4g34,7.93
4a51,6.73
5aa9,8.19
1igj,10.0
1ke3,6.7
3tv5,5.32
4w9o,7.77
5iee,4.94
4r95,7.85
3m36,9.82
5kz0,7.66
6cwf,7.54
6f20,4.31
4ret,7.59
3nik,3.45
6oqd,9.85
1bil,9.3
5o07,7.47
4qn9,4.41
6afi,6.2
4x8s,1.89
5e0h,5.62
2vwf,5.06
6d4s,6.05
1m2x,4.15
4j53,8.7
2h2j,5.38
3uxk,4.93
1rhr,8.1
1x8j,6.96
4igr,7.2
5a6b,8.1
4kp8,5.48
1w0x,5.3
4m8h,7.6
3zn0,4.97
6r8l,6.17
4eg5,8.1
6fhk,7.51
4akn,6.1
3ljz,8.14
3p3s,7.59
3g4k,6.54
4u6w,4.21
4tk4,5.1
5lu2,5.2
6h1i,7.36
3hv8,6.98
2y34,7.1
3iw7,5.64
2dbl,8.7
2cfg,7.44
5h1e,7.54
6fv4,2.92
3f8c,7.68
3oay,1.7
6hld,9.21
3o5n,4.76
5am7,7.19
2vur,4.52
6i64,7.31
5faq,5.28
5mks,4.77
6h52,7.17
5tyj,7.46
4o5b,8.3
3fv7,5.64
3b8q,9.3
1mfi,5.59
6cwn,6.65
3dzt,7.22
2ivu,6.43
3mtw,7.04
2fzk,3.6
2xey,5.19
2hz0,6.48
5eh0,7.74
3wjw,3.87
1yk7,7.72
5etx,6.81
5ngt,5.89
1ur9,5.77
1usk,6.4
3pcj,7.22
6hke,7.68
6k4x,6.66
4uvu,5.92
6nsv,7.8
5mih,4.19
4j9a,8.22
6bqh,9.8
2jiu,7.56
4cc7,4.33
1idb,7.96
1qy2,5.74
3iqh,4.59
5tqg,9.62
3uug,4.51
5nk6,6.8
3dz6,7.82
6c9q,5.1
3gvb,2.59
2a2x,7.69
5wyz,7.68
3ds1,5.7
3uh2,6.0
6mku,7.15
1ws5,3.03
5jss,6.45
4ch2,5.99
5kxi,7.74
3tfu,3.28
5ttw,5.96
4el0,4.49
5wi0,3.44
2xyn,8.4
5qil,11.52
1o2q,7.68
4xtm,4.57
5tig,4.22
4g2r,4.45
3wv3,7.62
1uj5,3.05
1hfs,8.7
6mdc,7.44
5eh8,3.1
6hah,4.81
4vgc,6.9
1hqh,6.3
4a4x,7.23
5o1e,4.48
1v1m,3.94
4qp8,6.55
5th4,2.85
6cef,3.74
5ier,4.89
5op5,6.67
3oy8,3.66
5wi1,5.0
4wnk,6.42
2pj4,7.89
3iit,8.02
186l,4.85
4q7v,3.59
2vnf,5.52
5u98,9.7
4wmx,4.85
4i7k,3.04
5l7g,7.8
4ow0,6.82
3e64,7.11
3k02,5.0
4qp7,5.23
6d1d,4.47
1z6p,6.05
4ks5,6.89
4pg3,7.85
6mlp,3.7
2zv9,8.05
6h75,4.38
4i0f,6.35
2y59,6.44
4ufj,4.28
3m3r,6.32
3l58,8.1
5nhv,8.55
6fyl,8.15
3p9j,7.51
4wmc,8.05
1o79,6.39
5i25,3.49
1gj5,4.96
2fx8,6.52
5oku,6.26
2cle,3.55
6jn5,5.15
5thn,4.02
1j17,5.22
4euv,6.3
6g3o,9.24
4jju,6.29
1oh4,3.74
4ebw,5.06
2oht,5.04
3tao,5.14
2aac,2.22
6h13,7.23
2vmc,2.94
6qff,5.69
3tdc,8.27
4p6e,5.89
4flp,6.72
4j4o,6.9
3p7i,7.7
4qfo,4.27
3mt9,4.59
5l72,6.8
3az9,6.0
2h15,5.67
3uzp,7.89
5cfa,6.54
3vo3,8.85
4amx,2.19
3wyy,8.49
5c7b,3.0
2cgf,6.41
1b38,6.6
3mwe,1.54
2uvm,7.1
5one,7.28
5htz,8.62
2is0,6.7
4kbc,7.85
4ejl,5.14
3npc,8.34
3px8,3.64
6g47,2.18
4r4i,6.27
3q3k,8.13
3jqb,6.02
3ft8,7.52
5brz,8.15
6frf,7.4
5ny3,7.47
6iae,4.7
5yz2,4.95
6g46,3.73
1nok,3.15
1mfa,5.04
6fvo,5.55
4n4s,6.88
1qtn,7.3
4ynb,10.37
3ava,4.4
5nib,7.72
3o8p,6.46
4fe6,10.0
4gb9,6.27
2bkz,8.15
3kek,8.36
2zm1,6.66
4j82,4.35
6eab,6.37
2py4,6.7
2exc,6.63
4w4x,6.99
1q54,5.85
2qbw,7.25
2f4b,7.3
4tte,3.69
3n4l,7.23
4gzf,8.36
5z1t,6.2
1epp,7.16
1bv7,10.3
6i12,5.57
5f2u,8.43
4c6u,4.59
1oiy,7.19
2jkm,7.75
3pcg,2.3
1hgt,6.82
6ary,7.6
2m3z,6.57
6ba7,8.15
4zla,7.3
2ylc,7.89
4g5f,3.05
2m0v,5.97
6s7k,4.24
2i40,5.8
4m8t,6.43
6std,8.64
3rwp,9.22
4ylj,8.22
1loq,3.7
2i0a,11.4
6g8m,5.38
6u8o,6.54
4c4g,8.22
6ewk,3.77
5jt9,6.63
5d7e,3.82
6qhg,3.13
4dhp,4.44
4n7y,6.26
6dvo,7.22
1tmb,6.74
4u0w,3.0
4azf,6.35
2fl5,8.74
1nf8,7.82
1t5f,4.22
4ia0,7.11
1li2,4.04
3lpf,6.68
6apw,6.17
5tz3,6.85
4djw,6.28
1r1i,8.54
3krx,7.38
6mju,7.56
3d8w,8.15
2clh,4.06
4e5d,6.22
5q0u,6.76
4qp2,3.03
2ath,6.82
6mub,7.0
4wj5,6.29
5a5q,4.68
1pr5,3.92
1xs7,7.6
4gtm,8.04
1j37,8.96
2p0d,7.0
5ml2,7.89
5hpm,7.13
2q8m,4.03
6h7z,10.12
3f2a,7.24
2op9,5.66
5tbp,5.18
6di1,6.74
4x60,9.0
3lle,4.97
1nkm,7.3
6d4w,5.25
4cpq,7.74
4zuo,6.41
3dsu,7.03
3qcf,5.6
6oac,7.95
6bfn,8.03
1akr,9.09
4z68,6.49
3nal,8.1
5ea6,7.41
2f7p,6.6
5aqn,2.77
5y24,8.34
3hf8,6.51
1fpi,5.89
6n3w,5.81
5k48,6.6
2rg6,8.66
1cs4,5.57
2q8i,3.4
1gwm,4.1
5k5s,2.69
5tcy,7.66
4uj2,7.1
3g2v,6.52
1uvs,5.4
1fgi,5.0
6g2n,7.14
4jve,7.07
5ylv,6.82
5t92,7.8
4bi7,4.58
4pd9,3.33
5ets,5.91
2c57,3.43
4inh,6.25
5iu7,8.96
6eux,5.92
3lvp,8.7
4pb2,4.8
1f0u,7.16
1g74,6.52
5f25,5.04
2gh9,6.0
5k0h,7.09
5wfz,8.0
2p94,9.17
1g2l,7.24
5ogk,5.11
4np3,3.3
4abj,7.47
1atr,6.96
6eiz,6.22
4abb,4.51
3bwj,6.5
1f5l,5.28
1y2c,6.57
6g6w,9.7
5tt8,6.5
6czu,6.32
5foo,2.62
4q07,8.14
6r11,4.92
6fmc,5.88
6bmr,4.22
2iuz,5.55
2pov,7.12
4daf,7.12
6md8,2.38
5nw7,5.77
1aj7,3.87
3q4l,7.26
5w4r,7.48
6b5a,7.94
3kiv,4.7
6faf,6.51
3fu0,2.28
6e3g,7.36
4oya,6.44
4yk5,7.64
4fxz,7.03
3t08,3.04
1kvo,7.89
2ovz,7.89
1a9m,6.92
5gvl,7.38
3g32,3.71
3v3m,5.32
3d94,6.8
6hvr,6.48
4gpl,5.89
1my3,5.4
4zz3,6.0
4djo,11.52
4gbd,11.32
220l,3.4
3e7a,10.0
6bw4,5.5
5ai1,6.47
3di6,7.0
6fpu,6.49
2zoq,6.05
6e99,6.0
3atw,7.01
3pdc,7.49
5oht,6.02
4uof,4.84
3r0t,9.04
4mzo,6.57
6n7q,5.15
4l2x,7.41
1h01,4.66
4unn,6.38
1fmb,10.0
3rx5,6.27
1njd,5.57
4bds,7.6
6tim,3.21
2wxg,9.15
5lvd,2.62
4eke,4.48
3e12,5.99
4wx7,7.4
3ig6,7.6
4bt9,3.84
4po0,6.92
4tmk,7.7
1qsc,3.68
4ish,8.72
1j07,7.68
3wk4,5.13
3f7g,7.37
1tyr,7.0
6ud2,10.21
5zqr,7.97
1fao,7.37
5esq,5.8
3rul,6.85
5q17,5.25
1h2u,7.89
1h3h,6.66
4qxj,5.9
6h3k,7.96
3usx,5.02
5v7t,6.21
3dy6,6.9
2cen,8.3
1yyy,5.09
6bee,4.66
4mw1,7.72
1tni,4.0
5ipc,4.89
1mn9,4.62
1qi0,2.35
2pgz,5.74
4egk,7.72
1hdt,7.76
1nhu,5.66
2pvw,9.52
4nnr,7.26
3rqg,4.64
6n0p,8.89
4eqj,5.6
1w1y,2.62
4l4z,5.68
2bz6,7.09
6oi9,7.19
4y7r,5.03
2j95,8.4
5v7a,6.38
3q6z,3.72
1c5n,4.7
5z5f,2.17
1qpe,7.7
4lkd,5.35
3ppk,8.85
5ygf,6.21
6iiw,5.66
3ftq,5.33
2a0c,7.3
5l2s,7.08
2whp,4.51
2g1r,7.7
4hws,9.1
5osy,7.37
4c4f,7.59
1hvy,6.54
5i3x,8.1
1c12,8.72
4klv,3.78
6ccx,3.15
1lxf,4.1
3oki,7.15
4b35,2.89
6bhi,4.25
5fat,6.96
3nfk,3.8
1me8,7.19
4lm0,3.25
5a0c,9.27
3hv4,6.51
4bdh,4.11
5hva,7.07
6f7i,7.85
2wj2,8.33
4ht0,8.0
3k97,8.0
2q89,6.3
6bh2,5.62
3wcg,6.85
4de7,4.8
4mg7,6.36
5wl0,9.17
4mrg,2.96
2dua,4.77
2zlf,4.51
4gtv,7.42
3efw,8.4
1c7f,9.52
3ttz,8.4
2aou,7.73
4zim,8.62
1g48,8.41
2w3o,6.72
4lko,8.22
2aoj,4.66
3vdc,4.92
3r6g,7.6
3e7b,9.8
3n4b,7.02
4rfc,8.24
5ox6,7.54
2jbk,6.4
2gg8,4.6
3ken,5.4
5f1j,4.92
5wxo,3.68
1gqs,6.3
4okg,9.32
4p72,4.09
6ee4,6.69
2l65,4.22
6g0q,4.61
5nxv,8.46
1q4x,9.48
2jt5,7.74
2xyd,6.82
6n54,7.75
3fwv,5.64
3n5e,6.82
4ybj,9.28
6exm,5.52
5m4q,3.51
5fpp,4.0
5tq7,7.67
2r23,3.72
1bnt,9.8
5fjw,5.4
1ppm,5.8
5exl,8.43
5zhn,8.8
5t2d,9.1
5u0z,6.19
2obf,8.85
6ne5,10.52
1ksn,9.4
5z95,6.55
4r5a,8.7
4uiw,7.3
6p12,5.95
1a3e,8.46
1pg2,4.96
5nxi,6.66
2wqp,5.51
6miv,8.15
4dff,7.46
1iig,1.57
4mnv,4.94
5aep,7.17
1m74,7.0
1rhj,8.04
1m0n,2.22
2viz,6.22
5mk1,3.88
2gej,6.64
1dx6,6.19
5ap3,7.03
1ai5,3.72
4jne,5.86
2r4f,8.82
3hc8,8.54
5we9,7.22
3o9h,12.1
2vio,4.4
4k63,4.22
3qbn,8.23
4elb,8.3
4mz6,5.02
2hwo,6.9
4nah,6.31
1h60,4.7
5kau,6.52
4j93,4.7
2qyl,6.19
1uyf,4.52
6aqo,6.11
2jkq,8.11
2zpk,7.76
4rvl,7.38
3qi1,7.66
2auc,4.08
4jg0,6.76
3k39,8.08
1zm6,4.35
3kqp,3.42
1xmu,9.08
5lhh,8.17
5eyr,5.3
4b6u,5.11
4i7c,8.22
3rf5,5.63
3bwk,3.94
2xel,3.9
3n5k,9.7
3qo3,6.9
6r1w,5.3
4dxg,7.06
6ema,4.53
3n51,7.82
2uzl,6.21
4av0,6.98
6b1w,7.37
1w83,7.19
2yns,7.6
5uah,3.4
3qvu,3.55
2ff1,8.21
4ibc,2.98
1zs0,6.15
5lvn,4.7
1y20,5.32
1a8i,5.52
3daj,5.54
4f7n,7.1
4kw6,3.43
2g63,8.17
2x7o,7.47
5cxz,6.26
5tln,6.37
6gon,5.67
6iqg,8.0
5a5z,4.08
2iiv,8.18
4u68,4.31
5om3,4.1
3wyk,7.64
4ux4,7.01
3n75,7.89
4j6i,8.85
6fi4,5.66
1i9o,8.42
1jws,4.85
5dit,6.15
3p3r,7.25
2duv,7.06
5ndf,5.85
6hx1,6.52
5wmg,8.21
3peq,7.5
4rd3,6.47
1ela,6.36
2vyt,2.74
4wyo,6.95
5w6e,8.04
5he0,6.82
4irx,6.12
5hcy,8.92
4yay,8.54
4cxy,4.93
6c2t,9.05
1ohr,8.7
4uxh,5.96
2jt6,7.6
6guc,7.6
2d3z,6.64
6a6k,7.46
3zpq,7.17
2nnp,8.37
5n8b,7.37
4dh6,7.77
1fo3,6.7
1cps,6.66
3oe6,8.09
5o1b,4.7
5gmu,3.32
3owb,7.72
1q5l,3.22
2aie,5.66
2uup,3.98
5dyw,8.31
4bt5,2.76
1ow7,5.4
1d6s,4.11
2c6k,6.14
2std,9.85
2yak,8.7
5htc,6.82
2jfh,3.06
1kyn,5.39
6i63,7.01
3bbb,7.0
3eka,3.0
5auw,5.05
4fr3,7.15
4hkk,5.54
5tb6,5.82
1bl4,8.74
5fsx,2.72
6nco,4.52
2flr,6.1
6aak,9.15
4fhh,7.46
1gbq,2.46
4i8z,11.05
2evc,6.54
5qa9,3.64
5gwy,4.95
5lck,8.1
4ie2,5.35
4dt2,4.37
1wc1,4.0
6b97,6.63
1mwt,1.88
4cwp,6.77
2yem,7.81
4ud7,8.13
6mxc,5.56
3gcp,7.82
5knt,4.43
5tcc,5.66
2p8o,4.85
1awf,6.01
1ydk,5.89
5ji6,7.96
6cqf,8.35
2bq7,7.05
6drg,6.92
5zdp,7.18
6c9n,4.78
4ifh,5.21
1grp,3.72
4yvz,5.52
2j79,5.96
2ewb,6.1
2azm,5.66
1hty,1.4
6ccq,6.6
1g53,9.04
6emh,6.08
3sx9,8.89
2viy,5.74
2e9u,8.1
4mwc,5.87
1o0f,5.3
4puj,7.46
5i24,7.42
4qps,6.52
1aq1,8.15
3qfz,3.24
1j80,6.52
6fgc,5.48
4rt1,6.14
5fwj,7.89
5czb,8.0
5t66,8.43
4dv9,6.72
4bty,7.7
6gwe,7.38
4yqv,5.71
5ccm,8.4
5t6z,4.21
4kab,4.03
2lk1,4.09
2hds,2.0
4ory,3.53
6h7j,8.62
2o4r,9.4
5gjd,7.92
1qf5,7.37
2zxa,8.35
2fxv,5.35
6hwv,7.08
6hv2,4.28
1qhc,7.57
5l9i,7.0
1uom,7.72
7gch,5.7
4wmv,4.03
5xij,7.3
5uzj,6.78
3hfj,4.44
4xmb,7.36
4zt7,8.0
5mlw,5.03
5cst,6.96
3fcf,4.4
4ayv,9.17
1p93,7.72
4cy1,6.74
5bue,8.52
2mwo,4.7
5tpg,7.85
5upj,7.12
3f7b,7.19
3v5j,7.96
4jt8,7.48
3gen,9.14
5tqf,8.3
2y82,8.4
1pxi,4.77
6awn,9.2
4bsq,9.15
4zz1,7.89
2ghg,8.82
2a3a,2.82
3lc5,6.57
4ko8,7.15
1ii5,6.62
6qaf,7.42
6f9r,4.97
4g0c,7.92
5etf,3.79
4osf,5.44
2pvk,8.3
6ayd,6.3
5lyx,7.42
1bjv,5.54
3pe1,9.65
3rqw,2.7
6ft3,6.42
3dk1,9.74
4op3,8.15
6q9s,7.77
3el1,9.64
3qxh,5.24
3g0f,7.66
4xir,6.94
5ovh,6.55
4xc2,5.37
4jyu,8.0
1u0h,6.96
2wtx,2.89
4joh,3.35
4ui7,7.36
1x70,7.74
5npd,7.42
3c8a,6.18
5ota,5.74
5wex,7.18
6gfm,5.47
4r07,5.32
5ti7,4.96
5fox,3.17
5c7f,3.98
4gql,9.59
4xu0,9.11
2wmw,6.41
4v27,6.66
3m8p,8.68
6dj7,8.72
5aqj,2.68
5d7r,7.89
4fl2,3.66
3ebh,6.32
2hyy,6.77
3okv,6.23
6d9x,3.49
3idp,8.8
4j8m,7.32
5ypo,7.1
1t69,6.32
6i5y,8.54
1vik,9.52
3k15,4.92
3k16,5.8
4m5m,4.74
2ihq,8.49
1ajp,2.23
3s74,8.4
5eel,6.08
3fzc,5.39
5u0d,4.54
5iug,7.33
2vd0,4.94
5zym,5.77
4ij1,5.4
4cae,7.74
6dyv,10.59
5vc6,7.87
3elm,9.72
1juy,7.66
1g7v,6.4
1fwu,3.7
3ifo,7.26
5znp,4.69
3wkb,4.21
2f6y,3.87
2n0u,6.22
3ati,3.73
1kav,5.82
5eb3,1.45
5aqo,2.85
3dtc,7.59
4qjo,7.4
1o0d,8.21
5vcx,5.55
2p2h,7.17
5ftg,6.15
6i65,6.41
3u4i,3.89
4qh7,5.94
4hni,7.49
3otx,4.53
5fl0,6.46
3rtx,3.86
3nes,5.62
1ek2,8.2
1hi4,4.49
5ti6,4.68
5iaw,4.81
3tfk,5.01
3u3z,5.36
5a0a,7.7
2on3,9.0
5ai9,6.61
6skc,7.1
5t6f,5.8
5y6e,7.86
2vtr,5.82
5kk8,5.84
5c8k,7.7
3c8e,4.15
3d3x,4.16
3tiw,7.67
6m8e,4.85
3ip9,5.62
3s73,8.7
5oxg,5.89
3wsy,6.36
4ca5,9.39
1b8y,7.85
4uw1,7.72
4zam,7.96
1di8,6.0
2xln,4.48
3ccb,4.52
1m2q,6.1
5dg6,5.07
2bed,8.15
4hp0,6.12
2vcj,7.68
2fhy,5.96
5dah,5.3
3l5r,7.42
6b2p,8.89
1gz3,3.7
2e9n,8.21
5t1a,7.89
5jfp,9.32
2ow1,9.0
3qtw,6.19
5trg,7.82
5ene,3.23
2wu7,6.28
1okz,8.3
4gqp,9.6
4uyg,7.6
2rol,4.62
1bxo,10.0
1wc6,4.0
3wk6,5.2
6czv,6.64
5f3c,6.05
5hv0,5.96
4ts1,4.94
6cd4,5.34
2p7g,6.53
4j5d,5.96
4yad,5.6
5kdr,8.3
3dek,7.57
2q8h,3.0
5k0m,8.82
6a94,7.4
2hha,6.91
5wqj,5.52
2bu5,7.78
2jkp,4.23
3mxr,4.95
2h13,5.35
5kva,5.14
4x63,6.77
2q95,5.8
1k1n,6.82
6qyk,5.55
2k2g,8.12
5zjy,8.18
4pmm,7.57
2nqi,6.11
3va4,4.4
1oay,5.92
1p10,6.7
6qaa,7.66
5v3r,5.3
4e1n,7.17
5o0b,4.18
5i12,5.92
5j79,8.52
2r1w,4.6
4kz5,2.0
6eks,3.84
4igk,4.55
4nmv,4.95
4erq,7.12
4q1a,9.3
3lqi,5.16
3cd7,7.84
1mfg,4.3
3qfv,5.77
3cx9,4.89
4i3z,4.29
2ycr,7.16
6mim,5.7
5tqu,7.6
4xbd,6.4
1cil,9.43
3f6e,2.38
5icx,6.96
4l7g,4.0
3b26,6.64
5dhh,9.18
4pqn,9.15
5ow8,5.16
3sut,7.85
6glb,6.89
3ask,6.43
2ydi,6.82
3rt4,8.8
6prt,2.67
4f8h,4.24
3d62,6.1
2wa4,4.74
4gih,8.32
4bcj,7.96
3e8r,9.74
5lny,7.38
6ufn,5.64
3bim,5.88
2oc4,7.07
1uu8,5.05
4yih,4.66
2zq2,6.56
1wcc,3.46
5jc1,6.82
2g8n,7.2
3h89,7.64
1wbg,3.0
5yg3,7.85
1qk4,4.21
5eol,9.52
5a81,5.54
6hh3,6.24
5hor,8.22
5moe,3.28
6q7a,8.3
5uiq,4.26
3t01,4.48
4l09,6.07
6c98,4.1
5tv1,7.24
5jfr,8.3
4abv,6.07
3vv7,5.34
4ahr,2.19
1ghv,4.35
6ajh,6.54
5yid,5.4
3p8o,8.72
4d9p,3.84
3g58,9.28
1x78,7.85
5zni,4.39
5uor,8.2
6dgt,7.38
5w86,8.7
4wlb,6.74
5x26,8.3
5alk,6.6
4afj,6.4
4yv2,7.29
6n7d,9.52
6s1s,5.84
3bbt,6.15
2iw8,6.99
4rwl,8.1
6qxs,7.13
4ijl,3.87
6dnp,5.18
2hny,5.93
5oax,7.57
3pka,6.27
5sz0,9.1
4p4s,4.94
2pv2,5.91
4len,7.4
4zyq,8.01
1hk5,5.24
2zzu,7.41
2zx5,12.33
2f0z,4.77
6mja,7.85
5j7p,7.28
6u5m,6.29
4wbo,4.2
5w6u,5.49
2nxm,5.19
4c0r,4.91
4olc,6.19
3bhx,9.15
2mji,4.25
4hfz,5.72
3zs0,6.7
3daz,7.93
5hg5,8.7
3otf,6.08
4z1k,8.33
6dvn,7.85
5g43,3.7
3vfq,5.19
5ahj,8.23
5ha9,5.78
1mxu,5.4
4oti,7.37
3c2f,2.0
2k62,4.7
2ha2,4.66
6peu,5.89
3djx,2.81
5iez,7.64
5x54,5.0
1qbt,10.62
2pqb,7.2
5lsc,4.7
5g57,8.4
2a3c,4.43
1d7i,3.6
2kmx,4.08
4n1u,8.3
3gbe,5.0
5fqs,7.36
3jsi,8.68
6d18,5.85
4djq,10.32
4o74,7.6
5n7v,8.77
5dd0,7.08
6eb1,5.33
5c4k,4.56
6bdy,5.69
2g8r,3.99
2qrl,4.0
4ktu,6.16
3nw5,5.08
2wyn,5.55
4pyo,4.52
3fsm,7.0
2pgl,3.59
5il1,5.82
6fex,7.54
3bgs,9.42
5sz2,8.7
4oho,7.77
4gfn,8.3
4av5,7.21
4oak,4.22
4trc,4.52
1pi5,7.77
1evh,3.22
2nt7,6.52
1czq,4.54
3gnv,7.03
6cf7,7.91
6fod,8.15
4zx1,6.14
5yf1,3.28
3fl8,7.27
5dri,7.7
3hcm,3.3
5m7u,8.1
2dri,6.89
3oyp,8.7
6b5o,8.33
5nsx,6.4
6o94,8.74
2ay5,2.59
3p23,4.42
1meu,6.1
3mkn,4.12
4ocv,5.08
2cej,8.62
1yys,6.33
2yi0,8.12
5dex,7.65
5v24,6.4
1fkb,9.7
6arn,5.19
6dvm,8.52
4az2,7.33
4qt1,8.15
3k0k,5.43
2rke,4.08
3rwc,8.12
4mnx,4.75
3dnt,4.74
1rv1,6.85
5ai6,4.4
2c1n,4.11
3f3v,7.14
4hdc,8.92
3nyx,7.49
1vyf,8.05
5n1r,7.95
4oz1,5.62
4ymg,4.68
4xdo,4.08
3l5d,4.11
1g9d,5.3
2lyw,4.52
5nw2,6.49
1lt6,3.3
6d4o,6.28
2nno,6.4
5qao,3.62
2fci,7.15
2o4h,6.52
1bzf,8.3
4w54,4.17
4dgg,6.1
3bet,5.82
4r02,7.41
1agw,4.7
5l2y,9.85
3n35,3.37
3kfn,4.74
5njz,7.8
6j5l,8.8
1cbx,6.35
2kfg,2.92
3sww,8.4
5j19,6.6
4db7,6.56
4dtt,5.54
4qwl,6.18
2ra6,4.52
6g2m,7.82
3puk,4.74
2cli,4.3
2opb,8.74
3sur,4.15
5k32,8.8
1k1o,6.17
1gj6,7.0
2qbu,6.19
5u5h,5.89
4anv,6.36
4a9n,5.82
4asd,9.28
5ukl,6.2
2h21,6.54
1pot,5.49
4o6e,9.0
5oei,5.8
5n4s,7.26
6f94,7.0
5vii,7.29
3tfn,6.57
1k27,9.0
5kls,6.71
6ic6,7.82
4no6,6.11
5mxv,4.92
4xyn,5.89
4mz4,7.89
3ppp,5.22
5khm,8.3
3zzh,3.36
6o4x,7.4
3c2u,2.9
2pvh,6.59
1zeo,6.68
1kmv,6.95
3fvl,6.07
5myg,7.51
1i8j,4.41
5o83,7.96
6cpa,11.52
6dcg,8.15
6erw,5.36
6emu,5.03
4p6c,4.0
3tv6,8.32
3lea,9.1
4e1m,7.26
4m5j,4.84
4tn2,6.92
6npt,7.17
5wa5,6.72
2y2n,4.57
2n06,4.92
6u7o,10.81
3ama,6.53
6boy,5.74
3h9o,7.15
6cd8,4.71
6h9b,5.7
4zpg,7.26
4bfp,7.82
5zkc,8.19
5hyr,7.38
1pb9,3.62
3ihz,6.8
5w94,4.65
4r76,7.85
6max,4.87
6iso,4.6
5i89,7.48
2vot,7.14
3diw,6.72
6arv,7.34
5h09,5.88
1g5s,7.32
2bpx,9.4
6fqu,5.66
4lwe,7.15
1uw6,7.34
4y4j,2.47
4qlt,8.6
2oh0,7.74
3wk7,3.9
2xy9,9.19
5u4e,6.35
3t3h,5.71
2i3z,8.7
4xy9,5.33
5o0e,4.53
4bjb,6.66
4poj,8.1
3erk,4.74
1g3d,5.55
6baw,5.38
3eq9,7.39
2ff2,8.21
4qr4,6.6
4cjr,3.1
1kel,7.28
2kdh,2.96
5sxn,4.96
6f86,7.43
5g46,2.6
5xms,8.14
4hvg,7.77
4zcw,7.37
4yo8,10.52
3ibn,7.61
3rwi,6.94
5ai0,3.69
1h9l,3.12
4emr,7.49
4hod,6.1
4m84,7.31
2ai7,6.4
4k60,3.24
5bvo,8.3
5akj,5.86
4d1c,5.7
5emm,7.74
2q8z,5.68
4tw9,7.7
6sfk,7.15
3wci,6.57
1lhf,8.09
3v6s,9.12
4y6r,5.48
4nxv,5.42
6j72,6.13
5nai,6.1
3rwg,8.55
5flo,3.15
4ixu,7.64
5alu,7.66
4dgb,3.89
4rak,7.85
1o4i,2.64
3d2t,7.12
1l5r,4.77
6bod,4.26
3wff,6.18
6ffe,6.1
3upx,8.12
2ok1,6.26
5thj,2.87
2aqb,3.3
5tqs,5.86
4ie4,5.48
3d8z,3.37
5ul1,6.64
1k21,8.38
4j5c,5.52
2qhc,8.96
6ezh,7.04
4hkn,5.96
4ivk,3.85
4xuz,7.36
1q6t,8.3
5k1i,8.04
3zm6,6.52
5j7w,4.89
5l0c,6.15
4c4j,8.52
3hf6,7.59
1sme,11.22
4unp,3.23
2w0p,6.52
6ohd,9.38
4zed,5.12
3qo2,6.85
6bkw,8.3
4no8,7.15
4b9h,5.35
5ny1,6.44
6s55,6.2
5aqg,4.51
5gvk,7.0
6qgk,6.7
6css,7.6
1o2z,6.11
5n8j,5.54
2ay2,1.88
5fl1,8.49
4h4b,2.7
1njs,7.82
6eq8,8.0
3uvq,7.77
2q1q,8.15
2yek,7.21
3at4,8.1
4z2j,6.43
2qyk,5.48
5ehp,4.92
3ikd,6.75
5wuk,7.85
1lyx,4.54
5aki,6.12
5jhd,4.52
4jzf,6.76
3oe0,8.6
5g1a,6.57
2wjg,7.1
4o0v,8.48
3bar,5.7
6bw5,8.25
1trd,5.4
5t5g,5.89
6epz,7.14
4mzk,5.31
4g17,7.54
3way,7.66
4qta,6.7
1fkn,8.8
1zhl,5.0
3tam,8.43
6djc,6.63
5etb,4.54
5tuy,6.35
1w1d,6.52
3aza,5.13
5tbj,5.82
5ey9,5.41
1bap,6.85
6t1l,4.77
1w0y,6.42
5y8c,6.8
1sqn,9.4
4xoe,5.0
6of5,5.35
5o87,6.61
2aoe,7.62
2znt,9.3
4u43,4.32
3v3q,6.6
2zym,6.14
4zsm,2.4
5nap,7.95
4c4h,8.22
2zx9,10.27
1j81,7.1
1v0n,7.55
1o4r,2.41
1ctu,11.92
1kmy,5.1
2jb5,9.22
3e6k,5.15
6d5e,6.85
5jf6,7.21
3okh,5.24
1b6l,8.3
2on6,6.76
2xk7,5.82
5l99,3.32
3chs,7.77
3u10,5.44
5k8n,6.32
3ipx,6.92
6bmx,4.72
5edu,8.66
3ur9,6.31
6i0x,6.07
2h96,6.64
5nuu,8.2
3i7e,10.85
3buh,3.66
5etj,10.18
6phz,3.46
4rwj,8.7
5i80,7.21
3ztc,4.56
3q8h,4.15
2ygf,5.09
4xqu,6.07
3pxq,4.43
3ies,9.92
2qc6,7.0
4oef,4.76
2clo,4.06
3zst,1.72
6eyb,5.37
4n6h,9.28
6qfg,5.52
4y6p,7.16
6hrt,9.0
2pow,7.2
6qad,7.85
5jsj,5.4
4uwg,8.15
5tdw,4.7
1j4q,6.44
2bys,9.52
6gvf,7.55
3kc3,6.8
5ee8,6.89
3cl0,7.07
5hz5,7.07
1pro,11.3
5yqo,6.09
5zh5,5.33
6ajx,5.04
4mww,3.67
3vap,8.4
1kyv,5.92
4g2w,8.8
5eom,6.39
5wij,6.31
3tl0,6.59
4awp,7.09
3kb7,8.15
3dcc,8.96
3v7s,7.05
3k1j,6.4
3si4,3.88
4l33,8.15
4nuf,5.3
1amw,4.54
3ppq,4.55
1nu1,7.19
6mhd,7.29
3a9i,4.15
4gmc,7.74
2qcf,3.49
4p5z,7.41
1gvx,7.22
4o1d,7.62
4ryc,7.1
4cc2,4.33
4dn0,5.72
5vqq,5.28
1ogg,5.19
4pjt,9.24
3ip5,6.22
2wi2,3.46
2o5d,5.15
5nkb,9.12
3fzr,7.96
4x6m,8.24
3unn,4.4
6o0k,10.74
5owc,7.59
5i3a,5.05
1p6e,2.92
5t3n,8.04
3rxl,2.62
6un3,8.64
6nfh,7.15
3cs8,5.77
1ikx,8.15
3sbi,7.92
5f4l,7.62
6p3v,7.02
4gw5,5.46
4azg,7.1
2dw7,4.7
4qll,3.38
2q88,5.8
4d8z,6.29
1q66,5.77
5aic,4.3
5er5,3.67
6udt,10.0
2buv,4.0
5hvs,7.15
1db4,7.24
3gwx,5.4
6orr,9.3
1fiv,6.59
1bqn,6.22
3drg,7.0
6oim,7.05
4j0a,6.8
1yci,4.08
2wf2,7.59
5fd2,7.05
4qtn,6.85
5x02,9.85
2rin,4.0
1o9e,4.18
3vg1,7.26
1r4w,4.05
4btm,5.39
5n2f,7.1
3nf9,3.54
1bnm,10.0
1ung,6.8
4zyu,5.97
1h35,7.54
2ckm,8.82
5yic,5.89
3wmb,5.37
2i0h,8.05
6frj,3.71
1v2w,4.01
4d1d,5.74
4m8x,10.2
5uwf,7.23
4kcg,8.3
3smq,5.02
2pj0,8.09
2pri,2.91
1x76,8.72
2zm3,6.21
5o7e,8.0
3el4,7.17
3p9m,5.0
2g79,6.92
4awg,5.96
2fxu,8.15
5ok6,5.05
5ni7,7.7
6drx,9.24
2d1x,5.1
4ucu,3.35
2jdh,6.51
1hv5,8.3
5xg4,5.15
4w4v,6.94
6uhu,3.4
6cfd,7.86
4flh,9.0
2g9x,7.35
3r7n,6.15
5mrm,5.03
5abw,7.77
3ti5,8.95
5xup,5.25
5eu1,7.81
5aqv,3.43
6fiv,8.08
1i5r,8.52
4qvy,5.09
5n7x,5.24
5eth,7.25
5l3g,6.23
4ibe,4.15
2zx8,9.64
3fck,4.0
6bw3,5.53
5mzg,6.86
3byu,9.1
5of0,8.63
2nnd,6.06
5uwi,5.8
2qfu,4.18
1ghy,8.1
4odl,6.95
3su2,7.35
2j4a,10.6
5usq,7.0
1npz,7.89
3d50,4.77
1g1e,7.54
5d75,6.7
5fov,2.8
1lhd,9.62
2brh,4.64
5kkt,9.0
1d4j,8.36
3b3c,3.98
5tdi,9.74
2psj,7.7
4jwk,8.32
1o2p,4.85
6mzq,8.41
5i1q,7.92
3l3n,8.18
5kqf,6.51
6a5e,5.49
3s9z,6.22
3c72,4.64
3gpo,5.3
2woa,5.94
4bea,8.3
4xar,6.97
2lto,3.11
6f3g,7.16
3v7c,5.74
6gzd,8.01
4i4e,6.3
5hmy,6.3
5w4s,4.03
4a4l,7.82
5km2,4.41
5ntq,7.47
4xhv,4.3
6e0q,8.1
3hl8,4.49
4m3p,5.4
3d27,4.25
6i11,4.53
4b6r,5.85
5fut,6.45
5agj,6.15
1tv6,5.4
4ih3,4.82
4lxa,8.7
4cgj,2.84
5a3u,8.32
6qas,7.74
4euc,6.1
5j9y,7.24
3vha,7.4
6fzg,6.55
4aji,3.55
5wbz,6.41
1pk0,7.57
6mhm,7.54
4qz3,5.51
4mib,9.7
2j4z,7.19
3b2w,9.22
3vqh,5.92
6qtw,5.52
1nj5,7.3
1uu9,5.4
1b3h,6.21
1xuc,7.14
1cny,7.85
4w4w,7.46
1sh9,6.03
1onp,7.52
6b1h,8.72
3oad,9.62
5k0f,6.07
4ap0,8.0
4fyo,7.33
4jmh,8.68
6o8i,10.0
4dwb,5.74
4dj7,6.3
5eie,7.64
4nh8,8.52
2r59,8.19
6i8y,6.74
4xe0,7.72
6rnt,2.37
6i8b,8.0
2p95,9.37
4a6s,5.2
3wzj,8.18
5v8q,8.44
3r5j,6.96
5k76,8.3
2zaz,6.4
2xaq,5.96
3c3q,4.32
1htg,8.42
3u1y,8.67
3bva,6.52
6np4,4.44
2yj8,8.19
2r5p,8.48
6c5h,6.43
5elq,5.7
1lyb,11.42
6o0h,8.15
6ibl,9.31
3zim,8.17
1o6r,7.1
2ql7,6.26
2gtk,6.6
3wut,6.49
4prg,7.15
3tlh,8.82
1mns,4.17
5klr,7.72
1upf,4.6
3fzt,6.2
3qip,6.89
6rni,9.4
3tge,10.15
4eeh,4.35
4w4s,5.02
4q1y,10.35
2p7a,6.1
5f3e,6.86
4hlm,6.77
6n9l,6.7
5y12,6.23
3hp9,4.59
1dkd,5.7
3f3w,7.47
4jv6,6.66
5vr8,6.87
1ct8,6.52
5wzt,6.66
5aqf,3.78
4kmz,8.57
5d0c,5.63
1yc5,3.0
5h0e,6.68
5d3t,4.92
6hkm,6.57
2c90,3.48
5q1g,3.58
1o6h,6.73
6pvx,7.17
6hgy,8.52
2chw,4.77
5tya,4.48
4cpx,7.77
6n4e,8.0
2lzg,7.77
6r4k,5.07
3gs7,5.44
5yh8,6.78
4h36,4.27
6prf,8.6
1zc9,3.22
6b5i,5.96
1n51,4.85
4w9g,5.26
4j7e,4.85
2j50,7.89
4tt2,4.66
4uv8,6.47
2rjs,2.28
1eub,8.72
4ybm,6.85
5nkh,7.59
5qav,4.15
1jjt,8.05
6pvs,8.17
4a1w,7.3
4wkc,12.68
2e94,8.0
5lrk,8.82
3jzr,7.44
5e5g,3.15
3tz2,5.24
6gub,7.64
3zlw,3.7
6nmb,2.7
4w9w,7.48
3ds9,7.39
4l52,8.4
4ayx,3.7
5q1i,6.24
5acx,5.05
5ur6,7.06
4r75,7.24
5jin,5.64
4igt,7.89
1rsi,4.42
4xg9,9.15
3dx0,7.44
3lce,3.81
1d3q,6.54
3cfv,6.05
3lzz,3.84
6i5n,5.85
2v2q,4.15
4up5,2.6
2alv,4.15
4dtk,8.52
3tww,5.38
4kzb,2.89
4bs5,8.22
4yv9,6.4
5ih6,5.6
4ery,7.27
4cwo,5.21
1zyr,5.74
5t37,6.62
5qtt,8.47
1vyq,5.3
4nhc,7.34
6oe1,8.51
5qaw,3.4
6chh,5.57
1ros,8.77
6e6m,5.75
2who,7.7
2we3,4.43
5zxi,9.15
1wbw,4.36
2xnm,6.8
2aa9,2.92
2olb,5.54
4qvp,6.05
2br8,7.49
5v35,6.96
6h41,7.05
1z2b,6.4
6qra,6.15
1kds,5.77
5w1w,5.52
6goo,5.67
4j17,7.27
2vie,7.48
6htz,6.74
1ogd,3.03
5wgp,5.62
6ckw,9.08
2yq6,7.35
4ok6,4.85
5vlr,8.52
2i4w,11.59
5c3k,3.96
1cin,8.73
2rjr,1.94
5jgq,4.62
4abi,8.2
3mi2,7.77
4cp7,8.11
5g3w,7.38
1nz7,7.12
1d1p,3.6
1a42,9.89
6e6v,7.77
4r0i,6.52
1o86,9.57
3cgo,5.52
6h4s,7.42
1i80,6.41
1nhw,4.84
2vd1,6.86
1lke,7.52
5aml,9.15
4u93,7.89
1ths,7.54
4zyr,5.7
1a1e,6.0
1td7,4.37
2oxd,6.82
4qb3,5.47
4qiz,8.15
5emj,7.48
4o97,8.52
4j46,5.28
4j2c,5.25
4jkt,7.09
4p0v,5.92
3ok9,11.23
4mbi,8.15
4y2y,5.05
6br2,8.72
5jdc,3.98
5d1u,5.96
4z46,2.82
3ry8,3.34
3l0k,4.62
3ex3,4.44
5edb,7.0
5izq,8.52
3zlo,8.82
1qf0,7.38
3ert,9.6
6ajz,4.34
3ked,2.44
4ezx,5.8
6n87,5.66
1k1y,3.22
6arm,4.97
2qt9,8.64
5qay,3.23
4cfw,6.29
4q90,2.15
3ekv,9.41
2tpi,4.31
4ht2,6.54
2y1g,6.15
1aid,4.82
6oos,11.3
2d06,4.08
4caf,7.12
2gph,5.3
5lpm,5.56
5nb6,6.3
2pvv,3.36
1r58,6.96
4jx7,6.91
3g4l,8.24
1r0p,8.0
3tgs,5.39
5zoo,5.65
4yvc,5.96
4w9j,6.23
4i9u,3.86
4ygf,7.68
3vjt,5.39
4k2y,3.33
1w5v,8.15
2z4w,6.01
5vk0,9.74
4tsz,7.0
2yhw,5.6
3ikc,7.46
3b7u,7.74
5o1c,3.95
3h0s,6.2
3chf,5.37
3h0z,8.37
2x9f,7.21
1gyy,3.64
3hnz,7.72
6fi1,2.15
2bba,7.15
2xdk,3.6
6eya,7.48
6huu,7.46
5ivy,6.44
1yye,8.57
2qaf,5.36
6i68,4.89
4md6,7.77
1lvk,5.92
3d91,9.15
6cbg,3.95
4a9t,7.15
5u06,6.66
6mo4,8.34
6iou,3.73
1gwv,2.57
2r9s,6.82
1maw,1.1
4io6,4.82
5u14,5.34
2xxt,8.05
1u9l,5.02
2hah,8.0
2vjx,4.96
4zz2,8.04
6oah,5.82
2dxs,7.34
4yyn,3.96
4ksq,7.31
4ere,8.38
4csj,8.31
1apb,5.82
6rj3,6.4
3rtf,7.35
6p3p,6.84
5xmx,7.24
4l6s,8.52
4dhr,4.57
4aig,6.52
1z71,9.18
1n4k,10.05
6htt,6.66
6gvz,6.4
3opm,6.62
3kqs,5.2
3hvk,8.52
4zxx,8.1
2sfp,1.7
4bi6,3.95
4kxn,6.1
2p98,6.19
2amt,4.44
3g4i,9.04
1svh,6.44
3run,5.44
1uvu,5.0
2bfr,5.25
2ltv,5.16
5fs5,6.69
2zv2,6.3
5icp,8.42
2vpn,6.72
3zlq,6.04
3lkz,6.15
3ryy,7.42
2rcn,6.0
3hxd,5.05
2b4m,3.53
6qgg,6.3
1bb0,8.36
6en6,7.94
5ux4,7.05
3uu1,5.2
2bz8,5.6
1w31,3.6
1wax,4.07
4nra,4.19
1qpl,8.51
2pjb,7.72
3iqq,5.54
5n7g,4.58
1fh7,5.24
4d1s,7.66
6e7r,6.83
5ty9,5.21
3o56,9.1
4mcb,5.82
6ncn,3.05
2ntf,6.52
1jyq,8.7
3ldw,7.97
3u93,6.31
4rrq,5.47
4p75,4.1
6ax1,9.42
4ym4,4.47
5zvw,8.62
3rlq,7.4
6p1l,8.7
2xwy,5.22
5vdk,7.57
5ism,9.15
5kgx,4.8
5lgq,7.05
3eqr,8.7
4oc6,7.07
4aza,6.99
6ajy,5.28
5gty,7.72
2xxn,6.41
6p8x,5.56
6qfq,7.1
4v11,6.49
5q0e,9.16
5alw,5.15
6skb,7.7
1lbk,3.18
6uhv,6.92
1y3g,7.4
6ilz,6.47
5lyn,5.04
2wpb,2.89
4loq,8.15
1hyo,4.07
6cje,7.22
1ajx,7.91
5iop,4.54
3wig,8.64
3hrb,7.68
2ez7,4.36
3twu,5.62
5w19,5.3
3c10,6.52
5zla,4.3
1udu,9.05
3u4o,7.28
6itq,4.69
4du8,5.37
2j27,3.52
4gye,6.85
3q7q,5.65
2gv6,7.34
4wy7,6.78
4x6h,7.66
1jsv,5.7
5xs2,8.3
2f01,13.0
1ozv,1.44
5wre,6.41
4qsh,5.1
6gjb,8.1
3k3a,7.08
4c35,6.25
4qh8,4.89
1hy7,5.39
5vp0,9.21
4ozj,5.4
3g9l,6.13
2yiw,9.1
5lvf,4.82
3d52,3.28
6mkw,4.77
2wl0,7.8
3q44,6.31
6cvd,4.0
4muw,8.01
2pmn,5.2
1d4i,8.85
5w0e,9.03
5e1m,6.72
1axs,7.77
1cka,5.72
6o3w,5.12
3wi2,7.04
4rrs,6.68
3cqw,7.38
5t19,4.49
3ncz,7.82
6eqa,4.85
6i0z,4.04
3ekp,8.89
5dde,7.19
5vp1,9.29
5ab0,7.59
3w5e,7.96
2f3f,6.72
4hco,4.32
1p5e,4.81
3ljg,7.73
1nu3,4.0
5n0e,8.44
6r9u,2.12
1dud,4.82
4r4o,5.82
5u4g,6.1
3vp1,5.48
6hwu,7.54
1pwy,4.05
4x69,7.66
5xp7,4.42
6dgz,11.3
4wy1,5.29
5agv,9.7
3zs1,6.4
5j1x,5.52
3ilq,5.21
5ald,5.97
1br6,3.22
2j9h,3.39
3t3y,5.47
3s00,4.92
2y54,4.7
4m5h,4.54
3zm9,7.42
3r6u,4.52
4dcd,5.75
4qaa,6.44
2i4x,11.72
5oci,8.05
3qcs,6.5
5juz,5.52
3spf,3.86
5w73,6.3
2koh,5.22
4ijp,7.8
4e3b,6.05
4y16,7.43
1my4,6.98
1n3w,6.96
3d25,7.66
4lop,8.15
4e5h,6.37
2cct,5.02
4res,7.85
5f01,6.38
4eb9,8.27
5w3i,5.8
1lbf,7.85
5enm,7.15
3zdv,5.48
4j3u,6.34
2f9u,7.39
4wt2,10.42
1mue,8.64
4gs6,7.15
1uwh,7.66
4kai,7.3
3zlx,3.8
2xcs,7.85
5nwd,8.0
5ive,7.57
3tku,5.72
5i8g,7.52
3h22,5.1
5ap2,8.48
3pb3,6.22
2v12,9.05
3tdz,6.82
3ggj,6.0
5y0z,6.34
2vi5,3.96
1qw7,3.6
4mpc,6.15
1bux,4.85
4u8w,11.24
4to8,1.24
1det,4.3
4q9m,7.18
1fzm,7.7
4d1y,7.13
4qc1,4.99
2ie4,10.0
2of4,7.09
3atp,4.45
5e2s,9.01
3zos,8.89
1afl,6.28
2pl0,7.21
3hl7,7.64
5w2s,7.33
3kdd,8.46
2r3c,5.66
4r06,6.29
3jxw,9.0
6hvh,7.33
4or4,4.57
6hgx,7.11
2jke,4.23
3fl5,7.28
3bjc,6.96
1vrt,7.1
2qu2,5.43
1njc,5.55
5jgd,7.96
6aox,4.82
2ypi,4.82
2gnh,6.83
2e93,6.96
4f8j,5.07
4wwn,6.07
6hh5,4.27
4c4i,7.66
5qam,4.0
1hp5,6.55
1ax1,3.29
2xrw,5.15
1bmn,8.44
3azb,4.92
5ugm,5.9
4avi,7.63
4mx5,4.55
4mw5,7.35
6evn,4.71
5t1w,7.11
6fvl,6.8
6fmp,5.64
6n96,5.42
5fe7,3.31
3pcb,2.4
6miq,4.55
1swp,11.0
4n9b,5.28
5tx3,8.85
4pct,7.15
2pyn,7.57
4jr3,6.66
5a6x,6.69
1mdl,3.09
5fpi,4.14
4own,4.22
3ffg,9.08
4xaq,7.14
5w9g,6.82
5m0d,6.09
4ekg,8.77
6e59,8.67
4bti,9.7
6ce8,3.41
4qsu,2.0
1mxo,9.0
5otr,4.92
3fjz,4.05
6aum,9.1
5iua,8.82
3t6y,5.52
5lne,4.76
2pj2,7.92
1zsr,9.82
3cm2,6.47
6b8j,8.3
1cze,2.62
4dfb,4.6
5xpm,7.64
4mm6,6.69
3r2b,8.4
4x3t,4.54
2i4v,11.2
1w3j,6.32
5uc1,7.85
5h0b,7.96
3ryz,8.62
4exz,7.54
6n48,5.92
4rcf,8.4
5m39,4.62
1rhu,8.52
4y5s,3.73
3bgp,7.04
2r2m,7.33
6ajv,5.04
3kmy,4.49
4rj8,7.77
6n95,5.12
6cct,4.14
5cuq,5.92
4ytf,8.15
5cep,6.84
3t3d,4.91
1hc9,8.72
3zo4,6.83
1xom,7.96
1qan,4.48
2xcn,6.92
1h6h,5.3
6ggb,5.39
5ost,4.56
2za3,3.68
3nam,8.46
4xum,4.67
1ex8,6.33
1bnq,9.49
4dfw,7.85
3dx3,6.52
2gfk,4.52
2hnc,7.22
6at0,4.04
4o1b,6.41
4gtr,8.3
2y1x,7.57
4loo,8.15
6peb,8.57
1d2s,9.74
3gvu,8.0
2yer,7.7
1sts,5.0
2f5t,5.17
1uz4,3.4
1uvr,6.0
4zz0,7.0
3rtn,7.13
1t4e,7.1
4psq,6.36
3kqy,4.82
4yfi,6.3
3u7m,7.45
4l53,7.55
4lys,4.34
2yk1,8.13
1wbv,3.79
2aod,5.66
1qfs,9.48
5kdf,3.27
1b6h,7.82
3g0c,5.7
4hlh,5.96
6c7i,9.42
1d5j,9.15
4j51,6.59
4fse,7.4
4h1e,8.52
6bin,6.34
3g9n,5.74
5kr1,9.49
5uac,8.3
3v31,5.8
4wvu,5.71
2euf,7.82
2ieh,6.96
2xp2,9.0
2xgs,3.28
3jrs,4.28
6hop,5.62
5dtr,4.41
3t2p,3.6
1hvs,10.3
4is6,6.2
1xpz,7.08
2gbg,7.25
5f94,8.47
5anq,5.4
6jbe,4.7
1wkm,0.82
5mk3,4.05
4p1u,8.52
5ihc,7.89
4zba,5.51
6ami,4.52
6f5h,7.05
3x1k,3.59
3gst,6.72
4zip,9.68
7hvp,9.62
6gdy,5.46
2qk8,7.91
4fci,1.26
6g8k,4.45
2hdu,2.3
3ogq,7.52
4an2,9.05
3ly2,8.3
2bak,7.43
5lsh,3.39
5mme,5.85
3ppm,9.54
5vja,6.59
3kga,7.21
6d5h,6.92
3wqm,6.25
3mpm,7.52
3vjc,7.72
4u6z,5.41
5o1i,5.4
6pyd,6.81
3h5b,10.0
4w9p,7.8
2v5a,6.82
2wnj,6.48
3rcd,7.77
1o47,8.4
1mzs,5.15
5kbf,8.92
6a9c,2.74
5kby,8.82
1ogz,5.85
5wa8,6.23
3ryw,6.24
4zij,3.25
6mvu,2.89
5ual,3.58
2vtm,3.0
2xyf,8.44
5v5d,5.27
2yde,3.72
5fcz,4.2
1rgk,4.31
2pvn,9.46
3cfs,5.96
5nyh,7.73
5zty,10.12
2c69,4.59
1bnv,8.77
6hvv,6.67
1nw4,9.07
4o3b,6.09
2qyn,6.24
2fie,5.46
4rxc,4.48
1e2l,4.29
4acx,7.11
2b1v,5.74
6e4v,6.29
4kow,4.31
4bnv,7.52
3nga,8.0
2jew,6.69
3ga5,5.49
3cjo,8.66
5jq5,5.63
2e91,6.59
4mzl,5.62
1c50,6.48
5aip,2.82
2bz5,6.15
3f82,8.34
3zpr,6.65
4nk9,8.51
1j36,7.74
1g30,6.85
6dz3,8.89
4dgm,5.92
4llp,4.8
2jql,6.52
2waj,6.4
3cr4,4.28
4abk,5.72
4dcv,4.59
3ioi,6.28
4uwf,8.15
5nba,7.3
5nin,7.12
5tyr,9.59
2jkk,8.2
5m9w,2.24
4yh3,4.59
5maj,7.46
3l3z,4.87
4p6x,7.04
3u4r,7.41
3gl6,4.68
1fki,7.0
6jno,6.63
4mbp,5.64
6peg,5.16
1ek1,7.77
5gvm,6.73
5hvy,7.76
2qhr,7.39
2xhm,6.8
6da1,5.05
3b8r,9.22
3m40,6.77
4xy8,6.4
4k76,5.35
3eyd,9.7
6ayr,8.39
1wxz,8.07
6m8y,6.38
6hgz,5.97
2w8j,2.96
1lpz,7.6
4rxa,5.74
5jid,3.76
5yqn,4.03
5g2b,7.0
5ece,8.05
4gg5,9.03
3wix,6.27
3qlm,6.37
2viq,5.89
5bms,6.34
6mla,4.38
4uvy,8.26
6ey8,5.81
5emb,5.2
5ovv,4.48
2zga,6.32
3n5u,5.92
5ea3,8.77
4awk,6.89
4jbo,7.62
4krs,6.52
2ada,13.0
2cgw,4.76
3d8y,3.4
1i7m,9.64
3jzq,6.96
2x0y,4.6
2vl1,1.35
6h12,7.68
3mxc,6.54
1h3c,6.51
5uwj,5.7
4um1,5.77
5ox5,5.59
2j75,6.65
6plg,7.82
6nsp,7.36
4ge7,8.15
3o3j,6.4
4odf,10.0
4zx5,6.19
4bdj,5.14
4wpf,6.6
4qht,4.94
4oty,7.4
4byi,8.05
5am2,5.01
1ai6,3.97
5qat,3.85
4wxi,8.08
4i8x,2.64
4m2v,7.44
2o22,7.17
2pjt,6.07
4fmo,5.53
1nnb,5.0
4guj,3.05
4r5n,7.12
1fpc,7.0
6itp,4.65
6cdo,8.97
1o4h,2.44
6oir,7.77
2qhm,6.18
4os1,5.6
5fb0,5.47
1ga8,1.8
2vta,3.73
6hhg,7.76
4kz4,4.15
5ne5,7.41
5yjo,7.17
4zme,4.3
2fs9,8.52
4qzs,7.05
6qk8,4.85
4dmy,9.0
4zh4,4.22
5lgt,6.51
6gfz,5.51
6b4n,10.55
5h17,6.05
6q8c,7.68
4ps5,6.54
4b13,5.7
3o87,7.6
6e4f,9.07
1nje,3.8
5n1s,7.99
1ql9,5.35
6h37,8.59
2vrx,7.35
5fi7,7.4
3fnu,6.16
1o1s,7.31
3rxd,3.73
3ti4,6.02
1zgi,5.34
3g8o,7.8
4y46,7.96
3qx8,2.86
4u0b,4.3
1wqv,6.89
4f6v,5.8
4r1e,7.28
4ptg,8.23
4tkf,6.55
2c1q,13.0
1od8,5.1
5lwn,7.77
3gb2,7.47
2vvv,8.22
5u0y,6.08
5k13,8.74
4j3m,7.68
2x8d,6.1
1mu6,8.38
5bq0,7.82
4i9h,7.17
4mk0,5.2
5npf,4.24
3bgm,7.41
5kx8,7.42
5kbh,6.26
3hiv,8.12
6fs1,7.01
5hjb,5.68
3pce,2.0
6qs5,6.24
6g5l,7.62
2p1c,7.68
5j47,5.31
6oqn,8.0
5fxs,8.05
2y2p,4.7
3hv6,5.64
5kup,8.14
1leg,7.95
5ee7,9.21
3nzw,5.82
5kzi,10.0
3chq,7.7
3s1y,6.22
1o5m,8.72
1o32,5.74
2psu,7.62
4xg8,8.72
3qcj,6.3
1me4,6.84
4bo8,6.92
3ugc,6.02
1s5z,3.21
3sx4,8.52
6u9v,7.4
4j0r,6.41
5mos,3.79
6q7v,5.59
1srg,5.3
1tyn,9.7
5ale,5.95
5y7k,9.18
3atv,5.34
4u0m,5.77
4alx,7.28
4lv4,5.0
5f41,4.17
1css,6.1
3c4f,5.72
3bpc,4.8
3ds3,5.22
3c2r,3.11
4ou3,4.41
3wcb,7.74
3qtv,4.65
2vo4,4.94
4o75,4.68
3a3y,9.15
4bcc,8.05
3zjc,5.05
5nka,5.46
4b00,8.61
4msk,7.2
4lm5,6.82
5ni5,8.05
3mvl,7.89
2wfj,7.15
4jvi,5.3
5t1k,6.28
3fqs,7.39
3cct,7.56
6faa,6.75
4n8q,3.42
2ewy,6.15
3t82,7.0
4ca6,6.74
4j22,7.74
2yiu,6.89
2c6g,3.37
2yi7,8.32
2vxa,5.6
2xm9,8.05
1p7m,4.38
2oiq,5.0
5nwk,6.57
6m9d,7.35
1sw2,7.22
4k7i,2.82
1yvz,5.36
5nkc,7.72
3oim,6.74
1oba,2.44
6n78,9.68
6moo,9.17
2byr,8.55
4os7,4.62
4i31,9.32
1ft4,6.57
1o4b,5.7
5wzw,5.91
5c1y,5.9
2boj,5.77
3gjs,4.99
2x6w,7.1
1c84,5.0
4pyy,7.23
6cec,4.35
5v5e,5.52
6hs0,5.5
6g91,5.49
1q83,12.39
4da5,6.44
2qwb,2.74
3g0b,8.15
6d1l,8.12
1c85,4.64
1t4s,2.44
2xhx,6.6
2xp6,4.7
3avl,4.18
3fx6,6.8
5w5u,7.19
6rn6,6.8
5mli,3.9
5fwr,7.75
1ttm,7.35
5i9x,7.52
6p10,5.22
5ml8,8.1
5jrq,6.77
4nzb,4.17
6agk,5.58
3gws,10.09
2jbu,3.4
1okv,6.17
4nni,5.5
5tus,4.43
1z4n,4.52
1hvh,7.96
3gi6,11.22
4gh6,7.68
5a9u,10.1
4cwf,4.49
5orj,4.77
1s89,5.24
3uoj,7.29
1qcp,7.52
6m8a,5.26
5owf,5.8
3phe,7.8
2oq6,3.6
3rxh,1.8
1hp0,6.7
4og3,6.55
1wva,6.57
6qr0,6.92
6dh3,11.3
5jaz,6.55
5oha,4.89
4ayy,8.17
1ibc,10.25
4rn0,6.59
3tt4,8.28
5t7s,4.1
3b3w,4.19
5m7s,9.05
2l7u,3.98
1at5,4.19
4zji,6.47
4u7o,3.35
2c68,5.74
6n7z,5.55
4ca8,6.68
4kup,5.22
3q4k,7.05
3bhb,8.47
2zn7,7.89
3vbq,9.33
6g92,4.12
5o9y,5.34
2qzk,7.57
2w9r,5.32
1mai,6.68
1eve,8.24
1w4l,8.4
3ehn,1.92
4cfl,5.88
3vb4,4.31
4px6,8.4
5e0a,6.59
6hmg,4.94
3m3c,4.06
5v7i,7.18
2v88,4.09
3w33,7.44
6r49,2.1
3gtc,2.35
3d7m,6.44
3mhw,2.3
5lle,10.22
4i9o,5.72
6g9j,8.39
6me1,7.92
1tnl,1.88
1fq8,6.03
4jv9,5.74
3tkh,7.33
3l59,3.7
5mrp,5.52
5f62,8.17
1h37,7.23
5aqk,3.65
3ipe,6.82
6i3s,7.05
4l32,6.84
3efk,7.85
4z6i,6.31
6r0x,8.7
2g70,7.77
3jsw,7.18
5wcm,4.0
3f69,6.0
5avf,5.49
6p9e,7.17
6n3o,8.62
3hfz,4.89
2fl2,8.7
3hqw,7.46
6fa5,6.75
3vi5,5.68
5f9b,4.26
2azb,7.19
1h0w,4.89
3w32,7.12
3gm0,7.77
1b6m,8.4
5exm,8.2
6pii,6.96
4p5e,5.55
5yia,5.52
1tg5,7.92
6phr,6.7
5w8h,4.63
5khd,5.6
5obj,4.78
3s7a,8.96
6rfj,8.4
1jii,9.0
1fcy,8.52
2w4i,6.3
5u4c,6.0
5q0f,9.89
2zif,4.37
2h65,8.19
6b1k,6.67
4hlk,5.96
3t1n,6.1
4ofb,5.43
2uw8,4.11
6md7,6.74
2cm8,5.87
3vf7,9.1
5ggo,3.1
4p02,6.4
3pty,5.44
6ql2,7.77
4a0j,6.0
6hzb,8.98
2y8i,5.89
3emg,8.05
5jau,8.85
4btu,9.3
5l2o,6.12
3apc,7.44
1xd0,7.12
1rxp,7.14
2r05,5.15
1ppk,7.66
4e4a,2.05
2z97,6.0
6i10,4.53
3b25,6.07
5iuh,6.4
6hub,8.1
5b1s,3.91
4yx4,5.97
2yb9,9.22
4bup,4.95
4xh2,8.22
2zmj,7.52
4x1p,4.2
6f7q,8.96
4qgg,9.0
5m4f,7.89
6b5t,8.66
1cnw,7.72
2xyr,6.13
5ct2,2.92
3l5e,7.57
4k0y,7.82
5y7h,7.73
5wjj,6.62
3dux,7.0
4nw5,7.7
3qck,5.24
6d3y,8.7
6dik,5.07
3lpj,6.92
4gq6,7.28
3v51,8.55
4bf6,8.35
10gs,6.4
2v10,9.4
2chm,8.26
5j87,8.05
6cjy,7.64
5xs8,5.41
3chc,4.09
2g01,5.91
3kad,5.12
6g9a,7.68
5fyx,4.16
6qmd,3.77
4mvy,7.54
6f6i,3.19
5u7i,7.18
5mgf,4.27
2i4j,6.16
1yda,6.55
6i41,4.21
4riu,7.3
2jmj,5.04
3tzd,4.28
6fa3,7.42
1b51,7.37
4p2t,5.43
6ibv,5.23
5x27,9.4
5v19,3.3
3jzp,6.6
1qiw,7.74
3ml2,8.05
3o5x,5.28
4mwx,7.12
5ar4,6.7
5i29,7.82
3mj1,7.82
2zjw,7.7
6ewe,5.51
6n94,4.7
2psv,7.24
1xqc,7.2
3ksq,9.42
3c56,7.89
6mm2,5.41
4f6w,7.52
5o4f,6.68
1o3i,7.3
2q9n,6.37
5c4u,8.72
4c1d,5.36
4att,6.98
5ar0,6.14
3zlr,9.26
2kfx,4.0
3qin,6.87
3lnz,9.31
3uod,7.31
5wb6,10.7
6fac,6.75
6ea1,6.59
3rhk,6.26
1uu7,4.85
1q95,7.57
5oxn,1.96
2f3e,6.81
3sji,5.69
6bix,6.51
3egt,8.9
1f90,7.92
6esa,4.53
2v77,5.06
5lz5,6.35
5q0x,7.35
3p5k,7.12
6ps1,9.7
2vwu,6.46
3lhs,9.0
6mep,7.35
3jyj,5.74
2cgu,4.87
5uir,7.14
1kak,4.59
1vr1,6.89
4zbf,7.13
2h4n,8.7
5dv4,2.47
5ixt,4.6
1uyc,4.39
6keb,4.39
3f5p,6.85
5th2,4.52
4fxf,5.19
5mxr,5.21
1xh7,6.82
2fov,7.55
6eq2,5.89
5axp,9.03
4bzo,7.89
2gh6,4.95
6aom,6.2
3wv1,11.41
2byh,6.59
5lqf,6.6
2fyv,3.52
4r5v,6.15
5bpe,5.95
5zw6,8.0
4i74,6.72
2qo8,8.47
4m0r,5.21
3sha,5.59
2ves,7.7
4zvi,6.33
3p4r,2.72
5t1t,7.24
6cze,4.03
6aah,8.41
3sl1,3.59
1hlk,5.0
1k1p,7.92
4p0x,5.92
5jf1,7.19
3w55,7.1
2uxi,7.3
4lm3,2.92
4loy,8.09
3ng4,5.43
6s56,5.1
5id0,5.77
3upi,8.22
2cbj,8.27
4bi0,4.23
1fwe,5.6
5za2,5.77
3wdz,6.92
4ixv,6.62
3h59,7.89
3c6u,8.87
5oq6,7.56
1sqq,7.82
2yjc,7.66
3su1,6.68
5moc,4.63
1o39,7.13
2g9q,6.4
3ksl,4.52
5lch,4.69
3k3b,6.7
1ws1,9.55
5unh,9.46
4n7g,5.66
1qng,7.89
3p8n,9.28
1xlx,7.6
1swn,12.0
5hog,3.64
6bsk,6.92
3ans,6.25
1bgo,8.46
5wfw,6.1
1o4p,2.6
5u6v,7.68
2qu6,8.52
5l9o,5.4
4qmv,7.64
1ym4,7.41
3inf,7.4
2r1x,4.8
3tll,4.39
4b72,6.2
3ggv,10.85
2y7i,5.54
6q38,6.38
1fd7,1.85
1qx1,2.12
4mi6,4.31
5wkf,3.87
1lek,8.89
4r6v,7.45
4q4r,6.43
4gj2,8.6
1hk4,5.31
5tzx,7.28
5oai,5.15
3vws,3.65
6h4a,7.38
6hm7,7.1
3cvk,8.0
3axz,3.43
3nc4,4.58
1tx7,4.6
3gt9,3.96
6asz,4.72
1m5e,7.7
2wos,3.9
3jwr,8.07
1odj,4.1
5tc0,7.6
2b1g,6.64
3ttn,7.84
4iks,5.14
6b1j,7.37
5o5m,5.23
3i5r,4.4
5dus,5.53
6jam,5.23
3tfp,6.47
3ka2,6.62
2cmf,7.55
5klt,6.76
4qmy,8.4
5ka7,4.35
3kqe,8.09
4b32,3.34
5b5g,5.25
3wyj,6.44
5q19,7.32
4f9u,6.03
4eu3,0.82
4x2l,4.44
4avw,7.62
4dzy,5.62
1mzc,10.22
3thd,4.05
1gi9,5.22
6cn5,7.7
5f6v,2.24
6hdq,7.0
5ur1,8.97
5q0q,6.11
4glw,6.1
4qmp,7.85
1flm,9.37
2pwg,4.82
6boe,5.54
6eq1,4.61
2x2i,8.7
4ih6,4.74
5wgd,7.11
3s2p,7.17
3shb,6.03
5hyx,6.55
6hb6,7.36
2q64,8.52
3le9,8.22
5u7j,6.41
5tmp,7.47
1ax2,3.99
1gwq,7.12
1o2r,5.21
1h1d,8.22
1fcx,7.19
4bs4,8.22
6pi1,3.8
4qoc,9.92
1qb6,6.06
5ovi,7.68
4bw4,6.2
2y36,6.42
2y1n,4.77
5f95,8.01
3kac,3.13
4ewn,6.7
4hmh,6.21
2yfx,8.09
5kv9,5.85
3mtb,4.63
3jzg,4.4
5h15,5.8
2ym4,5.82
3t0b,4.3
3vzv,8.04
1ndv,5.92
6b7d,4.28
2o4l,9.22
6me3,9.38
4l23,7.75
3gjd,7.33
2pzi,6.1
4mul,6.21
1hiv,9.0
5wbf,3.81
2nd0,3.2
6hvs,5.23
5n87,9.25
1q1m,5.16
4waf,5.0
3kck,9.1
5ovx,4.5
4ibb,3.57
4lyn,7.22
1ets,8.22
3k5i,4.7
5dxt,9.7
1qxz,4.72
4do3,4.1
6ffs,7.2
2hd6,7.8
3asx,7.7
5n9l,7.82
1ody,8.1
1nlt,4.92
3ovz,8.06
2zb0,6.62
1jk7,8.52
5kat,4.1
2fvc,7.49
5a4t,5.89
1kv1,5.94
3ttp,9.12
4c38,7.76
3td4,5.66
6h4t,7.0
6dsp,6.09
1gja,5.42
5fqp,7.72
1b5g,8.0
2oaz,8.7
3bze,6.0
5dv2,2.9
6pl3,8.52
2aw1,7.37
4i7d,7.0
5j8m,6.8
3dv1,6.23
1dwc,7.41
3t6j,6.36
5vcz,6.35
2glp,5.01
5ye7,5.46
2pe1,8.3
3dpe,7.24
4b5w,3.33
6qae,8.52
4eh7,3.28
2y6s,6.99
5ggk,3.54
6ft9,6.96
5cso,6.03
6b2q,8.05
1m4h,9.52
5ung,9.47
4awf,5.57
3ud7,4.74
4ocq,4.61
1ntk,10.49
3tkw,5.27
5d9l,7.62
4zs2,5.49
5yib,5.48
4ayr,7.0
3wha,9.32
1t46,6.43
5h19,6.49
5u2e,6.56
4kz0,5.38
2iok,9.0
4hw3,6.49
1urw,8.52
3qc4,8.7
2fou,7.1
4n99,3.67
2p3c,7.62
4xjr,5.32
5llp,9.24
6g36,7.79
5nxg,8.55
1yrs,6.35
6slg,10.3
6dar,6.66
5izc,3.95
2vx0,6.24
1w7x,8.4
3k83,7.66
5v84,6.7
6hhj,7.97
4q9y,5.68
1pu8,3.1
6p83,7.1
4k5y,8.17
3wkd,3.77
1pzj,3.49
3s2a,8.09
2fix,6.24
6r1k,5.05
5jlz,5.82
3s3r,8.68
3l6x,4.4
1pye,6.41
4dhm,3.78
4k5o,3.98
2ov4,4.74
2r43,6.0
4i6q,7.52
4m2w,7.28
6q5b,5.89
1ysg,3.52
4oag,6.3
1a4m,13.0
1xz8,4.52
6qlo,5.06
3aig,6.0
5jm4,7.42
4cmo,9.07
1eb1,10.43
3ls4,6.3
5jyp,7.0
2am2,5.1
5gn7,6.05
4f1q,4.95
5tgc,6.7
5jjs,7.32
2bcd,10.22
2yme,7.66
4mq2,7.01
2nsl,4.68
5ybe,6.24
4us4,5.32
2j87,4.85
4hzx,9.3
6mlg,5.05
4fcf,8.62
2ynd,7.49
3zzf,0.4
4u0e,6.92
2a4z,6.6
5jyy,8.1
3fxw,5.96
1ett,5.89
3ika,7.85
3fvg,6.89
2vci,7.68
1fch,7.15
5tzc,8.1
3pkn,4.66
6gj7,6.06
2g1q,7.36
4zjj,8.0
1w3k,4.3
3aje,5.03
6poi,3.49
5lh4,6.96
4jg1,6.63
4qwr,5.93
1pw6,5.22
3ewh,7.16
5u62,5.89
6ck3,7.35
5zde,5.75
5e0m,5.28
6gu6,5.74
5ofu,4.2
5cyv,4.96
1zxv,6.1
3ouj,6.05
5ngb,7.72
3o9f,12.7
6e5x,6.12
1m13,7.57
5fnr,4.23
4y2u,3.24
4ob0,5.3
3cyy,4.77
5fsb,2.22
3hxc,5.28
5kr2,8.48
4jaz,5.04
2jh5,6.44
4iuv,5.72
5bui,7.05
4o4y,7.81
3s1h,4.77
1bn4,9.31
6b59,8.09
3wf9,6.25
3nf6,3.53
4ogi,7.43
5etl,4.64
5icz,5.3
3ds6,9.1
1jgl,8.7
6fz4,5.95
2arm,7.68
4gby,3.46
4z0d,5.3
2vwl,7.02
5u4a,6.36
5kjn,7.77
5al1,4.28
1tlp,7.55
5hda,5.13
6gzl,5.14
5vqv,6.4
3pj8,7.4
6gxw,3.36
1rdj,1.66
2wl5,4.52
6rtn,6.63
5zun,9.19
4kqr,3.9
5ucj,6.36
6qwa,6.59
5nfb,6.11
6c7x,7.19
2aj8,6.2
3rdh,5.03
1my2,7.77
1c5o,3.49
5zma,5.52
4i11,4.57
3sfi,6.4
4y8c,7.96
4nka,6.51
6cki,7.24
3f8e,7.23
6hgr,3.46
4p7e,4.76
3c4e,4.0
5k9w,4.59
3ucj,6.0
4tlr,8.52
6q74,8.2
2bqw,8.52
4zjc,8.96
6fnr,5.59
1nzv,6.4
1tvr,7.48
3oxi,5.66
4nmo,4.83
1czo,4.55
6aaj,8.3
5try,7.8
2ym6,6.06
5l9l,7.1
1pf8,7.51
5es1,8.34
1owk,7.63
6fzx,8.15
2pja,8.66
2chx,7.74
6h7u,1.98
4erw,8.15
5he3,6.55
4p45,7.8
1nt1,8.89
3lqj,5.37
1d3d,9.09
2qg2,5.4
4cik,6.43
4lnp,3.67
4s3e,6.11
3mww,7.24
5f3g,6.9
6dya,6.17
3u7k,7.07
2hh5,7.49
4qw0,5.14
3g3m,5.96
1vyz,6.54
4nk3,6.33
5u66,3.0
3ai8,3.81
4jfv,6.28
2r6y,9.49
5ak3,5.07
1b6p,8.52
4hw7,7.21
4e20,8.22
2q80,4.6
5y48,5.85
5oa2,5.01
5im3,5.82
1a86,4.0
2wi4,5.81
1hww,7.7
4ngm,10.35
1oq5,7.68
2qci,8.34
3clp,3.69
9hvp,8.35
6g6y,6.66
3m2w,8.52
2xvn,3.95
4i9s,6.79
2xib,7.26
4eb8,9.82
3wcl,6.59
3m94,5.08
5m63,6.96
3new,5.0
5e2m,7.23
5n9r,5.59
4jvb,7.41
3uw4,7.77
1xh5,5.47
4c3k,4.97
1t1r,5.4
4ay6,5.12
2web,5.12
3hqy,7.94
2i7c,5.07
6esj,5.68
2zu5,7.0
4xx3,7.25
5ld8,8.05
3sgv,4.46
1xn2,10.52
6f1j,4.62
6a06,8.47
3igp,7.02
5uln,7.85
2pu2,4.43
6gz9,2.13
4iu4,5.0
2r3o,6.22
1zsf,9.92
5wbk,6.03
3vtb,9.3
5alp,7.07
1jld,6.73
3fc1,8.0
5fdi,7.73
6g3y,5.89
5gja,5.55
4zx9,7.39
4q8y,2.64
4l0l,7.27
5gmv,6.23
5w8v,8.22
5ll5,6.04
2zg1,2.1
5bs4,11.0
6oxr,10.32
2ctc,3.89
2n0w,6.15
3zmi,5.95
1jvu,5.15
4nhx,5.72
2c6i,4.96
1fzo,7.89
2r9x,4.85
4xqa,4.99
4m48,6.81
5vi6,8.52
4btb,5.01
5iu8,7.74
3mo8,3.1
4x2s,6.55
1p2a,7.92
2gdo,9.49
5mjb,8.52
5ewy,4.3
6fdq,3.95
4qir,6.95
3vbg,7.48
5lyr,7.89
4o2e,8.0
2a4w,8.29
1aw1,1.05
2kce,6.17
5j41,3.7
3bz3,8.82
1czr,9.0
5up3,7.9
4app,7.19
5qad,3.77
4uja,9.05
4y85,7.89
4f6s,5.49
2pcp,8.7
5drs,8.96
5j74,8.72
1xon,10.68
2v87,4.6
5irr,5.27
2wd7,4.97
1w2x,5.14
1rnt,5.19
6hmy,7.24
3i6o,10.35
5ipj,8.89
1a94,7.85
4zt8,4.39
6hhp,7.49
3nww,8.15
3k3i,5.72
6cmj,8.3
6o1g,9.0
4jsa,4.96
3vf8,6.82
3ooz,7.85
3g19,6.67
6a6w,5.43
6bbu,7.54
4b0c,2.07
1ftl,6.0
6szj,5.82
4nrt,6.0
1zom,7.52
3m5a,4.96
6nfz,7.8
2ole,7.25
4w9s,6.82
4m5k,5.23
3oag,9.51
6hmr,6.83
1pxo,8.7
4kql,8.77
1fdq,7.27
4j08,6.66
4d2s,7.7
5fdd,4.2
6ezq,4.66
3sl8,6.54
1ezq,9.05
4k2g,7.7
2pvl,7.62
6guh,7.59
2ykj,6.21
5f3t,3.68
1stc,8.1
4m0f,8.77
4oex,5.84
4b73,7.21
4fns,6.7
6eb2,6.32
2d1o,7.7
4deg,8.22
6qlp,5.28
3cwe,6.92
6f8b,5.21
4ncm,7.0
3ma3,7.22
5l7h,7.3
1oko,4.54
1br8,4.74
3s3i,7.8
5fsy,5.89
2ica,7.7
1c5c,6.96
1hiy,3.08
4mbc,6.4
4bbe,8.44
6hoy,4.48
3miy,7.68
2ea4,7.34
1sbr,5.0
3dcs,7.94
3sk2,3.61
4xv1,8.38
6df2,7.24
6mj7,2.82
5ogl,4.31
4dkr,6.52
3u2k,7.52
6d9s,5.96
6ei5,7.42
2p4j,8.96
5qa5,3.52
5n1z,8.19
2b1q,1.59
3qto,4.13
4xtp,4.26
3h0a,7.48
2a8g,3.69
4kp5,6.08
5k09,6.0
5jgb,7.89
4b85,4.06
4xt9,6.8
4d2p,5.68
4uu8,6.54
3zmq,6.44
4pre,3.74
3rpv,7.15
2wq5,3.74
4few,5.21
6bik,8.19
3v3l,6.43
4f3k,10.16
3ekx,9.41
5l8n,4.51
2gz8,5.52
4nbn,4.36
3s45,8.49
5ia4,7.28
1xm4,10.39
1o7o,4.49
4nrp,4.59
2j34,7.82
4anm,7.55
3f8s,7.89
5ieo,7.0
1cgl,6.87
4muf,6.34
1usn,7.74
4knr,5.74
5i58,6.92
5afv,5.59
1uk0,8.1
2knh,5.15
4e7r,7.7
3cjf,8.2
1ec0,8.49
3ecn,3.16
3l4t,5.42
2qoh,7.7
6dry,9.43
1oz0,7.7
2nqg,6.48
6djd,2.14
4pf5,5.48
3ipu,7.32
5x4n,4.17
3fas,6.77
3ro4,6.23
4bic,7.3
3arr,5.4
5t6p,6.06
5y0f,6.68
5ew9,11.0
3jzf,5.3
6f28,5.67
4pax,6.4
5hz8,6.4
5v42,6.62
2b1i,6.82
5om9,4.25
3eju,6.6
6h5w,10.8
3w1f,8.44
6n92,4.97
6o6g,6.52
4ydq,6.52
6skd,5.8
1e6q,3.15
5h5s,5.09
3k3h,7.06
3l9m,7.3
6qyn,7.62
5aqp,2.68
4bjx,7.66
5ugc,7.89
4gqq,2.89
4w53,3.99
2og8,9.3
3uvu,7.38
5nzp,2.19
1i37,9.57
6d4u,5.7
1xm6,6.38
6q8b,7.53
3i1y,8.15
6dxl,5.8
2bdl,7.82
6ckr,7.3
5aaf,7.44
3hl5,4.47
3vyf,8.8
6cms,5.82
2r3p,6.05
3ts4,8.72
4hej,4.62
5q1a,8.02
3soq,4.57
5fsc,2.36
4azc,5.86
5nbw,8.59
6sq0,9.1
6b1x,7.4
4dfn,7.7
3b3s,2.55
6fo5,6.72
5vd1,6.0
1h1p,4.92
3pwk,3.35
2gg2,6.6
3cst,7.41
4ght,5.78
5jan,3.01
2lyb,4.46
2vgo,6.3
6p3t,7.32
2ya6,5.7
2i3h,7.4
1ie9,10.19
6hdn,4.3
3uhm,8.44
3me9,6.3
1qwe,5.92
6nyh,7.68
3iwy,7.28
5pzm,5.96
3k8c,2.92
5jsm,6.59
4pow,6.3
3tvx,4.14
6mnv,3.37
4jfd,4.44
5lcf,4.75
3w2t,7.53
1x9d,3.96
3cl2,7.59
3q2m,3.8
4p0n,8.66
4dea,6.59
2xdw,8.37
6hhr,7.01
2p7z,6.58
4wht,8.1
1i7i,6.7
6ma3,8.3
1d6w,5.96
6htn,6.07
5iz6,6.64
2w1e,7.92
4f70,5.74
3vbd,8.07
1jmg,6.07
4ipi,5.32
6knh,3.55
1gj8,6.96
1yp9,5.11
2a8h,7.17
4kwp,7.49
4lgg,8.52
3qfy,6.12
3ual,5.81
1y2a,7.34
3cho,6.55
3mp1,6.1
1a7c,4.0
3zrl,6.8
2a4g,7.18
3wgg,4.4
4qw4,6.95
4h75,6.6
2v3d,3.94
6q9l,8.41
6gg8,9.1
3zpu,8.38
5uoy,7.57
3upy,5.62
4ajo,7.03
2ko7,5.19
1bxl,6.47
2i1m,7.62
6dyu,10.26
4psb,4.64
3g5v,7.8
4nwc,5.76
3zxz,8.4
3uli,7.15
5j6a,7.77
4dfl,6.17
3ekw,7.96
2vcq,6.04
2hm1,8.7
5cnj,6.84
6ml9,5.3
2ad5,3.96
4q93,4.65
5k5c,1.62
3eor,1.4
3q96,8.54
1e34,2.88
6qrf,4.48
6f8w,4.64
3ctt,6.35
6gji,3.87
3f7z,7.19
4u6y,7.08
2zx7,10.49
4dht,4.82
6iam,6.85
2lya,4.19
6bky,6.57
5zdf,5.7
4yti,7.89
6cvy,8.41
3ipq,7.57
4cd0,9.7
3cso,5.77
4b4n,3.44
5tkj,8.15
2hdx,6.26
5mtw,5.72
5yve,6.48
1opi,7.3
5eok,3.49
1zz2,5.22
6prg,3.7
4cpw,7.5
3wk5,4.82
3l13,7.82
4pp0,4.4
5d6q,5.24
3jy0,8.3
3imc,2.96
3aaq,3.3
4bae,8.52
2az9,7.66
5hlb,4.01
2fb8,9.8
3rqe,4.77
1oit,8.52
5ovc,5.96
6cwh,7.54
5vzu,5.57
1zd5,4.87
1c29,6.33
3r7q,6.97
2rcx,9.0
1nfs,9.92
1ouy,8.37
5a5d,8.0
2vc7,3.36
5nk8,6.64
3pjg,3.55
2bdf,7.17
4oyi,4.72
3eig,7.68
2ydm,7.44
2o64,6.47
5ivt,9.1
1zge,7.3
3aqa,4.55
3k41,0.82
6qfh,5.86
1bty,4.74
3e7o,6.92
3zt4,2.8
5ivv,6.35
5lpd,10.15
2q93,6.25
2evm,6.16
6m8w,6.22
2x81,8.3
1f28,7.8
4gq4,7.66
6n82,5.96
1a7x,9.7
4mg8,6.48
1zyj,5.82
5li3,7.28
3g72,9.1
3vid,6.21
6ms1,5.22
3lxo,4.82
3qzt,4.0
5edr,7.46
3lcu,3.52
4bdi,3.64
1wb0,5.35
5vqy,6.29
4qga,7.92
1pph,5.92
1o35,5.0
4ua8,6.26
6f5u,3.54
2mow,5.96
5f0h,4.48
4ie3,6.01
6jwa,4.96
5efb,8.37
4jls,5.66
1stp,13.4
2ndf,4.23
5e7r,7.6
6gjm,3.58
2pv1,7.14
3i4y,7.05
1heg,7.74
5wqc,8.96
1s9v,4.0
4p74,5.0
4mex,6.7
4jfx,6.44
1i48,5.7
3rk5,5.4
5zml,8.11
5o48,4.7
2h1h,4.52
3pr0,9.54
5c4l,5.64
4d7b,7.68
6e4t,8.05
4ggl,9.0
3bxs,5.1
1rst,4.43
6esm,5.53
3dbs,7.12
3kdc,9.28
4rrf,3.62
6f8j,7.07
4mjq,3.71
1nzl,7.15
3hig,7.89
5yft,5.0
5cas,8.85
4nue,6.82
1apv,9.0
5a4q,5.54
6aqq,6.55
5svi,5.17
6f96,7.72
2ddf,7.39
6cha,4.4
4od9,7.24
4m6q,8.21
1uym,6.0
5ael,7.41
6bfp,7.7
1u9e,8.24
2xxx,6.41
6rvf,6.14
1b39,6.92
4pzv,5.7
2wmu,4.38
5twj,5.25
3hrf,4.99
5abp,6.64
6b4u,7.68
4lh3,1.52
5c85,3.98
3g0e,7.7
2qic,5.48
5er1,6.02
1f5k,3.74
3zyu,7.0
5u48,6.33
2xck,6.15
3rvg,8.3
2y80,8.05
1owe,6.2
4nud,7.07
5a8x,8.19
4zxy,6.4
3e16,5.24
3v7d,6.39
4xm7,3.57
1jmi,6.06
5m7t,5.41
4ec0,6.07
4ayp,6.12
2qi6,10.57
5ehy,6.09
3nw7,8.28
4jkw,4.16
2chz,7.8
2wbd,6.64
5evb,5.0
5xn3,6.17
4l7u,5.66
6mwe,9.2
6qha,5.3
5f2p,4.43
5tbe,8.97
4r5x,5.26
3dz4,6.4
6dpx,5.89
2r9m,8.82
6g8j,4.76
2i0d,12.1
4io2,6.7
1ciz,7.44
5eyk,8.52
1yds,5.92
2gg5,6.6
5u2c,6.63
3ll8,6.4
6i5p,4.32
1q3d,7.82
3fyz,5.8
1mrx,7.26
3twv,4.76
3kme,6.14
4p5d,5.82
1qs4,5.64
5zyh,5.57
5qcn,8.22
5amd,8.55
2ww0,5.3
1l8g,6.22
1ms0,2.91
4nxu,5.54
5t8q,4.16
4inu,9.26
3wnr,6.28
3pz2,6.14
5typ,7.6
5ak6,3.49
3odl,7.21
2x7x,5.7
1qxw,5.15
6miy,7.73
5uvc,8.21
4y59,5.24
1uyi,5.39
4ybi,6.6
3l7d,2.18
5yz7,4.75
3d1f,5.74
4ask,7.22
1cyn,7.68
3haw,6.0
3oaw,8.15
5aes,2.89
3hu2,7.22
1bcd,8.7
6fbw,4.78
5ka3,4.59
6rz6,8.54
1wbs,6.2
1o4q,2.49
1v2o,4.73
2xtk,3.79
4hg7,7.05
6bw2,7.68
1ogx,6.09
5al5,7.15
3rz8,8.17
5q0i,4.25
1aj6,5.92
3jzh,3.4
3pd9,6.22
5lay,7.47
4e8y,6.09
3f7i,7.34
4whh,7.4
5eiw,2.05
1a85,4.52
6mlf,4.28
6ohu,6.78
5t1l,6.62
2q2y,8.8
6ak6,5.56
4led,2.3
4j8r,7.7
3uxl,5.57
4emv,8.3
6t1m,5.21
4wcu,8.52
3w8o,7.62
2rox,4.98
6fba,4.7
1g7q,6.06
3btl,5.96
5oh7,4.37
1km3,4.91
2brn,5.26
3m2u,7.0
1epq,8.19
5i3y,9.4
5tg5,4.01
4kz8,2.8
6g1w,8.14
1gnn,5.68
4pb1,2.82
5c7c,5.26
6nvh,7.95
2clx,4.88
4cq0,5.09
1hsl,7.19
4n70,12.0
4h85,5.15
2zxg,8.82
3fk1,2.62
3n7s,7.7
1c8v,6.33
6ndl,7.19
1a9u,7.32
1h39,6.54
5h7g,9.24
1ke0,5.38
6pia,4.96
6uvv,5.18
5nkg,7.68
2c3l,5.07
4lj5,6.29
4ddm,2.46
4fpk,4.24
5bqi,9.05
4tk3,5.1
6g1v,7.23
2lo6,3.95
4pra,5.66
6bib,5.8
3f6g,4.72
4umj,5.57
3er5,9.0
3qri,9.1
4n07,6.46
5ku3,4.89
6ke0,7.55
6ak5,6.12
3lc3,5.23
6dh5,11.3
3cf1,6.64
4cd6,3.59
5wlo,10.82
1b2i,5.51
1aqi,5.62
5t9u,7.6
4x8u,2.46
5ehe,8.32
2aia,5.41
4ehm,5.85
5kpm,7.82
6qau,7.48
3qd0,8.5
5tkt,8.49
2pjl,6.72
5gso,6.96
3ui2,6.37
3qar,6.49
6f9u,5.13
5ugg,6.42
6g38,6.62
3hs8,5.3
1ikv,6.28
3i6m,6.46
5mw6,4.73
2y4k,5.46
3jzk,5.91
6sfi,7.59
6b5q,8.24
4z2h,5.08
4oc2,8.28
2wcx,7.6
4x1f,7.97
4loi,6.77
3pz1,6.14
6ew3,7.4
5alr,7.07
4iqt,6.11
2w8f,6.3
4rj6,7.12
3dya,8.52
5olb,7.89
3skc,8.8
1bkm,5.74
5yvx,5.89
1kug,3.8
4wt6,7.92
4n8d,4.92
3q6s,6.74
966c,7.64
3h9f,7.92
3ta1,3.25
4lv2,8.0
3zze,8.89
1tok,2.47
1m5f,7.83
3d2r,5.48
3v0l,5.52
3v78,5.54
4g31,9.4
3fvk,8.82
5urj,5.28
5h9r,6.08
2vc9,8.44
1q1y,7.7
2lsv,5.27
5ng9,6.72
5wir,7.12
4qhc,6.7
3sm0,6.13
4zly,5.46
1oai,5.0
3mtd,3.47
5ktx,7.7
4od0,9.04
6aps,6.66
2cv3,6.57
4j09,4.77
6nrf,7.74
4py4,5.77
5tex,6.4
6rk4,4.01
5c29,6.06
6cvw,8.15
5cs5,1.58
5hh4,5.96
3cy2,7.22
2zdm,6.41
4dij,7.52
4n7m,5.47
5e2r,7.06
2wxm,7.4
2ovx,8.7
5g4m,3.86
1g9c,5.3
2ksa,3.06
3o2m,4.8
5t2l,8.2
1n94,8.96
4l2k,6.44
1af2,3.1
6qfw,6.83
4os4,4.87
3os3,6.63
3vrt,8.57
5wg9,5.59
6c9r,6.71
4bam,8.94
1a52,9.86
5hu9,7.62
4c1g,5.14
3lzv,10.59
2xae,7.3
3qtz,7.3
5mb1,6.6
4jok,4.07
4bcs,6.99
2i2c,4.7
6bgw,6.68
6mo7,5.03
5tl9,9.0
3g35,4.68
6pg4,3.59
6afd,5.43
4b0g,7.82
5l8a,4.91
2x4s,4.2
6sde,10.2
1sl3,11.85
1t49,4.66
2wzf,7.0
4hcz,4.44
4u71,5.22
6mbo,5.95
1toi,4.05
4cff,6.4
1mjj,8.74
5caq,8.57
4q1s,4.17
4bnt,3.86
3o9v,7.74
2uyq,5.68
6ugr,6.27
4ir5,6.21
2lsk,4.89
6mq3,8.77
3mv0,3.85
1il3,2.55
3vqs,7.75
6dhu,3.13
1j16,3.84
1dmt,8.7
4hxm,6.1
5qaa,3.91
1pwu,5.68
5mql,5.85
3ffp,7.14
1rgj,8.31
5nwh,7.54
3fu6,3.97
1l83,3.4
5nve,7.46
6qmj,7.36
1ahy,3.36
5l2i,7.4
5dlz,5.74
1k1j,7.55
1e37,3.7
3rup,1.57
2y7p,5.47
1oyn,6.26
4xm8,3.02
6g4n,5.64
5elw,7.85
2i72,7.43
4lbo,5.77
3o9p,6.52
4zx0,8.0
3ebo,4.72
4kao,6.11
1qk3,5.15
2oz6,5.26
4izy,8.52
4aoc,4.27
5emk,7.89
4g5y,2.77
4e1e,6.31
3uib,6.8
4pda,4.21
3njq,4.89
4avt,8.06
4gwi,3.69
5uwm,6.45
1e06,5.6
4lch,10.62
3b50,7.55
1ndy,6.17
5jop,9.41
1odi,4.21
6qr2,5.49
6r8p,4.48
3umq,4.62
3p58,7.6
2a5c,4.62
6ev0,5.74
6afk,6.0
4fn5,6.76
1cw2,6.15
6ps9,4.62
5t9w,5.59
4xsx,5.0
3ueo,4.03
2r7b,7.22
4kyh,5.92
5f9e,9.34
4q6e,6.18
4gv1,8.52
4bgy,2.96
4r4q,5.09
6h4z,7.64
4yrt,2.78
1kl5,5.99
5qal,3.46
3cj2,4.85
4czs,5.0
2pvj,8.1
3bgc,5.02
4x9v,7.85
6ekd,6.44
2j4i,9.0
5org,8.4
3ook,8.4
1v2s,4.17
3tiy,4.77
3gww,0.45
2qg0,5.72
6htg,7.17
5amn,8.35
3qox,6.57
4mrd,3.37
6tyz,6.88
5c7a,3.31
4q08,6.3
4l4l,8.3
2w06,7.08
5yyb,6.56
1o9d,5.6
3bun,6.21
6cis,6.87
5etq,6.48
5fsn,5.77
4wnm,7.59
4ylk,6.74
3h8c,7.72
4jzr,7.8
6pyr,9.0
4k6v,4.63
3eax,4.92
3zln,8.47
3gwt,11.1
6bw8,9.0
5dxu,8.4
4iho,5.1
5o0s,4.24
4emf,7.08
4er1,6.62
3iqu,4.77
2cht,5.52
5tq8,7.64
5enf,3.57
3t03,6.8
2amv,8.8
3blt,3.54
6cv8,3.17
2pnx,5.1
6ocz,8.52
3so9,8.56
2prj,4.49
3g30,2.51
4kcx,4.43
3da9,5.51
1gvu,9.0
6fag,6.59
6fe0,6.48
2qve,2.32
4lkl,6.09
4cjn,4.76
4zx3,7.19
4aua,5.14
2pze,6.08
1o6q,7.64
6fii,8.02
4ffs,10.44
4tyt,7.7
3acx,5.7
1njb,5.8
4aaw,6.3
4qz7,5.65
4tvj,7.91
5nra,6.91
5ti5,4.39
5dms,4.53
6czf,5.8
2ovv,7.92
3kqt,5.34
6htc,5.96
1jtq,8.07
3que,8.82
4eej,7.15
2o1c,4.72
5dq8,4.14
4ufg,8.15
6g9h,8.4
5e2l,4.03
4c1u,7.09
3su5,5.58
5ukk,6.21
4km0,6.04
5mby,3.51
3uix,6.82
6chp,10.12
4cu8,4.47
6ugz,7.72
1oir,7.49
3t6b,6.36
1w8m,1.6
1fd0,8.4
3jyr,5.54
5wcl,4.52
6f26,7.62
6h1h,6.17
4kov,3.75
4pkt,4.83
5kgn,9.03
5loh,5.04
3zv7,5.92
4lnw,7.04
5o55,4.7
5mxk,3.39
5n3w,6.3
6fvn,5.3
4rcd,9.15
2gtv,5.15
3gwu,4.71
3bxz,6.72
5dh3,7.42
2xn6,8.8
6bh1,7.22
5agt,7.12
6apt,6.05
2aa6,9.41
2aov,7.04
3roc,8.19
4euo,5.05
6djj,4.1
3bxh,4.03
6bvb,6.71
4jnc,8.52
2y6o,7.6
6p8y,6.2
3o7u,7.28
5l3a,4.89
6buu,5.44
5m29,7.4
4do5,5.83
5tg1,5.82
1jak,5.57
3zhz,7.05
1bmm,7.1
5am0,5.88
1i91,8.94
2pvu,6.31
5kqg,5.15
6fe1,8.48
1gzv,6.57
4oeg,5.05
3zy5,6.64
5vb5,6.46
2aez,2.46
3th8,6.25
4hev,6.34
6b7a,4.49
2z9g,6.15
6dgl,5.52
6j0o,4.92
6g5j,6.7
6edr,4.55
1swi,3.1
6e22,8.89
3luo,6.95
4aj1,3.11
6fmk,4.67
1tq4,6.19
4zeb,6.52
4fod,8.92
1v41,4.7
5xvg,8.05
1jys,3.52
1gca,6.7
3m54,5.89
4djs,7.89
1v2n,5.9
5fb7,7.89
4qmu,5.89
4fk7,5.24
6ak4,5.46
4nrl,8.62
5os4,2.78
3le6,7.46
4ezj,8.42
3nc9,6.48
2w70,4.92
4c61,8.4
3nij,4.89
1okl,6.03
1a61,8.62
3hii,6.54
5ygd,7.27
6msn,4.95
5u13,5.41
4qpa,7.43
4i12,6.39
4fxj,3.62
2ym7,6.89
6fdc,5.64
4jr5,8.15
4wv6,4.98
4yb7,3.8
2vf6,8.52
5oqu,3.61
4dpt,7.3
5m1z,4.18
4aa5,7.8
4my6,5.62
4og6,6.71
3hau,6.38
3fqe,8.3
1ugp,2.89
3uqr,7.24
2nmb,6.28
2wkz,8.77
4yxd,4.34
5mjn,8.54
4qsx,1.74
5trk,5.21
4x6j,7.8
2x4z,8.57
3qg6,9.14
5bsk,6.22
5zfi,5.92
2j9l,4.0
2iku,7.1
1els,10.82
4p4e,6.74
5ult,10.85
3c8b,6.1
2ovq,7.15
3s9t,6.82
4aq6,4.8
2nmx,5.57
4ufz,6.31
3bxe,5.48
6evq,2.0
1y3y,5.64
4wvt,5.31
4dus,8.3
5uig,7.95
3r2f,8.85
5c2o,4.55
5h13,4.94
6mdd,4.33
3wfg,6.92
3k5f,5.43
1mm7,7.7
5fou,3.95
5n2t,5.08
3qw7,5.74
4ui8,7.6
4nbk,3.87
5z1e,8.3
6e1y,7.66
4xe1,7.11
2pgj,3.59
6rna,8.3
5vtb,6.96
2w26,9.4
2xx2,7.3
1y3x,5.14
3hub,8.09
5o8t,7.13
4okp,2.7
3hhm,7.92
6gxg,5.24
6axl,7.11
4g8y,4.59
4xmo,8.7
3r1v,6.92
1oxg,10.57
4u79,6.4
1ll4,7.22
5he4,7.7
1y2f,4.92
6gg5,3.65
1obx,5.72
1v0k,5.1
4m12,6.05
3uf9,2.11
2q7m,8.8
2w6o,4.22
3oe8,8.14
5wef,6.44
6qfe,7.1
1ork,8.81
1w6r,6.15
6ueg,4.71
5dtw,5.46
4x6n,8.82
4as9,4.79
5dtk,4.3
4pci,5.12
2flu,7.7
3ztx,7.74
5t35,7.18
2gcd,5.52
5oh2,4.24
4l7r,5.02
4nbl,6.33
5kez,8.15
4umc,3.44
4qtb,6.7
5muc,6.04
6dif,10.72
4des,5.85
6dcy,5.46
3tif,5.38
6nzq,9.52
3d1g,5.0
6hor,4.18
5mwo,3.21
3g6h,8.19
5dw2,5.84
2igw,1.31
3vje,8.01
2am1,6.0
1ta6,9.13
6fel,6.4
1pig,9.15
5f90,4.85
1fhd,6.82
5ih2,5.76
4j1p,7.05
4xtz,9.82
4jzb,6.47
4der,6.31
6gu3,5.36
3v8s,6.19
2vcg,5.77
5ug8,8.7
4nvp,7.57
1y3a,5.41
3a1d,4.12
2iit,8.59
6np5,4.57
4rgd,3.94
3udn,5.15
1sve,8.3
4btt,8.84
5hgq,7.34
4wyz,4.3
1fzk,8.4
4yog,5.74
5vm0,8.8
6mnc,5.8
2jc0,4.7
4fnz,7.8
4b95,4.28
3sov,4.21
2uy0,6.92
1nl6,11.32
5ofv,1.58
5j18,9.15
3nuo,9.8
5uiu,9.7
4ayq,7.33
5op4,6.71
4oo9,9.07
4rrg,2.81
2rfn,8.3
2zdn,6.25
3r6c,4.72
4ju7,6.17
6nvi,8.59
5gx7,5.56
6pf6,4.74
5mnb,2.48
5ehv,3.08
1q0b,5.17
5k8o,5.96
4ovf,4.13
4zy0,8.04
6j1l,6.42
2gm9,7.39
4x6k,5.31
5fsl,4.62
3vb7,4.31
6fnj,6.85
6b2c,7.03
5x4q,7.11
5w44,6.44
6en5,7.94
4hxq,7.22
5u2f,6.71
2nn7,6.52
4zzd,6.6
5tks,7.17
2hw2,2.97
4xkb,6.1
3q2j,4.18
4ii9,6.03
2n3k,6.8
4civ,4.95
2fys,4.36
4yha,6.65
5hgc,8.66
5a00,7.52
6pnm,5.17
5bw4,4.17
4i1c,8.1
3r21,6.74
3u8h,6.49
2j6m,7.96
5f1r,6.0
1al8,5.32
4llk,3.0
1vot,6.6
5yy4,6.43
5u9i,7.31
3tv7,7.52
6fu5,7.5
3rqf,4.41
4q06,7.66
1g32,6.11
6e3p,8.7
6gcx,9.22
5a3r,7.78
1o3c,7.13
3c52,7.3
6cen,5.49
1fwv,3.72
1sps,8.52
4a7c,8.22
5fe9,4.68
2xab,9.27
6e7w,6.52
2g9r,6.08
1nax,6.43
4hiq,8.21
1oyq,6.96
5aae,7.46
3o6t,5.22
6h4x,6.88
5hz9,7.03
4rs0,6.0
2hf8,5.47
1ghz,4.8
5he5,6.47
6fut,4.7
5usz,6.97
2bok,6.55
3upk,4.3
4er2,9.3
5y5t,6.68
3pch,5.4
4mrw,3.3
4ztl,5.92
4nmx,6.18
6d1m,8.2
2jkh,8.05
1f0r,7.66
5dqf,3.6
3eql,5.3
1o3e,7.96
2xne,6.72
3bcs,5.21
3ibc,4.91
5l2w,6.68
3evf,6.77
4ucv,2.88
1hvr,9.51
5k0t,5.78
4e8w,6.09
2eep,7.06
2ltz,5.35
6bc9,9.43
3if7,7.21
4utv,5.09
5opb,7.62
5awt,4.52
2x6f,4.59
1oe7,5.52
5t6g,5.96
4o09,7.7
5du8,5.72
2rk7,4.05
4xyc,7.51
5vzy,8.49
3tsz,4.46
5lca,4.48
4o9w,7.16
5kap,4.23
4qjm,8.17
5hn7,3.92
3n3g,7.24
5e89,7.85
4b77,5.1
3eq7,9.09
4puk,7.28
6biy,6.66
4w9n,4.26
6aqs,7.55
5sy3,4.37
4kbk,8.18
3o4k,7.62
4eh5,3.09
3v8w,8.07
2xk9,10.15
6k4t,6.02
3b4p,5.4
5mon,2.48
3wp0,4.99
5l2m,6.89
2clv,7.88
5afl,3.4
2f6z,5.32
2z52,5.57
5aku,6.82
3fhr,6.68
6e83,4.54
4eos,6.05
2qpj,6.35
3mvm,8.41
3hnb,5.11
3g2i,4.86
5vqz,6.39
4b7n,8.78
4rrn,7.32
5od5,7.74
6dai,4.07
5e0j,5.21
3gc7,9.22
1haa,8.7
3ifp,7.61
5oot,7.55
1m0b,8.82
3mmr,4.96
4efk,2.49
1w10,7.55
5mxq,5.72
1f8c,7.4
4a9i,4.9
1qja,6.38
3djk,10.59
3ewu,4.62
2uzo,4.57
3nii,4.23
5mra,8.0
5mlj,8.85
1n5z,4.36
5u49,6.14
1cnx,7.37
2rc9,7.4
5v6u,2.26
2vt3,4.15
4otf,8.22
6ar2,6.41
3dt1,8.62
1npv,8.24
5tbm,7.31
5dyy,7.24
3pju,4.88
2qmg,9.15
2ael,6.29
5jgi,4.3
5q0z,5.85
2i2b,2.44
5fnd,3.49
6afr,7.15
4pks,4.82
1rti,4.77
1pmu,6.23
5fqv,6.21
4ipj,4.87
3k5x,6.41
1rw8,6.76
6c7q,9.15
5o9p,5.09
4oc4,6.98
4k1b,11.52
2b55,7.02
5sz4,9.7
3nsn,7.19
3ryx,8.14
6e5t,6.55
6gxy,5.24
4qvw,5.38
4rxe,6.64
3p8p,4.55
4e1z,8.52
4dve,9.52
2ybp,4.62
1csi,8.8
3hdn,7.2
3v6r,6.15
5jg1,8.72
3ezr,5.0
1h2k,2.92
5m2q,7.52
2fw6,2.92
5n34,4.63
5bns,7.02
1k22,8.4
6m9c,7.25
5tts,7.25
4bdf,4.09
1c1u,8.25
4exh,6.15
2ycs,8.87
6cd5,6.81
2ze1,6.22
3fhb,5.7
4rn4,6.94
1jao,5.92
4ehe,8.49
3bi1,9.92
5op6,4.68
1wok,7.48
2wec,3.96
1ru1,4.74
4fi9,7.34
6nwl,7.37
2w3i,10.0
3t8s,8.55
5nk7,6.33
4bdd,4.43
6mia,2.6
5jhk,4.64
1gu1,4.52
6gg4,3.69
3g2t,7.0
5ti4,4.59
1dth,8.22
5twx,7.52
3mbl,7.74
4knx,5.49
6dud,6.59
6aeh,5.75
5yr5,6.74
6qr3,6.44
4h58,6.72
6q6y,6.0
1hvl,9.95
2gek,7.52
5ar8,8.1
5nkn,9.92
5ho6,6.69
2hob,5.72
5dgj,4.73
4ydf,5.1
3bc5,8.3
6bh5,6.6
5ctc,6.35
3ioc,3.68
3r0y,4.84
4p0w,5.96
4mds,5.21
2rkg,8.09
4e3m,9.7
3f38,2.62
4ie0,5.08
4tyl,3.22
5h5f,4.43
4gm3,9.0
6etj,6.72
1oiu,6.68
2qwd,4.85
5wfd,4.58
3c3r,4.39
4dvi,6.72
3lok,6.92
4l7o,4.88
5mro,5.7
5cbs,5.41
1l5s,3.26
3hy9,7.77
4lm2,3.03
3lox,8.1
2pj7,7.77
4or6,5.31
4cix,4.47
5epk,5.74
1g05,8.51
2h8h,8.57
4hl5,6.35
4i6b,5.93
3iw6,5.48
5jal,2.47
6hv4,6.23
5kzq,8.28
3sr4,6.54
5dyo,10.21
1dzp,5.44
4uvx,7.96
5zjf,4.54
6nem,7.92
6ooz,8.05
5gnk,8.28
5nvz,6.77
5ws3,8.96
6q6m,6.89
4xcb,5.47
1jil,8.4
5j8z,8.3
4k6u,4.14
1pau,9.46
2ha3,3.03
4qag,5.32
6gy5,4.86
6eee,7.54
6fzj,6.33
4mjo,6.22
3img,2.96
2wxh,8.05
1no6,4.41
5a3s,8.68
2wyf,4.43
2ces,7.25
4q09,8.17
5ot8,4.2
6c91,6.19
2wtw,8.19
4ks4,7.14
2qry,8.64
5w5j,5.82
5qan,3.96
4j1f,7.92
6mt0,10.3
5hbs,7.73
2j94,6.27
4kva,3.94
4yzn,4.81
3qti,7.85
4flk,5.25
5nw1,6.6
5ave,5.44
4mhs,5.29
3e6y,5.6
4gs8,7.0
3hyf,5.92
4jjm,7.57
6ap7,5.34
4oyk,6.74
1uv5,8.3
5jk3,8.14
3pgu,6.7
3ufl,6.82
4wtu,9.52
3nf7,3.47
5uff,4.24
1ec3,9.04
6nze,8.89
6bec,4.01
5lo6,7.27
2oh4,8.46
4ofl,7.66
5hfb,4.57
4qgh,9.0
3dbd,7.38
6s9x,6.42
3c9e,8.0
2xu3,6.8
3kdu,6.46
1qft,8.77
2xwe,6.02
6rln,8.2
1tps,8.0
4p7s,7.42
1yt7,9.89
3mg0,9.25
6dh4,11.3
1akw,8.59
3t7g,5.2
4lvt,10.36
3a1s,4.83
4ce1,4.38
6ps3,9.78
4yes,8.02
6eif,6.98
5vom,6.1
4bci,8.22
5y3n,7.1
1fvt,7.22
4n9e,7.82
2zdl,6.4
4s3f,6.24
1wvj,6.73
4qwj,5.77
3arf,7.19
4qfn,4.12
5jzn,5.96
3p7a,6.28
6elp,6.63
2llo,5.82
5ja0,5.22
5g0q,10.0
1phw,3.3
4qk4,6.6
6ipj,5.79
3ckt,6.32
1gi1,5.47
3iw8,4.87
4k0u,7.26
2yjx,5.12
6nyv,6.51
5vgy,4.18
3ni5,7.55
5u1q,5.96
5zee,2.8
3fy0,5.96
1v2u,3.37
1hgi,2.68
3v30,3.74
2qn1,4.77
4w4y,6.46
2y67,3.53
1w9u,6.09
6gj5,3.36
2cgr,7.28
4xxh,5.0
5eou,5.36
5njx,4.15
1yhm,3.83
2jh0,8.7
3gzn,8.0
3ewj,6.84
1y2k,7.68
5vd0,6.49
2q7o,7.92
6b1f,8.72
1vkj,4.85
1d7x,8.52
5hi7,7.85
2gm1,7.0
1yms,5.92
5f1h,7.85
3skh,6.05
4clz,4.37
4d52,3.11
1t7j,8.7
6c0t,7.37
4y67,6.93
6d4a,3.93
4mwv,9.4
4mqp,4.98
1gag,6.12
3psb,8.52
1s50,7.2
3exh,4.88
6aji,4.53
4io7,3.68
6e06,4.26
6pl2,8.06
3vw7,8.1
4lxm,7.06
5odu,3.28
4hf4,8.62
3iu9,6.62
3cic,8.52
2uy4,4.68
4au8,6.26
3ued,4.53
2f9v,7.82
5f63,7.92
2xu4,6.47
4kne,5.9
5nu1,9.0
4bf1,8.62
2xn7,10.0
3kid,3.18
5xvu,4.65
5wbp,4.36
6mhc,6.43
3d6p,3.75
4yp1,5.04
4c6z,3.45
6dk1,7.65
3wti,5.9
4pd8,6.03
3v4j,5.04
2ajd,10.8
3nmq,9.7
4hgc,10.0
6sen,5.55
1inc,9.34
5qj2,7.68
4uiy,5.6
2ow2,8.22
5dqc,7.34
2cni,7.68
2x7s,5.78
1g7p,7.05
2vvt,5.24
2z92,9.1
4bj8,8.29
4jyv,7.77
5vqe,1.49
4bgg,7.82
3qk5,7.74
6eku,4.28
4zx4,7.11
3n7r,7.7
6dqa,6.44
3prf,8.85
5wg6,4.54
3c14,3.52
3n23,8.52
2qrg,5.18
2viw,7.14
4kza,3.7
1r6g,9.21
1fzq,7.62
4acf,5.8
5l87,5.07
6hol,5.72
2e9d,5.89
1gnj,7.04
6irt,3.81
3e3c,5.62
4xcu,8.22
2wzy,10.72
5obg,7.13
6cq1,3.66
6cyh,3.15
3zm5,6.74
3zlv,3.52
4mji,4.09
4z22,6.24
3d5m,8.0
3vjk,9.43
3udq,6.0
4c1y,3.6
5h4j,6.89
5d0j,5.31
6udy,7.57
6fob,7.63
5ti3,4.36
5d29,7.01
6gh9,4.48
1fcz,9.22
6cjj,3.9
6qsz,7.15
4knn,7.78
5h9p,7.17
2etr,6.82
4zw6,5.72
4gr3,7.81
5fdc,7.46
2o65,6.19
6mln,7.54
3c49,7.15
2azr,3.64
5vlh,6.8
1e2k,4.94
2p2a,6.12
3lpu,5.86
2i1r,5.01
3bh8,7.95
4ycw,5.68
4g19,3.58
6uvy,6.0
3u9c,5.89
2xba,7.63
3st5,11.3
5cu2,4.24
2ay1,2.29
4bw1,5.9
1v3x,7.62
5myo,10.53
3qpp,7.92
5u6j,7.64
6anl,8.27
4bpj,6.0
4cwb,6.09
3m9f,11.15
4bqt,5.79
5iz8,5.62
1utn,3.49
4g9c,8.64
3l4z,6.72
1g4j,8.7
2cmo,6.4
5kos,8.82
6gi6,6.71
1svg,8.7
5ais,6.24
2hs2,8.31
5nhj,8.27
1ycm,8.0
2hpa,4.6
1tsm,6.0
2oa0,6.92
2wor,3.9
1utl,2.47
4w9k,6.54
3o9a,10.7
1ec1,8.92
3zmt,4.55
6qqq,5.17
1dm2,7.15
4l7l,6.0
6ccu,4.45
1waw,7.89
6qlq,4.51
1tom,8.3
3rwd,8.0
5uoo,8.85
6b1c,6.95
3pwd,6.66
6a04,5.21
185l,3.54
4o6w,8.52
3osw,6.15
6g33,8.15
4uiz,4.7
1nvs,7.82
1nms,6.7
4z3v,8.4
3m6p,8.35
3hq5,7.8
3ddg,6.0
6guk,6.15
6fer,4.36
5umw,4.23
3fz1,7.92
1i7z,6.4
2fpz,3.96
3dz5,8.15
5aoj,4.68
4ke1,8.6
3ogp,7.44
5eq0,5.92
2rk8,3.64
6cyg,4.17
5ldk,4.17
4d1j,6.31
4mho,5.08
5i22,7.62
3kig,6.61
3suw,4.7
3h0y,8.22
5oaj,6.56
2fes,9.01
2p99,5.94
4mg6,5.62
3kfa,7.6
3po6,7.06
3fzn,4.01
4tzn,6.52
1h5u,6.75
1rnm,3.07
4q1c,8.7
4k9y,6.95
2va5,4.07
2jdl,9.43
4gui,3.64
4i7l,3.99
1at6,4.07
2ltx,5.39
3ebi,7.1
3o9b,12.3
2p59,7.3
4wvs,6.27
6ikm,8.57
4ek9,4.42
3svv,6.94
2ftd,10.39
5d1j,7.32
5iu6,3.89
3l9n,8.07
4hhy,8.72
6f4x,4.97
3p2h,5.44
1ikt,3.4
5c7n,6.57
4eg6,7.37
3hdm,7.4
4crl,9.71
1d7j,3.3
4zjr,7.54
3mho,6.49
4qw3,6.61
5u0f,5.47
5ea4,8.11
4yb5,4.71
1i90,8.89
6pi5,6.96
4nrm,3.2
1nhg,7.3
5h63,5.92
6nvj,8.28
2pv3,5.25
3fui,6.8
6ugo,7.59
5ega,5.06
3btc,5.75
3c1x,7.35
2rok,4.35
2b7d,8.7
2f14,9.19
3n46,4.3
6ftp,5.82
1pop,9.0
2zq1,6.62
3e63,5.8
3l3m,8.22
2l1b,3.96
5ekn,5.72
1std,10.33
3atu,8.3
4v1f,7.7
2vex,6.74
6uh0,6.07
1o2s,5.47
6d19,6.61
5sz5,7.7
6qhb,6.3
2cnf,6.62
4knm,8.0
6c5j,7.16
2ypo,4.68
1zh7,6.3
1i3z,6.88
3cow,6.9
5xzr,5.49
5c4o,8.21
5ops,5.06
2oz5,6.48
4fmn,6.1
4jjf,8.0
6qqw,4.72
5ek0,7.68
2wd1,7.09
2mlm,5.21
4wsy,7.77
2nta,4.8
2x7t,6.63
6f8g,4.18
4pxf,3.1
3r0i,6.92
5i56,7.32
1x81,9.19
223l,3.4
5ntw,9.22
2j47,5.41
4h3j,7.05
5ye8,3.0
5law,7.1
3rxp,2.08
6cb5,5.37
3ion,8.1
1xnx,6.38
2fm5,7.37
4xg4,7.67
3dpk,8.39
1yqy,7.62
5hdz,7.35
5v8o,3.77
5uc4,6.46
2wj1,8.72
1w12,7.85
2gst,6.07
5y20,4.52
5cao,7.42
5n69,6.54
5g60,6.52
4p4f,6.77
4li0,6.59
2iyf,3.75
1tvo,6.85
1zuc,8.77
4axa,8.0
4w57,4.85
4qxr,6.0
3tzm,7.77
4o2c,8.0
2qi4,10.44
3oxc,8.41
3dba,8.0
4pnk,6.6
6mnf,5.89
6o0o,7.44
2rcu,6.68
6h29,5.62
5cqt,6.91
4ps7,7.41
1t5a,4.62
4ajn,7.16
3gy7,4.52
4qsw,1.68
2ozr,9.17
1oky,8.19
5a2j,5.85
5ts0,7.8
4hcv,6.4
6fs0,9.77
1zfq,7.52
6jb4,5.98
4clj,9.15
2z4y,6.15
5lhu,4.66
4u5v,3.05
3wto,6.92
1mrn,4.52
1uwb,8.34
4o55,5.3
6hk7,7.34
6h1u,5.32
4rxh,5.91
5wg3,8.1
2c8w,8.43
3ay0,3.04
6fcj,7.15
6jay,5.7
4bbf,8.66
4rlt,4.96
5qcm,6.96
2ogz,7.08
4o0r,7.44
6md0,5.9
3c89,6.07
1akt,8.49
3m67,6.74
4tw8,5.58
5y94,6.79
5v9t,7.35
1i32,5.7
3arb,6.63
1hqf,5.0
3gcu,6.78
1sgu,5.37
5m5d,3.95
2ydo,7.51
4nus,8.3
4ppa,9.1
3ozg,9.19
3znr,7.44
4qwf,6.0
3qiz,5.21
6nd3,4.59
1ddm,5.77
3lxe,6.6
5kpk,8.3
5yhe,6.69
5tjx,6.82
5hkb,5.59
4luo,3.24
3mw1,9.09
2ipo,5.06
4x14,2.92
3p7c,7.66
6f3f,4.52
6gj6,4.7
2w1h,7.28
2p9a,5.18
4bcq,6.83
5orv,2.89
6ayn,5.04
5enb,3.11
4wz8,7.21
5i43,7.2
1xp1,9.3
2qi1,7.3
1mqd,6.77
6g9b,3.24
1e4h,8.41
6g5u,6.4
4btx,6.54
3zmu,4.3
3qj9,7.0
6ng0,8.19
2r3g,6.1
4nwk,8.7
3hv3,6.33
4en4,5.52
5gu4,5.47
6dys,4.25
5x8i,8.7
3s7b,6.3
1ibg,8.55
3b1t,5.66
6rn9,8.2
4mh7,5.23
5x4o,4.06
4u2y,3.99
3uat,6.66
3gjq,5.33
4csd,5.91
1bqm,7.35
5m4u,4.89
4fev,5.42
6fdp,5.26
3wqh,8.48
1ulg,4.21
4cga,6.4
3bfu,6.27
4elh,8.09
6ufo,4.46
3ivi,7.92
5t52,9.28
2vu3,7.33
3fv3,9.52
4jnj,9.07
2r5q,8.57
4f7l,8.0
3dcq,5.23
1vgc,5.92
2avi,15.22
6ajr,4.31
5gof,4.05
4li8,8.12
3asl,5.76
6f4n,5.22
2esm,6.28
1sdt,9.27
2a3b,3.33
2g6q,5.82
2won,6.2
2nn1,5.82
5vih,7.49
6pk7,4.72
4btl,5.6
3w2q,7.18
2ayp,8.15
4pyv,6.7
5afj,4.38
2fle,7.85
6aan,2.75
3zmz,4.74
5i0b,5.06
1xge,4.68
1e6s,3.22
2e9o,7.7
3mhc,7.96
4p4b,7.85
5e1d,5.39
3qsd,7.19
4d0x,8.1
6myn,7.85
4hlw,5.38
5w6o,6.28
6d1h,3.72
2ayr,9.29
6rhe,4.13
4fkk,9.3
5k6s,6.26
5uv5,7.7
3b8h,4.2
5zwe,8.96
6n3f,6.1
4mxc,8.17
2xa4,8.52
5v7w,7.12
4bnx,7.7
6j10,6.35
4qt2,6.32
6ipl,3.82
1ag9,9.0
6c3e,7.2
3k23,8.2
4zh2,5.0
6qlt,4.04
3bvb,5.49
1aqj,6.47
4pvo,6.31
2qq7,5.24
5zg3,7.21
5nwc,6.15
5jsq,4.67
4mue,6.7
6mu1,8.1
5awu,4.65
2p8n,3.15
5c42,8.72
1sbg,7.74
5h5o,6.56
5nya,6.38
4c8r,6.82
2x6y,4.59
5o9q,5.21
6fqo,6.85
1x7q,6.73
2i80,5.4
1lf9,12.0
3fum,3.77
3axk,4.15
2fw3,6.42
3oe9,8.18
5c5t,3.13
3nnv,7.57
3snc,4.39
4ibi,4.14
1fe3,7.33
2z3z,4.31
3p9t,6.2
5xvq,5.05
2ha4,2.7
3st6,3.62
5iis,9.0
2r3m,8.0
6jax,4.42
4zyt,7.77
5o4s,5.47
5z99,6.88
3e4a,8.77
5eay,4.47
6beb,3.61
6iil,6.17
4e3k,9.1
4m1d,7.64
6el5,6.88
2b9a,8.05
2q92,5.96
3veh,4.96
1pzi,4.22
5d9p,3.2
5o1d,4.66
5auz,4.01
4cfx,5.06
5n1y,3.22
2g9v,5.92
5ze6,3.35
4qw7,6.28
1hwr,8.33
5c1x,5.75
1qti,6.44
4fsl,7.7
1hbv,6.37
1uml,7.52
6qft,7.46
5dx3,7.41
3rz3,5.76
1nfw,8.96
5oh9,3.86
1o6i,3.19
3dga,4.52
3f9w,4.72
4g8m,7.89
3f07,5.54
3lp1,6.92
4pvv,6.48
1x8d,2.21
5zyl,7.06
1g85,5.48
2yhd,4.64
5lg3,3.8
1bio,5.54
3vf9,8.72
6dh2,10.89
8a3h,4.06
3ee2,4.19
4gr8,7.83
5ihh,6.41
6i96,6.68
4dum,7.02
6avi,5.71
3uvx,4.34
2q9y,4.44
6ilq,6.36
6n17,3.0
4kln,7.7
3iut,6.34
5dx4,6.86
6n9p,8.4
3ful,3.7
2xl3,5.25
1jmf,5.77
4fys,4.82
4b7z,4.31
3cj5,6.34
2bq6,10.15
2gmk,3.23
2ima,6.52
5w5k,8.3
6iht,5.21
2jqk,3.4
5duc,6.35
6mhb,6.77
1qbu,10.24
4ohp,7.46
6n3y,5.44
6d49,3.93
5un1,5.8
4bgm,6.21
2zmd,7.01
6cpw,8.25
2uyw,13.0
6rfw,6.5
5ez0,5.8
4tkj,6.04
1f4e,2.96
1m51,4.73
2wf4,7.89
4bdt,8.96
6j0g,5.64
5ixf,5.52
4qyy,7.3
3d3p,8.5
5he2,6.89
3q7p,5.8
5jat,6.64
1ke7,8.05
5vad,9.12
5jmw,6.76
2y4a,4.38
5urm,5.28
2vl8,4.52
4hxs,5.39
4bcd,7.48
1ynd,8.44
4agc,10.7
5cgc,9.3
4lp0,8.0
4tww,4.2
3dx4,7.12
4xuc,5.96
1njt,4.82
3m37,9.04
1tmn,7.3
4yhm,9.76
5otz,5.19
5u7k,8.15
6q3z,7.36
6r18,4.92
6bny,6.4
5zz4,9.17
1i8i,7.66
6cdl,10.92
4jfj,5.68
6c0r,7.51
1xxe,5.41
4n5d,3.22
6qgj,9.0
5alx,5.48
1gym,2.7
2x96,4.03
5f39,5.1
3nkk,4.7
4ra1,5.94
3b66,8.6
4x7i,7.69
3gp0,7.44
2ggu,3.03
4oth,8.05
3r0w,4.52
5bqg,4.76
4xty,9.21
4ghi,7.09
6ghh,6.71
3pa3,9.0
3u6a,6.49
2fqo,6.43
4kfq,8.23
4yat,5.03
4tsx,4.99
6hot,4.4
2bo4,4.61
3vp4,4.73
3fnm,4.71
3zkf,6.02
5a4e,6.4
4z7q,4.29
2fdd,8.32
5iyy,4.77
1y2g,4.08
4mk2,6.14
4mm8,6.11
4b5d,7.89
5vdu,4.0
2gg3,6.24
1k2v,4.44
3p5l,7.39
6bqg,8.93
1e72,3.22
4bxu,7.0
5etm,5.41
4z2k,5.78
4afh,9.54
2v96,4.54
4e1k,6.3
2pre,6.65
2xj2,7.18
2wwj,4.48
5lh8,7.72
3pgl,5.3
3uwk,4.24
5j4n,4.25
3ovn,2.55
4eh2,3.16
6h7l,8.97
5o4z,6.07
3d7k,4.6
2qki,6.41
1wdq,1.98
6cyd,8.7
3pix,7.0
2ha7,3.36
1dbj,7.68
6g9k,7.4
4yrd,4.57
3bh3,6.15
3lk0,3.16
5fi2,7.15
4mdn,6.22
5zyi,7.07
6epy,6.46
6hzd,9.17
4feq,5.96
5u8a,7.89
6imb,4.23
1mfd,5.31
3kxz,7.46
2qzr,7.26
3h5u,8.52
2bxt,8.52
6oht,6.45
3wq5,3.85
3u0p,5.68
4zpf,6.74
1ykr,6.25
5cav,6.67
3qd3,8.0
3vb5,5.34
5vfm,3.82
3ccn,6.92
6gzm,8.26
5oss,4.55
3eg6,5.77
5niy,4.22
6k4r,5.84
6gev,8.7
4qmt,8.0
3l0v,7.64
5y0g,6.7
4azp,5.9
3iej,6.66
3ixk,8.18
4tq3,5.49
1tou,6.0
1qb9,7.44
4aa4,8.05
4ael,7.92
5ow1,4.15
4tmr,7.22
3eht,5.17
3arx,5.33
5npb,7.09
5lif,5.87
1t2v,6.4
2r5a,2.6
4k3l,2.96
5nrf,6.79
4ks2,9.34
6n55,7.87
5jeo,4.8
4og8,7.25
5y80,8.79
2ohr,4.0
2p33,7.24
3wuv,5.17
6asu,5.21
2xh5,7.57
5fhn,5.9
1rwx,7.37
4iva,7.16
5g53,6.37
5otc,4.71
2op3,6.31
3k8o,11.07
3ip8,2.28
5fah,6.15
2w0j,6.62
2isw,7.43
5tdr,4.54
4k3p,5.8
5nvv,6.7
6g3q,7.24
2w16,10.0
2itt,8.77
4jpc,7.03
6b7e,4.55
3kr1,5.74
4qmm,6.34
1sm3,4.62
5oh1,4.41
1toj,3.39
3v1r,7.68
4dcs,5.1
4uct,3.12
3lpg,6.16
4bh3,1.92
1h1q,6.0
1tbz,9.8
6ert,5.23
1h61,4.89
4xy2,8.1
5ovg,6.4
3oli,7.38
4efg,7.26
1nqc,7.3
1w2h,5.0
3zo1,6.0
3hdz,7.29
1irs,5.22
3fh7,7.6
6bh0,6.66
2er6,7.22
2x6j,7.44
5boy,5.6
4orx,3.53
5w7i,4.95
4lwu,8.3
5o11,6.67
4mbj,7.21
1pi4,7.43
4np2,2.26
2v13,7.59
3ubd,5.54
2e27,9.35
2w8w,2.12
5twz,7.87
6ep4,5.35
3r91,7.04
6udu,9.3
1zaf,7.7
6e7m,6.66
4k0o,3.0
5lzh,3.1
3fei,7.7
3fc2,9.06
5dpw,5.37
4na9,7.39
4pin,5.4
1h5v,3.93
4la7,6.57
5jqb,2.22
1u3s,8.85
1jlx,5.8
5fcw,6.52
5w10,6.62
2zz2,4.54
3rjm,6.61
5tzh,6.17
1b3f,6.89
4tmf,5.48
2w0s,3.3
1ofz,4.62
5ny6,7.87
3qqk,4.82
4jmu,5.47
4xub,5.97
2os9,2.24
6eed,6.09
4dk5,8.4
1gah,12.0
2puy,4.52
4ncn,5.67
3m6r,7.49
4bck,8.4
5j7s,7.3
2h4k,5.49
1azx,9.4
3ads,5.01
3uvk,6.8
4lkm,6.34
5a6k,5.95
1qpb,1.36
1qbq,8.3
4b33,3.37
5lma,6.6
6awo,8.7
3hky,7.1
5w6t,7.57
2fjm,6.85
5aa8,8.07
2xxy,7.89
3q5u,4.31
3rde,7.46
3fjg,3.73
2pk5,10.7
6i5g,4.89
5laq,9.2
1tsi,3.48
3qdd,8.77
3te5,4.91
4alg,6.3
5tyl,7.82
1g98,5.7
6jio,4.55
3el0,7.47
2bal,6.31
4poh,8.0
4w97,7.1
4qz0,5.46
4qtc,6.4
3f88,8.64
4wk2,6.94
5k1v,5.7
5ap5,7.97
3tti,8.22
6qw8,6.4
3wde,6.91
5yyf,6.48
3s0d,7.05
4xit,7.27
3l08,10.22
3ens,8.05
2y06,6.1
4zbi,6.51
4km2,5.84
4es0,6.99
5vlp,6.08
5c1w,5.06
6i1r,5.84
5vwi,4.84
2aig,5.0
4o10,7.11
6om2,7.75
4yhp,8.7
1a4w,5.92
4nzm,6.85
3blu,3.46
2z7g,8.95
6cjr,9.52
1ydb,8.24
1inh,2.3
3bh9,6.93
3f48,6.29
3dda,3.88
4y5h,7.82
2wev,8.0
6m88,5.96
3sfc,8.52
1fig,6.22
4ele,7.88
6hx8,5.89
2x38,6.89
1q9m,6.48
5f00,6.6
1b6k,8.74
5tyi,6.89
3atk,2.85
5nf9,5.33
4ool,6.85
5wkl,6.15
6s0e,5.5
6gxb,7.46
6ox0,4.85
5epp,4.16
3h6z,5.82
5kq5,8.05
2qtb,8.32
4pl3,6.54
3tu7,8.09
3ndm,7.96
1bn3,9.89
5ak5,7.07
6msc,7.68
2y58,5.5
5mm9,6.42
1z4o,4.52
2avm,5.7
3thb,8.7
3ddp,7.14
2c6o,8.22
5zaf,6.78
4o36,6.36
2peh,5.96
5gmn,4.73
1gu3,4.32
3eky,9.64
4avj,7.44
1y2b,4.09
3hy5,7.7
5f5z,7.07
5wa9,6.76
5qqo,7.77
4mss,6.4
6cc9,3.15
4cs9,2.1
1laf,7.85
4a4c,3.61
2xsb,4.96
4eny,7.05
2lwi,3.11
1uwu,5.98
6h4q,5.69
4zfi,6.3
1fl6,7.43
2f1b,3.0
4b5s,3.49
1fta,6.36
6qzb,6.47
5h5q,5.74
4mzh,7.18
3c39,3.96
3hb4,9.05
3udd,7.1
3arn,5.41
6eo0,6.43
1erb,8.1
4u0d,4.31
1agm,12.0
1uho,9.22
4p4j,6.15
4jbl,3.27
1mtr,8.4
2lko,5.67
3t3c,10.23
2v86,4.46
5gp7,5.15
3ho9,6.1
3vjs,6.19
2wxn,7.68
1aht,6.21
2ai8,6.8
5mwh,5.74
3sni,7.96
4nie,7.7
1d2e,6.0
3tne,5.72
3sue,9.08
3q5h,6.25
5j5r,6.89
4b2d,3.7
1nhv,5.66
4tya,2.39
4ebv,5.38
4mfe,2.27
8abp,8.0
5f2r,4.28
4aje,3.68
5ajp,5.3
5o1f,4.52
2kvm,3.96
1kkq,6.62
2c1p,5.4
4tky,5.7
6sy7,3.33
2y7w,4.98
4g90,4.51
4j45,5.77
3q72,5.8
6g8l,5.0
3k2f,7.2
5tho,7.64
4q1x,11.15
4ciy,4.57
6cqz,9.64
4fe9,3.0
1v2t,4.71
2wk2,6.82
4nmq,4.49
2w0x,3.2
5zwf,8.74
3d78,7.64
1ld7,8.96
4q6d,7.36
2qi7,10.21
1tr7,6.82
3mvh,9.3
3lik,8.72
3o1e,5.74
5eng,5.85
6chq,5.36
2pl9,4.17
2r5b,8.6
1w6j,8.19
4u0s,6.8
5km9,4.25
5d3h,5.1
5odx,6.71
4gts,7.89
5nob,8.2
2rgp,7.52
4u03,5.77
4yzu,5.05
6hq3,6.11
3h0v,4.82
3tv8,7.15
1mm6,7.7
6e7j,9.48
1rtf,3.04
2vx1,6.66
5mmp,7.52
4ei4,8.74
4k42,6.55
5ii1,5.48
3lgp,8.7
5wbm,4.7
6fam,4.01
3vjl,8.25
6hks,4.28
6ic5,8.22
3ik3,8.7
5w1e,5.24
3be9,7.62
1rhq,7.75
1ftm,7.61
3rx7,6.03
4tun,5.41
5q16,7.87
5n0d,8.48
6jtc,5.07
2oag,8.47
4l31,6.79
3dpd,5.78
2ooh,5.89
6i8z,7.8
2wbb,6.04
4agl,3.65
4m13,6.7
6gn1,8.0
5mge,4.06
5qah,3.84
2zu3,6.1
3u51,5.51
1pxk,5.66
4awm,5.72
5ix1,6.31
4pkr,4.82
3uvn,6.59
2qwg,3.64
2g83,5.92
2yaz,5.14
1pdz,3.7
4obp,7.77
6ek3,6.48
6e1z,3.82
2vo5,4.89
3k22,7.9
5h14,5.06
5tg4,3.32
1sqb,7.95
3owj,6.07
1wum,5.29
3r00,5.07
1d9i,9.11
2y4m,6.46
3zuk,7.46
4azy,6.7
4zk5,8.43
3mrv,3.74
5clm,7.36
6rpg,8.52
5a69,8.96
4uda,7.59
1bsk,4.12
2cbr,6.85
5o7i,6.09
2rip,7.19
3sl0,2.7
5flp,3.2
2k31,8.7
3d4f,7.72
4heg,8.92
3e62,4.39
3p7b,7.74
5kqy,9.29
5w84,6.44
3su0,6.79
1gt3,6.46
2nyr,4.66
5a5s,5.9
3m8u,4.89
3fkt,5.55
5y7j,7.29
6hcu,7.82
4mvn,5.46
3kjn,5.19
4bd3,4.54
2o48,6.01
4f65,8.6
5huw,6.23
2cc7,8.01
1pkx,6.92
2fu8,4.7
5cuh,4.62
1pvn,9.82
5h0h,6.16
5nze,6.39
3fu5,4.12
5myv,7.51
5wag,5.21
3nht,7.01
1x1z,11.06
4uyf,7.6
3ine,6.77
3ukr,4.92
6ott,5.42
6q9t,7.52
4mvh,8.35
4u5t,6.7
3qkl,8.05
4hyb,6.46
2aeb,8.3
6fap,2.15
5wkm,5.12
2rfy,5.22
2fqx,7.15
2zwz,7.79
5kkr,6.92
6udv,10.29
1pum,3.05
3zly,3.52
2p53,7.46
4j5b,6.22
2fzc,2.7
4jvj,7.66
6q8k,6.54
5u94,7.19
1ajn,2.63
2a25,4.62
5tg7,4.53
5xih,7.15
4jfw,6.34
2yex,10.0
5jox,4.46
6f6d,4.1
3m3z,5.73
3fgc,3.92
3g8i,7.42
6bg5,6.0
1w80,4.54
6c9v,6.92
1y57,5.79
5vcw,5.96
2oyl,6.3
4b1j,7.3
4qw6,5.85
3m17,7.4
2ph6,7.57
4x8g,6.0
5i9i,7.3
4nyi,3.06
1olu,4.41
3mg8,8.92
3rsb,6.4
5eds,5.54
1ebw,9.05
1xor,6.41
2adm,5.7
1iup,2.54
1sle,6.17
4h5e,6.07
1nnk,5.46
5lgr,7.09
4hym,8.22
1dhi,7.26
3mlb,4.8
4hrc,8.92
4xjt,5.14
5qa6,3.76
2yjw,5.12
3alt,2.92
1gz4,3.7
5em6,8.4
3fdt,4.52
1g3f,6.37
1gmy,7.35
4qr5,7.22
5km1,6.18
4gao,5.74
5d3j,5.24
6im4,7.4
3e3u,7.89
2gga,1.96
4x0u,7.4
5umz,7.12
5n0f,6.05
1t1s,5.15
5dbm,6.46
2ynn,5.17
2uym,5.51
5mkr,4.77
3rz0,7.55
6p8z,4.7
5vc4,7.36
3s75,6.82
5ur9,6.05
6qme,4.36
4fl3,3.82
2wr8,5.44
5tob,8.82
6duk,9.59
1d4y,11.1
3fmr,7.97
2az8,8.22
3az8,6.0
4n8e,7.7
4nuc,6.04
1o3b,7.13
3gss,5.82
1lol,6.39
3ivh,7.33
5n53,2.55
5z4h,3.02
5opc,4.54
6o5t,6.5
4ejf,5.1
5ufp,7.37
4lte,7.22
5dls,8.36
3uvo,7.0
4l7f,6.8
2haw,4.92
2m0u,6.44
1q6s,7.92
3biz,7.24
3tay,3.38
5j82,6.0
4hy0,6.7
2wzx,6.0
1p06,6.27
5jy3,7.92
5em9,5.57
3r6t,5.86
3e8u,9.42
5i8c,7.6
4w7p,7.49
5joh,5.96
2nq6,5.82
1bn1,9.34
2va6,6.17
4mwu,8.49
5mqy,7.11
4edu,3.99
3odi,7.82
6c2y,6.6
5dhu,6.3
5u28,7.17
1w1p,2.3
1y8p,6.08
5xo2,4.03
4w9d,4.99
2w87,4.65
4acm,6.68
1pa9,4.6
4o4k,3.7
4rx8,7.46
5nw0,6.52
3tk2,4.62
4dwk,6.22
3are,6.21
4nks,7.17
1cim,8.82
6p7q,5.36
4bcg,8.15
3gy2,5.74
6mqm,9.57
3t3e,5.99
1c5f,6.07
3e51,7.85
4itp,7.27
4ui4,7.35
1bcj,3.7
3vx3,7.82
6d17,4.82
3dwb,6.19
1xud,8.1
3ppo,5.3
3e0p,7.92
4prn,5.66
5aeh,7.43
4ucs,4.21
1b05,7.12
5egm,8.62
5kma,4.71
3hxe,5.33
5hrv,5.29
3h0e,8.15
2y2k,5.16
1efi,1.92
2w1g,8.52
5dry,7.7
5ldp,4.17
3a5y,7.96
2hxm,5.22
4lmn,10.3
2cn8,5.46
4b6q,7.55
2b4l,4.77
3wzu,5.89
5all,5.57
5wik,6.21
5tpx,6.55
5l4h,3.75
5lsg,5.4
4pf3,7.29
5mes,6.47
6h4p,6.99
5sxm,8.54
1xq0,6.34
4gtt,8.22
4i5c,8.82
1f3j,5.22
6cj5,5.19
2bpm,8.7
6gnr,5.44
5pzn,7.39
6ow7,9.0
5f67,6.89
3mt7,4.03
4xjs,7.12
3hpt,8.19
4fic,4.7
2ay3,3.55
6faw,5.57
6k9u,10.05
3wzn,7.0
8hvp,9.0
6mt4,3.82
4fl1,3.28
3s43,8.6
5gub,6.2
6qxj,4.79
6ipk,5.17
3gta,4.28
1d8f,7.74
1cbr,9.4
3ij1,4.7
3jqg,4.74
1g9r,5.7
5fun,7.59
5ekh,5.95
3gc4,7.6
1lhv,8.91
2hmw,7.7
2qbs,6.68
1ms6,9.52
6dih,2.72
4lh2,1.24
4y2t,3.82
4jjs,6.7
4d2t,6.0
5dlx,5.7
3dne,5.22
6s07,7.4
3bki,5.12
4cg8,6.96
5jzb,3.39
1uys,3.6
3r42,4.08
3e3b,7.96
2an5,5.68
4j26,5.44
4xua,4.59
5n2z,5.31
6qg7,6.83
5cxa,8.05
6fse,4.74
5t28,8.49
2x6e,7.82
3qtf,6.96
1ghw,4.2
3v4x,6.15
2bdy,7.77
6ind,6.62
1qb1,6.77
4c68,6.17
1pxm,7.22
4uvb,5.49
4o72,6.0
3vw2,4.75
6fo7,7.87
2yhy,5.6
1yid,5.0
1xhm,6.33
2xml,3.3
2c93,4.92
4lq9,4.85
6jse,8.77
3poa,7.0
4kzl,6.15
6gop,9.15
4hlf,6.06
5op8,4.18
3uec,4.21
4lh7,4.47
4yuy,3.34
6exs,3.44
6np3,6.47
5qak,3.66
4eh6,2.46
5e6o,4.11
6ez9,7.77
2xah,3.55
3bv2,9.36
3zbf,7.52
5yhg,6.02
6qlu,4.64
3qi3,3.78
6a8g,6.61
4mx9,8.59
5wzu,7.0
2r0h,3.51
4x6o,8.72
2b54,7.7
1m7i,5.4
6min,3.91
1a69,5.3
6isd,8.24
5eld,2.66
1utz,5.85
5em8,5.96
6gnw,4.99
6dql,7.89
6mxe,4.26
3sv8,7.91
1a99,5.7
5ho8,5.96
4y63,3.58
5zhl,6.72
2xaf,4.64
2b5j,9.1
1ow6,5.4
6qc0,7.24
3hx3,8.0
6gjd,7.66
1n8u,6.03
1hvi,10.92
6n79,9.68
2y76,6.36
6czd,3.85
4acd,8.31
5dp8,6.36
5m3a,5.7
3uyt,8.1
3w2p,5.09
5ll7,5.61
4lts,8.36
4awq,6.32
5nb7,8.22
5td7,5.77
5c2e,8.7
1ow4,5.68
3koo,7.82
3k8d,5.77
4q1e,8.17
3r92,7.02
1thr,5.38
2d3u,6.92
5ta2,7.96
3gqo,5.41
5j9z,7.8
6evo,5.17
2vv9,7.77
4o05,7.43
4bo4,6.89
4l70,5.66
2wlz,4.6
4pnq,5.0
4wci,5.05
4mmp,7.71
1u0g,6.15
1ype,8.1
4hy5,8.89
4hww,6.65
4qiy,7.3
3ljt,6.89
1ff1,4.92
6npm,3.96
6ax4,8.22
2vcb,5.26
6f6r,8.25
6hu2,5.9
5e3d,4.02
5l01,7.48
2aow,7.42
5a0b,8.3
3ejp,8.55
4rx5,8.52
5azf,4.44
6ten,9.77
2xz5,4.01
5kax,6.11
1h1s,8.22
5jsg,4.85
4fjz,6.29
4yv5,6.22
1il5,2.66
4afe,7.14
4ht6,6.21
1f9e,8.7
6ftz,3.0
4o70,4.72
2x2m,6.77
3as2,3.44
1h4n,4.92
4jik,7.74
3pax,5.0
4jyc,6.7
6f09,5.97
3t83,6.98
4nkt,5.97
3juk,4.89
3vb6,4.41
5h21,5.19
4i2w,3.92
3fdn,7.48
6hv5,6.49
5t4f,8.0
2n9x,6.4
1mcz,3.0
3wuu,5.14
3q77,8.22
6g14,5.49
5qac,3.6
6f5w,3.83
3vqu,7.43
3uph,7.82
5jnl,6.57
4g3e,8.38
3wab,7.47
2wuu,7.16
2x6k,5.64
4bky,7.92
2kfh,2.62
5nhy,8.64
1s9t,6.82
4mbl,8.54
3pxe,5.7
5ody,8.4
6evp,4.53
2k00,4.62
5zk8,8.89
2qft,5.26
5tg2,5.49
3wax,7.89
1c6y,9.51
1al7,7.8
3zyf,4.85
3qcl,5.4
5xhs,5.05
5k7h,6.0
4j24,7.3
6n3k,7.54
4hnn,5.7
1o4f,3.52
2wkt,4.31
6oyz,6.73
4iwz,7.29
5jvi,6.51
6uf0,7.14
5dqe,3.63
4i9z,7.74
5yjp,6.62
6pvw,6.32
5tw3,8.7
2uz9,5.71
4og5,6.52
6ckl,3.89
1ayv,8.0
3rz1,8.74
1zpc,6.6
5tkb,7.89
5ko5,4.57
6apu,4.87
6h78,7.33
6fkq,8.0
5e8z,5.91
3vfb,9.04
5mgx,5.59
1bji,8.7
2a0t,4.82
1fax,7.39
5za1,7.52
1y6b,7.42
1avd,15.0
5eei,9.22
5ah2,10.08
5apj,7.4
1w5x,8.4
4fcm,3.94
5unp,10.02
2z8e,8.0
6i0c,6.85
4re3,8.57
1b11,7.39
5swg,4.48
4o0j,4.89
3sjo,5.78
4k3q,3.94
4e3l,8.52
5td2,8.66
3ad8,3.16
2oi9,5.7
4j03,7.59
2i4p,5.7
3sfh,7.05
2yol,6.89
6qmk,7.46
5ejw,3.3
1zfk,7.92
6n3n,8.74
4mhy,6.47
3isj,3.68
2gd8,7.41
6bkx,6.39
2o2u,6.4
4qp9,7.15
5hf1,5.74
5h8g,10.32
4mn3,5.75
5i7u,8.77
3g6g,8.55
2ygu,6.49
5h2u,8.15
6aoy,4.97
4urw,2.8
4qw1,6.11
2ylo,4.88
4ara,6.05
1a5g,10.15
2iw9,8.05
6gw1,5.14
2oi2,6.3
3tt0,9.05
3eeb,5.89
5wac,7.42
1vyj,7.0
6gdg,8.74
6i9a,10.0
5jnn,5.35
4q7p,4.32
4acu,7.39
1enu,5.08
1t48,3.46
5nsp,6.47
1njj,2.1
3ivc,4.12
3g08,8.16
4l2f,6.23
5zr3,7.01
2qcd,3.4
4k75,4.25
4j3j,7.51
5ejv,6.69
1nju,7.3
6ey7,4.3
1pdq,5.3
1ydd,7.07
2ggx,3.49
1xoe,7.39
3iog,5.52
2ce9,6.03
9lpr,5.7
5ou1,6.07
6p14,6.66
1ym2,8.0
5eym,7.6
5mlo,5.32
1gnm,6.25
2hzn,7.39
3qts,5.51
1z6s,4.34
3kd7,3.7
3q71,5.22
5ulp,4.61
3tvl,4.0
1nvr,8.11
2exm,4.11
1pq3,7.52
1ph0,6.92
5t4v,7.22
3ml5,8.52
1axr,3.27
4axd,4.43
2no3,8.05
2n1g,5.64
6dn6,8.15
1bqo,7.74
2ay4,2.91
3qrk,7.24
4nmr,3.53
3abt,4.77
5eh7,3.48
2o4n,7.82
5znc,7.52
2a4r,7.82
1q5k,7.42
3sap,7.59
2wc3,6.08
2l6j,6.26
4qfp,4.23
2ccc,7.76
6o5u,4.38
3fup,7.66
3ro0,4.5
4pnw,5.05
3u78,5.6
6cq5,4.24
2c94,6.82
1v1k,4.46
4ybk,7.82
2l3r,4.66
5lj2,5.0
5w6r,7.57
5lli,7.05
1o2j,6.92
2qqs,6.4
2pj9,7.92
1d3p,7.39
4zy4,7.66
3t3v,8.52
4xek,5.66
1ndz,8.11
1lzo,4.54
3hd3,7.0
4jpx,5.15
6iiu,7.96
5bqs,5.64
6q8a,8.01
1uze,8.9
1h4w,4.66
4rsc,6.63
1p19,4.11
4mny,5.71
5jr6,4.69
2ms4,4.82
3iad,9.0
3n1v,3.3
6mo0,6.23
2fqt,6.14
1okw,5.25
2sim,3.42
4ajl,3.8
6h2t,4.82
4qyg,8.39
4alv,8.15
4z16,8.32
2ybt,4.7
1ugx,5.91
5mi9,8.35
3lj7,8.34
6n8x,5.7
4yy6,4.22
3cf9,4.83
2erz,5.66
4uma,5.41
5u4x,8.15
4r8y,6.19
5aut,5.17
6d5w,4.2
5ewm,7.92
4rfr,6.54
4i32,7.24
6euz,4.18
5dp4,4.2
4anq,6.22
4b81,4.92
5i4o,7.28
1d6n,4.5
4ayw,4.0
6cck,7.43
2o9a,3.81
2hjb,4.39
3rmf,4.09
1wuq,8.27
4qsk,5.1
4bo2,7.3
2ajb,5.5
2c9b,5.54
5g45,3.3
3sl4,7.57
6jjn,4.11
5w4w,8.1
2xp4,3.74
4zae,8.44
4r5t,6.1
6kmj,4.79
4fgz,2.87
3cgf,6.57
2vwv,4.8
1zxc,8.1
3v2x,5.35
4cpz,7.68
3k4d,5.11
1bkj,6.77
1klg,7.89
3si3,4.16
4w4z,7.52
6oe0,8.92
3u8d,6.33
3ovx,7.51
4e6c,4.82
3fdm,8.7
5yls,5.29
7prc,5.21
1m7q,8.59
6o8u,8.28
2am9,8.41
6dim,2.14
1rhk,9.11
6dxg,4.85
5mz8,2.31
3q1x,5.33
3s72,6.4
2y5l,6.48
4zg9,7.59
1m5b,8.01
6b8y,9.66
2uw0,7.7
5bv3,7.17
4w9f,5.49
5hwv,5.07
2qmf,8.52
5mo8,5.79
3i51,7.7
3kah,6.59
3vp3,4.95
1izi,6.59
4bnz,6.59
2bro,5.85
4q2k,7.48
3eov,7.2
5izl,5.73
4ym2,2.85
1i9q,8.41
4det,5.68
4h2j,5.32
5kks,8.7
5ose,3.17
5ug9,8.1
5fns,5.4
1ecq,3.0
4ibf,4.43
5eqe,3.88
4ezz,5.19
2qk5,8.1
3sw2,8.33
3efs,5.34
6d5g,6.6
3vw1,4.67
4x7l,8.05
4csy,3.06
1rm8,9.0
1w7g,5.1
2x2l,5.28
4lbp,4.94
1ai7,4.09
1o30,6.77
4u5o,2.42
5ujv,3.6
2hnx,7.08
6jz0,7.82
6n8y,5.38
2llq,5.82
3ckz,8.72
4rd0,6.62
3rxb,2.66
4gne,2.47
4fcr,9.4
6cjs,9.7
1o3g,7.96
1kpm,5.8
4j2t,7.96
4yef,5.35
5l30,9.14
1xot,5.42
4a2a,4.35
3pj3,5.25
1w6y,5.36
3h23,4.71
6ijl,7.93
1me7,7.19
2pe2,8.4
4dpf,6.4
3o0g,6.22
5j9k,5.85
5i3w,9.22
1z3c,4.0
2vte,3.91
5uuu,7.74
3faa,8.15
1q3w,8.4
1xmy,7.3
4keq,3.82
4pri,4.03
184l,4.72
3p50,4.62
3ove,6.57
3ds4,4.19
4rj4,7.8
6egw,5.57
2osc,7.77
3std,11.11
5xag,5.46
5uga,6.79
1ftj,6.09
6g3c,6.91
5ltn,5.27
1rt2,8.22
3q92,7.92
1xxh,6.11
6cz3,7.25
6fu4,6.19
3uza,8.94
2usn,6.51
3eta,7.85
6iup,7.64
5wa7,6.4
4u7t,5.67
4bcf,8.15
6n7c,9.17
1d6v,6.17
3tjc,7.51
5osl,3.43
6qw7,6.33
4ep2,5.35
1d8m,8.51
6mxb,4.59
3ifl,8.08
5mae,6.84
2ncz,3.85
2csm,4.3
2x7c,5.7
5t4h,8.03
4eqc,8.1
4r5w,7.13
1aqc,5.34
4zwz,8.7
1y1z,3.08
5w2p,6.88
4uhg,6.27
6ggf,5.39
4d63,1.64
4nat,6.48
2hwg,3.55
1sln,6.64
1lzq,8.39
3h2n,3.67
2gzl,4.82
4bqs,4.21
3nzc,7.02
6qdx,4.52
3vhv,6.29
3t3u,8.6
4zum,6.57
4f6x,5.09
6pfj,6.41
4jsr,8.4
5aia,5.2
2fme,6.98
6eqx,10.47
6nrj,7.44
2yga,4.61
4zs0,5.64
2ews,6.62
6jav,5.76
1ybg,4.8
2wyi,4.74
5may,6.48
5k8s,8.22
1n2v,4.08
6kdx,6.53
5hct,7.6
6qef,7.22
4byj,6.57
1n0t,4.91
1bky,3.84
3c4h,5.7
1ctt,4.52
3shc,5.72
2z3h,4.64
6au5,5.57
5y8z,6.21
5o58,6.72
1a0t,1.3
4ad3,4.62
6d07,5.28
3evc,6.91
1gx4,4.28
6npf,5.85
2h6k,5.06
4c94,5.05
4ps3,8.7
3zm4,5.96
3dp3,5.82
3ith,8.1
2ykb,5.96
5z7j,6.6
5wg4,7.0
2hiw,8.1
3hzk,6.7
4fm8,5.97
4kju,8.22
5edl,8.35
2wf1,8.7
5xw6,4.91
6mso,5.42
4muv,5.76
4jj8,6.14
4wno,6.8
5zae,6.81
6h7f,6.12
3nm6,1.35
5jzi,4.8
1pwp,6.3
6k3l,7.22
6gjl,3.86
5cbr,5.74
1ci7,7.05
4yqm,7.51
5wou,6.18
4kni,7.78
3umw,8.52
2ydv,7.86
1u9v,8.22
1gwr,6.6
4wx6,9.0
3th9,7.7
2vhj,3.9
4i67,6.35
1hxw,10.82
1we2,4.36
4pte,7.13
2lh8,4.18
4l7n,4.84
1j19,7.79
2aux,9.3
5he1,6.55
6aqf,8.67
4k19,8.36
5yjk,6.09
5o9h,6.62
3rv3,2.0
5tco,8.19
5ljt,8.92
1np0,3.57
2qdt,5.19
6n97,5.15
1xr9,7.15
3cda,7.58
5vsk,5.74
3g2k,4.79
4abu,6.28
5tku,9.8
3gur,8.0
4yxu,7.24
3ppr,2.82
3r4p,7.96
1bgq,8.57
8lpr,6.62
2xzw,5.29
1x6u,3.22
6j3p,6.98
5wad,8.11
1qbo,7.74
4x7q,7.85
3eio,6.65
3igb,4.42
5dfp,7.66
6a73,6.48
1unh,7.0
3rwf,6.52
2fr3,8.7
4hvi,7.16
4cu1,4.71
4ufy,8.15
6bsl,9.0
5y7w,7.7
5ksx,5.43
3dxm,6.0
3gqz,2.17
1py1,4.4
2xm8,6.8
3iue,5.82
1k08,5.34
4fs3,7.85
4cwr,8.3
5lwe,9.96
5l4j,4.28
6b5j,7.1
1z1h,8.4
2xb9,6.77
3t84,6.97
2gvj,9.52
4uib,9.0
5fwa,4.79
5t18,9.3
5ajc,4.24
1ce5,4.74
5n99,4.21
1uvt,7.64
6fa4,7.29
2i5j,6.3
6duh,7.42
1x8s,5.1
5e73,4.64
4jft,5.46
5npr,4.9
4fgt,5.41
1z6d,2.34
4frj,6.55
6qfu,7.46
5j9f,7.23
2bmk,5.62
5vb6,6.37
6bfx,7.1
4nb3,7.66
5teg,6.85
4zur,7.17
4b2l,3.24
4w7t,6.05
6c7f,9.62
3iaf,2.92
3zmj,4.93
3d7h,10.22
5i7x,7.28
5i5x,6.7
4jq8,8.1
3uzc,9.61
5ylu,8.62
3liw,7.6
4z83,7.4
2z4r,7.62
1q4w,6.46
3pd3,4.44
1il4,2.85
2c8y,4.0
3qbh,6.82
2jbl,5.89
3ms7,3.43
6mjj,7.84
3pjc,7.57
3t60,6.7
3pxy,5.23
2x2k,6.52
4qz4,5.01
5ngs,6.77
5j8u,6.47
3ob0,3.0
1ke8,6.0
4jxv,4.51
5lpl,4.92
3ce0,6.15
2xke,5.38
4x6y,7.72
1o3d,7.13
2qlm,5.64
5dxg,5.92
6k04,8.04
3moh,2.84
3wzq,6.23
2jsd,7.77
2cf8,8.1
3qk0,8.7
1sre,3.85
4ojr,7.42
4bzs,7.12
1d4t,6.19
6gcr,8.33
2l75,6.05
4ifi,5.48
1anf,5.46
6te6,6.57
4f3i,7.44
1y3w,5.77
1o33,5.74
1os0,6.03
6d5j,6.34
1dwd,8.18
5mwa,6.82
2hzy,7.39
5ohi,8.47
4drm,5.24
1akq,9.1
1s19,9.51
5aan,4.15
5sxk,4.7
1f1j,8.8
4hmk,6.1
4qnu,6.4
4c52,5.68
5ek9,7.33
6hr2,7.0
3s3k,4.01
4mgv,7.12
1jpl,5.0
1h3a,6.55
6c5q,6.66
2tsr,7.54
5i13,5.08
3tcg,5.87
5t4b,9.38
1e5j,4.0
3k54,9.0
4mre,2.19
6qzh,8.52
1q6m,7.89
1lhe,9.54
4pvy,6.71
4li6,6.97
1utj,3.84
4gzp,7.84
5c7e,5.0
5osd,3.21
2hiz,6.95
5ml5,8.0
4nvq,8.48
3kpu,3.16
4zek,5.66
4ga3,7.52
3tsd,3.66
3pvw,7.27
3ftu,3.61
5anu,9.4
6a80,5.9
2q5k,11.3
3ta0,3.47
3s8l,5.64
6gcl,4.47
3f7u,6.61
5db1,7.66
1a2c,6.3
4io8,6.64
5k4x,6.42
1uk1,7.22
6fnx,4.9
5g5f,5.28
1szd,4.54
4lwt,5.41
3kqr,4.43
5t27,7.1
4qtl,6.92
5xjm,9.37
4iid,5.62
4xt2,7.15
4rdn,5.92
1shc,7.28
2oqi,8.49
1ke5,6.25
3p79,5.64
3byo,8.15
3qkm,7.42
3r5t,8.58
5yov,7.68
2h5j,7.91
4zv1,5.24
2doo,7.17
3uzj,5.55
4cd5,6.71
5v83,5.16
1auj,8.25
6eyt,5.72
1kwq,9.21
6jon,4.88
2ds1,8.47
3bu6,5.89
4x6i,8.0
3rxk,2.68
3u6i,9.0
5mev,7.0
1gi8,5.05
4ufi,6.2
1wdy,7.89
6db4,7.31
3cyw,7.77
4ran,7.15
6n7y,5.11
3btr,5.3
5t8p,5.89
2ydj,8.3
3vbt,4.43
3jdw,3.6
5g2g,6.05
5wj6,7.57
3ut5,5.74
6qyp,7.15
2kpl,6.64
2z5s,5.66
1sri,6.08
3tws,5.52
4dcx,4.5
1a7t,1.64
4ca7,7.36
4m6u,2.74
6equ,6.38
1bzy,8.34
3t0l,4.52
3c7p,10.0
5iza,5.51
4ycl,8.15
4gj6,5.12
4mdt,5.0
6cqt,9.64
3rsr,4.36
2fl6,7.42
3nsh,6.33
3hlo,6.21
5ff6,5.02
6q4g,4.3
4g8r,7.66
2osf,3.83
3g5k,9.52
5xmu,7.51
5mxo,5.27
1tog,3.22
6p88,4.52
5jna,7.35
4y2b,8.36
5ty1,5.21
3mxd,8.83
3d7g,7.77
5y5n,5.76
1igb,6.4
4y73,9.52
1p6d,2.94
3cn0,5.51
3uo9,7.1
3nuy,3.46
1qbs,9.47
1mf4,7.99
5oa6,5.51
3mf5,5.36
5zyk,6.74
6im6,4.68
3wym,9.52
5n93,8.66
4tki,6.38
1h1b,9.8
2zir,8.19
3rah,7.92
5fck,8.22
4ys7,9.0
1r9l,5.4
2aei,7.07
2vuk,3.9
4d3h,6.43
2f7o,7.44
5mi3,6.84
1ywr,7.89
1eol,13.42
3bzf,4.52
4d8i,6.69
5vjn,5.06
6nel,7.96
5qa4,3.77
3ejt,7.36
1ftk,4.84
4hj2,2.53
5vp9,8.99
6afa,5.49
2nnk,8.37
3qgw,5.89
4aw8,7.66
2r3h,4.7
1rdt,6.7
1b8n,10.52
5tkd,8.15
1e1x,5.89
4cjp,3.32
4gvu,7.52
6pge,3.62
1y2e,6.8
1oar,7.4
4jg6,6.44
6n0q,7.4
1f7b,4.6
4gm8,9.0
3afk,3.6
6ft4,6.63
3nzs,7.12
6ib2,8.0
4k10,6.92
2avq,4.39
4i73,6.72
4qew,7.07
4lw1,3.15
4rrv,7.4
3oev,8.13
4qvm,6.35
6fym,5.07
4ohk,8.3
6e6j,8.1
4at3,8.4
5vs6,6.98
3k84,8.52
3rum,5.77
6i78,4.74
6p7p,6.15
4zyx,8.15
6d4v,6.64
5mmg,6.01
4rh5,6.9
2vtj,5.72
5owh,5.92
4mk7,6.36
5byz,7.38
5v8v,8.89
5nyz,5.03
5zqq,7.66
5mhp,7.82
1lag,6.3
3r8z,4.31
1ylv,2.7
3oj8,8.36
4qz5,5.26
1w3l,6.28
6jbb,5.99
4fgx,7.14
2vk2,6.89
4um9,8.07
2x4o,4.77
6dh8,9.84
6c0s,7.05
5q10,5.2
6beh,4.09
6d28,6.7
4fmu,6.44
3myq,7.52
5j27,6.74
3ej5,3.57
4drn,5.24
4z7f,7.53
5f0f,6.0
2vj1,5.3
1nli,3.59
2hwp,7.14
3hww,7.12
3bti,6.14
5ll4,8.4
3n9s,5.26
1tpw,3.3
5f4n,8.66
1ya4,4.82
4eok,5.07
2zdt,8.02
5ien,6.52
3iu8,6.24
3rbu,9.43
2z5o,6.0
4nms,4.94
5hh5,6.3
5qag,3.7
1h6e,6.15
5o9r,5.39
4q3t,6.48
6c67,5.92
1veb,7.41
2oi3,6.64
4ede,7.38
2rg5,8.51
6pka,5.92
5bve,11.0
5mar,4.39
6mod,9.15
3uil,6.0
4ezt,5.13
1zea,5.22
4jg8,8.6
4bbg,8.32
3kn0,3.6
1ndw,5.23
4tju,5.44
2fs8,7.6
4lww,7.54
3lhg,7.7
5itf,5.74
5u11,5.35
5mo2,3.84
6jaq,3.95
4x7k,8.4
6me5,8.78
6oin,6.0
6g2f,5.17
5ut0,5.88
5ivs,8.21
4gvd,4.57
6mdq,3.44
4cli,8.89
5u3b,8.82
3ua9,7.25
5vl2,8.42
5uhi,8.04
5g4n,4.0
5igm,7.38
4x8p,5.48
4ty9,2.05
5cc2,4.1
1abf,5.42
1zd4,3.6
6euv,8.62
6h4y,7.11
4tk1,3.72
6bmi,5.05
4xmr,4.07
6rj6,8.52
5d21,8.38
3ft3,7.36
4fck,1.26
4y24,6.66
2wmr,4.28
4m8y,9.96
1rpa,6.0
6f23,8.3
6ex0,4.03
2xp7,5.77
2qm9,7.77
4tpm,8.62
2oyk,5.3
3qsb,5.08
4auj,7.74
3au6,7.92
1q8w,5.24
4kwf,4.82
2bve,3.67
3ccw,7.87
2qw1,3.9
4lkq,3.35
1lv8,5.46
4rpv,8.52
5zdc,5.75
4b0b,3.33
3dcw,9.0
1vj5,6.92
3kgt,5.51
5tdb,5.84
5v13,7.63
1tsy,4.96
3dpf,7.24
5ybi,3.49
4pp9,7.37
2etm,6.67
1u8t,4.26
3hav,3.77
5wvd,7.68
2oc7,5.85
4rkx,5.1
5n1p,4.6
4r3w,3.0
6q6o,7.54
1d04,4.59
4y5i,3.52
6rot,6.32
6j9w,5.13
1str,4.77
1nlo,5.47
2g94,9.52
1nc6,8.0
6cnj,8.11
2yxj,9.3
6f6u,4.8
6axq,4.0
5b5b,9.37
6f08,5.39
2r75,6.15
6jad,4.32
4jfi,4.74
3i7g,6.37
3rbq,6.27
5ngf,5.11
4uj1,6.52
4mpn,6.62
6qac,8.21
6ez6,7.4
5lhg,5.6
3s7m,8.0
3ftw,2.78
3wnt,6.28
3k00,5.77
1u3r,8.3
5tpc,3.0
4kmd,5.41
2gh7,13.0
4del,7.68
4pmt,6.0
3zw3,7.47
5a46,7.66
5nn6,5.52
3ny3,4.71
1ado,6.0
2rt5,6.72
2c4f,7.7
2xu1,7.66
3kab,3.2
5f1u,6.4
2hvc,8.82
6qqz,6.74
2wks,6.89
5zef,1.75
5d1n,5.57
3d14,7.66
4x8t,2.05
3uo6,7.82
6q2y,5.26
4bhn,8.2
6q9h,8.11
5svk,8.48
5ntk,8.01
1jyc,4.34
3kyr,6.72
2q3z,7.22
4mmf,6.53
2srt,6.64
4r59,7.96
2cnh,7.23
3bcn,7.12
1q9d,4.6
3czv,7.8
5m5q,7.05
3lfs,5.6
6qyo,7.52
1wbt,6.47
4c7t,6.4
2cng,6.96
1jyi,4.0
3vv8,4.77
1wdn,6.3
6j0k,5.64
5wal,8.77
3t2q,3.66
6e1a,8.85
2wi7,7.24
5op2,6.62
5yso,7.4
2kbs,5.0
5d3n,5.04
3vjm,9.43
4b9w,4.17
3p8h,5.3
1nzq,7.96
4x8v,6.89
1zkn,4.51
2xwd,6.96
2hd1,3.3
6hlb,10.27
6rfn,6.7
5tzy,8.7
1pf7,10.14
5dxh,9.0
5aiv,6.19
5prc,4.89
3dyo,2.3
4zx8,7.1
4bkj,8.72
2bmv,2.0
6ob0,4.96
3wns,5.96
5iq6,5.26
4o2f,6.41
6ebw,8.6
1e9h,7.46
3od0,7.92
3mbp,6.8
2jq9,4.48
3f15,8.1
1mq1,6.59
5qap,4.0
3zyh,4.29
5hka,6.46
4hfp,7.38
1x38,8.77
4wbg,5.55
5std,10.49
2ban,9.0
5c6v,4.8
5ant,6.36
3oy1,7.8
5tuz,7.4
6axb,6.3
4u1b,5.31
4j8t,6.77
4xx4,7.36
3p8e,5.15
4obz,5.72
6b4l,6.47
5nvc,6.19
3rk9,6.28
3kyq,4.22
6qtx,4.41
4m2u,8.04
3arw,6.15
3e0q,5.89
3ncq,5.36
1xp9,8.89
6d78,8.74
4b6o,7.0
4mz5,6.1
4k8o,3.77
5t54,9.06
5n2x,6.06
2hdq,1.4
3eml,8.74
2g72,6.5
6nyw,6.64
4ezq,5.2
4z0k,6.34
5ect,5.28
4kjv,7.74
4k7o,4.3
4hwo,8.54
4k4j,6.12
2lgf,5.57
5xst,7.57
2evo,7.17
3bl1,5.6
6e3z,7.76
2wpa,8.1
3deh,6.83
5k0x,8.36
1c3x,3.68
4fxp,4.09
5e8r,8.7
3f9y,4.49
4kz3,2.77
3juo,5.07
3qqa,5.82
5c8n,7.55
1n9a,8.66
4fk6,9.7
4ng9,7.12
5ap0,8.26
4non,5.24
4yv1,3.08
5l44,4.4
3l38,7.0
3s0n,6.74
5xvf,6.15
4qmz,6.68
2xx4,7.1
5cuu,4.37
4qmn,8.52
1e55,4.12
4cc3,4.14
4h1m,7.11
1v48,7.8
3oyq,7.99
5osk,5.6
4xbo,4.59
1wvc,4.46
1w82,6.71
5mrd,4.44
3r5n,5.78
2w92,4.55
3hfv,4.87
4qlu,8.08
1gz9,3.51
6iyw,7.23
1qpf,7.57
3ghe,5.89
5tvn,9.04
5ur5,7.14
3zrc,5.27
6qh9,5.0
4g0l,5.19
2i0j,8.57
4wmu,6.74
5u4b,5.74
3msl,5.15
6r8q,6.92
2vj9,6.74
6g28,3.64
1k1m,7.4
2qf6,6.49
6qri,4.82
4dr9,8.0
2q8s,6.73
2ez5,5.52
4uiv,7.8
1dl7,6.49
4umt,6.14
2rnx,3.4
1cx9,6.75
4u0a,4.3
4yv0,3.28
5w4e,6.46
6naf,4.26
2o4p,10.72
3iop,7.77
3dp1,5.0
4deb,6.43
1u71,7.48
5eta,5.8
5a0e,6.53
5j4y,6.05
3ibl,7.84
5f4u,7.02
5ork,3.63
3b2t,5.21
1nwl,2.39
6bbv,6.1
4wz6,5.6
4ycv,5.82
6htd,8.0
6few,5.85
3of8,9.22
5sy2,4.96
3ohf,7.03
4zom,8.52
3tia,8.51
3wv2,7.92
5qc4,6.82
2be2,8.7
5nfa,5.25
4zow,4.12
5jr2,7.57
1u6q,5.88
4hvb,9.95
5fbi,2.8
5m55,6.62
3kjq,5.88
2fjn,7.41
5w0q,8.0
1zkk,4.48
6fo9,7.75
3f70,4.85
2q11,6.05
5e8f,8.64
4av4,7.03
4unr,8.7
5mym,5.41
4mwb,6.49
5i3m,7.4
6e7x,6.76
3shj,7.47
3opr,6.59
3q2h,9.16
2z4z,5.73
7abp,6.46
1qkn,8.47
4pgb,7.48
2wf0,6.68
2aoh,4.44
1iy7,6.19
5fh7,6.86
6ht8,6.72
1ilh,7.39
2w6m,4.67
4uu5,5.04
2jdo,6.64
3bgl,8.35
6d1a,4.35
1o2k,6.92
4ok5,4.51
4d8n,5.74
4txe,5.62
5uv1,5.62
2a4q,7.18
4hla,10.8
1ppw,4.3
5qaj,3.48
1w22,6.76
6euw,7.77
5h9q,4.42
5tzz,7.85
4aqc,9.05
4mc9,9.44
1t37,4.35
5i4v,8.52
2xv1,5.99
1r5h,6.74
3t1l,3.26
6cyb,9.02
6h0b,4.15
3bum,6.49
3mct,4.07
5bnm,4.82
2xm2,4.62
5bvw,8.82
4g3f,8.36
3lq4,5.22
2pj1,8.01
4aqh,6.54
2mip,8.46
5bry,11.82
5a3t,8.4
3lgs,4.61
6e7v,6.48
5fow,4.03
5xpn,6.99
4xg6,8.01
2ivz,6.04
1a5v,3.1
6o4w,8.47
1hdq,5.82
6od6,8.21
6e86,5.09
2w10,6.77
3cke,6.1
1elb,7.15
4fgy,6.3
3mb6,7.0
5yc4,4.92
4und,8.96
1ugw,3.09
2zva,7.96
1fw0,5.43
5m56,7.89
6ckx,7.89
3u0d,10.0
3avf,3.53
2xcg,8.05
6ccn,4.52
3zcz,6.77
5xo7,6.36
4cst,8.89
6dvl,7.96
4he9,8.46
4ee0,8.63
4ba3,5.54
5dtj,4.47
5y6f,6.85
3dc3,8.31
2nmz,8.37
4s2i,9.0
1rlq,5.1
5mav,5.48
5fiv,7.66
1kwr,6.6
4wku,5.68
6jpj,8.21
4fxy,7.54
1fjs,9.96
1fkg,8.0
4wym,4.0
4jlj,6.13
5epn,8.66
6abp,6.36
1zdp,5.74
5tuq,6.35
6hq7,6.11
4hwr,6.74
6n5h,6.45
6qr1,5.07
2wp1,3.6
4ogt,10.0
2qln,5.43
1uwf,6.82
4d88,7.31
6t6a,6.7
4nld,7.7
5f4r,7.02
4xv2,8.27
4u5j,5.53
2oym,5.0
5auv,4.51
4gk2,8.8
5ew3,8.92
1bwn,7.06
5id1,6.25
6ccm,5.25
4l34,6.94
3ipa,6.22
5jq9,4.65
1xgi,4.85
5jnc,5.48
3rkb,6.42
6bjo,6.29
6q30,5.52
3o86,7.15
4mm5,7.74
4bt4,3.34
1ca8,9.49
4l4v,5.78
5k51,4.8
1ms7,6.77
3eu7,6.18
2uyn,2.7
3qch,5.48
3kbz,6.91
3b4f,8.14
4yw7,6.89
5wfc,4.9
3l7c,2.44
6b1o,8.51
6fbv,6.52
5zo9,8.2
3f8f,6.63
6mm5,4.54
4cwq,7.06
3i4a,4.28
1k9q,3.15
6eox,6.85
6aol,6.27
3muz,3.46
1pip,5.0
3snb,4.38
4pl4,5.27
2uze,4.33
6fyz,7.41
1zhk,4.45
4pnt,5.82
5vt4,4.35
2fuu,5.57
4ded,7.42
1l6s,4.41
5u51,4.92
3vv6,3.8
3iss,6.05
5etp,6.15
3iof,5.22
1zhy,6.52
5opu,7.28
6fuh,3.77
4yas,3.41
1r1j,8.64
4uye,8.02
4m7j,6.11
5olk,6.0
4bdk,5.44
4gtp,7.94
8gpb,3.6
3rkz,7.08
6dji,2.51
5aqz,5.48
2lp8,7.52
3fj7,3.71
4lj8,5.82
2lct,5.14
4o28,7.54
6mdu,4.25
5jfd,9.54
5wr7,8.96
1p02,7.17
6dkb,9.15
2qu5,8.06
1gvk,3.05
1uv6,5.12
5x9o,5.3
4uva,5.75
5jv2,4.0
3rvi,7.96
2ewp,7.1
4lxz,6.74
3uz5,7.22
1jrs,6.4
5nvf,7.8
6biz,6.57
5ijj,6.55
1ysi,7.44
3s9e,5.13
2hqu,5.14
1xdd,6.7
6s43,5.4
4wn1,8.29
5ni0,5.74
2jbv,3.54
1duv,11.8
4ovz,6.31
2q2n,6.48
4wef,2.59
3zcw,6.19
4tyb,1.7
1eoc,6.05
2fx7,7.7
1iau,7.1
6elo,6.29
6ap6,5.37
3wke,8.89
1kzk,10.39
6pgp,7.0
4aba,3.82
1exw,3.9
5elf,2.34
3zrm,6.89
2owb,6.36
1l2z,3.69
4i72,9.05
4mao,7.33
6pg3,3.32
3met,6.0
3wc7,8.26
2ydf,7.66
3s1g,5.19
1tnk,1.49
5hg7,8.4
4zzx,6.9
2f3r,6.3
6g9f,6.23
2w1i,8.92
5ggn,3.66
1yz3,8.81
1mmp,6.07
6bt6,5.91
2gz2,5.22
1zfp,7.59
2ans,5.92
4zy5,7.59
5khj,3.74
4jfm,5.48
6ar9,5.18
5mri,4.4
2rly,3.57
4y6s,5.03
5dcz,9.3
5q0y,5.73
2q55,8.69
4y2q,2.92
5ttv,7.54
2j4q,4.46
5qby,7.4
2bua,4.52
5ly1,7.53
5knj,6.94
4lwi,7.64
5qaq,3.54
1t13,7.38
3c7n,6.7
3tkm,9.0
6pxc,6.37
6e5l,7.18
5m7m,6.45
4c1h,4.09
1urc,4.72
4y8d,8.05
2isv,7.43
1i8z,8.9
5voj,8.44
1w1g,7.68
1o38,6.82
4y5d,5.92
1u2r,5.41
8cpa,9.15
3t2w,7.46
4idn,5.24
2yz3,6.66
3d32,6.45
3dbu,8.06
3eid,6.35
4fht,6.17
4qf7,8.6
6mny,8.82
3uh4,7.96
3zcl,8.0
6nnr,5.07
3b28,8.47
4r92,7.41
5eg4,7.68
6hro,7.3
2gvd,7.0
5x9h,3.76
5xxk,8.2
1w13,8.7
5e74,4.41
2bmc,7.57
6e4u,7.87
1ke9,6.18
4w52,3.76
6fil,5.85
6f6s,2.89
4mf0,8.08
1qji,4.85
3ctj,7.46
6ovz,3.85
6gzh,8.27
1g36,7.17
3f7h,7.09
4tn4,6.33
2vba,4.6
5i40,4.86
6f1x,7.7
5kj2,7.82
5sym,6.55
5ly3,7.51
5c13,6.1
3ekr,7.52
5fos,5.74
4yl1,6.67
3l5c,5.15
6a1c,8.15
3msj,3.11
1a46,5.7
1ym1,6.24
3pa5,8.7
5ef7,9.0
4tzm,6.7
6q7w,6.85
5ku9,5.83
6pek,6.52
4jfl,4.98
3chp,5.27
4k69,7.4
5nf6,7.46
2xc4,8.05
5fqb,6.52
2loz,4.06
4uj9,8.7
3n87,4.96
2xl2,5.25
2vj8,8.7
2yiq,7.9
4trw,4.14
4ln7,7.39
5nki,7.72
4yk6,5.7
5e4w,4.64
6hwz,5.17
2r6n,9.0
3tyq,8.3
5oae,4.6
5exn,7.64
4x3r,11.07
6udi,10.0
5dd9,6.11
6a9o,5.24
5u6c,10.3
2x6x,3.68
5j3v,6.98
2vl4,6.01
4erf,9.4
2ow7,4.85
4qbm,4.58
5llg,11.13
3zmm,9.14
6awp,7.16
4lno,2.62
6i8t,5.75
4xtx,10.57
2dq7,8.32
1dzm,5.41
6d16,5.08
7gpb,5.52
6j6m,9.52
4crj,5.96
3o0e,5.74
5ey8,6.31
4ona,8.15
4n7h,5.48
3oku,6.36
3gjw,8.3
4mcc,6.25
1yt9,8.3
1eef,2.92
3bv3,9.34
4deh,6.21
4djh,9.49
2q6c,7.78
4o71,4.74
1k2i,3.11
5eqp,5.4
1bm6,7.89
1kjr,6.06
2xpb,5.7
3e6v,6.83
5mwj,7.61
3sad,5.96
3ti6,9.27
3d4l,7.49
5wqd,4.77
3wav,6.74
3fr4,6.19
3ew2,6.67
6dug,8.27
4odn,6.74
4kot,5.46
4lnb,6.56
6jmf,8.59
3pb9,6.58
3wiy,6.21
6s57,5.1
3t5u,7.59
3adt,4.55
2clm,3.55
6fyp,6.84
6st3,7.03
1ent,6.96
5en3,6.21
5cpr,7.56
4kax,4.77
4msl,6.15
2p09,6.35
4jbs,7.96
1xug,7.05
4ge5,6.57
5ayy,5.32
6das,8.31
4ach,7.66
5n25,7.78
4zgk,5.51
3zls,4.4
5alt,4.88
1ppx,7.28
3kf7,7.4
4gii,8.74
3a1e,2.66
6qz6,6.49
4ikn,4.85
4al4,6.89
3tct,8.52
5fl5,8.19
4eyr,6.63
3zep,7.66
5gmh,6.31
5gvn,7.05
4pd7,3.92
1b40,7.28
4qab,9.7
4z2o,4.51
4bc5,4.6
6q9o,8.47
1ero,8.23
3pm1,5.93
3dgl,6.6
5diq,5.17
3n1c,5.22
5kr8,6.82
4ci1,6.6
5m77,7.61
2nns,6.05
3vh9,6.24
1fls,7.48
2jk9,6.82
2c9t,7.48
5upz,9.2
2vpo,5.42
1gbt,2.0
1h00,4.42
3hp5,7.15
4hgt,7.4
6ceh,7.44
3cd5,7.9
4ega,7.19
1tsv,4.8
5lp6,4.76
2y56,6.51
3zn1,4.54
1rbo,12.72
5a8y,9.77
5t23,5.8
3dng,8.13
3iod,4.1
5igq,6.6
2jgs,6.62
6n3l,7.57
5lub,6.15
3u8l,8.05
6egs,3.59
4dhl,4.48
5oq8,5.85
5lud,3.61
6cyc,7.85
3ri1,5.3
4umu,6.19
2za0,6.64
5ggj,1.75
4wcf,4.28
6ecz,6.57
4n84,6.29
3zq9,6.02
6c0u,5.99
5n31,5.79
2q6b,9.52
4kb9,11.0
2x09,3.76
4ozn,5.4
6fkz,6.05
4hhz,7.72
3iok,7.96
4ijq,7.52
3d7f,9.3
1ws4,3.0
6os6,5.96
4wrb,6.19
3ed0,6.35
2liq,5.85
1iem,7.7
5j86,8.26
1z6j,8.03
1dqn,8.0
3db8,7.0
6mey,3.32
1y3n,5.55
2y8q,5.82
3rwq,7.46
5y5w,6.1
6o6f,7.4
4v0i,6.33
3evd,6.91
6oi8,7.82
3o23,6.3
6bs4,5.55
5n17,5.32
1syh,6.41
2reg,5.64
6fcl,4.64
4mgb,5.44
1xt8,6.85
3pxz,5.23
6jjm,2.85
5d6f,4.37
3hbo,5.09
1qka,5.92
6kzd,8.53
2l11,4.82
6p1d,7.41
1ew9,3.22
6hm4,5.67
4qkx,7.07
5msb,7.46
2gl0,4.82
5ewz,6.34
3pe2,9.76
2vwn,8.0
4qrh,5.15
2ohv,6.46
1pfy,8.15
6d4q,6.08
3nb5,7.74
3zsq,4.96
6n4b,10.01
5elv,6.8
3kvx,6.83
2j7d,7.13
3ixg,7.57
6nv7,7.92
2opy,4.52
2ww2,4.85
5wyr,6.39
1k9s,6.52
4lke,5.37
6dko,5.8
5apr,7.77
3wt5,9.54
6am8,4.89
6qg4,8.07
1h26,5.54
1bo5,3.6
4x7j,7.39
3olg,7.84
2nsj,4.79
1osg,7.52
5heb,6.1
1ppl,8.55
4b8o,8.4
2i4d,11.68
4wwo,7.42
4u45,8.0
5wlg,4.72
3t70,6.3
1s17,8.3
1ml1,4.28
3gyn,7.21
6j06,6.59
2e7l,7.54
5ftq,8.0
3fw4,9.4
6rfi,7.43
2x85,3.89
1g46,8.8
5hlm,5.9
1g27,8.15
5j7q,4.58
3rlp,7.08
5v1b,7.47
5iu4,9.28
1rs4,7.17
3jzi,5.3
4m5o,6.42
2uwo,8.7
5g1c,6.85
6hky,9.34
2h4g,6.52
4x9r,7.82
2xmy,9.96
7upj,8.49
1bnu,9.7
6eum,6.52
3oyl,6.7
6bgx,6.33
3lvw,2.67
4b5t,3.33
1ao8,8.22
2x4t,5.13
5mnx,2.48
3gn7,8.3
2vts,7.52
4gah,6.1
5kjm,7.19
2bow,4.0
1p01,9.46
6n3e,4.72
2pfy,6.52
5a7j,5.2
6qe5,5.12
2itk,7.69
4azb,7.24
4z84,5.82
1yvf,7.0
1g9a,5.3
3oys,8.05
3ql9,6.3
6dhc,7.96
5ogb,7.47
3vhe,8.21
1r5n,5.42
4fxq,5.77
6f90,6.0
6df1,6.56
4zwy,8.7
6dn5,7.49
2qe5,5.79
4a4o,8.05
5ni8,7.7
1ind,10.05
4nw6,8.4
5ixq,4.7
5c8m,7.19
2ew6,4.97
3iob,3.42
4lge,8.46
1bp0,5.4
4qjw,7.8
5mf6,4.36
6gjn,6.22
4l58,4.68
5qax,3.8
1lkl,5.81
1xbc,7.92
5ows,8.0
1ztq,8.89
1eou,7.44
6fuj,4.3
2fqy,6.57
6r8i,6.03
6e8x,6.22
4a16,9.37
4jjg,8.7
6evr,8.06
1n95,8.92
4jn2,11.68
2pj5,7.82
6cjh,5.42
5d7a,7.68
1p04,7.4
3m96,7.22
3pa8,5.75
1q4k,6.55
3stj,4.8
3zki,5.92
5alh,7.07
3n6k,6.74
3pkb,6.21
4iut,5.72
6bvh,9.15
3zk6,6.34
4ty6,7.52
1adl,5.36
4pvx,6.76
2yjq,5.28
4k8a,4.02
6oa3,6.4
4ezw,6.0
2kzu,4.22
2vqm,6.01
4ag8,8.96
1m5w,4.27
4bcm,6.91
5cj6,8.69
1qku,9.59
1zky,6.25
4tkn,5.89
4qvx,11.0
4yve,7.0
6mzw,8.41
4u5n,2.48
5gs9,5.26
6ma5,8.1
1prm,4.23
5b4w,8.46
5l26,5.35
2qo1,5.57
6b16,7.49
1hlf,5.64
2pvm,6.44
5nih,6.87
1r6n,7.4
1h08,4.55
4gw1,6.37
4dho,3.93
1tve,5.68
5tt7,7.89
2w05,9.0
4ad6,4.78
2c2l,5.55
3kgu,5.92
1nyy,4.68
5xkm,7.62
4oel,7.0
1o5e,5.74
3o9e,11.3
4e9d,7.7
5djp,5.15
3fr5,6.35
5k4z,6.15
3irx,9.0
5dxb,6.28
1jmq,4.4
5cvd,6.41
4djy,8.27
1b9j,5.96
5e90,7.85
6aee,5.37
2xf0,4.52
3ud8,5.38
4hgs,8.3
1pmx,5.14
4ph4,7.74
2wcg,6.38
6q73,6.9
4oq6,5.48
1rdl,2.24
5u5t,5.41
5c26,6.77
6f5l,9.19
1bq3,5.4
2v3e,6.52
5lpk,5.51
5kre,7.23
5hng,4.03
3rti,7.37
2bkt,7.64
3eks,5.7
6r1a,4.35
5v2p,8.29
1ywi,3.43
4m6p,7.27
2cia,6.43
3mp6,5.96
6g0z,5.32
3in4,7.52
6o50,8.55
3tf7,3.52
3tf6,6.4
5dp5,4.73
2ydt,5.52
3d0e,8.4
4wag,7.08
6czb,4.33
3s0e,6.55
5btx,3.55
6g29,4.33
2a3x,6.92
3k99,7.22
4ucc,4.32
2m41,5.1
1tt1,8.15
1uy8,4.12
5o0j,4.77
2nm1,7.47
2hj4,5.37
2giu,8.82
6ajg,5.78
2rcw,8.1
3f19,7.19
5d6y,5.66
5ix0,6.28
1way,3.4
1yyr,6.29
3m3e,4.43
1lox,5.52
1l5q,3.97
5myd,4.86
4i0r,7.85
2cji,8.22
5nhf,9.49
5lce,8.04
4zls,9.09
6agg,4.07
4r6e,7.78
5qck,7.64
4zki,2.92
5hzx,8.55
5htb,6.77
3pp1,8.49
5hh6,6.4
4yl0,8.22
4b05,7.58
4ogn,10.0
5jap,6.64
5u4d,6.33
4z9l,8.8
5lz2,3.0
1g7g,6.6
4m2r,8.49
6jb0,7.24
1juj,6.96
1kv5,4.22
5tgy,7.35
6fi5,5.52
2n8t,3.37
5hbj,8.64
3drs,9.3
4oiv,5.08
4yhz,7.96
4n8r,5.0
4x68,6.57
1u3q,8.46
5ml0,6.3
4mm9,5.68
5jga,8.64
4i7f,7.0
5j8x,8.8
1fvv,8.0
1joj,4.22
5u4f,6.33
4hmq,8.24
6d1u,5.44
5aqt,3.51
4kyk,4.74
1hpv,9.22
4prd,4.6
3fea,7.44
5fol,3.67
1c1r,7.63
6en4,8.3
6qed,7.13
4igq,4.52
5dtm,4.3
3i9g,8.96
6dq4,4.92
5wew,6.74
2zdz,6.15
5fbe,4.85
1hq5,5.65
2f81,10.52
4jin,5.64
6r13,4.7
3fhe,8.6
3eqy,8.05
1zoe,7.4
5t8e,9.14
5mpz,4.07
5fky,8.33
5ksu,4.08
2y2h,4.57
6hkz,9.89
6c5f,4.48
4ohm,7.55
2xkc,5.59
2uw4,5.28
3jzb,9.01
5nwe,4.88
5fus,4.68
4jk6,7.19
6bir,7.52
4hbp,8.42
6fzp,6.42
3nlb,7.46
1rww,8.3
3egk,4.66
5d12,7.37
1eix,11.06
1n7t,6.82
4uco,7.0
4rll,5.02
1icj,2.22
3g3d,4.74
1b9v,3.65
3kai,5.41
4aif,4.84
2h3e,5.7
3tg5,4.7
1qwu,3.22
6h4w,6.97
6rsa,4.4
5drr,11.46
1bwb,8.42
3fxb,5.85
4ieh,7.85
2vvs,7.34
1bzs,8.0
1tl3,6.2
3h0j,6.49
3nq3,3.78
3fw3,7.37
3ddf,4.66
3ncg,6.82
4nan,4.72
4h5d,7.55
5f2k,6.16
4bxk,7.95
2oc0,7.82
3c84,7.85
4r1y,6.4
4n00,8.02
2qwe,7.48
3hs4,8.0
5xhz,6.49
4xg7,7.49
3r16,7.3
3poz,7.64
5wii,4.49
1o8b,2.68
5csp,4.24
5jas,5.77
3v2q,6.29
1jiz,8.7
2dwx,3.74
5ewk,4.85
1qbr,10.57
4cku,6.82
6jfk,4.84
2jup,3.81
2qlq,6.63
5mk9,4.42
5hl9,4.66
5qau,4.15
5ou2,3.22
5k4j,7.11
1qnh,6.06
4o04,6.16
2l8j,5.52
4pg9,7.8
1swg,7.36
3rz9,6.92
6nk1,6.66
4a9u,7.22
4ms0,3.39
5w0f,7.8
4kiw,5.12
3g8e,5.35
5axq,10.1
2wsx,2.41
5lvr,3.6
1gfz,4.0
2qtu,9.28
5cgv,6.47
5wxf,4.48
1jdj,2.3
2c92,5.68
4bhz,4.27
2xkf,6.06
4twc,7.4
5m6f,6.66
4n1t,9.1
5fls,3.04
6hmx,8.89
6q6f,3.35
1h7a,4.72
1qr3,6.59
3hjo,6.52
3el9,8.4
2brp,4.0
4qij,5.54
2wa8,5.42
2h6t,7.22
6n0k,5.07
3s6t,7.35
3v04,7.89
6ggd,5.59
1bim,8.92
4g68,7.92
4m14,6.7
6j3o,5.62
5c20,6.41
5duw,3.29
4nct,7.55
1gzc,3.49
1alw,6.52
6c3n,2.49
6mji,7.29
3b7r,7.7
4yps,7.12
6fmj,6.12
4wey,3.5
4wkt,3.26
1k3q,6.52
5ldm,3.86
4ui3,6.88
5q1b,7.31
3n0h,6.21
6nss,8.85
5l4m,5.34
5ljq,9.0
1fl3,6.8
5qar,3.77
3a4o,8.89
4au7,4.76
2r2l,9.0
3g5d,7.96
6m9f,8.22
5fbn,9.57
2j4g,6.6
4bg6,7.16
4x11,2.22
4y2p,2.66
2vvc,8.52
5fnf,3.15
6eww,5.05
4x1n,6.42
6m89,5.64
4iaw,9.63
2axi,6.85
2xht,5.96
6ocu,8.05
4rvm,9.0
5izu,7.27
6eln,6.05
3i6c,4.92
4nw7,6.63
6nfg,4.11
3ccc,8.1
2jds,8.2
4fz6,6.9
6bd1,4.78
5fqc,8.52
5kcb,6.0
5ajz,5.7
5gic,6.48
2xlc,2.3
4b14,6.22
6b27,5.03
3blr,8.19
4j48,5.62
5zo8,8.2
3q2g,8.46
1hnn,6.24
1klu,7.6
3bxg,4.96
5f32,4.94
1z4u,7.15
5d25,6.3
1l6m,8.1
6gih,4.36
6ipi,5.71
5nwg,6.18
5mat,6.24
4j7i,5.06
6d08,5.29
1g1d,9.44
1lee,7.74
4io4,4.61
6r7r,6.33
1o5r,8.12
6ps0,9.94
1b0h,6.7
2gnl,7.24
5y7z,7.81
6dgr,4.91
4i8w,10.9
5ayf,4.82
5kbg,6.11
3ad7,2.52
4c5d,5.4
6qfv,7.31
6tld,5.35
6dq5,5.19
2jk7,7.17
3zrk,6.89
1g9b,5.3
5kpl,6.29
5xsu,6.74
5ykp,7.05
4xwk,4.63
2ra0,7.8
1tlo,4.0
6oxz,9.67
5drt,5.36
1xbo,6.04
4dpi,7.11
6q8p,7.74
3li2,9.0
6gxa,4.22
5vjp,4.83
5t8r,4.29
2eg8,4.5
5a3n,7.72
5teh,7.55
3g15,7.0
5xff,8.21
5ubt,8.62
5y59,5.29
4i1r,4.65
4hcu,8.0
2ql5,8.1
2zvj,5.74
4dvf,6.89
4c72,5.09
5xmp,7.37
5js3,6.73
3dct,6.95
3uoh,7.89
5ai8,3.9
5ofi,4.2
4gjc,7.05
6oxs,9.96
3q3b,7.76
3q32,8.74
1sb1,6.89
3oqk,6.38
5z5v,6.54
5nf5,6.82
5vgi,6.98
4dgn,6.46
3gk2,2.7
4cp5,3.34
3r22,7.77
4lbl,4.96
3lm1,4.7
3otq,7.39
5vee,6.11
5yzd,6.7
3gz9,8.4
3oy0,8.0
6kdz,8.54
6nvg,8.07
3c88,6.8
1owd,8.2
3uxm,4.7
6f34,4.94
3ard,6.76
3cyu,7.22
3skk,4.47
5bnj,8.7
6oh3,3.32
5iu2,7.8
6rqk,2.8
1kr3,5.0
4np9,5.03
2x91,6.74
4q3s,6.59
6dyy,10.55
5cu4,6.49
5nvh,7.82
4rrr,4.44
2oxn,7.44
2zgm,1.79
1yi3,5.4
2uzv,5.87
3wyl,8.85
4yz9,7.7
2vle,7.1
1q4l,7.4
6dzy,5.52
1xgj,6.0
2ax6,7.57
4cmt,9.7
3nin,4.91
1xzx,10.22
1jqy,4.92
1doj,8.96
6hd6,5.7
6cq4,4.85
5x62,6.42
4q46,3.77
4g8o,7.66
4b7q,9.74
4rr6,6.0
2fda,6.3
1nfu,7.74
2pyy,4.6
1dbk,8.1
6f55,4.16
5cy3,7.8
5m51,4.72
5nqr,7.15
4o9s,6.55
2hwh,5.7
4hbw,5.32
4whz,9.0
5qa8,3.77
3e1r,5.82
1xoz,8.92
4a4g,2.99
2ynr,5.77
2wzm,5.22
4wi1,5.3
1rry,4.1
4b0j,2.15
1j4k,4.0
2las,5.74
4k5m,3.71
1sj0,9.1
2hai,6.28
1hn2,6.0
4b34,3.14
4eop,6.05
2yog,4.51
4ufe,8.15
6g25,3.52
6cd9,4.42
2ri9,3.22
3pvu,6.54
4k5n,3.9
5d48,7.52
5q1e,6.92
1njf,6.21
6qz7,6.49
6bg3,4.92
6om8,5.16
6msa,7.08
3hek,8.27
4yoj,6.39
1hk3,6.59
1mh5,9.21
4nyt,2.39
1v2q,4.13
1lf2,7.52
3wf6,7.48
4udb,9.15
6ma2,5.39
5mob,4.05
1zgb,8.06
1elc,6.66
3unj,4.96
4xsy,5.3
6ew7,5.54
3bc4,5.35
5umx,5.96
2drc,9.89
3u7l,7.28
1ajv,7.72
3hvj,8.7
3l1n,5.63
2c6n,6.88
4cu7,7.59
1c1v,7.64
6fhq,2.47
5zqo,7.71
3f9n,5.89
2x8i,6.72
4pce,5.15
4pnm,5.85
4kn1,6.84
3fmq,7.95
4cjq,3.59
3nan,8.22
5y97,3.6
1ngw,7.68
6cer,5.36
1zzz,5.14
3vby,4.55
1rdn,1.84
6dl9,6.0
2wxd,5.48
5v49,7.3
5t8j,9.0
1di9,5.3
4u7v,5.49
6dq6,5.07
2v6n,5.86
5ty8,5.46
1wur,6.66
2clf,3.55
1kz8,6.08
5wbo,4.21
188l,3.33
3f78,3.1
5uci,5.37
4omj,5.26
4f7v,5.38
1k4h,5.11
4x7n,8.22
4q99,6.28
5ioz,4.96
6gjr,3.74
3oaf,8.8
4idt,7.0
6fjm,6.24
1utc,4.55
2xoi,3.34
4gny,4.22
3iph,7.6
5ofx,3.96
3rzi,5.33
4gu9,4.37
2w6t,8.57
1k03,6.0
5orw,3.1
1bxq,7.38
4x3e,5.47
4pp7,7.96
3dab,6.68
4j59,5.85
5orr,3.77
1sfi,10.0
1rrw,4.55
5x4m,2.92
5hdx,7.32
4qt0,6.29
3r2y,8.07
4f9y,6.74
3qkd,8.38
3ux0,6.26
6r0v,4.96
4ez3,4.35
4cnh,8.4
2br6,2.96
6qzr,7.52
5dro,10.59
5f5b,3.95
4ovh,4.85
1him,7.7
2wmv,5.04
2hoc,9.52
3wi6,5.33
4yab,5.07
4z8d,5.22
4lm4,3.04
3tib,6.89
5q0h,7.92
5k5e,6.35
4ac3,3.96
4est,5.02
1q72,6.85
3tmk,6.87
4mf1,9.15
3be2,8.7
2ph8,5.74
4d83,7.26
4qnb,6.59
5zbz,4.95
5jrs,8.4
5aad,6.67
2gc8,5.51
1b52,7.12
6htp,6.8
5c91,3.61
5vsb,5.12
6e9w,6.55
5kns,6.12
1x8b,7.01
1eei,3.15
5am5,5.74
2jle,6.42
4g2f,6.8
1px4,3.23
3rv8,4.92
3wd1,7.66
1nl4,9.41
3l4v,6.72
2n7b,3.55
5wdc,6.4
5lz9,6.92
6dtx,8.35
4r74,8.1
6dne,7.48
5lxd,8.5
5cxh,8.3
1jn4,4.95
3lq8,9.4
4nq6,4.28
6h4d,7.96
1pus,7.28
6aff,5.41
3wcf,7.28
4nmp,4.04
5lto,5.92
1yon,4.21
4q7w,2.64
5bpp,4.8
1v16,3.87
1pz5,5.4
1ui0,7.06
5upe,8.05
3v4t,4.11
5ct7,7.15
6mqc,8.28
1i9l,8.48
2q63,7.18
1nfx,8.52
5uey,8.29
6fgg,4.77
3uvp,7.46
3pd2,5.47
4ddl,8.31
3qzq,5.64
1ox9,5.21
3hwn,8.7
5tzw,6.01
2w8g,6.0
2xyt,6.29
5fnt,6.17
4yw6,7.08
4fak,4.28
2ypp,4.41
4ruy,7.89
5gwz,4.71
4nj9,6.97
4owo,4.47
6do4,7.68
3u4w,8.4
2wgs,5.6
3u4h,4.25
5hvt,7.26
5wzr,7.29
3d7b,3.69
2vew,7.19
5lso,5.85
4kin,8.32
2ycq,9.85
2fx6,3.7
6flg,7.52
2y77,6.6
4mzs,7.92
4bgx,1.77
4bib,6.6
4m5n,5.12
1eed,4.79
3hv5,7.02
6njj,5.99
3d4y,5.7
3fuj,3.63
4nym,3.55
1n1g,2.3
2onc,7.89
3uwo,6.36
4nmt,4.85
5n24,8.92
4f08,6.6
4gkc,6.82
2pnc,3.33
5alg,7.52
1o3h,7.3
3ik1,4.85
4j81,4.5
5t4e,5.36
4os5,4.63
4urz,2.52
1h8y,7.7
1ctr,6.0
4oks,4.48
3u2q,8.22
3eqb,1.82
5mno,3.84
6dj2,8.12
6suo,9.4
3ot8,8.05
2gsu,3.59
1xh8,5.77
2f2c,6.35
1fhr,4.0
6e5b,8.66
3ind,5.82
2qu3,6.23
5dht,6.0
2o9r,1.68
2fwp,2.92
3wka,4.54
5h8e,11.2
4j4n,6.88
4elg,8.16
2fx9,7.77
2ggd,3.8
4yt7,8.77
6e3n,8.7
4aa1,4.12
5axi,3.92
4r3c,7.0
4gd6,7.38
6n7b,9.22
5zzw,5.51
2e92,6.89
1usi,6.74
3agm,9.09
3k4q,5.34
4e3f,2.52
3sv7,6.08
5lm6,5.11
4umq,5.38
6qr9,6.72
3ao2,3.77
2zo3,10.0
5j71,6.96
2ioa,5.49
3zot,5.95
4iu1,4.3
3zqi,7.19
3hll,8.24
2p4s,9.51
3ijh,4.0
1c9d,6.3
1ndj,12.16
2cem,7.92
2c5y,6.6
3q4b,9.33
4ozo,3.83
1ele,6.85
3mpt,6.6
6nrg,7.25
1gai,8.0
3u81,4.44
2wo8,6.28
6uwp,7.55
1o41,3.05
1f40,6.0
3pcf,6.05
4y62,2.95
2d1n,8.15
1s39,7.7
4qy8,7.19
6m8q,6.43
3t1m,3.04
1hi5,4.04
2rkm,3.9
3vi7,7.39
4bgk,6.28
6py0,6.41
6oyw,8.4
6fzf,6.82
5i3v,7.8
4jrv,7.54
1hih,8.05
5fh8,6.77
1drv,6.54
4i9r,6.95
3ljo,6.62
1imx,3.52
2j4k,4.85
6hoq,6.39
4qem,7.8
4wri,9.01
1if8,9.64
4d2r,5.48
3jq7,5.92
4oaz,5.77
2zx6,10.6
6c7e,8.55
1lqe,5.82
5z1s,6.16
4ej2,2.49
2vqj,6.44
5h1v,4.0
4qg7,8.0
5wkh,3.85
5ldo,3.75
3ujd,4.69
1syo,9.0
2ndg,4.71
2e9v,7.9
6fn9,3.55
5yql,4.59
5g3m,5.66
6qmt,6.92
5edc,7.66
5g11,7.21
6kzc,7.94
2zgx,6.74
5yr4,6.34
3dpo,8.26
3srg,5.7
5jjr,7.8
5oy3,4.15
2r3w,6.89
4jql,6.0
3wkc,3.71
6ays,9.19
5nt4,7.77
6hzx,8.38
2z6w,7.87
6oco,6.32
6cvf,6.35
5zhj,5.0
4an1,10.26
2xkd,5.64
3lw0,6.4
2v2v,4.07
4tz2,3.46
2ja3,4.0
2i0e,8.7
6ios,4.1
5dgu,11.35
3ibi,8.59
3aid,6.86
5afm,4.15
2qh6,6.0
4yuz,5.04
4k78,4.79
4lk7,5.04
4d1b,4.44
4pp5,7.74
5aaa,9.42
4azi,7.45
6n93,4.69
2h9t,4.7
1xh6,7.32
3f1a,7.21
3nil,3.46
5du4,5.25
3u6w,6.92
6u26,6.97
3tic,8.87
3sm1,5.84
3lxk,9.8
4bcb,8.52
5est,6.52
2xj0,2.82
6bsm,6.8
5kw2,9.09
5dhf,5.66
3zxe,3.35
3che,5.29
3fv8,6.8
3el5,7.72
6mlh,3.67
3m58,5.48
4k4f,6.7
2ofu,9.0
3okc,4.44
1pmv,6.82
6jsf,8.48
6ciy,6.7
5tr6,8.49
5huy,5.03
4ye3,8.37
6s4t,7.95
2qnb,5.34
4q1w,11.7
6gx3,3.6
5iub,9.46
4fea,6.47
2ca8,4.66
6fmn,5.95
2ea2,7.8
3gxz,7.89
3s5y,7.41
6hzy,3.92
4az5,5.99
1gui,6.28
1g3m,10.0
1i41,4.57
4umn,7.2
4tpw,4.69
4jc1,4.3
4pum,6.73
6h7b,7.48
3kwz,8.4
4j77,5.47
5j5t,6.96
3e9h,7.55
4lrr,5.22
2e9a,6.04
2z78,6.12
3kgq,2.3
1om9,4.15
5alz,8.22
4i47,6.92
1pq6,8.1
4r0a,4.26
1shd,6.17
6ink,6.57
2xzg,4.74
4oct,5.05
4y79,7.96
1ypg,8.0
6dj5,8.14
2xuf,14.39
830c,9.28
4op2,5.93
3lbl,7.44
4uxl,10.6
3i0r,8.52
2or4,5.02
5hmi,7.82
1hqg,3.0
1tpz,6.19
4kx8,7.13
2jf4,8.15
3vi2,3.77
4ge1,6.43
1o5p,10.0
4bks,3.82
2bgn,5.7
4ay5,6.27
2lha,5.19
4wn0,3.22
2fgh,6.55
5ezh,4.62
3qci,5.42
4nxq,4.74
1htf,6.83
2irz,7.92
3w0l,7.02
5hja,5.96
4q4p,6.39
4e5g,4.67
1li6,3.8
4g0p,3.01
2wou,7.14
3ppj,8.7
5vdt,4.68
1fq7,5.43
4dko,6.52
2b52,8.1
3dog,7.4
5ih5,6.3
3neo,5.92
5j4v,5.85
5edd,5.24
6g97,8.38
4u0u,5.82
6jt3,8.3
5l9h,6.4
6imr,5.37
3hvi,8.3
4mmm,3.82
2j3q,6.15
6g4z,9.77
3qkv,7.44
5jxq,8.15
3rxa,2.85
4lkt,5.9
5fso,6.09
4qp1,3.61
2ooz,5.15
4hgl,8.1
5vex,4.63
6c2x,4.76
3lp7,5.44
3gep,3.75
2wo9,7.21
5c0k,2.92
6hb5,5.83
6q60,5.71
5wqa,7.96
4bs0,5.7
2pwc,6.57
5cs3,2.15
4yv8,7.96
3feg,4.35
4el9,5.36
5xg5,3.48
3pdh,6.74
3qaa,11.54
4fmq,5.05
6eea,6.2
4jp9,7.62
3a1c,4.0
2ojj,8.7
4zmf,3.96
4hbv,4.64
2m0o,5.38
6hmp,6.86
3i3d,1.99
2nwl,8.7
4u3f,8.39
2bza,2.8
1ebz,9.4
3gsm,6.48
3pb8,5.24
6c7g,7.74
4qok,5.19
1o0n,4.09
4tpp,8.59
1re8,9.52
4g4p,6.89
3zt3,2.86
3nok,4.19
4ly9,8.15
4klb,4.16
1y3v,5.64
2gvf,7.6
6d8e,6.47
3ayd,4.19
5y8y,7.09
5xig,6.38
1ej4,7.3
3c6w,5.62
5hfc,5.72
5dk4,8.7
4c1t,7.15
4cl9,7.3
5na0,9.77
5afn,4.47
2qd9,7.89
4bdg,4.12
4uru,2.22
3uxd,4.41
4qlk,3.24
5isl,7.28
2wi5,6.05
3zhx,6.68
3osi,5.22
3dxj,6.22
5djv,7.11
3p44,8.01
4iqu,6.24
5e8w,4.39
6b1e,7.47
5ywx,9.85
5h0g,6.95
6oxp,11.0
1if7,10.52
6qat,7.33
3kw9,9.0
5go2,3.22
1ejn,5.62
2o4z,6.25
5ehw,3.0
5hlp,7.27
3h5s,8.3
6c28,4.17
3p3u,6.48
2uxz,8.48
1clu,8.27
5e1e,7.66
3f0r,6.89
1g49,7.8
4m3b,6.4
6r5f,7.7
2bpv,7.67
1ov3,6.72
5db0,7.43
2uy3,3.22
1b74,1.3
3vhu,7.31
3ddq,6.68
1fv0,5.93
6apv,6.96
6bs5,5.7
2agv,7.7
3vw9,7.96
4yrs,3.07
3wz6,5.96
4bbh,7.1
3eyl,6.6
1z9y,7.19
5l4e,4.61
2r3f,6.3
4ppc,9.03
2cvd,6.1
3c43,7.72
4a6v,5.72
4j06,5.34
5ttu,7.33
5hx6,8.0
2ydk,8.15
3g34,2.96
3btj,5.62
2a3w,5.42
3d9m,3.48
6o21,8.46
2i0y,7.62
1uou,7.7
3ska,7.49
5tq3,8.66
4bao,8.37
2qrh,4.71
3qmk,6.1
2z94,5.85
5vqx,6.32
4u69,4.26
4j8s,5.7
3mrx,3.39
3sdg,5.55
3d67,4.96
5nut,7.92
6exj,4.33
5o91,6.46
1a28,8.29
1izh,7.7
2o8h,7.6
4wr8,6.23
2uw5,7.51
3ml4,5.33
2w2u,4.46
6n3x,5.09
1ql7,5.0
3v9b,9.3
1oe0,5.16
4ge6,7.47
6bed,4.72
4lqg,8.89
3bbf,5.28
3gcv,7.13
4xg3,7.76
5j8i,8.29
5abf,4.85
4qmq,6.59
5mny,1.31
3inh,7.7
2oxx,6.7
6b4h,8.52
3b9s,5.3
5agu,10.0
3zmv,4.26
5vb9,5.89
3bug,3.18
6dki,8.64
4z2b,7.76
1kdw,5.54
4qhp,8.05
6v5l,3.65
2wtd,6.68
6bnk,6.99
1p4u,5.3
2zbk,5.7
5obr,5.36
2c6c,7.52
5fom,5.01
3t2v,6.99
1k6v,6.92
5fh6,5.92
4dce,6.76
3kqc,8.66
5tol,7.48
4q4o,7.46
1dbb,9.0
6ayi,6.68
4ysl,5.8
6fhu,2.64
3av9,3.36
2wap,6.64
6ul8,7.52
6fsy,6.61
1tl1,6.42
5q1c,8.08
1y98,5.43
2w3l,7.52
1ujj,6.1
1nd5,8.4
4ceb,2.97
3ie3,6.68
3u7s,8.43
456c,9.77
6iiv,6.85
3cwk,6.6
5n84,7.96
3gbq,5.46
3r2a,6.12
4ef4,5.35
2gpp,5.7
3iub,4.54
5lxp,6.12
4znx,6.62
3ex6,3.66
5a6a,7.22
3mrt,3.7
4lyw,6.63
4i60,5.73
4psx,6.47
5u0e,5.11
2vwz,6.1
4i0s,7.44
2iws,6.36
4qr3,5.85
6nzm,9.0
4gee,9.0
3eb1,4.79
3lxl,8.3
4cxw,6.09
1ec2,10.0
6o3y,4.42
3gxl,7.6
4x9w,6.85
3uj9,4.63
5gg4,5.82
3g4g,9.04
4qxt,7.8
4g3g,8.43
3ips,7.19
4an3,9.22
2off,6.52
4h81,5.12
3d2e,6.42
4d2w,4.51
3bzi,5.74
4cps,8.27
1jbd,6.92
6ds0,8.66
2i6a,9.05
4kv9,3.84
2yne,8.57
4yp8,7.89
2c97,6.14
2uxu,4.74
5wxg,3.86
3hxf,4.96
1r17,6.42
2qrq,5.1
2wu6,7.53
4b9k,6.17
5mfs,6.48
4raq,6.72
4tk0,5.55
3f5j,4.28
5okt,6.03
5dts,3.55
4riv,7.0
6q39,7.85
4uwk,9.0
4zg7,8.7
5ehn,11.64
6ugp,6.16
5zia,6.52
6qfx,7.7
4h3b,5.17
6bx6,6.48
1gni,8.07
1y2h,7.25
4iu0,5.89
3lq5,6.96
1lrt,5.64
1ik4,7.41
6g07,4.57
3d1z,8.8
4zdu,5.77
2adu,7.74
3zke,6.8
4kn7,7.62
2r0z,5.47
5toe,5.6
2ow3,8.52
4o37,6.16
3p2e,6.22
6hmt,7.04
2k46,4.58
5xmt,7.58
2bxu,7.15
1cj1,8.8
4k1e,8.44
4tpt,7.04
4nj3,6.52
4yll,6.92
3kze,3.95
6rrm,6.84
5ngu,7.44
4mcv,8.89
6h34,9.3
5ufr,8.7
4wf4,3.11
3qem,7.22
4ibm,5.74
5uez,6.01
5hhx,8.21
4hv3,3.94
4jje,7.64
4a6l,8.0
3lpi,8.52
2gkl,5.35
4uin,7.62
3hac,8.17
5mja,6.66
4yth,8.7
3mjl,2.44
6h5x,10.82
5el2,4.47
2hug,5.97
6apz,6.82
1om1,6.77
6uwv,8.0
4onf,8.92
6drt,4.97
5awj,9.68
4jwr,6.21
4f3h,6.38
2vey,7.37
6qgf,6.0
3b67,8.85
5xii,7.12
3u3f,5.1
6c6o,8.3
2yiv,2.78
6njh,3.69
5uq9,6.15
2ykc,6.11
4i4f,6.19
4hzz,8.08
4y38,2.4
2ylq,4.3
4u44,8.1
6hmb,6.56
4z1e,8.24
1uyh,4.84
3fqk,7.15
3c5u,8.19
1jn2,4.09
5wxh,6.15
2ym3,6.0
4zyf,8.64
4esi,4.15
4e4x,8.15
6bgy,6.82
2gfa,4.98
5llm,5.35
2j7e,7.32
3l79,2.46
3vgc,5.51
3ru1,4.85
1o2t,7.85
6ma1,8.1
3uda,5.01
6rne,8.8
4b7p,9.46
5nhh,8.95
5vo1,8.15
5ko1,6.64
3g2y,2.0
2mps,5.41
5jn8,7.3
5ljj,7.21
6e3s,6.78
4xv3,7.92
3qxt,5.22
3ntp,4.92
4mha,8.28
3kqm,3.77
3t09,3.8
1lxh,7.19
4lxd,7.23
4kio,6.3
2ojf,6.96
5vkm,3.55
5os5,3.39
4isu,3.68
4hzt,6.12
2yk9,5.09
3ehw,4.82
6iik,4.91
5u9d,9.26
5cjf,9.59
6u8l,6.91
4deu,5.64
2ywp,8.15
2poq,4.42
1uyk,4.77
1jm4,5.0
1iiq,7.48
5orh,4.39
4mm7,3.63
1oau,7.7
4yee,6.49
3bpr,4.95
1vyw,7.43
6g1u,5.61
2vj7,7.4
3r24,5.25
5khg,4.69
4x61,9.0
2vmd,3.02
4oma,4.17
3uw5,7.85
4qws,6.5
4hy4,8.57
4eol,6.05
1m2r,6.46
4bi2,4.03
6h8s,4.42
6s9c,6.57
6s8a,8.07
1y4z,7.24
5yzc,5.52
6mjw,7.99
2z60,8.05
2xas,5.89
3uqp,7.31
2pjc,8.72
6dkp,7.44
1tow,6.24
6mkq,6.16
3ti8,9.05
1hkk,7.4
16pk,5.22
5l6p,7.26
3qai,8.1
4k67,3.43
4dhn,3.89
3rm8,6.15
1f2p,1.9
6ps4,9.89
6i3u,9.22
2ksp,4.24
5hdu,9.0
4pzx,6.0
2zsc,7.06
3oui,4.9
3rcj,6.1
4usi,4.41
1ouk,9.89
4mo4,4.22
3ii5,7.62
1x8r,6.12
3uvw,5.17
5akk,4.0
3h21,4.7
2c6l,6.57
6eg9,7.17
4ea3,9.57
4ury,2.22
3waw,6.24
3vhc,8.89
5lwm,8.87
5jo0,7.3
2ymt,8.0
1j14,4.49
4lpg,4.25
6hv0,6.56
4l0v,6.63
4qp6,3.46
2piy,7.7
4bnu,7.7
5km0,5.31
4itj,6.42
3zns,7.41
6p85,4.99
4v01,8.11
6fr2,7.92
3ieo,6.48
3wz7,5.74
4giu,5.33
1i6v,5.0
3ahn,7.05
5yj8,3.98
5i9z,8.05
1jut,7.32
2p16,10.1
2xdm,7.49
1nhz,6.08
5owt,8.17
5hfj,4.39
5l6j,6.7
4h7q,5.06
6uyx,6.0
3fl9,1.11
6nzf,9.04
5t68,7.64
5o7n,6.52
4dds,5.01
6psb,4.1
1sqt,6.2
3tfv,7.1
3qel,6.49
3qqu,8.62
5wa6,6.36
5yy9,8.04
4xsz,5.6
4b74,7.66
5yba,4.77
1lqd,8.05
4o0x,7.17
1h07,5.52
2c02,4.04
1xh9,7.77
3drr,9.4
1oss,4.79
4u5s,2.41
2mg5,6.15
5zh2,6.54
6iin,6.08
2vrj,6.3
1yei,7.46
6qqt,4.23
3kcf,7.46
2r9b,6.57
2h44,5.77
2q8g,7.06
3buo,6.06
2mpm,5.89
1kc7,5.52
5evd,5.0
4pm0,7.35
3o6l,7.51
3nu9,9.05
1b2m,3.73
5hki,2.8
4aq4,6.17
5c83,6.8
4c1e,7.14
2f9b,6.52
5i86,6.28
4ojq,3.3
5os2,2.74
5n3y,5.03
3gs6,6.59
6qxu,8.15
5duf,5.74
1dmb,5.74
3f16,8.23
1x8t,7.8
3h3c,6.85
3hkw,8.64
3l17,8.28
1sqi,7.7
1e5a,7.64
4i5m,8.06
4fbe,6.99
4wkv,6.79
6m7i,3.41
4ufu,8.0
4pms,8.1
1acj,8.09
2ofv,9.7
3rf4,6.25
5gwa,5.77
4zyy,8.05
6ftf,8.1
3hxb,5.39
5t8o,6.51
6buv,4.74
2gvz,6.89
2nmy,8.37
2ph9,5.89
1iht,8.46
4e93,6.93
5lgu,7.66
4wm9,6.92
4jrg,6.71
4cc6,6.64
4yt6,7.96
3o75,6.68
1f0q,6.0
3qaq,7.0
4bcn,7.92
2zyn,5.92
3fxv,7.03
2v83,4.47
5j20,9.14
4bg1,6.31
2q94,6.43
5zkb,8.7
4uua,5.24
2kwn,5.13
4dhq,4.49
3ocg,8.52
3i7c,7.74
1o9k,6.47
3ia6,8.52
4mxa,8.92
2r03,5.15
4hnc,3.17
2c5n,6.66
5ol3,5.36
4lpb,8.0
4mnw,5.76
3tki,10.3
3dgo,6.74
5xyf,5.98
3fa3,5.6
2v3u,3.0
6eeb,5.3
2ilp,4.82
3i25,8.51
2xu5,6.89
4d4d,5.96
2e95,7.1
3w54,9.7
2xs8,4.61
5nvy,6.12
5q0g,9.74
3n2c,5.12
5xgl,6.88
6ftn,6.7
5hrw,5.48
6tl2,5.44
3s78,6.47
5ecv,6.77
3ao1,2.26
5wxp,3.35
3mkf,4.77
2j7f,6.35
6ggn,10.1
4o3c,2.59
4uat,5.89
3dst,9.08
4j74,4.59
4npv,7.46
4usw,2.69
4u5l,2.4
3fpd,6.15
4erz,7.06
2qx0,6.11
4wzv,9.37
3r8u,5.3
5oyd,2.75
2w47,4.98
5i5z,9.05
6hv7,5.19
4kmu,7.92
4ppb,10.0
5nkk,5.0
4pul,6.84
1w1t,2.96
4qwk,6.27
3slz,6.99
3iqv,5.18
4yax,5.82
1py5,7.29
5xqx,6.39
5l6i,4.35
3ggu,9.77
5wg8,5.74
4rac,7.52
5eb2,1.11
1ceb,6.0
3zj6,6.66
4qz2,5.21
2f34,6.89
3lzs,10.96
5myl,5.0
5l3e,6.18
2w1c,8.0
1o0m,5.15
2jdm,5.4
6jid,5.08
4a6c,7.92
4no9,7.82
3anr,6.46
5usf,9.16
6c4d,9.04
3h78,4.24
5k4i,8.51
5hwu,5.27
3sn8,5.65
4z7o,5.04
1xsc,4.3
4b4g,6.76
1xn0,6.24
5a4l,5.41
4dwg,7.24
3lzu,10.06
6m8d,5.14
4v05,9.7
5orl,4.82
1bl7,7.72
4qqc,7.34
5b6c,3.66
1cpi,7.41
4aa2,3.97
4pkv,5.25
2xto,6.2
6ouv,5.55
6hay,7.01
3tl5,7.85
1ryh,7.56
1hk1,5.64
4g0z,2.21
4hbx,5.72
3cpj,4.72
5da3,7.1
2jnw,6.11
3sfg,6.06
5ij7,8.51
4r7m,7.96
3rwe,7.37
4yxi,6.5
1ai4,2.5
5o1g,3.94
6pvz,3.47
5tyo,8.21
6h9x,9.74
5ijp,7.15
3s22,5.46
4ycn,7.77
2bv4,3.22
3vfa,9.19
5anw,8.52
6pgx,9.21
4loj,6.52
4hlg,6.51
4awo,7.62
1mwn,6.7
2byp,9.06
4j3d,8.28
3uol,8.51
1e8h,5.68
4o7e,5.24
5y93,5.64
5hg8,8.52
4h1j,5.92
3ctq,7.4
3zi0,7.4
6fyv,7.96
4fz3,3.73
3igg,7.18
3v0p,6.28
5etn,5.37
4hs6,7.52
1kzn,8.92
4mq1,7.92
2p2i,7.42
5izm,5.92
5ly2,7.92
2vk6,5.3
2zc9,6.74
1nhx,5.68
1f57,5.64
1pmn,8.15
4fhi,7.0
4isi,8.14
1olx,4.33
2xtn,7.4
3sus,4.15
5ei4,4.58
4g0q,2.52
1yhs,8.0
6e23,10.0
2io6,7.52
6as6,4.82
1nxy,7.19
6gbx,7.7
3zhf,3.92
3e8n,7.72
3qi4,3.93
5f1c,6.13
4ynd,8.55
1efy,8.22
3brn,8.7
6inz,5.8
5l2n,5.55
4zyi,8.1
5n55,5.99
5w5s,7.77
3vbw,5.22
1vzq,7.44
1m21,6.52
6joe,7.04
2zas,7.86
6o68,4.99
5wrs,5.52
2i3i,7.3
4r4c,5.54
3adv,3.03
3gxt,4.74
4hld,9.3
1m5c,6.3
3ioe,3.27
2pbw,8.25
2rgu,9.0
4in9,4.97
2h5d,8.19
1t31,8.64
1oj5,6.1
5ie1,6.85
5gjg,6.21
5ta4,7.62
3bi0,7.85
2iog,8.1
3unk,4.82
5j7f,7.24
3ej1,6.92
4q4q,5.79
3b92,8.0
5csd,7.89
6q4e,3.46
4o0b,8.3
2ork,2.85
6imd,4.23
4drk,5.08
3dp2,5.82
4cby,7.7
3fkv,7.57
6p5o,4.54
1pgp,5.7
3s2o,5.05
5aqu,2.98
1nu8,5.42
3vf5,9.34
1atl,6.28
6rmf,8.0
3ejs,6.6
3lf0,5.71
3d1y,8.22
3caj,8.1
2xnp,6.44
4dv8,9.24
5c4t,7.66
1u32,7.01
4ty1,9.26
2ci9,7.22
6s5k,7.32
4abe,3.4
4k4e,7.62
5n8t,5.74
2i6b,7.17
2zns,6.54
1qvt,4.38
5ito,4.16
5u69,6.22
4m3m,9.05
6hjk,7.6
6gvi,6.82
5yr6,5.34
5ap6,7.88
3kaf,6.08
3r7r,8.74
4y3y,2.35
1ba8,9.0
5x73,6.74
5evk,4.92
5x28,8.4
4o0y,7.22
2v59,7.74
4z0q,8.17
5l4f,5.89
4crb,7.57
5htl,6.3
5tiu,8.3
6nji,6.99
5lyw,6.15
5k0b,6.05
5ueu,7.78
4yff,8.0
4mr4,5.94
3e5u,5.85
1dfo,6.7
5qaf,3.51
4hso,4.66
3c1k,9.44
4w55,4.74
5o1h,4.85
3eyf,7.03
2w6c,8.41
4x3k,4.56
1u9x,8.15
4af3,7.51
1r5w,5.54
3oik,6.17
4cd4,6.58
3b78,4.1
5if6,7.23
4di2,8.26
3pwm,9.1
1ida,8.7
1o2w,5.85
4hpi,4.85
4kc4,3.23
3cde,7.66
5zyj,7.21
4o13,7.82
3ps1,10.17
2xhr,8.32
5mkx,4.7
5wh5,7.19
4ez5,6.52
5w5o,8.1
2ylp,4.3
1xt3,5.7
4lkk,5.92
1u1w,5.85
2g00,9.74
5dp7,4.56
4mep,5.33
1rs2,4.3
3zqe,4.23
4qdk,5.85
3i97,5.52
4kod,5.36
2of2,6.68
3h26,4.49
5u5l,4.85
4wsj,7.33
1b0f,7.7
6bhh,3.76
5g22,7.0
1exv,7.35
1n3z,4.2
5ezz,6.84
4xm6,4.05
3zbx,8.22
4eg4,7.89
6a03,5.25
1ayu,9.15
2gu8,8.59
4eoh,4.3
4qyo,8.22
2b1p,8.52
2f10,3.48
6nk0,6.39
2wez,7.64
2ajl,7.89
1eoj,13.77
5eak,9.3
4gs9,5.66
1u33,4.6
4xxs,7.28
3tb6,5.08
6ggv,7.54
2hzi,7.15
5os0,2.55
3bm8,3.54
5e3a,5.44
2lsr,5.24
3ewc,7.7
5ioy,5.22
6ma4,7.35
3hb8,5.12
3oxz,8.07
2rkd,2.72
6ay5,7.16
3pbb,7.02
2y7x,8.89
3n4c,8.02
5yc3,4.85
3sjt,6.06
6er4,2.77
6s90,7.89
6dat,5.05
2cmb,7.19
6qmu,5.32
3tc5,5.17
5vdv,4.0
5ktu,6.21
3isw,4.05
6ety,8.05
3bi6,7.82
3lj3,9.03
3hg1,4.74
5ags,7.4
4ah9,2.46
3wzk,7.24
1y3p,4.82
5i59,6.95
1joc,4.62
6kdi,6.72
2r3l,7.0
3w5n,3.87
4wet,3.35
2y71,7.37
4brx,6.49
3u0t,9.52
6bo6,7.1
1ggn,5.51
2c3j,6.18
4hnf,6.15
4wz5,5.51
5vh0,4.52
4qpd,7.82
2qn2,4.55
3ldq,5.36
1q1g,8.57
2bvx,8.7
5y2f,5.15
6mg5,4.69
1hge,2.27
5oq4,7.6
4y8z,10.4
4x21,7.44
5k00,8.15
4qme,6.52
5moq,4.68
4h4m,8.52
6u8b,6.37
5wap,6.52
4ivs,7.36
5uwp,5.8
5e28,7.91
6q4q,6.82
6g15,5.37
2lbm,6.57
3rjc,5.24
4mr6,6.6
6coj,6.4
3pz3,6.85
5a1f,4.61
6n5f,6.86
4a9s,7.21
5uit,8.34
5anv,9.3
3art,4.43
3nxq,8.15
2xuz,7.4
6ncj,7.62
5hz6,7.8
2pr9,7.37
6mu3,6.15
4a4e,3.32
6an1,5.35
1tmm,6.64
5alc,8.13
4hai,8.1
4ufk,3.89
5vm6,7.11
1h9z,5.42
2fgu,9.18
3qw5,6.45
2weq,5.9
1ih0,5.0
3r02,9.0
4c5w,5.48
1e1y,5.6
1f4y,6.08
2wtj,6.15
2kbr,4.6
1iih,2.89
5mek,5.38
6o57,6.29
4kp0,8.65
5nu3,6.64
3mo2,6.61
4c9x,7.32
6bef,3.98
2boi,4.32
2rio,4.69
4pov,8.28
3rwh,7.4
4ggz,10.18
5z7b,4.89
3dcr,8.2
6em7,4.53
3bra,2.7
4twt,8.0
5cnm,6.81
4aa7,5.7
6ow2,8.52
1n43,10.55
4jln,7.78
6g34,8.24
1xfv,3.89
5zu0,5.51
3lcv,4.74
6g2o,6.77
2vh0,8.51
6n3v,5.61
4d2d,3.47
2fsv,4.6
5m25,8.19
3sio,8.0
4w9e,5.15
4gqr,3.96
5a14,7.3
4q18,6.13
3qtx,7.15
4mzj,5.8
5u5k,4.02
3sb0,5.26
4l5j,3.0
4awi,6.0
2fmb,8.7
6ft8,7.36
4k3r,3.59
6hvw,5.55
6nwc,7.74
2xxw,6.41
2wib,4.93
1tnj,1.96
5e91,8.4
4utn,6.15
4wp7,6.1
5fq9,6.48
3eos,8.4
5oxk,2.17
5wev,6.82
1vru,7.0
5v5y,7.87
3kmc,6.4
4cts,5.0
5v88,7.55
3pcu,5.29
1nw7,5.09
4qev,7.66
1lah,7.52
3hzy,7.0
1q6p,8.52
4bhf,3.46
3gy3,5.63
3ex2,3.7
6oe3,8.32
5j5x,11.02
4cbt,7.3
2ate,7.07
3b7i,5.82
5z1r,5.7
4f9v,6.03
1vsn,9.7
4h42,3.47
2xi7,5.14
5l8c,7.0
4ob1,6.3
4url,6.3
6i8l,6.41
3d9p,4.54
1msm,10.48
4lp9,6.21
4eh9,2.26
3zi8,5.66
6g2r,9.46
5j6m,8.57
5iwg,6.46
5jf5,7.2
6hq4,4.65
4ytc,7.89
1t3t,4.96
6pya,6.82
6cnk,7.77
5cap,7.28
1h25,5.74
3rl3,7.17
6fau,5.44
3jzc,8.53
3suf,7.56
4u4x,5.01
4ly1,7.26
1v2l,4.29
1fkf,9.4
6aej,6.15
6f05,4.47
4kqp,6.05
2zxb,5.3
4xtw,9.03
5mwy,7.0
5jur,8.52
3lbk,6.04
6n19,3.02
1yqj,8.14
5al2,6.44
3nuu,3.77
5l2z,10.22
3dei,7.4
4ze6,2.48
3mag,4.07
5m23,8.9
5jf2,7.89
2v0z,9.22
2oc2,8.52
4eki,10.0
5d11,7.55
2yg2,6.05
2pg2,5.77
4y2v,4.04
4ruu,7.54
4m8e,7.89
3qyy,5.08
6cq0,4.46
5ku6,6.84
3bkk,6.08
4yyi,4.19
4joe,3.56
2hl4,7.64
1fsy,6.82
6eiq,6.42
1o45,9.6
6h51,6.87
1o2u,5.85
1slg,3.9
6ql1,6.48
5t2m,9.2
4dq2,7.52
6ha4,3.97
4k3o,4.44
3qa2,6.68
2i5f,5.12
3k37,8.92
5k6a,4.51
2c4v,2.6
5bwb,5.3
4hxl,5.66
1rgl,4.43
5uf0,3.8
4c16,4.96
4iie,2.34
2w2i,6.04
1tcw,6.02
1xka,6.88
3plu,5.77
5vsd,7.24
2pix,4.3
5em7,7.72
5wp5,5.34
2ha6,4.32
4kb7,7.49
2qrk,4.26
2bj4,4.47
5e2k,8.03
6oxq,11.3
3sh1,7.39
1ua4,4.22
5twl,7.98
4pxm,8.89
3rv4,2.3
4xnv,6.79
3ole,7.83
5zku,4.3
1gno,7.7
4z7n,5.04
1bq4,5.22
6q3y,7.27
1n1t,3.85
6rmm,4.69
1q65,5.46
1wzy,6.25
6pz4,9.4
2np9,5.57
1fv9,5.0
6gmq,2.3
5cbm,7.77
5aom,2.9
3hj0,5.71
4xii,6.6
6d3z,8.92
2r3i,6.0
5swh,7.59
4je7,6.4
1pwq,4.96
3ns7,8.33
1w76,6.15
4apo,4.91
2uwp,6.81
2qzl,8.1
4quo,7.92
3s0o,4.48
6ps6,9.7
6q9w,6.24
4k5p,3.46
1ijr,5.44
4qgi,3.9
5knx,6.1
5cf6,8.09
5d7x,4.82
3n2u,7.84
3n2e,4.96
4gpk,7.52
4wj7,4.89
3p3t,7.24
1uef,5.49
5hlw,7.64
4r6w,5.27
6hzv,8.22
5sz1,8.92
5kv8,4.84
1q84,11.05
6ay3,8.02
4hze,6.29
5knv,4.87
3kku,5.7
3ft5,4.82
3mv5,6.74
1ld8,8.46
4c9w,6.11
1amk,4.3
3pcn,3.66
6hgv,5.55
2h5a,5.1
2ybs,4.59
1mv0,4.03
3nus,3.51
4x0z,3.15
6q9y,5.43
5eps,4.42
2qi3,10.2
1jq8,6.0
1w2g,4.57
4o3a,2.59
2d41,6.82
3frg,8.4
3f8w,4.08
4r5g,5.22
6fmi,5.03
2uw3,4.1
4uxb,7.96
3sd5,6.58
4bkz,7.57
1bbz,5.82
4b70,5.2
5lom,7.13
1z6q,6.7
3w07,3.38
5ap4,6.46
3mhi,6.7
3mdz,9.1
1yvx,5.1
6cdc,5.6
2r58,2.0
2rkf,9.08
3f37,2.62
2cbu,5.68
3ug2,8.25
5jq7,4.8
6d6u,8.21
5mty,8.89
1v2r,3.55
4uxj,5.42
5wae,6.8
1c70,10.3
4x5z,7.63
3o9l,9.66
5za8,6.29
5whc,4.92
2ito,6.91
1w96,8.41
5ylj,3.86
5tqe,6.72
3v2o,5.31
1ekb,6.0
4z88,5.39
3w2o,5.08
4f6u,6.15
3f35,3.16
4mo8,8.0
4ozl,4.97
4j8g,4.19
5eci,3.8
5h1u,3.51
2qhn,6.01
5flt,2.89
1fq4,6.4
3fr2,6.23
3umx,6.62
5ejl,6.62
6chn,7.96
4i0z,6.33
1d4h,10.0
5n3v,4.34
3rse,7.0
6aud,6.22
4gtq,8.3
1rne,8.7
3mfv,2.52
2qd8,9.07
2x39,8.66
6n4t,8.09
6oxv,10.7
4rj7,7.66
4gmy,7.55
1ezf,7.25
1o4a,6.92
4xhk,8.3
2lpr,8.89
4i9i,8.1
5q1d,6.12
4mnq,4.43
3jq9,6.4
6pl1,7.65
1hkm,8.72
2ly0,4.8
5eef,8.32
6csp,8.52
5lp1,9.4
6g98,6.15
4bb4,6.72
3tdu,5.67
2qwf,5.67
2h23,4.67
5l3f,6.33
5j1w,6.72
4wsk,6.43
1rdi,2.06
3g2j,4.75
1unl,6.7
6szp,4.74
5j5d,4.68
6jao,4.86
4ztn,7.72
3nti,5.22
2h6b,5.39
5hn9,4.3
1zpa,8.4
5qqp,8.28
3h03,3.87
5efc,4.85
3ud9,4.67
1yet,5.92
5mw3,6.62
4mc1,7.85
1o2g,6.12
4bfy,6.92
3t0x,8.0
6e5g,5.37
4lrh,9.72
3exo,4.62
5t31,6.96
3oil,5.68
6g6x,4.88
3f80,4.22
2fwz,7.3
6iby,7.82
5uk8,6.4
1lrh,6.82
6edl,8.7
5uxm,5.44
5bwc,7.21
4ui5,6.78
5y3o,6.86
3t0d,2.37
4tk5,7.49
3i4b,8.15
6qe0,4.6
2o7e,6.22
5mpk,8.52
6pvu,5.21
6g37,7.37
1pme,9.4
3w69,7.24
3ocz,7.46
3i7b,7.18
6hsz,6.94
2anm,8.74
6bqa,5.85
6iph,6.66
6qz5,6.08
1mmr,5.4
2pu1,5.85
6b41,8.48
1k9r,3.3
4z07,7.99
1li3,4.25
6i7a,4.26
4bo6,6.74
2yis,8.77
3gol,7.09
3d28,5.85
3spk,8.52
2b17,6.21
4ido,4.93
4zga,7.7
4q81,3.02
2wf3,7.72
6b31,8.44
3sxf,8.6
2q2z,8.7
1t32,7.42
4qer,7.54
4ctj,2.51
6qts,4.8
4z93,7.35
4iq6,7.24
6plf,6.67
4rme,5.92
5ks7,5.32
3mxe,10.01
4ono,5.19
2h42,8.62
4nku,4.67
2brg,5.21
3gfw,7.57
4llj,3.42
5vsf,7.03
1g50,6.28
5yqx,6.96
6guf,6.65
6cdg,5.72
1a4g,8.4
3dri,4.42
2ccb,7.45
2q72,2.68
6kla,7.25
1a4r,6.66
2a29,2.85
2oz2,5.71
6ed6,7.43
1noj,3.15
2uwd,8.35
5eob,9.62
3elj,5.3
6grp,5.48
6dl2,7.48
1i9m,8.48
5adq,5.7
1xjd,9.48
5c7d,5.11
4c37,7.71
2qtt,4.32
3iqj,4.93
2w6n,6.9
4jhq,7.74
1gcz,5.13
2rib,2.82
3sax,6.57
3uvl,5.69
3l8x,8.0
3vf3,5.86
3qiy,5.34
3wf7,6.69
4w5j,7.24
1qin,8.0
6f92,6.4
4fpf,4.41
6qi4,4.37
5ktw,7.52
6s9b,5.68
2y2j,4.8
4kn2,7.27
3lkh,6.1
4qz1,5.44
6ghv,4.28
1o4j,2.36
6q7h,7.68
5fkj,10.66
4x3s,5.89
4bdb,4.07
4g95,7.61
6e0r,7.7
3ril,3.84
6mx3,5.14
1rej,8.3
6o9x,6.05
4mk8,9.0
6ej2,7.8
5cwa,4.77
6qtm,5.25
4z2l,5.85
3ump,2.99
6ode,8.1
5a82,5.6
5zdd,5.75
3pb7,5.74
1ttv,6.8
6nwk,7.7
4dk8,5.74
6jdi,5.11
4q4i,7.33
4jyt,7.4
4n4v,8.7
1u9q,8.33
4ykj,4.43
1fkw,5.05
3sm2,9.7
5i7y,7.28
4h4e,6.68
2uyi,6.32
4m5l,4.72
6bbx,6.67
3cwj,8.0
5vcv,6.82
5g6u,6.66
5eyc,8.52
2xk6,5.8
6ful,4.92
3ggc,5.44
4cqg,9.39
6o9d,8.7
6dzv,6.4
4b71,5.89
1w4q,5.26
6fby,5.03
4ock,5.08
4f5y,5.43
3l3x,6.15
5vqt,5.74
6n7a,8.37
1sjh,8.05
4ykk,2.77
5v6y,8.47
5a3q,8.6
6gue,8.4
6d55,7.36
4cpr,7.46
4e49,5.11
5ka1,4.48
3fh8,6.74
1k06,5.34
4f63,6.3
4rx9,7.89
2wic,5.39
6oqb,10.3
4bqh,5.59
5uyu,9.51
2ow6,2.7
3bu1,8.15
5dda,5.78
2uzn,7.52
1y6q,11.7
2jbo,8.07
1h3b,6.85
6dlj,5.55
4nyf,7.31
5kyj,7.89
6f7t,9.44
6pno,5.32
4hwp,7.76
2ych,3.0
6ced,5.82
3tv4,6.96
6r1b,5.44
2qrm,4.03
4dsy,4.43
4elf,8.03
6abk,1.95
4yoi,6.48
3bys,9.3
4iur,5.58
6j8q,5.57
4uc5,5.48
1d4k,9.22
5naw,7.3
6pgo,4.7
4mwy,7.05
3o84,7.24
6pyu,8.0
6kjd,5.05
13gs,4.62
4prp,5.66
1py2,7.22
3mam,4.12
3vhk,4.6
4qz6,5.53
1c8k,6.0
7std,10.72
1mpl,3.77
4yht,9.22
6cw4,2.82
5ul6,8.22
2oah,7.96
4amy,10.82
1jp5,9.22
2zhd,6.54
5zdb,5.75
4uzh,5.01
6f7b,8.89
3wk8,4.31
4kij,4.3
4de0,5.89
4x6s,5.24
6fyi,6.7
6jsn,8.42
4er4,6.8
6bfe,5.85
4c71,3.42
5hld,4.66
4bqy,5.96
2xru,7.51
5jy0,5.55
3cen,8.26
3o64,9.4
6hgj,4.38
4rqi,4.91
4g93,3.52
6b7b,2.89
4u70,5.02
1lst,7.85
4htx,8.33
3wd9,8.08
3hmm,7.6
4j70,5.24
6s9w,7.23
1b5h,6.01
4hxj,4.13
5enh,3.72
5itp,5.0
5d9k,8.4
2r38,7.44
6c8c,6.38
5f08,5.52
3ddu,7.4
4pv5,6.54
6hbn,6.22
5u7m,6.74
5n4t,5.97
4l0t,7.18
1tkz,6.62
2vip,5.28
2ptz,7.82
5k0c,5.96
4j3i,5.74
6izq,5.5
5idn,8.59
1oe8,5.52
4q9z,7.26
4fob,8.3
1kdk,9.05
1czl,9.15
3r7o,8.36
4hup,4.82
6f3b,6.56
2z7h,6.94
6ccy,8.52
3qxc,5.77
3m35,7.22
3t4h,5.28
5eto,5.57
2aox,7.42
4yux,3.74
1drk,6.82
2gmv,6.2
4qge,9.3
5eko,4.8
6c8x,12.3
5z89,6.71
2f6t,4.62
4gy5,6.82
6gw4,5.92
4o3t,4.37
1owj,7.32
5nwz,9.1
3kwb,7.77
2ym8,7.89
3t8w,7.54
3nsq,5.21
2weo,6.93
6ncp,5.74
2foy,6.92
6g01,7.41
3djp,4.2
2a2g,7.0
5ak4,4.23
6nzr,9.3
4tu4,3.76
4asj,7.55
3odu,8.14
6pf4,4.8
6b67,5.05
2bgd,5.0
2fj0,7.66
3own,7.47
1x07,3.28
5dtt,3.51
4xkx,9.05
3sqq,5.32
3zvt,5.92
1mto,6.96
6hgs,3.77
3szb,4.92
3cid,8.3
1cr6,8.51
3kry,10.0
5nzq,2.03
6fzm,6.04
6csf,5.44
6fug,4.3
2x97,5.66
4x3u,5.09
4ny3,4.31
5fqt,6.8
3msc,3.31
3r0h,5.92
5t2g,8.1
3zc6,9.22
5l13,6.96
3tcy,4.62
2xej,8.87
5a6i,7.25
3omm,7.43
5eeq,5.82
6c3l,4.44
6eqv,6.62
4qgd,7.43
4kfp,8.0
3pj1,7.32
5wmt,5.86
3u92,7.48
3lil,8.08
5vnb,5.3
6o3x,6.25
11gs,5.82
4o07,7.38
4jh0,9.03
5fxq,7.85
2l84,7.72
3l0e,8.0
2xc0,6.72
3mna,7.39
4gue,5.24
4mrh,1.9
2ony,6.68
2ya7,3.14
6gcw,8.64
2ow9,7.52
6i0r,4.35
2vgp,6.85
3cm7,6.57
4az3,8.3
6g9x,3.92
4jq7,6.41
4o2p,6.7
6eol,7.43
5mnc,1.31
4q6r,6.68
4rn6,5.1
3mbz,5.8
3k05,4.85
1c3r,6.4
3pa4,8.52
3fee,6.64
1nde,7.82
4c6v,4.59
4i7m,4.14
2j83,4.21
2e2b,7.96
3pi5,6.02
3oof,7.3
3ws8,6.68
4k3m,3.55
3rv9,4.92
6au2,2.3
3kpw,4.85
1vjb,7.89
1gx8,6.37
4y32,4.05
6rml,5.82
1uz1,6.89
3vvz,4.58
1kfy,5.28
5jog,8.24
2x6i,6.08
3ztd,4.02
6md4,6.16
4e9c,5.96
5w99,4.68
3npa,3.87
4ocp,6.1
6duf,8.14
5q0l,5.36
6k1q,7.46
6czi,6.25
1o42,8.05
3oc0,6.28
2mwy,6.82
5ygi,7.05
2fum,6.1
1axz,3.2
5xgh,5.99
3pup,8.22
5f3z,4.54
4uzd,9.22
4bj9,7.35
6akw,7.22
2v7d,6.59
3coj,5.28
5u6b,9.89
6dha,5.68
1ux7,3.0
4qtd,5.97
3cii,6.1
3hwx,7.86
5w8j,6.43
1wv7,7.26
4nxo,7.22
5ads,5.67
5ipa,4.7
5xfj,8.22
4fnn,7.57
3nrm,8.4
3jup,5.58
2yel,7.28
4uvw,7.72
5i9y,8.55
4h71,4.45
5oua,5.57
4lov,7.77
1inf,5.0
3hv7,7.92
5hn8,4.01
2avs,7.57
1n3i,8.89
5g17,6.7
4u6r,7.85
3rw9,5.96
6jut,8.68
6qgh,8.15
3p0g,10.08
1o5c,5.22
1w14,8.52
4za0,7.21
5z68,5.89
4huo,4.7
4zw3,7.57
5h7h,3.77
4at4,7.92
4lar,4.68
4jxw,4.72
2y1o,5.09
5fjx,4.96
1csr,7.38
1iyl,9.0
6hrq,7.09
5szc,4.69
4uxq,7.8
5cf5,8.6
6hhh,7.17
1caq,7.72
5nxp,7.99
5nn4,1.94
5etr,6.52
5ia5,7.6
5tyh,2.08
6ekq,5.46
1jq9,8.45
1xow,9.28
2fzg,3.38
5a2s,7.7
2j62,11.34
4c66,4.1
6mob,8.15
4d62,2.44
4ipn,3.39
4pp3,7.82
3mxf,7.31
3h52,4.85
5i94,7.52
3cqu,6.82
5tca,7.72
5svy,6.13
2imd,8.3
2r2b,4.2
6hrp,9.0
2bks,7.43
1ajq,4.31
4ufh,6.42
4br3,5.72
4v25,7.08
1qvu,4.46
3udk,4.49
6c7d,9.77
5mqx,5.41
2ybk,4.62
3lpt,4.91
1bnn,10.0
5n18,5.68
5fho,6.67
2o4k,10.46
4kby,6.73
4yhf,8.34
3rxg,2.15
6mom,9.52
3pab,4.7
6r0k,7.92
4o12,8.7
5he7,8.3
6ssy,3.19
6jn3,5.16
2ccu,6.13
4olh,8.3
1jd6,7.39
4bco,6.88
1o2o,6.36
4oi6,5.0
5u8f,7.96
4j1e,7.72
5d47,7.0
2qp6,6.68
5v5n,8.02
5k5n,8.05
3r01,5.24
2ye9,6.22
2j7b,6.62
4dhf,7.55
4ln2,3.61
6mdb,7.17
1fj4,4.59
3ozr,5.15
3l3q,7.27
3a6t,7.28
6i0b,8.04
2r7g,6.05
3le8,6.07
5kew,6.5
5ukm,7.52
5kqd,6.3
3s3n,7.06
1hee,5.34
6cho,6.78
2xup,12.39
4b1c,7.1
1mkd,6.8
4l7b,5.64
4u82,5.72
5vwk,5.48
1c5q,6.36
4yne,8.52
6f8t,5.15
4ezy,5.65
3nrz,5.34
3n7o,7.14
6ej4,6.8
4rd6,6.28
4py2,6.57
2obj,7.3
6ffi,8.1
3kl6,8.46
5a5r,5.9
5fum,4.74
3njy,5.77
5oah,8.31
4gnf,3.35
1mxl,3.81
1zsh,7.07
5qa7,3.96
2evl,6.7
4ndu,2.74
3b5j,5.68
1nlp,4.96
2frd,4.54
6qz8,7.62
6qxd,6.02
5qtu,8.39
1dtq,8.22
5g4o,4.43
4rn2,5.82
3bft,6.49
3tpr,7.7
4owv,4.35
4u73,5.18
5nxw,7.24
2y5f,8.7
5wg5,7.18
4mwq,9.1
4j5p,7.92
1rth,6.4
4kzc,8.09
5ans,5.69
3krr,9.32
3ay9,8.34
3hvg,2.7
5n9s,8.62
4duh,5.18
5hln,11.52
4kon,6.48
4k6y,4.83
5or9,4.06
6eo9,6.8
3pn1,6.96
2r6f,8.0
5xiw,4.96
2wxj,9.0
3ot3,8.3
4oba,9.4
6e9l,6.04
1h0r,3.7
3cph,6.48
3qrj,8.4
1yej,7.46
5owl,5.92
3vtc,7.89
1hsh,9.42
2ogy,4.48
4b76,4.54
6eyz,8.1
5tp0,5.44
3buw,5.83
6st0,5.13
4n5t,8.15
1jlq,8.15
1awi,4.05
6r1d,5.4
