PDB_code,-logKd/Ki
4aro,6.8
5zgg,5.0
3ind,5.82
2rt5,6.72
4hv7,3.52
5x5g,5.83
4l4m,8.0
5vlk,5.26
4obq,7.19
5aqg,4.51
6d49,3.93
6mx8,9.43
1ndy,6.17
4zw5,4.43
1pyn,5.49
1ryh,7.56
2ccc,7.76
2pvw,9.52
6qg4,8.07
1y2k,7.68
3d83,8.36
5wh6,7.92
5nk3,7.42
4ibg,3.97
6f34,4.94
3jzs,8.1
1y19,6.77
1oay,5.92
4wrs,9.4
3nf9,3.54
3l5r,7.42
2jk9,6.82
1v79,7.89
4afg,8.3
1ugp,2.89
1ols,5.82
2k2r,2.89
2euk,6.6
5qam,4.0
6nsv,7.8
3a1s,4.83
4wtu,9.52
2j9l,4.0
4hfp,7.38
6ajz,4.34
1aq7,6.05
3nij,4.89
2vpn,6.72
1fpp,8.0
1ow6,5.4
6nv9,8.19
2g5t,9.09
4b34,3.14
6g3a,8.38
4z0f,5.77
6mju,7.56
6bt6,5.91
3c79,7.2
3q5h,6.25
2pqz,5.67
5khx,7.85
3ee2,4.19
3v3v,5.34
5u69,6.22
5m7u,8.1
3zqe,4.23
4e28,5.89
5kbr,6.59
3oz1,8.7
5g3n,7.92
6gfz,5.51
2lsk,4.89
1d8m,8.51
6bu1,7.22
3rah,7.92
3vb4,4.31
6mxe,4.26
3a1t,4.83
5csp,4.24
6n6o,9.15
3n2v,7.51
1o4o,2.46
5nin,7.12
5n8e,5.33
4wk7,7.13
6k9u,10.05
2c1a,6.77
4o37,6.16
4app,7.19
4q4i,7.33
6eo0,6.43
4rux,7.92
4c1t,7.15
4w7t,6.05
3znc,7.34
4itp,7.27
6bgx,6.33
1vea,7.52
5z7j,6.6
2r3w,6.89
2gvd,7.0
2v11,8.52
1rd4,7.74
4uuq,7.54
6ez6,7.4
1j4p,4.99
6qwb,6.04
6j8q,5.57
3tao,5.14
2bj4,4.47
4axd,4.43
4jog,3.72
2y8c,6.4
5qb3,4.31
3igv,7.6
5fl0,6.46
3dt1,8.62
4dbm,7.62
1sqn,9.4
5ewh,3.77
5j4n,4.25
4etz,6.3
4xk9,9.07
3hl8,4.49
4a4o,8.05
2lsp,3.56
4ye3,8.37
5yy9,8.04
4knn,7.78
4ga3,7.52
3ikc,7.46
5eqe,3.88
1o3c,7.13
5wic,4.64
4n07,6.46
4d2t,6.0
3ryy,7.42
4x8p,5.48
3b9s,5.3
6gu6,5.74
5h9p,7.17
4kqq,3.9
3gb2,7.47
6hp0,4.92
4rj8,7.77
3vyd,6.39
1fzq,7.62
2wti,7.04
4udb,9.15
1y3a,5.41
3ft8,7.52
5op2,6.62
4iku,5.75
4ay6,5.12
1czo,4.55
3lq4,5.22
6k0j,7.89
1gzc,3.49
3iu7,4.8
3oyp,8.7
1hq5,5.65
1hge,2.27
6r11,4.92
4o78,5.34
3fyz,5.8
1ntk,10.49
3nox,8.66
5u00,8.7
6hbn,6.22
5dhr,4.64
1hte,5.64
2gv6,7.34
6r0k,7.92
1h1d,8.22
6i12,5.57
1ndw,5.23
2v3u,3.0
4zg6,6.33
6mdb,7.17
3tvl,4.0
5tri,5.06
6gw4,5.92
4cj4,3.36
2wcg,6.38
2io6,7.52
5ggl,1.78
2wd1,7.09
2w71,6.48
5kr1,9.49
1ctr,6.0
1nlo,5.47
4bi0,4.23
1ecv,4.85
5wbo,4.21
6ey8,5.81
3msc,3.31
5jek,3.98
4bc5,4.6
5nap,7.95
1my8,7.46
5zdc,5.75
3d52,3.28
4unq,6.62
1ppx,7.28
4jfe,4.51
2vie,7.48
2q8s,6.73
3rtm,4.42
4o05,7.43
3zly,3.52
3d9n,4.05
3eor,1.4
5v7w,7.12
2w8w,2.12
4a9t,7.15
3fci,5.89
4x0f,7.0
5hk1,8.37
1xkk,8.52
5urj,5.28
6mle,9.0
2oic,8.4
3ftu,3.61
2a14,5.7
6b1j,7.37
6md6,5.1
3g6z,9.7
2wky,8.59
1uyf,4.52
6f9u,5.13
4loy,8.09
5ni0,5.74
5ovr,4.57
3sdi,8.33
6cw4,2.82
2z6w,7.87
3l7c,2.44
6py0,6.41
5wl0,9.17
5mrh,4.2
2ha5,4.34
2bz8,5.6
3r4o,8.15
6qw9,6.64
3k3g,2.85
3spf,3.86
1hqg,3.0
5gtr,7.17
4jx9,8.62
6cqz,9.64
4bdk,5.44
4a22,8.49
3oyw,4.11
2epn,7.22
1hvj,11.4
4xsx,5.0
6jaw,5.66
3ap7,3.0
6n83,6.27
4clb,6.55
5ml3,9.69
6p7q,5.36
3rwf,6.52
4nau,9.06
5buj,8.3
2xab,9.27
3poa,7.0
5xup,5.25
4b4n,3.44
1sve,8.3
3zpr,6.65
1a9m,6.92
5zc5,7.06
4hxz,6.05
5dif,6.23
6c99,5.62
6c4u,6.1
5xhz,6.49
6byz,8.37
5uwi,5.8
5vb5,6.46
6bkx,6.39
3kf4,9.3
6bqd,6.39
4mex,6.7
5y59,5.29
6h4q,5.69
1sdt,9.27
6dvl,7.96
3vdb,2.52
3hq5,7.8
4i9c,5.51
4ijh,4.33
3vjs,6.19
4ez5,6.52
5yzd,6.7
2c4g,5.94
6cb5,5.37
6cq0,4.46
3p79,5.64
6b5i,5.96
3v0l,5.52
4g8n,7.2
2vwo,7.51
6n3n,8.74
3u0p,5.68
3ebh,6.32
3ti8,9.05
3rjw,7.57
5f9b,4.26
6d3g,4.7
1y3v,5.64
2qp8,8.1
1bmq,7.42
3cj2,4.85
2zdl,6.4
2qlf,8.85
5i12,5.92
6pxc,6.37
1iyl,9.0
5tyn,9.28
3fi3,7.92
6f28,5.67
4anq,6.22
3n51,7.82
6gg8,9.1
4cg9,6.21
6hgi,6.22
3hww,7.12
1u2y,1.74
3wiz,8.36
5tyl,7.82
4zy2,7.22
2wm0,4.52
1zxc,8.1
4rj5,7.18
4trz,5.03
5qtt,8.47
4qvw,5.38
3kjn,5.19
4wwo,7.42
4q1b,8.72
1qft,8.77
1b5i,7.05
4r5t,6.1
5e1o,5.43
4qwf,6.0
5lca,4.48
2y76,6.36
1ryf,8.8
2z97,6.0
4r3w,3.0
1tjp,4.42
4ts1,4.94
5mn1,2.48
3r93,6.51
5uwp,5.8
1al8,5.32
3f19,7.19
3fl8,7.27
1bdr,6.68
3r4m,5.92
4cxx,5.68
4xtx,10.57
6o94,8.74
1gui,6.28
2aox,7.42
3hll,8.24
6hrt,9.0
1jik,9.7
4bcf,8.15
2x52,4.24
3dpk,8.39
3lnj,6.66
6i18,4.07
2yiq,7.9
3iqi,4.41
4eej,7.15
5ur1,8.97
5edu,8.66
1azl,8.62
5l3a,4.89
3vnt,8.66
1loq,3.7
3m17,7.4
4ll3,11.57
2fzk,3.6
4os1,5.6
4zz3,6.0
6mg5,4.69
1hn4,3.82
5ttv,7.54
4wuy,7.82
1zoh,7.0
6mj7,2.82
4y3y,2.35
4z6h,6.21
3iej,6.66
5w4e,6.46
2fie,5.46
5ue4,6.36
3run,5.44
1lqd,8.05
4ps1,6.66
1ik4,7.41
4ufg,8.15
3aaq,3.3
1me3,7.19
5a3q,8.6
6gwr,8.1
3m35,7.22
6m8c,5.66
3kad,5.12
5lzh,3.1
8lpr,6.62
5elw,7.85
2pyy,4.6
4lg6,6.74
2a4m,4.52
3dnd,4.8
2jt6,7.6
6fzg,6.55
1g9c,5.3
1wht,3.7
6e5s,6.44
1vcu,3.85
6g9x,3.92
6f8g,4.18
1tkb,8.0
1o3k,6.77
3gjt,6.77
1uk0,8.1
3zpt,8.51
5q0e,9.16
6ds0,8.66
3sou,5.68
2veu,7.0
1tv6,5.4
1s89,5.24
3pck,6.7
6jwa,4.96
2bqw,8.52
4y38,2.4
2f3k,7.89
4xsz,5.6
6df1,6.56
6f8r,4.7
3uwk,4.24
6udv,10.29
3djf,6.1
4gr8,7.83
4mka,9.0
1oiu,6.68
1b6p,8.52
6nmb,2.7
4w9d,4.99
4xbd,6.4
6n7y,5.11
5ctb,7.64
3n4l,7.23
1prm,4.23
3kme,6.14
4jt8,7.48
4dmw,4.94
4fxq,5.77
4nnr,7.26
5hbj,8.64
6klk,3.88
1g32,6.11
2azc,6.74
6g8l,5.0
1awf,6.01
3gn7,8.3
3wcl,6.59
3uhm,8.44
3ip6,6.6
1wc1,4.0
5fdz,5.17
3rt4,8.8
2a3a,2.82
2ews,6.62
2zas,7.86
4pov,8.28
4r1e,7.28
6oi9,7.19
1dzp,5.44
1srg,5.3
1ie9,10.19
6e7x,6.76
1ke3,6.7
3hxd,5.05
4rd3,6.47
5v42,6.62
3nnv,7.57
6ic2,6.04
3g35,4.68
3eml,8.74
6buv,4.74
2q8h,3.0
4z88,5.39
4mhz,6.87
3bh9,6.93
4lke,5.37
2oo8,9.0
2hdx,6.26
3rxd,3.73
2qrk,4.26
1xff,4.82
4yk5,7.64
4rn6,5.1
6c3l,4.44
3tk2,4.62
6hza,9.3
5idn,8.59
4b83,5.15
3h26,4.49
3d9z,8.7
4rlu,4.82
3q77,8.22
4n3r,6.82
1utp,1.44
6b5t,8.66
5xw6,4.91
6gfs,6.54
5ak3,5.07
5auz,4.01
6hvu,6.59
4h71,4.45
5v7t,6.21
4fnz,7.8
2gph,5.3
5lsy,6.54
1str,4.77
5jr2,7.57
2jew,6.69
1tog,3.22
1e3v,4.34
3ryw,6.24
6d1i,4.09
3lle,4.97
4mji,4.09
5h14,5.06
4ag8,8.96
2fxv,5.35
5qaf,3.51
5wa8,6.23
4xy9,5.33
4z7n,5.04
4yux,3.74
2wxh,8.05
3uza,8.94
5ye8,3.0
4efg,7.26
5i38,3.42
3vdc,4.92
5ar4,6.7
5iyy,4.77
5tbn,5.44
4d2r,5.48
5syn,6.62
3f38,2.62
4ycw,5.68
4tw7,7.59
6e2n,7.9
5iis,9.0
2qiq,4.1
4x6s,5.24
3le9,8.22
1kzn,8.92
4qr4,6.6
3n9s,5.26
5n21,5.96
6mlg,5.05
5wik,6.21
4bs5,8.22
4gtt,8.22
4nat,6.48
2kup,6.7
5auw,5.05
5ftq,8.0
4zcw,7.37
3ti5,8.95
4rwj,8.7
4z7o,5.04
2uzn,7.52
3zlq,6.04
1fls,7.48
5l87,5.07
6hv2,4.28
4kqr,3.9
5dxg,5.92
5mri,4.4
3d7f,9.3
3t08,3.04
5uoo,8.85
4clp,1.27
1tlo,4.0
5cf5,8.6
6dxl,5.8
1o39,7.13
5ih8,6.74
4gzp,7.84
6fgc,5.48
4qij,5.54
4tk0,5.55
6d4s,6.05
2vw2,3.3
2gni,5.64
1ai7,4.09
5e0l,6.4
5nra,6.91
3u7s,8.43
6ow2,8.52
5a0c,9.27
5f62,8.17
6pnn,5.16
220l,3.4
6n3y,5.44
4kqo,6.78
3uz5,7.22
5htl,6.3
1em6,8.22
3p3t,7.24
1ta2,8.52
5wmt,5.86
2r3c,5.66
5f08,5.52
5zhl,6.72
5lz2,3.0
5d0j,5.31
3uqr,7.24
1ugy,3.72
5tw5,7.42
2w92,4.55
4kmz,8.57
4ezo,6.52
1g2a,8.0
4l4z,5.68
6s5k,7.32
2y07,6.22
6h1h,6.17
1t4s,2.44
2vwc,6.62
1wdn,6.3
5v3y,6.72
6q4q,6.82
4c9w,6.11
1o2t,7.85
6k04,8.04
4dfl,6.17
6iji,9.36
6qlt,4.04
4wf6,6.3
4e0w,7.48
1k1l,6.9
1dud,4.82
5nu1,9.0
3heg,6.74
1s3k,6.62
6d5w,4.2
4i5h,8.7
2xf0,4.52
4oyk,6.74
5mg2,7.77
5tg5,4.01
4li0,6.59
4wwn,6.07
6chl,8.05
6ej2,7.8
6hv5,6.49
1n4h,6.55
5abg,8.05
4tk5,7.49
3bgq,7.96
4ewn,6.7
3gx0,3.48
2pv3,5.25
4jje,7.64
4ccd,4.49
4n6h,9.28
5ekx,2.03
1pfu,2.72
1g49,7.8
4cfx,5.06
4y5d,5.92
2nmy,8.37
4myd,4.55
3b5j,5.68
6mhb,6.77
6flg,7.52
1skj,5.15
3kd7,3.7
1lhv,8.91
3q3t,7.43
4nwk,8.7
5cbm,7.77
5q1e,6.92
6e22,8.89
3nw5,5.08
4ir5,6.21
4lm1,3.23
5jop,9.41
3ro4,6.23
5zuj,4.78
4j17,7.27
6arv,7.34
4i0r,7.85
6h14,7.86
5em5,6.58
1sqi,7.7
6ckx,7.89
3k41,0.82
4p1r,8.39
4e1z,8.52
3v3l,6.43
1me8,7.19
3g0e,7.7
5db3,7.92
4iu4,5.0
5g17,6.7
1fkn,8.8
2opy,4.52
6d78,8.74
6j10,6.35
4ajl,3.8
5ji6,7.96
1ao8,8.22
6q37,6.36
3eq7,9.09
5i4v,8.52
6r13,4.7
2qnx,5.62
5k0s,8.22
5i8g,7.52
2hb3,11.35
5kpl,6.29
3hqz,9.38
6hu3,6.3
5hfb,4.57
4btb,5.01
6hk3,7.5
4edz,8.08
3i3d,1.99
5auu,4.68
2f3r,6.3
2fl6,7.42
1ecq,3.0
5nkh,7.59
1yy6,6.07
3rz7,8.96
2jmj,5.04
4u8w,11.24
3bug,3.18
5wir,7.12
2xyt,6.29
5jxn,6.41
2mc1,4.15
4mo4,4.22
1opi,7.3
5eje,5.6
3p7b,7.74
3nuj,9.39
5ny3,7.47
5u0w,4.24
3ddq,6.68
5dkr,5.22
2xp2,9.0
6pvw,6.32
3uzd,5.05
3uxl,5.57
4bek,4.39
1ftj,6.09
4s1g,9.22
3aw0,5.24
5f2f,6.92
6ior,4.31
4hp0,6.12
5f4r,7.02
2r1y,4.51
5nn0,10.96
3mo8,3.1
4ty1,9.26
4k6w,5.35
3c3r,4.39
2xc4,8.05
2xjx,9.15
5vom,6.1
6b98,4.65
3rak,6.89
3ara,6.49
3dc3,8.31
6cn8,7.2
3prz,7.59
5hx6,8.0
2o7n,7.82
2onc,7.89
5zhm,6.14
4azc,5.86
3q32,8.74
1xoq,9.17
2wo9,7.21
4tzm,6.7
3s3v,6.23
5dk4,8.7
2uw4,5.28
4iho,5.1
4q6r,6.68
3m89,6.16
4u5n,2.48
5ie1,6.85
6n5h,6.45
1gno,7.7
1hmt,5.79
6ayq,8.19
1zfp,7.59
6e59,8.67
5u8c,7.53
3nu9,9.05
5gu4,5.47
6gg5,3.65
1i32,5.7
5fso,6.09
5hkh,5.09
4dgm,5.92
5juz,5.52
1s26,3.07
1lb6,4.08
4hy4,8.57
6c67,5.92
1hvh,7.96
3dnt,4.74
5d12,7.37
5x28,8.4
6np3,6.47
3m3x,6.82
4jg0,6.76
4mdn,6.22
5ukk,6.21
4ibk,4.3
3v5t,8.22
5a2i,5.06
4u5l,2.4
4k0y,7.82
6nzk,4.3
4lps,5.74
4kni,7.78
4jff,9.22
6o8u,8.28
1y2h,7.25
6nu1,4.51
3cyz,7.22
6afg,4.86
2pzi,6.1
2f14,9.19
3rxi,3.06
2hrm,3.56
3jrs,4.28
2pfy,6.52
6cse,5.6
1z3c,4.0
1kfy,5.28
4mhs,5.29
3qj0,5.2
5cao,7.42
5dpx,4.46
4j4o,6.9
4eo6,8.7
5e2n,9.54
4bg6,7.16
1xh7,6.82
5il1,5.82
1q1m,5.16
2vle,7.1
5xgl,6.88
4rd6,6.28
1jiz,8.7
2o64,6.47
1z6d,2.34
2p3d,6.74
4ajo,7.03
3io7,7.77
3pwm,9.1
6epa,5.95
4cc5,4.42
5aib,3.8
4kvm,5.05
2nnd,6.06
2pu1,5.85
2isv,7.43
4lkq,3.35
2qtu,9.28
3pgu,6.7
4yp8,7.89
3veh,4.96
3ezr,5.0
1v2k,6.19
1o32,5.74
5upe,8.05
1yid,5.0
5aln,6.57
2w0s,3.3
4jls,5.66
5m3a,5.7
3kek,8.36
3iqu,4.77
1y1z,3.08
6mwe,9.2
5bnr,6.28
5e28,7.91
2wgj,8.7
4h7q,5.06
4l1a,8.27
5k8s,8.22
3twu,5.62
2j4k,4.85
6apt,6.05
3atl,4.76
2r6w,9.36
4dv9,6.72
4rfy,7.0
5hk9,6.54
4x6h,7.66
6hzy,3.92
5jyy,8.1
2zu4,7.42
2fjm,6.85
4a9u,7.22
5j74,8.72
1x6u,3.22
5t31,6.96
6hh3,6.24
3i7g,6.37
1ove,9.13
4i8w,10.9
5orv,2.89
6ee6,6.67
3p3u,6.48
2etm,6.67
5tdr,4.54
5try,7.8
1v16,3.87
5qcn,8.22
3kdm,7.0
2jg8,6.3
2bz6,7.09
4ofl,7.66
6uhv,6.92
4i7f,7.0
4r0a,4.26
5ngf,5.11
4a6l,8.0
5hn9,4.3
3ual,5.81
1i41,4.57
5vdt,4.68
5m0m,8.22
5ymx,6.92
3rz1,8.74
5etb,4.54
1gny,4.14
6dz0,9.03
4lxm,7.06
3rmf,4.09
6edl,8.7
4q07,8.14
6g92,4.12
6ia7,5.7
4pax,6.4
5iql,4.56
3oag,9.51
2pks,4.96
4dpf,6.4
3i1y,8.15
5e2p,8.8
6mqe,11.29
4bb9,6.0
6pyc,7.45
2clv,7.88
4z3v,8.4
5eif,2.55
1pxh,8.74
3bkl,6.17
5hcv,8.7
4owo,4.47
4jaj,5.26
3sxf,8.6
2ow0,6.7
3brn,8.7
5oxk,2.17
3ptg,7.6
6ox0,4.85
6q54,6.49
5ygf,6.21
2m3z,6.57
3gi5,11.22
4jjs,6.7
1gag,6.12
6avi,5.71
1okl,6.03
1ih0,5.0
4bbe,8.44
5kqf,6.51
1w96,8.41
2hog,9.52
4zxy,6.4
6dz3,8.89
3kiv,4.7
1v2q,4.13
5vo1,8.15
6ayo,8.29
2w7y,6.08
1o2j,6.92
4j0y,6.36
3ueo,4.03
4an2,9.05
2jko,8.11
6fhu,2.64
1fhr,4.0
4ask,7.22
3u78,5.6
1ycm,8.0
3ixk,8.18
5kcv,8.3
1w4l,8.4
4yoj,6.39
4l50,6.06
4jkt,7.09
4inr,5.59
1np0,3.57
2xdw,8.37
2xxx,6.41
3u5l,6.19
3ti1,3.89
5y3n,7.1
6fer,4.36
6rz6,8.54
3r0h,5.92
2h5a,5.1
5vfm,3.82
5t4v,7.22
4ith,6.5
5cxz,6.26
4qk4,6.6
5k5e,6.35
3huc,5.99
1g3e,5.38
4amz,9.82
2y67,3.53
1p6e,2.92
2lya,4.19
3t3h,5.71
2g9u,6.08
3rv4,2.3
3b66,8.6
1u9q,8.33
3loo,6.07
3svv,6.94
2x8d,6.1
6ggf,5.39
3wuv,5.17
6ayd,6.3
5ti4,4.59
5ti7,4.96
4uau,5.89
6q7v,5.59
2gm9,7.39
5ipa,4.7
2bq7,7.05
4gue,5.24
4i6h,8.3
2vwu,6.46
2z78,6.12
6hjk,7.6
1lgw,4.0
6nco,4.52
2wu7,6.28
5t6p,6.06
4gr3,7.81
6g47,2.18
1bdl,5.85
4wgi,5.35
5d3t,4.92
5t1l,6.62
5zdg,5.42
5h8b,11.31
6afc,6.03
3so6,5.39
4f3i,7.44
4abh,4.15
4xh6,5.57
3jwq,7.6
5u4a,6.36
6mj4,7.72
4au7,4.76
5tks,7.17
5f60,7.37
4q9s,3.81
5hh6,6.4
4bup,4.95
6bfx,7.1
5vgy,4.18
6b95,5.15
2nwl,8.7
1f3j,5.22
4clj,9.15
3kjq,5.88
1nzq,7.96
3pvw,7.27
4iic,4.85
6f86,7.43
5hz5,7.07
3pcf,6.05
4v25,7.08
6d19,6.61
3rm9,4.77
1pmx,5.14
6msy,7.0
5j9f,7.23
2r2w,4.47
3et7,7.77
2bpy,7.4
2qe5,5.79
3opm,6.62
2za3,3.68
6boy,5.74
6s9x,6.42
1m7q,8.59
4hwb,9.24
2onz,8.89
4l9i,4.89
3ejs,6.6
6hck,4.6
2l84,7.72
5ans,5.69
2pbw,8.25
4h42,3.47
5ivt,9.1
5w0i,8.85
5ei3,4.25
4kzb,2.89
4zmf,3.96
3u7l,7.28
3hfj,4.44
1kv1,5.94
3t0t,7.04
5efj,6.46
1nl4,9.41
4occ,8.7
5iz9,5.42
6cn6,8.3
2iw9,8.05
5tbm,7.31
2ca8,4.66
1h8s,5.81
5fp0,7.77
5ody,8.4
1ow7,5.4
1nlj,9.8
5j3s,7.72
4lop,8.15
3hf6,7.59
3fuk,3.02
3btc,5.75
5nk8,6.64
4em7,5.11
4x5p,8.21
2p2h,7.17
3vv8,4.77
4oc1,6.6
4mb9,8.0
6apr,7.77
6ej3,5.93
4b73,7.21
4ehr,7.89
5a7y,4.48
2c1q,13.0
5itp,5.0
6a87,3.15
4dt2,4.37
6d4u,5.7
5a0e,6.53
5m7t,5.41
6g34,8.24
6hzp,1.98
2a8g,3.69
1d04,4.59
4q4r,6.43
6s90,7.89
2pk6,10.89
5ehq,10.48
4bcc,8.05
2x7c,5.7
2qu6,8.52
3rwg,8.55
4mpc,6.15
3nkx,5.12
4kb7,7.49
5tr6,8.49
5j75,6.82
6g0z,5.32
4b7r,9.64
4y2x,6.29
3krd,8.17
4hzw,8.88
1a3e,8.46
6e4w,6.7
4yyi,4.19
4wcu,8.52
4zyi,8.1
5f01,6.38
5o9q,5.21
4x9w,6.85
1lxf,4.1
5ykp,7.05
4jln,7.78
5k5c,1.62
6suo,9.4
4y64,3.1
1okz,8.3
1mm6,7.7
6ma3,8.3
1fv0,5.93
5nu5,6.33
3gs6,6.59
3er3,7.09
3d1y,8.22
3g5v,7.8
6imr,5.37
1izi,6.59
3zcl,8.0
3okp,4.72
4htx,8.33
4ura,5.5
2knh,5.15
3nzw,5.82
4x6o,8.72
5zk3,8.74
4hzz,8.08
5oh3,3.87
4zph,7.51
2vnt,8.0
5ly2,7.92
3hdn,7.2
5i2f,6.49
6pt3,9.41
2a4r,7.82
4pnc,5.43
3bcs,5.21
6qfh,5.86
2anm,8.74
6p3w,6.26
3eq9,7.39
4io7,3.68
4yog,5.74
5db0,7.43
6ibs,4.96
5ort,3.05
3qt7,7.31
4b9k,6.17
6ax1,9.42
2weo,6.93
3snb,4.38
4klb,4.16
3oe8,8.14
6rtw,6.43
5zqu,5.15
4x8u,2.46
2ohu,5.38
5ai8,3.9
3sl5,7.66
3l8v,8.1
5xpm,7.64
6n4b,10.01
2wkt,4.31
1pxi,4.77
3g4g,9.04
4p5z,7.41
1v1k,4.46
6a73,6.48
4u0n,5.77
3pwh,8.72
2q96,5.92
3ow4,7.66
5arg,7.57
3ozr,5.15
2nn1,5.82
5l6i,4.35
4bh4,1.49
2zg3,2.06
5nuu,8.2
4drp,5.41
5iee,4.94
5mtx,7.75
1ro7,3.18
5ewa,4.82
4e5h,6.37
5uwm,6.45
5nxy,5.05
5l2w,6.68
3k8d,5.77
1g9s,3.61
2ywp,8.15
5eok,3.49
3acl,6.22
1o4e,3.3
4prd,4.6
5am3,8.3
4jg7,6.92
1nw4,9.07
4djp,10.55
3k98,9.0
5jhk,4.64
1qxy,4.8
5k4l,7.3
3lk1,4.26
5hpm,7.13
6afe,5.36
5aa9,8.19
6dh5,11.3
4ixu,7.64
5gx7,5.56
6gvz,6.4
4pyn,4.52
4qsm,7.41
6dil,8.12
4aa7,5.7
1l6s,4.41
6d4q,6.08
2zcs,8.22
2e2p,4.74
5jf4,7.19
5u13,5.41
4ks2,9.34
2mov,7.4
1ws4,3.0
4gvd,4.57
1sw1,7.3
2yaz,5.14
1lhf,8.09
1v2v,3.37
1jvp,5.8
6htc,5.96
6i0z,4.04
5uwn,7.87
2ohm,3.51
6cbh,6.29
4ibc,2.98
5mod,3.52
2wxo,7.05
4u7v,5.49
3uda,5.01
5ivn,8.85
4sga,7.3
3qri,9.1
4cwf,4.49
5ops,5.06
5mwo,3.21
1lhd,9.62
1xh8,5.77
3pjg,3.55
3ot8,8.05
4pz5,6.92
5zyi,7.07
1li2,4.04
2zit,4.46
3bls,5.14
5e0g,5.8
1cbx,6.35
6c7g,7.74
5eue,6.77
4pku,4.52
2wzs,3.85
1zhk,4.45
6ftz,3.0
5sz0,9.1
1avp,7.92
5e89,7.85
3w1f,8.44
6k5r,4.27
2jjb,7.92
2r6f,8.0
6qgg,6.3
3bqn,8.6
6drt,4.97
2pjc,8.72
5qa5,3.52
6d16,5.08
1lt6,3.3
1kll,5.2
5z89,6.71
5d3s,5.89
1bug,4.37
6c7r,9.0
3k23,8.2
4f1q,4.95
6hvw,5.55
2bok,6.55
4rj6,7.12
4gzf,8.36
6f1x,7.7
3h2f,4.06
1pr1,5.3
5yvt,3.96
3g34,2.96
6qaa,7.66
2ok1,6.26
3tf7,3.52
5xig,6.38
3l4t,5.42
2m0v,5.97
1oim,5.32
3cd0,7.57
5xmx,7.24
4qxq,5.7
3ms7,3.43
6hqy,6.44
6cwh,7.54
1rt9,10.25
4bqy,5.96
3jrx,9.0
6gfy,6.61
5zkb,8.7
5uor,8.2
6ets,5.64
6bod,4.26
4uvw,7.72
4u6c,5.0
5trg,7.82
2oz6,5.26
1klu,7.6
5h0g,6.95
3cyw,7.77
3bex,5.57
4ezw,6.0
5t1t,7.24
1b5g,8.0
6h13,7.23
1mue,8.64
1r78,8.52
6cjh,5.42
2j4i,9.0
4x0u,7.4
2g1y,7.05
5nb6,6.3
3ljj,6.52
5w88,4.52
4aj2,2.38
6s4u,7.76
6k3l,7.22
1cqp,5.62
4x3e,5.47
5q15,8.05
4ozo,3.83
1lt5,2.7
6gwe,7.38
5cs5,1.58
2f1b,3.0
4xs2,5.82
6aaq,2.41
4zw6,5.72
2whp,4.51
4rn2,5.82
3atm,3.06
4tn4,6.33
4arb,5.89
1bnm,10.0
6hd6,5.7
3qxt,5.22
6e4f,9.07
3m8q,9.52
5c8n,7.55
2igv,2.23
2bmz,3.7
3d8y,3.4
1sle,6.17
5ahw,5.17
3eft,7.92
5ief,5.28
5myg,7.51
5jz9,3.57
1nhg,7.3
3d67,4.96
2yfa,5.07
2rvn,6.77
1q54,5.85
2yk1,8.13
3hav,3.77
5zms,5.23
6b1c,6.95
3clp,3.69
5ak2,8.41
4ynd,8.55
6p87,4.6
4k8o,3.77
6upj,6.32
5dl1,5.0
3kac,3.13
6e6v,7.77
6nvl,7.95
6iar,7.6
3h0z,8.37
5fsx,2.72
3i73,5.49
4j3m,7.68
2rol,4.62
1fzj,8.1
6d3x,10.29
1x39,9.22
3n7o,7.14
5knj,6.94
5ugd,6.62
5drr,11.46
2hai,6.28
5yjk,6.09
1h01,4.66
1ong,8.05
2qln,5.43
3voz,6.85
2dxs,7.34
3fw4,9.4
6fng,7.14
4re9,4.92
4l6t,7.49
5eob,9.62
5zyj,7.21
3pfp,6.44
4tw8,5.58
1dzk,6.1
4nwd,5.4
2prj,4.49
3vid,6.21
3wk4,5.13
4lte,7.22
3d04,6.05
5mk3,4.05
4xyf,9.0
6qe5,5.12
1bm6,7.89
1u3s,8.85
4r91,6.37
4hdp,7.51
2pe0,7.1
1h4w,4.66
3h30,4.53
6iht,5.21
5t6g,5.96
5a46,7.66
2wzm,5.22
4anx,7.74
4oak,4.22
2vgo,6.3
4ztl,5.92
5mgj,4.29
5zty,10.12
5zag,6.97
4qxs,5.96
6mbp,5.95
4kil,6.3
5o58,6.72
3ttp,9.12
4m0f,8.77
2bys,9.52
3bu6,5.89
1o3i,7.3
5brn,6.3
4aa4,8.05
5yc1,4.34
1adl,5.36
6rih,3.98
4e5j,4.73
5tzy,8.7
6bbu,7.54
5gnk,8.28
4ke0,7.77
3tws,5.52
3wnt,6.28
5o11,6.67
5cuq,5.92
3zuk,7.46
3x1k,3.59
1zub,6.57
2zis,8.55
1czl,9.15
3dx3,6.52
4mnv,4.94
6sen,5.55
4lmu,7.26
5tln,6.37
5n6s,8.09
4bgk,6.28
4y2j,3.1
1gcz,5.13
3k39,8.08
2ima,6.52
3psd,8.52
5zg0,7.09
2ybt,4.7
2x24,6.48
1sdv,8.74
5y5t,6.68
3gol,7.09
3tc5,5.17
5svk,8.48
6ib0,7.4
2nq7,5.54
2pql,7.28
5efb,8.37
4p6g,8.11
3ffg,9.08
3vje,8.01
1y3y,5.64
4bbf,8.66
5vd2,7.1
4qmu,5.89
4mcv,8.89
5alh,7.07
4ngm,10.35
4olc,6.19
1gt5,6.1
4w53,3.99
1c12,8.72
5zg3,7.21
4bt3,3.12
4e3f,2.52
5wys,6.7
6c7j,8.88
1p6d,2.94
6min,3.91
4z7q,4.29
3mct,4.07
6ai9,6.74
3e0p,7.92
3che,5.29
4pg3,7.85
5wii,4.49
3odk,3.14
3ekt,10.59
1o4j,2.36
6ee3,6.86
3ken,5.4
5c7c,5.26
5vew,5.15
2b7f,7.3
1ze8,7.68
4n7g,5.66
2w10,6.77
1qaw,5.12
5w6r,7.57
5qa8,3.77
4xjs,7.12
5hlp,7.27
5fa7,8.4
5wep,6.36
5urk,6.1
1o41,3.05
3mxr,4.95
4ztn,7.72
2ovz,7.89
4zh4,4.22
5znp,4.69
3vjt,5.39
4yuw,5.77
2i3i,7.3
5aoj,4.68
5cp5,5.91
5dyy,7.24
1xt8,6.85
5mgk,4.0
4ec4,7.6
3re4,7.4
3zyu,7.0
6euz,4.18
1km3,4.91
3nc4,4.58
5dtt,3.51
4p6x,7.04
2p8s,7.68
3c14,3.52
1rwq,10.0
5nyz,5.03
1a7c,4.0
4ac3,3.96
4azb,7.24
5u0f,5.47
4btw,7.15
1r17,6.42
5c5t,3.13
4wef,2.59
2wou,7.14
4hz5,5.92
3evc,6.91
1iig,1.57
4z8a,4.76
1i5r,8.52
2lyb,4.46
5l7g,7.8
3vhc,8.89
5d2a,5.59
4qta,6.7
5iw0,7.22
4fgz,2.87
6mum,8.41
6e7j,9.48
3jy0,8.3
5j6a,7.77
3tkz,5.92
6gfx,7.92
4tmk,7.7
4b6c,6.16
5a3w,5.82
5glu,4.02
4wks,2.7
5gja,5.55
1qq9,2.06
1q5k,7.42
1xon,10.68
2q15,7.96
2w08,3.42
4dhp,4.44
5qan,3.96
3s7l,7.1
3dga,4.52
5t4b,9.38
4b76,4.54
6k4r,5.84
5lle,10.22
2w6z,2.82
6ela,7.59
1z6q,6.7
2q72,2.68
4acu,7.39
5mqv,8.1
4yih,4.66
5dg6,5.07
1bap,6.85
1ka7,6.22
2f8g,8.7
5f63,7.92
6gjw,4.96
6q9h,8.11
3sbi,7.92
3f0r,6.89
6r8p,4.48
1r5n,5.42
4r92,7.41
2byp,9.06
4k3h,6.85
6ajj,6.8
4i80,7.62
5ovi,7.68
4gwk,3.34
4w9x,7.4
4nwc,5.76
2c8y,4.0
5vb6,6.37
4j3i,5.74
2imb,4.22
5yto,4.48
4oc2,8.28
2afw,4.77
3m3c,4.06
6aej,6.15
3pa8,5.75
4k60,3.24
6szj,5.82
5xp7,4.42
1om9,4.15
5c3k,3.96
4luz,4.7
6h4s,7.42
3gc4,7.6
5dx4,6.86
1qj7,8.1
4cqg,9.39
2fqo,6.43
3ce0,6.15
4fns,6.7
5hrw,5.48
6poi,3.49
5sz7,9.7
4qjx,7.28
6hwv,7.08
2etk,6.82
1aj6,5.92
3otx,4.53
5dgj,4.73
5fbe,4.85
3g4f,4.52
5dhf,5.66
2r5b,8.6
2oyl,6.3
2ipo,5.06
1dfo,6.7
4gby,3.46
5vrl,7.11
1tze,6.83
2xib,7.26
1at5,4.19
3qc4,8.7
5t7s,4.1
5nhh,8.95
6c9s,7.32
5nwi,6.16
1yvh,7.37
3ux0,6.26
2psj,7.7
1j1a,7.54
3kcf,7.46
4bhn,8.2
4tlr,8.52
1fwv,3.72
4bnt,3.86
3tkh,7.33
5e80,8.3
1yhm,3.83
3amb,6.18
5q0u,6.76
1bzs,8.0
4rvt,5.72
2yem,7.81
2uzj,4.57
4u5t,6.7
6pys,7.15
2wi6,6.64
6u7o,10.81
5u5l,4.85
2oht,5.04
1oar,7.4
5b2d,4.25
3haw,6.0
6d3q,8.47
6chn,7.96
3btl,5.96
6er4,2.77
6cqt,9.64
4hzt,6.12
2qoa,7.28
1m4h,9.52
5uwj,5.7
2xoi,3.34
3b28,8.47
3kdb,9.85
4ncm,7.0
5jrq,6.77
5cuh,4.62
1h60,4.7
4i6b,5.93
5igq,6.6
6cq1,3.66
5ntp,9.15
5he1,6.55
6h41,7.05
5gvl,7.38
1ajv,7.72
6qfu,7.46
2aig,5.0
4iu1,4.3
3n0h,6.21
6rnt,2.37
6bc9,9.43
3tyv,8.1
1d2s,9.74
4o7c,5.0
2ez5,5.52
5cs2,8.4
5axp,9.03
5dlx,5.7
4gm3,9.0
3vx3,7.82
1kdk,9.05
3fu6,3.97
1cny,7.85
6ufn,5.64
3krx,7.38
6me2,9.37
6hlx,7.17
2bub,7.05
4i7j,3.32
1g7p,7.05
2vr4,5.68
5f3e,6.86
1uz4,3.4
1puq,7.28
1p03,8.19
3ctr,5.16
5wlt,6.81
1i8z,8.9
3p23,4.42
4wi1,5.3
2qo1,5.57
5mlo,5.32
4h1e,8.52
3hy9,7.77
2ad5,3.96
4xu1,9.49
5dp7,4.56
3cbs,7.24
1xdd,6.7
1o38,6.82
3kwj,9.3
4lpf,3.51
3od0,7.92
5enm,7.15
5l4j,4.28
4y29,6.25
6bdy,5.69
5z68,5.89
2nsl,4.68
4la7,6.57
6e6j,8.1
4rx5,8.52
4m2w,7.28
4fp1,4.57
1tyn,9.7
3lpt,4.91
6gu7,5.81
3k4d,5.11
4im0,7.72
5azf,4.44
4izy,8.52
6acb,9.41
4mk7,6.36
4dhl,4.48
1kv5,4.22
5bs0,7.12
5nmf,7.42
1bjr,7.68
2ha3,3.03
5e0a,6.59
3rxp,2.08
5xaf,5.77
1db1,9.26
6hmb,6.56
5v4q,2.57
5ti3,4.36
5ul1,6.64
4kom,7.0
3wvm,5.71
2pvm,6.44
3nkk,4.7
4ach,7.66
5a9u,10.1
6hvv,6.67
5ngt,5.89
2qrq,5.1
6hbm,5.02
1sbg,7.74
4ad3,4.62
5am4,6.95
1sqq,7.82
6qab,8.21
2xni,7.37
5lgs,7.06
6p12,5.95
1toi,4.05
4kao,6.11
5nxg,8.55
4rlt,4.96
4jhq,7.74
4jjg,8.7
2gd8,7.41
2nnq,8.7
5mra,8.0
3g90,6.36
4an0,10.7
1ugx,5.91
5zwf,8.74
5u5h,5.89
3nsq,5.21
4ymh,6.46
5lz7,6.28
3hhu,7.39
4zs0,5.64
4bdh,4.11
3djk,10.59
2xzg,4.74
3dp2,5.82
1nhw,4.84
4jzr,7.8
4ysl,5.8
6ffh,6.34
6arn,5.19
4q3q,5.89
2cmb,7.19
6c9q,5.1
2oyk,5.3
5eym,7.6
1n4m,6.72
2p16,10.1
5gsa,7.09
4elg,8.16
3djx,2.81
5wbq,5.83
2nno,6.4
3mg4,9.3
3fdm,8.7
5ut0,5.88
1jii,9.0
5lrk,8.82
5mxk,3.39
5byz,7.38
6mnv,3.37
5a83,6.8
2exm,4.11
1fmb,10.0
2xn6,8.8
3dcc,8.96
5msb,7.46
1yci,4.08
1mzs,5.15
1gfy,5.08
6h9v,0.66
3ujc,4.59
4qls,7.44
6cer,5.36
4gvu,7.52
5evd,5.0
6hk4,8.55
2zof,8.15
3muf,6.49
6oou,11.3
5cnj,6.84
4gny,4.22
1p0y,1.0
4qfg,5.48
4axa,8.0
4zv1,5.24
1o9k,6.47
3n7h,4.5
1lcp,6.64
3oof,7.3
6rsa,4.4
3jyr,5.54
4g8o,7.66
1bra,1.82
5u28,7.17
6bny,6.4
4kn2,7.27
4m6u,2.74
5mzg,6.86
2ccu,6.13
6f8w,4.64
4bcs,6.99
4crf,9.3
4uil,7.24
6p9e,7.17
3pax,5.0
5nvc,6.19
3ujd,4.69
5tg6,4.55
5ar7,6.49
4m48,6.81
3lkz,6.15
6uii,6.43
1nl6,11.32
2on3,9.0
6e4a,7.36
1m6p,5.1
3u4i,3.89
2gmv,6.2
4jxw,4.72
5ab9,6.33
3rni,5.17
5xij,7.3
1ru1,4.74
4oo9,9.07
2hvc,8.82
1f4y,6.08
4mvh,8.35
2foy,6.92
3mke,5.66
6oag,5.43
2qpj,6.35
6i8l,6.41
6c0u,5.99
1azg,4.8
1hef,9.0
4mzf,7.35
4qev,7.66
5dh5,9.64
5ovx,4.5
4pzv,5.7
5n70,8.52
5qal,3.46
2c93,4.92
5t2i,8.7
1e5j,4.0
4ezj,8.42
6htt,6.66
5knu,5.55
6iiv,6.85
5t1w,7.11
6p84,4.81
4x5y,8.03
1oe7,5.52
6bjo,6.29
3ob2,4.59
6jaq,3.95
5lz9,6.92
6bh1,7.22
5xpi,5.28
5yc8,8.19
6euv,8.62
2qta,5.76
3biz,7.24
5f9e,9.34
2ay2,1.88
1qf4,6.18
5ful,4.74
4c3k,4.97
5tza,9.0
4mr4,5.94
1i48,5.7
3krl,9.1
6mep,7.35
4qsh,5.1
4y32,4.05
5ceh,8.0
5llp,9.24
4hwo,8.54
6gxu,3.74
4wj5,6.29
3thb,8.7
1w5y,8.48
4yv1,3.08
6dh0,10.59
3wi6,5.33
6b22,7.38
5kqg,5.15
2vj6,7.89
4ci3,6.81
6q38,6.38
3pjt,4.88
5z5v,6.54
4hxl,5.66
1l5s,3.26
3d4f,7.72
4nuc,6.04
5mos,3.79
4y63,3.58
3qsb,5.08
4btx,6.54
5i0l,7.74
3tiy,4.77
4gto,7.98
3s6t,7.35
3oli,7.38
3su2,7.35
3d1e,5.77
5q0j,6.62
3uvo,7.0
4bea,8.3
4p90,7.19
4m3q,7.77
5z1t,6.2
2v2c,3.41
2f8i,7.26
2yq6,7.35
2ynd,7.49
6i0k,4.89
1hkk,7.4
5vr8,6.87
3tza,5.5
2wec,3.96
1c29,6.33
3kc0,7.92
6g8i,5.17
4yay,8.54
5d6p,5.6
4nj3,6.52
4yec,7.6
5dri,7.7
1tfz,8.15
4avh,7.23
4mnw,5.76
5yls,5.29
1gww,3.59
2vl4,6.01
4q4q,5.79
3dp0,5.85
3o1d,5.74
5dit,6.15
5ncy,9.4
3r7n,6.15
3g9n,5.74
2g5u,8.49
1dhj,6.55
5nk6,6.8
4u69,4.26
1p28,5.42
1kl3,5.86
6e5b,8.66
4np3,3.3
6bke,8.35
4qg7,8.0
1lor,11.06
1tve,5.68
3fzn,4.01
1vyg,8.0
2ndo,3.25
2b1g,6.64
5zyk,6.74
1jrs,6.4
2hah,8.0
1hqh,6.3
5xsr,7.69
4hnc,3.17
1r5w,5.54
3ogp,7.44
1vj9,7.55
6d3y,8.7
2xn5,6.69
4ban,8.61
4lyw,6.63
3t3y,5.47
5fck,8.22
4j47,4.92
1p5e,4.81
3bym,8.22
3tsd,3.66
1o5g,4.96
2x39,8.66
5bnj,8.7
6hsh,7.55
2c1p,5.4
4n6y,7.04
4ou3,4.41
5ti6,4.68
3hnb,5.11
2w1f,8.23
4gly,5.11
4jyv,7.77
4g16,6.85
2c92,5.68
2q38,5.23
3twv,4.76
3s0b,6.49
3zhf,3.92
2oxy,6.52
1shc,7.28
4e4x,8.15
6ftf,8.1
4h1j,5.92
2o8h,7.6
5ll9,6.08
1sps,8.52
3d1v,3.49
4ehz,8.0
2i4j,6.16
3u9c,5.89
3fxw,5.96
5vdv,4.0
5alr,7.07
3fmq,7.95
5ugm,5.9
5os2,2.74
3r9d,4.15
1ftm,7.61
6qrg,5.0
5htb,6.77
5j0d,6.87
4hy0,6.7
5agv,9.7
3r1v,6.92
4btk,6.62
6ibz,7.66
5n3y,5.03
4na7,9.7
5gvn,7.05
5n2t,5.08
1bxo,10.0
2x6i,6.08
5q0y,5.73
5fjw,5.4
1x8s,5.1
5dv4,2.47
5yhe,6.69
4ryg,8.1
2fle,7.85
4nyf,7.31
3l17,8.28
3ehn,1.92
3eqb,1.82
1orw,7.6
3bm6,7.59
5orz,3.36
3vb5,5.34
4pvx,6.76
4ca6,6.74
4uvv,7.49
5svy,6.13
4uiv,7.8
5ha1,7.19
4x3s,5.89
3f5k,4.62
4wsy,7.77
2gg3,6.24
4azg,7.1
3zvv,3.04
1pfy,8.15
3aqt,6.72
1e06,5.6
4gzt,7.77
5xyf,5.98
3f5j,4.28
6m7h,4.7
3ert,9.6
4rdn,5.92
2lp8,7.52
4xdo,4.08
2iko,5.45
3v6s,9.12
1shd,6.17
5f5i,6.02
1lol,6.39
6gvi,6.82
5hrx,5.29
1e2k,4.94
6j0g,5.64
3fcb,5.31
2o4h,6.52
2d2v,1.0
1f47,4.67
5dqc,7.34
1moq,3.46
4odf,10.0
5n8t,5.74
4k3k,2.35
1meu,6.1
2hrp,8.3
6of5,5.35
1gca,6.7
5i83,5.39
4bo5,7.1
5ou2,3.22
6imo,6.19
5lpd,10.15
4y59,5.24
4tpt,7.04
4wk2,6.94
1v11,3.98
1q1g,8.57
1w2g,4.57
2jkk,8.2
3w5t,4.52
2r8q,3.24
5vcy,6.57
3ay9,8.34
4f3h,6.38
6r7k,7.3
1mto,6.96
1q6s,7.92
3ama,6.53
4g0p,3.01
1a5g,10.15
3f9n,5.89
5wij,6.31
5gwa,5.77
4yuy,3.34
5ito,4.16
5n20,4.21
6cef,3.74
5ml5,8.0
3vp2,5.1
3ekn,8.4
4i4f,6.19
1d3d,9.09
5htc,6.82
4zum,6.57
5ufi,8.4
4kow,4.31
6aa4,6.33
2jkm,7.75
3f80,4.22
4ztm,7.6
5a82,5.6
2jbu,3.4
3zze,8.89
5cfa,6.54
2z4y,6.15
3sfc,8.52
5ygd,7.27
6p3v,7.02
1g5s,7.32
4ufh,6.42
3bc4,5.35
4nb6,7.22
3t84,6.97
2bv4,3.22
4o0b,8.3
6md4,6.16
1nli,3.59
2cbz,3.93
3rl8,5.98
2k3w,5.24
4btl,5.6
1gwv,2.57
5x33,8.49
6oyw,8.4
2ycr,7.16
6mnf,5.89
5n49,6.33
3ole,7.83
5ngu,7.44
1sln,6.64
5ads,5.67
2mg5,6.15
3hxi,6.33
3kpw,4.85
5hcx,8.39
6qed,7.13
2jbj,9.7
6g14,5.49
2xbw,8.0
2y1n,4.77
5nk4,8.7
5j6l,7.89
5agt,7.12
3zrl,6.8
1ghv,4.35
4o13,7.82
5e3d,4.02
3jdw,3.6
4j0r,6.41
3su3,9.13
2uxx,3.3
6drx,9.24
4x21,7.44
5cuu,4.37
6hdq,7.0
5u62,5.89
4foc,8.52
4oz3,4.55
2o0u,5.49
4tx6,5.59
3tic,8.87
5maj,7.46
2j7e,7.32
4b3c,2.68
3t2v,6.99
5e7r,7.6
2wxj,9.0
6r8l,6.17
2ym4,5.82
1kds,5.77
2rd6,8.3
1d5r,1.82
1pwq,4.96
3zs0,6.7
2ql5,8.1
5o9y,5.34
5q10,5.2
5x5o,8.3
1ajq,4.31
1rsd,6.52
4l4v,5.78
5igk,7.38
4do3,4.1
4k1e,8.44
4cjn,4.76
3ivh,7.33
3s78,6.47
5f3g,6.9
9hvp,8.35
2r03,5.15
3cn0,5.51
4hki,6.85
4hvd,8.85
4d8z,6.29
6jut,8.68
6c9n,4.78
6c5j,7.16
4dma,6.19
2ovx,8.7
3mn8,6.17
6cdg,5.72
1jt1,3.4
1w8l,0.49
1f0s,7.74
6q9o,8.47
6a5e,5.49
6qts,4.8
3csl,7.22
3ppk,8.85
3g0f,7.66
2y4l,6.3
6b5m,12.0
5gj9,4.99
1uu7,4.85
2xxr,6.55
5ehi,3.34
2n14,5.33
4nku,4.67
4uro,8.4
3kl6,8.46
6ipi,5.71
4bg1,6.31
3ga5,5.49
6eox,6.85
6r1d,5.4
4c52,5.68
4li6,6.97
4dgb,3.89
1w1g,7.68
5w9g,6.82
6o9d,8.7
5moe,3.28
5g61,6.4
4jj7,6.4
4uu5,5.04
3ds1,5.7
6axb,6.3
4rsc,6.63
4ggz,10.18
4mww,3.67
1bbz,5.82
3buf,3.1
3g2i,4.86
1tsy,4.96
4xiq,7.07
6gon,5.67
4u6r,7.85
6gjj,3.7
4xm8,3.02
4d2s,7.7
2ica,7.7
2zlg,5.59
2y54,4.7
4afe,7.14
3tz2,5.24
3plu,5.77
5f25,5.04
3f69,6.0
4x7q,7.85
3qcx,7.2
4p6e,5.89
1w7g,5.1
2fv9,7.22
6ebe,6.7
4j8t,6.77
1xmy,7.3
5ot9,4.07
4ggl,9.0
1o4f,3.52
4kne,5.9
4dve,9.52
3pb8,5.24
1qhc,7.57
5q1g,3.58
5e2q,5.79
3lpr,5.96
1wur,6.66
5fxq,7.85
2y9g,3.77
2f81,10.52
6qzr,7.52
4ybi,6.6
4ovf,4.13
3nu3,9.82
2wf5,6.0
3k83,7.66
3lpp,6.22
2vwl,7.02
3drs,9.3
2gvj,9.52
2aqb,3.3
6f8t,5.15
6gbx,7.7
2qmd,8.3
4byj,6.57
4l3p,5.92
6djd,2.14
5g0q,10.0
4q4p,6.39
4zyu,5.97
2fw3,6.42
3c10,6.52
4qoc,9.92
6fdc,5.64
6ikm,8.57
2pj0,8.09
2z4b,9.36
8cpa,9.15
4ewo,7.36
2yiv,2.78
5k7h,6.0
5am7,7.19
6b7f,3.87
1b6h,7.82
2xpa,5.39
2j6m,7.96
6e3z,7.76
2olb,5.54
4uv8,6.47
1r0p,8.0
5v8v,8.89
5dp4,4.2
4joj,3.96
2ylo,4.88
6nzh,8.8
5c7n,6.57
4twc,7.4
4pg9,7.8
4f1s,8.7
2c4f,7.7
3g8o,7.8
5dd0,7.08
6agg,4.07
5ih2,5.76
6h8c,5.85
3lxl,8.3
5n69,6.54
2e9v,7.9
4pf5,5.48
5yun,5.52
4iid,5.62
6msa,7.08
6s9w,7.23
5za2,5.77
3nf6,3.53
4fys,4.82
6ml9,5.3
5efc,4.85
2qmj,4.21
4e6d,8.92
2r4b,7.18
4hxm,6.1
3k0h,4.6
4ce3,3.96
4xqa,4.99
5ar5,6.3
1uyc,4.39
3nw6,8.15
4knb,7.33
2wxi,8.15
4usw,2.69
5myd,4.86
6ugq,7.55
2flu,7.7
5in9,6.36
1i8i,7.66
2ans,5.92
5fnj,2.29
1t4e,7.1
1lcj,9.0
6n3e,4.72
5m44,7.4
4ase,11.0
3m1s,9.0
3mo0,6.81
6cbf,5.17
1o4q,2.49
3umo,3.89
6r49,2.1
1q8w,5.24
5y86,6.1
3hrf,4.99
3rvi,7.96
4rlp,8.14
3uh4,7.96
4obp,7.77
5mgx,5.59
3qo2,6.85
4ngr,7.55
3lcd,7.4
5al5,7.15
3uvl,5.69
3iut,6.34
4m0e,6.22
4uiu,7.9
2y8l,5.82
4qps,6.52
1els,10.82
5u7k,8.15
5kam,4.11
4hbv,4.64
5koq,9.24
3th8,6.25
6eq6,4.82
6d9s,5.96
3ipy,6.29
6bh2,5.62
4ehm,5.85
4gpk,7.52
3ozj,5.11
1c4y,7.92
5z9e,3.48
5isz,4.49
6fgf,3.96
5kad,4.43
1zkn,4.51
4mm5,7.74
2z94,5.85
5wdj,6.96
5q0x,7.35
5v9p,6.14
6pgb,4.6
4nus,8.3
4pms,8.1
4mwr,9.39
2r3j,8.0
4eh7,3.28
4uat,5.89
5aan,4.15
4y85,7.89
1w1v,2.2
3udr,4.96
4lj5,6.29
4fyh,4.85
3r02,9.0
2qd9,7.89
3h22,5.1
4egi,3.82
4y6r,5.48
2qrl,4.0
4dx9,5.3
5umz,7.12
4xtt,7.37
2std,9.85
6bil,6.24
6s89,8.07
6i8y,6.74
4nzb,4.17
1i80,6.41
5ze6,3.35
5mwj,7.61
4og5,6.52
3e7a,10.0
4nzm,6.85
6oir,7.77
5ws3,8.96
4mg6,5.62
5zw6,8.0
4uiy,5.6
2ojj,8.7
2wf2,7.59
4idv,7.4
3g5k,9.52
1td7,4.37
4mrw,3.3
6i66,6.74
1hk3,6.59
1mu6,8.38
3bl9,7.18
3wti,5.9
3hdk,4.76
3f7g,7.37
4qwx,6.27
4llj,3.42
6faf,6.51
5h9q,4.42
3ip8,2.28
4i12,6.39
1sh9,6.03
1fax,7.39
4alx,7.28
2a0c,7.3
3fnu,6.16
4os4,4.87
5op6,4.68
4kxm,5.59
3jup,5.58
3lq2,5.22
5v3r,5.3
2rkg,8.09
1gi7,4.51
5vqz,6.39
4dhf,7.55
6czi,6.25
1xh6,7.32
4e3b,6.05
3s9y,6.44
3wd1,7.66
1h62,4.77
5f2r,4.28
5aom,2.9
1sz0,9.0
4py4,5.77
3bmy,7.52
2qyn,6.24
1fm9,9.0
4no8,7.15
2cne,8.77
1k1j,7.55
1ynd,8.44
4m5m,4.74
3ds4,4.19
4hym,8.22
3i0r,8.52
2kfh,2.62
4bis,5.85
2e92,6.89
3ldp,5.62
4lpb,8.0
5oug,2.77
3gcv,7.13
3m54,5.89
4ojr,7.42
1fq7,5.43
5ngr,4.62
1w2h,5.0
1vij,9.52
6j8r,6.12
1lf3,7.0
4ktu,6.16
5uox,8.3
4flp,6.72
3fej,6.13
5n84,7.96
1hxb,9.92
5duc,6.35
1vcj,4.59
3uvu,7.38
5a09,8.46
4ps0,4.04
5tvn,9.04
2ww2,4.85
1ero,8.23
1hvk,10.96
5b5b,9.37
4pnq,5.0
5two,8.09
6ixd,9.8
2pwg,4.82
3mxs,5.01
4psb,4.64
3tv5,5.32
5sy2,4.96
1l5q,3.97
6bg5,6.0
2vaq,8.52
3l79,2.46
1oe0,5.16
3sl1,3.59
3r8u,5.3
5jcb,4.21
5nw1,6.6
4hww,6.65
4zx6,5.27
5dqf,3.6
3ocb,8.3
3ftw,2.78
4iva,7.16
4iuo,3.64
6r1a,4.35
4xnw,7.74
4aci,2.22
3rkb,6.42
2xaf,4.64
4qwi,5.36
4ps8,9.0
4gu6,7.36
4gtp,7.94
5okt,6.03
4nxr,4.34
5tt7,7.89
3fal,6.78
3eyu,7.62
2er6,7.22
3u8d,6.33
4z07,7.99
2hz4,5.47
5d6y,5.66
1dmt,8.7
6b2q,8.05
2gz8,5.52
2wq4,2.57
2x2k,6.52
6e13,6.7
2wc4,5.29
6g9u,6.43
4v05,9.7
6hb5,5.83
6bqg,8.93
5hn8,4.01
5v8q,8.44
4y2v,4.04
4u0g,5.29
4e3o,6.51
5w4w,8.1
1r2b,4.94
5k1d,4.68
1xp0,9.0
2q95,5.8
1g7v,6.4
4mw4,6.5
6ekq,5.46
4wr7,11.7
4pqa,5.55
4knr,5.74
5uqv,6.37
2wk6,3.32
5o4s,5.47
4j1h,6.11
4l0v,6.63
1mxu,5.4
2zx8,9.64
6biv,6.52
6nao,6.7
6cjw,5.74
3rdv,4.91
4mr5,6.6
3ddu,7.4
1mnc,10.34
4dhm,3.78
3lvp,8.7
6gxq,7.1
2ncz,3.85
3s1h,4.77
3fts,3.67
6h1i,7.36
2bw7,5.7
3chs,7.77
2r7b,7.22
5mts,7.15
6hm6,5.5
1jzs,6.6
5tgc,6.7
2oc7,5.85
1h3a,6.55
1ga9,7.08
2uy4,4.68
3s77,7.21
4n4t,7.31
6f9t,7.86
5doh,7.49
4np9,5.03
4p44,7.8
1lkx,5.15
2bza,2.8
2nm1,7.47
6css,7.6
3c7q,7.68
3iux,7.6
4ra5,8.4
2hd1,3.3
5zni,4.39
6hx5,5.66
4c8r,6.82
5eeq,5.82
5lyn,5.04
5ett,6.23
3ti4,6.02
4tpm,8.62
4awf,5.57
1zp8,8.77
5epl,7.03
4u7t,5.67
4u0a,4.3
2hwg,3.55
3tl0,6.59
4gq6,7.28
4h3j,7.05
3nam,8.46
2cll,4.3
4e3k,9.1
2uzl,6.21
6mlj,7.26
4prb,3.88
4ys7,9.0
4o1l,6.7
5ytu,4.92
4r5y,7.64
4cc6,6.64
3vhd,9.28
4mbf,5.77
4q87,4.85
6g9a,7.68
6aud,6.22
3uvq,7.77
5w5j,5.82
5hkm,7.89
6pu3,5.23
6det,8.22
4ryc,7.1
5x79,4.92
4utr,6.15
5tex,6.4
6hle,9.31
3zm5,6.74
3dej,8.0
5yzc,5.52
4hmq,8.24
3sw8,4.5
2y58,5.5
6msc,7.68
4ekg,8.77
1biw,6.98
6nsx,6.64
4qjw,7.8
1iup,2.54
3mrx,3.39
6hzd,9.17
3u90,4.62
6hay,7.01
4d1c,5.7
3t9t,8.71
3rt6,7.15
1k6c,7.48
5hv1,4.1
1g3c,5.8
4f14,4.89
1stc,8.1
1n2v,4.08
6agt,8.4
4mvn,5.46
4qz1,5.44
4y4j,2.47
3bl0,6.92
3f6h,4.72
3u18,6.09
6bw4,5.5
3t2p,3.6
2w77,9.19
1l7x,4.04
3dp3,5.82
4ytc,7.89
3wc5,8.7
6o7g,5.96
2ogy,4.48
1oit,8.52
5d3c,10.4
5e2v,6.08
6nfh,7.15
3qnd,4.85
2xl3,5.25
3i8t,3.22
5u12,5.07
5oq7,6.49
5qa4,3.77
6ijl,7.93
2wzz,5.4
5mo2,3.84
4n1t,9.1
6c8c,6.38
5ekh,5.95
1ork,8.81
2b9a,8.05
5n1x,3.16
3f15,8.1
3v4v,7.38
3tt4,8.28
2bet,2.77
4al4,6.89
6fo9,7.75
5aqn,2.77
5l7f,9.05
2qw1,3.9
6hy2,7.3
5afk,3.88
3u8w,9.0
3lxs,8.1
6dys,4.25
4zyv,7.66
3nth,4.32
5zk8,8.89
1ocn,6.39
5tci,6.88
4hso,4.66
2iuz,5.55
1kvo,7.89
6dd1,4.65
3pj2,5.14
1ydk,5.89
2oxn,7.44
2hl4,7.64
1dub,5.8
4p72,4.09
6hly,7.33
3rxh,1.8
5nhy,8.64
6bbx,6.67
3b1t,5.66
6bkw,8.3
4r8y,6.19
1qk3,5.15
3k9x,8.4
3mhl,7.25
5i8p,6.73
6gf3,4.84
1lpk,7.55
5knt,4.43
6gj5,3.36
4jym,5.04
4u2w,6.0
3cow,6.9
3tyq,8.3
3dpe,7.24
4ia0,7.11
4xv9,6.72
3tjm,5.2
6pge,3.62
5ef8,8.85
2idw,8.89
2gmx,7.11
5oq4,7.6
1mjj,8.74
4x6n,8.82
5amd,8.55
6qw8,6.4
2w6t,8.57
1p04,7.4
4bo8,6.92
4kz8,2.8
4dy6,4.4
3rxl,2.62
5lsg,5.4
5g5z,5.66
6ce8,3.41
5tl9,9.0
1amk,4.3
3as2,3.44
1yt7,9.89
3hr1,9.43
4ycn,7.77
4ot6,5.92
3e12,5.99
5wxo,3.68
1wv7,7.26
1jyi,4.0
5qae,3.62
5qay,3.23
5ey4,3.12
5n87,9.25
4rhy,5.95
3hfv,4.87
1igj,10.0
5kj2,7.82
5fq9,6.48
4w97,7.1
2peh,5.96
4zg9,7.59
3sqq,5.32
4pb1,2.82
1tys,5.49
3s9t,6.82
5zma,5.52
4gkh,4.67
6czu,6.32
3buw,5.83
3lbz,3.86
5f74,5.12
5nze,6.39
4qgd,7.43
5km1,6.18
1imx,3.52
3ldq,5.36
4o3f,5.56
5v2l,3.54
4u6w,4.21
4bkj,8.72
4quo,7.92
6ful,4.92
6au5,5.57
3jsw,7.18
3m59,5.24
5yba,4.77
4mzk,5.31
2w8f,6.3
4pl3,6.54
5y8w,6.64
6fa2,6.66
6hro,7.3
4qp9,7.15
4g5f,3.05
2xae,7.3
6jan,5.79
5qj2,7.68
5dhp,3.85
5fcz,4.2
3vs3,9.37
6do5,7.16
3g2u,5.27
6gx3,3.6
6n3l,7.57
4xit,7.27
3fk1,2.62
1nki,6.7
5laz,8.4
4bie,6.6
2xln,4.48
3oe9,8.18
4o9s,6.55
2p1c,7.68
4d83,7.26
4man,11.0
1w4q,5.26
5tqu,7.6
4d8a,3.42
2ja3,4.0
5vkm,3.55
4i31,9.32
5nqe,6.15
4mk0,5.2
2jh5,6.44
4y73,9.52
1qkb,7.35
2o9i,7.4
3i06,9.7
5y20,4.52
5va9,7.84
5eci,3.8
2pqj,8.2
1ysi,7.44
6i0b,8.04
5ye9,6.45
1w2x,5.14
6cfd,7.86
6pgp,7.0
1jdj,2.3
6e8x,6.22
6q8p,7.74
3pn1,6.96
1rm8,9.0
2i6b,7.17
2c9d,6.32
2zns,6.54
1a99,5.7
1u32,7.01
5myx,8.16
2xn7,10.0
3eu7,6.18
6cf6,5.24
5xn3,6.17
1akv,11.59
1at6,4.07
3e3c,5.62
5jdc,3.98
3qtw,6.19
4tvj,7.91
4tpp,8.59
1wb0,5.35
2ygf,5.09
2x8e,7.85
2boi,4.32
2vrj,6.3
5wzt,6.66
1ph0,6.92
5fut,6.45
3sus,4.15
2k0x,5.68
6nzr,9.3
1cnx,7.37
5ct1,1.52
5idp,7.35
5mk1,3.88
4twy,3.97
5kup,8.14
3juq,4.91
6f4w,5.53
2cm8,5.87
1g7g,6.6
6n5g,7.0
3f3u,4.74
3dsu,7.03
4n8q,3.42
2xm9,8.05
4lnf,2.62
3g3m,5.96
4ksy,8.42
6ny4,8.52
3zki,5.92
4ztq,6.32
4no6,6.11
1hxw,10.82
2hnx,7.08
5owt,8.17
4pnt,5.82
6exi,5.05
5ljq,9.0
4rj7,7.66
5ocj,4.82
1c5q,6.36
1ywi,3.43
4g8v,5.8
6ftn,6.7
3ggw,5.54
2bz5,6.15
4uzd,9.22
5sz2,8.7
1yi3,5.4
4x11,2.22
2aw1,7.37
6hdo,6.6
4k7n,3.48
1tl1,6.42
4o0a,6.72
5e7n,6.09
6joe,7.04
6qr2,5.49
1oyn,6.26
5svz,5.92
5n7v,8.77
4ryd,11.26
4tzq,6.52
3oad,9.62
2ito,6.91
4tk1,3.72
1ai4,2.5
4f7l,8.0
5w1v,4.43
3nex,6.0
4bf6,8.35
5y9l,5.72
3rv3,2.0
3zxh,8.52
3r6t,5.86
5voj,8.44
1btn,4.4
6df2,7.24
4c35,6.25
3ixg,7.57
1bxq,7.38
6aji,4.53
3bvb,5.49
2y7w,4.98
2adu,7.74
3h2n,3.67
4gja,5.92
4io2,6.7
6esm,5.53
4qw6,5.85
4eev,8.33
6gy5,4.86
3gl6,4.68
5tco,8.19
6o3x,6.25
4qlq,8.18
6d1u,5.44
1fv9,5.0
5mpz,4.07
3bar,5.7
1oh4,3.74
5y7z,7.81
2xfj,7.89
4ucd,4.0
6haz,7.0
3frz,8.15
3drf,7.0
5e2o,8.7
5w84,6.44
2pj1,8.01
6jav,5.76
4c6v,4.59
6fvn,5.3
1apv,9.0
5uwf,7.23
1g9a,5.3
3fbr,4.82
2c1n,4.11
1af6,1.82
1jn2,4.09
5g1n,7.77
3g0d,8.3
4x3k,4.56
3eko,6.7
1akr,9.09
5gso,6.96
1tcx,6.95
6nzt,10.2
2f6y,3.87
3gjq,5.33
3q2g,8.46
4n1z,9.14
3wzq,6.23
5nqr,7.15
4y8x,8.43
6ppy,4.44
3fzy,6.74
2rnw,2.98
3mxc,6.54
5wa5,6.72
3zxz,8.4
4zec,5.82
5d6q,5.24
5k05,4.96
5v1b,7.47
5amg,8.22
3vf9,8.72
2l7u,3.98
5e88,7.19
2oc0,7.82
2xxn,6.41
3tll,4.39
4j8g,4.19
5f2s,6.7
4qw0,5.14
3sdk,6.8
6afr,7.15
5q0q,6.11
2h5i,8.89
2p3o,2.77
4a6b,8.38
6d4r,5.96
3mvj,5.49
2wly,6.6
5hip,6.05
2y5l,6.48
5opc,4.54
6n3o,8.62
3uvp,7.46
5myr,4.66
5ksv,5.22
2fl5,8.74
3n23,8.52
6a3n,8.06
1akt,8.49
3hb8,5.12
1pzj,3.49
4iti,6.36
6nvj,8.28
3fcf,4.4
3que,8.82
2pnx,5.1
2va7,6.7
5diq,5.17
6ssy,3.19
1h6e,6.15
1kqb,4.0
1a5v,3.1
1ajx,7.91
2ll7,8.8
5bvf,9.72
3jzi,5.3
4x7k,8.4
3pz3,6.85
4eh9,2.26
3bjc,6.96
1pzo,3.32
4uva,5.75
5uvc,8.21
9icd,3.9
4azp,5.9
4hco,4.32
6nt2,8.82
4qc1,4.99
6f7q,8.96
6m8w,6.22
3cde,7.66
4uma,5.41
3zmv,4.26
5eek,9.1
5un1,5.8
4qmo,7.72
5kqd,6.3
1vjd,3.54
1dg9,2.74
3ouj,6.05
3max,6.05
5hja,5.96
1zsf,9.92
4mi9,3.42
3ug2,8.25
6f05,4.47
5npb,7.09
1q4k,6.55
2xp7,5.77
1sm2,8.0
4b4q,5.75
5kap,4.23
2y5k,6.66
2vk6,5.3
4u0u,5.82
6gmd,3.69
1w1p,2.3
5a6n,4.28
3hzm,5.52
3rme,4.66
5n1s,7.99
6dkg,8.59
3r24,5.25
1rtf,3.04
3rlp,7.08
4mic,5.3
1z34,3.38
1bm2,6.96
5wlo,10.82
5ja0,5.22
3nyd,3.48
1ao0,4.96
6oip,6.92
5x72,6.33
4x7l,8.05
6oco,6.32
2c0o,5.91
6eji,3.52
6npu,6.4
3o95,8.28
1ba8,9.0
2ycs,8.87
5yas,3.26
1mpa,8.04
5tkj,8.15
5njx,4.15
5t6j,4.93
2ay3,3.55
3gus,6.05
5aut,5.17
6eyt,5.72
5ml4,8.7
2nxd,5.66
3c3q,4.32
2xj0,2.82
2np8,7.38
2of4,7.09
5lx6,5.72
5i5z,9.05
3dkj,5.7
6itp,4.65
1wun,7.21
3c89,6.07
2hzl,6.57
5csh,3.57
3qqu,8.62
2ow9,7.52
6ooy,4.66
3veu,7.26
1bn3,9.89
4txc,6.62
5jy0,5.55
3as1,4.02
2q92,5.96
4w4w,7.46
4yz9,7.7
2bdl,7.82
2qwb,2.74
5qaa,3.91
3hw1,3.06
3ocg,8.52
3efj,7.41
5ee7,9.21
1nlt,4.92
1xh9,7.77
6cwf,7.54
2jkp,4.23
5nya,6.38
4o0y,7.22
5l9i,7.0
4w9q,6.85
5ggk,3.54
3ka2,6.62
6b8u,9.7
5j9l,7.47
5hz8,6.4
5cyi,5.88
5mob,4.05
6mdu,4.25
2ltz,5.35
3s8n,6.21
6hot,4.4
4btu,9.3
6p89,5.01
6gzh,8.27
4czs,5.0
5u7o,7.14
2cbj,8.27
6oht,6.45
4dlj,5.92
6mrg,7.55
2iu0,6.89
5ka9,4.41
5j8z,8.3
6afi,6.2
5cwa,4.77
3a1e,2.66
4zcs,4.33
1h6h,5.3
3lkh,6.1
3r21,6.74
4kot,5.46
6qln,4.66
6q92,6.1
5lvq,4.14
5l6h,6.62
6jsf,8.48
3fue,2.82
4eb8,9.82
2w16,10.0
2pze,6.08
5wa6,6.36
3ex2,3.7
5kez,8.15
1qin,8.0
3mvm,8.41
2ooh,5.89
4y2q,2.92
6q2y,5.26
4xg9,9.15
5tku,9.8
5opr,5.59
1zfk,7.92
4otf,8.22
4ay5,6.27
1fpi,5.89
2kzu,4.22
1ysg,3.52
3fvh,6.35
5b4w,8.46
3kdt,6.59
1re1,5.21
6uyy,5.72
6eqm,7.96
1x9d,3.96
1wbn,6.46
2pl0,7.21
3v5q,7.4
5u9d,9.26
4h58,6.72
5ad1,7.24
2e95,7.1
3jzk,5.91
2b52,8.1
6eir,6.24
4e3i,8.89
6cvx,7.68
5y8z,6.21
1jp5,9.22
6df7,8.0
4mzo,6.57
3vf3,5.86
4jfj,5.68
4g3g,8.43
2x2m,6.77
1o3j,6.77
6sfk,7.15
4j1i,7.4
3qcj,6.3
6n0k,5.07
6p1d,7.41
1pus,7.28
2pj9,7.92
2rjr,1.94
6cyh,3.15
2f35,5.4
1qji,4.85
4yve,7.0
3rz8,8.17
2pk5,10.7
6ezg,7.69
4m5i,5.17
5dts,3.55
4ab8,3.87
6itq,4.69
6qcg,5.14
3f68,5.06
4bcn,7.92
6qyo,7.52
1l0a,4.62
2b4l,4.77
1o3d,7.13
1q6n,7.64
5qil,11.52
4pci,5.12
5vl2,8.42
1e8h,5.68
3dpf,7.24
3tl5,7.85
3ie3,6.68
2x4r,4.77
4ge6,7.47
3ifp,7.61
6h78,7.33
3ikd,6.75
6nzv,10.17
5im3,5.82
2xjg,7.82
3dxh,3.19
4fxz,7.03
2xow,5.22
1b2m,3.73
4lnp,3.67
6cdl,10.92
6chh,5.57
5zwi,8.64
2pax,6.74
2cmf,7.55
2w1c,8.0
5vh0,4.52
6g2f,5.17
1x8d,2.21
6o6f,7.4
2fx7,7.7
4lwh,7.57
4qmz,6.68
1t2v,6.4
2bal,6.31
6n48,5.92
4aom,7.07
4kxl,6.22
1n5r,5.66
4bw1,5.9
6jpj,8.21
6nwl,7.37
6nrf,7.74
6ekd,6.44
3tv7,7.52
5k0i,8.7
3opp,6.28
2r59,8.19
5aia,5.2
2wa8,5.42
5gmp,9.1
4gqr,3.96
3qqk,4.82
1li3,4.25
4ju3,7.07
4ivk,3.85
1ur9,5.77
6oy1,10.24
3mj1,7.82
4qtl,6.92
2xwd,6.96
4is6,6.2
3fu0,2.28
5kya,8.22
3rxb,2.66
2rin,4.0
3rw9,5.96
1cp6,5.0
1t29,6.05
6ud2,10.21
4lsj,9.57
4bcq,6.83
6oh3,3.32
4l53,7.55
6eog,5.8
6b5q,8.24
2uyi,6.32
3gi4,10.8
2itk,7.69
5l17,9.3
5em8,5.96
3upv,5.3
2wa3,3.0
2yns,7.6
3eqs,8.48
4bak,8.91
4oz1,5.62
4hrc,8.92
4nbn,4.36
1gaf,8.0
2va6,6.17
3sym,4.57
5zyh,5.57
6drg,6.92
6hrq,7.09
4oag,6.3
2y1o,5.09
5j9y,7.24
4ksq,7.31
3ewu,4.62
1bxr,3.4
3b2t,5.21
1o2s,5.47
5znc,7.52
4ufd,9.68
4ahu,2.27
5iub,9.46
4fpk,4.24
4ozn,5.4
4ty9,2.05
3rth,5.21
3tdz,6.82
4c61,8.4
5nxi,6.66
6anl,8.27
4cpw,7.5
5eak,9.3
1s9v,4.0
4ydf,5.1
4gtm,8.04
3m6q,7.32
1fkh,8.15
2m3m,5.02
1fo3,6.7
4tu4,3.76
5iy4,4.81
4lbp,4.94
6s4n,6.79
1xhy,6.18
6nzp,9.7
5jk3,8.14
3skg,8.1
3o0e,5.74
4yht,9.22
2qg0,5.72
5cs3,2.15
3qel,6.49
3zvw,3.9
2vtn,6.07
4byi,8.05
5dhg,9.14
3sff,6.7
5eqq,8.17
5go2,3.22
6mkq,6.16
5v3h,8.3
5j7q,4.58
5a8y,9.77
3vrt,8.57
1tft,8.3
5mw3,6.62
5ia0,6.73
4q06,7.66
2oz5,6.48
2jqi,5.0
5w0f,7.8
5fsn,5.77
1o0n,4.09
2gek,7.52
5w19,5.3
2rox,4.98
4m8e,7.89
4djs,7.89
2ada,13.0
3qkm,7.42
4qmx,4.96
4aw5,6.12
4bci,8.22
3itz,8.85
1gjc,6.35
6dyv,10.59
5cau,8.8
2ly0,4.8
6e5g,5.37
4o0z,7.24
2o3z,5.7
3gpj,5.11
3r5t,8.58
2fgh,6.55
4apr,6.7
4ux6,5.92
4oar,10.42
4k5m,3.71
3g70,9.4
1wqv,6.89
3uzc,9.61
6exj,4.33
6gvx,7.62
1qbv,5.39
4yl3,8.15
4wrb,6.19
4kcg,8.3
4ega,7.19
6iql,9.37
4k3q,3.94
5mtw,5.72
6mkw,4.77
3ejp,8.55
6sal,6.58
4l19,6.1
2qo8,8.47
3dx0,7.44
6oxu,10.02
5kbq,7.0
3ern,1.72
4v0i,6.33
6bsm,6.8
4nal,5.66
1tq4,6.19
4dk7,7.7
1i8j,4.41
3if7,7.21
6qe0,4.6
4wkp,9.55
1hww,7.7
4uu7,6.08
6rn7,7.3
4dem,7.55
3p7a,6.28
4odm,6.07
6ft4,6.63
1z9h,3.0
4yrt,2.78
3ii5,7.62
5mnc,1.31
6n79,9.68
1p4r,8.1
2i47,8.66
5etq,6.48
3g4k,6.54
2buv,4.0
1bim,8.92
4a1w,7.3
6c5q,6.66
2rly,3.57
4j4n,6.88
4xqb,3.79
2v77,5.06
4qw1,6.11
5vsb,5.12
3bgl,8.35
5aab,9.06
2pu2,4.43
6oxp,11.0
5c4k,4.56
3ncr,4.11
4fcb,8.54
4jss,3.3
3wk9,4.15
6dhu,3.13
1s50,7.2
2qqs,6.4
3luo,6.95
6qlq,4.51
1zp5,2.92
2vmd,3.02
5t36,7.37
6cve,6.8
2j94,6.27
2gfk,4.52
4qw5,6.35
6dpt,7.11
1dgm,5.05
3r01,5.24
6nze,8.89
2wmu,4.38
1gqs,6.3
3obx,3.89
5j6m,8.57
1ms0,2.91
4zom,8.52
5d3p,5.13
3udv,5.59
2vx0,6.24
1bn4,9.31
2ymt,8.0
5jsj,5.4
6n0q,7.4
6ipk,5.17
3l3m,8.22
4y8d,8.05
6jsn,8.42
1ag9,9.0
1ft4,6.57
5fni,3.48
6e9l,6.04
4e3m,9.7
1h0r,3.7
6sdd,8.4
4k63,4.22
1fd0,8.4
3g2k,4.79
1kug,3.8
5exl,8.43
1o2g,6.12
3bi0,7.85
2qft,5.26
5wi0,3.44
6oin,6.0
6ar9,5.18
1tfq,7.92
4xsy,5.3
6gcx,9.22
4ko8,7.15
5tyr,9.59
6mnp,3.71
5fs5,6.69
5orx,3.51
3wkd,3.77
6qgj,9.0
3srb,4.19
5z7b,4.89
5iua,8.82
5wfj,8.89
4mk8,9.0
4qtn,6.85
6ghp,9.36
1g9d,5.3
2p95,9.37
1w9v,6.34
4gj2,8.6
6a9o,5.24
2gdo,9.49
6prf,8.6
3sap,7.59
5orj,4.77
1pyg,5.52
5al3,4.96
4h38,6.04
3fhr,6.68
2xk1,5.74
1ggn,5.51
4yk6,5.7
1o46,8.0
5fas,7.47
3qcq,6.8
5owl,5.92
3lcv,4.74
2jds,8.2
1nt1,8.89
3kce,4.8
4da5,6.44
2w3i,10.0
3btj,5.62
1au2,7.89
3my5,4.19
5dyo,10.21
2rfy,5.22
4hhz,7.72
4fvr,6.0
2nsj,4.79
4o77,5.6
5lwm,8.87
4dxj,7.42
2xd9,6.46
4k8a,4.02
4gu9,4.37
4wq3,7.0
5nvh,7.82
5ou1,6.07
4kyk,4.74
5av0,3.55
6qz6,6.49
5f1z,8.68
3lp1,6.92
4b70,5.2
1n1v,3.85
3t60,6.7
3nuo,9.8
2o7e,6.22
6e2m,5.66
4itj,6.42
5t2b,8.3
4jzd,8.3
6kla,7.25
1x7r,8.05
4puz,8.11
2tsr,7.54
5aic,4.3
2ksp,4.24
5m4i,7.89
5i7x,7.28
1t48,3.46
1y3x,5.14
5f4n,8.66
5aaa,9.42
5cav,6.67
1bqo,7.74
2j9h,3.39
2c90,3.48
3zj6,6.66
5ufr,8.7
1y57,5.79
5uxm,5.44
6dya,6.17
4qtd,5.97
2ycq,9.85
5k0c,5.96
5m4f,7.89
4hai,8.1
5bve,11.0
3uxm,4.7
6dgy,11.3
5tx3,8.85
6qrd,7.0
1yyr,6.29
4zly,5.46
2p7z,6.58
5cbr,5.74
3rl4,5.42
2qlm,5.64
1f0q,6.0
3ask,6.43
3rk5,5.4
4m3f,5.31
5usf,9.16
5y8c,6.8
1ths,7.54
3ttn,7.84
5n24,8.92
4tn2,6.92
3o86,7.15
5y6f,6.85
2l0i,4.82
3qxd,6.15
6u6w,5.33
3ctt,6.35
6rpg,8.52
6h7d,5.49
5g45,3.3
3qxv,8.4
6a6w,5.43
1g2l,7.24
1fig,6.22
1f8e,4.82
4p0n,8.66
5fsb,2.22
4oas,10.0
4ybt,7.0
5wxh,6.15
1k1m,7.4
4zla,7.3
1pg2,4.96
5ld8,8.05
5vsc,6.29
4l0b,7.17
5lm6,5.11
1drv,6.54
4kjv,7.74
4gsy,6.92
5moo,1.31
5lt6,5.41
5a6i,7.25
2wmr,4.28
5edl,8.35
4zjc,8.96
1j16,3.84
1g3m,10.0
6g91,5.49
6cj5,5.19
6eqa,4.85
1ai6,3.97
5kbe,6.34
1qb6,6.06
5a81,5.54
5nxw,7.24
1k2i,3.11
4raq,6.72
3qk0,8.7
2n9e,5.05
5eko,4.8
6n0m,5.82
1lhu,8.83
3bft,6.49
1jlx,5.8
5abe,3.05
3opr,6.59
5ny6,7.87
5aae,7.46
2aof,4.55
3vbd,8.07
3l3q,7.27
4wko,9.47
2i3h,7.4
4d3h,6.43
5i9z,8.05
6e5t,6.55
4jht,4.99
6prt,2.67
3npa,3.87
4w9p,7.8
4cmu,9.7
5ty1,5.21
3lpk,9.1
1y2j,7.48
1v0m,5.1
5wev,6.82
3mnu,7.32
4ohp,7.46
5w6i,6.9
3lzz,3.84
5h7h,3.77
2chw,4.77
3eks,5.7
1iem,7.7
1tnl,1.88
3ml5,8.52
2z7i,7.0
3zzf,0.4
1wm1,6.3
1pxl,6.05
3duy,5.85
2wl5,4.52
1v2l,4.29
6dlj,5.55
1my3,5.4
3ncg,6.82
2uue,6.13
2c6n,6.88
3ril,3.84
2p7a,6.1
3uzp,7.89
1ajn,2.63
2g9v,5.92
4ej8,5.39
3hac,8.17
6rj3,6.4
3pb3,6.22
1jwm,3.57
5hg5,8.7
5drt,5.36
1tka,6.1
5lhh,8.17
1ppm,5.8
3st5,11.3
3u2q,8.22
6d1j,4.25
2v54,4.6
4dst,2.96
4fht,6.17
4bxu,7.0
4wvt,5.31
5aqz,5.48
4x9v,7.85
2ew6,4.97
5yia,5.52
3v78,5.54
4r1v,9.0
1hgt,6.82
6mlw,3.74
1b4h,5.46
4nnw,6.61
1lox,5.52
3db8,7.0
1ggd,5.8
6cbg,3.95
3odl,7.21
3c6w,5.62
4jbs,7.96
4rak,7.85
5zqp,7.74
6fkq,8.0
3a2o,9.08
4m7j,6.11
6ibx,8.7
4zbf,7.13
3hkw,8.64
5fl6,7.36
4eok,5.07
4g31,9.4
1bsk,4.12
3vbt,4.43
5am0,5.88
1ov3,6.72
6c4g,8.3
4n9d,7.72
4kbc,7.85
3vbg,7.48
3bpc,4.8
5agj,6.15
5myv,7.51
6erw,5.36
4b95,4.28
4hiq,8.21
6t1i,5.26
1n7m,5.71
2gvz,6.89
4tzn,6.52
4hwp,7.76
3d5m,8.0
6i7a,4.26
4o2e,8.0
4whs,4.12
2w1e,7.92
6g3o,9.24
1p01,9.46
1koj,6.7
6fo8,7.74
6dnp,5.18
2q6h,3.6
5jog,8.24
4eny,7.05
1a1c,6.4
2nwn,6.3
5u7d,9.3
5ne5,7.41
1atl,6.28
3bmq,5.49
5unj,6.62
1j19,7.79
4tky,5.7
4fse,7.4
5nn5,5.47
3udm,4.48
5hu1,8.66
4zsm,2.4
2g00,9.74
4loq,8.15
4n8e,7.7
4b0b,3.33
3v3m,5.32
4cby,7.7
2zdx,3.19
3bki,5.12
5ccm,8.4
6hm2,7.33
5ezh,4.62
5k6a,4.51
5yc4,4.92
3sz9,5.27
2c6e,9.1
3ime,3.0
2zva,7.96
5hcl,2.22
1dbk,8.1
2i4z,5.7
3f82,8.34
4bw3,6.3
6ipl,3.82
5t5g,5.89
6qpl,7.04
2kvm,3.96
6p8y,6.2
2w6c,8.41
5l3j,6.64
5gmm,4.54
2xg3,4.74
2vx9,7.44
6qqq,5.17
4ovg,3.69
4p10,8.1
3fuz,6.54
2xhm,6.8
2who,7.7
4b13,5.7
3ff3,3.57
4x68,6.57
4jfl,4.98
2hwi,5.52
3wto,6.92
5al4,6.52
4o07,7.38
2pg2,5.77
6c98,4.1
1a69,5.3
4nrb,4.42
3uib,6.8
1gmy,7.35
2c2l,5.55
3new,5.0
4x49,4.53
3tvw,4.43
2x9e,6.74
1xot,5.42
2zq2,6.56
5j64,6.85
5xkm,7.62
6cus,4.89
2qhc,8.96
6jij,6.64
1v0k,5.1
3gw5,9.33
4e3n,10.3
6h4w,6.97
2wos,3.9
2iv9,4.34
4bdj,5.14
6dzx,5.46
5ccl,4.77
3v2x,5.35
5m6u,8.37
4gvm,6.11
1il5,2.66
5tuq,6.35
2gvv,3.9
3imy,9.7
4luo,3.24
5knr,5.85
4mx5,4.55
5tv3,8.09
5fow,4.03
5iop,4.54
3m1k,5.39
4q7s,4.42
3vtr,5.57
5b25,10.24
3h0a,7.48
2wr8,5.44
3qt6,5.37
1m5b,8.01
1ydb,8.24
5jgd,7.96
1v2w,4.01
2rc9,7.4
4knj,7.95
6skc,7.1
5gut,6.29
6jki,6.39
5ixf,5.52
4wkv,6.79
4j86,3.77
5nkd,7.59
4csy,3.06
2be2,8.7
1j4r,7.72
2xz5,4.01
5dp6,4.83
3ahn,7.05
5wpb,3.57
2cem,7.92
1oau,7.7
4pmm,7.57
3l7g,3.3
3tfu,3.28
3c5u,8.19
5w6u,5.49
4dfg,11.74
1gu1,4.52
5wzs,6.55
5w4s,4.03
6m8b,5.36
4aze,8.11
2w6n,6.9
2yiw,9.1
6g2a,3.79
3zxr,7.7
3cz1,7.26
3wz7,5.74
2hzi,7.15
6os6,5.96
4ikn,4.85
4dn0,5.72
4tsz,7.0
4u0x,6.23
4agl,3.65
2e98,6.23
2q11,6.05
4bi2,4.03
6fyl,8.15
1ppw,4.3
4aa5,7.8
6bw8,9.0
6o5t,6.5
3iit,8.02
4cl9,7.3
3u8m,8.89
2yek,7.21
1uj0,4.57
6d4w,5.25
6cwn,6.65
4xar,6.97
6cnj,8.11
5n0f,6.05
6bln,8.8
5t1m,5.82
3h0s,6.2
5u9i,7.31
5dw2,5.84
5j7g,7.24
6h34,9.3
4lxa,8.7
3m3o,3.6
4obv,0.75
3omg,4.72
1ngw,7.68
2b07,6.43
6bh5,6.6
5djv,7.11
5ol3,5.36
3ncz,7.82
6dyu,10.26
5i8c,7.6
2c3l,5.07
4jvj,7.66
1riw,7.55
5lpk,5.51
4aoc,4.27
6n9t,4.15
1gx4,4.28
3s0e,6.55
4nrt,6.0
3kmx,4.82
5t2t,6.29
5eh8,3.1
4y79,7.96
2y8o,5.12
1o4i,2.64
5ar0,6.14
2p9a,5.18
4ohm,7.55
5d10,7.14
4cki,5.96
3o87,7.6
3zn0,4.97
5q13,7.04
1hih,8.05
3fqa,0.49
4kz0,5.38
5tcj,7.38
4hcv,6.4
2ria,2.57
5erg,4.35
1sm3,4.62
6pgc,5.35
4nl1,3.89
2qcf,3.49
6g46,3.73
1ulg,4.21
4ud7,8.13
4ahs,2.19
3ske,7.77
5ura,6.4
3v7c,5.74
5lgn,5.54
3mj5,6.49
3fv8,6.8
5hl9,4.66
5wg5,7.18
1re8,9.52
1cwc,7.8
3bet,5.82
6pg7,4.66
1aq1,8.15
4cik,6.43
6tel,9.96
4mny,5.71
2ydm,7.44
5dex,7.65
5mrb,6.33
5zu0,5.51
1t69,6.32
1ro6,6.46
4ek9,4.42
1ws1,9.55
5oxl,3.25
4ehe,8.49
3l6f,6.99
3we4,7.82
5f1c,6.13
5osd,3.21
5l8y,6.4
5nvv,6.7
6gf9,6.39
6h12,7.68
6fnj,6.85
4r5n,7.12
5up3,7.9
1h37,7.23
2weq,5.9
5jvi,6.51
3f36,2.89
3cwe,6.92
3s0o,4.48
2o22,7.17
3r4p,7.96
3m5e,7.37
6ggd,5.59
5cj6,8.69
3ans,6.25
1b4d,4.81
5aly,6.73
6dtn,6.8
3pj3,5.25
4qwk,6.27
5ale,5.95
3kr1,5.74
1ajp,2.23
5ntw,9.22
4o44,7.85
2f6t,4.62
3p4q,6.52
4joo,4.43
2igw,1.31
6eru,4.53
4w9g,5.26
3l9n,8.07
2wmv,5.04
5jq5,5.63
5mwd,5.72
2ork,2.85
6jad,4.32
2zmd,7.01
4i7m,4.14
3wmc,6.51
2ay9,2.16
5qao,3.62
3ess,6.39
6pya,6.82
3w33,7.44
3gvu,8.0
5a5s,5.9
5a3r,7.78
4bw4,6.2
4zt3,8.0
3ax5,5.85
2i7c,5.07
5fb0,5.47
2krd,2.7
7kme,4.4
4k5y,8.17
3nee,5.34
5kyk,5.8
3deh,6.83
3uxd,4.41
3h0b,5.49
6d59,7.0
4ikt,6.17
5j1v,7.39
5k6s,6.26
4zyw,7.17
2ycm,3.56
5t2p,5.72
1g3d,5.55
4o3u,6.4
4zz2,8.04
3f16,8.23
1afk,6.62
1mqh,6.52
5v49,7.3
2xk8,5.62
3kec,7.24
1hpo,9.22
5esq,5.8
5izk,6.72
6uwv,8.0
2x7d,6.7
6hhp,7.49
3k5k,7.64
4izm,6.66
2yog,4.51
2wev,8.0
5i8b,6.96
5waf,9.35
1ibc,10.25
5ma7,3.47
4re3,8.57
1pbk,9.05
4p4e,6.74
6rw1,5.88
4n98,3.55
2bpm,8.7
3mi2,7.77
3dy6,6.9
2y6c,5.0
4dvi,6.72
3fzt,6.2
6egs,3.59
5f0f,6.0
1gzg,3.05
5oq5,7.7
5nfb,6.11
4ezr,5.2
4zts,7.6
4x3u,5.09
5zk7,6.71
3vfb,9.04
2vx1,6.66
4zb8,6.03
5c4s,8.42
3d8z,3.37
4qga,7.92
3p2k,4.7
1q5l,3.22
2joa,5.96
6e7t,6.89
2j9n,4.7
4ogt,10.0
5z66,6.69
3qfz,3.24
1nu3,4.0
4c1h,4.09
5y8y,7.09
3sh0,5.66
2fme,6.98
3u6i,9.0
1wc6,4.0
6rhe,4.13
5xpl,7.7
4oc0,6.5
6qs1,5.61
5fxs,8.05
2zbk,5.7
2x4t,5.13
4zx3,7.19
5u6j,7.64
4l0s,6.84
4j44,5.73
2kp8,4.0
6gdy,5.46
5txy,5.46
1pwp,6.3
2pvl,7.62
4h2m,5.21
2or4,5.02
2ihq,8.49
4mre,2.19
1v2n,5.9
3u4u,8.52
5djp,5.15
6lpr,7.3
1xp9,8.89
3idp,8.8
1rsi,4.42
5ew9,11.0
4cjq,3.59
4fl1,3.28
1gi8,5.05
3r2f,8.85
3zbf,7.52
4yh4,4.59
6qzh,8.52
4lkl,6.09
3obu,4.3
2bow,4.0
6qlr,4.82
6mtv,5.11
1dwc,7.41
1v3x,7.62
4amx,2.19
3su1,6.68
3dk1,9.74
6i67,6.7
4kiu,3.85
4mg5,5.34
5tuo,6.49
5nzo,2.24
2xu3,6.8
3ex6,3.66
5c4t,7.66
6czc,4.78
3t6y,5.52
2f0z,4.77
4yh3,4.59
5edc,7.66
2zx9,10.27
1swi,3.1
2b1v,5.74
5uit,8.34
5nf9,5.33
4nmv,4.95
5d1s,5.02
5tgy,7.35
1w2k,6.46
4cff,6.4
3erk,4.74
1t7d,6.03
4zzz,7.06
2rk7,4.05
5l3g,6.23
5ov8,4.74
6bxy,8.05
3egt,8.9
1rhm,5.76
6pg9,4.92
5vnb,5.3
1oxr,5.19
5mon,2.48
3iof,5.22
2cbr,6.85
6dcy,5.46
5dy5,6.79
1qpe,7.7
5c83,6.8
3co9,8.0
5jer,3.7
1pu7,3.1
4a4c,3.61
2ql9,9.03
5u6c,10.3
2xyr,6.13
2zm1,6.66
2cni,7.68
3uo9,7.1
5lgr,7.09
1w7x,8.4
4cp5,3.34
5ug8,8.7
1c5t,4.1
3lxo,4.82
2y5g,6.84
5mrp,5.52
5f1r,6.0
6edr,4.55
4c1e,7.14
1bmb,6.15
2ax9,9.52
2viy,5.74
3ijy,6.04
1lfo,8.05
2off,6.52
4ju6,6.17
5kva,5.14
1hkj,8.59
4fev,5.42
5apj,7.4
5iv4,5.48
2dri,6.89
3wgg,4.4
2kfg,2.92
5na0,9.77
4ewh,9.52
2gga,1.96
2v5a,6.82
3qtv,4.65
2mlm,5.21
2qd7,9.1
5olb,7.89
4jvq,6.2
4fpf,4.41
3fzr,7.96
1igb,6.4
5wcm,4.0
3gxl,7.6
2ff1,8.21
6h0u,6.77
4zjj,8.0
1p93,7.72
3djq,2.98
5ii1,5.48
3p1d,2.64
4iqt,6.11
6mqc,8.28
4lpg,4.25
5edd,5.24
6imb,4.23
1x11,6.49
4gki,4.46
2r3m,8.0
5d6j,4.44
3rjm,6.61
4n6g,5.47
6f26,7.62
1tow,6.24
2vnm,8.52
3fkv,7.57
1inf,5.0
2qnb,5.34
1f74,3.05
4lc7,4.93
1mai,6.68
1yon,4.21
5ep7,5.4
3zll,6.4
5wag,5.21
2tmn,5.89
3q7q,5.65
4zun,4.59
4qf7,8.6
6nsq,8.1
1urw,8.52
6ma4,7.35
1vzq,7.44
4er2,9.3
6dzy,5.52
5ech,3.8
4lh7,4.47
5wbk,6.03
1f5l,5.28
4mqp,4.98
3vuc,9.05
1i5h,4.28
4rz1,7.4
4q08,6.3
3g6g,8.55
4bgx,1.77
1t4j,5.1
6cms,5.82
2bmk,5.62
2i72,7.43
5d75,6.7
1kkq,6.62
4ht6,6.21
6aum,9.1
3hs4,8.0
4i9o,5.72
5iug,7.33
3zy5,6.64
4hs8,7.92
3ce3,8.74
5f94,8.47
4yho,10.74
2i6a,9.05
6pfj,6.41
4mzs,7.92
4bzn,5.84
1gah,12.0
5ngb,7.72
3wt7,8.75
6iby,7.82
1ezq,9.05
6om8,5.16
3o9p,6.52
2jbk,6.4
5vsf,7.03
3e9b,5.35
2wbb,6.04
4idn,5.24
2x6e,7.82
2qk5,8.1
4uj2,7.1
4uhg,6.27
5tq7,7.67
3wzj,8.18
1w84,4.46
4utx,5.24
3ibn,7.61
2wej,6.08
3rx5,6.27
5x4m,2.92
4mep,5.33
3nii,4.23
6u9v,7.4
4iwz,7.29
4og3,6.55
5zxk,5.48
4rgd,3.94
1joc,4.62
5ehy,6.09
5vt4,4.35
5tkt,8.49
2r05,5.15
5foo,2.62
6oe1,8.51
1j14,4.49
6dzq,7.37
2lwi,3.11
2a5u,8.1
3kdd,8.46
3fjz,4.05
6ob0,4.96
2kbs,5.0
5tqf,8.3
2an5,5.68
1w14,8.52
3sm0,6.13
3hik,6.35
6pf4,4.8
3gxz,7.89
1b4z,5.23
1aj7,3.87
6e92,7.46
2c5y,6.6
5klr,7.72
4mc6,9.59
2vvu,8.1
4q18,6.13
4ef6,2.92
6hvi,6.42
2fqw,6.68
2r43,6.0
3n2c,5.12
3gwv,2.6
3uw5,7.85
5jt2,7.47
5vp9,8.99
4yyn,3.96
4kip,8.15
3qzv,4.16
4k7o,4.3
4ej2,2.49
5e8z,5.91
5c2o,4.55
1w3j,6.32
4j0a,6.8
5if6,7.23
4jzf,6.76
4io5,5.03
5nwz,9.1
2o5d,5.15
3dne,5.22
3t1n,6.1
5w7i,4.95
3t0b,4.3
4o4y,7.81
6fex,7.54
5uey,8.29
6udu,9.3
4f20,3.29
6gh9,4.48
4r75,7.24
6g7a,6.78
5hm3,5.17
1o3b,7.13
5ose,3.17
1s63,9.05
3rtp,8.15
4dtt,5.54
6cjv,5.66
2qnp,6.41
6pi5,6.96
2fyv,3.52
5u7i,7.18
6dzv,6.4
1ftk,4.84
3hvk,8.52
6pg6,3.7
4exz,7.54
4u6z,5.41
4rss,8.77
5z99,6.88
4eft,4.07
5dxt,9.7
4ool,6.85
4qzs,7.05
2xj2,7.18
6abp,6.36
6o0m,9.34
3sb0,5.26
4x6i,8.0
1y6q,11.7
2aie,5.66
2ow7,4.85
1y0l,9.0
6clv,4.88
6iae,4.7
5u14,5.34
2vti,6.18
3iqj,4.93
6hoy,4.48
3nf3,6.2
6rot,6.32
5h1v,4.0
5d3l,6.06
4zba,5.51
6p88,4.52
4jju,6.29
5vio,8.62
2gg8,4.6
5m25,8.19
5cso,6.03
6kdi,6.72
1abf,5.42
6htg,7.17
3nw3,6.49
3bm8,3.54
4dcd,5.75
5f02,7.44
2z7r,9.52
5w38,7.33
1css,6.1
5f1x,6.11
3ejt,7.36
3db6,6.14
4cpt,7.7
1maw,1.1
5qik,7.66
5egm,8.62
4ktc,9.0
5aiv,6.19
4xe1,7.11
2vtq,6.85
1icj,2.22
6g2e,5.01
3fvl,6.07
5lgq,7.05
5uoy,7.57
1gfz,4.0
4ayv,9.17
4l34,6.94
3g42,6.85
4fxp,4.09
6u26,6.97
4mvy,7.54
4ibm,5.74
1lev,5.6
1duv,11.8
2jg0,7.82
5nxx,4.77
6n0j,5.37
6guc,7.6
6g2o,6.77
3dba,8.0
4d8e,7.01
6om2,7.75
2a3c,4.43
1qng,7.89
5nai,6.1
3mks,5.72
4jk5,7.55
3wf8,6.63
4euv,6.3
5wex,7.18
3au6,7.92
5cxh,8.3
3zjc,5.05
5ii2,4.89
5u2j,5.92
5yjo,7.17
4av5,7.21
5dlz,5.74
2ioa,5.49
5nf5,6.82
1x78,7.85
3kqw,4.01
4u5o,2.42
6n19,3.02
4um1,5.77
4jft,5.46
2buc,7.0
1i9m,8.48
5i56,7.32
5c4o,8.21
5yjf,5.74
5lgu,7.66
1b2i,5.51
4jlh,5.4
4rvl,7.38
4n00,8.02
4yb6,5.32
6hah,4.81
1rin,3.15
4bi7,4.58
4cu1,4.71
5yf1,3.28
1njj,2.1
2e9o,7.7
4g55,4.92
2oxd,6.82
2qrp,6.2
4klv,3.78
2ggb,4.92
3eos,8.4
4bo3,6.52
4y8c,7.96
3el7,6.32
1p10,6.7
3ozg,9.19
5zbz,4.95
3mpt,6.6
4i11,4.57
3whw,8.22
1z6s,4.34
1o3e,7.96
5g3w,7.38
4wj7,4.89
1rgl,4.43
3fzc,5.39
6egw,5.57
1dis,11.0
4ibi,4.14
1dqn,8.0
4ckj,4.84
1pi4,7.43
6afl,7.0
1ayu,9.15
3tia,8.51
2xyd,6.82
3eg6,5.77
4d0x,8.1
5ajw,6.98
3m8p,8.68
5zoo,5.65
1ec2,10.0
4xhv,4.3
6bo6,7.1
4bdc,4.93
5inh,6.0
4ps3,8.7
6nw3,7.66
3zm4,5.96
5ey0,2.65
4qvl,6.53
6ott,5.42
5gub,6.2
4lv3,5.49
4wm9,6.92
5a3s,8.68
3bbb,7.0
4mr3,5.94
6pz4,9.4
2duv,7.06
3snl,9.15
3koo,7.82
4rs0,6.0
4ov5,7.43
3vw1,4.67
5eef,8.32
1e5a,7.64
4men,3.9
6gl3,7.96
3fuj,3.63
3b92,8.0
3c4c,6.8
3msk,4.59
5f6v,2.24
2wxv,8.7
6bqh,9.8
6fzu,3.67
2yj8,8.19
6f7c,5.9
2jxr,7.05
6ahi,3.6
5tdb,5.84
3zeb,6.13
1ozv,1.44
4ha5,7.24
3rin,8.89
6aff,5.41
2g63,8.17
2xvd,8.7
4y83,7.77
4kva,3.94
5ta6,8.82
4hj2,2.53
5kab,4.68
2v7d,6.59
1clu,8.27
4z7i,8.11
4mw2,6.7
4jpa,8.48
2fx6,3.7
5l4e,4.61
5u4e,6.35
6dne,7.48
5i2e,6.64
5dtw,5.46
4ujb,8.0
5mwp,7.5
4qf8,7.51
6ql3,7.0
2rjs,2.28
3n5u,5.92
2koh,5.22
3tv4,6.96
6gnm,4.26
2upj,7.39
2itz,8.59
6aqf,8.67
3rxf,2.6
2q1j,9.1
2xdx,6.46
2i0a,11.4
1i37,9.57
6ary,7.6
3kr2,5.14
3esj,3.03
5o1i,5.4
4wmy,7.07
3fpd,6.15
5d6f,4.37
1v1j,4.82
1i7g,6.0
4m3m,9.05
3jwr,8.07
4o43,4.3
6p86,4.7
3kqm,3.77
2h8h,8.57
3hzk,6.7
4jzb,6.47
3rv6,4.68
5ewz,6.34
5t19,4.49
5jq7,4.8
6g8j,4.76
3bxs,5.1
2web,5.12
2fes,9.01
3f8w,4.08
4ynk,8.3
5o0j,4.77
3k54,9.0
1x8t,7.8
5yqo,6.09
4xta,5.43
5wxp,3.35
2vwv,4.8
1uz8,4.96
6qmt,6.92
2q1l,7.91
3u6w,6.92
3m58,5.48
4ris,6.05
6bkh,8.89
6h7n,8.46
6e06,4.26
4gbd,11.32
2yc5,7.46
1d7x,8.52
5m9w,2.24
4qvm,6.35
6fnx,4.9
5m4q,3.51
5uwk,8.64
3p3r,7.25
4ibb,3.57
4ly1,7.26
4j0t,6.74
3umq,4.62
3i5r,4.4
5nsp,6.47
5q0g,9.74
3wab,7.47
5k8o,5.96
3ljt,6.89
6ema,4.53
4qq4,5.74
3vbv,5.0
6hgx,7.11
2xyf,8.44
2vh0,8.51
6f1j,4.62
6afh,6.12
5ael,7.41
5wa7,6.4
4y87,7.24
5m5d,3.95
4jpe,7.32
4fqo,5.16
5kv9,5.85
1ctu,11.92
2wor,3.9
4u0m,5.77
5k1f,4.79
5q0d,9.0
1d4p,6.3
4lm3,2.92
6o50,8.55
4b1j,7.3
5ehr,7.14
4u45,8.0
3rey,8.0
2i4v,11.2
2xne,6.72
2wyf,4.43
1bm7,7.52
5mfs,6.48
2oei,3.91
6chp,10.12
5le1,4.97
3cth,6.96
5eyk,8.52
6f5l,9.19
4je7,6.4
3drg,7.0
5x4q,7.11
5hyq,6.82
3lbl,7.44
3lrh,7.35
5u0e,5.11
3gen,9.14
2yg2,6.05
5ugb,6.79
6esj,5.68
4asj,7.55
1hvy,6.54
5lj2,5.0
3cm7,6.57
4nie,7.7
4dei,9.0
3bra,2.7
2f7o,7.44
6jmf,8.59
5zt1,4.67
5z1c,2.86
6fi4,5.66
6kqi,8.06
2esm,6.28
1h36,7.74
4mf0,8.08
3e6k,5.15
3cm2,6.47
2i4x,11.72
6gj6,4.7
6hax,7.59
3kbz,6.91
3bv2,9.36
1od8,5.1
4ht2,6.54
5mmp,7.52
1g7q,6.06
4lxb,8.15
1z9y,7.19
4frs,8.77
4cxy,4.93
1jjk,11.06
1rbp,6.72
5dxb,6.28
3bti,6.14
2wkz,8.77
3ap4,3.92
4xv3,7.92
3sio,8.0
4axm,7.89
1ukh,6.38
3gqz,2.17
4jmx,7.21
4y7r,5.03
5e2l,4.03
6n3f,6.1
4zz0,7.0
6dvo,7.22
6o3y,4.42
3g2l,3.87
5os5,3.39
3q3k,8.13
1c5c,6.96
1hc9,8.72
6qad,7.85
4uct,3.12
3sgt,3.82
1zz2,5.22
5jfu,8.07
6a1c,8.15
4csj,8.31
5e3a,5.44
2zdz,6.15
5twx,7.52
4hxs,5.39
2xke,5.38
4bid,8.1
4uj9,8.7
6mx3,5.14
5jfp,9.32
5aqj,2.68
1g4j,8.7
4hlk,5.96
2sim,3.42
5el9,7.64
5j7s,7.3
4j5b,6.22
5o0b,4.18
1zgb,8.06
1pxk,5.66
3ncq,5.36
4eqc,8.1
2fgv,6.12
7lpr,7.18
4fgt,5.41
4ztr,8.3
5fb1,5.92
3atv,5.34
5v0n,7.17
6bcy,4.81
4rn0,6.59
6hlz,7.33
1w31,3.6
1nox,7.05
6knh,3.55
1xn2,10.52
3l5f,6.22
5yhg,6.02
1qjb,6.38
5tyo,8.21
3atu,8.3
2psv,7.24
6o9c,7.55
1ox9,5.21
4yjn,7.92
4at5,7.42
4k42,6.55
4n4s,6.88
4q83,4.19
5o1f,4.52
4nq6,4.28
1cx9,6.75
4k67,3.43
5ixt,4.6
6b67,5.05
5ka7,4.35
3l7a,4.33
4mx9,8.59
1a4k,8.0
2a0t,4.82
5vdq,3.67
5wbp,4.36
4c1m,7.8
5f5b,3.95
1o2z,6.11
5niy,4.22
5cp9,3.51
1rjk,10.0
5usq,7.0
1fq8,6.03
4lm4,3.04
1s5z,3.21
6q35,4.82
4agm,3.98
5oqu,3.61
1exw,3.9
1d4i,8.85
3f88,8.64
1wvj,6.73
4qmw,7.07
5anq,5.4
5hvp,7.7
1qw7,3.6
3ldw,7.97
6nfz,7.8
5e74,4.41
4pp3,7.82
6fuj,4.3
2wig,3.43
4uc5,5.48
3rxk,2.68
4yy6,4.22
5mhq,6.96
2pyn,7.57
3n2u,7.84
5nud,7.49
3bcn,7.12
5wlg,4.72
4ge2,6.05
4qsu,2.0
3krj,8.96
3zw3,7.47
4avt,8.06
3i4b,8.15
4nyt,2.39
1xow,9.28
3axz,3.43
4e49,5.11
6uyx,6.0
5du4,5.25
3ekx,9.41
4j26,5.44
3pkb,6.21
1kav,5.82
5fot,3.17
3p76,8.68
1drk,6.82
1pgp,5.7
1erb,8.1
1gym,2.7
4lnw,7.04
3bla,8.7
1esz,6.52
2uwl,8.4
5dx3,7.41
4ojq,3.3
3cst,7.41
6ha4,3.97
5mrm,5.03
4kza,3.7
3q2j,4.18
4qsk,5.1
5j71,6.96
3ur9,6.31
5etj,10.18
1iy7,6.19
3tib,6.89
5qab,3.65
6p3t,7.32
1o2x,5.85
5vcx,5.55
5nwe,4.88
3kn0,3.6
3vjk,9.43
5ai5,7.03
5q16,7.87
1mmp,6.07
3zp9,7.82
4hup,4.82
2xp8,4.82
5std,10.49
4mnx,4.75
4jq8,8.1
2os9,2.24
3gba,9.07
6b5o,8.33
4b7j,7.95
2v3e,6.52
4k9h,7.12
5fhn,5.9
4wmc,8.05
6gw1,5.14
2ceo,10.0
4fzg,7.72
1gyx,2.48
5ofi,4.2
2brm,5.89
2d3u,6.92
2jnp,6.89
3zmz,4.74
1swk,12.0
4yff,8.0
2p8n,3.15
6npi,5.7
5ufs,8.49
6pg3,3.32
6h4a,7.38
4pnr,6.34
4m4q,7.96
4cwn,5.59
4ps7,7.41
4f9g,5.62
5org,8.4
1xbb,5.3
4bdf,4.09
4bnv,7.52
1hi3,4.19
4ezq,5.2
6q30,5.52
3rj7,7.6
5zdf,5.7
3qpp,7.92
5tz3,6.85
5zh3,4.67
3qs5,4.71
3rwh,7.4
5w8j,6.43
2cmo,6.4
5uff,4.24
2gss,4.94
5vd3,5.55
5uhi,8.04
3pwd,6.66
4k2f,7.4
3v3b,7.26
5o2d,5.68
3qai,8.1
2igx,7.27
2wb5,9.13
2gtk,6.6
3d50,4.77
5dry,7.7
6kzd,8.53
5j19,6.6
5huy,5.03
6b1y,7.4
3np9,4.4
6h4x,6.88
2pgj,3.59
5znl,8.77
4abb,4.51
4u01,8.46
1zs0,6.15
5hwu,5.27
3jzp,6.6
4hw7,7.21
3rdq,9.31
4xgz,7.62
2y1g,6.15
1nqc,7.3
2ggu,3.03
2q9m,7.21
3gta,4.28
5l72,6.8
5lny,7.38
5xxf,5.74
4q1f,8.04
4ehg,7.19
1xbc,7.92
4yym,3.62
2nd0,3.2
4pd9,3.33
5vil,8.82
4u0f,5.92
4ycl,8.15
2wmw,6.41
6jon,4.88
5flt,2.89
5zun,9.19
5t8q,4.16
6mm5,4.54
3d94,6.8
4jmu,5.47
2doo,7.17
1pyw,7.7
3udp,5.22
1ftl,6.0
3l81,4.53
4kv9,3.84
4jg8,8.6
6iot,5.24
5yu9,6.74
6sfj,7.74
5eh5,5.87
6mm2,5.41
3mag,4.07
5npf,4.24
5bpa,9.0
3d0e,8.4
5v82,10.15
4ear,9.82
5k13,8.74
4qgi,3.9
4mwu,8.49
6b1x,7.4
1o2v,5.85
3zn1,4.54
4lzr,4.7
4abf,4.62
4xii,6.6
1v48,7.8
4nak,5.85
3tdu,5.67
6bsk,6.92
3gww,0.45
5hct,7.6
3eio,6.65
5m63,6.96
1g9b,5.3
1b8n,10.52
4j93,4.7
6o2p,8.18
6dkp,7.44
6oio,6.54
5q1h,5.1
3oy1,7.8
6fi1,2.15
3hdz,7.29
2mwp,6.05
4af3,7.51
3t83,6.98
3s3k,4.01
3zyh,4.29
3kjf,4.87
4j1p,7.05
5lh8,7.72
1oiy,7.19
1rw8,6.76
1ppk,7.66
6g29,4.33
5yhl,7.74
4eg5,8.1
4deb,6.43
4erk,4.57
1w22,6.76
5ef7,9.0
1h28,6.52
3aau,5.05
3i60,8.7
4wy3,3.62
5eel,6.08
2v5x,6.66
1nzv,6.4
5jm4,7.42
3ru1,4.85
4o1b,6.41
5ab0,7.59
3iww,7.96
4z1e,8.24
4anu,7.68
2ao6,9.28
5t2g,8.1
5y80,8.79
3ogq,7.52
3u4o,7.28
6m9l,7.54
6g98,6.15
3w2o,5.08
5kmh,4.62
1hnn,6.24
4lqy,3.89
2f01,13.0
3d7k,4.6
4ufl,2.64
6gzl,5.14
6bfa,9.0
5ho6,6.69
1k9q,3.15
3mg0,9.25
4b6o,7.0
4dk5,8.4
1g45,8.64
3h1x,5.89
5d21,8.38
1qyg,6.85
4pow,6.3
6abk,1.95
3ft4,5.93
5prc,4.89
2g0g,6.29
3n8n,4.57
1uyk,4.77
3h2a,3.96
3wf6,7.48
1no6,4.41
3rbu,9.43
4b82,4.39
3qbn,8.23
6mhm,7.54
5l99,3.32
1azm,6.1
6dyw,10.44
1vja,7.7
4jv8,5.85
2h4n,8.7
4ido,4.93
5t1k,6.28
6tl2,5.44
5xvu,4.65
1ax2,3.99
2jdu,6.72
2fou,7.1
6fzx,8.15
1e1x,5.89
6g37,7.37
6un3,8.64
2xx2,7.3
5t8j,9.0
3igp,7.02
3td4,5.66
6u5m,6.29
1cs4,5.57
5exn,7.64
2n7b,3.55
2p3i,3.48
6hkz,9.89
4txe,5.62
5ndd,6.46
6i5n,5.85
3cyx,8.0
5o1d,4.66
1x38,8.77
5t27,7.1
5uex,8.82
4glr,9.46
4ret,7.59
2vk2,6.89
4fak,4.28
3rz0,7.55
5wyz,7.68
1a8t,5.8
2y77,6.6
2ajd,10.8
6bky,6.57
6jt3,8.3
1b5j,7.43
4oow,5.37
2jdk,6.54
5g2n,7.03
2pym,6.82
5tob,8.82
3bel,7.85
6pit,5.92
4cwr,8.3
3fvn,6.77
5ap7,6.29
4en4,5.52
4mq6,6.47
4x1q,5.3
5tqe,6.72
6f0y,5.11
3n87,4.96
3ant,8.07
5sys,7.36
4f7v,5.38
4ark,7.2
3fq7,2.52
4x50,7.75
6ex1,7.31
6cze,4.03
5dv2,2.9
6fyv,7.96
3mmf,7.43
4eqj,5.6
6b3e,6.99
4ds1,4.75
5nne,4.71
5n9s,8.62
3bhb,8.47
1apb,5.82
6akw,7.22
3sz1,4.66
6dqb,6.49
6peg,5.16
1sts,5.0
6i96,6.68
2aeb,8.3
6skd,5.8
3t8v,6.59
5j59,7.3
6n97,5.15
3i9g,8.96
5y61,1.72
3ral,7.0
5tzx,7.28
5i3v,7.8
4ewr,6.27
3ms9,5.22
3ql9,6.3
6j9w,5.13
4iuu,5.65
6te6,6.57
2jjk,8.05
4n9e,7.82
1lf2,7.52
2j34,7.82
2aoh,4.44
6boe,5.54
6qlp,5.28
2op3,6.31
3shv,6.66
4og4,6.02
5mxr,5.21
6g97,8.38
5h5q,5.74
2mpm,5.89
6s9b,5.68
4lar,4.68
1tl7,7.92
3l58,8.1
1xom,7.96
2m3o,5.3
3p8n,9.28
5nvy,6.12
5n7g,4.58
4pum,6.73
4x7h,7.38
3f9w,4.72
6coj,6.4
4hze,6.29
1sje,8.22
2r5d,10.15
1axs,7.77
1ibg,8.55
3lfs,5.6
2rcn,6.0
4zme,4.3
1o3g,7.96
3txo,8.05
1n8u,6.03
6r8o,8.22
3dow,4.94
1thl,6.42
2p3b,8.48
5nzq,2.03
6f6i,3.19
5ox6,7.54
6evq,2.0
4jfw,6.34
6c7d,9.77
1ft7,5.18
1ztq,8.89
6i13,5.12
4cpq,7.74
3h0v,4.82
2fgu,9.18
1h3c,6.51
5q0r,4.57
3qar,6.49
4iwd,9.0
2uwp,6.81
5a14,7.3
5k03,4.74
4jpx,5.15
4pb2,4.8
3vrv,10.54
3dkg,5.0
4cfw,6.29
1onh,8.21
5een,8.96
4wz5,5.51
5kcb,6.0
4b5w,3.33
4ptc,8.96
6t1o,5.59
3frg,8.4
1xn3,7.4
3l16,7.48
2g1q,7.36
5jgb,7.89
2liq,5.85
6bfd,8.3
4lh6,4.11
1uom,7.72
4wkc,12.68
3ta0,3.47
4bfd,7.02
6cqf,8.35
2r9b,6.57
3fi2,7.6
6n87,5.66
2l6j,6.26
6cmr,6.61
1hgi,2.68
2j2i,6.7
5w6e,8.04
5yqn,4.03
1azx,9.4
4br3,5.72
3inf,7.4
1ga8,1.8
1xn0,6.24
3hjo,6.52
6dcz,7.17
4xkc,5.87
5acx,5.05
4or6,5.31
3hvh,8.52
4p74,5.0
3d62,6.1
1nok,3.15
5axq,10.1
5o1e,4.48
6e7s,7.18
5hki,2.8
5n93,8.66
4nrl,8.62
2vwn,8.0
2fqy,6.57
6oa3,6.4
5dw1,7.1
5hfu,6.89
1nfu,7.74
5aqk,3.65
3ndm,7.96
1ii5,6.62
6agp,5.05
2gnl,7.24
3zyb,5.38
5ew3,8.92
5j4v,5.85
5ioz,4.96
2z5t,5.62
3l5b,3.91
3r16,7.3
5zk9,7.34
4o70,4.72
1m74,7.0
2fvc,7.49
5m57,4.92
3wdd,6.11
6b7d,4.28
5ho7,4.77
2c4w,4.7
4hkp,4.55
4bdi,3.64
1b46,5.28
6fgg,4.77
4uw1,7.72
5ajy,6.3
3k1j,6.4
4css,8.46
2v58,9.09
4e5i,5.3
4bxn,8.0
4xhe,10.3
5k09,6.0
5h6v,6.68
4mbj,7.21
5ajz,5.7
1uyi,5.39
2nnv,7.52
4dhs,4.8
3cgf,6.57
6pyd,6.81
5nmg,5.75
4wyo,6.95
4ybj,9.28
5wxf,4.48
5q0i,4.25
4aj1,3.11
3c7n,6.7
5wqc,8.96
2z1w,4.08
1o5a,6.42
6b1e,7.47
4og6,6.71
1m0n,2.22
3psl,6.89
3eid,6.35
3aya,4.33
6b33,8.12
5uyu,9.51
4zed,5.12
5fh8,6.77
4o12,8.7
5fqs,7.36
2f5t,5.17
3nif,5.1
5j8i,8.29
2xey,5.19
4b0c,2.07
1rbo,12.72
4b6s,6.01
5ap2,8.48
2gtv,5.15
5kdr,8.3
5mm9,6.42
1lhg,7.1
3rl7,4.74
4avw,7.62
4hws,9.1
5dt2,6.82
4rvm,9.0
6cz3,7.25
6dkb,9.15
2piy,7.7
4f08,6.6
5ier,4.89
4pce,5.15
4wri,9.01
6ow7,9.0
1b51,7.37
4amw,1.55
1utz,5.85
1rlq,5.1
6rvf,6.14
7std,10.72
4nan,4.72
5i2r,7.72
2v59,7.74
4j3d,8.28
2zfs,6.54
2vur,4.52
2hmh,7.15
5sym,6.55
5ya5,6.72
6fgl,4.62
2cgw,4.76
1h07,5.52
1hwr,8.33
4u0d,4.31
2qmf,8.52
1nd5,8.4
3vvz,4.58
6ps4,9.89
3i6m,6.46
1bo5,3.6
3zsy,3.23
2nng,5.36
1bv7,10.3
4txs,3.0
2xiz,3.89
5nvx,7.05
4x0z,3.15
1mu8,9.0
3qiy,5.34
1sqp,8.2
2c6l,6.57
6bij,6.05
3wt5,9.54
4uxl,10.6
4f70,5.74
3nm6,1.35
4o76,6.89
3zsq,4.96
5ot3,5.23
3mwe,1.54
5tbe,8.97
5efa,4.83
6mo5,9.52
1w1d,6.52
6rfn,6.7
2xef,9.84
6p8x,5.56
1b74,1.3
6nzf,9.04
6aom,6.2
4py2,6.57
5i9x,7.52
3hxc,5.28
2qch,3.6
5nx9,4.6
6oz6,7.28
1yc5,3.0
6b31,8.44
5qax,3.8
5toe,5.6
4erq,7.12
6d1d,4.47
5ipj,8.89
1f73,2.39
6r5f,7.7
6q89,9.85
3n2e,4.96
3ej1,6.92
4cjp,3.32
6ced,5.82
2las,5.74
2uzd,6.74
5fi2,7.15
5fi7,7.4
6q8c,7.68
3zxv,7.31
4qye,5.92
2x0y,4.6
3tfp,6.47
5ta2,7.96
6f22,8.7
3dpd,5.78
1c5p,4.68
4d85,6.85
2bfr,5.25
3o9b,12.3
3b7u,7.74
5oss,4.55
5v41,6.15
2uup,3.98
1ypj,7.02
1wug,5.8
6nrj,7.44
4ui5,6.78
5kj0,6.89
4do4,7.29
5eb2,1.11
6esy,5.59
3sk2,3.61
6bhh,3.76
6hcv,8.3
1hkm,8.72
6q60,5.71
5a4l,5.41
4lmn,10.3
3hmv,7.3
2fzg,3.38
3zha,6.0
4zyy,8.05
3fnm,4.71
3chf,5.37
5upz,9.2
3dp9,9.68
5bpp,4.8
2iok,9.0
6d56,8.05
2brn,5.26
3n7s,7.7
6h8s,4.42
3zt3,2.86
4x8g,6.0
4qfn,4.12
5d0c,5.63
5hi7,7.85
4os6,6.44
5v2q,8.28
3r5m,4.34
4od0,9.04
6qgf,6.0
6b7b,2.89
6alc,7.51
5kzq,8.28
3qiz,5.21
1zdp,5.74
3adt,4.55
4ca4,7.18
5yy6,7.62
4b6u,5.11
5q0p,7.41
2gh9,6.0
3qxm,7.48
4i9h,7.17
1bji,8.7
4e1e,6.31
6o57,6.29
6frf,7.4
4h36,4.27
5es1,8.34
3dhk,7.33
3pvu,6.54
6ntj,6.47
4z90,4.66
2i4t,9.0
5kxc,5.26
1jjt,8.05
4wmv,4.03
4ba3,5.54
4k8s,7.44
4x8n,6.62
4led,2.3
5mim,7.34
3b7r,7.7
1x8b,7.01
5ia4,7.28
6gih,4.36
2qd6,8.68
2byh,6.59
4u0i,8.22
5l01,7.48
4ozl,4.97
3rse,7.0
6dm8,7.28
2j7b,6.62
2xzw,5.29
1bnt,9.8
1pxm,7.22
5of0,8.63
1n0t,4.91
3zlr,9.26
5y48,5.85
5jin,5.64
1fao,7.37
1ctt,4.52
4bib,6.6
6cho,6.78
5dh4,7.24
3ho2,6.95
5a5v,7.48
5xih,7.15
1tet,6.08
1lvk,5.92
4wzv,9.37
4dpy,5.37
4pyx,6.14
1x0n,7.7
4bjx,7.66
4s3f,6.24
5ovh,6.55
4yqm,7.51
4acd,8.31
5cqt,6.91
2c6k,6.14
4fkk,9.3
5klz,6.37
1p17,2.82
3ts4,8.72
6n82,5.96
3mhc,7.96
4xjr,5.32
5l2i,7.4
6d3z,8.92
6fjm,6.24
6plf,6.67
2qoh,7.7
4mwc,5.87
2xd6,6.19
5svl,8.55
4cp7,8.11
1u6q,5.88
5tzh,6.17
1z1r,9.22
3ivi,7.92
5cyv,4.96
4uiw,7.3
5ime,8.34
4b2d,3.7
4o7a,4.72
2wf0,6.68
2b55,7.02
4elh,8.09
6mso,5.42
3qx5,4.2
6hwz,5.17
5bot,4.41
2fix,6.24
2rib,2.82
6sq0,9.1
2wey,7.12
5cpr,7.56
2zz1,4.54
2yjc,7.66
4b2i,3.0
2n06,4.92
1lhw,9.08
3ibi,8.59
3cd7,7.84
3py0,6.89
2ww0,5.3
5l6o,8.22
5yov,7.68
6dry,9.43
4f64,7.2
4qt2,6.32
2yig,7.1
3sww,8.4
5aol,2.32
3gfw,7.57
5dtr,4.41
2w68,4.74
1a46,5.7
6r7j,7.4
3b25,6.07
5ism,9.15
2f3f,6.72
3uf9,2.11
4c4j,8.52
2ylp,4.3
3wav,6.74
1wzy,6.25
3gk1,4.1
4tv3,8.72
4pis,7.22
6eq1,4.61
3vf7,9.1
3l4x,6.89
1u9l,5.02
6er3,3.24
3dwb,6.19
3oaf,8.8
5a2s,7.7
3mof,3.07
3hrb,7.68
2j4z,7.19
2wib,4.93
4k6v,4.63
5v6u,2.26
4odk,3.8
2qcn,5.0
6bmi,5.05
4y46,7.96
4tw6,4.21
4ycu,5.48
6cdm,9.09
1axz,3.2
1wcq,6.26
5l0h,5.64
5he0,6.82
3pp1,8.49
5l2m,6.89
4yoz,6.8
6n55,7.87
5f39,5.1
5d1r,4.84
1uz1,6.89
6d8v,5.42
5c8m,7.19
2v10,9.4
4qem,7.8
1h3h,6.66
5hdx,7.32
6huc,7.59
1v7a,8.01
2v2q,4.15
6ccl,3.56
4tmf,5.48
4b8y,8.05
4pio,5.7
6oe3,8.32
1pcg,7.6
3rv8,4.92
4l7b,5.64
3so9,8.56
2ole,7.25
4fnn,7.57
5mlj,8.85
3fhb,5.7
6fn9,3.55
3hbo,5.09
4h3c,5.72
3shb,6.03
2x7t,6.63
5lpl,4.92
5mz3,6.66
1fjs,9.96
1ow8,5.4
2xei,10.62
3ecn,3.16
1uw6,7.34
1ijr,5.44
2n1g,5.64
5g3m,5.66
4rad,7.1
6r0v,4.96
6pvz,3.47
4d62,2.44
5fsc,2.36
5unf,9.47
4x7o,8.7
4cfm,4.74
1g48,8.41
3img,2.96
2yof,4.6
3cke,6.1
5uv1,5.62
3rul,6.85
6ovc,6.52
5ztn,8.3
4mpe,6.37
4rn1,5.0
1x70,7.74
4i6f,8.3
6g9s,8.0
5muc,6.04
2g6p,6.22
1bmm,7.1
3axk,4.15
3puj,4.51
3g1d,3.48
5ka3,4.59
5ks7,5.32
3unn,4.4
1ule,5.92
3d1z,8.8
1y2b,4.09
6ezh,7.04
4z2o,4.51
3uvw,5.17
2qu3,6.23
3lnk,5.94
3d2e,6.42
1t1s,5.15
5wj6,7.57
4xx9,5.08
5wlv,8.52
6q8b,7.53
6p85,4.99
4za0,7.21
5bms,6.34
3vva,9.32
4eeh,4.35
5fum,4.74
1uwu,5.98
4c6x,3.76
5n53,2.55
4tjw,6.02
6eiq,6.42
3qsd,7.19
6gji,3.87
6ce6,5.1
3iwy,7.28
2ftd,10.39
1c7e,6.3
1ywh,7.79
5x73,6.74
4hyf,7.6
5jhd,4.52
4r4c,5.54
2e7f,6.1
5x4p,5.03
5eis,5.74
2uw5,7.51
6c91,6.19
4l7o,4.88
5jcj,4.42
4tmp,5.43
5k5n,8.05
4lwc,6.72
1e4h,8.41
6nvh,7.95
3q71,5.22
1ogg,5.19
4jkw,4.16
5ttu,7.33
3og7,7.51
5aen,7.22
1b3g,6.7
3suw,4.7
2o1v,5.3
1fwu,3.7
3zcz,6.77
4de5,3.15
4xg6,8.01
5zqr,7.97
5kre,7.23
3lw0,6.4
4bgh,8.4
3wf5,7.09
1v2h,5.3
3pka,6.27
5t92,7.8
2r3t,5.85
5arf,6.27
6hjj,5.77
4mbl,8.54
1mtr,8.4
4q9m,7.18
4n9c,3.9
2xe4,7.16
2wfg,4.42
4ijq,7.52
6pht,3.41
1joj,4.22
2hy0,9.19
3qio,6.84
2c02,4.04
3tct,8.52
3vc4,7.62
1i3z,6.88
2rfh,6.82
4xu2,9.23
3v8t,9.52
4knm,8.0
2etr,6.82
4nms,4.94
4q1n,9.7
1hv5,8.3
5aku,6.82
6q3z,7.36
2wj1,8.72
1k22,8.4
5lp1,9.4
6nm4,7.06
2vcb,5.26
4f9u,6.03
1bnw,9.08
3lhs,9.0
5n8j,5.54
3ued,4.53
1v2m,4.29
3lp0,6.96
3g5d,7.96
4awp,7.09
1mzc,10.22
4w54,4.17
1dpu,6.0
2pyi,3.75
4y5h,7.82
4a4w,7.72
2afx,5.15
3qi3,3.78
4nxs,7.37
4egh,3.26
3uyt,8.1
5m39,4.62
4ayw,4.0
4b74,7.66
1c84,5.0
5qbv,6.37
6ewk,3.77
2pj8,7.74
4pvo,6.31
4abj,7.47
4lkg,6.8
3exe,6.96
1h9z,5.42
5ap0,8.26
6c1s,8.52
4qz0,5.46
3bea,8.15
1pf7,10.14
5nw0,6.52
2bvr,3.7
3h91,3.73
4rhu,6.16
2bvd,6.0
4ibd,3.67
2xnm,6.8
6oim,7.05
5wap,6.52
3rtx,3.86
3pqz,4.46
6bik,8.19
1rst,4.43
1cze,2.62
4g0c,7.92
6ccq,6.6
6h37,8.59
5o1h,4.85
3fc1,8.0
2ym3,6.0
6n92,4.97
4p0x,5.92
2yi5,7.41
5nhj,8.27
1pb8,5.15
3vbx,4.77
4nrm,3.2
1r5v,4.48
187l,3.37
4fe6,10.0
4x60,9.0
2z3z,4.31
4u44,8.1
1ntv,5.82
1h2u,7.89
4g0z,2.21
2f4b,7.3
1npw,8.7
5h0b,7.96
3d9v,8.22
3qw5,6.45
3hxf,4.96
4cpr,7.46
4c4i,7.66
5kbh,6.26
4lvt,10.36
1tsl,6.15
5f3c,6.05
1c5x,6.68
3qo3,6.9
1e1v,4.92
4qyh,8.89
2x6y,4.59
5d7r,7.89
3cf8,4.9
5obj,4.78
4ocp,6.1
6p7p,6.15
5os8,3.98
3s1y,6.22
1o6i,3.19
4m5k,5.23
6fmf,5.88
6eda,6.7
4tpk,8.57
5ofw,2.8
4yrd,4.57
2pcp,8.7
2clo,4.06
6izq,5.5
1qxk,5.05
3q44,6.31
6bmr,4.22
6moa,7.08
5we9,7.22
3qkv,7.44
5m0s,6.69
5t9z,7.19
4hf4,8.62
3hec,4.47
1tng,2.93
6ibl,9.31
4in9,4.97
4tsx,4.99
13gs,4.62
4qxt,7.8
3a2c,6.9
2y68,3.6
5za8,6.29
5w0e,9.03
1wdy,7.89
4w7p,7.49
5ko1,6.64
2o9r,1.68
1f0u,7.16
5h19,6.49
2o4r,9.4
1kz8,6.08
6cgt,6.0
2yga,4.61
2yel,7.28
6k1q,7.46
1d6s,4.11
5wou,6.18
6arj,7.6
6njj,5.99
2rkf,9.08
1jlq,8.15
4hxj,4.13
6cyi,5.04
6n0p,8.89
4h5c,7.55
5he2,6.89
1tnj,1.96
5mpk,8.52
4euc,6.1
4p1u,8.52
6h7m,7.8
6ceh,7.44
5g6u,6.66
4xya,5.86
5dd9,6.11
4dq2,7.52
6g02,7.62
6dgl,5.52
2vd1,6.86
4q4s,6.95
6i97,8.18
6p5w,5.29
1grp,3.72
2zgx,6.74
6d28,6.7
1uk1,7.22
5zjy,8.18
4ykk,2.77
4rxe,6.64
4o3a,2.59
1w3l,6.28
1wu1,7.74
4alg,6.3
6o4w,8.47
2b5j,9.1
3w8o,7.62
6ilz,6.47
6hy7,5.57
1om1,6.77
3cho,6.55
3zep,7.66
6qi4,4.37
5fd2,7.05
5m4c,7.4
1rtl,5.59
2j75,6.65
4oiv,5.08
4j22,7.74
1v2t,4.71
3qfv,5.77
4bnx,7.7
2f6z,5.32
5nkc,7.72
5q1b,7.31
4c6z,3.45
6fmc,5.88
1o9e,4.18
5t8o,6.51
6udy,7.57
3c72,4.64
5jf3,7.42
5xyy,5.04
4omd,9.01
1jbd,6.92
1jld,6.73
2e91,6.59
3skf,8.3
3d4q,10.52
1ylv,2.7
4mp2,5.45
6qyp,7.15
1jmf,5.77
4bjb,6.66
1err,8.11
5v40,5.8
4jfi,4.74
4wno,6.8
5cc2,4.1
2wc3,6.08
2uw0,7.7
1e55,4.12
2of2,6.68
4fcf,8.62
4dhr,4.57
4pnm,5.85
2v83,4.47
6e86,5.09
4jmg,8.82
4q99,6.28
3c1x,7.35
1uv6,5.12
3fj7,3.71
3tfv,7.1
3liw,7.6
1sl3,11.85
4c6u,4.59
1nms,6.7
4oma,4.17
3ds6,9.1
5csz,7.77
4zyf,8.64
3ew2,6.67
3n4c,8.02
5xs2,8.3
1qxl,7.96
1qpf,7.57
5q19,7.32
3az9,6.0
2pvu,6.31
1e1y,5.6
3pcu,5.29
5g2b,7.0
5ddb,7.09
4na9,7.39
5b5f,5.25
3wig,8.64
4ohk,8.3
3zo1,6.0
4drm,5.24
4jyu,8.0
4qz3,5.51
5ukj,7.16
6jay,5.7
4q3r,6.27
6h38,8.11
5icv,5.62
3v5l,8.15
6bg3,4.92
5zkc,8.19
4bsq,9.15
2xu1,7.66
5afl,3.4
5c1x,5.75
4mm9,5.68
2yb9,9.22
5lj0,8.0
3srv,7.5
1ahx,3.92
5nwb,7.8
2aa6,9.41
3dbd,7.38
6faw,5.57
1m13,7.57
3q6k,8.37
6hmp,6.86
6h52,7.17
5wkf,3.87
1qhr,6.89
4ruy,7.89
456c,9.77
4tki,6.38
4k3m,3.55
5uy8,8.3
6cyc,7.85
2kgi,6.12
5llc,9.52
5ork,3.63
5fqr,7.59
3wha,9.32
5l7e,6.6
3fr4,6.19
1jut,7.32
5o5m,5.23
6qlu,4.64
1p4u,5.3
4p0w,5.96
5ur9,6.05
2osf,3.83
2j7x,8.77
4flk,5.25
6n3k,7.54
6cw8,6.57
1k6p,7.36
4mh7,5.23
4i9z,7.74
1u9e,8.24
2lnw,5.85
5aep,7.17
5jy3,7.92
3np7,4.02
4lwe,7.15
5ih6,5.6
3tfk,5.01
2ydk,8.15
5ngz,2.89
5hlw,7.64
4nks,7.17
4x1r,6.4
3qtf,6.96
2i4u,11.57
1x7a,7.89
6nnr,5.07
1v2p,4.73
6die,3.13
5dqe,3.63
4oth,8.05
5w5u,7.19
4zx9,7.39
1q65,5.46
5w10,6.62
3bbf,5.28
3zev,8.64
1fta,6.36
3ivx,5.74
3g0c,5.7
4whq,4.12
3ieo,6.48
1zsh,7.07
6o5x,7.66
2odd,3.96
6d9x,3.49
3sc1,4.38
6das,8.31
1b2h,4.54
5l9o,5.4
5kqy,9.29
4cst,8.89
5j6n,7.77
3zmt,4.55
5jsq,4.67
6f2n,6.7
1xzx,10.22
4g2j,7.96
2b1z,7.1
4efu,6.6
3h52,4.85
2eg7,5.89
1yy4,8.6
2zn7,7.89
2xas,5.89
6f29,5.49
3wp1,4.85
1tmn,7.3
3rwc,8.12
5en3,6.21
2ltx,5.39
6ggb,5.39
6f3f,4.52
5n1r,7.95
1fl6,7.43
1bmn,8.44
2pwd,4.4
1wss,7.77
6fcl,4.64
6cyg,4.17
2pvv,3.36
5em7,7.72
6hv7,5.19
2bxt,8.52
2feq,8.86
2ay7,2.3
4hyh,9.0
3nzu,8.85
6qz8,7.62
3iw6,5.48
1ghy,8.1
5j9k,5.85
3s75,6.82
5al2,6.44
4dhu,5.3
5evz,6.57
6qtq,3.72
2pov,7.12
1jyc,4.34
5cs6,3.2
6duk,9.59
3mvh,9.3
6esa,4.53
5vii,7.29
5dxh,9.0
5d1t,5.77
5ai0,3.69
4r6x,5.27
4ogi,7.43
5c0m,5.85
1nvr,8.11
5n8b,7.37
4a4e,3.32
4gh6,7.68
4ciy,4.57
6j3o,5.62
4qp7,5.23
3qpn,7.77
4k3o,4.44
5jf2,7.89
6cd8,4.71
3l1n,5.63
4nra,4.19
5hgc,8.66
5eu1,7.81
5cjf,9.59
5c42,8.72
4rxd,6.52
5tg4,3.32
4k7i,2.82
4mrh,1.9
5k51,4.8
4jk6,7.19
5w3i,5.8
4uix,7.3
4q4e,6.72
2xba,7.63
5faq,5.28
3oil,5.68
4dru,8.62
3k5f,5.43
6pg5,4.96
4a7c,8.22
1hfs,8.7
6mmo,3.35
5wzw,5.91
5a2k,6.35
5iz6,6.64
3q92,7.92
4h3b,5.17
3rg2,4.2
5uac,8.3
5j41,3.7
1owk,7.63
3sjt,6.06
1w5x,8.4
2pwc,6.57
4io6,4.82
2fm0,9.4
6oqn,8.0
5z4h,3.02
1o4r,2.41
2d41,6.82
1b39,6.92
5yie,5.25
3nti,5.22
2l1b,3.96
5wkh,3.85
3pce,2.0
2oax,8.65
1jws,4.85
5wgd,7.11
6di1,6.74
3jzj,3.61
2x7x,5.7
6qft,7.46
6hu2,5.9
3h03,3.87
5ku6,6.84
4jfk,6.44
1aid,4.82
5fqv,6.21
4umq,5.38
3kjd,8.54
3chc,4.09
5evk,4.92
3ipe,6.82
3d51,4.15
1swp,11.0
3m6p,8.35
4dv8,9.24
2w8g,6.0
3p4r,2.72
5f2u,8.43
3u8h,6.49
5xjm,9.37
1r1h,8.92
4lp0,8.0
2p09,6.35
6b4h,8.52
5t68,7.64
4o1d,7.62
4kba,8.22
6imt,6.6
3pkc,6.02
4d1d,5.74
3w54,9.7
5nhz,5.33
5aes,2.89
4krs,6.52
1d5j,9.15
4pp0,4.4
4apo,4.91
6h3q,7.14
1iht,8.46
1pxp,6.66
5xhs,5.05
4pv7,6.63
2qa8,6.0
5i7u,8.77
2qki,6.41
1h0a,5.44
4aft,6.47
2vmc,2.94
6ift,4.68
1zgi,5.34
4uuh,7.77
4v04,8.11
4lm2,3.03
3wk6,5.2
5hk2,8.59
5ax3,5.92
4m1d,7.64
5ix0,6.28
3hj0,5.71
5x4o,4.06
1czc,2.82
1k03,6.0
2hds,2.0
2usn,6.51
5lws,3.94
4nja,6.22
5cnm,6.81
3drp,9.7
4llp,4.8
1ktt,5.82
1irs,5.22
2vwf,5.06
2x4z,8.57
3ps1,10.17
5hda,5.13
6dgq,5.51
5adr,5.64
2wi2,3.46
2hfp,8.52
3fjg,3.73
8gpb,3.6
5ety,7.51
5nvf,7.8
4jr0,8.2
4dj7,6.3
5u0y,6.08
4o0t,5.54
1ets,8.22
4fob,8.3
3ma3,7.22
6f9v,6.76
3ig6,7.6
4gd6,7.38
3d0b,6.54
4zuo,6.41
4luv,2.85
5e1b,4.84
2vts,7.52
4bfr,7.64
3bzi,5.74
4gg5,9.03
4wq2,6.3
2zu5,7.0
2gkl,5.35
2x85,3.89
5z95,6.55
6f8v,4.8
5egs,6.01
3hv4,6.51
1a50,6.7
1rwx,7.37
2ayp,8.15
1lxh,7.19
4xmb,7.36
4his,8.09
5jnl,6.57
3afk,3.6
4glw,6.1
4a6v,5.72
4i54,6.96
1r6n,7.4
4ybs,7.24
2yln,7.68
4z1k,8.33
4e70,5.28
4qp1,3.61
4zv2,2.93
4zhm,8.05
6eab,6.37
1fe3,7.33
6b97,6.63
5d2r,5.82
6s56,5.1
1xpc,8.77
3m8u,4.89
4ael,7.92
6ffi,8.1
6dtw,8.26
3r4n,6.89
3fui,6.8
1you,9.06
5vyy,6.21
5vc3,7.11
2d3z,6.64
4rra,4.87
5ekm,6.32
3i02,7.52
1hyo,4.07
1l6y,3.66
1ujj,6.1
3r5j,6.96
4kx8,7.13
1ke7,8.05
4x3h,4.23
2hxq,6.84
1fq6,7.86
2ot1,4.0
2f94,6.71
2jkh,8.05
5fls,3.04
5l2y,9.85
3eq8,9.06
2wgi,4.07
3g19,6.67
2c9t,7.48
5u4x,8.15
4m84,7.31
3wfg,6.92
3zos,8.89
3lf0,5.71
6u8b,6.37
2e2r,8.26
6pf6,4.74
1kf6,6.7
6i5j,5.85
6h7z,10.12
2qzx,8.22
1o7o,4.49
1usk,6.4
1j15,3.84
3dp1,5.0
2i4p,5.7
4n7h,5.48
4yw6,7.08
2hwp,7.14
3d9k,4.72
3zmm,9.14
1ndz,8.11
1sb1,6.89
2rok,4.35
3o0g,6.22
4uwk,9.0
3vjl,8.25
2gz2,5.22
6d40,9.85
4qxr,6.0
5j86,8.26
4wh9,3.0
1uu8,5.05
4xtp,4.26
4ie7,5.05
4wki,8.3
6g8q,4.72
6g3y,5.89
1siv,8.08
1tu6,9.08
5ev8,5.22
2ojg,5.64
5hz9,7.03
3d28,5.85
4wx6,9.0
1nax,6.43
4idz,4.36
3rx7,6.03
1rne,8.7
4k66,3.26
5kkr,6.92
5wg3,8.1
4duh,5.18
6qlo,5.06
2fm2,8.15
6mh7,5.74
1uy9,4.82
5zeq,8.82
5oyd,2.75
1drj,7.4
2oc4,7.07
5hzn,7.21
2qq7,5.24
4whz,9.0
4h85,5.15
3hvj,8.7
4z22,6.24
3udq,6.0
2xk4,4.77
6buu,5.44
3inh,7.7
5n1z,8.19
4anm,7.55
2v22,5.39
5kax,6.11
1a1e,6.0
4n7u,6.29
4km2,5.84
4h4e,6.68
1d9i,9.11
4mjq,3.71
3nlb,7.46
3qvu,3.55
4b7q,9.74
4n6z,7.8
5wxg,3.86
3bsc,4.48
4j77,5.47
4alw,7.57
2dbl,8.7
6fu4,6.19
1dx6,6.19
2aei,7.07
4djq,10.32
4kio,6.3
3fqs,7.39
2rf2,8.44
4uda,7.59
5oq8,5.85
2qlq,6.63
5aki,6.12
1mfi,5.59
4qfp,4.23
3t64,6.7
5f1v,6.85
2pqc,5.74
4mro,7.06
1o86,9.57
4gb9,6.27
3w32,7.12
1bgq,8.57
4mw0,7.41
3djv,4.55
4m8y,9.96
3odi,7.82
1pip,5.0
6h4p,6.99
5mno,3.84
3t2w,7.46
4lno,2.62
3ft5,4.82
4d1y,7.13
2d1o,7.7
2j77,4.89
2q2n,6.48
2fwz,7.3
6d5e,6.85
4cfv,4.63
2bkz,8.15
5c3p,4.46
6b7a,4.49
4nmt,4.85
1hsg,9.42
5ypo,7.1
4u70,5.02
6cd5,6.81
5ybe,6.24
2vio,4.4
3lpf,6.68
3qi1,7.66
1iew,4.59
4mrz,3.52
3cp9,7.32
6gjb,8.1
3lqj,5.37
4lch,10.62
4jq7,6.41
5qap,4.0
1zkk,4.48
5i3x,8.1
3i28,8.22
5hes,7.54
5jap,6.64
6ap7,5.34
5vm6,7.11
3zi8,5.66
1k06,5.34
4qab,9.7
5kq5,8.05
6aox,4.82
4wyz,4.3
6gla,7.57
4g93,3.52
2flb,5.74
5wa1,4.17
1w6h,9.3
2vi5,3.96
2xto,6.2
4k75,4.25
1ex8,6.33
1e03,9.4
4nyj,3.49
5fh7,6.86
2v0n,6.3
5emk,7.89
1odi,4.21
6rvl,5.94
2vhq,3.85
2fw6,2.92
4aif,4.84
6i61,6.24
5gr9,7.48
5kcx,6.7
4nk3,6.33
5lzg,3.1
3d9p,4.54
6h51,6.87
3zps,8.3
6jn5,5.15
1g6g,6.28
4b6q,7.55
1svh,6.44
1lah,7.52
6nri,7.57
5sz5,7.7
5ovf,6.85
1rgj,8.31
6dko,5.8
6i5p,4.32
2on6,6.76
4mjr,3.55
5ick,5.01
3lp7,5.44
2uw3,4.1
4m14,6.7
5ne1,8.28
4kc1,2.91
6dq8,6.59
6bj2,5.4
1xsc,4.3
5ggz,7.25
2ypo,4.68
4zy5,7.59
5b5o,5.72
2hmw,7.7
3t3c,10.23
2qu2,5.43
3cic,8.52
3eyg,8.8
3uod,7.31
4bt9,3.84
3abu,5.62
1if8,9.64
3sue,9.08
6gg3,4.21
1ejn,5.62
5akj,5.86
4cwb,6.09
3zrm,6.89
1b58,6.59
3k99,7.22
4jql,6.0
3mt8,4.55
1uys,3.6
4fr3,7.15
6etj,6.72
4xh2,8.22
5d1n,5.57
3ffu,6.44
1z4u,7.15
4z7h,6.66
6maj,7.47
5e6o,4.11
1ec1,8.92
2izl,6.0
4fmu,6.44
6qas,7.74
1gz4,3.7
3u4w,8.4
5drc,5.98
5h63,5.92
1nwl,2.39
5mwz,5.15
3vap,8.4
3av9,3.36
5o91,6.46
5m4k,5.66
5th7,5.16
4k6z,8.7
2qtg,5.08
5ia2,7.72
1rri,5.82
6qfq,7.1
4x7n,8.22
4ppb,10.0
3n3g,7.24
5qag,3.7
6dat,5.05
1fch,7.15
5iay,5.8
4kwg,6.0
1g74,6.52
6gch,4.7
1jcx,5.15
2pj3,8.18
4hkn,5.96
4e1n,7.17
6qqw,4.72
5yqw,7.51
3nc9,6.48
2d1x,5.1
5lpj,5.0
3fu3,2.84
3hqw,7.46
3kmc,6.4
6qxj,4.79
6cco,7.29
1ux7,3.0
5hjc,4.35
6qhr,7.72
4c4h,8.22
3k3a,7.08
3cy2,7.22
3pcg,2.3
4c1u,7.09
5iha,8.05
4urn,4.46
4nj9,6.97
3g9e,7.72
1k1n,6.82
3ioe,3.27
3fun,6.72
6hb6,7.36
6mdq,3.44
3tti,8.22
3kl8,6.92
2c80,5.33
4i5m,8.06
4y16,7.43
1xpz,7.08
3f2a,7.24
1v0o,5.26
4isi,8.14
5j7b,8.3
4i47,6.92
5aml,9.15
6abx,2.14
5cbs,5.41
3iiy,4.8
3e7b,9.8
5v1y,8.15
2bdj,9.35
3v49,8.02
2qm7,5.89
1al7,7.8
3pi5,6.02
3kah,6.59
3t4v,6.3
2wjg,7.1
1xuc,7.14
4abi,8.2
2hmu,7.7
1c7f,9.52
1gfw,7.82
5tya,4.48
4gdy,7.08
5fap,8.0
3ard,6.76
1o2y,5.85
3kwz,8.4
2xk6,5.8
4wnm,7.59
5bry,11.82
1ym1,6.24
4eyj,6.21
2pjb,7.72
4eo4,6.35
5fdr,9.44
1bma,4.59
3asl,5.76
1o2o,6.36
3o8p,6.46
2cht,5.52
3h0w,6.22
4ede,7.38
3hc8,8.54
2rcu,6.68
5ehe,8.32
6epz,7.14
6hcu,7.82
3mtd,3.47
5mwa,6.82
6e4c,9.92
4tk2,3.72
3chp,5.27
6m9c,7.25
6cd4,5.34
3r5n,5.78
2g0h,7.64
1a4m,13.0
5isl,7.28
1k3q,6.52
2y7i,5.54
4o0x,7.17
4imz,6.92
5gp7,5.15
1lnm,8.7
5o1a,4.52
5ia5,7.6
1gai,8.0
1yet,5.92
3mrt,3.7
4qy3,6.82
1epq,8.19
4esi,4.15
4xg4,7.67
2o4l,9.22
5or9,4.06
5vgo,8.7
5bpe,5.95
6d4v,6.64
5irr,5.27
3wth,6.29
5zyg,5.21
6r0x,8.7
3v3q,6.6
6f3i,7.68
2xx5,6.7
6a30,4.89
6fi5,5.52
1rdt,6.7
5mnx,2.48
3s53,9.64
1gj7,7.89
4ib5,6.25
5xv7,7.96
2hkf,6.38
3ck7,4.05
4na4,6.92
4o9w,7.16
4qbm,4.58
4j1e,7.72
1zsb,0.6
3hmp,5.49
5j6d,8.22
6b8j,8.3
1fyr,5.62
4mdt,5.0
5t97,7.77
5lwe,9.96
5qaz,3.4
2gv7,7.85
3ob1,5.42
1nnu,6.82
4usj,4.0
4x61,9.0
6eeh,6.54
4nwm,8.1
5mwh,5.74
3i4y,7.05
1r58,6.96
1w0y,6.42
4y4v,3.65
2r1x,4.8
5i58,6.92
2o9j,6.92
5izu,7.27
6as6,4.82
6eqv,6.62
1m0o,2.31
4yml,8.35
5ntk,8.01
2v2v,4.07
3fmr,7.97
4bj9,7.35
3grj,3.0
4rxz,6.74
6g15,5.37
5lu2,5.2
2gl0,4.82
4u0c,4.31
3uo6,7.82
6mdd,4.33
1yw8,8.0
1ung,6.8
5n17,5.32
2x9f,7.21
2q5k,11.3
3nnu,7.32
5owf,5.8
3sha,5.59
5wf6,7.83
5qim,11.22
1pz5,5.4
4mwy,7.05
6pg8,3.85
5ali,7.07
2oi0,7.55
3zqi,7.19
5etl,4.64
3iub,4.54
4bam,8.94
6f9g,5.7
5eyr,5.3
5t54,9.06
5j5t,6.96
2lh8,4.18
2jh0,8.7
1gzv,6.57
4p0v,5.92
4j3e,7.06
5a1f,4.61
6chm,3.7
4yl1,6.67
6qrf,4.48
1t5f,4.22
6st0,5.13
2kdh,2.96
4ax9,9.57
3k48,6.31
1xge,4.68
1kr3,5.0
6j72,6.13
3gbq,5.46
5ek9,7.33
1ezf,7.25
3pd8,6.46
1m5d,5.04
5os4,2.78
2r9s,6.82
5otz,5.19
6n53,7.87
4ruu,7.54
5moq,4.68
3e37,5.39
3fe7,7.12
1njt,4.82
6nel,7.96
1d3q,6.54
6gev,8.7
6dif,10.72
3hl5,4.47
3o84,7.24
4c2v,9.0
1oq5,7.68
2jaj,4.6
4f6v,5.8
5op4,6.71
1yq7,7.09
3hl7,7.64
1ttm,7.35
5j7w,4.89
3ex3,4.44
4yvc,5.96
3nzi,5.59
1bl7,7.72
2yne,8.57
6dql,7.89
1phw,3.3
4cnh,8.4
3c3o,4.36
4oeu,7.66
3rz9,6.92
2wl0,7.8
4qgg,9.0
2ewa,7.94
4tjy,6.44
6ehh,7.49
4ibj,4.33
2fj0,7.66
2b17,6.21
6qc0,7.24
4qw4,6.95
4dsu,2.82
4k55,5.51
6pyu,8.0
1q4x,9.48
4bny,7.1
4s3e,6.11
2is0,6.7
4hbp,8.42
5hva,7.07
2in6,7.64
3tpr,7.7
5vkf,4.77
2c94,6.82
6dj5,8.14
1f57,5.64
1zeo,6.68
5tzc,8.1
4prj,7.14
4mi6,4.31
3sv8,7.91
5tpc,3.0
6n3v,5.61
5izq,8.52
4azy,6.7
4efs,8.6
4pri,4.03
4i5p,6.42
4q8y,2.64
4hkk,5.54
3pa5,8.7
5y5n,5.76
5hff,6.3
5ur5,7.14
1htg,8.42
1fo0,5.59
1ebw,9.05
4ddl,8.31
5lyx,7.42
4ymq,5.8
5o48,4.7
3gi6,11.22
1c5f,6.07
3s2p,7.17
5j7f,7.24
5etx,6.81
4d52,3.11
4bds,7.6
2x6j,7.44
5oqw,7.4
6h5x,10.82
4y2s,4.28
6ba7,8.15
4wf4,3.11
6pgx,9.21
5osl,3.43
3fn0,4.4
5fiv,7.66
4fl2,3.66
4ql8,9.15
4xkb,6.1
3rwq,7.46
4bcg,8.15
5nhf,9.49
3ppo,5.3
6o0o,7.44
5nb7,8.22
3si3,4.16
2wxg,9.15
3shz,7.44
1q6p,8.52
5j1w,6.72
2q9n,6.37
4f4p,9.22
1xnz,6.62
2z50,4.95
3hv3,6.33
6etg,4.66
5n58,6.1
6g8m,5.38
6i0c,6.85
5kx8,7.42
3gwu,4.71
3si4,3.88
3v31,5.8
4qyy,7.3
3oc0,6.28
5j5r,6.89
6g1w,8.14
4l7g,4.0
4o0r,7.44
2o4z,6.25
3avz,7.19
3g08,8.16
2wxp,8.52
4hbw,5.32
5tdw,4.7
4e7r,7.7
5v2p,8.29
4j73,4.56
1xuo,7.16
1avd,15.0
3o9g,12.3
4qjo,7.4
4wpf,6.6
6fcj,7.15
4i0t,7.59
6bmx,4.72
6huu,7.46
5jq9,4.65
4gmc,7.74
6hzx,8.38
3kmy,4.49
4nrk,7.62
5est,6.52
2w54,6.98
2x09,3.76
5a8z,7.55
5lz8,6.01
5ohi,8.47
4hbn,6.1
3kqp,3.42
3sl8,6.54
1noi,3.15
3mww,7.24
3twr,5.19
5thj,2.87
1kjr,6.06
3t09,3.8
3cct,7.56
1eed,4.79
3m37,9.04
3qps,5.6
6aoy,4.97
4rxh,5.91
2q70,8.08
4op2,5.93
5t28,8.49
5mjb,8.52
4why,8.1
5qav,4.15
4r5b,6.73
3wqw,5.23
2wd3,7.07
2wij,3.2
5lhg,5.6
5ey9,5.41
5ey8,6.31
1vsn,9.7
2cf9,7.82
2v87,4.6
1me7,7.19
4rxa,5.74
1f4e,2.96
5vs6,6.98
3cii,6.1
1xq0,6.34
6dyz,9.2
3elm,9.72
4ok6,4.85
6f1w,7.96
3iqq,5.54
1nja,6.31
1nm6,10.05
4kwp,7.49
6idz,6.51
3hyg,7.03
2ooz,5.15
5k0j,7.12
2v0c,5.68
1cpi,7.41
4dce,6.76
4o2f,6.41
2e93,6.96
4ln7,7.39
4qsx,1.74
2f9v,7.82
2uw7,7.74
5ldm,3.86
4qfo,4.27
1enu,5.08
5oh7,4.37
6npm,3.96
5ow1,4.15
3ekq,6.75
3c1n,5.5
2i5f,5.12
4nb3,7.66
5i59,6.95
2y81,8.7
2a5c,4.62
2oym,5.0
4xnv,6.79
6fam,4.01
5eth,7.25
2v57,7.1
4meq,3.6
4mue,6.7
4piq,7.1
1pq6,8.1
2nmx,5.57
1mwt,1.88
4h4d,6.82
5aqr,3.0
5epr,4.04
5l7h,7.3
5v5n,8.02
6gfm,5.47
4pvv,6.48
6hq3,6.11
4qr5,7.22
1hn2,6.0
5ncq,6.96
5u6b,9.89
4dgr,5.04
4mss,6.4
2aac,2.22
5td7,5.77
4an9,7.36
3u3u,6.88
2y2j,4.8
4a2a,4.35
5eiw,2.05
6p5v,6.7
6aol,6.27
4hvh,7.72
4lts,8.36
5zxi,9.15
5ais,6.24
2vqj,6.44
1dl7,6.49
4mvw,7.55
6fnt,4.68
5jv1,6.07
4jve,7.07
4bic,7.3
2gej,6.64
2w4i,6.3
3kr5,7.89
6jfk,4.84
5vsd,7.24
1sbr,5.0
6i65,6.41
5ukm,7.52
3udn,5.15
3l2y,4.49
5i3a,5.05
4kiw,5.12
1csh,7.55
3iue,5.82
1oz0,7.7
5id1,6.25
2v2h,3.77
4qmn,8.52
1w9u,6.09
1tl3,6.2
1zpa,8.4
3zrk,6.89
3shj,7.47
3zv7,5.92
1py2,7.22
4mnq,4.43
1c3i,5.8
4eg4,7.89
3wff,6.18
5a5d,8.0
6nwc,7.74
4bpj,6.0
4dfw,7.85
1j81,7.1
5tb6,5.82
5w73,6.3
6fni,8.22
5ai6,4.4
3s3m,7.4
1o4p,2.6
4l3o,6.0
3ska,7.49
1pwy,4.05
2cnf,6.62
5lck,8.1
1jq9,8.45
6q9s,7.77
5jgq,4.62
3tzm,7.77
4ca5,9.39
4zij,3.25
4ciz,7.29
5afx,5.92
3fl9,1.11
2rkm,3.9
1b7h,8.02
5eay,4.47
5k8n,6.32
2ggd,3.8
3okh,5.24
3v5g,7.13
6rln,8.2
4uit,6.7
4b9w,4.17
4uns,6.7
2c68,5.74
4ory,3.53
5m17,3.66
4p02,6.4
5gmn,4.73
3kr0,4.7
4meo,3.6
1i2s,3.31
5iu2,7.8
2gzl,4.82
5zde,5.75
3dcw,9.0
2wxn,7.68
5tq5,7.23
4um3,7.54
3nzs,7.12
3owk,5.82
4iut,5.72
4zt8,4.39
1rry,4.1
5ty9,5.21
6i3u,9.22
6g85,5.21
2avi,15.22
1czr,9.0
4c9x,7.32
3dst,9.08
6hvr,6.48
3lea,9.1
5o7n,6.52
4dwk,6.22
3jzc,8.53
4mf1,9.15
4tln,3.72
3vzv,8.04
6iin,6.08
1fh9,6.43
2vtm,3.0
2bba,7.15
2qu5,8.06
4pzh,8.0
4e20,8.22
4heu,10.01
1rek,6.7
3iw7,5.64
3s8o,6.85
3u92,7.48
5l26,5.35
2hb9,4.82
5mqe,5.4
3rup,1.57
1c3e,6.59
3wd9,8.08
3thd,4.05
3qcy,7.7
4pl4,5.27
1yei,7.46
1uvu,5.0
5fnc,4.11
4bj8,8.29
2eg8,4.5
4jib,7.35
5lay,7.47
1ikv,6.28
5wbz,6.41
5ove,6.35
3k15,4.92
5lp6,4.76
5ows,8.0
4cwq,7.06
1qwf,6.35
1oeb,6.93
6bd1,4.78
6d8e,6.47
4uvb,5.49
4dcy,4.52
6c3u,5.4
4obz,5.72
4url,6.3
5luu,5.06
5gx6,5.8
4no1,7.57
1udt,9.3
5wqj,5.52
5u49,6.14
5he5,6.47
3ksl,4.52
4d0w,7.7
4prh,4.6
1p1o,5.76
6n93,4.69
5q1d,6.12
5hbn,4.89
4oi6,5.0
6czf,5.8
7abp,6.46
5v19,3.3
3ckp,6.35
3gt9,3.96
5oh9,3.86
4pry,7.7
4u0w,3.0
4obo,7.11
6hvs,5.23
1dzj,5.89
1ha2,5.54
5gid,6.11
4jn4,5.86
5ayt,6.77
5ijj,6.55
4kif,4.84
4g4p,6.89
6b41,8.48
5kby,8.82
5ijp,7.15
6fba,4.7
4zqt,5.64
4uib,9.0
2pcu,3.04
2xhr,8.32
5jv0,5.96
5c13,6.1
6nrg,7.25
4od9,7.24
6b27,5.03
5ovg,6.4
4c1f,4.63
3mv5,6.74
2jld,10.4
2fu8,4.7
4eoy,6.49
2rnx,3.4
5qcl,7.96
4o36,6.36
4kp6,9.09
4w55,4.74
2q8g,7.06
5zjz,7.37
1xz8,4.52
6udi,10.0
6sge,7.51
3dgl,6.6
5izm,5.92
6mln,7.54
3c9e,8.0
2ybk,4.62
6mdc,7.44
6eq3,6.15
3v5j,7.96
5mxv,4.92
4pqn,9.15
4aq3,7.43
5jbi,6.92
1z71,9.18
1det,4.3
5j9z,7.8
3f48,6.29
5vqw,5.7
4rrs,6.68
1qxw,5.15
1hrn,8.05
5czm,8.32
2cm7,6.68
3lgp,8.7
6mob,8.15
1szm,5.53
4hbx,5.72
1ec3,9.04
6hp9,8.25
3zls,4.4
5t78,7.37
5fnr,4.23
3e9h,7.55
4km0,6.04
3d7b,3.69
4mz5,6.1
5ekj,6.0
6b59,8.09
5cy9,6.66
1vjc,3.58
2aj8,6.2
4fcm,3.94
4xty,9.21
1jd6,7.39
5kr8,6.82
3h0y,8.22
4z93,7.35
4c68,6.17
4uff,7.96
3p7c,7.66
3mp1,6.1
4h3g,8.22
4heg,8.92
3lmk,5.94
2vzr,4.28
4fmn,6.1
6qxd,6.02
6mq3,8.77
3juk,4.89
3fqk,7.15
4jhz,6.02
6max,4.87
1jk7,8.52
1is0,7.0
5ku3,4.89
4f7j,5.24
1r0x,3.83
1ilq,4.89
4zy6,8.3
6e83,4.54
6mmq,3.62
4ijl,3.87
3ccn,6.92
6gzd,8.01
1yyy,5.09
3q96,8.54
1cr6,8.51
3h8b,6.29
1l5r,4.77
1qm5,5.82
4riu,7.3
6ey7,4.3
1ogx,6.09
5lyr,7.89
4lyn,7.22
5acy,8.19
1m51,4.73
6a6k,7.46
3p7i,7.7
1ydd,7.07
6fby,5.03
6qsz,7.15
3wb4,4.44
6nlj,4.82
3su5,5.58
6c5h,6.43
4ksp,8.8
1swr,6.92
3ipa,6.22
4fe9,3.0
5o9o,4.89
4ixv,6.62
1lqe,5.82
5ega,5.06
1fdq,7.27
6hsk,7.03
5yso,7.4
5e13,4.24
4y2t,3.82
3wcf,7.28
2frd,4.54
5hyx,6.55
2xng,7.22
4bah,8.7
5i89,7.48
4r02,7.41
3wka,4.54
2ym6,6.06
1zd5,4.87
2oqv,8.4
9lpr,5.7
5lrj,8.72
2pll,8.3
2xs8,4.61
1uy8,4.12
1qs4,5.64
5myl,5.0
4l7r,5.02
4y2u,3.24
5u2e,6.56
4kin,8.32
4o4g,8.05
6qtr,4.64
3e64,7.11
1ikw,8.6
2q3z,7.22
1t08,5.51
2xog,3.43
3g15,7.0
2i19,7.8
3ad8,3.16
6h7b,7.48
6eee,7.54
1qca,5.27
4tz2,3.46
4e8y,6.09
1xur,5.18
6hzu,8.26
1d3v,6.96
5ktw,7.52
3nyn,6.0
6oxw,10.55
6g2c,4.66
6poq,2.57
1njb,5.8
1mkd,6.8
3pm1,5.93
6cgp,7.12
4g0q,2.52
6rr0,7.15
1a4g,8.4
5tiu,8.3
4est,5.02
1r1i,8.54
2z7h,6.94
1qxz,4.72
2hhn,7.49
3u0t,9.52
4l7u,5.66
5m28,4.32
5l15,9.57
4gs9,5.66
2bdy,7.77
5ofx,3.96
6j7e,5.04
6qeg,7.3
2gcd,5.52
2vfz,3.61
5h21,5.19
3d20,8.3
4k5p,3.46
4rg0,7.3
5fnd,3.49
2o63,6.11
4jg1,6.63
4mr6,6.6
6np4,4.44
1mui,11.89
4lxz,6.74
2bjm,3.7
4muk,6.6
2y55,3.87
2m41,5.1
3kag,5.18
4hw3,6.49
4e4a,2.05
4gsc,5.85
3igb,4.42
1d09,7.57
2xkf,6.06
4x6y,7.72
4dsy,4.43
4ui8,7.6
6mck,7.92
5n18,5.68
4uof,4.84
5ih5,6.3
5edi,9.52
1h39,6.54
3rf5,5.63
2op9,5.66
3kry,10.0
2wei,8.47
3fup,7.66
1b9j,5.96
2zo3,10.0
1eat,7.82
3uix,6.82
4ge4,8.11
4ee0,8.63
6c2y,6.6
2lct,5.14
1f8a,5.0
3iqg,4.6
1idb,7.96
5csd,7.89
4iif,5.18
1h1h,5.22
4z2k,5.78
5ia3,7.34
5yjm,7.68
2zju,5.81
4fsl,7.7
6apu,4.87
6cdj,11.7
1lqf,8.3
3d6o,4.11
4bf1,8.62
4l2l,5.7
4ele,7.88
3avf,3.53
4qyo,8.22
5ukl,6.2
5lh4,6.96
5hng,4.03
4os5,4.63
5dnu,4.11
6fii,8.02
4zfi,6.3
6dy7,4.18
1obx,5.72
2m0u,6.44
2itp,7.95
4hy9,7.1
2x7u,5.27
4lj3,9.0
5d3x,6.36
1k6v,6.92
2c8x,6.66
5hu0,6.23
5vjp,4.83
3mj2,7.82
1hp0,6.7
4lqg,8.89
4hlh,5.96
4yx9,5.35
3ook,8.4
1iq1,7.46
5q0m,8.1
4yc0,4.13
1utr,8.0
1nf8,7.82
2p2a,6.12
5heb,6.1
1nhz,6.08
3aza,5.13
5eou,5.36
1qb9,7.44
6en5,7.94
5e91,8.4
6eds,8.77
2r6n,9.0
2j87,4.85
2bgd,5.0
6bix,6.51
4jda,6.29
2bq6,10.15
2yi0,8.12
3chr,7.21
6i11,4.53
6uwp,7.55
3vtb,9.3
6i3s,7.05
5a4e,6.4
5etr,6.52
1hsl,7.19
4hlw,5.38
6qqv,4.92
3adv,3.03
5jzn,5.96
5ti5,4.39
3al3,5.68
1il3,2.55
6oqc,10.4
1ml1,4.28
5fwj,7.89
6jao,4.86
3nsn,7.19
1gpy,4.7
3m6f,8.6
3nwe,7.6
6gg4,3.69
4yxo,7.04
5ni5,8.05
3vv6,3.8
3bhx,9.15
6f23,8.3
4aba,3.82
4x3r,11.07
3ia6,8.52
5n2d,8.22
3os3,6.63
5iyv,3.87
3ibl,7.84
3qs1,7.96
4efk,2.49
6h5w,10.8
6f94,7.0
4q9y,5.68
2iw8,6.99
1tr7,6.82
6g9d,8.37
4kql,8.77
5d7a,7.68
5e2s,9.01
2pjl,6.72
5sxk,4.7
6eeo,6.43
1pa9,4.6
1o4a,6.92
4nvq,8.48
6a8g,6.61
1s9t,6.82
3rxg,2.15
2xht,5.96
5e1m,6.72
1gja,5.42
6e5x,6.12
5akw,6.39
3emg,8.05
4uyh,6.3
1hiv,9.0
4b77,5.1
1nq7,6.8
5lqf,6.6
6aan,2.75
5tw2,7.3
4arw,7.13
1oba,2.44
1gvw,6.96
5oot,7.55
4qz5,5.26
6pek,6.52
6ea2,6.55
5jjs,7.32
4az2,7.33
2b7d,8.7
6et8,8.25
4tw9,7.7
6n7a,8.37
3exh,4.88
1o2w,5.85
5fpp,4.0
2gj4,6.5
4g8l,8.0
3iaw,5.8
1rhr,8.1
4len,7.4
1a0t,1.3
1gvu,9.0
4ks1,8.82
2bpv,7.67
1nj1,7.6
6r4v,5.76
4yyl,5.01
4xm7,3.57
6qmk,7.46
6hou,4.27
4u1b,5.31
6i14,5.82
3s0n,6.74
4au8,6.26
3byu,9.1
6nem,7.92
3fv3,9.52
1uwf,6.82
4djw,6.28
3ewj,6.84
4hyu,8.21
1tsi,3.48
1ghz,4.8
1hlk,5.0
1jij,8.52
5svx,6.19
6b4l,6.47
5j3l,4.8
5k32,8.8
5dp5,4.73
5b6g,7.44
2vww,6.62
3qbh,6.82
6cjr,9.52
1br8,4.74
3b67,8.85
5t1u,7.16
1n3z,4.2
2nnk,8.37
5ufo,7.43
2h5d,8.19
3vp1,5.48
4q09,8.17
4eki,10.0
3dm6,7.43
2h9m,4.46
3hqh,4.2
6dpx,5.89
2hs2,8.31
1xlx,7.6
5a8x,8.19
6ilq,6.36
1i7m,9.64
2mkr,6.27
5t4h,8.03
1c6y,9.51
3nu4,8.82
6q5b,5.89
1qi0,2.35
3bxe,5.48
2p8h,7.15
4p4b,7.85
1f40,6.0
2xct,4.51
5dls,8.36
2ayr,9.29
1vgc,5.92
2y80,8.05
5bs4,11.0
2ihj,4.59
2lbv,7.59
5lxc,7.97
4jiz,5.62
5alx,5.48
6d17,4.82
1e37,3.7
4mbp,5.64
3r8i,5.35
3njq,4.89
6hgv,5.55
2rfn,8.3
4yw7,6.89
6aro,5.15
1pph,5.92
2uxz,8.48
4xmr,4.07
6bt0,5.68
4nct,7.55
4lkt,5.9
5lgp,7.04
5c2e,8.7
5nob,8.2
5afn,4.47
2hyy,6.77
6g01,7.41
5bvw,8.82
2vey,7.37
2w1i,8.92
5bjt,6.3
1jn4,4.95
5mjn,8.54
5vc6,7.87
6htn,6.07
5meh,6.32
5vdk,7.57
4e4l,8.77
2vj7,7.4
1hps,9.22
5oy3,4.15
6fui,4.46
5csx,8.22
1bil,9.3
5li3,7.28
2y71,7.37
4jx7,6.91
3f7i,7.34
6m89,5.64
5icp,8.42
6gbw,8.45
5a3h,4.57
3l9l,6.78
2qzk,7.57
2qju,4.1
4gk4,7.85
1k21,8.38
1j01,6.47
5cks,5.51
2ohv,6.46
2qrm,4.03
6tld,5.35
1zhy,6.52
2e1w,7.96
4kpz,2.71
4r4i,6.27
6ueg,4.71
1vkj,4.85
6jid,5.08
2i2b,2.44
4qgf,7.16
3o9h,12.1
4y8y,9.15
2yxj,9.3
3bi1,9.92
1w12,7.85
3hhm,7.92
2byr,8.55
5wef,6.44
5jss,6.45
4ajk,3.11
1w70,3.7
3tfn,6.57
4uyf,7.6
2llo,5.82
2gj5,8.32
3w2s,8.16
5m0d,6.09
1b42,4.01
5qau,4.15
3oev,8.13
2bdf,7.17
1sj0,9.1
2bua,4.52
1rt1,8.1
4uj1,6.52
1g3f,6.37
4z89,4.69
3tn8,6.13
2uze,4.33
4tkn,5.89
4bpi,6.17
4bde,4.8
2wyj,9.0
3v7t,7.21
6hkx,9.34
3uol,8.51
3jqg,4.74
4qvp,6.05
1mdl,3.09
2wxq,7.47
1laf,7.85
3i7e,10.85
2weh,5.95
6o0k,10.74
4unn,6.38
1xog,6.39
5mat,6.24
4q0l,7.7
4qy8,7.19
2xfi,7.82
1nj5,7.3
2pow,7.2
1zc9,3.22
4few,5.21
6pyr,9.0
1a9q,6.17
1d4y,11.1
4jlg,8.7
4j59,5.85
4jg6,6.44
4xaq,7.14
2qbw,7.25
3b8q,9.3
1fh7,5.24
5cil,7.39
4cix,4.47
4l52,8.4
5trk,5.21
3atw,7.01
3btr,5.3
5mys,4.3
5u2f,6.71
3pdc,7.49
2vf6,8.52
2boh,8.52
1zm6,4.35
4dow,5.02
6aqq,6.55
1add,6.74
2gfd,6.28
2qbs,6.68
6ap6,5.37
2yme,7.66
5o1g,3.94
1qti,6.44
2wyn,5.55
5exw,6.82
2uuo,3.77
3l9h,8.1
1q6k,7.59
5etv,6.24
5fdd,4.2
6p3p,6.84
4lv1,7.4
5nwg,6.18
6g8n,5.84
5j4y,6.05
1kui,3.77
5zqo,7.71
3agl,7.8
6fav,5.33
4y94,6.62
6q39,7.85
1ind,10.05
6hm4,5.67
3wk7,3.9
4dpu,7.3
6ep4,5.35
1ql9,5.35
4irx,6.12
3wiy,6.21
4wyp,3.36
3tkm,9.0
4m5h,4.54
5kbg,6.11
5sz1,8.92
6j0k,5.64
3ad7,2.52
1py5,7.29
4uyg,7.6
2xel,3.9
5ttw,5.96
2jkq,8.11
4hv3,3.94
5f41,4.17
1eb2,6.01
1n3i,8.89
4iz0,4.0
4rrq,5.47
2w26,9.4
4r76,7.85
3guz,4.38
1acj,8.09
5vqi,6.25
4pf3,7.29
5y24,8.34
1ld8,8.46
2bcd,10.22
3s45,8.49
3ivc,4.12
2nmb,6.28
3mi3,5.45
5flq,2.97
3sn8,5.65
3ut5,5.74
3w2t,7.53
3zov,7.22
4alu,7.77
3fx6,6.8
6pm9,8.1
1bv9,9.96
5u5t,5.41
3g1v,3.19
5jzb,3.39
4bt5,2.76
6ei5,7.42
5ix1,6.31
2vmf,5.85
6at0,4.04
6mzw,8.41
3nes,5.62
4g1f,7.77
5bv3,7.17
6ipm,3.69
4oq6,5.48
6np5,4.57
3iae,3.89
4b32,3.34
4ded,7.42
4kb9,11.0
3kb3,6.82
3su4,6.26
4ap0,8.0
4hzm,4.63
3eyf,7.03
5hka,6.46
5oh2,4.24
4l6s,8.52
4nmo,4.83
2zsc,7.06
4tyb,1.7
4ge1,6.43
5ei8,8.1
1o5c,5.22
3own,7.47
3kqd,9.4
6pl3,8.52
2vjx,4.96
5vfn,3.52
3tnh,6.46
5h4j,6.89
4uco,7.0
1fd7,1.85
6qhb,6.3
4el9,5.36
6op9,9.28
3m2w,8.52
6dug,8.27
5u2c,6.63
5emb,5.2
6oxt,9.95
2q80,4.6
2ke1,5.3
4avu,7.85
3g4l,8.24
1o44,8.52
3wcb,7.74
6j81,6.29
1mpl,3.77
6miv,8.15
6g33,8.15
6h1d,5.6
6ajx,5.04
4op3,8.15
1rti,4.77
6s55,6.2
2q2y,8.8
5mnh,4.68
6eku,4.28
2ckm,8.82
5g22,7.0
4oho,7.77
3e51,7.85
4own,4.22
1rlp,5.1
1uml,7.52
4c1g,5.14
4msl,6.15
6bef,3.98
4f6s,5.49
4rrg,2.81
5ioy,5.22
3lj3,9.03
3vb7,4.31
5ual,3.58
1czk,8.82
2cfg,7.44
4yqu,6.66
4cd6,3.59
6s88,6.17
3b3c,3.98
6fz4,5.95
1u2r,5.41
3kmm,9.7
3t2c,4.6
4k78,4.79
5tzz,7.85
4mse,6.16
4yb7,3.8
2jke,4.23
3uvm,7.52
6ay3,8.02
1qf2,5.92
3rum,5.77
6eq2,5.89
3uvn,6.59
3o57,10.1
1r5h,6.74
6djj,4.1
6mo8,5.84
6fnf,7.89
4lk6,5.2
5ow8,5.16
2vto,6.85
6i0r,4.35
4myq,7.49
5wei,5.7
6oxv,10.7
6iup,7.64
6hhg,7.76
6mvu,2.89
3azb,4.92
6iil,6.17
6pka,5.92
2h5j,7.91
5izc,3.95
3ebl,6.3
5eom,6.39
6ar4,6.24
2f18,4.1
1ru2,6.49
3r22,7.77
3e3b,7.96
4awq,6.32
4hgs,8.3
3o6m,7.48
4uce,3.17
4wet,3.35
1u33,4.6
3chg,3.99
3b0w,5.7
5qad,3.77
6br2,8.72
1xfv,3.89
6elo,6.29
2clm,3.55
6r1c,4.92
4nnn,6.57
4c66,4.1
5l2t,6.19
4xu3,9.5
5vqe,1.49
5nme,7.09
3v2o,5.31
3ow6,6.66
6q3y,7.27
2b1p,8.52
4md6,7.77
4l7f,6.8
4crl,9.71
4hnn,5.7
3o9l,9.66
4pgd,6.92
1uyg,4.27
1bdq,6.34
2fq6,7.1
4lh2,1.24
5y2f,5.15
3jy9,9.0
1xb7,6.22
3iu8,6.24
1bzf,8.3
2e9d,5.89
2xhs,6.0
3fqh,6.24
5t4f,8.0
2mwo,4.7
6s9d,7.8
4awi,6.0
1db4,7.24
4nka,6.51
6ne5,10.52
5d11,7.55
5fgk,8.77
2bpx,9.4
4b14,6.22
5u11,5.35
1z5m,7.52
1tkt,6.15
4c5d,5.4
2wi7,7.24
2f80,8.18
6rfj,8.4
5hlm,5.9
4dfu,4.6
6hm7,7.1
5d25,6.3
3mlb,4.8
6pg4,3.59
2l11,4.82
6hkm,6.57
5c1y,5.9
5upj,7.12
4c4f,7.59
2qh6,6.0
4afj,6.4
5hf1,5.74
4flh,9.0
6g9h,8.4
6biz,6.57
3qyy,5.08
1qpl,8.51
4yrs,3.07
5o83,7.96
4phv,9.17
4eu0,6.4
1n7t,6.82
2isw,7.43
1ado,6.0
3t5u,7.59
1k3t,4.19
4h5d,7.55
4aq4,6.17
4fbe,6.99
6elp,6.63
2wks,6.89
5h2u,8.15
4phu,7.92
4rfr,6.54
5jeo,4.8
4yhm,9.76
2vgc,5.24
3vi7,7.39
2nww,5.48
4pd8,6.03
5wuu,6.09
3f8c,7.68
1rnt,5.19
2vte,3.91
6exs,3.44
3wf9,6.25
1hi5,4.04
5xva,7.29
3nb5,7.74
3e4a,8.77
6pk7,4.72
2pv2,5.91
6i41,4.21
3rtn,7.13
4qqi,5.52
3oay,1.7
5g2g,6.05
1i9o,8.42
6ajh,6.54
5yqx,6.96
2haw,4.92
3ddp,7.14
2w7x,7.62
5zah,7.28
4bzs,7.12
3v04,7.89
3itu,4.4
6a8n,7.82
1ta6,9.13
5trf,9.06
2r0z,5.47
6v5l,3.65
6qqt,4.23
5nzf,4.03
6msn,4.95
2ay5,2.59
3tne,5.72
1amn,13.82
4hni,7.49
1j4q,6.44
6jn3,5.16
4qge,9.3
2owb,6.36
3l3z,4.87
4gmy,7.55
6hp5,7.27
4qz2,5.21
2qyl,6.19
5y6d,7.26
3tgs,5.39
4nxq,4.74
3rz5,7.89
3l5e,7.57
2z92,9.1
2v25,5.72
4gw6,6.2
5ei6,7.0
3iok,7.96
3gs7,5.44
4der,6.31
4dhq,4.49
6i5i,8.05
4zsa,7.82
5xmu,7.51
4nbl,6.33
3vp3,4.95
4g68,7.92
5hmi,7.82
1o43,5.66
2vh6,9.7
4xg3,7.76
2ity,7.27
3sgv,4.46
6ak5,6.12
4qlt,8.6
4yxi,6.5
4s2i,9.0
3i25,8.51
5lmb,7.8
5fe9,4.68
4fz6,6.9
6br3,8.72
5ap1,7.97
1rs4,7.17
4qjm,8.17
1kzk,10.39
6cdc,5.6
1qbq,8.3
1jje,8.43
4pid,4.62
3f8f,6.63
5n31,5.79
1g1d,9.44
6md7,6.74
2z5s,5.66
4z2b,7.76
1w6y,5.36
2w3k,10.1
5zdp,7.18
1mq5,9.0
1jmq,4.4
5op8,4.18
3b7i,5.82
3pwk,3.35
5upf,8.6
5zdd,5.75
2w8y,9.09
4jsc,7.13
4h39,6.68
6njh,3.69
5i1q,7.92
2qwc,3.55
2jle,6.42
3w69,7.24
3wi2,7.04
5nge,7.19
6jsg,8.34
5ku9,5.83
3k8q,11.28
3ati,3.73
5l3e,6.18
5lce,8.04
2xez,5.82
4c0r,4.91
2xaj,3.77
2lbm,6.57
4ef4,5.35
4yt7,8.77
1vru,7.0
1s19,9.51
1zkl,5.09
1aht,6.21
4b5d,7.89
4nhc,7.34
5tnt,8.31
2yol,6.89
3fu5,4.12
4b11,5.64
4zlo,4.92
5dyt,7.6
4li8,8.12
3rwe,7.37
6o8i,10.0
3kf7,7.4
4mgc,6.32
3ri1,5.3
5hfj,4.39
6f3g,7.16
3pxq,4.43
1i72,7.26
1std,10.33
5tpx,6.55
2gqn,5.35
6a03,5.25
6me1,7.92
3kqo,3.85
1y2f,4.92
4tqn,6.11
4frj,6.55
2jc0,4.7
5ecv,6.77
4jnj,9.07
2j3q,6.15
2oq6,3.6
3wix,6.27
4rcg,5.03
3oim,6.74
6mtu,5.22
1nvs,7.82
2hdr,1.72
4bs4,8.22
3wax,7.89
4f9v,6.03
2gv2,8.3
5dgz,7.85
5j5x,11.02
2f7i,7.1
5qb2,4.15
4qtc,6.4
6b96,7.84
3e16,5.24
5izf,9.74
3eax,4.92
6qyl,6.08
2zp0,7.6
4j48,5.62
1yej,7.46
5c4l,5.64
5umy,6.97
4o6w,8.52
6evp,4.53
3p8e,5.15
5div,6.85
6pvy,3.19
4ab9,3.33
1u9x,8.15
5htz,8.62
4igr,7.2
3iw5,6.08
5akl,7.07
4h81,5.12
3hvg,2.7
2ow3,8.52
5twl,7.98
2k7l,6.15
4yur,9.8
2jq9,4.48
5ll7,5.61
4ode,10.0
6czd,3.85
6bu0,5.96
3u0d,10.0
6pgo,4.7
3tz0,5.04
6n3z,6.59
5dgw,11.05
5vm0,8.8
5tcy,7.66
4ovh,4.85
6itj,7.97
2zdt,8.02
2oc1,5.37
6p11,6.05
2uz9,5.71
6m8a,5.26
2xye,8.34
5ew0,6.59
6n4e,8.0
3zns,7.41
5jur,8.52
4b0g,7.82
2chm,8.26
4zuq,6.89
5khm,8.3
4lph,5.04
1pot,5.49
4prn,5.66
4uyn,8.4
1w5v,8.15
4ydg,7.82
1m21,6.52
1m5f,7.83
1leg,7.95
5nba,7.3
3kgq,2.3
5cgc,9.3
4mnp,7.34
1b1h,7.03
4lwt,5.41
3qip,6.89
2qoe,7.6
4det,5.68
2fde,9.15
4j45,5.77
3b82,4.43
6inz,5.8
5mro,5.7
5uwl,8.03
2o9a,3.81
1p2a,7.92
2qcm,3.35
2n8t,3.37
1d4l,8.77
4j1c,7.31
2qi4,10.44
4yk0,3.74
6g6w,9.7
3ipx,6.92
5ubg,5.17
4gcj,7.7
6f4x,4.97
1pq3,7.52
6p1l,8.7
4kz3,2.77
5ivv,6.35
6q4g,4.3
3rcd,7.77
5dxu,8.4
4np2,2.26
5ezx,7.06
2ll6,10.0
6ety,8.05
4mp7,5.74
1kc5,7.0
2w0x,3.2
5hm0,6.36
4p4j,6.15
3uoj,7.29
5oei,5.8
4z1j,8.11
5gvp,6.78
2qfo,4.7
1wbv,3.79
2r3l,7.0
5l4m,5.34
6dtx,8.35
5h9r,6.08
3k05,4.85
4m0r,5.21
5xmr,7.61
6r9u,2.12
1hk1,5.64
3q2h,9.16
6jse,8.77
2z8e,8.0
2pgl,3.59
2y2i,4.59
4k5o,3.98
4o4k,3.7
4j3u,6.34
1ec9,3.1
3be2,8.7
5d0r,6.37
5a54,6.15
5t66,8.43
4cr5,4.15
2xbp,5.02
1mfg,4.3
4anv,6.36
2zwz,7.79
3n5e,6.82
6m9t,7.7
5vqy,6.29
5jic,6.89
2phb,9.49
2b1i,6.82
4fgx,7.14
6ahs,5.82
5ei4,4.58
2xag,4.55
6eeb,5.3
1qm4,4.3
2brg,5.21
4a51,6.73
1m5w,4.27
3hv6,5.64
1s39,7.7
4u0e,6.92
1okx,6.8
6cck,7.43
2zir,8.19
6bid,5.54
1u65,7.58
4urz,2.52
5v9t,7.35
5dtj,4.47
2qhn,6.01
5m51,4.72
2wp1,3.6
4wag,7.08
6gga,4.85
2jdo,6.64
4yas,3.41
4owv,4.35
6ufo,4.46
3rzi,5.33
4avi,7.63
5fho,6.67
6gip,7.38
2v12,9.05
6qwi,4.29
3peq,7.5
1ej4,7.3
2o4n,7.82
2za5,8.43
4b9z,4.09
1pmv,6.82
5v84,6.7
3ith,8.1
1ws5,3.03
6htp,6.8
4rpo,7.64
5ha9,5.78
5ywx,9.85
1u1w,5.85
3ro0,4.5
6o4x,7.4
3wk5,4.82
4zx4,7.11
6qi7,6.46
5ntq,7.47
4zow,4.12
5llg,11.13
3l4y,7.0
2hmb,5.59
2uxu,4.74
2x95,4.95
4qlu,8.08
3lp2,6.66
5ota,5.74
3oap,6.26
4xrq,6.63
6p83,7.1
2ya8,5.75
2ai8,6.8
1inh,2.3
5y3o,6.86
3arz,6.0
5bue,8.52
1a4q,5.44
2cej,8.62
2f70,4.47
3qlb,8.43
4o91,6.83
6qho,6.2
6jax,4.42
1xud,8.1
2c5x,6.6
3ijg,4.27
6gjl,3.86
3hzy,7.0
2f3e,6.81
4qew,7.07
2fo4,7.22
6db4,7.31
6o21,8.46
4ah9,2.46
5osk,5.6
4a4g,2.99
3ggj,6.0
1yxd,5.3
2bb7,5.67
4l23,7.75
2psx,5.77
6f6s,2.89
5g5f,5.28
6gmq,2.3
4n4v,8.7
4cy1,6.74
5hvt,7.26
2f34,6.89
4dt6,7.23
5eei,9.22
3p55,7.1
6m9d,7.35
1i9n,8.66
3zmi,5.95
1awh,6.08
3eyl,6.6
2wo8,6.28
3nba,3.41
4daf,7.12
5wyq,4.84
2fgi,7.34
2zzu,7.41
1h8l,7.47
4jc1,4.3
6qtx,4.41
2ra0,7.8
4abu,6.28
5gof,4.05
6dsp,6.09
5g43,3.7
5l7k,10.37
1rgk,4.31
4ipi,5.32
2i4d,11.68
6phr,6.7
4bnu,7.7
5o4f,6.68
3vru,10.0
1j7z,7.7
3qwc,4.26
3n8k,4.05
6csp,8.52
4rro,7.59
5i13,5.08
4jzi,7.4
3bxf,5.54
3ok9,11.23
5wfw,6.1
2w47,4.98
5fe7,3.31
3mho,6.49
2qv7,3.66
3nyx,7.49
6q74,8.2
3mvl,7.89
6iso,4.6
3c56,7.89
1c3x,3.68
5zr3,7.01
3npc,8.34
1iwq,8.06
5jal,2.47
3anq,6.74
3wq5,3.85
4an3,9.22
1u3q,8.46
4kc4,3.23
4qmv,7.64
3ffp,7.14
2wtd,6.68
1mrw,9.7
1y0x,8.7
2g2r,7.89
3vby,4.55
6i62,6.8
2vvc,8.52
1q7a,7.19
3t6r,5.66
5qj3,7.62
2y5f,8.7
2yex,10.0
2c6i,4.96
5t2l,8.2
4dxg,7.06
2wmx,6.07
6asu,5.21
1dth,8.22
2fwp,2.92
2xxy,7.89
1mf4,7.99
1tsv,4.8
1cps,6.66
1df8,9.7
5xwr,5.98
1t4v,7.68
2nn8,3.59
6fh3,3.07
2ybu,6.38
3bgm,7.41
6ma1,8.1
4pyo,4.52
4gs8,7.0
6an1,5.35
3ppr,2.82
1zsr,9.82
4nhx,5.72
1ke6,8.24
4jyc,6.7
2kbr,4.6
1ebz,9.4
3h5s,8.3
6e9a,11.92
4x5z,7.63
6ge0,8.68
4g8y,4.59
5khd,5.6
5nxp,7.99
1yw7,5.85
4elf,8.03
1p02,7.17
6fo7,7.87
3b1u,5.72
1uwh,7.66
2w0p,6.52
2uyq,5.68
1caq,7.72
5yum,3.65
2gbi,8.52
5vcw,5.96
1uyh,4.84
3v01,7.6
2y6s,6.99
6h1u,5.32
1w5w,8.8
3d7g,7.77
3ds0,4.83
4gqp,9.6
6evo,5.17
3f8s,7.89
4i73,6.72
4dk8,5.74
4r5g,5.22
4oc5,7.07
6ak4,5.46
1h1s,8.22
4zw8,5.96
3o6t,5.22
1bb0,8.36
6pyb,5.38
5awu,4.65
3bmo,5.27
4k2y,3.33
2gnf,5.22
1v41,4.7
3l9m,7.3
6dj2,8.12
5iuh,6.4
1veb,7.41
4d1b,4.44
2bes,4.24
5o22,8.0
3f9y,4.49
1yqj,8.14
4mlx,3.19
1atr,6.96
2w06,7.08
5mf6,4.36
4g90,4.51
5w5o,8.1
5hjb,5.68
1xgi,4.85
4igt,7.89
2vvs,7.34
1zoe,7.4
3ow3,6.13
2xml,3.3
3smq,5.02
4b60,5.43
5ivj,7.34
1eef,2.92
4pfu,6.17
4xub,5.97
5db2,7.6
5jfr,8.3
5mmg,6.01
6n96,5.42
3tjd,9.0
4zsh,7.05
4b3u,5.33
5wqa,7.96
3gcs,7.25
5ul5,6.97
5b56,4.54
4b2l,3.24
6bmv,4.68
3mhw,2.3
6hol,5.72
5jaz,6.55
4f49,6.09
5ut4,4.38
5gg4,5.82
3hvi,8.3
1ela,6.36
4ufi,6.2
4xyn,5.89
3t4n,4.14
3bl7,8.4
2va5,4.07
3pxe,5.7
6dar,6.66
6iiw,5.66
6o5a,6.29
5y5w,6.1
4ylj,8.22
3sd5,6.58
6rtn,6.63
5auv,4.51
1hos,8.55
6dai,4.07
2lyw,4.52
5k0t,5.78
3uzj,5.55
3fsj,3.95
1ype,8.1
3owl,6.17
5knv,4.87
5ezg,4.92
5q0v,7.69
6o3w,5.12
4ezx,5.8
5lo5,5.87
3qem,7.22
4ptg,8.23
6mjj,7.84
1tvr,7.48
5ldo,3.75
4kyh,5.92
3r7o,8.36
4hgl,8.1
6stl,8.8
5kat,4.1
3wqv,5.21
5wbf,3.81
2y1x,7.57
2zm3,6.21
1nu8,5.42
4i71,7.74
3soq,4.57
2w6p,6.48
5wfz,8.0
2uw6,6.55
2p3a,7.96
2ydi,6.82
3su6,6.02
6oxq,11.3
5zk5,8.37
5fov,2.8
4hnf,6.15
4wop,4.76
2ay4,2.91
1c2t,6.59
5xvk,5.05
2osm,6.2
3wyy,8.49
4nzn,6.38
2wnj,6.48
5f5z,7.07
3l13,7.82
3l54,8.15
4ymb,6.21
1n3w,6.96
6c7i,9.42
4qz4,5.01
1q4l,7.4
6c3e,7.2
6ebw,8.6
5cqu,6.54
4ui3,6.88
3o99,10.82
4w9f,5.49
5v24,6.4
4l0l,7.27
6hd4,8.64
2yjx,5.12
4zwx,8.7
4acc,7.7
5vcv,6.82
3l3l,7.48
2cnh,7.23
6ghj,2.16
3qtq,5.51
5myo,10.53
6bl2,7.39
3nef,5.94
5wkl,6.15
3l0n,2.77
1k08,5.34
4azf,6.35
5j8x,8.8
3acx,5.7
1xr9,7.15
3ump,2.99
3w2q,7.18
1nfw,8.96
6a9c,2.74
4gih,8.32
2w0z,4.03
1n1t,3.85
4g2w,8.8
5y7w,7.7
2hiw,8.1
2ajb,5.5
1stp,13.4
3mw1,9.09
1ljt,5.15
2w78,8.57
1mqd,6.77
5fbn,9.57
2p4i,8.0
5fun,7.59
4hxq,7.22
3wkb,4.21
2eh8,7.96
1wdq,1.98
5oh4,4.55
4ea3,9.57
5eoc,7.52
4qhp,8.05
4kc2,3.31
6f5u,3.54
1ocq,5.19
1li6,3.8
6sde,10.2
2obo,7.24
5mae,6.84
2h4k,5.49
3vd7,4.48
1pop,9.0
6eb1,5.33
1lyb,11.42
3uat,6.66
4z0q,8.17
3aqa,4.55
2e9c,5.96
5lxb,9.77
5yc2,4.94
3gdt,7.19
2w70,4.92
3ivv,5.43
3uug,4.51
5ko5,4.57
5yji,5.3
3kb7,8.15
4ju7,6.17
4xjt,5.14
6ms1,5.22
4j09,4.77
4jwk,8.32
4o4r,6.06
4p2t,5.43
3mdz,9.1
4x14,2.92
5byy,7.01
4lgg,8.52
5epy,7.4
4x5q,9.0
1eei,3.15
2jk7,7.17
5o07,7.47
4fs3,7.85
4oru,3.68
3ebi,7.1
2rk8,3.64
4x63,6.77
6eks,3.84
3c52,7.3
3eov,7.2
6dpy,4.1
3oyq,7.99
4bo9,6.51
2jb5,9.22
5w1e,5.24
2y59,6.44
2pj7,7.77
3kfa,7.6
2ces,7.25
1ouk,9.89
5qqo,7.77
5jsm,6.59
4b84,4.66
2a25,4.62
6uf0,7.14
2pou,7.42
6h29,5.62
2gnh,6.83
5jxq,8.15
5vc4,7.36
3zhx,6.68
6s07,7.4
3f07,5.54
2j83,4.21
3hg1,4.74
2zoq,6.05
2wzy,10.72
1elb,7.15
4wsk,6.43
3cqu,6.82
4o15,8.7
4gah,6.1
3t6j,6.36
6nyw,6.64
5wgq,6.48
1hbj,8.52
2zdn,6.25
4l09,6.07
4b8p,6.85
2y6d,7.1
2qnz,5.42
3pn3,6.4
6bbs,9.89
3qrk,7.24
184l,4.72
1h46,3.57
4fk6,9.7
5wtt,6.6
5zaf,6.78
3udd,7.1
3kai,5.41
2kpl,6.64
6cdp,8.79
2a3i,6.05
2k31,8.7
3w07,3.38
7gpb,5.52
2nv7,8.3
4f8j,5.07
3vw0,4.67
1y8p,6.08
4rse,6.4
5l8o,3.38
1f7b,4.6
4bh3,1.92
1dm2,7.15
2qp6,6.68
3cr4,4.28
6huq,7.14
2pu0,7.82
3v0p,6.28
2fb8,9.8
2n0w,6.15
1xh5,5.47
6fns,4.03
6aps,6.66
5yg4,7.37
1d8e,6.6
4oya,6.44
2c6m,6.46
4w9w,7.48
4kon,6.48
1eol,13.42
2xch,6.43
3o4k,7.62
2ay8,2.24
4xhk,8.3
3u81,4.44
6g4y,8.82
3vhe,8.21
2ank,7.33
5c29,6.06
6hk6,6.41
4q1y,10.35
1c87,4.2
2ql7,6.26
5ul6,8.22
2flr,6.1
6rn9,8.2
6nji,6.99
4zga,7.7
4ock,5.08
2osc,7.77
3fpm,5.05
4xoc,8.52
6oko,6.74
4zb6,6.28
6gxy,5.24
5vad,9.12
4k6t,4.1
5tuz,7.4
1k4g,5.85
5d3h,5.1
1elc,6.66
2qic,5.48
5g4o,4.43
4tt2,4.66
5h8g,10.32
6a94,7.4
4pop,8.13
2ghg,8.82
6ej4,6.8
4p4d,5.74
1g85,5.48
3vd9,4.0
6jio,4.55
3slz,6.99
5goe,4.34
6oos,11.3
6f8j,7.07
1iih,2.89
6qxs,7.13
5lyy,4.85
2oxx,6.7
1mq1,6.59
5yyb,6.56
6n78,9.68
6pii,6.96
2y7p,5.47
3vf8,6.82
5qcm,6.96
3skc,8.8
3f5p,6.85
6c9v,6.92
6bw3,5.53
2v88,4.09
5h15,5.8
1v2j,3.25
3bys,9.3
4oaz,5.77
6dn5,7.49
1o2u,5.85
4ec0,6.07
1fw0,5.43
2avv,9.26
2y82,8.4
4jbp,7.39
4jnc,8.52
2ohp,4.03
4rd0,6.62
6sfc,5.28
6pi6,5.66
3upk,4.3
3tv8,7.15
1efi,1.92
5fdp,6.51
5ueu,7.78
4q1s,4.17
5ye7,5.46
1m2r,6.46
3atp,4.45
4b78,5.0
5yjb,7.54
5lhu,4.66
5vd0,6.49
2gpp,5.7
1pvn,9.82
3qti,7.85
1zz3,6.54
5hx8,10.0
3zst,1.72
2wtc,6.51
3dcr,8.2
2avq,4.39
4q46,3.77
3hv8,6.98
1rrw,4.55
4b81,4.92
5j27,6.74
6q4e,3.46
1izh,7.7
3vw7,8.1
3ens,8.05
4uxh,5.96
6hsz,6.94
2h02,6.49
6gva,8.22
4ahv,1.82
6dge,6.72
5w92,7.7
4d1j,6.31
5vdu,4.0
3s54,9.64
6c8x,12.3
6dgo,5.47
188l,3.33
5ls6,9.0
6dh8,9.84
5f3z,4.54
4zs3,5.18
6jap,4.8
6qqz,6.74
3ghe,5.89
6h7l,8.97
6n3w,5.81
1uvt,7.64
6qtw,5.52
4bfy,6.92
6uh0,6.07
3cl0,7.07
2zv2,6.3
3l0e,8.0
4os2,6.7
4zy4,7.66
6s1s,5.84
2vd4,4.74
3ekr,7.52
4zpe,6.35
3t0d,2.37
4i4e,6.3
1gj4,4.07
5nw7,5.77
4zzx,6.9
4j8b,4.79
1zaj,5.1
3qd0,8.5
1dy4,4.36
6g25,3.52
4pdk,8.22
4kp8,5.48
6nkp,6.52
5w8i,6.82
6hth,7.12
3s56,9.62
5q12,5.33
4bch,7.66
3nht,7.01
3pxy,5.23
6mqm,9.57
6gn1,8.0
2q6f,5.44
6r9x,2.96
4pxf,3.1
5xmp,7.37
3m67,6.74
3rlq,7.4
2a3w,5.42
4ob1,6.3
4ycm,7.72
3ly2,8.3
2ozr,9.17
4n84,6.29
3iuc,5.66
1pbq,6.27
5sz6,7.0
5l8a,4.91
6co4,7.57
2pe2,8.4
4ezz,5.19
2nns,6.05
3zmh,5.28
5xg5,3.48
5jid,3.76
6hpg,5.5
3o9e,11.3
1ez9,5.1
4cs9,2.1
5qa7,3.96
4bfp,7.82
4b35,2.89
3wz6,5.96
2aow,7.42
4mlt,2.85
4kox,4.77
5fkj,10.66
2iqg,8.3
1hk4,5.31
2g9x,7.35
6qyk,5.55
3pdq,6.74
6ode,8.1
2arm,7.68
5l4i,6.59
6dn6,8.15
5lhi,8.11
1nde,7.82
2yj2,7.92
4l31,6.79
1ec0,8.49
2zxg,8.82
2vqt,6.0
6h33,9.22
4k6u,4.14
6aeh,5.75
5mql,5.85
6pic,3.39
6m8d,5.14
5i3w,9.22
5mih,4.19
5qak,3.66
5yl2,4.5
1qiw,7.74
4g0a,7.6
4b0j,2.15
3vtd,7.92
3qpo,6.61
2wq5,3.74
5f3i,7.1
3wuu,5.14
1uu9,5.4
2fky,8.59
1mik,6.35
6hs0,5.5
3iad,9.0
2kfx,4.0
6asz,4.72
3b3s,2.55
2gsu,3.59
5za7,5.87
4nw6,8.4
3zlo,8.82
3d7h,10.22
2ks9,2.04
3n0n,7.3
3djp,4.2
4rrv,7.4
3p50,4.62
1lvc,6.0
3h1z,4.66
4ymx,7.1
5u48,6.33
6qk8,4.85
3ns9,8.52
2x6x,3.68
2vnf,5.52
1tnk,1.49
1htf,6.83
3jqb,6.02
3c49,7.15
4pgb,7.48
5ylv,6.82
1rzx,4.1
3ft2,7.36
4i67,6.35
3ddg,6.0
3wpn,4.36
3szb,4.92
6qw7,6.33
3g8e,5.35
4ufu,8.0
4gtv,7.42
2ien,9.0
4ayu,4.73
4ceb,2.97
3gjw,8.3
2vcj,7.68
2ou7,3.81
4rcf,8.4
4l2x,7.41
4jvi,5.3
1ew9,3.22
4muv,5.76
3n5j,5.22
6mjf,5.16
4d8c,8.7
1tps,8.0
1lhe,9.54
4d89,8.7
2bts,7.7
6eol,7.43
3cfn,5.0
2fkf,2.92
3d3x,4.16
5lch,4.69
1a94,7.85
6nzq,9.52
2mas,7.52
2pix,4.3
6bw2,7.68
6d1m,8.2
3mkf,4.77
4l33,8.15
2vj9,6.74
5u4d,6.33
6rj5,6.52
2pzy,7.47
4i1c,8.1
1c85,4.64
4utv,5.09
3p44,8.01
6cjy,7.64
4cc7,4.33
3ryx,8.14
5tcc,5.66
5ipc,4.89
1hdq,5.82
5v3o,7.22
1owi,7.55
5qin,10.4
4lwv,8.22
6enx,6.08
1onz,5.1
5fpu,6.26
4bps,2.99
4q0a,6.48
5zee,2.8
1gsf,5.0
4qlk,3.24
3u51,5.51
1vyq,5.3
5kmf,6.29
2xa4,8.52
1vj5,6.92
1q66,5.77
3ej5,3.57
3v30,3.74
1i33,4.12
3ta1,3.25
3ccc,8.1
6n3x,5.09
6ghv,4.28
1ci7,7.05
6gr7,5.5
1j07,7.68
4qb3,5.47
1rpf,3.99
4puj,7.46
5tfx,7.22
1unh,7.0
2pvk,8.3
2g97,6.82
1jaq,4.48
6o1g,9.0
6f92,6.4
1szd,4.54
6cje,7.22
2a5s,6.7
1kwr,6.6
4b8o,8.4
3e6y,5.6
6bbv,6.1
4buq,8.14
5f29,5.05
1db5,6.82
2k4i,3.84
4cts,5.0
4mzh,7.18
3px8,3.64
3wke,8.89
4pte,7.13
2p94,9.17
2izx,9.4
6uil,7.1
3zlv,3.52
4i60,5.73
3r7b,6.15
3ava,4.4
4fyo,7.33
1xos,4.7
1ihy,3.74
6i8b,8.0
4gy5,6.82
5dhs,5.22
5bqg,4.76
2qky,9.61
3qtr,6.03
2xtk,3.79
4mk9,8.05
5kbi,5.39
3b8z,6.54
5e2k,8.03
4cku,6.82
4urw,2.8
1m2q,6.1
4o3b,6.09
5c7f,3.98
4w9k,6.54
4d8n,5.74
5hg9,7.46
4x47,2.85
6jn4,5.69
1klg,7.89
3mmr,4.96
5fnu,8.89
5enf,3.57
5gty,7.72
1g9t,3.28
6jib,5.8
1lkl,5.81
6e7w,6.52
3suu,8.52
5h5f,4.43
4nh8,8.52
5zwh,8.72
2o2u,6.4
1v2u,3.37
1rhj,8.04
2bgn,5.7
3h21,4.7
6dim,2.14
2r23,3.72
4zwz,8.7
3dng,8.13
1h3b,6.85
3tif,5.38
4aw8,7.66
6dvm,8.52
2ai7,6.4
3p4f,5.66
1g54,8.82
5anu,9.4
3axm,5.07
2cgr,7.28
3r04,6.92
6gnw,4.99
5qaw,3.4
4f8h,4.24
4jck,2.37
6aah,8.41
6c28,4.17
4qtb,6.7
4k4j,6.12
2ohs,4.4
4ara,6.05
1iiq,7.48
3dxk,6.33
2wik,3.18
5ypp,4.64
3mf5,5.36
4cd1,4.89
3ubx,7.6
2r02,5.1
4b1d,7.49
6rjp,8.96
6ovz,3.85
6r1w,5.3
4kn7,7.62
5itd,6.58
6hmx,8.89
3zkf,6.02
3qtx,7.15
2gz7,6.52
3e1r,5.82
5q0l,5.36
4fll,5.29
1fiv,6.59
3qtu,7.15
2pqb,7.2
4j8m,7.32
4ght,5.78
5ltn,5.27
5lne,4.76
2j95,8.4
1utc,4.55
2h6b,5.39
3dx4,7.12
2k1q,6.22
3m9f,11.15
5fdg,6.37
5iu4,9.28
5flo,3.15
2r5q,8.57
5fpk,3.55
5lcj,6.64
2az9,7.66
3hub,8.09
6hub,8.1
3iet,6.85
4a7i,8.7
3eb1,4.79
6fvm,6.6
1lq2,8.77
2znu,8.11
1dzm,5.41
2ivu,6.43
5gs4,7.07
3b3x,3.6
6b1o,8.51
6b7c,5.14
6oac,7.95
4b5t,3.33
5lla,7.72
4zt4,8.0
3tiw,7.67
2bt9,6.19
1g6r,4.27
3k97,8.0
4pnk,6.6
6c9p,5.64
2vxn,5.0
1l8g,6.22
4kln,7.7
2xru,7.51
5mek,5.38
1h9l,3.12
1anf,5.46
5itf,5.74
1oif,7.72
4zhl,6.47
5hmy,6.3
2oz7,7.85
5vpm,8.8
2qwd,4.85
4aqc,9.05
5x9p,6.89
2b8v,7.01
1nnb,5.0
1rp7,8.52
1o34,5.74
1gjb,6.35
5i40,4.86
1utm,3.01
2ph8,5.74
5l0c,6.15
5ou3,6.21
6csr,6.84
5xg4,5.15
4bkz,7.57
5joh,5.96
5d9k,8.4
1vr1,6.89
5ktx,7.7
4ch2,5.99
6dud,6.59
3ip5,6.22
1nfs,9.92
4aaw,6.3
3zo2,7.1
2xp6,4.7
6dq5,5.19
2xh5,7.57
4kij,4.3
5ajv,6.24
3ip9,5.62
2ms4,4.82
6bqa,5.85
4zeb,6.52
1y3p,4.82
5dia,10.46
4dea,6.59
3sji,5.69
4e0x,7.12
4qpl,7.41
3gyn,7.21
4ce2,3.84
3qx8,2.86
3h2o,4.59
1f2o,1.91
2ym8,7.89
4q7w,2.64
2p7g,6.53
1cin,8.73
4zsr,4.44
5llh,10.17
2h6k,5.06
5o1b,4.7
6qmd,3.77
4nxu,5.54
5tg7,4.53
6qmr,7.92
6n9p,8.4
6ul8,7.52
1wvc,4.46
1yvm,6.4
4prp,5.66
3mtb,4.63
4j46,5.28
4i0f,6.35
2gg5,6.6
4eox,9.55
5w7u,8.05
2waj,6.4
5drs,8.96
4wey,3.5
5mlw,5.03
3g58,9.28
4baq,9.01
1fzm,7.7
3fdn,7.48
3wci,6.57
2yoj,8.3
5typ,7.6
3kdu,6.46
5om9,4.25
1c86,4.7
4ylk,6.74
4o0j,4.89
4y6s,5.03
5f37,5.77
4lwi,7.64
6ft3,6.42
3t07,7.8
4d09,8.77
2baj,8.4
6mmc,3.61
5ly3,7.51
2b7a,9.0
5n8v,6.68
4e5f,4.82
4qyg,8.39
2c6c,7.52
4ie0,5.08
4tz8,3.3
6i8z,7.8
3qfd,4.17
2r3f,6.3
4r95,7.85
5h5r,6.21
5i7y,7.28
3hvc,6.22
5y7j,7.29
2zaz,6.4
5k0b,6.05
2xv1,5.99
3wf7,6.69
4y8z,10.4
1d4k,9.22
3vw9,7.96
2no3,8.05
3dvp,5.0
4fzc,8.4
6f6n,3.02
4odl,6.95
4jpy,4.43
6gjr,3.74
3hmm,7.6
2qhm,6.18
4gtq,8.3
1y91,7.23
5q0w,7.24
2w73,6.52
5q0z,5.85
2ych,3.0
1b38,6.6
6fmi,5.03
6qg7,6.83
2jup,3.81
4cwt,6.75
4w5j,7.24
4wz6,5.6
1y8o,5.89
4zx8,7.1
1yvf,7.0
5zlf,3.48
6f20,4.31
4pgh,4.89
3t1a,8.37
5nw2,6.49
6f7b,8.89
3s3o,7.57
6i78,4.74
6fo5,6.72
4qgh,9.0
3ked,2.44
4dzw,7.89
4u43,4.32
4ocx,11.44
1il9,3.4
3isj,3.68
5g60,6.52
4xv1,8.38
4a6s,5.2
2gfj,3.82
2hh5,7.49
5nut,7.92
5un9,7.68
1c50,6.48
1njs,7.82
1v0p,6.89
3b9g,4.72
2wqp,5.51
3zln,8.47
5m34,6.82
1zz1,6.02
5ny1,6.44
5ehn,11.64
2igy,6.95
1v2r,3.55
3nrm,8.4
4yth,8.7
1jq3,6.7
3wmb,5.37
5q1c,8.08
3uxg,3.96
1g46,8.8
2g1r,7.7
6rmm,4.69
5cfb,7.28
6fkz,6.05
4j08,6.66
4f39,5.7
5zef,1.75
4a9r,7.8
5can,6.91
6iou,3.73
5szc,4.69
3w2p,5.09
3ao1,2.26
4y0a,2.31
4giu,5.33
4c38,7.76
5l4h,3.75
3pch,5.4
3czv,7.8
6au2,2.3
6chq,5.36
6om4,5.45
6rqk,2.8
3ztc,4.56
4z7f,7.53
5fjx,4.96
4gvc,4.71
4b3b,3.6
5z1r,5.7
5fcw,6.52
2r5p,8.48
6peu,5.89
2vtp,8.52
5boj,7.0
3gm0,7.77
4ynb,10.37
6ar2,6.41
2vta,3.73
4kju,8.22
1f4f,4.62
6j5l,8.8
2qtt,4.32
4q9z,7.26
1bp0,5.4
6gxb,7.46
3w37,5.18
3iw8,4.87
4el5,5.37
5g57,8.4
5vrp,8.89
6im6,4.68
3mz3,7.83
4w52,3.76
3dz2,4.15
1ykr,6.25
6enm,8.32
3cwk,6.6
2isc,8.42
6miy,7.73
5d1j,7.32
5lif,5.87
4hdb,8.05
1w80,4.54
6cn5,7.7
2yc0,2.82
1vyj,7.0
5fao,7.96
6eo8,7.0
4w5a,3.77
3vw6,7.85
6g9m,8.1
3nu5,8.35
4o2p,6.7
4xtz,9.82
6r1b,5.44
2jdy,4.37
4mcd,5.33
3ads,5.01
3g4i,9.04
5abf,4.85
6faa,6.75
1bwa,8.6
5ely,7.36
4mcc,6.25
2gm1,7.0
5kgn,9.03
5z4o,3.28
5eld,2.66
4gne,2.47
2a58,4.92
1zyr,5.74
3njy,5.77
3wcg,6.85
6duf,8.14
4pp7,7.96
1xm6,6.38
5fbo,9.51
4z84,5.82
1o0d,8.21
4qsv,2.0
3prf,8.85
6eww,5.05
3cdb,7.02
3ove,6.57
6mul,8.2
5c7a,3.31
3aje,5.03
2pt9,4.46
1b5h,6.01
3h8c,7.72
4jr5,8.15
5v8o,3.77
2w9r,5.32
5gvm,6.73
4n7e,6.48
5n1v,6.19
4ygf,7.68
2y2p,4.7
3ikg,7.24
3pix,7.0
5km9,4.25
4d1a,4.72
4zl4,7.86
3k0k,5.43
1osv,3.48
4jj8,6.14
1sre,3.85
2wyg,8.7
5nkg,7.68
4uin,7.62
3jzr,7.44
6ega,6.78
1ax0,3.13
5hhx,8.21
6gmx,2.17
3zzh,3.36
1v2o,4.73
4n9a,4.19
6hoq,6.39
4tyo,7.1
4exg,8.07
4rj4,7.8
5gmh,6.31
3lk8,7.71
5ez0,5.8
1xh3,5.51
5oui,4.03
4ehv,2.29
1qr3,6.59
6mia,2.6
1bju,4.8
3fat,7.64
4ajn,7.16
3rwi,6.94
5lpm,5.56
4xcu,8.22
1gt3,6.46
5mxf,3.59
2cfd,7.49
5hmh,8.15
3uil,6.0
3qs6,4.89
3hyf,5.92
4amy,10.82
3kku,5.7
6bfw,6.66
6hx8,5.89
6axk,6.52
4ty6,7.52
3me9,6.3
2vj1,5.3
6poh,2.71
2fqx,7.15
5vqx,6.32
3otf,6.08
3eou,7.01
1m83,3.4
4kz7,2.49
5abw,7.77
2hqu,5.14
1guw,5.72
4bty,7.7
6prg,3.7
3nuu,3.77
1ek1,7.77
1bjv,5.54
5uxn,4.64
2aqu,9.32
3buh,3.66
5o5a,4.77
4ge9,8.8
5kej,5.11
5teh,7.55
1bcd,8.7
5qtu,8.39
5nrf,6.79
5kde,3.89
4n5t,8.15
4whh,7.4
6czv,6.64
4m6q,8.21
1udu,9.05
1uwt,5.97
5mfr,4.3
4zjr,7.54
4b5s,3.49
4x48,6.77
4aqh,6.54
1bwn,7.06
2a3b,3.33
1t37,4.35
6cee,4.19
4iks,5.14
1kat,6.0
4ui6,7.06
4u6y,7.08
4gg7,8.2
1vj6,5.1
6o0h,8.15
1q0b,5.17
2r3i,6.0
6ios,4.1
3f7b,7.19
4pyy,7.23
4jt9,8.14
4k4f,6.7
5kns,6.12
3dgo,6.74
1dhi,7.26
4qwl,6.18
2k46,4.58
6h75,4.38
2ds1,8.47
3is9,6.42
5wf7,4.01
5uc4,6.46
6eaa,6.09
6g9j,8.39
5alk,6.6
1w6r,6.15
5u8a,7.89
5mte,6.78
5hh5,6.3
4waf,5.0
4acf,5.8
6af9,5.49
4dmy,9.0
2clx,4.88
4ks5,6.89
1eve,8.24
6dj7,8.72
6fhq,2.47
6b5a,7.94
2qpq,6.37
2am1,6.0
5ddd,6.59
1w1y,2.62
2f9k,7.07
3ejq,8.57
5egu,5.85
6b2c,7.03
4l8m,9.0
4asd,9.28
5wfm,6.52
4uac,6.54
3ewc,7.7
5gjf,6.59
3cwj,8.0
6ay5,7.16
3f35,3.16
3ccw,7.87
2cng,6.96
5w14,7.34
6j0o,4.92
4ie2,5.35
4y5s,3.73
6pga,4.54
2lcs,6.7
5icz,5.3
4i2z,4.87
5y0x,5.11
4emv,8.3
5ugc,7.89
1m7d,6.23
5u06,6.66
5ivc,5.92
6qr3,6.44
2gde,8.24
3vb6,4.41
4rpn,6.96
6eq8,8.0
2uxi,7.3
3uli,7.15
3udy,5.7
6ps6,9.7
3f7u,6.61
2q6c,7.78
2l12,4.26
5uig,7.95
4k1b,11.52
1qan,4.48
6pi1,3.8
5th2,4.52
3zdh,7.35
2xm1,5.07
2vr0,4.42
3g6h,8.19
6e05,4.26
2v85,4.46
2wvz,4.02
1r1j,8.64
2vci,7.68
1fvt,7.22
5xxk,8.2
3m55,6.21
3t2q,3.66
3ni5,7.55
2hwo,6.9
3c45,9.68
5oaj,6.56
4aoi,8.4
5x54,5.0
6azl,4.93
6p8z,4.7
3bz3,8.82
4hnp,6.78
3tku,5.72
4wpn,6.68
2lsv,5.27
1axr,3.27
6got,9.4
1haa,8.7
3zy2,6.46
4e5d,6.22
4pge,7.77
6bnl,6.96
5uc1,7.85
2ovy,8.4
5x8i,8.7
5dtm,4.3
5cls,6.66
5lss,6.31
4p5d,5.82
6t1j,4.74
3cda,7.58
1c4v,10.8
4re2,4.98
4oc6,7.07
6skb,7.7
6gbe,3.5
4onf,8.92
5d7e,3.82
4ago,4.81
6quv,3.0
2vwy,7.05
5jiy,6.27
5o0a,3.24
6d50,5.05
1yk7,7.72
5nsx,6.4
5lvl,5.9
2pj2,7.92
6ind,6.62
4eos,6.05
1akq,9.1
6c4d,9.04
6orr,9.3
2f2c,6.35
1f4g,6.48
5dpw,5.37
6mo0,6.23
5my8,7.14
3bux,5.63
6od6,8.21
4ca8,6.68
6gcr,8.33
4pyq,5.36
1b9v,3.65
4deh,6.21
1hi4,4.49
3lk0,3.16
1nzl,7.15
4or0,7.46
4u93,7.89
4mvx,7.24
1gnm,6.25
2bzz,6.43
2w97,0.96
4j78,4.65
5vlh,6.8
2bmv,2.0
4m1j,9.7
3doy,5.82
4qvx,11.0
5ct7,7.15
4q6e,6.18
1mxo,9.0
5u5k,4.02
1i91,8.94
3r00,5.07
4ofb,5.43
2zmj,7.52
3apc,7.44
5j9x,7.77
5dlv,4.98
4ibe,4.15
3okc,4.44
3lpg,6.16
2xx4,7.1
3q7j,4.52
3aox,9.08
4i0s,7.44
2fhy,5.96
3lc3,5.23
5eg4,7.68
6bu3,6.55
6hkj,9.0
6eif,6.98
5uln,7.85
1gbq,2.46
1e6q,3.15
4pin,5.4
6qat,7.33
5wb6,10.7
6uvy,6.0
2er9,7.4
4m3g,6.26
1vik,9.52
4mga,5.86
6dj1,10.51
5o7e,8.0
3i3b,2.23
3ftv,2.93
2evm,6.16
6hu0,6.91
3i6z,7.3
4z2g,6.66
3rqe,4.77
2iws,6.36
4g8m,7.89
2w1d,6.04
2qcg,4.0
6g2s,8.4
1i7c,6.4
5jao,4.0
3oe6,8.09
4jr3,6.66
3u6j,8.21
4joa,7.54
4cfl,5.88
1w3k,4.3
2qn1,4.77
3k3h,7.06
4fn5,6.76
1oi9,7.16
4whr,4.12
6evn,4.71
5j2x,7.74
1cea,4.96
2fx9,7.77
4wkt,3.26
3qlm,6.37
6qzb,6.47
1tt1,8.15
3q4c,6.43
3at1,3.18
6oi8,7.82
2vth,3.92
2xk7,5.82
5c84,6.19
3g9l,6.13
4uwh,8.52
5yjy,6.94
2i03,9.0
2r3p,6.05
3kwf,8.17
5eqp,5.4
6hgr,3.46
1uod,3.11
4aa1,4.12
2zhd,6.54
3shy,7.04
5nka,5.46
6do1,8.08
3n75,7.89
2ggx,3.49
6ht8,6.72
4mc1,7.85
5wew,6.74
6mlp,3.7
5nvw,6.77
2qve,2.32
3ddf,4.66
1y2d,5.7
2xqq,4.82
5y93,5.64
1kc7,5.52
3lil,8.08
1g4k,5.7
4nni,5.5
2h6t,7.22
4mot,7.3
4a6w,5.72
4nkt,5.97
3a6t,7.28
2y4a,4.38
6r7d,8.62
6hrp,9.0
1kv2,10.0
2vtr,5.82
6q9w,6.24
4ms0,3.39
3e3u,7.89
4i7p,3.5
5n2z,5.31
5ajx,7.96
3ufl,6.82
3fuc,9.72
6g4z,9.77
3hdm,7.4
4cps,8.27
5alm,6.53
4qll,3.38
4cmo,9.07
2f1g,7.54
2giu,8.82
5zia,6.52
4pd6,4.44
3v5p,8.96
6hr2,7.0
3ewh,7.16
3as3,3.8
4qvy,5.09
6bw5,8.25
4p7s,7.42
5o3q,5.68
6ffn,8.22
3kig,6.61
6bau,4.51
5kma,4.71
3eig,7.68
4w9s,6.82
1rq2,2.52
2yit,9.54
4x69,7.66
4gjc,7.05
2ov4,4.74
3m3z,5.73
5ng9,6.72
5ai1,6.47
1sdu,10.07
1gux,6.96
4i5c,8.82
5dah,5.3
6eyz,8.1
5j7p,7.28
4djh,9.49
6hgj,4.38
6dh3,11.3
2y8q,5.82
6gjm,3.58
2r64,7.52
6n4t,8.09
3eka,3.0
5vqt,5.74
2gbf,7.92
6nd3,4.59
4e5g,4.67
3of8,9.22
5mty,8.89
2h15,5.67
4nah,6.31
4civ,4.95
1vyz,6.54
3dz6,7.82
5b5g,5.25
3lkj,4.6
4qf9,4.43
4yxu,7.24
3v7d,6.39
1yw2,6.85
6tim,3.21
5jsg,4.85
5odx,6.71
1rhq,7.75
6en4,8.3
3zt4,2.8
2q2c,6.38
6q9y,5.43
2auz,9.46
2fjp,8.37
1a4r,6.66
1dwd,8.18
5fe6,2.16
5h3q,8.22
4res,7.85
2ydo,7.51
5mi5,6.77
1h24,6.3
3iph,7.6
1lvu,5.32
5k1i,8.04
5a6k,5.95
5hbh,7.31
4dkt,4.8
3arw,6.15
1p19,4.11
2cen,8.3
6ew7,5.54
3bl1,5.6
4n9b,5.28
1gi9,5.22
1a08,5.62
6e3m,8.64
6jjn,4.11
3p9j,7.51
4i9i,8.1
2uy3,3.22
4wup,9.82
3d7m,6.44
4ge5,6.57
2x6f,4.59
1bq3,5.4
3ovn,2.55
4f6w,7.52
4pzx,6.0
3k5d,7.28
1amw,4.54
4msa,3.3
6njz,5.01
3fy0,5.96
5hmk,7.4
2w87,4.65
5v7a,6.38
1zzl,8.3
4cd4,6.58
1yvz,5.36
5w44,6.44
3oxi,5.66
4x1n,6.42
3lj7,8.34
2fm5,7.37
1g05,8.51
3mfv,2.52
1ym4,7.41
2or9,6.3
4dht,4.82
5ejv,6.69
1o5p,10.0
6b4u,7.68
3vw2,4.75
2lto,3.11
2wtw,8.19
3wd2,6.24
2ha6,4.32
4ydq,6.52
5fns,5.4
5w7j,6.1
5ox5,5.59
4k19,8.36
6hop,5.62
6d1h,3.72
6omu,8.7
6iuo,7.79
5yij,3.42
1nw5,5.21
4a9n,5.82
3wdc,7.92
4hy1,8.7
3f3t,4.59
5flp,3.2
3hiv,8.12
2clh,4.06
3o9a,10.7
4lhm,3.39
6qr4,6.23
5i24,7.42
1di8,6.0
4awo,7.62
4gv1,8.52
3bwj,6.5
4auj,7.74
4jn2,11.68
2wwj,4.48
3ov1,5.2
3vgc,5.51
4a4x,7.23
3gsm,6.48
2ptz,7.82
4mo8,8.0
1xr8,6.7
5qai,3.82
3bt9,5.71
4lq9,4.85
2cex,4.7
2wi5,6.05
5nr7,6.02
3uyr,6.9
4q1c,8.7
4iue,6.55
4eh4,2.81
3ztx,7.74
4zyr,5.7
4ncg,7.96
6q7h,7.68
2jbp,8.07
5fwg,6.72
3e73,3.15
4rfd,8.05
4o7b,4.7
6ocq,6.7
5m2q,7.52
3h98,8.3
6jsz,5.68
3waw,6.24
4dpi,7.11
1nym,5.4
4r4o,5.82
5t1s,7.08
1rdl,2.24
3sv2,4.19
6c7f,9.62
1k9s,6.52
5wh5,7.19
5nk7,6.33
6bir,7.52
4wy6,5.97
2fsv,4.6
2r4f,8.82
3f34,3.16
3sur,4.15
1q9d,4.6
4aj4,3.89
5l9h,6.4
6cz4,7.12
3d4y,5.7
4od7,5.08
4qlv,7.85
4w50,5.85
1a5h,6.3
3dbu,8.06
5l3f,6.33
5qa6,3.76
4av0,6.98
4u7q,9.74
5yg2,6.89
5hld,4.66
6miq,4.55
3gst,6.72
3ohh,7.74
3bgb,6.05
1ql7,5.0
1mes,7.7
5w2s,7.33
4fcd,9.55
1wax,4.07
5var,4.09
4qiz,8.15
1kpm,5.8
4cxw,6.09
1e2l,4.29
2ohl,3.05
3f39,1.78
2vyt,2.74
4poh,8.0
5tq4,8.38
4hvb,9.95
4jpc,7.03
1h4n,4.92
4e96,6.66
2nw4,8.68
3r2y,8.07
4hod,6.1
3exf,6.54
5khk,6.39
2fum,6.1
3kid,3.18
3ckt,6.32
4l2f,6.23
2p93,8.82
3h85,5.22
4epy,3.47
6d1b,3.91
4lbl,4.96
1ol1,4.68
3u10,5.44
2pj6,7.31
2lha,5.19
1f1j,8.8
4q3u,6.44
4u3f,8.39
4v27,6.66
2x91,6.74
2oz2,5.71
2e2b,7.96
6h7y,9.46
4qqc,7.34
5ea7,7.96
6rml,5.82
5gn9,7.05
5a3u,8.32
4hxw,8.7
4fjz,6.29
2ow2,8.22
5wf5,7.65
4fem,4.06
5ema,5.23
6fzj,6.33
3nok,4.19
4x7i,7.69
6hv0,6.56
4oem,5.3
3ho9,6.1
3rdo,9.85
6ic5,8.22
1zpc,6.6
2xnp,6.44
4yl0,8.22
4ep2,5.35
1rdj,1.66
3vtc,7.89
5ect,5.28
1t32,7.42
3ms2,3.72
2g01,5.91
3rpy,5.32
4oty,7.4
1o6h,6.73
3su0,6.79
4qzx,6.26
4yv8,7.96
5uxf,7.06
5a00,7.52
2bu5,7.78
2vsl,8.4
1n5z,4.36
2piz,6.77
6cis,6.87
3dz4,6.4
2qt9,8.64
5ml2,7.89
2h03,7.05
1g36,7.17
1yqy,7.62
3g86,8.3
4j0v,7.55
2xyn,8.4
4pm0,7.35
5znr,4.67
4tk3,5.1
3wzn,7.0
1qsc,3.68
3p9h,5.06
4fk7,5.24
2zjv,5.14
3c43,7.72
2ddf,7.39
3zc6,9.22
4gui,3.64
3r0t,9.04
1y2g,4.08
1d7i,3.6
5o1c,3.95
2y8i,5.89
2bkt,7.64
6cpw,8.25
4yhf,8.34
1q84,11.05
2w1h,7.28
5cvd,6.41
2a2g,7.0
2q1q,8.15
4hpy,9.92
4gfd,9.48
2hzn,7.39
5nq5,5.0
4mg7,6.36
3zlk,5.88
5c2a,8.32
1zyj,5.82
2x4u,4.32
2pe1,8.3
1nfx,8.52
2o3p,5.96
2poq,4.42
5n0e,8.44
4hva,5.89
1msm,10.48
3wns,5.96
4x2s,6.55
5td2,8.66
6bnh,3.8
5mz8,2.31
6c85,3.9
2reg,5.64
4ybm,6.85
1ke5,6.25
1n0s,7.45
4nru,6.94
1t1r,5.4
1ebg,10.82
4jsa,4.96
5g10,8.01
4p7e,4.76
1pk0,7.57
2q89,6.3
3fxb,5.85
4mmp,7.71
1cbr,9.4
5diu,7.37
3fcl,3.5
3owj,6.07
1d6w,5.96
3te5,4.91
1y3w,5.77
6d4a,3.93
6guk,6.15
4mq2,7.01
1ny2,2.76
1bux,4.85
1y3g,7.4
4nzo,6.77
5c7b,3.0
5nk2,6.74
6nng,4.23
3i51,7.7
6n5c,6.43
1xlz,6.02
1a0q,7.57
5ajc,4.24
6gjn,6.22
5sz4,9.7
3miy,7.68
5fnt,6.17
3e8n,7.72
6h4t,7.0
3osi,5.22
4o7f,4.89
4tkb,5.59
6ma2,5.39
4jyb,6.96
3tz4,5.49
6ugn,6.12
1u9v,8.22
1p2g,2.13
1uef,5.49
5j82,6.0
3ppp,5.22
1tlp,7.55
3gc7,9.22
3e90,7.39
5aph,7.22
2fci,7.15
5fhm,5.09
4x2i,6.46
4b6r,5.85
6if0,6.51
6dha,5.68
1owe,6.2
3fei,7.7
6o95,8.29
4k69,7.4
3u8l,8.05
6gxw,3.36
4lrr,5.22
2zlf,4.51
4c73,4.92
4djr,11.52
6b1w,7.37
5os0,2.55
1hk2,6.77
4b6p,7.13
4i9s,6.79
3e6v,6.83
4rwk,7.19
2wji,5.02
3fa3,5.6
5m2v,5.4
4o0v,8.48
1pxj,4.89
3s7a,8.96
3dcv,8.52
2hob,5.72
6bhi,4.25
3oki,7.15
5akh,6.59
3ml2,8.05
4bgm,6.21
1h61,4.89
5n9t,6.66
1lpz,7.6
5wjj,6.62
3pab,4.7
5ar8,8.1
4j0p,7.29
4xct,8.17
1met,9.4
1pqc,7.0
5ylt,6.39
3cjf,8.2
6m9f,8.22
2vc7,3.36
3chd,4.92
5ufp,7.37
6o0p,9.96
1fkf,9.4
4wxi,8.08
5fl1,8.49
1dbb,9.0
4c71,3.42
5z1e,8.3
5d24,5.24
3lir,6.92
3er5,9.0
3ktr,6.15
3q1x,5.33
6ft8,7.36
5kau,6.52
3cpj,4.72
6b1f,8.72
5y1y,6.01
4k76,5.35
4k9y,6.95
6iph,6.66
5y7h,7.73
5fah,6.15
2qn3,5.36
3t0l,4.52
5mi9,8.35
2aoc,4.89
5wp5,5.34
2xb9,6.77
3msl,5.15
4hyb,6.46
5zhn,8.8
6pnm,5.17
6n8x,5.7
3khj,7.55
3gbe,5.0
6axq,4.0
1z3t,3.94
3kqs,5.2
3st6,3.62
3ery,5.66
5zzw,5.51
1gj5,4.96
3neo,5.92
4gk3,7.25
5nki,7.72
1yys,6.33
4g3e,8.38
3tcy,4.62
3hxe,5.33
1c5s,6.0
3qxc,5.77
3vqh,5.92
1syo,9.0
5i9i,7.3
3ekw,7.96
6mla,4.38
2j47,5.41
1i1e,5.03
4dwb,5.74
4fxf,5.19
4mul,6.21
3arb,6.63
1g37,10.0
3c8b,6.1
2y57,6.89
4mn3,5.75
1q83,12.39
3sv7,6.08
6d2o,5.3
4jze,8.15
5a0a,7.7
5nr8,6.76
1w10,7.55
2woa,5.94
6ev0,5.74
1pkx,6.92
1oiq,5.54
6kzc,7.94
6c0r,7.51
4qt0,6.29
6dhc,7.96
4ogn,10.0
5w86,8.7
3wsy,6.36
5yz7,4.75
6q9q,6.84
5q17,5.25
3ohf,7.03
4cli,8.89
3dpc,4.36
1nxy,7.19
3cid,8.3
3b3w,4.19
5n2f,7.1
4ebw,5.06
5orw,3.1
4o28,7.54
1my4,6.98
4jz1,6.7
6fgq,7.85
3rhk,6.26
3rde,7.46
4m5u,7.96
3mta,4.3
5dgu,11.35
2mpa,8.04
1m7i,5.4
2yim,3.92
5vkc,8.74
3ivq,4.12
1b0f,7.7
1xk9,6.85
5v5d,5.27
4hvs,7.8
2r9x,4.85
2f4j,5.66
5eh0,7.74
2v0z,9.22
4ymj,7.0
5ckr,7.76
6phz,3.46
2evl,6.7
2zg1,2.1
5yy4,6.43
4kbk,8.18
5za1,7.52
1mv0,4.03
3vye,8.11
6o9x,6.05
4oti,7.37
4jof,4.17
6hdn,4.3
1t49,4.66
3kqa,4.85
4dds,5.01
4wyy,6.0
6ea1,6.59
4mwq,9.1
3dkf,8.57
2xuc,4.1
3g3d,4.74
1vwl,5.63
4u82,5.72
5o9h,6.62
1gni,8.07
4ngh,7.52
4lq3,6.35
5lsh,3.39
3mle,5.24
4xek,5.66
5jhb,6.06
4ra1,5.94
6ibv,5.23
4m3p,5.4
4qxj,5.9
4yef,5.35
5oku,6.26
3qci,5.42
3ibc,4.91
6kjd,5.05
4g69,5.98
4c1w,9.41
2j62,11.34
3vry,8.11
3ipb,6.7
5etp,6.15
4wn1,8.29
3fum,3.77
3jq7,5.92
5oht,6.02
4j5c,5.52
4mds,5.21
2r9m,8.82
6hgf,5.02
5gn7,6.05
6nss,8.85
5lvn,4.7
5neb,7.77
2zx7,10.49
2kaw,4.97
3cf1,6.64
3hiw,8.06
2oh0,7.74
5klp,4.64
3drr,9.4
2jdh,6.51
4kxn,6.1
6eij,5.77
5xvf,6.15
5kxi,7.74
3t3u,8.6
5du6,5.02
4ie4,5.48
3are,6.21
4hlc,6.76
6s7s,4.77
2wfj,7.15
4aa2,3.97
6ajv,5.04
1nh0,9.74
5i43,7.2
5k9w,4.59
3dyo,2.3
3fsm,7.0
2a4w,8.29
4o55,5.3
2cia,6.43
2p99,5.94
5hz6,7.8
2mwy,6.82
6oy2,9.87
4c37,7.71
5lzj,3.9
1ikx,8.15
6c2x,4.76
6qfg,5.52
5f95,8.01
5km2,4.41
6pl2,8.06
4j52,8.52
2aez,2.46
5jas,5.77
2pre,6.65
4ufy,8.15
3szm,6.4
3nus,3.51
6g22,7.56
3qcl,5.4
1lbf,7.85
2df6,5.98
5ags,7.4
3usn,6.15
1e02,6.15
4cjr,3.1
1ndj,12.16
5fqp,7.72
1ewj,7.49
6dvn,7.85
4u54,2.06
3oy8,3.66
5m4u,4.89
4p4t,4.39
2qhz,7.28
2rgu,9.0
5k4j,7.11
1ch8,7.0
1q3d,7.82
6o6g,6.52
4nbk,3.87
3hu1,6.89
5v79,6.41
3pb9,6.58
1bhx,6.84
5olk,6.0
5hed,4.44
3b2q,4.55
5fi6,7.52
1au0,7.66
1njd,5.57
4qvv,5.15
5tg2,5.49
5zfi,5.92
4i6q,7.52
2auc,4.08
3dzt,7.22
6esn,8.05
4nga,7.77
3lm1,4.7
2v3d,3.94
2v95,8.3
4wku,5.68
1zog,7.15
2r58,2.0
5c7d,5.11
3uj9,4.63
3blt,3.54
1zxv,6.1
2az8,8.22
6ep9,6.84
4ob2,6.3
3upf,6.7
4fli,5.44
6qxa,5.77
2vwm,7.03
4orx,3.53
4jxv,4.51
3kqc,8.66
4kiq,7.64
5a3o,4.73
4z83,7.4
5nhl,9.52
5ucj,6.36
6hmg,4.94
3c1k,9.44
4uu8,6.54
6afd,5.43
3g2w,5.66
2d06,4.08
1a09,6.7
4jbl,3.27
4x6x,8.64
1sme,11.22
5tyh,2.08
4tyl,3.22
5o87,6.61
4m8x,10.2
4m2u,8.04
4iuv,5.72
6bfp,7.7
3s9e,5.13
1jeu,6.82
5a6h,7.06
5ivs,8.21
4p73,7.66
3ot3,8.3
3hau,6.38
6few,5.85
2ce9,6.03
4m7c,6.12
5a3t,8.4
4u03,5.77
5ot8,4.2
4gq4,7.66
4l2g,6.68
5d9l,7.62
3p8p,4.55
2wxf,6.74
2r2b,4.2
4uja,9.05
6mo7,5.03
5em9,5.57
2lo6,3.95
3a3y,9.15
3rxe,4.76
5e8r,8.7
2chz,7.8
4cfe,7.22
3unz,7.8
4fxj,3.62
2ctc,3.89
4u5j,5.53
3m96,7.22
3kyq,4.22
2x7o,7.47
4agd,8.41
5ehg,3.43
5ehw,3.0
2i0d,12.1
4fmo,5.53
2ajl,7.89
3c8a,6.18
4wp7,6.1
1xmu,9.08
4ezy,5.65
5tts,7.25
2xmy,9.96
5ovc,5.96
5gwz,4.71
3kba,7.8
2x96,4.03
5m7m,6.45
6os5,5.36
6otg,7.5
4lh3,1.52
4i1r,4.65
4wa9,8.42
2xg9,4.15
5vk0,9.74
4ifh,5.21
4z1s,6.1
3va4,4.4
1o3p,6.66
16pk,5.22
3wc7,8.26
2lko,5.67
5pzn,7.39
1jet,7.25
5uiu,9.7
6npt,7.17
3o96,7.24
2ha0,4.43
3gur,8.0
5ij7,8.51
3fv7,5.64
6ajg,5.78
4a9i,4.9
3gcu,6.78
3wtk,6.53
3oj8,8.36
1uho,9.22
3q7p,5.8
3qs4,4.68
5y94,6.79
3uph,7.82
3in4,7.52
1bzy,8.34
1wdr,2.52
3gjd,7.33
6cvw,8.15
1ony,6.77
5hkb,5.59
4f7n,7.1
1p7m,4.38
4b4m,6.69
6jb4,5.98
5evb,5.0
3hhk,8.22
6nj0,6.61
3adu,4.14
4rrf,3.62
5yr4,6.34
2g96,4.28
6ex0,4.03
1jys,3.52
4oys,8.82
5wgp,5.62
6nfy,7.8
3d91,9.15
5vsk,5.74
4pda,4.21
3ccb,4.52
2vtd,4.07
1oj5,6.1
2wyi,4.74
2vxa,5.6
5yjp,6.62
4j7i,5.06
1x7q,6.73
6ghh,6.71
5ald,5.97
2g83,5.92
2mnz,5.19
5zz2,8.85
6fv4,2.92
1b3f,6.89
3nww,8.15
6f5w,3.83
2glp,5.01
6apv,6.96
3p17,4.48
4kz5,2.0
4clz,4.37
2aq7,3.3
4g0y,2.3
2w17,8.7
2v16,8.22
5tqg,9.62
6pdj,7.38
6fpu,6.49
3oqk,6.38
6gin,7.49
3fyj,8.3
6ccx,3.15
4a50,7.91
2wxl,8.34
3bu8,6.92
4emt,5.3
5e4w,4.64
3sl0,2.7
2hxl,7.92
2ay6,3.11
4e3d,2.3
1tmm,6.64
4r6v,7.45
3uo5,7.41
6haj,4.97
4r3c,7.0
2ydw,7.34
3bzf,4.52
3fty,3.21
6mey,3.32
4zud,8.16
2z3h,4.64
5zh5,5.33
5am6,6.73
4awm,5.72
5nps,5.89
3tzd,4.28
4dkq,6.6
6u5y,7.16
5aqq,3.1
2emt,6.7
1jao,5.92
4lk7,5.04
5b5p,9.7
6t1m,5.21
3qi4,3.93
6jjm,2.85
6fmj,6.12
4ddm,2.46
3muk,3.42
3oqf,7.04
1cyn,7.68
5y0f,6.68
2qf6,6.49
4ayt,3.7
3f1a,7.21
4aof,7.1
5w8v,8.22
4wvu,5.71
1u71,7.48
6qae,8.52
4zip,9.68
4ie5,4.82
5lso,5.85
4mzj,5.8
1qb1,6.77
5tkk,8.28
3fxz,6.89
1zrz,5.24
3uwo,6.36
4qir,6.95
5f20,7.52
3k5g,8.6
3twj,7.84
1ciz,7.44
5y0g,6.7
5f0h,4.48
1y4z,7.24
4ce1,4.38
5wyx,6.66
4cu8,4.47
2jj3,9.55
6g2n,7.14
3lcu,3.52
4iu0,5.89
6gjd,7.66
5ty8,5.46
6oxr,10.32
3eqr,8.7
3vhv,6.29
3uw4,7.77
3dei,7.4
2yir,9.77
2uy0,6.92
3lxe,6.6
3k37,8.92
4j0z,7.11
2yfx,8.09
1ujk,6.57
4er4,6.8
4wmu,6.74
1ol2,6.28
5fqt,6.8
2y1w,6.33
2xcs,7.85
3asx,7.7
4std,10.33
5loh,5.04
3d1f,5.74
2l6e,6.0
6baw,5.38
6std,8.64
1xxi,5.52
1xs7,7.6
5bui,7.05
4x6k,5.31
5id0,5.77
3d7z,7.92
2qn2,4.55
6pml,3.09
4w9j,6.23
4l0i,6.57
6mvx,5.14
4rlk,5.02
4rme,5.92
1a1b,6.4
5n99,4.21
3p0g,10.08
5ost,4.56
5th4,2.85
4bcj,7.96
3cd5,7.9
4lov,7.77
2i2c,4.7
6ugr,6.27
6dl9,6.0
5xbt,5.14
2w9h,6.37
6fqo,6.85
6j7l,4.5
6ccs,3.64
2a29,2.85
4awg,5.96
4h2o,5.52
1o2q,7.68
5akk,4.0
3tv6,8.32
1o4k,2.92
6c5f,4.48
5sz3,8.6
4mqu,8.4
3l6x,4.4
3rxj,3.06
3d4l,7.49
6s8a,8.07
3a29,7.89
3qa2,6.68
6qha,5.3
2oiq,5.0
1it6,8.39
4kxb,4.12
3znr,7.44
3q4b,9.33
6dh6,9.93
3n1c,5.22
5ljt,8.92
3rxa,2.85
3w5e,7.96
3gpo,5.3
3u4r,7.41
3b4f,8.14
3l1s,8.7
5e2r,7.06
3rt8,6.35
1uvr,6.0
4mk2,6.14
5swg,4.48
2qcd,3.4
1pmn,8.15
3a1d,4.12
4qip,5.15
2x38,6.89
3t3d,4.91
4mm4,6.37
5tbj,5.82
6d1x,5.2
6d07,5.28
5m56,7.89
6hs4,5.51
4qbb,7.52
1fsw,6.49
1r5g,7.52
5ne3,7.84
2i0e,8.7
5afm,4.15
4xt9,6.8
6gi6,6.71
2chx,7.74
5t8e,9.14
2cgf,6.41
5wmg,8.21
1qwe,5.92
5a4q,5.54
1h2k,2.92
4a0j,6.0
4bo2,7.3
3q6z,3.72
5czb,8.0
2q63,7.18
2obf,8.85
6nfi,7.05
2fdp,7.59
4x9r,7.82
1pl0,8.22
1yz3,8.81
6rj6,8.52
5x74,8.64
1ghw,4.2
5ywy,7.23
2qaf,5.36
4fic,4.7
3rf4,6.25
6ink,6.57
5mo8,5.79
4wy7,6.78
3m94,5.08
6ooz,8.05
6f09,5.97
6fe5,9.3
4lnb,6.56
5mqx,5.41
4bky,7.92
4tim,2.16
5xpn,6.99
1jtq,8.07
3mrv,3.74
5emm,7.74
1e6s,3.22
5abp,6.64
4umj,5.57
5elq,5.7
3zo4,6.83
1olu,4.41
3uec,4.21
6op0,7.86
6s7k,4.24
2c8w,8.43
5alw,5.15
4ozj,5.4
5als,7.72
1lee,7.74
3lhg,7.7
2rgp,7.52
3q6w,7.57
3uok,9.1
3stj,4.8
6j1l,6.42
1gbt,2.0
2zx5,12.33
5o1s,3.65
6qcj,5.6
2ow1,9.0
3d25,7.66
2rka,3.0
1jwt,7.85
1urg,5.82
5c1m,10.8
1g98,5.7
4bio,5.12
1nkm,7.3
2bro,5.85
4uua,5.24
3h59,7.89
4nrp,4.59
6fil,5.85
5vja,6.59
1vjb,7.89
3pd2,5.47
6f7t,9.44
5dtq,3.86
4l6q,6.27
5web,8.0
4olh,8.3
3gkz,8.0
4keq,3.82
5vnd,6.49
3qto,4.13
4nym,3.55
1nhv,5.66
6qqu,5.3
5k0f,6.07
4deg,8.22
3v4t,4.11
6me4,9.92
4yab,5.07
2vgp,6.85
5j5d,4.68
4u5u,2.89
6h2z,9.3
5lcf,4.75
3pb7,5.74
2g78,6.92
4mjo,6.22
2xiy,2.44
2eep,7.06
6oyh,6.98
1mh5,9.21
3ika,7.85
5yic,5.89
3gcq,6.47
3hkn,5.35
2cmc,5.76
5hg1,5.2
2jh6,7.77
3neg,5.94
1qvu,4.46
2h2d,5.37
3cr5,4.19
1ai5,3.72
2c5o,5.19
2aoj,4.66
2aoi,4.01
1h1q,6.0
4pul,6.84
2z60,8.05
5l6j,6.7
2jal,4.82
4ual,8.4
4nue,6.82
4rio,9.0
5zla,4.3
4pl5,4.96
3pd9,6.22
2vqm,6.01
1jq8,6.0
6ma5,8.1
1ca8,9.49
2wap,6.64
6fe1,8.48
4b3d,2.68
1llb,6.05
5y62,1.74
3w9k,6.32
4j24,7.3
6hq7,6.11
3gwx,5.4
6ps5,8.43
3jsi,8.68
2w0j,6.62
5c5h,6.4
4yoi,6.48
4h3q,5.1
5u6d,8.59
1b3l,5.89
4mra,4.47
2o4p,10.72
3bc3,6.81
6mt6,3.88
2csm,4.3
6dji,2.51
6nk1,6.66
1nje,3.8
5a7j,5.2
5ive,7.57
3lpi,8.52
5lc0,6.7
5jau,8.85
1y98,5.43
4kov,3.75
1s5q,5.28
4f65,8.6
4qr3,5.85
5ngs,6.77
1kmv,6.95
1ni1,9.05
5dtk,4.3
5bq0,7.82
2hr6,4.82
5j8m,6.8
1bky,3.84
1b56,6.1
6gcw,8.64
3dux,7.0
6hks,4.28
6dq4,4.92
4omj,5.26
1r6g,9.21
1ke0,5.38
1b6j,7.92
2y7x,8.89
4zlz,7.0
4rx7,8.3
5l98,3.31
3tay,3.38
4bdg,4.12
5a5q,4.68
3lc5,6.57
4m2v,7.44
4alv,8.15
4zw3,7.57
4wkn,9.72
5gs9,5.26
1o9d,5.6
5o9r,5.39
6c7w,5.47
4mi3,4.12
3mxy,6.41
2jiw,4.59
3b2w,9.22
3dgn,6.21
4py1,7.19
6iqg,8.0
4h5e,6.07
1d1p,3.6
223l,3.4
4k9g,5.82
2r7g,6.05
4xas,6.59
5izj,11.52
6fap,2.15
4q93,4.65
2q8i,3.4
3elj,5.3
3po1,4.02
5dhj,6.7
6e99,6.0
4zjw,6.66
3msj,3.11
2l75,6.05
6h4z,7.64
4d9p,3.84
5f4l,7.62
4zj8,9.26
1tnh,3.37
5eh7,3.48
3zyr,5.34
4yhp,8.7
5eta,5.8
1j4k,4.0
6bl1,6.96
3k5x,6.41
4bck,8.4
2xno,5.93
2axi,6.85
5epn,8.66
3okv,6.23
4yjl,5.96
1fhd,6.82
3ezv,5.98
3m2u,7.0
5zo7,9.0
5uf0,3.8
3h5u,8.52
5kjn,7.77
4dtk,8.52
5alt,4.88
3zc5,7.13
3std,11.11
4qjr,7.1
3ttz,8.4
2fai,6.24
1gwm,4.1
6hk7,7.34
3r0y,4.84
5lvx,7.25
1zgv,6.0
6rne,8.8
2q6b,9.52
4umt,6.14
5e1s,7.92
2ha7,3.36
6hrx,5.1
1mrs,3.96
2ye9,6.22
3dz5,8.15
6hor,4.18
3nzx,5.17
5tkb,7.89
6c2t,9.05
3l3a,6.38
4dew,7.0
4mao,7.33
5h5o,6.56
4tte,3.69
2y9q,6.15
3dab,6.68
3bl2,5.8
4wz8,7.21
5cf6,8.09
4lys,4.34
1hmr,6.55
3mb6,7.0
6jof,4.98
1jpl,5.0
4q7p,4.32
4qfl,5.11
6k1s,7.7
4u4x,5.01
5trj,5.92
5nn6,5.52
4a6c,7.92
1him,7.7
4hlm,6.77
6e3n,8.7
5u98,9.7
5wuk,7.85
4as9,4.79
3rk9,6.28
4d8s,6.49
5akg,4.46
5lvd,2.62
3muz,3.46
6b5r,8.77
5tur,6.05
4b9h,5.35
3p2h,5.44
2yac,8.7
4dcs,5.1
3dya,8.52
4yb5,4.71
3l4z,6.72
6ayr,8.39
4w4x,6.99
4ua8,6.26
4y3j,2.17
2xo8,4.33
2ycf,10.52
4e9d,7.7
3fwv,5.64
5d3n,5.04
6evr,8.06
4w4z,7.52
3ud8,5.38
1aw1,1.05
6fvo,5.55
4unr,8.7
6im4,7.4
3v8w,8.07
2q7m,8.8
3n5h,5.7
4msn,4.03
3t3v,8.52
6g6y,6.66
4aua,5.14
3iqh,4.59
6q3q,4.45
4iur,5.58
3ws9,7.04
5aac,8.89
3fed,7.46
3fhe,8.6
5n3v,4.34
3pbb,7.02
5ldp,4.17
5fox,3.17
1nju,7.3
2oh4,8.46
6g2r,9.46
5nlk,7.46
2q7q,5.3
1w83,7.19
4cc2,4.33
4qer,7.54
4uxb,7.96
2znt,9.3
3rwp,9.22
5y12,6.23
3b7j,5.17
6f90,6.0
1fh8,6.89
2pvj,8.1
3th0,4.12
3hkt,5.39
2bed,8.15
1qnh,6.06
4tju,5.44
4o2a,5.74
5vdw,4.0
5vi6,8.52
2rm0,4.03
4umu,6.19
4qt1,8.15
2cn8,5.46
6oiq,6.57
5eq1,4.68
5k5s,2.69
1mqg,6.28
5bqh,8.52
4fi9,7.34
4hbm,7.92
3f66,6.05
5btr,5.14
1j5i,3.64
2zq1,6.62
3ij1,4.7
4lm5,6.82
3iog,5.52
3sut,7.85
1rev,7.48
6gdg,8.74
3dct,6.95
2c69,4.59
6g9b,3.24
1a7x,9.7
1mn9,4.62
3kxz,7.46
2xm8,6.8
1zge,7.3
1rs2,4.3
3g2h,3.82
5elf,2.34
5nau,7.52
4o6e,9.0
5vo6,9.05
5azg,5.54
6qz5,6.08
4non,5.24
4cgi,3.12
2brc,5.05
5wdc,6.4
2qtr,5.49
1kf0,2.55
5eqy,8.0
4qh7,5.94
6ib2,8.0
4ajw,5.86
6mt4,3.82
4ran,7.15
5vqq,5.28
5fb7,7.89
4uvu,5.92
5etk,5.82
4z46,2.82
1qcp,7.52
4yv0,3.28
6ffs,7.2
1k1y,3.22
5uga,6.79
4g0k,5.37
3lfn,5.5
5u7j,6.41
4avj,7.44
6fr0,6.84
6n8y,5.38
4cpu,7.53
6qme,4.36
5fsl,4.62
2wu6,7.53
6ert,5.23
3wjw,3.87
5nkn,9.92
4bhf,3.46
5ubt,8.62
6c7x,7.19
1m2p,6.11
5j58,7.3
5m7s,9.05
4yv2,7.29
1kel,7.28
3k27,4.44
1y2e,6.8
3qw7,5.74
1gnj,7.04
5nzn,3.66
6n94,4.7
1z2b,6.4
3udk,4.49
1wum,5.29
3s43,8.6
6fac,6.75
3fgc,3.92
3n9r,7.15
3qts,5.51
2fxu,8.15
5btv,3.85
5om3,4.1
1qbo,7.74
1hiy,3.08
5vlr,8.52
4fvq,6.0
1o5f,6.07
2rio,4.69
4no9,7.82
4yc9,8.89
5h1t,3.8
2oqi,8.49
4hev,6.34
1npv,8.24
4iq6,7.24
3q8h,4.15
4qn9,4.41
6g93,7.96
2jkr,6.07
5mft,7.47
4p5e,5.55
6ek3,6.48
4f9y,6.74
4ppc,9.03
5gmu,3.32
5ap3,7.03
5lbq,5.11
4cwp,6.77
3nnw,8.05
1bqn,6.22
4wz4,6.44
5lsx,5.92
1jif,6.2
1y6b,7.42
3m57,5.4
5wqd,4.77
6eqx,10.47
2fzc,2.7
3rhx,6.08
5jha,5.9
4gzw,4.52
5ajo,4.96
4oc4,6.98
1d3p,7.39
3wqm,6.25
5iok,5.02
3rcj,6.1
1qj1,8.05
1hvr,9.51
5km0,5.31
5ypy,4.64
1qbn,5.85
4bb4,6.72
4us4,5.32
5k0m,8.82
1bhf,4.38
5km3,4.6
5mny,1.31
1yvx,5.1
4wmx,4.85
3be9,7.62
6bx6,6.48
4je8,5.21
3vf5,9.34
5ts0,7.8
2vfk,3.71
5nkk,5.0
3buo,6.06
4og8,7.25
6eq5,4.74
4mc2,8.19
5tc0,7.6
3kwb,7.77
4aia,3.66
5gv2,5.65
4x6m,8.24
2w2u,4.46
3q72,5.8
3g6m,1.71
5aip,2.82
3rtf,7.35
2p83,7.96
6udx,8.0
3kab,3.2
3hv5,7.02
4q6d,7.36
3hv7,7.92
5g1p,5.2
4p6w,9.15
1c1u,8.25
4mg9,5.68
4lh5,6.7
2za0,6.64
3ay0,3.04
3mxe,10.01
3v4x,6.15
1utl,2.47
3jzo,8.52
5n4t,5.97
5t1i,3.92
3hx3,8.0
2b4m,3.53
6hke,7.68
2j4a,10.6
5tyj,7.46
2py4,6.7
1inq,6.27
2pnc,3.33
1ywr,7.89
3m36,9.82
3sr4,6.54
4uye,8.02
3cft,4.19
6qwa,6.59
1vyf,8.05
3da6,8.7
3b24,4.38
4psq,6.36
2oj9,6.41
1yc4,6.55
2b1q,1.59
3gk4,3.92
2i0h,8.05
2qrg,5.18
2qlj,5.36
4y6p,7.16
2q2z,8.7
3el4,7.17
3zk6,6.34
5fyq,5.89
4d2w,4.51
1ypg,8.0
3l8x,8.0
6u8l,6.91
4jok,4.07
3sjf,7.64
3km4,8.89
3ipu,7.32
3ifl,8.08
2i0j,8.57
4m7y,5.32
2vl8,4.52
4fc0,7.16
5du8,5.72
1f4x,5.59
3o9v,7.74
2yb0,3.85
4w57,4.85
3ryz,8.62
6fsd,4.24
5lxd,8.5
4er1,6.62
2azm,5.66
1mau,11.3
5oh1,4.41
3p2e,6.22
3wde,6.91
5cst,6.96
10gs,6.4
4rn4,6.94
4oel,7.0
3egk,4.66
3avb,4.07
5mtv,4.11
4jfd,4.44
6awp,7.16
5kew,6.5
5kw2,9.09
6mv3,3.33
1ymx,4.85
1aze,4.22
3il5,5.8
5ff6,5.02
4ysi,5.7
1dtq,8.22
1agw,4.7
6qyn,7.62
3n35,3.37
4xx3,7.25
4oc3,8.28
4qxo,5.51
4dus,8.3
1osg,7.52
4k10,6.92
3hb4,9.05
4nhy,5.64
4mmm,3.82
2ie4,10.0
2hdq,1.4
6f1n,6.26
5llm,5.35
4qo9,6.8
6fiv,8.08
3n49,5.15
1gj6,7.0
4qwg,5.97
6p3u,7.02
5nyh,7.73
1abt,5.85
4z9l,8.8
5fdo,6.44
5c1w,5.06
5tzo,5.23
6gvf,7.55
2zmm,7.6
4xip,6.63
6hgy,8.52
4c70,3.52
4r6t,7.52
6m8q,6.43
4j2t,7.96
3at4,8.1
4e1m,7.26
6bgg,4.02
5h8e,11.2
5d1u,5.96
4db7,6.56
5om7,5.74
5mb1,6.6
4eb9,8.27
6bqk,9.0
6fse,4.74
4pvy,6.71
1ms7,6.77
5oai,5.15
4zwy,8.7
6g0v,3.78
6czb,4.33
2qhy,7.48
6oxx,10.01
1ct8,6.52
5twz,7.87
5eds,5.54
3zvy,5.1
3k5c,7.77
3sx4,8.52
1u0g,6.15
6dgr,4.91
2jbv,3.54
2z9g,6.15
3el0,7.47
2xuf,14.39
1we2,4.36
5f91,5.2
6aqo,6.11
2zxb,5.3
2go4,5.15
4lww,7.54
4aph,5.4
5ixq,4.7
5j32,5.08
2rl5,8.4
6fdp,5.26
6b16,7.49
5duf,5.74
4qn7,9.08
4fzj,3.15
5nwk,6.57
4g9c,8.64
6p14,6.66
6aad,2.79
2qc6,7.0
2e9u,8.1
5el2,4.47
1aku,6.13
5vp0,9.21
4i2w,3.92
1j37,8.96
2azb,7.19
4ap7,7.96
2az5,5.27
4xe0,7.72
4ynl,4.62
1v1m,3.94
4l7n,4.84
5f2k,6.16
4lrh,9.72
3n6k,6.74
3s0j,3.77
4wvs,6.27
1q91,4.15
6d5j,6.34
4kww,5.55
2p3g,6.9
4lkf,5.37
6am8,4.89
1xm4,10.39
5jzi,4.8
4gao,5.74
2ez7,4.36
1pf8,7.51
5unp,10.02
3f6g,4.72
5wdw,6.54
6azk,5.64
3ml4,5.33
4a16,9.37
4d7b,7.68
4x8o,6.6
5ksx,5.43
6ugo,7.59
1y1m,1.82
1tpw,3.3
5za9,6.74
4lko,8.22
2vtt,7.36
2v13,7.59
5wkm,5.12
2ea4,7.34
4a4l,7.82
2cc7,8.01
1z3j,8.0
3mam,4.12
5alg,7.52
3d9l,4.17
5hwv,5.07
1g2m,7.4
1qf0,7.38
2vcw,3.05
2h42,8.62
1aaq,8.4
5aqh,2.46
2h65,8.19
3p78,6.96
3zmu,4.3
6cyb,9.02
2vd0,4.94
3lzs,10.96
6db3,7.25
4nyi,3.06
4hxr,5.39
4zae,8.44
6qra,6.15
6dqa,6.44
3d27,4.25
4e3l,8.52
2wed,6.1
3rz3,5.76
2oah,7.96
2hz0,6.48
1c4u,10.37
3d6p,3.75
5t4e,5.36
5q0s,7.21
4ckr,6.98
5h7g,9.24
2mip,8.46
5nkb,9.12
6cvv,4.12
3ljg,7.73
3erd,9.9
1hvi,10.92
6dgx,11.3
3jzb,9.01
2vex,6.74
1n94,8.96
4tmr,7.22
4bcm,6.91
6gop,9.15
5bqs,5.64
3tlh,8.82
5wg4,7.0
6ayt,8.85
6i4x,4.9
2aq9,7.3
4pgc,5.88
5fdi,7.73
3agm,9.09
4lv4,5.0
3m3e,4.43
3g2j,4.75
4mz6,5.02
3djo,4.39
4uy1,4.7
4eh8,2.2
2puy,4.52
1h5v,3.93
3ixj,9.49
3sxu,5.05
1wbw,4.36
4j9a,8.22
5k4z,6.15
5mja,6.66
1m48,5.09
2we3,4.43
6eed,6.09
4aza,6.99
1j80,6.52
5tyi,6.89
5ieo,7.0
6keb,4.39
5hgq,7.34
1o4h,2.44
4pr5,5.66
3s8x,7.3
2vhj,3.9
4x1f,7.97
3pd4,4.48
6eea,6.2
3ztd,4.02
5d26,6.09
3f7z,7.19
5fus,4.68
1fq5,8.4
4v11,6.49
2y4s,6.15
5zvw,8.62
5dda,5.78
6g27,3.14
6ouv,5.55
3pju,4.88
3tt0,9.05
6bfn,8.03
4glx,7.8
3fxv,7.03
4j5d,5.96
2w6m,4.67
3h0e,8.15
3l08,10.22
5m23,8.9
5svi,5.17
3q5u,4.31
6bnk,6.99
2qbx,5.22
6fmk,4.67
4hdc,8.92
4xkx,9.05
2wcx,7.6
5m77,7.61
6e1y,7.66
1i90,8.89
4io3,6.06
5kkt,9.0
5twj,5.25
2xsb,4.96
1a86,4.0
5j18,9.15
1x81,9.19
4u0b,4.3
1ew8,2.26
2qrh,4.71
4kn4,7.24
5tpb,2.59
5y13,5.94
1y20,5.32
4yes,8.02
3qu0,7.7
1kdw,5.54
4qhc,6.7
1fsg,5.02
3bun,6.21
4cae,7.74
3wdz,6.92
5cy3,7.8
2ylc,7.89
4rfz,7.4
5n34,4.63
3v6r,6.15
2wxk,9.3
2bmc,7.57
3hpt,8.19
3qcf,5.6
5dsx,8.0
6bvh,9.15
5ugh,6.77
6ggg,9.2
3t6b,6.36
5pzm,5.96
3dog,7.4
6m7i,3.41
5m29,7.4
6t1n,5.46
5iu8,7.74
5d7c,6.85
3igg,7.18
4bqh,5.59
6g4m,6.6
2qe2,7.77
2iiv,8.18
3vrw,9.39
6axp,5.07
3r92,7.02
6uim,6.74
6uhu,3.4
3s68,8.66
2toh,4.15
1fl3,6.8
4odn,6.74
1lhc,10.4
4abv,6.07
3tg5,4.7
3mo5,6.87
2ko7,5.19
4dgg,6.1
2fjn,7.41
6hq4,4.65
6sfi,7.59
5uci,5.37
3o64,9.4
6gzm,8.26
5fxr,7.42
5mw6,4.73
3g45,8.36
5o45,8.05
4qkd,4.09
4frk,8.1
1iep,7.0
6prc,4.77
5all,5.57
3u4h,4.25
3dv1,6.23
5k8v,6.34
6a05,4.89
2g8n,7.2
4uwl,8.57
6f6r,8.25
4i7b,5.7
6g0q,4.61
1x1z,11.06
4q1a,9.3
5sxm,8.54
3k22,7.9
3n5k,9.7
5ovp,5.04
4hrd,8.82
5ur6,7.06
2w0d,8.7
4d2p,5.68
3mt7,4.03
4v1f,7.7
3bum,6.49
1zh7,6.3
4hwr,6.74
6fhk,7.51
5kr2,8.48
6fut,4.7
1hvl,9.95
2erz,5.66
1jev,6.89
5nxo,8.31
2h1h,4.52
3itc,1.6
5k1v,5.7
3jpv,6.92
6ezq,4.66
1fbm,6.22
4umn,7.2
3th9,7.7
1bn1,9.34
3f3w,7.47
5oae,4.6
5z1d,8.3
6fa4,7.29
4na8,8.82
3n2p,7.82
3e9i,6.22
5uir,7.14
5fue,6.33
5w99,4.68
6oxz,9.67
5yea,8.3
4ezt,5.13
1auj,8.25
4nmx,6.18
5jat,6.64
5owc,7.59
5jo0,7.3
5jv2,4.0
2vxj,4.17
6k4t,6.02
3cj5,6.34
5xfj,8.22
6awo,8.7
3ps6,7.74
3lgs,4.61
1hs6,5.38
4abe,3.4
5alj,5.56
5xst,7.57
2ccs,5.7
4mxa,8.92
6q36,7.6
5ho8,5.96
5b4k,9.34
5c7e,5.0
2wk2,6.82
2i80,5.4
5drq,10.92
5nn4,1.94
4loo,8.15
5npr,4.9
4e26,6.4
4aq6,4.8
1ybg,4.8
1b9t,5.1
4bs0,5.7
4es0,6.99
1h2t,7.89
2c6g,3.37
2qzr,7.26
2w05,9.0
4okg,9.32
3o6l,7.51
2pq9,8.11
3p58,7.6
4y2p,2.66
1w6j,8.19
4mdr,4.39
1a2c,6.3
5h22,7.44
6c6o,8.3
2cgv,4.56
2j4q,4.46
3l6h,5.4
3ryv,7.07
3gf2,1.7
2p8o,4.85
1d8f,7.74
4q2k,7.48
1oxg,10.57
6b4n,10.55
4xtw,9.03
5eyc,8.52
2ieh,6.96
4b12,4.99
4z2l,5.85
3hy7,6.97
4pv5,6.54
2y1d,6.82
1c88,5.29
1eix,11.06
5mgi,5.95
2onb,5.57
6idg,6.66
4zyq,8.01
4dhn,3.89
3t70,6.3
2r0h,3.51
3ucj,6.0
1q9m,6.48
1w13,8.7
1g52,9.54
3ayd,4.19
6mo9,5.81
5hcy,8.92
4kab,4.03
4g2l,7.49
5mka,4.31
5uch,6.01
2qhd,5.38
4z0d,5.3
6c42,8.21
5er5,3.67
1w0z,7.68
6emh,6.08
4mx0,6.73
4mw6,5.78
4zs2,5.49
2qhr,7.39
5ohy,5.17
4dwg,7.24
1i43,3.7
2ygu,6.49
4c72,5.09
6hti,7.01
1gnn,5.68
2gfa,4.98
6odz,9.15
3khv,1.85
2ofv,9.7
4mma,6.04
3py1,6.89
1owd,8.2
4emf,7.08
1ksn,9.4
3pe2,9.76
5o4z,6.07
4jp9,7.62
3wtm,7.0
6g5l,7.62
5fky,8.33
4c16,4.96
3rux,9.28
4ieh,7.85
2pjt,6.07
1j17,5.22
4dju,5.44
3tb6,5.08
4usi,4.41
4lgu,8.68
4del,7.68
4hdf,8.49
5fng,2.96
4phw,10.0
5ajp,5.3
3zdv,5.48
3v51,8.55
2c4v,2.6
1s17,8.3
5edq,8.7
4hby,5.36
5byi,7.51
3eql,5.3
4daw,7.08
3g2t,7.0
3lqi,5.16
4zt7,8.0
5zym,5.77
5fog,3.67
5mkz,4.7
5vqv,6.4
5mgf,4.27
5bwb,5.3
5vdp,4.05
3i4a,4.28
3wbl,4.64
5mt4,3.3
3umx,6.62
5nih,6.87
6f08,5.39
5k4x,6.42
6erv,5.36
5btx,3.55
4n8r,5.0
3c2u,2.9
2cle,3.55
5thn,4.02
6ohu,6.78
4dh6,7.77
3fqe,8.3
5yyf,6.48
4q90,2.15
2zgm,1.79
6ten,9.77
3nuy,3.46
4qp8,6.55
4dzy,5.62
5dgm,6.4
2j7d,7.13
2gh7,13.0
2xc0,6.72
2f89,6.48
4uru,2.22
4m5g,5.01
2vl1,1.35
4kai,7.3
6i1r,5.84
6h4v,6.21
5zh2,6.54
1hk5,5.24
2oc9,7.96
4q3s,6.59
6ocw,8.15
4zpf,6.74
5n7b,3.77
5e2m,7.23
3c39,3.96
2qtb,8.32
3q3b,7.76
1k1o,6.17
5al1,4.28
2x97,5.66
2jdt,6.77
4ixh,8.21
5osy,7.37
1rnm,3.07
4k3l,2.96
1g53,9.04
3g30,2.51
5ypw,4.64
1ett,5.89
4w9o,7.77
5vjn,5.06
5vse,5.97
3zqt,4.41
3hqr,5.52
4gj6,5.12
5tbp,5.18
3evf,6.77
2p0d,7.0
4mib,9.7
2a4g,7.18
5g53,6.37
3mo2,6.61
6hm1,6.04
6n54,7.75
6mu1,8.1
3cfs,5.96
6eya,7.48
5aag,7.34
3b4p,5.4
1qy2,5.74
6q9u,5.89
5kqx,8.44
2yay,6.1
6qz7,6.49
2ybs,4.59
3p3j,7.92
3c8e,4.15
3b26,6.64
5njz,7.8
3qxp,7.7
2jfz,5.24
5exm,8.2
2fov,7.55
2ykj,6.21
3k00,5.77
2yhw,5.6
1jm4,5.0
1q6m,7.89
4joh,3.35
1e72,3.22
1tkc,4.85
4dgn,6.46
2ama,8.0
1zfq,7.52
3zya,7.0
5w5k,8.3
5lma,6.6
4zt2,8.0
4urx,2.89
2vba,4.6
2q64,8.52
3fas,6.77
6d55,7.36
1sr7,10.1
5zz4,9.17
5h08,5.96
4f6u,6.15
2bfq,6.89
5kly,7.21
3owb,7.72
3kpu,3.16
4oba,9.4
4pp5,7.74
5e0j,5.21
4xv2,8.27
3nzc,7.02
5hd0,8.4
6csq,6.39
6g9i,3.93
4x5r,7.85
5yg3,7.85
5yft,5.0
4dff,7.46
5nad,8.96
2rkn,7.22
5wal,8.77
2jfh,3.06
5q0f,9.89
2y2k,5.16
4fmq,5.05
1no9,7.62
6eo9,6.8
4fil,7.47
5lom,7.13
6imd,4.23
2wf4,7.89
2fda,6.3
6cjp,8.11
5ly1,7.53
4zx5,6.19
3gws,10.09
5zob,5.96
4qmm,6.34
4jrg,6.71
6cct,4.14
5ux4,7.05
4agc,10.7
3rvg,8.3
2w3l,7.52
5cgd,9.3
1mmr,5.4
2oi2,6.3
2wxd,5.48
5bvd,9.8
1tqf,5.85
2sfp,1.7
3rdh,5.03
1kti,3.43
1sfi,10.0
4l70,5.66
4wcf,4.28
5f1h,7.85
6frj,3.71
4pvt,6.52
2i0y,7.62
5usz,6.97
3r0w,4.52
4m13,6.7
2j50,7.89
5kh7,3.66
2lkk,6.7
3lzv,10.59
3tkw,5.27
2uvm,7.1
3rik,2.47
1nlp,4.96
4dfn,7.7
5eng,5.85
1jd0,8.24
1bgo,8.46
5wzu,7.0
1ym2,8.0
2jdp,6.6
6hvh,7.33
6qfv,7.31
1i8h,4.54
6rni,9.4
2ph9,5.89
5i88,6.6
1f9g,1.28
2e27,9.35
3ubd,5.54
1jg0,5.3
4z5w,5.81
3lzb,7.2
3pgl,5.3
4rab,7.4
3iny,3.66
5ee8,6.89
6bgw,6.68
3c84,7.85
1nhu,5.66
4b00,8.61
3vyf,8.8
2r3h,4.7
5lvf,4.82
1py1,4.4
4i72,9.05
4yuz,5.04
3qup,6.32
5m53,6.21
5cgj,5.22
2r2l,9.0
6fff,7.3
6bed,4.72
4q1e,8.17
5cf8,8.96
1fq4,6.4
4zur,7.17
4hu1,7.54
4a4h,2.77
3upi,8.22
4nmr,3.53
6aqs,7.55
1d6v,6.17
3kqe,8.09
1soj,6.62
3kyr,6.72
1a9u,7.32
6aa5,7.28
5vqs,5.7
1eou,7.44
5zcu,5.67
5xvw,5.48
2ewy,6.15
6beb,3.61
5cep,6.84
2ieo,8.49
3sx9,8.89
5i23,7.29
2qry,8.64
4xwk,4.63
1jak,5.57
6i5g,4.89
3kfn,4.74
3fw3,7.37
3rsv,9.15
1v0n,7.55
4gwi,3.69
3kdc,9.28
4gw8,6.06
3dek,7.57
1dif,10.66
5dus,5.53
4o09,7.7
4awk,6.89
5igm,7.38
6qgk,6.7
3l5d,4.11
1om2,4.7
1o35,5.0
4qdk,5.85
3hwx,7.86
5c6v,4.8
1ugw,3.09
1bnq,9.49
5wre,6.41
6r1k,5.05
1bkj,6.77
5trr,7.39
5qar,3.77
2r3o,6.22
4k3r,3.59
3f33,3.34
5t37,6.62
1qkn,8.47
4zvi,6.33
1nnk,5.46
3o75,6.68
6f8x,4.77
4j7e,4.85
5opu,7.28
5mw2,8.52
3nq3,3.78
4zs9,4.57
6nyh,7.68
6bic,5.62
3in3,7.22
6fx1,3.98
3hp5,7.15
5hg8,8.52
4yzn,4.81
3fdt,4.52
3o23,6.3
3l59,3.7
2p2i,7.42
6g9k,7.4
6fyk,8.52
1d6n,4.5
6e3s,6.78
2cbs,8.22
4xc2,5.37
1cwb,7.89
3oaw,8.15
4m5o,6.42
5jnn,5.35
4pmp,6.4
2opb,8.74
4el0,4.49
1qja,6.38
6ezi,5.31
4qwj,5.77
1ppi,5.01
2xp4,3.74
6equ,6.38
2xxw,6.41
4or4,4.57
2xck,6.15
4msu,5.85
3o5n,4.76
3gcp,7.82
6naf,4.26
4bo7,7.0
3ckr,5.3
3n1v,3.3
3wv1,11.41
2xui,15.0
4ew2,6.68
6g2m,7.82
5f4u,7.02
2iit,8.59
2iwu,5.92
4dij,7.52
5jzs,3.27
6c7q,9.15
3qs8,4.74
1lzo,4.54
5cin,7.74
4wph,5.8
3d3p,8.5
1so2,9.57
1bt6,5.7
3arx,5.33
5i2z,7.14
5mli,3.9
3o4l,5.09
6st3,7.03
5d48,7.52
1b3h,6.21
5v86,7.1
1hgj,1.66
5apr,7.77
5q0t,4.54
5u6v,7.68
5avi,6.06
6a80,5.9
5lrg,8.82
6h0b,4.15
4nvp,7.57
3hs8,5.3
8a3h,4.06
2vrx,7.35
1n1g,2.3
6g86,4.49
6oqd,9.85
4q3t,6.48
4o74,7.6
3hwn,8.7
6efk,6.8
5jmw,6.76
3li2,9.0
3tcg,5.87
5oq6,7.56
1mmq,7.52
6bee,4.66
4n7y,6.26
3qgw,5.89
1w0x,5.3
4acg,9.66
4ke1,8.6
1qtn,7.3
4e35,4.62
4a4q,9.4
1wva,6.57
4qmt,8.0
2pwr,6.59
4q6f,5.6
4n99,3.67
3bc5,8.3
3mp6,5.96
1urc,4.72
1g42,3.01
1zpb,6.07
2am9,8.41
6ez9,7.77
5l8n,4.51
5vd1,6.0
3zxe,3.35
1eb1,10.43
1jqy,4.92
6psb,4.1
3d45,5.68
2zjf,7.72
1s64,8.4
3s5y,7.41
1upf,4.6
2w5g,6.07
3sna,4.14
3moh,2.84
5yz2,4.95
2hha,6.91
1qbt,10.62
5n1p,4.6
5swh,7.59
3ao2,3.77
3zm9,7.42
4cws,7.92
3vo3,8.85
4zz1,7.89
1c70,10.3
6bq0,7.34
5oxg,5.89
2x8z,7.96
6f55,4.16
1lek,8.89
5tho,7.64
5oa6,5.51
3cyu,7.22
1n8v,6.03
6ccu,4.45
3e5u,5.85
4j74,4.59
5hh4,5.96
3hqy,7.94
1bwb,8.42
6udt,10.0
3t4h,5.28
1iau,7.1
5ml6,9.45
5nib,7.72
4csd,5.91
2jsd,7.77
3i81,7.89
2agv,7.7
1mfd,5.31
3fh7,7.6
6ccm,5.25
4uxq,7.8
4c1d,5.36
4e9u,5.82
3a4p,7.55
3ogx,6.48
2a2x,7.69
5jlz,5.82
1i00,6.34
3puk,4.74
5f1j,4.92
5u4b,5.74
1c8k,6.0
1il4,2.85
5xvq,5.05
5fbi,2.8
5f32,4.94
3ry8,3.34
2ph6,7.57
5mky,5.7
3wk8,4.31
4i8x,2.64
5vex,4.63
5x13,5.21
2qbu,6.19
4zk5,8.43
3ips,7.19
2bbb,8.62
1o6r,7.1
4ncn,5.67
1cil,9.43
5ofu,4.2
2p0x,6.31
5x02,9.85
4zzy,5.6
1h1b,9.8
4jmh,8.68
5u94,7.19
5h17,6.05
3o7u,7.28
4omc,10.78
5eps,4.42
6oah,5.82
5abh,8.77
3m53,5.31
3nal,8.1
1owj,7.32
2i40,5.8
1kwq,9.21
4ux9,5.1
3w0l,7.02
1mhw,7.35
1wxz,8.07
6hld,9.21
2uy5,5.49
2khh,6.56
3hkq,5.34
4ie6,5.55
5hu9,7.62
4xmo,8.7
2g24,5.4
5n8w,6.33
6fag,6.59
6aec,6.15
3e01,7.52
5d1w,5.12
4xy2,8.1
2xde,5.47
3skk,4.47
1n9a,8.66
5y97,3.6
4guj,3.05
2ydv,7.86
6ayi,6.68
6f96,7.72
2wf1,8.7
4o3t,4.37
6qaf,7.42
2k0g,6.97
5v83,5.16
4qkx,7.07
5wle,5.72
3bv3,9.34
2xtn,7.4
6fa5,6.75
3rwd,8.0
5kzp,7.15
3jq9,6.4
5tef,5.4
5a4c,8.24
5nar,6.3
5ihh,6.41
6bgy,6.82
3lbk,6.04
1h1p,4.92
3kqy,4.82
2hug,5.97
2hzy,7.39
6nfn,7.7
5a3x,6.1
2loz,4.06
5v8p,4.99
1jil,8.4
5xo2,4.03
1ddm,5.77
6oie,6.15
4ks4,7.14
4ocq,4.61
2il2,7.1
5t35,7.18
3anr,6.46
1bio,5.54
6es0,5.65
3s22,5.46
3el5,7.72
1f8b,5.4
2fx8,6.52
5qah,3.84
4f0c,6.27
5ujv,3.6
6e7m,6.66
5klt,6.76
4xm6,4.05
5wio,5.03
5hn7,3.92
4yhz,7.96
4mti,8.92
1qy1,6.52
4cc3,4.14
3tww,5.38
5uq9,6.15
4ntj,7.36
5f2p,4.43
3qxh,5.24
6apz,6.82
4mm8,6.11
4ikr,6.23
5tmp,7.47
5obr,5.36
3ah8,9.82
4p4s,4.94
4kii,6.23
2e5y,5.85
6ed6,7.43
5kpk,8.3
3gy7,4.52
3diw,6.72
1b05,7.12
5m3b,6.92
1xh4,7.47
1h7a,4.72
4m8t,6.43
4xj0,9.52
3nnx,7.96
3sad,5.96
5g1z,5.32
4e6c,4.82
1c1r,7.63
2qi3,10.2
4ucc,4.32
5mi3,6.84
4q81,3.02
3zmg,7.64
2r75,6.15
3f70,4.85
2gfs,6.15
4ij1,5.4
1fcy,8.52
3n3j,8.48
4rcp,5.35
4o72,6.0
2vwx,7.4
4ih6,4.74
6dik,5.07
4po0,6.92
2pja,8.66
3upx,8.12
2xaq,5.96
4w9n,4.26
6jag,4.5
6c8p,6.7
5tg1,5.82
2hs1,8.48
1gt4,6.52
5xgh,5.99
5j1x,5.52
4iax,9.56
2oaz,8.7
5wi1,5.0
6qm7,6.8
6ewe,5.51
6d1l,8.12
5kyj,7.89
5sy3,4.37
3s1g,5.19
4cdr,5.1
1nhx,5.68
5cxa,8.05
2yis,8.77
5ek0,7.68
3gxt,4.74
4exs,4.41
3dxm,6.0
1fkw,5.05
3ny3,4.71
6g35,7.76
1bcj,3.7
4r06,6.29
4uoh,4.77
4l4l,8.3
6npf,5.85
1gz9,3.51
4de7,4.8
3r7r,8.74
3p9m,5.0
1d4t,6.19
3v2q,6.29
4z0k,6.34
5nxv,8.46
5tus,4.43
6nfo,5.57
3old,5.9
4b80,4.4
4vgc,6.9
4psx,6.47
3kze,3.95
1erq,7.89
3kc3,6.8
3rpv,7.15
1bq4,5.22
3oyn,7.6
6sze,4.1
3hk1,6.17
2d0k,5.02
4q19,8.05
5hj9,5.85
5qb0,3.8
4a95,5.76
4k5l,4.96
1usi,6.74
5wrs,5.52
2rip,7.19
5vzy,8.49
3v7s,7.05
6i63,7.01
1agm,12.0
3nrz,5.34
6ckl,3.89
1rej,8.3
5f90,4.85
3bf1,2.52
6hf5,5.17
4anb,8.18
4ddy,5.62
1jd5,6.62
6d4o,6.28
5m6h,6.82
6alz,10.42
1ody,8.1
6ql2,7.77
5tol,7.48
6g24,2.77
3arf,7.19
3aas,4.51
5g1a,6.57
3ckb,2.98
4c1c,4.97
4z2j,6.43
5v5y,7.87
6eip,5.7
5etu,3.89
3r2a,6.12
6pia,4.96
5acw,3.84
2oi9,5.7
4y3b,4.87
4zsj,5.64
3t1l,3.26
5mo0,4.68
4qwu,5.51
4umr,3.8
3efw,8.4
4c4n,6.1
3l7d,2.18
4r59,7.96
2ilp,4.82
6k4x,6.66
5n9n,9.39
6dh4,11.3
3mxf,7.31
2boj,5.77
3gk2,2.7
3g2s,6.22
6fs0,9.77
1d4w,6.92
5bml,8.0
3bh8,7.95
5jfd,9.54
5alz,8.22
3p8z,6.09
4e81,5.24
4ok3,4.15
3rsb,6.4
4auy,7.74
2e99,6.16
1pzp,3.31
4qw7,6.28
6g6x,4.88
5jna,7.35
3hs9,6.31
6nu5,5.15
3wv2,7.92
3suv,4.55
5tq8,7.64
5clm,7.36
1k27,9.0
2yk9,5.09
5yid,5.4
5iu6,3.89
4o3c,2.59
3bbt,6.15
1vwf,6.51
4xg8,8.72
5ak4,4.23
3tf6,6.4
2ynn,5.17
3hig,7.89
6dyr,3.66
1e00,6.1
5kos,8.82
3c4f,5.72
3eju,6.6
2oa0,6.92
5f4p,7.33
3otq,7.39
3gfe,8.49
2oqs,5.89
4b5b,6.41
6e3o,8.7
5uv2,4.4
5fpi,4.14
6dxx,6.64
1h27,5.6
5i3y,9.4
1uou,7.7
1g3b,5.74
5ap5,7.97
6q96,10.0
4hyi,8.52
4b7z,4.31
3qw8,5.1
6g4n,5.64
4eoi,6.05
3vfj,7.04
2y2h,4.57
6kmj,4.79
3oxz,8.07
3owd,7.52
3ohi,4.85
5v7i,7.18
5eie,7.64
5ttf,6.21
2y7k,4.93
5fou,3.95
4pyv,6.7
3vfq,5.19
2qx0,6.11
4qmy,8.4
1u8t,4.26
3nim,4.75
4a9m,6.3
5mw4,11.7
5wb3,7.22
5jr6,4.69
3qw6,3.52
6b30,7.22
5yr6,5.34
3oeu,7.51
2vo4,4.94
2bmg,7.74
2tpi,4.31
2v8w,6.82
5vp1,9.29
2rku,8.3
5fdc,7.46
5h09,5.88
6phx,3.32
3bim,5.88
5ceo,9.3
1tyr,7.0
3vjc,7.72
3mbl,7.74
6q9t,7.52
4bqw,7.48
6hwu,7.54
4rwl,8.1
4r6e,7.78
3t8w,7.54
3pkd,6.12
3il6,6.57
4a23,5.89
5w94,4.65
5ih9,8.7
4cqe,8.43
6qri,4.82
2ate,7.07
1pdq,5.3
4x2l,4.44
3t19,8.66
4eh2,3.16
2wzx,6.0
1yds,5.92
1cgl,6.87
4c36,7.7
2hu6,3.81
2ha4,2.7
3usx,5.02
3hxb,5.39
4y2y,5.05
3ds3,5.22
5uqx,6.21
3u7n,7.95
3ljo,6.62
2gg2,6.6
3iop,7.77
4qaa,6.44
1tl9,5.52
2jqk,3.4
5i0b,5.06
3mtw,7.04
3vjm,9.43
5uis,6.84
6q7w,6.85
5qaq,3.54
4cpy,6.31
4q8x,3.57
5w2p,6.88
6gnp,4.55
2f10,3.48
3cgy,3.15
3t8s,8.55
1ikt,3.4
5zo8,8.2
5mi7,7.11
4bo4,6.89
4cu7,7.59
1dmp,9.55
4qnu,6.4
3vg1,7.26
3k84,8.52
5f00,6.6
3q0z,7.7
5n9k,9.34
4twd,5.08
4crj,5.96
5nk9,6.14
1njc,5.55
1jh1,4.39
5cqj,4.81
5e73,4.64
2yi7,8.32
1f5k,3.74
4gk7,7.9
6b4d,6.11
5os1,3.31
4oym,4.96
5ddf,6.17
1ua4,4.22
3arn,5.41
3fc8,5.39
5mwy,7.0
4qme,6.52
4n5g,5.0
3skh,6.05
5icx,6.96
1njf,6.21
6d1a,4.35
2evo,7.17
1tpz,6.19
4jit,6.64
2ow6,2.7
2z4z,5.73
4kfp,8.0
5teg,6.85
3f37,2.62
3eta,7.85
5hbe,8.64
4dcv,4.59
5uov,10.6
6fkp,6.52
3up7,8.21
6mh1,5.92
4cpx,7.77
4c4e,7.6
5cas,8.85
4qjp,8.6
1hpx,11.26
1oko,4.54
4lge,8.46
5cte,7.8
1rpa,6.0
1rdi,2.06
3mg7,7.89
3qaq,7.0
3g0b,8.15
5w2q,6.88
4e9c,5.96
1f28,7.8
1pun,7.28
6jb0,7.24
2pj4,7.89
5t52,9.28
5h8x,5.51
6i77,4.96
1c3r,6.4
4q15,7.96
3ljz,8.14
4qz6,5.53
1j36,7.74
2wuu,7.16
5zku,4.3
5t18,9.3
5jga,8.64
4b7n,8.78
3umw,8.52
6h4o,6.89
4yv5,6.22
1usn,7.74
5v5e,5.52
2lgf,5.57
6euw,7.77
3m6r,7.49
6sbt,6.78
4eym,4.01
4bao,8.37
1kmy,5.1
6fdt,4.3
1fpc,7.0
5alb,10.71
2qlb,5.89
3fh8,6.74
4qvq,5.2
1cim,8.82
2alv,4.15
4yv9,6.4
4jwr,6.21
4mrg,2.96
2b8l,7.82
6qs5,6.24
6ibk,3.29
4uwf,8.15
2vu3,7.33
3vqs,7.75
3gss,5.82
5bwc,7.21
6m95,6.85
3ch9,3.3
6mi6,4.54
4azi,7.45
2itt,8.77
2jb6,10.96
2pmn,5.2
3s71,8.64
4lng,5.62
5gsw,5.94
6s43,5.4
2nxl,6.27
4urv,2.77
3ouh,7.1
4r4t,6.26
2cf8,8.1
1mrx,7.26
3qo9,5.92
5v4b,6.0
1cj1,8.8
5u4g,6.1
3lpb,7.38
5wip,4.71
4edy,5.83
3x00,9.08
4ob0,5.3
4h3i,8.52
4ctj,2.51
1nmk,8.24
5hyr,7.38
5hfc,5.72
5jgi,4.3
4kb8,7.89
5toz,9.46
1rww,8.3
4qp2,3.03
5zml,8.11
6g7f,5.0
3myq,7.52
5ihc,7.89
5ah2,10.08
5bsk,6.22
1w51,6.3
1nl9,5.96
4o7d,3.0
3kqb,9.3
6nfg,4.11
5szb,5.11
4uvx,7.96
4z68,6.49
3kx1,7.0
1lst,7.85
2fqt,6.14
3i5z,8.7
4mu7,8.85
4hvi,7.16
3zs1,6.4
3m5a,4.96
6q6o,7.54
3ud9,4.67
2wih,7.35
2wi4,5.81
2x2c,7.72
3qck,5.24
5g4n,4.0
5ak5,7.07
4aje,3.68
1lzq,8.39
3c6t,8.68
5j7j,5.07
6hkn,7.29
5ene,3.23
2vj8,8.7
3k5i,4.7
4ufk,3.89
2gc8,5.51
4muw,8.01
5ula,7.11
5aux,5.0
2hvx,7.54
3v66,8.89
5lg3,3.8
6ct7,7.0
4bdd,4.43
5v1d,6.7
3tjc,7.51
5a5p,4.0
2jdn,5.56
4xo8,8.96
1i9p,8.41
3ui2,6.37
6cki,7.24
4q7v,3.59
1mwn,6.7
6bgu,6.28
1c9d,6.3
5may,6.48
6n7d,9.52
3uwl,3.68
6r8r,7.07
4wbo,4.2
3unk,4.82
4gs6,7.15
6as8,7.05
5wf3,5.85
5nwd,8.0
1yly,7.82
4eop,6.05
4pks,4.82
4bcd,7.48
1gu3,4.32
4dcx,4.5
1uti,5.62
5a85,5.3
3zj8,3.9
1jqd,5.16
5q1i,6.24
2wxm,7.4
2fmb,8.7
1utj,3.84
5ods,4.33
3g1m,6.3
6afj,6.28
6em7,4.53
3jzq,6.96
4gw1,6.37
3zyf,4.85
2avm,5.7
5nhv,8.55
5lav,6.09
6ft9,6.96
4x3i,3.17
2brp,4.0
6f3b,6.56
4mc9,9.44
4ir6,6.08
5mqy,7.11
4eke,4.48
7gch,5.7
1ppl,8.55
1h5u,6.75
1tkz,6.62
3chq,7.7
5ult,10.85
6g6z,6.66
4o2c,8.0
2xzc,5.64
4nxv,5.42
4wwp,6.92
1ahy,3.36
1ld7,8.96
2oph,7.8
2dw7,4.7
5dpa,4.65
3a4o,8.89
5z1s,6.16
6h50,6.81
5his,4.71
3iss,6.05
2wva,10.7
3v7x,8.57
2n0u,6.22
2bvs,4.1
6cdo,8.97
1hxk,3.4
3caj,8.1
3qd3,8.0
5n1y,3.22
1d4h,10.0
5l2o,6.12
4l51,3.0
6hhi,8.17
6bs3,5.82
4lbo,5.77
4muf,6.34
4de0,5.89
5hna,4.23
3ftq,5.33
1g2o,10.55
3shc,5.72
5vzu,5.57
6mod,9.15
2wuf,4.29
5h13,4.94
3krw,7.38
4n8d,4.92
4b33,3.37
6n95,5.12
3sgx,5.49
6p5o,4.54
6fsy,6.61
4qna,4.64
6rk4,4.01
1h08,4.55
6n7q,5.15
2ya7,3.14
4prg,7.15
3r6g,7.6
1oe8,5.52
4osf,5.44
4crb,7.57
4o04,6.16
4mm6,6.69
1t7r,5.96
4gng,3.54
5kv8,4.84
1fki,7.0
5eq0,5.92
4e34,6.01
5f67,6.89
6biy,6.66
4zdu,5.77
5tuy,6.35
5uv5,7.7
6ffe,6.1
5dht,6.0
6gj7,6.06
2x2i,8.7
5vll,6.37
3ppj,8.7
4ouj,2.86
4lkj,6.7
1gx8,6.37
3fvk,8.82
5fwa,4.79
5ea4,8.11
3omc,5.0
1lyx,4.54
5ksu,4.08
3di6,7.0
3ies,9.92
4hhy,8.72
6qtm,5.25
1ek2,8.2
4ifi,5.48
5if4,9.0
4bzr,7.6
2w67,4.96
2x4s,4.2
1o2k,6.92
4ttv,6.68
4hmh,6.21
6hva,6.28
3q4j,6.21
4ufz,6.31
6g07,4.57
3nu6,9.3
2iog,8.1
2yj9,7.02
4rce,8.7
4yvz,5.52
5bmm,8.4
3hfb,7.52
5hvy,7.76
5hdv,7.82
5qaj,3.48
5j8u,6.47
3eky,9.64
1nw7,5.09
1g50,6.28
3iod,4.1
6qr0,6.92
5gjg,6.21
2ylq,4.3
2xb7,9.19
1kyn,5.39
2qd8,9.07
6ps1,9.7
7cpa,13.96
4tkj,6.04
5j20,9.14
1nz7,7.12
6md0,5.9
6k5t,4.24
4lhv,10.0
4k0u,7.26
3h9k,7.85
5h5s,5.09
4l7l,6.0
4fxy,7.54
1elr,4.96
5i80,7.21
5mhp,7.82
5hlb,4.01
5o0s,4.24
4u0s,6.8
1b8y,7.85
2xcn,6.92
1thr,5.38
2b53,6.22
6g9n,8.52
5kgw,4.79
3nil,3.46
4xt2,7.15
2qnn,7.15
1svg,8.7
6bgv,6.74
5y0z,6.34
4mrf,1.95
5hdz,7.35
2mps,5.41
3rv9,4.92
3gtc,2.35
5iaw,4.81
1h35,7.54
4yo6,5.66
6q6m,6.89
1hy7,5.39
3g0i,3.6
5q14,7.68
2cbu,5.68
1m1b,4.66
3mv0,3.85
4ci1,6.6
4x34,6.12
4tkg,6.85
5enh,3.72
2vd7,5.38
3sw2,8.33
1lke,7.52
3h9f,7.92
3s3i,7.8
3upy,5.62
4o2b,5.74
5ant,6.36
6t6a,6.7
4fhh,7.46
4ipn,3.39
3kqr,4.43
830c,9.28
5vfj,4.7
6q7a,8.3
1uvs,5.4
2l65,4.22
2hwh,5.7
4zxx,8.1
4znx,6.62
3sm2,9.7
4yz5,2.83
6eqw,10.65
966c,7.64
5i5x,6.7
6oja,9.7
4nxo,7.22
4gfo,6.62
1ohr,8.7
4ym4,4.47
5ezz,6.84
4yzm,5.27
6mjw,7.99
4lv2,8.0
4rlw,4.87
4idt,7.0
6qls,5.35
6cvy,8.41
4j5p,7.92
5m5q,7.05
1zzz,5.14
3d32,6.45
6ax4,8.22
3evd,6.91
2zdm,6.41
1n7i,6.59
2vvt,5.24
5nwc,6.15
6drz,9.8
2zc9,6.74
4wbg,5.55
1qvt,4.38
6qfx,7.7
4mha,8.28
4hy5,8.89
3w2r,7.72
4ui4,7.35
4bti,9.7
3aig,6.0
4llk,3.0
4xy8,6.4
4tkh,5.74
6saf,6.64
5tzw,6.01
2xwe,6.02
2x5o,4.07
4whl,6.4
3cph,6.48
1h26,5.54
4oyt,2.81
1sqb,7.95
3olg,7.84
4m3d,5.41
5hv0,5.96
1o3l,6.54
5chk,5.39
1sgu,5.37
4mbi,8.15
3poz,7.64
3sbh,7.28
4ht0,8.0
4jlm,7.64
4j70,5.24
3o56,9.1
6g5u,6.4
3pup,8.22
4qvn,5.1
3lik,8.72
3l4v,6.72
3h2m,3.67
2amv,8.8
3s76,5.05
5owh,5.92
3u93,6.31
6fmp,5.64
3k8c,2.92
3rbq,6.27
3kv2,7.32
6fod,8.15
1eld,6.7
3aav,6.62
4rqk,5.82
1a61,8.62
5od1,5.96
3wzk,7.24
2cgu,4.87
6do3,8.03
1me4,6.84
3gz9,8.4
3ocp,7.57
4jyt,7.4
2yhd,4.64
4qwr,5.93
2vcx,7.68
1egh,5.7
5f1u,6.4
2oi3,6.64
3i6o,10.35
5jan,3.01
3gqo,5.41
4xuz,7.36
4rpv,8.52
2xu4,6.47
3d8w,8.15
2hm1,8.7
2w3o,6.72
6qfe,7.1
1q95,7.57
5ji8,4.63
1q3w,8.4
3qkk,6.52
6dih,2.72
4mgv,7.12
2aog,6.28
2ea2,7.8
5qck,7.64
6u7p,11.68
4r73,7.64
3tmk,6.87
3l5c,5.15
5h9s,4.06
6mbo,5.95
6dh2,10.89
1ros,8.77
6npv,6.8
1efy,8.22
6pvu,5.21
3str,8.4
6ps9,4.62
3qg6,9.14
5vwk,5.48
3h3c,6.85
5yyz,4.18
1rxp,7.14
4dai,6.96
1z4n,4.52
2yak,8.7
4cmt,9.7
3feg,4.35
4xir,6.94
5opb,7.62
5ets,5.91
1uym,6.0
2qdt,5.19
4u2y,3.99
3ooz,7.85
5lz5,6.35
2r0u,9.0
2aoe,7.62
2nyr,4.66
2vuk,3.9
3le8,6.07
1xk5,6.0
5yr5,6.74
4zim,8.62
6cec,4.35
4wlb,6.74
3lxg,8.14
3lpu,5.86
1uu3,6.12
4bks,3.82
1utn,3.49
6pvs,8.17
4bzo,7.89
2cct,5.02
6goo,5.67
4bhz,4.27
4gj3,8.85
4az0,7.42
5ayf,4.82
5w7x,4.1
5ut6,4.24
1tom,8.3
2kmx,4.08
5jf1,7.19
5trs,8.0
5h0h,6.16
4o7e,5.24
4pnl,5.52
3piz,5.46
4bcb,8.52
5lmk,7.43
3sie,7.88
5l8c,7.0
4ow0,6.82
5i25,3.49
6eqs,6.43
5ijr,3.2
4wx7,7.4
1rdn,1.84
6da4,6.34
3t03,6.8
2uwo,8.7
4n7m,5.47
5kr0,9.15
6qhg,3.13
4yik,6.89
4kup,5.22
3tpu,4.32
1p57,4.4
6g9f,6.23
4g3f,8.36
6fzm,6.04
1rpj,6.48
2fl2,8.7
2k62,4.7
4bd3,4.54
1w11,8.22
3pj1,7.32
2qg2,5.4
3zi0,7.4
5wac,7.42
5eb3,1.45
3dc2,3.02
5lo6,7.27
5l4f,5.89
3llm,4.74
4yfi,6.3
3b8r,9.22
6k2n,1.36
5aqt,3.51
4c5w,5.48
5ywg,8.34
3q2m,3.8
3tam,8.43
5ti2,4.62
2y4k,5.46
6ami,4.52
3qaa,11.54
4cq0,5.09
6i0p,4.4
2wj2,8.33
3twx,5.26
1t7j,8.7
2kce,6.17
4lgh,8.7
2vot,7.14
4fcq,7.0
2uzb,6.92
3ine,6.77
6f3d,8.4
4ivt,6.0
6c7e,8.55
4ufe,8.15
2wzf,7.0
1os0,6.03
6a93,8.16
5bnm,4.82
6rvk,6.36
5e0m,5.28
4rll,5.02
6nrh,7.26
5e8w,4.39
5jox,4.46
2aou,7.73
6bhe,4.62
3nhi,8.43
2er0,6.38
1br6,3.22
5nzm,3.9
1okw,5.25
4pkt,4.83
6n5f,6.86
6rrm,6.84
5hvu,7.89
1ff1,4.92
3p5k,7.12
1jmi,6.06
4k0o,3.0
1x7e,5.97
3s3n,7.06
4jin,5.64
2vo5,4.89
1uh1,5.48
5gn5,6.98
6q6y,6.0
2h96,6.64
4w9e,5.15
3c4h,5.7
5uah,3.4
3ozp,6.62
5xff,8.21
4bdb,4.07
3k5u,6.51
4dkp,5.72
6dak,5.14
6grp,5.48
6hky,9.34
1m2x,4.15
1t13,7.38
2uw8,4.11
6hys,5.59
4ijp,7.8
6s57,5.1
1n9m,10.96
2llq,5.82
3at3,8.04
1pr5,3.92
4w4y,6.46
4mm7,3.63
4j0s,6.42
3ed0,6.35
5ogk,5.11
4cd5,6.71
3ehw,4.82
3jvk,3.93
6d6u,8.21
3dpo,8.26
4enx,6.26
6dyo,4.49
3nf7,3.47
5ai4,3.47
4urm,8.05
3ewz,4.1
1pw6,5.22
5ggp,3.3
5adq,5.7
2avs,7.57
3kaf,6.08
4ie3,6.01
4k3n,7.96
4rac,7.52
3wzu,5.89
5jh6,8.48
2q8m,4.03
3ehx,7.6
4uyd,4.1
6exm,5.52
2vo7,6.77
1ogu,7.47
1apw,8.0
5o55,4.7
5he3,6.55
5lyh,6.31
5hbs,7.73
3o5x,5.28
2og8,9.3
3ijh,4.0
3d2r,5.48
2w6q,4.6
4ucs,4.21
4j5e,4.94
6gz9,2.13
6mku,7.15
5eyd,9.0
4leq,6.54
3ayc,4.24
1m5c,6.3
4mdq,5.92
3bqc,5.73
4kzl,6.15
1r10,3.83
4bt4,3.34
3juo,5.07
2ff2,8.21
4zt5,8.0
1qf5,7.37
4k4e,7.62
4jai,8.4
4q1d,7.78
5t1a,7.89
3r0i,6.92
3t01,4.48
3s2o,5.05
4ks3,6.37
1thz,5.15
6i75,4.64
4j51,6.59
4jh0,9.03
6emu,5.03
1g1e,7.54
5t4u,5.32
6eyb,5.37
6g39,8.34
1lf8,5.46
2pvn,9.46
4k6y,4.83
4b85,4.06
5lxp,6.12
3wtl,7.04
5n9r,5.59
2iw6,6.85
3ugc,6.02
4wsj,7.33
1juf,5.85
5aa8,8.07
5odu,3.28
4zyz,7.17
6cd9,4.42
2ybp,4.62
1pxo,8.7
3bxh,4.03
1ouy,8.37
4h75,6.6
3vfa,9.19
4q1x,11.15
3p3h,7.44
1nyy,4.68
6f6d,4.1
4l7d,6.12
3doz,5.7
1ya4,4.82
3o0u,7.92
1mm7,7.7
5a6b,8.1
4omk,4.4
2zif,4.37
4fck,1.26
4hld,9.3
4fm8,5.97
3k3i,5.72
1czq,4.54
4yxd,4.34
5ddc,7.04
1z4o,4.52
4wt6,7.92
2g71,7.46
4oef,4.76
5n7x,5.24
2w8j,2.96
4f3k,10.16
2j79,5.96
2zx6,10.6
5ejw,3.3
4o10,7.11
6hzv,8.22
3h6z,5.82
5tv1,7.24
6fmn,5.95
4hl5,6.35
3ttm,8.52
5wfd,4.58
1flr,10.0
4rww,5.85
2bvx,8.7
5ftg,6.15
4qo4,8.3
4oyi,4.72
4deu,5.64
3sni,7.96
2yjw,5.12
3ua9,7.25
6c7b,5.82
3rk7,6.7
4dr9,8.0
6e91,6.62
2w6o,4.22
4inb,6.05
1m9n,6.92
2gg7,5.76
4igk,4.55
5w5s,7.77
2xdm,7.49
5sxn,4.96
1hii,7.28
5dxe,6.41
6h2t,4.82
3eyd,9.7
4fci,1.26
5icy,5.06
5zo9,8.2
5ni8,7.7
5c20,6.41
6gub,7.64
5u51,4.92
4bqg,6.22
2p98,6.19
5ikb,8.72
6tyz,6.88
1i9q,8.41
6c3n,2.49
4j82,4.35
3sjo,5.78
4yad,5.6
3bx5,8.46
3krr,9.32
6aee,5.37
5a4t,5.89
4ad2,6.2
2l3r,4.66
5j3v,6.98
2rkd,2.72
3sfg,6.06
1qpb,1.36
6i8t,5.75
6g0w,5.28
6da1,5.05
3da9,5.51
4a9c,4.61
4i9r,6.95
2q8y,3.99
2yde,3.72
3rti,7.37
5vsj,4.02
3vsw,6.89
1pig,9.15
5wzr,7.29
1w8m,1.6
6ecz,6.57
3qcs,6.5
5g5v,6.7
5h85,4.7
5tq3,8.66
4w4s,5.02
1qbs,9.47
4ury,2.22
4gqq,2.89
6qr9,6.72
3oyl,6.7
4ny3,4.31
5l13,6.96
4ezk,8.2
6agk,5.58
6ckr,7.3
4ucv,2.88
5ekn,5.72
1aqc,5.34
3mbp,6.8
6fyz,7.41
3isw,4.05
5ivy,6.44
4jrv,7.54
6cyd,8.7
6pno,5.32
2c97,6.14
3mxd,8.83
4g5y,2.77
3kc1,9.0
6fel,6.4
4ykn,8.0
3p8h,5.3
3ibu,9.15
5ke0,9.7
3sud,9.85
2yoh,4.96
3hp9,4.59
4yyt,6.38
5x27,9.4
4z2p,4.6
5wae,6.8
1g4o,8.25
6f8b,5.21
4puk,7.28
1n95,8.92
3hzv,6.52
1hdt,7.76
1g9r,5.7
3fvg,6.89
2idk,5.54
3m3r,6.32
4msk,7.2
4j6i,8.85
4ppa,9.1
1umw,6.55
4cd0,9.7
4l2k,6.44
1p05,5.96
6kdz,8.54
4wn5,7.41
5cap,7.28
4qiy,7.3
6fu5,7.5
6h7u,1.98
1n51,4.85
5anw,8.52
4jvb,7.41
4ayy,8.17
5mxx,7.51
5l44,4.4
5t2m,9.2
4rx8,7.46
5zaj,7.38
2q7o,7.92
4fri,5.55
4drk,5.08
2lsr,5.24
5axi,3.92
5wbr,4.77
3piy,6.54
5mar,4.39
3qc9,6.06
3hmo,7.52
2q54,9.01
2cji,8.22
1qaq,4.74
6hlb,10.27
6jam,5.23
5f3t,3.68
6hb7,6.83
3p8o,8.72
4ym2,2.85
6qxu,8.15
1t46,6.43
4zh2,5.0
5aqu,2.98
1k9r,3.3
3fzs,5.82
3iqv,5.18
2c5n,6.66
5yfz,6.96
3zbx,8.22
4nld,7.7
1q6j,7.8
5aeh,7.43
5jg1,8.72
6ee2,6.71
1i6v,5.0
5i22,7.62
5n3w,6.3
2y56,6.51
4j8s,5.7
6e0q,8.1
4tun,5.41
6fne,5.52
4acx,7.11
3rwj,7.8
5otr,4.92
1qka,5.92
4ux4,7.01
6iik,4.91
5kjk,7.92
2xxt,8.05
6iez,6.52
2e94,8.0
2wtx,2.89
2p33,7.24
3saz,6.1
4uiz,4.7
1pme,9.4
1b55,7.4
5igl,7.37
5xyx,4.84
6hpw,6.09
2glm,5.37
4lkm,6.34
2x7s,5.78
4eoh,4.3
4nuf,5.3
4yw2,2.8
1z6p,6.05
5cgv,6.47
6g1v,7.23
4crd,7.1
3oka,4.72
5kks,8.7
4yje,4.84
1uxb,2.15
6mnc,5.8
3f6e,2.38
4xtm,4.57
2fts,7.05
3jxw,9.0
2q93,6.25
5orh,4.39
5nt4,7.77
4tq3,5.49
1o5r,8.12
6bgz,6.39
5ll4,8.4
1o0m,5.15
5jf6,7.21
1g5f,2.64
5mks,4.77
4yqv,5.71
4kwf,4.82
1toj,3.39
5g1c,6.85
5q1f,7.14
6q8k,6.54
1gz3,3.7
3zlw,3.7
2ban,9.0
5d29,7.01
4m3b,6.4
2f1a,3.14
6ncj,7.62
2ohq,4.6
5iwg,6.46
2l1r,3.57
3lco,6.84
6i10,4.53
1sv3,4.35
185l,3.54
3u7k,7.07
2d1n,8.15
4k6i,6.2
2lk1,4.09
4e3h,7.05
1qbu,10.24
6jdl,4.89
3k3b,6.7
2ltv,5.16
5mqt,5.7
3g2y,2.0
5cf4,7.4
5k76,8.3
5sz9,4.42
6bcr,5.26
2jf4,8.15
3qkl,8.05
1zaf,7.7
3ns7,8.33
5ctc,6.35
4x6j,7.8
3sm1,5.84
3cfv,6.05
1xa5,6.5
1waw,7.89
3orn,9.62
5usy,7.51
6hvj,7.55
1bzh,6.77
4z1n,8.23
4ovz,6.31
5wvd,7.68
4mfe,2.27
4y2b,8.36
4dro,5.41
1xka,6.88
6dxg,4.85
5uk8,6.4
2wlz,4.6
1fkb,9.7
3f7h,7.09
5afj,4.38
4lkk,5.92
5j87,8.05
6cnk,7.77
5lvr,3.6
4mmf,6.53
3hnz,7.72
5fos,5.74
3eu5,7.49
5ggn,3.66
4ph4,7.74
6np2,6.8
4dmn,5.64
6ocz,8.52
5dcz,9.3
5fat,6.96
3lox,8.1
3cs8,5.77
1l2z,3.69
5qb1,4.7
6rna,8.3
2vtj,5.72
1yhs,8.0
4d88,7.31
3g5y,7.46
5wg8,5.74
1bnu,9.7
3dtc,7.59
5xiw,4.96
1bkm,5.74
1o4b,5.7
2o48,6.01
4fcr,9.4
6ajr,4.31
3mwu,8.05
5t3n,8.04
6e4u,7.87
3oxc,8.41
4pd7,3.92
1c8v,6.33
5er1,6.02
2psu,7.62
6rn6,6.8
4fai,6.99
4inu,9.26
3k02,5.0
5dyw,8.31
6u80,4.43
1inc,9.34
3daz,7.93
4hgc,10.0
6aak,9.15
1tg5,7.92
6j63,8.19
4hlf,6.06
3h89,7.64
1dar,4.96
4n5d,3.22
3zcw,6.19
3k4q,5.34
4mbc,6.4
4jgv,6.57
6ql1,6.48
6gl8,8.61
4p4f,6.77
1vot,6.6
6ccn,4.52
4lp9,6.21
3rsr,4.36
1mfa,5.04
6nyv,6.51
3br9,7.21
4w4v,6.94
4rfc,8.24
4afh,9.54
1l6m,8.1
6fky,6.49
5tyk,7.65
4qmp,7.85
1qfs,9.48
5wr7,8.96
1aqi,5.62
1zom,7.52
4mz4,7.89
4j2c,5.25
3hit,8.19
2n3k,6.8
1cet,2.89
5alo,6.13
5jyp,7.0
2f7p,6.6
3kga,7.21
4dbn,8.15
5zhj,5.0
2xj1,7.55
4otg,7.59
5vo2,6.81
6ncn,3.05
6mub,7.0
3avl,4.18
1epo,7.96
2ha2,4.66
4wvl,6.88
5nhp,7.64
6oqb,10.3
1o45,9.6
4wf2,8.1
4qnb,6.59
1yt9,8.3
6nwk,7.7
2it4,1.62
5m6m,7.36
1m0q,3.89
4yti,7.89
6mhd,7.29
2xm2,4.62
6gy1,6.3
1ilh,7.39
5ct2,2.92
2xgs,3.28
4rsk,4.32
2mow,5.96
6e6w,9.96
3ioc,3.68
3gvb,2.59
6c5k,7.16
4wx4,9.22
1lag,6.3
3gxy,5.59
2g79,6.92
6c5t,6.97
5u0z,6.19
6ckc,8.22
5js3,6.73
3s73,8.7
4x3t,4.54
6oxy,9.55
4i0d,6.21
4k3p,5.8
4poj,8.1
2xs0,5.15
3ds9,7.39
3pn4,6.85
5c4u,8.72
5trh,5.08
6gj8,5.87
3sow,5.14
1tni,4.0
4xtv,9.27
1q41,7.66
4mk5,6.35
1tok,2.47
5lkr,5.48
2l8r,3.92
4nud,7.07
4cl6,5.39
6hzc,8.93
6mji,7.29
6ic7,7.11
5mkr,4.77
1x8j,6.96
4qht,4.94
4u79,6.4
4hgt,7.4
2x6w,7.1
5e8a,7.47
4fut,6.51
2j9a,5.89
4gee,9.0
5orr,3.77
5vee,6.11
4gm8,9.0
5adt,5.65
1x76,8.72
5kls,6.71
5tys,10.72
2viq,5.89
3sn7,9.15
2yhy,5.6
1t3t,4.96
5qac,3.6
6fug,4.3
5t9w,5.59
4wr8,6.23
4j8r,7.7
4m5r,3.0
4feq,5.96
5tw3,8.7
1h00,4.42
2wic,5.39
6hh5,4.27
5bw4,4.17
2pl9,4.17
6euc,3.77
6dz2,8.85
6oxs,9.96
3ful,3.7
6ugz,7.72
6g8k,4.45
6ftw,6.49
5zg1,7.72
3c6u,8.87
3bi6,7.82
2vt3,4.15
4he9,8.46
1o47,8.4
5bvn,8.82
1o4d,3.52
3ti6,9.27
2kff,3.61
1mem,7.94
2h2h,4.98
4rsp,5.44
4l58,4.68
3l3x,6.15
1af2,3.1
2qwf,5.67
3wzp,6.82
4nh9,6.43
1wcc,3.46
3ukr,4.92
5amn,8.35
3ua8,7.85
4eh5,3.09
1u3r,8.3
3dla,3.46
4r07,5.32
2w2i,6.04
3r17,6.41
3iu9,6.62
2vc9,8.44
4cpz,7.68
6nvi,8.59
5ea5,8.06
1u9w,8.46
6bhv,5.23
6d4t,6.92
5v88,7.55
3hek,8.27
5wa9,6.76
3lxk,9.8
4b71,5.89
6jz0,7.82
2qwg,3.64
1f92,6.19
6cen,5.49
6gxa,4.22
2pmc,4.19
5op5,6.67
4ere,8.38
5u3b,8.82
4zup,6.77
3pcn,3.66
4isu,3.68
3efk,7.85
2x2l,5.28
4r5v,6.15
3dln,6.6
1i5d,8.0
3wch,7.05
4qrh,5.15
2uzo,4.57
2a5b,3.93
3s0d,7.05
3kck,9.1
1gsz,7.21
5em6,8.4
5gmv,6.23
2w12,4.65
1a4h,5.92
1pum,3.05
1slg,3.9
4kwo,6.45
4qms,5.13
2bks,7.43
3c2r,3.11
3uoh,7.89
6dki,8.64
3wyj,6.44
1y2c,6.57
6g3c,6.91
2vcg,5.77
5mk9,4.42
4gpl,5.89
4zyx,8.15
1vrt,7.1
6b1k,6.67
5e1d,5.39
3lnz,9.31
6mom,9.52
3hng,6.74
3vha,7.4
5v6y,8.47
6h9b,5.7
5x4n,4.17
1qx1,2.12
3sax,6.57
5g11,7.21
6bin,6.34
4o61,4.3
3c88,6.8
3r42,4.08
1o2n,6.09
3pty,5.44
1uv5,8.3
2aay,2.92
2q8z,5.68
6fyi,6.7
4uwg,8.15
1f2p,1.9
4jfm,5.48
5t8r,4.29
1g7f,5.47
6h4u,6.16
2h13,5.35
1v2s,4.17
4j3j,7.51
2gyi,7.0
3fyk,7.4
5zh4,5.14
3suf,7.56
4flj,5.13
5yof,5.82
2e9a,6.04
4my6,5.62
1uj6,3.05
4r5x,5.26
5n25,7.78
5fnf,3.15
5bns,7.02
2y7z,8.7
4xuh,5.73
5v13,7.63
1z1h,8.4
2k00,4.62
4fhi,7.0
5alc,8.13
1h8y,7.7
3hf8,6.51
6hgg,5.42
4mcb,5.82
9abp,8.0
6ng0,8.19
3nwb,7.96
4n1u,8.3
2xlc,2.3
2qzl,8.1
1cnw,7.72
6g36,7.79
6oe0,8.92
5er2,6.57
4mrd,3.37
5wfc,4.9
5dfp,7.66
5ap6,7.88
3blr,8.19
2pvh,6.59
3tki,10.3
3pdh,6.74
2g72,6.5
2ci9,7.22
2br6,2.96
3mna,7.39
4xoe,5.0
5wzv,6.68
6b1h,8.72
2bxu,7.15
1eoj,13.77
1if7,10.52
4c94,5.05
6cf7,7.91
3irx,9.0
4ywa,7.55
5w4v,7.15
4qag,5.32
4aig,6.52
6k05,6.56
4des,5.85
5ece,8.05
4qmq,6.59
4lp6,8.27
3ft3,7.36
5w85,8.0
2srt,6.64
3qtz,7.3
4l0t,7.18
5jjm,7.51
5jn9,7.79
3rbm,6.57
5qqp,8.28
5h0e,6.68
5caq,8.57
2nnp,8.37
8abp,8.0
6pf3,4.55
1pzi,4.22
2ypi,4.82
2zyn,5.92
4jv7,6.0
3bxg,4.96
3aho,7.05
2ra6,4.52
2zyb,7.7
5ieg,5.74
2cli,4.3
6fjf,8.17
5ogl,4.31
3e0q,5.89
5etn,5.37
4nk9,8.51
5ax9,8.1
1dkd,5.7
5qat,3.85
4ad6,4.78
6m88,5.96
4m5n,5.12
4nh7,8.4
5ia1,6.28
5up0,6.34
4ery,7.27
1ke8,6.0
4op1,6.89
5alv,4.36
3hp2,6.17
4und,8.96
6cc9,3.15
4yhq,8.77
4jal,4.6
4z16,8.32
4egk,7.72
2nqi,6.11
2vvo,2.2
6h4y,7.11
5g46,2.6
6i74,5.47
3lhj,9.51
3qj9,7.0
5nvz,6.77
4r7m,7.96
3kw9,9.0
1oky,8.19
5zdb,5.75
2xpk,11.3
2zv9,8.05
2o9v,3.54
5aei,8.96
1o37,6.82
4ei4,8.74
2pgz,5.74
2aux,9.3
1kyv,5.92
2qi0,7.38
3c7p,10.0
2zz6,6.72
3coj,5.28
1xo2,6.07
3wp0,4.99
4rh5,6.9
4ayx,3.7
4m8h,7.6
4ww8,10.17
1nny,7.66
5aoi,3.03
4qp6,3.46
2qyk,5.48
3mhm,7.0
5dhu,6.3
5d45,6.92
5ea3,8.77
4pkw,4.65
5ave,5.44
2vew,7.19
3ggu,9.77
4mw5,7.35
4cbt,7.3
5umx,5.96
5tt8,6.5
4pre,3.74
4bi1,4.16
5vtb,6.96
5ndb,4.66
5db1,7.66
1qk4,4.21
1oyq,6.96
4pnu,4.89
2ydf,7.66
4o9v,8.0
6mxc,5.56
2bve,3.67
5ta4,7.62
5wdl,6.17
4loi,6.77
5awt,4.52
1q4w,6.46
1jr1,8.22
1o1s,7.31
2ym7,6.89
4hlg,6.51
3r6c,4.72
4exh,6.15
2a8h,7.17
1cw2,6.15
3u3f,5.1
4h3f,9.0
3g72,9.1
5hvs,7.15
4x24,9.78
4pzw,6.96
2a4q,7.18
3rxo,4.08
2cgx,4.81
4p4i,7.46
5uez,6.01
4jne,5.86
5b1s,3.91
4re4,6.87
6q8a,8.01
4utn,6.15
3dcq,5.23
4uzh,5.01
4igq,4.52
2azr,3.64
3zvt,5.92
1lv8,5.46
4jfx,6.44
1ke9,6.18
7upj,8.49
4ue1,8.0
4m3e,6.25
6h96,8.68
3dsz,7.77
5nat,4.7
3src,3.89
1rth,6.4
6s4t,7.95
4c7t,6.4
6mzq,8.41
4gj7,6.77
1f9e,8.7
3ntp,4.92
2lzg,7.77
3ekp,8.89
4gii,8.74
6g5j,6.7
6gge,5.77
5y6k,6.07
6hhh,7.17
4gnf,3.35
6n9h,4.26
5ov9,5.66
2w85,5.04
2gg9,5.46
6q6f,3.35
5mme,5.85
6ei4,5.28
4f63,6.3
3qzt,4.0
4lxk,8.4
3l0v,7.64
3t3i,4.77
1tx7,4.6
5vfd,6.44
4wn0,3.22
4eol,6.05
3d2t,7.12
6dyn,3.19
2xn3,5.92
4ipf,7.74
2xwy,5.22
2g19,5.85
5duw,3.29
4fz3,3.73
3tvc,7.74
4mk1,4.8
1xoz,8.92
4anw,7.74
4an1,10.26
6mxd,5.23
4eon,6.05
3ggv,10.85
3e8r,9.74
5mkx,4.7
4r3s,8.22
2xhx,6.6
5vij,7.61
4mg8,6.48
1hti,5.13
4dkr,6.52
4abk,5.72
3hd3,7.0
3tu7,8.09
4eg6,7.37
4ayr,7.0
6d5h,6.92
5xpo,7.08
2hdu,2.3
6f7i,7.85
5efh,6.1
3cqw,7.38
2xpb,5.7
5elz,6.34
6peb,8.57
3m11,7.37
5khi,6.77
1ida,8.7
186l,4.85
5ml8,8.1
2yjb,7.02
5am5,5.74
5kk8,5.84
1vyw,7.43
3tsz,4.46
3pma,5.4
3k7f,7.7
6un1,7.89
4avg,7.22
6cpa,11.52
5ohj,10.42
2cn0,7.66
5d47,7.0
6i68,4.89
4aac,8.17
2xcg,8.05
1wn6,4.68
1npz,7.89
5x62,6.42
5tt3,6.71
1uwb,8.34
2jbl,5.89
1nyx,7.04
4pni,6.09
3g2v,6.52
3spk,8.52
1jgl,8.7
4twt,8.0
4oct,5.05
2qi7,10.21
5l8t,3.55
5jf5,7.2
1nc6,8.0
1i9l,8.48
1ad8,6.6
5lpr,6.57
5fqb,6.52
4x7j,7.39
2ay1,2.29
5dkn,3.69
3gy2,5.74
1yrs,6.35
5y7k,9.18
6ocu,8.05
2w5i,4.54
4yzc,8.52
4psh,8.89
5mge,4.06
4acm,6.68
1sc8,7.44
2o4s,10.51
1xhm,6.33
5jf7,6.04
6fzf,6.82
3abt,4.77
2xy9,9.19
2fzz,10.52
3s9z,6.22
1xp1,9.3
3sfh,7.05
3hlo,6.21
4wym,4.0
4wht,8.1
2zz2,4.54
5ggo,3.1
5aad,6.67
3wyk,7.64
1eas,7.74
5mym,5.41
1n46,10.52
4loj,6.52
4aji,3.55
4tk4,5.1
1jvu,5.15
6s0e,5.5
5cdh,5.37
3nsh,6.33
6b5j,7.1
1m0b,8.82
4i10,6.77
4xg7,7.49
3o0j,7.19
2a4z,6.6
5zyl,7.06
6hmy,7.24
5aqp,2.68
4z8d,5.22
4qfr,8.13
6afa,5.49
6qau,7.48
6fzp,6.42
3r9n,5.85
1m7y,10.96
5o8t,7.13
4kfq,8.23
1hsh,9.42
1di9,5.3
2o1c,4.72
3u6h,9.0
4xuc,5.96
2zjw,7.7
6h36,9.35
3wv3,7.62
4do5,5.83
4yee,6.49
4ejl,5.14
4fm7,7.24
4u5v,3.05
5q0h,7.92
4m6p,7.27
4i06,7.17
3rqf,4.41
2o5k,7.82
3i0s,9.0
5m1z,4.18
6fuh,3.77
4at4,7.92
1q1y,7.7
2w1g,8.52
5o0e,4.53
1w76,6.15
5ofv,1.58
4pde,6.44
1jyq,8.7
2vv9,7.77
2r3n,7.15
2nn7,6.52
5am1,8.52
5otc,4.71
2i0v,6.8
5k0x,8.36
6c0t,7.37
4o71,4.74
1oai,5.0
5iep,7.0
1jmg,6.07
5anv,9.3
3g0g,8.3
6fe0,6.48
5kh3,4.22
5u4c,6.0
3fr5,6.35
3moe,4.3
3kej,7.12
5o9p,5.09
6inm,6.29
1f90,7.92
6e3g,7.36
3ws8,6.68
6dub,4.74
1a85,4.52
4ca7,7.36
2fv5,11.7
5llo,9.4
6r8w,5.92
5jyo,8.52
6e7r,6.83
4hys,7.26
2xk9,10.15
5mmn,6.7
1wbg,3.0
3oui,4.9
1afl,6.28
5hjd,5.24
5vwi,4.84
6ge7,6.06
1hpv,9.22
3zh8,6.47
2x2r,7.12
4pd5,2.86
5yql,4.59
6mim,5.7
4zam,7.96
1pu8,3.1
6c0n,8.37
4xpj,5.09
6fs1,7.01
4zw7,4.72
3mt9,4.59
5c8k,7.7
5ahu,6.78
4ql1,7.03
3elc,2.69
4mw1,7.72
2h21,6.54
3vzd,6.3
5oha,4.89
2hw2,2.97
2h2j,5.38
5d3j,5.24
6b4w,8.3
4v24,8.37
3wnr,6.28
5xhr,5.1
5ak0,7.68
3roc,8.19
4int,5.8
5ake,7.82
2gu8,8.59
1fcx,7.19
6ccy,8.52
2rqu,4.63
5enk,8.1
6cj1,5.27
3tvx,4.14
1lf9,12.0
1b6l,8.3
6bj3,4.77
3vd4,4.82
5hls,7.41
4xxh,5.0
2iku,7.1
1l2s,4.59
4n1b,5.96
3art,4.43
6c0s,7.05
4yha,6.65
6qr1,5.07
4wkb,11.57
1ui0,7.06
1hp5,6.55
4d8i,6.69
3zm6,6.52
6d5g,6.6
4ymg,4.68
4zg7,8.7
2j2u,7.33
1gvk,3.05
3cs7,10.68
1f0t,6.0
4yat,5.03
6dgt,7.38
3vzg,1.72
3q6s,6.74
5y21,6.47
6bfe,5.85
4elb,8.3
4rt1,6.14
6r8q,6.92
5gvk,7.0
3iaf,2.92
5mrd,4.44
2qpu,3.6
2xkc,5.59
2r3g,6.1
5ayy,5.32
1zky,6.25
1n43,10.55
4qj0,7.32
1gjd,5.22
4jsr,8.4
5lgt,6.51
5to8,8.51
5cu4,6.49
1k1p,7.92
3d1g,5.0
2vpe,4.94
3rkz,7.08
5unh,9.46
4jlj,6.13
1ogz,5.85
6bm5,5.84
4zyt,7.77
3pz1,6.14
3oe0,8.6
5fom,5.01
3tpp,7.82
5oje,5.21
1ow4,5.68
2ei6,7.39
3bgs,9.42
4q0k,4.87
3lmp,6.21
3tpx,9.35
3nik,3.45
6q9l,8.41
5e90,7.85
3u1y,8.67
5elv,6.8
4pkv,5.25
6d18,5.85
4jps,8.3
2yke,5.96
3pr0,9.54
2hny,5.93
5dro,10.59
2brh,4.64
6e4v,6.29
4ykj,4.43
6e0r,7.7
1b0h,6.7
4i32,7.24
1l83,3.4
4erz,7.06
1r9l,5.4
2imd,8.3
2vwz,6.1
3bfu,6.27
5nbw,8.59
4jjf,8.0
4us3,5.32
1fcz,9.22
4wke,8.1
3tu1,6.6
3p4v,5.1
1sjh,8.05
4gz3,5.74
3lq5,6.96
3k3e,7.66
1gx0,4.22
4zh3,4.4
6d6t,8.21
6hni,4.03
2ksb,3.12
6au9,5.96
1pro,11.3
2vnn,8.7
4kn0,7.4
5hoa,7.19
2qi5,10.85
5fwr,7.75
6bm6,4.68
5oa2,5.01
5om2,4.06
3qk5,7.74
1bty,4.74
2vcq,6.04
4aa0,7.46
2xuz,7.4
5uiq,4.26
6a06,8.47
6bs4,5.55
3k2f,7.2
3n46,4.3
4ryl,7.28
4ejn,8.3
1o42,8.05
3vv7,5.34
5u0d,4.54
3o9f,12.7
4yax,5.82
4l10,7.15
6n7z,5.55
4kp5,6.08
4wv6,4.98
6ke0,7.55
4j04,4.96
5a0b,8.3
2ony,6.68
3oot,8.7
3lpj,6.92
4ezl,8.59
6hu1,6.72
4uvy,8.26
4c4g,8.22
3p5l,7.39
5xqx,6.39
2pem,3.64
6mlf,4.28
6qac,8.21
5aqf,3.78
5kjm,7.19
2ewp,7.1
2avo,8.85
4fny,7.8
3s3r,8.68
1c5n,4.7
1k2v,4.44
6ps3,9.78
4f1l,5.12
5a5r,5.9
2fys,4.36
3ik1,4.85
6bhd,5.03
5k0h,7.09
5oxn,1.96
3dp4,7.37
4ebv,5.38
5naw,7.3
2bak,7.43
2p4s,9.51
6csf,5.44
6ps0,9.94
4p3h,6.0
2q7y,4.3
4lwu,8.3
4i33,8.33
3r8v,5.54
2y0j,7.92
5nt0,6.55
5t9u,7.6
4ng9,7.12
6cq5,4.24
3b78,4.1
5zop,4.73
5lud,3.61
4ono,5.19
3pz4,8.22
3t85,7.95
2xeg,10.7
5ai9,6.61
6g3q,7.24
4qsw,1.68
4g95,7.61
6bec,4.01
4bgy,2.96
3mpm,7.52
1w4p,4.74
4io4,4.61
5n4s,7.26
2qi6,10.57
5t8p,5.89
1o79,6.39
5wqk,6.3
2jdv,8.2
5uzj,6.78
3imc,2.96
2v96,4.54
4d4d,5.96
1z6f,4.89
1o5m,8.72
5vcz,6.35
2qfu,4.18
4zei,5.88
4ybk,7.82
4mjp,3.88
2wd7,4.97
1z6j,8.03
5q1a,8.02
2xkd,5.64
5x9o,5.3
4qpa,7.43
4bbh,7.1
2jt5,7.74
6hgz,5.97
2jbo,8.07
5khg,4.69
2pj5,7.82
3coh,8.4
2xu5,6.89
4hg7,7.05
3arg,7.26
6idb,6.4
5y6e,7.86
6mjq,7.88
4h1m,7.11
1prl,4.23
5ylj,3.86
5lrq,5.8
4yzu,5.05
4bgg,7.82
6ic0,7.66
3uxk,4.93
5t2y,5.66
1dxp,7.57
2clk,3.79
6qr7,7.15
3o8g,5.13
2viz,6.22
6fdq,3.95
2viw,7.14
5os3,2.43
1sw2,7.22
4hpi,4.85
5o4y,8.15
1yda,6.55
3vhk,4.6
5auy,5.8
1rt2,8.22
4yne,8.52
4nrq,3.46
4x1p,4.2
2aod,5.66
6eq4,5.62
6iyw,7.23
4aml,2.1
5v3x,6.59
1fj4,4.59
5f1l,7.68
4eqf,6.81
4dum,7.02
2vvv,8.22
3ion,8.1
3o9c,12.05
3f3v,7.14
1ele,6.85
6g38,6.62
4knx,5.49
4zro,6.16
5ewk,4.85
2vpo,5.42
1o49,6.36
1tkx,7.54
5i86,6.28
6r18,4.92
5zjf,4.54
5xyz,8.1
2r1w,4.6
2zpk,7.76
4zji,6.47
6j3p,6.98
2nt7,6.52
6atv,8.22
1gi1,5.47
1o33,5.74
2ykc,6.11
5d7x,4.82
3rv7,4.85
3ekv,9.41
3zrc,5.27
2ovv,7.92
4i8n,4.46
1bnn,10.0
1rhk,9.11
5u7m,6.74
2zu3,6.1
3q2a,5.3
1y2a,7.34
3qbc,4.97
6g6t,7.7
5yib,5.48
5csw,8.4
5cu2,4.24
1k3n,4.99
4oew,6.82
6qfw,6.83
4lxd,7.23
1okv,6.17
5tkd,8.15
2euf,7.82
4h2j,5.32
1oth,7.0
2uyn,2.7
5tca,7.72
4hzx,9.3
5m9d,5.8
4erw,8.15
1hbv,6.37
5er4,2.76
3p3s,7.59
2xg5,4.66
3nfk,3.8
2ovq,7.15
3ijz,5.22
3zim,8.17
4hra,10.1
1qbr,10.57
5lwn,7.77
5t70,3.99
3dda,3.88
2qtn,3.42
5o3r,5.0
1f8c,7.4
4avs,3.49
5l2s,7.08
3s3q,8.77
2vtl,4.01
4rrr,4.44
5a7i,5.26
2won,6.2
4xxs,7.28
6fbv,6.52
4azt,4.17
1cka,5.72
4bnz,6.59
4eh3,3.53
6dgz,11.3
4p45,7.8
6bib,5.8
5iza,5.51
1gwr,6.6
2zfp,5.17
6me5,8.78
5e0h,5.62
5eml,7.64
3f18,7.4
5nz2,5.03
6p10,5.22
4mzl,5.62
4y67,6.93
5fl4,7.0
4x13,3.3
1w1t,2.96
4ps5,6.54
6mny,8.82
6jjz,8.64
3sug,6.21
6hoi,5.1
6bsl,9.0
4kmu,7.92
4cd8,2.89
1akw,8.59
5xs8,5.41
6b7h,9.03
2rg6,8.66
6epy,6.46
3ogm,7.32
3bh3,6.15
1lgt,6.1
1a28,8.29
5uz0,7.8
3mhi,6.7
5w8h,4.63
1tuf,4.05
3r2b,8.4
3cib,7.85
2p3c,7.62
5jn8,7.3
2dq7,8.32
1mxl,3.81
6hhr,7.01
5mev,7.0
3pcb,2.4
3el8,7.6
2exg,4.3
5awj,9.68
2xk3,5.68
2eum,6.7
2exc,6.63
4pra,5.66
4yll,6.92
5e8f,8.64
5ory,3.45
1r4w,4.05
6eiz,6.22
3e8u,9.42
4ufm,3.72
1dbj,7.68
3g3n,6.29
2cvd,6.1
2k2g,8.12
1gi6,6.22
1zea,5.22
2p4j,8.96
1ndv,5.92
3t82,7.0
4x8v,6.89
4l32,6.84
5od5,7.74
4y6m,7.15
2wl4,4.19
4mwv,9.4
3kgu,5.92
1k4h,5.11
3e63,5.8
2l8j,5.52
6mhc,6.43
2qk8,7.91
2z7g,8.95
6jbb,5.99
3h78,4.24
3ng4,5.43
4q4o,7.46
5mnb,2.48
4hw2,7.26
6cmj,8.3
4l7c,5.13
3dd8,7.85
1gj8,6.96
6g2l,7.17
6i0x,6.07
6fau,5.44
3o88,6.37
4yo8,10.52
3t0m,3.94
3rqw,2.7
2y34,7.1
5nee,10.7
3jzf,5.3
2e9n,8.21
1ce5,4.74
4u5s,2.41
6eg9,7.17
5jmx,5.09
4ocv,5.08
5wyr,6.39
3hab,8.38
5thi,3.61
3oy3,7.45
5c0k,2.92
3pz2,6.14
2qwe,7.48
5dhh,9.18
4g34,7.93
4i8z,11.05
1qwu,3.22
2c9b,5.54
1o2h,7.17
6qef,7.22
3r91,7.04
6fnq,4.59
1e9h,7.46
2f9b,6.52
4xum,4.67
6qmj,7.36
3vh9,6.24
4uvc,6.88
4b05,7.58
6m8e,4.85
2wbd,6.64
