PDB_code,-logKd/Ki
5apr,7.77
4p90,7.19
3zlo,8.82
2vxa,5.6
3s0d,7.05
3lhj,9.51
6ueg,4.71
6bij,6.05
3agl,7.8
6et8,8.25
6oco,6.32
1a4q,5.44
4qf9,4.43
4c4e,7.6
5kpl,6.29
2glp,5.01
5qil,11.52
1pmv,6.82
3ekq,6.75
5ngz,2.89
3b8q,9.3
2vuk,3.9
2aeb,8.3
4k43,6.88
6f0y,5.11
4fc0,7.16
5eqp,5.4
2mlm,5.21
4wno,6.8
5myg,7.51
3k83,7.66
2ay5,2.59
5fsc,2.36
3ljo,6.62
4yk5,7.64
3kdm,7.0
5yvx,5.89
4qr4,6.6
9abp,8.0
4zgk,5.51
2pe1,8.3
2f9k,7.07
5lgr,7.09
4yxi,6.5
3l6h,5.4
2w6o,4.22
1jlr,3.33
4phu,7.92
3esj,3.03
2uyq,5.68
4oq5,6.3
2y2p,4.7
6afi,6.2
6c42,8.21
3ttn,7.84
3eys,5.52
5xmx,7.24
3ljj,6.52
6czu,6.32
6aej,6.15
4mw9,7.02
5brz,8.15
5id1,6.25
4lyn,7.22
5e80,8.3
6er4,2.77
6qmj,7.36
3zm6,6.52
4zow,4.12
4o9s,6.55
5doh,7.49
6h13,7.23
5km3,4.6
2jkh,8.05
3hhm,7.92
1l5q,3.97
4acc,7.7
4hhy,8.72
4ool,6.85
3d2t,7.12
6ccm,5.25
3d62,6.1
1njt,4.82
1n3w,6.96
5ka3,4.59
4ual,8.4
5t6j,4.93
5o48,4.7
5c85,3.98
2y1d,6.82
4flh,9.0
4aof,7.1
1n3z,4.2
6f3g,7.16
4msu,5.85
2pj9,7.92
5hex,8.0
1lzo,4.54
4ejn,8.3
3ejq,8.57
6q2y,5.26
6qhb,6.3
1g2l,7.24
6drt,4.97
2x8e,7.85
4nwk,8.7
1iau,7.1
5c7f,3.98
5wqk,6.3
1eb1,10.43
6ccy,8.52
4azg,7.1
6mjj,7.84
5dx4,6.86
1rsi,4.42
4ddm,2.46
1zvx,9.22
6rvk,6.36
5alr,7.07
1fv9,5.0
4itp,7.27
4fys,4.82
4i0d,6.21
1qhc,7.57
3v5l,8.15
6ft3,6.42
3dei,7.4
5lg3,3.8
1wur,6.66
5w0i,8.85
3eqs,8.48
5ods,4.33
3oxi,5.66
6euv,8.62
5zhm,6.14
2pyn,7.57
5ewm,7.92
6e86,5.09
5t2g,8.1
3vhc,8.89
4g17,7.54
1bra,1.82
5cei,8.28
1m83,3.4
2k0x,5.68
1bil,9.3
4irx,6.12
4ezx,5.8
3rqf,4.41
2zaz,6.4
2x95,4.95
5jur,8.52
5i4v,8.52
4b0j,2.15
2fq6,7.1
6mjf,5.16
6sal,6.58
5wh5,7.19
6f4w,5.53
6oko,6.74
5izm,5.92
5sxk,4.7
4kb9,11.0
4yhq,8.77
4p0x,5.92
4hwb,9.24
1s89,5.24
3ifo,7.26
6gy5,4.86
2bed,8.15
2on6,6.76
4gtt,8.22
4hlh,5.96
2v25,5.72
5tmp,7.47
2hyy,6.77
4gtr,8.3
2zm3,6.21
4d88,7.31
4hzm,4.63
5v7a,6.38
6cen,5.49
2r9b,6.57
6dko,5.8
4y8c,7.96
4mm9,5.68
5wou,6.18
5x73,6.74
6hlx,7.17
4k6y,4.83
4yrt,2.78
6min,3.91
2cf9,7.82
4puz,8.11
5du8,5.72
4ayr,7.0
6b7b,2.89
3tt0,9.05
4ibk,4.3
4mqp,4.98
3sna,4.14
4bfp,7.82
1xpc,8.77
2azm,5.66
6h4p,6.99
3fdm,8.7
2ych,3.0
2j4i,9.0
3tlh,8.82
2wxd,5.48
6pga,4.54
3ohh,7.74
4acg,9.66
4hva,5.89
6htz,6.74
3wgg,4.4
4oc4,6.98
5h9s,4.06
5ia0,6.73
6n93,4.69
5vcw,5.96
2xyf,8.44
6fnf,7.89
6da4,6.34
4j86,3.77
3owj,6.07
5dxt,9.7
2yis,8.77
1n5r,5.66
5l6p,7.26
6gnp,4.55
4c1w,9.41
6apz,6.82
1d4h,10.0
3q0z,7.7
5ko1,6.64
5acw,3.84
1v2v,3.37
3m2w,8.52
5z1r,5.7
2llq,5.82
4ce1,4.38
3ern,1.72
3ith,8.1
5vdk,7.57
1cim,8.82
4z3v,8.4
5ofu,4.2
3m55,6.21
2yme,7.66
6do5,7.16
5mnx,2.48
4glr,9.46
6gxg,5.24
1rdt,6.7
5vi6,8.52
2c5x,6.6
5k8v,6.34
3pxz,5.23
4tkh,5.74
1lah,7.52
5u2j,5.92
5qam,4.0
5fa7,8.4
2x6j,7.44
1wv7,7.26
4b74,7.66
4b4g,6.76
5n8j,5.54
1s26,3.07
3qri,9.1
6hva,6.28
4ufh,6.42
5yc3,4.85
4bpj,6.0
5w44,6.44
5hpm,7.13
6r7r,6.33
1i00,6.34
4crb,7.57
4obp,7.77
6q7h,7.68
1iew,4.59
4c4h,8.22
1ndy,6.17
4qt1,8.15
6h3q,7.14
4ocv,5.08
4fmq,5.05
3u78,5.6
1njj,2.1
4e3o,6.51
5j32,5.08
1fbm,6.22
5edi,9.52
4j5e,4.94
4ozo,3.83
3qa2,6.68
2qcf,3.49
1nok,3.15
1zoh,7.0
11gs,5.82
4x8g,6.0
3cd8,8.05
5nb7,8.22
3pe2,9.76
5ekn,5.72
6ccx,3.15
5ewz,6.34
4fcb,8.54
4b81,4.92
2lwi,3.11
5d24,5.24
4jkt,7.09
5yzc,5.52
1qf0,7.38
5zh2,6.54
6ios,4.1
4hbx,5.72
6hle,9.31
1toj,3.39
4mq6,6.47
2xnm,6.8
2yi0,8.12
5svz,5.92
4uvy,8.26
3ttm,8.52
6dq4,4.92
6c5k,7.16
6gjb,8.1
5alp,7.07
3ekx,9.41
5ia5,7.6
3g2v,6.52
5q1d,6.12
6sq0,9.1
2v16,8.22
5hvt,7.26
1fta,6.36
2p1c,7.68
4xu3,9.5
2yk9,5.09
2vtn,6.07
2wa8,5.42
6fdc,5.64
4exg,8.07
4eh2,3.16
3uoh,7.89
1htf,6.83
3aox,9.08
6jse,8.77
6itj,7.97
4l6q,6.27
2y6c,5.0
1mue,8.64
3p3u,6.48
3kfn,4.74
6tld,5.35
5ylu,8.62
5lbq,5.11
5ehi,3.34
3exh,4.88
5nap,7.95
2yac,8.7
3bla,8.7
1hxk,3.4
5uah,3.4
6o0o,7.44
4unn,6.38
3n5j,5.22
2bmc,7.57
5uov,10.6
4n7m,5.47
5g43,3.7
2rkn,7.22
1ggn,5.51
3ioe,3.27
5oei,5.8
5hrx,5.29
5yib,5.48
3f0r,6.89
6bsm,6.8
5vm0,8.8
3eht,5.17
4wet,3.35
1h8s,5.81
4djp,10.55
1s64,8.4
5aei,8.96
3fqk,7.15
6fut,4.7
3o7u,7.28
3sgt,3.82
2qe5,5.79
4zz3,6.0
1d09,7.57
3m11,7.37
6h8c,5.85
3h2o,4.59
6bxy,8.05
5a3n,7.72
5vqs,5.7
3pa8,5.75
1yy4,8.6
2i4w,11.59
6bbx,6.67
3r01,5.24
5svi,5.17
2w2u,4.46
2h2j,5.38
5e2v,6.08
1rbo,12.72
2fou,7.1
5f1l,7.68
4ark,7.2
1v0p,6.89
4w57,4.85
1lst,7.85
4fi9,7.34
6rtn,6.63
5c4u,8.72
2cn8,5.46
4yo6,5.66
3hqr,5.52
2n9e,5.05
6h14,7.86
3zh8,6.47
3t8s,8.55
4mpe,6.37
6coj,6.4
4l2k,6.44
1jld,6.73
4tya,2.39
1d4y,11.1
6e1y,7.66
6dpy,4.1
5ew9,11.0
2j62,11.34
3f16,8.23
5llh,10.17
5j7g,7.24
5o1e,4.48
5xzr,5.49
5llc,9.52
4nku,4.67
1lq2,8.77
6c98,4.1
4qmo,7.72
3h0b,5.49
6udy,7.57
4bs4,8.22
3lcv,4.74
4pp3,7.82
1xz8,4.52
2cvd,6.1
2pyi,3.75
3uat,6.66
5c4t,7.66
6mey,3.32
6fkp,6.52
3wk4,5.13
3lzs,10.96
5uoy,7.57
1n0t,4.91
5l7h,7.3
2x4r,4.77
3v3v,5.34
6m95,6.85
3o4k,7.62
1jyq,8.7
5hh6,6.4
1ahx,3.92
6d55,7.36
4mm4,6.37
6n7d,9.52
5o1d,4.66
3rak,6.89
4yih,4.66
2wib,4.93
6esy,5.59
2pjb,7.72
4ko8,7.15
3sio,8.0
5c1y,5.9
6bj3,4.77
5jn9,7.79
4cff,6.4
1pxk,5.66
3plu,5.77
5tkd,8.15
1a4r,6.66
4x3t,4.54
4ijl,3.87
3sgx,5.49
6nw3,7.66
4ozn,5.4
1sqp,8.2
5l15,9.57
1r0x,3.83
3hww,7.12
3th9,7.7
6h36,9.35
3k5u,6.51
5kr2,8.48
5dp6,4.83
3d04,6.05
5h8x,5.51
3w33,7.44
2uxz,8.48
4lqy,3.89
3r2f,8.85
4c4g,8.22
5trf,9.06
4bcf,8.15
4n70,12.0
5ovi,7.68
4rhy,5.95
2axi,6.85
4gk4,7.85
4x3i,3.17
4f8h,4.24
5n8e,5.33
4hxj,4.13
4mzs,7.92
6npt,7.17
2ypp,4.41
6d15,4.48
5l26,5.35
2w0p,6.52
3cgf,6.57
4euo,5.05
4few,5.21
4mds,5.21
2xej,8.87
1fm9,9.0
5csp,4.24
4xg6,8.01
5nkd,7.59
4r5v,6.15
4o9w,7.16
6f3e,7.15
6jam,5.23
1o4b,5.7
1apb,5.82
5c4o,8.21
5vfn,3.52
5edl,8.35
5mpn,7.07
6me5,8.78
2xyn,8.4
2wtj,6.15
2bks,7.43
3kqo,3.85
4puk,7.28
1uwu,5.98
2yit,9.54
6pf5,4.96
5ml2,7.89
4gzt,7.77
4l8m,9.0
3pz1,6.14
2q6h,3.6
1bmn,8.44
5agu,10.0
3v49,8.02
1qaq,4.74
2weh,5.95
5nzp,2.19
6itq,4.69
4bgy,2.96
6joe,7.04
2zmj,7.52
3uvw,5.17
2qk5,8.1
1g7g,6.6
5oa2,5.01
4acu,7.39
5zwh,8.72
6bgg,4.02
3zln,8.47
3k37,8.92
5q0d,9.0
4ec0,6.07
6pia,4.96
2ity,7.27
4g69,5.98
2mg5,6.15
6mnc,5.8
3h85,5.22
4eh9,2.26
3kai,5.41
6c1s,8.52
4pkv,5.25
2lsk,4.89
3hxd,5.05
3qts,5.51
4dow,5.02
1uml,7.52
5g10,8.01
5j82,6.0
5eie,7.64
4qfo,4.27
4b9k,6.17
2jkr,6.07
4gvm,6.11
4wzv,9.37
5nfh,7.74
3r0i,6.92
3v9b,9.3
2aoh,4.44
6agg,4.07
1b2m,3.73
4guj,3.05
2azb,7.19
3rbu,9.43
1nqc,7.3
4h3b,5.17
1h35,7.54
6f86,7.43
5fsx,2.72
3d4f,7.72
4d1b,4.44
2b52,8.1
1h0r,3.7
2bmg,7.74
4qaa,6.44
4x21,7.44
1wss,7.77
3djq,2.98
3pn4,6.85
6q3y,7.27
1j37,8.96
6c9r,6.71
5aqg,4.51
4fvq,6.0
1cnx,7.37
5cfb,7.28
3hk1,6.17
5lsg,5.4
5qai,3.82
4hw3,6.49
3c8e,4.15
3lpj,6.92
6e6m,5.75
1fh8,6.89
2rfn,8.3
1v2l,4.29
4jmh,8.68
5m5d,3.95
6hwz,5.17
1vkj,4.85
5ox6,7.54
2d3z,6.64
2z1w,4.08
3zpu,8.38
5ou1,6.07
6cwf,7.54
6fex,7.54
4b6p,7.13
5eg4,7.68
4kw6,3.43
1txr,7.74
5epr,4.04
1i48,5.7
4xuz,7.36
2zz1,4.54
1gag,6.12
3npa,3.87
6o8u,8.28
6fse,4.74
5ajc,4.24
6ew7,5.54
3u51,5.51
5dgz,7.85
1s63,9.05
5yg3,7.85
3wgw,5.89
5dpx,4.46
4aq3,7.43
3img,2.96
2ioa,5.49
6guc,7.6
6n5g,7.0
5dqf,3.6
4u68,4.31
1zh7,6.3
3ogp,7.44
5f25,5.04
6n7b,9.22
6ej2,7.8
6g0v,3.78
4iti,6.36
4trw,4.14
3o9b,12.3
3m58,5.48
4uuh,7.77
3c5u,8.19
4bdk,5.44
6bir,7.52
3eig,7.68
6nzq,9.52
5nya,6.38
6dq8,6.59
1bug,4.37
6g6z,6.66
3sgv,4.46
6n9p,8.4
6ift,4.68
5khm,8.3
2a4l,6.4
1czk,8.82
4mf1,9.15
1b5i,7.05
5o7n,6.52
4u43,4.32
5fom,5.01
2v22,5.39
3oy8,3.66
4x69,7.66
4g0q,2.52
5cxh,8.3
2zvj,5.74
3vdb,2.52
3ozp,6.62
5hoa,7.19
4bci,8.22
1hih,8.05
5alx,5.48
3u3u,6.88
6cqt,9.64
4nah,6.31
6rr0,7.15
4y7r,5.03
1lhc,10.4
4uiy,5.6
3f1a,7.21
1fzq,7.62
1g52,9.54
2hvx,7.54
3fzt,6.2
2r9m,8.82
4tqn,6.11
2jh5,6.44
2zif,4.37
3ti1,3.89
4x7l,8.05
2uw7,7.74
1sdt,9.27
3w9r,6.18
6sen,5.55
3btc,5.75
4bcc,8.05
2zzu,7.41
4tki,6.38
3ant,8.07
6bh8,5.12
5kv9,5.85
4og4,6.02
1onp,7.52
1vwl,5.63
5ehv,3.08
5nob,8.2
4zud,8.16
1yt7,9.89
4xm7,3.57
6bau,4.51
4w52,3.76
1ow4,5.68
5t1w,7.11
5wpb,3.57
1yc4,6.55
6gjj,3.7
4an1,10.26
2qmg,9.15
4hrc,8.92
2fmb,8.7
3umq,4.62
5w10,6.62
3skk,4.47
6hh5,4.27
4qvp,6.05
3d1z,8.8
6hkj,9.0
3hj0,5.71
1xh8,5.77
5k1i,8.04
6ott,5.42
1szd,4.54
1a85,4.52
5i8c,7.6
5mwg,5.77
3er3,7.09
5t97,7.77
4wcu,8.52
2lkk,6.7
1eix,11.06
3fw3,7.37
3pz4,8.22
6npe,6.3
5xmu,7.51
4ot6,5.92
4wn0,3.22
3q6s,6.74
3sz9,5.27
5oyd,2.75
2yak,8.7
1fzm,7.7
5ufo,7.43
4ca5,9.39
3k27,4.44
6e9w,6.55
2ygf,5.09
3w2t,7.53
3g4l,8.24
6fvl,6.8
3pkb,6.21
5j9z,7.8
4cws,7.92
6qi7,6.46
4amz,9.82
3d7m,6.44
3s71,8.64
4ahu,2.27
1hbj,8.52
3cjo,8.66
4mgb,5.44
5w94,4.65
2vwy,7.05
5ekj,6.0
4a9u,7.22
3a2c,6.9
3bxf,5.54
4s1g,9.22
5tq3,8.66
4ynd,8.55
2w6q,4.6
4wkb,11.57
6r4v,5.76
4j53,8.7
5ai6,4.4
5n1z,8.19
3m67,6.74
2fes,9.01
3vbt,4.43
3uxm,4.7
6bqh,9.8
5cgv,6.47
5za8,6.29
2ycs,8.87
5ti6,4.68
5h5q,5.74
3tpr,7.7
3mt7,4.03
1oau,7.7
4eqf,6.81
2wji,5.02
6jjz,8.64
1os5,6.85
1ejn,5.62
3gwv,2.6
1wdr,2.52
3psb,8.52
4zsr,4.44
5szc,4.69
4amw,1.55
4wyp,3.36
4j59,5.85
5div,6.85
3l7a,4.33
3d51,4.15
4jwk,8.32
2xaj,3.77
4bi1,4.16
4s2i,9.0
5mgj,4.29
3b1u,5.72
3c4f,5.72
2h42,8.62
4i7m,4.14
2df6,5.98
6iar,7.6
3t6j,6.36
3hwx,7.86
5wzt,6.66
3fc8,5.39
3sjf,7.64
6gg5,3.65
4kql,8.77
4yqm,7.51
3zpr,6.65
2a5s,6.7
6msn,4.95
5ggj,1.75
4bw3,6.3
1oeb,6.93
5m29,7.4
4nro,5.02
3hiv,8.12
5osy,7.37
4j1f,7.92
3s9z,6.22
1nw4,9.07
4q3u,6.44
4mi3,4.12
4tte,3.69
3g0g,8.3
2q80,4.6
2gg7,5.76
1x39,9.22
6ps6,9.7
4mlt,2.85
2uzl,6.21
6bvb,6.71
6f4x,4.97
2f8i,7.26
5am7,7.19
5ldp,4.17
4avu,7.85
5yfs,4.86
3ff6,7.15
4nka,6.51
3a5y,7.96
2ewb,6.1
6dtn,6.8
3krx,7.38
5nkc,7.72
3tzm,7.77
1k1n,6.82
4dgg,6.1
5hrw,5.48
4c3k,4.97
6ohd,9.38
1obx,5.72
4d2v,7.43
4qwk,6.27
6bq0,7.34
1i7i,6.7
1kuk,3.91
4fvr,6.0
5dtm,4.3
5th4,2.85
6dvo,7.22
2p2i,7.42
6bw2,7.68
1owd,8.2
2haw,4.92
3p2h,5.44
2xk8,5.62
2oht,5.04
4lph,5.04
3fl8,7.27
4l4l,8.3
4o7a,4.72
5d2r,5.82
3p4w,4.57
6jio,4.55
5a0a,7.7
2zkj,5.48
5wb6,10.7
4q87,4.85
6gx3,3.6
2z5o,6.0
3h9f,7.92
2rip,7.19
3qti,7.85
3hw1,3.06
2g9v,5.92
2qhz,7.28
5aer,4.4
2qzx,8.22
5ah2,10.08
3e9h,7.55
4j4o,6.9
4dv8,9.24
6f5l,9.19
3kga,7.21
3rkb,6.42
3au6,7.92
4ty1,9.26
4lkd,5.35
1lzq,8.39
4mm8,6.11
5etb,4.54
4bhf,3.46
4d4d,5.96
4azi,7.45
1lvu,5.32
3q6z,3.72
5i13,5.08
2jbj,9.7
5ew0,6.59
5tjx,6.82
4wwp,6.92
5hl9,4.66
3anr,6.46
1ai5,3.72
5hyr,7.38
1ao8,8.22
2oc2,8.52
3eq9,7.39
4o10,7.11
3m94,5.08
4owv,4.35
1bxl,6.47
1ybg,4.8
2bes,4.24
5eeq,5.82
4uxh,5.96
1ftm,7.61
5orz,3.36
3hc8,8.54
4bcp,6.25
3n0h,6.21
6ful,4.92
5exw,6.82
5epn,8.66
3t2v,6.99
5hgc,8.66
5l4f,5.89
1qng,7.89
3f3u,4.74
1eb2,6.01
3ff3,3.57
5td2,8.66
3e3c,5.62
3pd3,4.44
6r1d,5.4
5nwe,4.88
5jaz,6.55
4ad3,4.62
1g3e,5.38
1o45,9.6
4o55,5.3
4xya,5.86
1ui0,7.06
3arg,7.26
3bex,5.57
4jbp,7.39
5a8x,8.19
4qew,7.07
1y91,7.23
4p6c,4.0
3che,5.29
4hnc,3.17
1bsk,4.12
2gg3,6.24
6c8p,6.7
4z1j,8.11
5zml,8.11
1t13,7.38
3ivq,4.12
6h4v,6.21
6c2y,6.6
3rwp,9.22
5lle,10.22
3gqz,2.17
5e1o,5.43
5kcv,8.3
2zjw,7.7
4l19,6.1
3grj,3.0
2qic,5.48
5o1g,3.94
6ilz,6.47
4lte,7.22
5c11,6.47
4otf,8.22
6bec,4.01
4ixu,7.64
1bbz,5.82
3psl,6.89
2wzf,7.0
3rcj,6.1
5en3,6.21
5llg,11.13
4mwq,9.1
6d1x,5.2
3i5z,8.7
1t29,6.05
1qy1,6.52
4ezo,6.52
3vfa,9.19
1pum,3.05
6mu1,8.1
5voj,8.44
5ly2,7.92
3rz8,8.17
3bl9,7.18
1g35,8.14
1py2,7.22
3d1g,5.0
4tun,5.41
1o35,5.0
6eiq,6.42
3ch9,3.3
5egs,6.01
4b11,5.64
1hk5,5.24
2p4i,8.0
5mny,1.31
3vd4,4.82
6hgx,7.11
3uza,8.94
5i89,7.48
3ig7,7.2
6q38,6.38
4nmq,4.49
2it4,1.62
2aa6,9.41
3zy2,6.46
6nfy,7.8
6e7x,6.76
6esa,4.53
5wbl,6.44
5e1s,7.92
5hk2,8.59
4dzy,5.62
1exw,3.9
3prf,8.85
3hy7,6.97
4qwi,5.36
3bgl,8.35
4n84,6.29
2bvx,8.7
2lp8,7.52
2ph9,5.89
4mrh,1.9
2wxg,9.15
3mkf,4.77
6hgg,5.42
4cd8,2.89
4lg6,6.74
5urj,5.28
4nbk,3.87
2ves,7.7
1duv,11.8
3zp9,7.82
3hxb,5.39
5nev,7.36
4tk1,3.72
3f69,6.0
5v40,5.8
4ehv,2.29
1p2a,7.92
4jym,5.04
4nzn,6.38
3nzi,5.59
4f39,5.7
2w9h,6.37
4qyh,8.89
5z1s,6.16
2qn1,4.77
4i6q,7.52
6o21,8.46
2lcs,6.7
4k8a,4.02
4qwl,6.18
1pbq,6.27
6qae,8.52
1pb8,5.15
4e5h,6.37
3buw,5.83
6fo5,6.72
1cea,4.96
5yc8,8.19
2uy0,6.92
3zs1,6.4
2ajb,5.5
6qcg,5.14
1gvk,3.05
3fuz,6.54
5za9,6.74
4d62,2.44
3e37,5.39
4gih,8.32
1kdk,9.05
5gx6,5.8
5anq,5.4
6grp,5.48
1b6h,7.82
5kyj,7.89
3dtc,7.59
5sz7,9.7
5h63,5.92
5tzy,8.7
3tg5,4.7
5ws3,8.96
6hcv,8.3
6hsz,6.94
4urw,2.8
4oyi,4.72
5v86,7.1
3rzi,5.33
6cyd,8.7
3e73,3.15
5u4a,6.36
5j1w,6.72
3byu,9.1
6ncn,3.05
5u6v,7.68
4k6t,4.1
1inq,6.27
2aux,9.3
3tyq,8.3
4jr0,8.2
6n7q,5.15
1tl9,5.52
3ebl,6.3
3fui,6.8
1s5q,5.28
1vfn,5.6
5hwv,5.07
2q8y,3.99
6sfk,7.15
2wxk,9.3
5dv2,2.9
5wuk,7.85
5qau,4.15
6ft4,6.63
1o3g,7.96
5ceh,8.0
6dyr,3.66
5evd,5.0
4txc,6.62
3t7g,5.2
6c7f,9.62
5ult,10.85
1kf6,6.7
5sym,6.55
2ypi,4.82
6hk7,7.34
2v83,4.47
2pov,7.12
4qn7,9.08
4wt2,10.42
1ag9,9.0
5kqy,9.29
4g55,4.92
5e8z,5.91
1kti,3.43
6nad,9.3
3m6f,8.6
2flb,5.74
3rk7,6.7
3vi5,5.68
1ndz,8.11
5teh,7.55
5ihc,7.89
4i9s,6.79
4uvx,7.96
3sl5,7.66
2fgh,6.55
3v0p,6.28
1lag,6.3
4u5v,3.05
2o48,6.01
6b3e,6.99
3thb,8.7
4k6z,8.7
2a4m,4.52
2h03,7.05
3sff,6.7
4ruu,7.54
6pgx,9.21
1zp8,8.77
6pge,3.62
3wcl,6.59
3rx5,6.27
6i61,6.24
1r6g,9.21
3ook,8.4
3wjw,3.87
2fde,9.15
1ngw,7.68
4hwr,6.74
4yth,8.7
1dth,8.22
4qjr,7.1
1ch8,7.0
1o46,8.0
3nzu,8.85
2zhd,6.54
6g9n,8.52
5t3n,8.04
2i0j,8.57
3u8l,8.05
2v88,4.09
3zhf,3.92
5u0f,5.47
4yx9,5.35
1q0b,5.17
5g46,2.6
6e7v,6.48
1v0n,7.55
4hym,8.22
4mk7,6.36
4lk7,5.04
2ria,2.57
4fmu,6.44
5aqr,3.0
3ffu,6.44
5g1p,5.2
6mo0,6.23
2bal,6.31
2amv,8.8
5fiv,7.66
5ntp,9.15
3ehw,4.82
1jqd,5.16
5dpa,4.65
4fiv,6.52
4lk6,5.2
4eqc,8.1
4jkw,4.16
1ai4,2.5
5wj6,7.57
3r7r,8.74
5j4n,4.25
4yp1,5.04
4k4e,7.62
3su0,6.79
5a3o,4.73
2vi5,3.96
2fzz,10.52
2zfp,5.17
4udb,9.15
7lpr,7.18
5ajz,5.7
5mri,4.4
6gxu,3.74
2etr,6.82
1jjk,11.06
4cfm,4.74
2v0c,5.68
1mrw,9.7
2w6n,6.9
5m55,6.62
5eek,9.1
6gl8,8.61
6ge7,6.06
2wm0,4.52
2cll,4.3
2pwd,4.4
5t4e,5.36
5m7u,8.1
5al1,4.28
4zjj,8.0
6os5,5.36
4kp4,5.17
6cq4,4.85
3ujb,5.1
4wki,8.3
6dh4,11.3
1ai7,4.09
2bu5,7.78
2e9o,7.7
5u7k,8.15
3t3d,4.91
4wkt,3.26
4ufy,8.15
6hvv,6.67
2etk,6.82
6plf,6.67
1bqn,6.22
3u1i,5.25
1oss,4.79
3sow,5.14
1elc,6.66
6hwu,7.54
4kv9,3.84
2oq6,3.6
5o9p,5.09
2eh8,7.96
3pa3,9.0
2fvc,7.49
1zgv,6.0
1efi,1.92
1o2n,6.09
2vcg,5.77
3mmr,4.96
3eyd,9.7
4ayp,6.12
5uir,7.14
3btr,5.3
5ny1,6.44
3fci,5.89
3bea,8.15
5olk,6.0
3n8k,4.05
5w6e,8.04
6oxt,9.95
5vdq,3.67
1gzg,3.05
4bdg,4.12
6gvg,6.0
1em6,8.22
5z5v,6.54
4iks,5.14
1w22,6.76
6q30,5.52
5ngr,4.62
3djp,4.2
6ps0,9.94
2ko7,5.19
4bdc,4.93
2b5j,9.1
4n8e,7.7
1dl7,6.49
3mrx,3.39
2vl4,6.01
2rfy,5.22
5km2,4.41
1bdq,6.34
1w4l,8.4
2rox,4.98
4joh,3.35
2pqc,5.74
4k5m,3.71
4l58,4.68
1bux,4.85
5v8v,8.89
2pvk,8.3
3u90,4.62
5gnk,8.28
3idp,8.8
5a2j,5.85
2ym4,5.82
1j07,7.68
2z4z,5.73
2a0t,4.82
4hgs,8.3
3rmf,4.09
4oz3,4.55
2r43,6.0
4hyh,9.0
5ei8,8.1
4qhp,8.05
5z68,5.89
4qz1,5.44
5ta2,7.96
3k00,5.77
4lps,5.74
4jr5,8.15
6n3w,5.81
6sge,7.51
4pvo,6.31
3oe6,8.09
3hyf,5.92
4uff,7.96
6fsy,6.61
4i4e,6.3
6njh,3.69
1a9u,7.32
4aq4,6.17
6h7b,7.48
3ivc,4.12
2vgo,6.3
4oow,5.37
3way,7.66
2y81,8.7
3oyq,7.99
1j1a,7.54
2c3l,5.07
5ufr,8.7
2jk7,7.17
4qwf,6.0
3wut,6.49
3iph,7.6
3nef,5.94
2bqv,8.05
3nyd,3.48
6hr2,7.0
5k1v,5.7
5opb,7.62
5vlr,8.52
1p03,8.19
4zun,4.59
4fzj,3.15
1k06,5.34
2ccc,7.76
4gue,5.24
2vk6,5.3
1hef,9.0
4man,11.0
4otg,7.59
4kai,7.3
1ii5,6.62
2ydi,6.82
3u4i,3.89
3s4q,8.4
4o2e,8.0
6abk,1.95
6r1k,5.05
5bsk,6.22
2uzj,4.57
1ghw,4.2
4ufk,3.89
4jmu,5.47
3kn0,3.6
2qwc,3.55
1nfs,9.92
5t1m,5.82
5aiv,6.19
4ock,5.08
2hwg,3.55
4nvq,8.48
3clp,3.69
1flr,10.0
2v2c,3.41
4mex,6.7
6oqd,9.85
6f6u,4.8
6c5q,6.66
2yj9,7.02
2wyi,4.74
6oio,6.54
6n3e,4.72
6f6s,2.89
6oxp,11.0
5jr6,4.69
3n2p,7.82
1mdl,3.09
3cyz,7.22
5vgo,8.7
1pf7,10.14
1inc,9.34
5iq6,5.26
6njz,5.01
4mzo,6.57
2f3r,6.3
4anm,7.55
6hkm,6.57
5e0m,5.28
3ddf,4.66
3kwz,8.4
6qw8,6.4
3g6g,8.55
3r16,7.3
3qi1,7.66
4hla,10.8
4eg4,7.89
5d0c,5.63
4rsp,5.44
5mos,3.79
2zu5,7.0
3my1,5.45
4n7u,6.29
5vt4,4.35
2qnb,5.34
4rxd,6.52
6peu,5.89
2rkf,9.08
2peh,5.96
6imd,4.23
2nwn,6.3
5drr,11.46
4pyy,7.23
1z3c,4.0
5hjb,5.68
6gy1,6.3
6i10,4.53
5nhp,7.64
6aum,9.1
2wly,6.6
3t3v,8.52
5jzn,5.96
1puq,7.28
3o6l,7.51
5yji,5.3
5ngb,7.72
3nuu,3.77
5lmb,7.8
1we2,4.36
4n00,8.02
2cm7,6.68
6mhc,6.43
6op9,9.28
5ech,3.8
5am6,6.73
5jv1,6.07
4bo4,6.89
5hfb,4.57
3axk,4.15
3efw,8.4
4pnu,4.89
1il5,2.66
3v8t,9.52
3nb5,7.74
6gzh,8.27
2rf2,8.44
2oi0,7.55
1k9q,3.15
3vf9,8.72
4urk,5.96
5ek0,7.68
6h96,8.68
1hsh,9.42
5vsk,5.74
3p78,6.96
1a99,5.7
5tzz,7.85
3c89,6.07
6bcy,4.81
5jgd,7.96
6tel,9.96
5jss,6.45
1maw,1.1
4o5b,8.3
1s9t,6.82
3rey,8.0
4j0a,6.8
2g5u,8.49
1jlq,8.15
3be9,7.62
4h71,4.45
4ynk,8.3
5kbq,7.0
5ut6,4.24
5k4j,7.11
6o48,7.12
2o9k,4.11
4fic,4.7
1al7,7.8
2ybt,4.7
3qt6,5.37
4qq4,5.74
5jt9,6.63
5dv4,2.47
5fqr,7.59
5eh7,3.48
5brn,6.3
4cmo,9.07
3ksl,4.52
6hv5,6.49
5o7i,6.09
5y6f,6.85
2o2u,6.4
1gi4,7.19
2y6d,7.1
5diq,5.17
3zls,4.4
3bl0,6.92
4i7f,7.0
5j6l,7.89
3fmr,7.97
2xjx,9.15
6qqu,5.3
3q72,5.8
6h3k,7.96
6a8n,7.82
2oxd,6.82
3iw7,5.64
3o87,7.6
6bfa,9.0
1utl,2.47
2i80,5.4
6prf,8.6
3i7e,10.85
4ww8,10.17
3ip6,6.6
1d3p,7.39
2xx2,7.3
1f74,3.05
1sfi,10.0
5ew3,8.92
4wvl,6.88
5yy6,7.62
3zj8,3.9
5vdv,4.0
3v8w,8.07
5ovp,5.04
5ap0,8.26
2hah,8.0
4yv0,3.28
2pvm,6.44
4x3u,5.09
3qzv,4.16
1xxe,5.41
2xn7,10.0
4qjw,7.8
2qpu,3.6
4b05,7.58
3kce,4.8
6qr1,5.07
1p2g,2.13
3pj1,7.32
5qby,7.4
3shv,6.66
4mao,7.33
3zj6,6.66
4utn,6.15
4uco,7.0
3vye,8.11
5h9p,7.17
6dkp,7.44
5hes,7.54
4z1s,6.1
3ggc,5.44
3ccc,8.1
5ov9,5.66
3rsv,9.15
6pnn,5.16
1bkm,5.74
3mj5,6.49
4x7q,7.85
6cn8,7.2
4l53,7.55
1nli,3.59
6dql,7.89
2oiq,5.0
4fgz,2.87
5afl,3.4
4bo5,7.1
3lkh,6.1
1vrt,7.1
3i4a,4.28
3u8m,8.89
5jid,3.76
2irz,7.92
4fxq,5.77
5nzq,2.03
4o05,7.43
1fh9,6.43
5afv,5.59
6fe5,9.3
5t2l,8.2
1s5z,3.21
4qxs,5.96
4j5p,7.92
4zvi,6.33
4fe6,10.0
3fxz,6.89
3ay0,3.04
1i9l,8.48
5w0e,9.03
4mvy,7.54
4zpf,6.74
5d1s,5.02
4i6f,8.3
3gwt,11.1
6fvn,5.3
4yef,5.35
2x7c,5.7
1okx,6.8
4i72,9.05
5v7t,6.21
6ggd,5.59
6eiz,6.22
3erd,9.9
1qhr,6.89
4zeb,6.52
2pu0,7.82
4gny,4.22
5ody,8.4
1usk,6.4
4ew2,6.68
4mx9,8.59
5aae,7.46
3ppm,9.54
6q39,7.85
4p74,5.0
6g4y,8.82
6gfz,5.51
2e7l,7.54
2f7p,6.6
3zmj,4.93
3o9p,6.52
3qin,6.87
1u2r,5.41
3dt1,8.62
1gah,12.0
2g70,7.77
4x50,7.75
3dpc,4.36
2xa4,8.52
4rsc,6.63
6dxg,4.85
2j7f,6.35
4c6u,4.59
3zki,5.92
5m6m,7.36
4c6x,3.76
4mqu,8.4
6q9h,8.11
4lc7,4.93
3i51,7.7
6qhr,7.72
2vgc,5.24
6n5h,6.45
1mtr,8.4
4b4n,3.44
3oy0,8.0
3sx4,8.52
1qxy,4.8
3cvk,8.0
6pz4,9.4
1o3e,7.96
2vrj,6.3
3btj,5.62
1n1g,2.3
3p3s,7.59
3juo,5.07
1lhw,9.08
3u8h,6.49
4eoi,6.05
3qw7,5.74
4x6j,7.8
4fli,5.44
2who,7.7
4gzx,3.19
5v19,3.3
6t1j,4.74
2hjb,4.39
6cw4,2.82
3t60,6.7
4q0k,4.87
5jdi,5.37
1b39,6.92
3tnh,6.46
4wko,9.47
3juq,4.91
5hvy,7.76
4tk0,5.55
1d2e,6.0
1pun,7.28
1lt6,3.3
5gof,4.05
1e1x,5.89
6d40,9.85
1lpz,7.6
2vj8,8.7
2z9g,6.15
5o8t,7.13
1skj,5.15
4q1y,10.35
3ebh,6.32
2xp4,3.74
5n34,4.63
4pvy,6.71
2qi1,7.3
1c4y,7.92
1pu7,3.1
3n35,3.37
5ni8,7.7
3spk,8.52
1tlo,4.0
3lk1,4.26
5jzs,3.27
1dg9,2.74
3ivh,7.33
5wjj,6.62
5ehn,11.64
1zhy,6.52
2vr0,4.42
4mbi,8.15
6ouv,5.55
2zv9,8.05
1hiv,9.0
1fkf,9.4
5gp7,5.15
5l9o,5.4
3bm6,7.59
4mi6,4.31
6iyv,5.88
4zy4,7.66
4exs,4.41
3hhu,7.39
4o0x,7.17
4hmh,6.21
6cf7,7.91
5agt,7.12
5pzm,5.96
5ngf,5.11
3pcc,3.62
1b56,6.1
1oiq,5.54
3slz,6.99
4ehe,8.49
2y71,7.37
3qd0,8.5
3efr,5.08
3sha,5.59
2rcw,8.1
2off,6.52
2pj0,8.09
3zeb,6.13
3dz2,4.15
5duc,6.35
5bvf,9.72
1zsf,9.92
4uat,5.89
6o9d,8.7
4f9v,6.03
6oi8,7.82
2v57,7.1
4pyo,4.52
5vsb,5.12
5a09,8.46
5dp9,6.08
4i0t,7.59
2w10,6.77
5f08,5.52
3nw7,8.28
4dmw,4.94
3lq2,5.22
2d2v,1.0
3b1t,5.66
1g42,3.01
1q3d,7.82
4g2r,4.45
5wf7,4.01
1qxw,5.15
6ami,4.52
1nhv,5.66
4eev,8.33
2hdx,6.26
6fgl,4.62
1jeu,6.82
1a9m,6.92
1uw6,7.34
4alv,8.15
1qxk,5.05
5dcz,9.3
5hmk,7.4
5u7j,6.41
3a1s,4.83
6uyx,6.0
4lrh,9.72
1nde,7.82
1y2g,4.08
4zx1,6.14
4qbb,7.52
3qzt,4.0
1lhe,9.54
5jjm,7.51
5ntw,9.22
2pv1,7.14
4b5b,6.41
5a46,7.66
1oif,7.72
3tic,8.87
4mre,2.19
4bdh,4.11
4gbd,11.32
1sle,6.17
5v5y,7.87
6rml,5.82
5zh3,4.67
6s9x,6.42
5e8w,4.39
3bh8,7.95
4qnb,6.59
6abx,2.14
3u7m,7.45
3oev,8.13
6d9s,5.96
6p5v,6.7
4xx4,7.36
2bve,3.67
6byz,8.37
3n9s,5.26
1w7x,8.4
5jk3,8.14
3d9v,8.22
2ow2,8.22
4bis,5.85
4tju,5.44
2chw,4.77
6f9u,5.13
5ak4,4.23
4z7i,8.11
4r5y,7.64
6h8s,4.42
1rjk,10.0
6cv8,3.17
2vd1,6.86
3e64,7.11
4b7r,9.64
1l2z,3.69
1h1b,9.8
2y7i,5.54
8cpa,9.15
5hyx,6.55
2a14,5.7
4px6,8.4
2lty,5.38
6prc,4.77
4ht0,8.0
4qpd,7.82
3gm0,7.77
4ofb,5.43
5cpr,7.56
6eq6,4.82
6bgv,6.74
1ms0,2.91
5nee,10.7
1c3e,6.59
4imq,5.82
5d2a,5.59
2g5t,9.09
2wky,8.59
2ohv,6.46
2igy,6.95
6ugo,7.59
2tmn,5.89
2qpj,6.35
2y0j,7.92
4u7q,9.74
3h2m,3.67
2nnv,7.52
5k13,8.74
4nxo,7.22
6i11,4.53
4qwx,6.27
2ydj,8.3
6b4d,6.11
1f1j,8.8
4ek9,4.42
1bio,5.54
1uvs,5.4
2ojg,5.64
4e9u,5.82
5u8c,7.53
6eww,5.05
3g0f,7.66
5vsf,7.03
5unh,9.46
5f9e,9.34
1rdn,1.84
4zjr,7.54
2z94,5.85
5v3r,5.3
2r6y,9.49
5yjm,7.68
5vyy,6.21
1lol,6.39
3m17,7.4
1utj,3.84
3u7l,7.28
2vwu,6.46
5win,7.03
1e2k,4.94
3uz5,7.22
6bh2,5.62
4euv,6.3
6dzy,5.52
6euz,4.18
4o04,6.16
4aci,2.22
2hzy,7.39
6o95,8.29
1zea,5.22
5aqv,3.43
2xgs,3.28
3n4b,7.02
4pin,5.4
4arw,7.13
1rt1,8.1
5nf5,6.82
6ehh,7.49
3s0o,4.48
5jnc,5.48
5cr7,3.1
3l5d,4.11
1my3,5.4
3pcn,3.66
5f2r,4.28
5xvq,5.05
4c5d,5.4
1c3r,6.4
3puk,4.74
6oxs,9.96
3ldp,5.62
2gfk,4.52
5npb,7.09
6c2r,9.1
2lsr,5.24
5yhe,6.69
4dpt,7.3
4g0l,5.19
5fov,2.8
4yb7,3.8
6gcr,8.33
2vx0,6.24
2vhj,3.9
4bco,6.88
3l8s,7.0
5nfb,6.11
3f6g,4.72
2boh,8.52
2rgu,9.0
2zv2,6.3
1m6p,5.1
3is9,6.42
6n17,3.0
4hhz,7.72
1xgi,4.85
3jq7,5.92
5uv5,7.7
3nif,5.1
4kba,8.22
6b2c,7.03
5v13,7.63
4glw,6.1
1o3d,7.13
4ezq,5.2
5all,5.57
1yci,4.08
4tyl,3.22
3ow6,6.66
3eqb,1.82
5aoi,3.03
4ode,10.0
3vb5,5.34
3l4x,6.89
2hzi,7.15
3f3t,4.59
4mwu,8.49
3dst,9.08
5efj,6.46
1dmb,5.74
3s3i,7.8
5lxc,7.97
1my4,6.98
1h00,4.42
4uiv,7.8
4cr5,4.15
1ov3,6.72
2xbj,8.52
3kiv,4.7
5k48,6.6
5ml3,9.69
4ljh,4.71
5n1p,4.6
3twv,4.76
3cj2,4.85
6ke0,7.55
1fpy,6.0
5efc,4.85
2ntf,6.52
6afl,7.0
6qqv,4.92
3i4y,7.05
4mnp,7.34
4pow,6.3
3ifp,7.61
2xuc,4.1
4xek,5.66
6g0z,5.32
6qcj,5.6
3rtf,7.35
1g50,6.28
3d83,8.36
5jim,3.99
2vie,7.48
1pr1,5.3
4d2w,4.51
4rll,5.02
4u6y,7.08
2qn3,5.36
4yjl,5.96
1fiv,6.59
5vcx,5.55
4tjw,6.02
5dp4,4.2
4nhc,7.34
4zk5,8.43
5fi6,7.52
5dht,6.0
3nm6,1.35
1lox,5.52
6r4k,5.07
6mja,7.85
5a6x,6.69
1koj,6.7
3ess,6.39
6hrp,9.0
6f28,5.67
6cje,7.22
4ory,3.53
4j17,7.27
3bzf,4.52
3kqp,3.42
3t5u,7.59
2xp6,4.7
1hqf,5.0
4og6,6.71
5j8u,6.47
3omc,5.0
2owb,6.36
2h02,6.49
6of5,5.35
4hgc,10.0
5f1v,6.85
3oz1,8.7
4ezy,5.65
5av0,3.55
4b5t,3.33
2uw6,6.55
5iql,4.56
4qmm,6.34
4fnz,7.8
2xdm,7.49
5ka9,4.41
1pz5,5.4
6imo,6.19
3tpp,7.82
5tc0,7.6
5xpp,7.44
5t1a,7.89
5cf4,7.4
5usy,7.51
5ho8,5.96
5ave,5.44
4r5t,6.1
4bt9,3.84
1hii,7.28
3omm,7.43
5u0z,6.19
2xk4,4.77
4apo,4.91
2vwv,4.8
4f65,8.6
1y2j,7.48
3p79,5.64
3ds0,4.83
1irs,5.22
6pxc,6.37
4iz0,4.0
4mk1,4.8
2c93,4.92
3dz5,8.15
5uiu,9.7
5n9n,9.39
6upj,6.32
4z90,4.66
1ax0,3.13
6fcj,7.15
2w1g,8.52
5hd0,8.4
1fv0,5.93
1uyk,4.77
4wf2,8.1
6i12,5.57
2y6s,6.99
1jdj,2.3
4kc2,3.31
3atm,3.06
4avs,3.49
4awi,6.0
4ydf,5.1
3f6h,4.72
3kgu,5.92
3elj,5.3
5ant,6.36
6agk,5.58
3u6w,6.92
3su1,6.68
3dv5,7.66
6rtw,6.43
4azf,6.35
2lk1,4.09
1pye,6.41
2k62,4.7
4ahr,2.19
1uk1,7.22
4nwm,8.1
1ql7,5.0
6t1m,5.21
7cpa,13.96
5t2m,9.2
6q9w,6.24
6d1l,8.12
1thz,5.15
1w3l,6.28
5c7e,5.0
1tyn,9.7
5uwm,6.45
3fh7,7.6
2f94,6.71
1czq,4.54
5zc5,7.06
4ipn,3.39
1b8y,7.85
1hk4,5.31
5myo,10.53
4do3,4.1
1vj5,6.92
4xuh,5.73
3oli,7.38
4mka,9.0
2b1p,8.52
3krl,9.1
1ox9,5.21
6p1d,7.41
6hvh,7.33
1t4e,7.1
4jc1,4.3
2eg7,5.89
1m51,4.73
1py1,4.4
5dts,3.55
4r3c,7.0
2zjv,5.14
2yz3,6.66
5acy,8.19
1vcu,3.85
2pmc,4.19
2vzr,4.28
5nr8,6.76
6dh1,10.58
4nxr,4.34
4tlr,8.52
3g1m,6.3
5zo7,9.0
5nbw,8.59
5nf6,7.46
2g1y,7.05
4mw4,6.5
6df2,7.24
2aez,2.46
1tkb,8.0
1juf,5.85
4mx5,4.55
6mt0,10.3
3gx0,3.48
4lh7,4.47
2r9x,4.85
1ikv,6.28
4oho,7.77
4io4,4.61
5wii,4.49
3q7q,5.65
1bnt,9.8
6i8l,6.41
4f1l,5.12
6ovc,6.52
6awo,8.7
6uh0,6.07
5m0d,6.09
6fer,4.36
6n0j,5.37
2zdm,6.41
6qgf,6.0
5z7b,4.89
5yh8,6.78
2a3a,2.82
4b33,3.37
4po0,6.92
3k23,8.2
1d5j,9.15
5loh,5.04
4zv1,5.24
4usw,2.69
5i40,4.86
3kcf,7.46
2ieo,8.49
5v37,9.47
2h5i,8.89
2ggu,3.03
4ipf,7.74
3h0e,8.15
6cwn,6.65
4lp6,8.27
5ovc,5.96
3cii,6.1
5ta6,8.82
6ghj,2.16
3vhu,7.31
2gg0,5.77
6cha,4.4
1n7j,6.43
4clz,4.37
4tyb,1.7
5k7h,6.0
5nlk,7.46
4nxu,5.54
4mic,5.3
6mtv,5.11
2auz,9.46
5u4b,5.74
2p94,9.17
4pid,4.62
4wku,5.68
4ts1,4.94
2qci,8.34
4xm6,4.05
5kks,8.7
5d6j,4.44
5u2e,6.56
1zge,7.3
4xxh,5.0
4jj7,6.4
5n3v,4.34
2h65,8.19
3njy,5.77
3rm4,5.77
5ee7,9.21
1z4u,7.15
3u2q,8.22
6iqg,8.0
6ckl,3.89
5ewa,4.82
2oz6,5.26
5zeq,8.82
2pj4,7.89
2wkt,4.31
3zsy,3.23
5ene,3.23
2woq,2.88
2m0u,6.44
3prz,7.59
5jcj,4.42
5gut,6.29
2fx9,7.77
5x4m,2.92
5tx5,7.8
5jao,4.0
4qsm,7.41
2zxa,8.35
2ja3,4.0
6ce6,5.1
6ce2,6.3
4kbk,8.18
1yc5,3.0
3i0r,8.52
5i3x,8.1
4k8o,3.77
5dhp,3.85
3ouj,6.05
5z1c,2.86
6emh,6.08
3tww,5.38
3kah,6.59
4c94,5.05
5fog,3.67
5d3s,5.89
6beb,3.61
4dsy,4.43
2jg0,7.82
4fs3,7.85
4h5e,6.07
3zo2,7.1
5bpp,4.8
6d8v,5.42
4i5h,8.7
3pwk,3.35
1dva,8.07
6msc,7.68
6bh1,7.22
4iax,9.56
3g1d,3.48
5a83,6.8
4p73,7.66
6nvi,8.59
5qcn,8.22
1yid,5.0
6ufo,4.46
2y82,8.4
5f4r,7.02
6qyo,7.52
5l3j,6.64
1xxh,6.11
3mtd,3.47
2il2,7.1
3u6h,9.0
3dab,6.68
5oxl,3.25
5f2w,3.98
1ogz,5.85
4ydq,6.52
2vtp,8.52
2y36,6.42
1qjb,6.38
4rak,7.85
5jrq,6.77
6bfd,8.3
3nzs,7.12
2ndg,4.71
5naw,7.3
6nzh,8.8
1oiu,6.68
3mlb,4.8
2wik,3.18
1gbt,2.0
4xgz,7.62
6iiu,7.96
6d4w,5.25
5sz2,8.7
4yps,7.12
1v16,3.87
4lh2,1.24
2rny,3.66
6dha,5.68
1pg2,4.96
2zoq,6.05
2e2b,7.96
4r6e,7.78
4xy2,8.1
5aa8,8.07
2am9,8.41
3cyw,7.77
6p8z,4.7
3daj,5.54
4ipj,4.87
2am2,5.1
1pyn,5.49
2yg2,6.05
6cd5,6.81
6oip,6.92
3ril,3.84
5jyo,8.52
1vru,7.0
2xg5,4.66
4z88,5.39
2jdv,8.2
3pcu,5.29
1z6j,8.03
3vd9,4.0
1j36,7.74
5gr9,7.48
5gwy,4.95
6a73,6.48
4io5,5.03
6nze,8.89
4e34,6.01
5c4s,8.42
5hbj,8.64
5ei6,7.0
4x3h,4.23
3rik,2.47
3v3l,6.43
1j01,6.47
3ee2,4.19
3qsd,7.19
3lnk,5.94
1fcx,7.19
4ei4,8.74
4p4f,6.77
4lm5,6.82
1x8r,6.12
2vk2,6.89
6bic,5.62
4i71,7.74
6iby,7.82
3vqh,5.92
2p3i,3.48
5yyb,6.56
6oah,5.82
4ih3,4.82
6qlo,5.06
2gkl,5.35
1xud,8.1
4z1k,8.33
2vcw,3.05
6st3,7.03
6bu0,5.96
3oc0,6.28
6j7e,5.04
3wkb,4.21
3are,6.21
2fqo,6.43
6aqo,6.11
5dp8,6.36
6rz6,8.54
3l81,4.53
4xdo,4.08
5ehq,10.48
2r3l,7.0
5hi7,7.85
5lz7,6.28
4d1y,7.13
4m5n,5.12
6ib2,8.0
4u0x,6.23
6n4b,10.01
2jkq,8.11
1fch,7.15
6boe,5.54
1y3v,5.64
2zp0,7.6
3hkw,8.64
4rkx,5.1
5jmw,6.76
5kat,4.1
6k3l,7.22
2nmz,8.37
3ce0,6.15
1tsl,6.15
5wg3,8.1
2jbl,5.89
3lzz,3.84
6p11,6.05
6h9x,9.74
5tyr,9.59
1d4t,6.19
2qd8,9.07
1oba,2.44
3tl0,6.59
6mm2,5.41
4ly9,8.15
3bxg,4.96
1zkl,5.09
2f6v,4.43
4asj,7.55
3bkk,6.08
5dgw,11.05
2weo,6.93
4u0n,5.77
4nni,5.5
6eds,8.77
4u0g,5.29
5ktu,6.21
3nij,4.89
5lvq,4.14
1yvz,5.36
5lom,7.13
4ibj,4.33
3ud8,5.38
3wdz,6.92
4l70,5.66
3lp4,4.88
3n7o,7.14
6jav,5.76
4bi2,4.03
4ibb,3.57
3v5t,8.22
5qao,3.62
5nve,7.46
1ym1,6.24
5fdc,7.46
6h4q,5.69
3cgo,5.52
6m7h,4.7
1ft4,6.57
5bui,7.05
5f6u,2.52
6c28,4.17
5zjy,8.18
4av0,6.98
4zw3,7.57
5qav,4.15
4ksp,8.8
2zmd,7.01
4alg,6.3
3wka,4.54
5i94,7.52
5tri,5.06
3wns,5.96
1mu6,8.38
3w9k,6.32
1vr1,6.89
2xow,5.22
1p5e,4.81
1bwb,8.42
1mqi,7.63
5cav,6.67
1o3i,7.3
4mwr,9.39
2psv,7.24
5k8o,5.96
3h30,4.53
4a50,7.91
4jg7,6.92
3ik1,4.85
3unj,4.96
1gwq,7.12
1gym,2.7
3ctr,5.16
4o7c,5.0
5i8g,7.52
1v11,3.98
4wsj,7.33
5he7,8.3
6gxb,7.46
2o3z,5.7
2wtx,2.89
3old,5.9
4mz6,5.02
3nzx,5.17
5wdj,6.96
3s68,8.66
5dah,5.3
3ap7,3.0
3ru1,4.85
1iwq,8.06
5g60,6.52
5lss,6.31
3li2,9.0
2x7o,7.47
2a3w,5.42
5kv8,4.84
3qpo,6.61
8hvp,9.0
1yet,5.92
6ewk,3.77
6b1w,7.37
4txe,5.62
1ke0,5.38
2n1g,5.64
6d50,5.05
4z2o,4.51
4zuq,6.89
2h2h,4.98
4mr4,5.94
5uwj,5.7
4azt,4.17
6hop,5.62
3ns7,8.33
1fw0,5.43
6h4w,6.97
4z2h,5.08
3uec,4.21
6pka,5.92
4el9,5.36
5y48,5.85
4gr3,7.81
4ceb,2.97
4bvb,4.48
5zkc,8.19
1f47,4.67
5awu,4.65
5k8s,8.22
1h62,4.77
5fsl,4.62
5eyd,9.0
2m0v,5.97
5hjc,4.35
3zlx,3.8
3b7j,5.17
7prc,5.21
3chg,3.99
5nvv,6.7
3wk5,4.82
6oou,11.3
1mfi,5.59
2x7s,5.78
6nzg,7.7
2g71,7.46
5eta,5.8
5uff,4.24
6fvm,6.6
5ty8,5.46
6aam,8.32
5lgs,7.06
5k00,8.15
5my8,7.14
4zzd,6.6
2y80,8.05
3g5v,7.8
5cp9,3.51
4zb8,6.03
5iee,4.94
4pnc,5.43
4tu4,3.76
3le8,6.07
2nww,5.48
4wy6,5.97
4zei,5.88
3llm,4.74
1k3q,6.52
5n16,5.3
6gu2,5.8
5xag,5.46
6hbm,5.02
4jzf,6.76
3br9,7.21
3hu1,6.89
4g0c,7.92
3iqj,4.93
6huu,7.46
5m04,6.34
3eeb,5.89
4nhy,5.64
4o3t,4.37
1str,4.77
1h6e,6.15
5l2y,9.85
4w9x,7.4
1shd,6.17
4i67,6.35
6aom,6.2
5f1r,6.0
3r6g,7.6
4mf0,8.08
2q8s,6.73
1waw,7.89
5l3e,6.18
4li7,6.11
3ska,7.49
5laq,9.2
4j7i,5.06
4cjr,3.1
3i25,8.51
3e3u,7.89
6ajz,4.34
3wc5,8.7
2jc0,4.7
5gn6,6.92
5l8y,6.4
4jit,6.64
1cny,7.85
3qtf,6.96
2znu,8.11
3h91,3.73
4g2l,7.49
2x96,4.03
4d8s,6.49
1ciz,7.44
1nlj,9.8
4na7,9.7
3t6r,5.66
5th2,4.52
3x00,9.08
3l4y,7.0
4o7d,3.0
5qb2,4.15
6ha4,3.97
3wdc,7.92
6d4a,3.93
2vh0,8.51
3gen,9.14
6bkw,8.3
5auv,4.51
2b54,7.7
4gs8,7.0
2of2,6.68
5n87,9.25
5g3m,5.66
3d1x,8.66
2w08,3.42
4hej,4.62
4x7o,8.7
4i9r,6.95
6ibl,9.31
4l0v,6.63
3cr5,4.19
3e6v,6.83
5tus,4.43
1elb,7.15
3oof,7.3
4lch,10.62
5u7i,7.18
4egk,7.72
2pwc,6.57
3n5e,6.82
4q6d,7.36
5l7k,10.37
3f36,2.89
5mk1,3.88
3ama,6.53
5kgn,9.03
4gtp,7.94
5f4n,8.66
2mps,5.41
3gur,8.0
5sxm,8.54
2f5t,5.17
4nrt,6.0
5fqt,6.8
2i47,8.66
2ndf,4.23
5ab9,6.33
1e6q,3.15
5elz,6.34
4jx9,8.62
1nq7,6.8
5otc,4.71
2osm,6.2
5xst,7.57
1h25,5.74
6e91,6.62
2g1q,7.36
5l7e,6.6
4eqj,5.6
1ugy,3.72
2rt5,6.72
1gwm,4.1
5hog,3.64
4y63,3.58
6b5i,5.96
6cjj,3.9
5yic,5.89
5jhb,6.06
6im4,7.4
6bw5,8.25
5czm,8.32
3vtc,7.89
5zob,5.96
5t5g,5.89
5kcb,6.0
4cft,4.95
4cae,7.74
2e93,6.96
2p93,8.82
3r8v,5.54
3g3d,4.74
4qmy,8.4
2fxv,5.35
3bva,6.52
2bo4,4.61
5na0,9.77
3vqs,7.75
1wzy,6.25
2yj8,8.19
2zir,8.19
4ocz,9.18
4klb,4.16
4p00,6.4
5eh0,7.74
1rv1,6.85
4bup,4.95
4btu,9.3
5o1c,3.95
1a7c,4.0
3fbr,4.82
1ek2,8.2
4drk,5.08
5l2t,6.19
5zcu,5.67
3e3b,7.96
3rk9,6.28
3vbq,9.33
2q8i,3.4
1vgc,5.92
1nzl,7.15
5yg2,6.89
4kbi,7.49
4u45,8.0
4qw7,6.28
2f2c,6.35
6ffn,8.22
4re4,6.87
4i74,6.72
5toz,9.46
5mro,5.7
3lc3,5.23
4q6f,5.6
4ze6,2.48
4qpl,7.41
4j1c,7.31
6fyl,8.15
5hva,7.07
4b3d,2.68
1h1h,5.22
2mwo,4.7
2avq,4.39
1kdw,5.54
3av9,3.36
3b78,4.1
6prt,2.67
1o5f,6.07
5nvz,6.77
6ql2,7.77
3vbw,5.22
2jdu,6.72
6faa,6.75
2zft,6.52
5h9q,4.42
3hs9,6.31
6mbp,5.95
1qj6,7.74
1s9v,4.0
4jok,4.07
4mw5,7.35
5fsy,5.89
5fb7,7.89
2fzg,3.38
3rwe,7.37
3o9c,12.05
3kqs,5.2
4zw6,5.72
1aj6,5.92
1cil,9.43
4zx5,6.19
2chx,7.74
5hjq,4.72
3tu1,6.6
4bcg,8.15
5f02,7.44
1hvj,11.4
5zdd,5.75
4rfd,8.05
5d7x,4.82
3f8s,7.89
5juz,5.52
6a3n,8.06
2qwd,4.85
5t1u,7.16
1ol1,4.68
5aag,7.34
2kbs,5.0
3eka,3.0
5jin,5.64
3r4o,8.15
6bs5,5.7
2ayp,8.15
4lwv,8.22
5ll5,6.04
3kck,9.1
4pct,7.15
3hq5,7.8
2v3e,6.52
6ayh,5.57
2vw1,3.52
3hs4,8.0
2las,5.74
4erq,7.12
4mc9,9.44
6beh,4.09
5kh3,4.22
4jsc,7.13
3d7d,7.85
1lhf,8.09
3kad,5.12
4dpu,7.3
3t4v,6.3
5c83,6.8
4xg4,7.67
1f90,7.92
5fns,5.4
2ynd,7.49
4wkp,9.55
3aav,6.62
4zlo,4.92
4mm7,3.63
4wyy,6.0
5b5b,9.37
4au8,6.26
3djk,10.59
6afe,5.36
5ar8,8.1
5z9e,3.48
3zep,7.66
2oo8,9.0
3hp5,7.15
4wx7,7.4
4n98,3.55
2a5u,8.1
6g5j,6.7
4a9t,7.15
2hxq,6.84
4dxj,7.42
2vtq,6.85
5t18,9.3
1bm2,6.96
5qin,10.4
5epk,5.74
3r8i,5.35
3t08,3.04
5cjf,9.59
6qz8,7.62
6fn9,3.55
1gi8,5.05
3sn8,5.65
3eax,4.92
4foc,8.52
1i8h,4.54
2uup,3.98
5fdd,4.2
2flh,3.97
3fxw,5.96
5n18,5.68
3rwf,6.52
4j03,7.59
1wc6,4.0
6msy,7.0
4mi9,3.42
1r4w,4.05
5wg9,5.59
1y57,5.79
2oym,5.0
1yvf,7.0
3h2f,4.06
6fug,4.3
4bt5,2.76
5nba,7.3
1nfy,8.89
5o5a,4.77
1jqy,4.92
4fev,5.42
3sz1,4.66
3nga,8.0
2gz8,5.52
6ce8,3.41
1bcj,3.7
1zpc,6.6
3sr4,6.54
5wbm,4.7
1t3t,4.96
5ivv,6.35
4bzs,7.12
4kc4,3.23
2p83,7.96
2lko,5.67
2f3e,6.81
2q38,5.23
5jgq,4.62
1c29,6.33
3uvl,5.69
1di9,5.3
6g35,7.76
5dyw,8.31
3n3j,8.48
6pg8,3.85
5v8p,4.99
5swf,6.26
5ixf,5.52
5os5,3.39
4hzt,6.12
3s7a,8.96
4bqh,5.59
3db6,6.14
4x47,2.85
1xzx,10.22
1zfq,7.52
6cwi,7.54
5ze6,3.35
1ft7,5.18
6hq3,6.11
5yy4,6.43
1q6p,8.52
3ioc,3.68
5u0e,5.11
4alu,7.77
4olh,8.3
5z1d,8.3
2h4g,6.52
1klu,7.6
4gfo,6.62
4qp2,3.03
5i88,6.6
1prl,4.23
3skf,8.3
1x7b,8.39
5y0f,6.68
3ouh,7.1
4n7g,5.66
4z8a,4.76
5exn,7.64
1yej,7.46
2y58,5.5
5aip,2.82
1yds,5.92
4inr,5.59
5f6v,2.24
2wtc,6.51
2ael,6.29
1gj8,6.96
5zwi,8.64
6enm,8.32
3rz1,8.74
2xn6,8.8
1h6h,5.3
3wq5,3.85
1oir,7.49
5jfu,8.07
2xpk,11.3
1cr6,8.51
1t37,4.35
5uez,6.01
5e0l,6.4
2qd7,9.1
2b07,6.43
1rww,8.3
1rwx,7.37
6rvl,5.94
5jsj,5.4
4yb5,4.71
3oe9,8.18
5tq6,6.91
1onh,8.21
5h09,5.88
3chc,4.09
3eyg,8.8
4uct,3.12
3hio,6.52
4lyw,6.63
2xxy,7.89
1x8d,2.21
4zg9,7.59
4b2i,3.0
3qi3,3.78
6czi,6.25
4kod,5.36
5ohi,8.47
4dvi,6.72
2xef,9.84
5btx,3.55
4oaz,5.77
4zam,7.96
4uil,7.24
3kaf,6.08
6dyw,10.44
2pq9,8.11
2qoh,7.7
2xez,5.82
2qd6,8.68
5ks7,5.32
2rcx,9.0
1u8t,4.26
4y87,7.24
4oiv,5.08
3rv8,4.92
1snk,9.6
3t1n,6.1
3p2e,6.22
6s57,5.1
3ogq,7.52
2ewy,6.15
2r1y,4.51
1m21,6.52
4o07,7.38
2ke1,5.3
5vfd,6.44
1cpi,7.41
2qo1,5.57
5mwz,5.15
3in4,7.52
1mfg,4.3
3k4d,5.11
2xml,3.3
1epq,8.19
1ke7,8.05
1vyz,6.54
6cjy,7.64
3mf5,5.36
5vnd,6.49
3kd7,3.7
2oi2,6.3
1mh5,9.21
5aaf,7.44
3gk4,3.92
5l6h,6.62
3u8d,6.33
4qgd,7.43
3l16,7.48
4h81,5.12
4ejl,5.14
6drg,6.92
6dvl,7.96
2f3f,6.72
4ngm,10.35
2ohu,5.38
1pzp,3.31
3sl1,3.59
1d6w,5.96
4z89,4.69
4x7n,8.22
1fh7,5.24
4qiz,8.15
5em8,5.96
5ijr,3.2
5ow8,5.16
3b3s,2.55
6t1o,5.59
2frd,4.54
5nxp,7.99
4jnc,8.52
1g7q,6.06
2e99,6.16
4o97,8.52
3ex2,3.7
1jfh,2.05
4gbz,3.11
6eo0,6.43
2zof,8.15
2ew5,5.9
2wc4,5.29
6cz4,7.12
4qb3,5.47
4yha,6.65
4ynl,4.62
1sld,6.57
5eld,2.66
4jj8,6.14
6o1g,9.0
2c3k,7.59
1fkw,5.05
5twj,5.25
2k7l,6.15
5x72,6.33
3nex,6.0
5ajw,6.98
1sm3,4.62
5j1r,4.66
5l2s,7.08
4emv,8.3
3bi1,9.92
3rt6,7.15
3o9l,9.66
3a4p,7.55
3p8h,5.3
4loo,8.15
6i0r,4.35
5d1r,4.84
4x5p,8.21
4h3j,7.05
3o8g,5.13
2i0v,6.8
6hhp,7.49
2iit,8.59
5i58,6.92
2viw,7.14
4dfb,4.6
3uvo,7.0
5y0g,6.7
5lwm,8.87
3po6,7.06
2x24,6.48
4c4j,8.52
3lk8,7.71
6bhe,4.62
4his,8.09
1nl6,11.32
2pl9,4.17
6bvh,9.15
6nyv,6.51
2hrp,8.3
3pr0,9.54
3nw3,6.49
6ayd,6.3
5v3h,8.3
2y3p,5.89
3vbd,8.07
1odi,4.21
3qc9,6.06
4hyi,8.52
6q7v,5.59
6d3y,8.7
5z89,6.71
6aak,9.15
3c72,4.64
3re4,7.4
6h41,7.05
3mb7,6.7
4x9v,7.85
4rwk,7.19
6got,9.4
4dhs,4.8
2xv1,5.99
4wxi,8.08
1gi6,6.22
2z4o,9.57
1eoj,13.77
5bjt,6.3
2ggd,3.8
3e0p,7.92
3uqp,7.31
5j6a,7.77
2gst,6.07
4gxl,5.28
3u7n,7.95
3jzk,5.91
4m2w,7.28
5vdu,4.0
2i4t,9.0
4gkc,6.82
1p0y,1.0
5e91,8.4
1oth,7.0
4k78,4.79
6ayr,8.39
5t9w,5.59
1bnm,10.0
2ojj,8.7
4dbm,7.62
2pk6,10.89
4m5k,5.23
1sl3,11.85
3bwk,3.94
3fzn,4.01
5gvl,7.38
3lfs,5.6
2kpl,6.64
2igv,2.23
6fdu,3.69
3qg6,9.14
6rn6,6.8
1ym4,7.41
2lpr,8.89
2i4j,6.16
6d3x,10.29
4zfi,6.3
7abp,6.46
1iy7,6.19
4hxz,6.05
1qpe,7.7
3kx1,7.0
5aqo,2.85
3tku,5.72
3pp0,7.96
3ui2,6.37
4gly,5.11
5szb,5.11
2h6k,5.06
5jau,8.85
5vp0,9.21
1tet,6.08
4i9c,5.51
3oqf,7.04
5a0c,9.27
1dub,5.8
4yz5,2.83
3o0j,7.19
1c5x,6.68
1g9c,5.3
5nwi,6.16
2whp,4.51
3mvh,9.3
3ljz,8.14
2z92,9.1
4j1h,6.11
3l0n,2.77
4gts,7.89
6oyt,8.23
2ay8,2.24
5ubg,5.17
5ak5,7.07
3ncg,6.82
2nmy,8.37
4aaw,6.3
6ic0,7.66
6p3p,6.84
5d6y,5.66
6qlp,5.28
1o4e,3.3
4oo9,9.07
2yxj,9.3
3py1,6.89
2g9u,6.08
5vc4,7.36
5jhk,4.64
5d9k,8.4
3gl6,4.68
5h3q,8.22
3d5m,8.0
4az5,5.99
4f64,7.2
1i7g,6.0
3qps,5.6
1ex8,6.33
5ja0,5.22
6faw,5.57
2jup,3.81
5v4q,2.57
6pvy,3.19
3kmx,4.82
1a07,6.4
2xd6,6.19
4cjn,4.76
4mgc,6.32
4n5g,5.0
4q3s,6.59
1bjr,7.68
3vsx,8.85
3s0n,6.74
1ctt,4.52
3ccn,6.92
1cs4,5.57
4qxj,5.9
3lpu,5.86
4lnp,3.67
1wdy,7.89
3ta0,3.47
2f4b,7.3
4uxj,5.42
3ipb,6.7
6fhk,7.51
4wef,2.59
2r3j,8.0
5vgi,6.98
1d1p,3.6
1b52,7.12
3el8,7.6
6irt,3.81
6dzx,5.46
3r9d,4.15
3e6y,5.6
1usn,7.74
5alb,10.71
3t3h,5.71
5j6n,7.77
4ixh,8.21
4eo4,6.35
3uok,9.1
1h28,6.52
2rcu,6.68
6i0k,4.89
6eqm,7.96
2rk8,3.64
4x1s,6.87
6n3v,5.61
2ay2,1.88
5dif,6.23
1o3j,6.77
6mvx,5.14
1ibg,8.55
5m2q,7.52
4zw5,4.43
3dsu,7.03
5ye8,3.0
4n6h,9.28
6eeo,6.43
2xfj,7.89
1okw,5.25
1bdr,6.68
4rvl,7.38
2bbb,8.62
5ep7,5.4
3shc,5.72
3ap4,3.92
1o5g,4.96
1y1m,1.82
3vx3,7.82
6poh,2.71
4zz2,8.04
6ey7,4.3
4a6l,8.0
3tcg,5.87
4w4v,6.94
5o9q,5.21
4axd,4.43
2xei,10.62
4unr,8.7
3c6u,8.87
3so6,5.39
2oh0,7.74
4n6y,7.04
5mg2,7.77
2q8z,5.68
1lke,7.52
4x1f,7.97
3v0l,5.52
1h2u,7.89
3s8n,6.21
185l,3.54
6hrx,5.1
1akr,9.09
4a4e,3.32
2am4,3.72
5mnn,3.84
4aje,3.68
3s8l,5.64
5sz4,9.7
4efs,8.6
5tw2,7.3
2v0n,6.3
5aqq,3.1
4ln2,3.61
4zg7,8.7
2r3i,6.0
1t1r,5.4
6c99,5.62
1uv5,8.3
3f7h,7.09
5ufs,8.49
4ozl,4.97
5bs0,7.12
3pvu,6.54
1tze,6.83
3saz,6.1
4o2b,5.74
3ocg,8.52
2yoj,8.3
6eyz,8.1
1o4k,2.92
3ka2,6.62
3arw,6.15
3f3w,7.47
6ps9,4.62
5wae,6.8
1ths,7.54
3qxh,5.24
3pbb,7.02
5etl,4.64
3r4p,7.96
5g4o,4.43
3dwb,6.19
1m2q,6.1
2reg,5.64
5a2i,5.06
3b66,8.6
5m17,3.66
3vry,8.11
3g0c,5.7
3h6z,5.82
1iep,7.0
1ddm,5.77
5lpm,5.56
1rlq,5.1
6qmu,5.32
1j4p,4.99
3rtm,4.42
6b8y,9.66
4dce,6.76
3ti5,8.95
2hrm,3.56
5fwj,7.89
3cyx,8.0
3hr1,9.43
1a4m,13.0
3bet,5.82
1enu,5.08
2vgp,6.85
6gbx,7.7
1o6i,3.19
5wgq,6.48
6jki,6.39
2wyn,5.55
2toh,4.15
4mg5,5.34
6g4m,6.6
4uc5,5.48
3gkz,8.0
1af6,1.82
3f5p,6.85
4kon,6.48
1bcd,8.7
5jxn,6.41
3e63,5.8
2avo,8.85
3hky,7.1
5fh7,6.86
3mxe,10.01
3mhc,7.96
3frg,8.4
5xms,8.14
3qo9,5.92
1rsd,6.52
5xpi,5.28
3k8d,5.77
4mo8,8.0
4r92,7.41
1g2o,10.55
1f2p,1.9
1xqc,7.2
4clj,9.15
4qgh,9.0
2v2h,3.77
5ng9,6.72
5nk6,6.8
5q0j,6.62
5ab0,7.59
5o9y,5.34
1gaf,8.0
6p9e,7.17
1hkm,8.72
6mhb,6.77
6ibs,4.96
4wsk,6.43
6bgw,6.68
1zsb,0.6
3fz1,7.92
6fhu,2.64
5tuz,7.4
1jvp,5.8
6bsk,6.92
2xab,9.27
2llo,5.82
5xxf,5.74
1e1y,5.6
5uci,5.37
2xiz,3.89
6d6u,8.21
6nk1,6.66
3wzp,6.82
1h60,4.7
4e28,5.89
6ccs,3.64
3ipe,6.82
5n1x,3.16
2pu2,4.43
5km1,6.18
1b38,6.6
4rd6,6.28
6en4,8.3
3m3c,4.06
5y80,8.79
5q0h,7.92
4ktu,6.16
1u9x,8.15
1q83,12.39
1c84,5.0
2r9s,6.82
3afk,3.6
6hy7,5.57
1i6v,5.0
1mrx,7.26
4acd,8.31
3q7p,5.8
3lpb,7.38
3ua9,7.25
2j9n,4.7
2x38,6.89
4esg,5.56
5oqu,3.61
4wy7,6.78
3t4p,5.19
5mav,5.48
5ahj,8.23
6q7w,6.85
5cy3,7.8
1thr,5.38
4ue1,8.0
3iww,7.96
6hd6,5.7
3pe1,9.65
1jwm,3.57
6f5m,6.3
5epy,7.4
6p8y,6.2
3umw,8.52
5oui,4.03
5u06,6.66
4kz4,4.15
4wz4,6.44
5ggo,3.1
5ih8,6.74
5oh2,4.24
5mmg,6.01
5auw,5.05
6i5j,5.85
3b24,4.38
5iis,9.0
6dzq,7.37
1h46,3.57
5a4t,5.89
6e4c,9.92
2q88,5.8
4psx,6.47
4hvd,8.85
6jid,5.08
3eoc,6.64
6f09,5.97
5fh8,6.77
4zij,3.25
4ufd,9.68
3qdd,8.77
3hnb,5.11
2cv3,6.57
1b11,7.39
2ohl,3.05
3mzc,6.65
4zxx,8.1
1h26,5.54
1nlp,4.96
2vin,3.0
4or4,4.57
3ztd,4.02
3doy,5.82
1r1i,8.54
2v87,4.6
4oeu,7.66
4j70,5.24
3rjm,6.61
4dgb,3.89
5a3u,8.32
2gbi,8.52
4q4p,6.39
2hoc,9.52
5svl,8.55
6fmf,5.88
6guh,7.59
6hys,5.59
2zm1,6.66
3fty,3.21
4xtv,9.27
5akw,6.39
2k1q,6.22
5try,7.8
3u3f,5.1
2e9d,5.89
3i02,7.52
3vjl,8.25
3bgm,7.41
6aec,6.15
6eq1,4.61
3pfp,6.44
3o9a,10.7
6bqa,5.85
3ft4,5.93
5yr5,6.74
3snc,4.39
6equ,6.38
3l59,3.7
4bch,7.66
3o99,10.82
6ela,7.59
5v7i,7.18
5n53,2.55
3r2b,8.4
4exz,7.54
5afn,4.47
2jdo,6.64
6h5x,10.82
5tv3,8.09
2ogy,4.48
3vb7,4.31
6htt,6.66
2xdw,8.37
2m3z,6.57
6h7l,8.97
4qmq,6.59
6a9c,2.74
5hna,4.23
4q1w,11.7
6hza,9.3
6ilq,6.36
5thj,2.87
4g4p,6.89
3g1v,3.19
6cpa,11.52
4l32,6.84
4w5a,3.77
4gmc,7.74
3va4,4.4
2oxn,7.44
3ftu,3.61
5ijj,6.55
3sad,5.96
6mj7,2.82
4ou3,4.41
4aa7,5.7
4g3f,8.36
5jc1,6.82
3cow,6.9
5u8a,7.89
3sjt,6.06
5ii1,5.48
3g4i,9.04
6sd9,9.1
1mq5,9.0
6nwl,7.37
1vyg,8.0
4erz,7.06
3u7s,8.43
5tqu,7.6
4ucv,2.88
5lcj,6.64
3dxk,6.33
4rg0,7.3
1hee,5.34
3iaw,5.8
4eyj,6.21
1rhr,8.1
4aac,8.17
2i4d,11.68
2xuf,14.39
5mz8,2.31
2e9a,6.04
5bqh,8.52
2v13,7.59
4qir,6.95
6qeg,7.3
4yz9,7.7
5djp,5.15
4g1f,7.77
3rt8,6.35
4y3j,2.17
1a8i,5.52
6hgy,8.52
1inh,2.3
6fa4,7.29
6r1c,4.92
5ual,3.58
3ewc,7.7
5cbs,5.41
3v2x,5.35
2epn,7.22
6g2l,7.17
5ni5,8.05
2xwd,6.96
3dc2,3.02
2oyk,5.3
5n69,6.54
6mjw,7.99
3u7k,7.07
6bc9,9.43
3hik,6.35
5xgl,6.88
6qln,4.66
1tt1,8.15
5nvh,7.82
3wq6,4.59
6fel,6.4
2rio,4.69
5ueu,7.78
2xsb,4.96
2xbx,7.82
3l4w,6.0
5hg8,8.52
6bhh,3.76
3nwe,7.6
4ce3,3.96
5hg5,8.7
4l23,7.75
4dst,2.96
6axq,4.0
3s7m,8.0
3qc4,8.7
2xzg,4.74
4m0e,6.22
5abw,7.77
5myr,4.66
2c8y,4.0
2ds1,8.47
3upf,6.7
4lkj,6.7
4yti,7.89
2wi2,3.46
3nsn,7.19
1n4h,6.55
5q1c,8.08
2r6f,8.0
1heg,7.74
4zsm,2.4
6die,3.13
3w0l,7.02
5u8f,7.96
4xoe,5.0
6r9x,2.96
4bcs,6.99
2xx4,7.1
3fhe,8.6
4p7e,4.76
5o1h,4.85
220l,3.4
6ex1,7.31
5tkk,8.28
2wxp,8.52
3fuj,3.63
4wrs,9.4
5k5s,2.69
3k02,5.0
5ml4,8.7
6f3f,4.52
4qz4,5.01
4daw,7.08
3s73,8.7
6qgh,8.15
5cao,7.42
1qk4,4.21
3c49,7.15
1hi5,4.04
2am1,6.0
5ggk,3.54
3d9l,4.17
4k1e,8.44
5j7f,7.24
3dpf,7.24
4h58,6.72
4zur,7.17
4bgx,1.77
5dk4,8.7
4ks4,7.14
5lzg,3.1
4nym,3.55
5qa8,3.77
6mep,7.35
6rsa,4.4
4jpy,4.43
3uw5,7.85
1kmv,6.95
5org,8.4
2kvm,3.96
5e2l,4.03
6mmc,3.61
6udi,10.0
5zr3,7.01
2pbw,8.25
5kz0,7.66
6mny,8.82
1y1z,3.08
4x48,6.77
5oh1,4.41
5zxk,5.48
1upf,4.6
1jk7,8.52
4k3n,7.96
4twy,3.97
3zyf,4.85
3qx5,4.2
2ama,8.0
6bg3,4.92
3tkh,7.33
3bcs,5.21
5d1u,5.96
3lbz,3.86
6rvf,6.14
187l,3.37
6hah,4.81
5zo8,8.2
4zh2,5.0
6miy,7.73
6nvh,7.95
5anw,8.52
5tdw,4.7
5hfu,6.89
5qj2,7.68
4qbm,4.58
3kb3,6.82
1ymx,4.85
5lyh,6.31
4bck,8.4
2hd1,3.3
5izj,11.52
4fak,4.28
1wu1,7.74
2a5b,3.93
5alg,7.52
1atl,6.28
1cgl,6.87
5edd,5.24
3mg6,7.89
1q84,11.05
1br6,3.22
5igm,7.38
4p2t,5.43
1x7e,5.97
1kwr,6.6
4r4q,5.09
5d3c,10.4
3ms7,3.43
1uu3,6.12
4mib,9.7
1c70,10.3
4el0,4.49
4lxd,7.23
4heg,8.92
5w38,7.33
4bkz,7.57
3dpk,8.39
4twc,7.4
2h44,5.77
1re1,5.21
6c9p,5.64
3nu3,9.82
1qpb,1.36
3d50,4.77
4ibd,3.67
5moq,4.68
6h1u,5.32
4na4,6.92
3fjz,4.05
4ara,6.05
3at4,8.1
3wuu,5.14
3r0t,9.04
3f8f,6.63
3p9t,6.2
2jsd,7.77
4mma,6.04
4li0,6.59
2yig,7.1
6c9v,6.92
5xaf,5.77
4x5z,7.63
4kzl,6.15
3pjg,3.55
3ewz,4.1
4bib,6.6
5m23,8.9
1h39,6.54
3u81,4.44
5kkt,9.0
4xub,5.97
6p3w,6.26
6f5w,3.83
6g2s,8.4
5oxg,5.89
1qvt,4.38
1ivp,7.52
3f35,3.16
6rna,8.3
5lgo,8.22
3ctq,7.4
4q15,7.96
2vnp,9.92
5tuq,6.35
5cf8,8.96
1w11,8.22
5vad,9.12
1ftj,6.09
3n7s,7.7
2uw5,7.51
5mi9,8.35
4m8x,10.2
4uyd,4.1
3dgn,6.21
4bid,8.1
5k05,4.96
4ui3,6.88
1ouk,9.89
4qp9,7.15
5zg1,7.72
2osf,3.83
4k7o,4.3
3tvw,4.43
3elc,2.69
3g0b,8.15
3m36,9.82
4wbg,5.55
6db4,7.31
5dxe,6.41
4uma,5.41
4f8j,5.07
5gx7,5.56
4ybj,9.28
4clp,1.27
6f8j,7.07
5w6u,5.49
2hds,2.0
1a50,6.7
1xgj,6.0
2br8,7.49
6ei5,7.42
4jyt,7.4
5t19,4.49
4x7k,8.4
1pfy,8.15
2csn,4.41
2zu3,6.1
6hq7,6.11
5wik,6.21
5tdi,9.74
1ny2,2.76
6g97,8.38
5lqq,7.09
4e5f,4.82
5anu,9.4
3hp2,6.17
1jiz,8.7
5j9l,7.47
3g0e,7.7
5f32,4.94
4yyn,3.96
4ps1,6.66
2kfx,4.0
4gvu,7.52
1o4o,2.46
6jjn,4.11
6h33,9.22
4xtx,10.57
3c4c,6.8
4tvj,7.91
5wbq,5.83
6g3a,8.38
6pyu,8.0
2pll,8.3
5azf,4.44
5kgx,4.8
4zga,7.7
3cl0,7.07
5uox,8.3
3tfk,5.01
2ovq,7.15
3p3t,7.24
3di6,7.0
3pd8,6.46
3rbm,6.57
5js3,6.73
1sve,8.3
4mfe,2.27
2xag,4.55
4jda,6.29
6n6o,9.15
5f1j,4.92
5tg5,4.01
2ccb,7.45
5e2n,9.54
6sfj,7.74
4wci,5.05
4jal,4.6
3djv,4.55
3ind,5.82
5llm,5.35
4zw8,5.96
2ayr,9.29
3l9l,6.78
3ibn,7.61
1pl0,8.22
5yqx,6.96
3ckt,6.32
4y85,7.89
6bke,8.35
5fs5,6.69
4fr3,7.15
1y2f,4.92
3k9x,8.4
5etu,3.89
3fc1,8.0
1z6f,4.89
6c7b,5.82
3gjt,6.77
5zae,6.81
3sv8,7.91
4anx,7.74
2cnf,6.62
1o38,6.82
3fj7,3.71
3ho9,6.1
4lsj,9.57
1p1o,5.76
4qfg,5.48
1b7h,8.02
2d06,4.08
2jt5,7.74
4ogi,7.43
2emt,6.7
6g5u,6.4
4ow0,6.82
4lwh,7.57
5ia2,7.72
5ljt,8.92
3fdn,7.48
2rnw,2.98
5hcy,8.92
2nxd,5.66
2lto,3.11
6hb7,6.83
2vd0,4.94
4m84,7.31
1gfz,4.0
6ccn,4.52
2qpq,6.37
1jjt,8.05
1b0h,6.7
2wqp,5.51
1bmk,7.6
5fsn,5.77
1kzk,10.39
5cso,6.03
4xx3,7.25
3cj3,4.24
4dh6,7.77
2az8,8.22
4e3f,2.52
1lcp,6.64
4mg7,6.36
4ztr,8.3
2fl2,8.7
1vja,7.7
5a3w,5.82
4yqu,6.66
1ijr,5.44
6mia,2.6
5oah,8.31
4fpk,4.24
6qav,8.31
1nki,6.7
1bkj,6.77
4x6m,8.24
5fas,7.47
3i9g,8.96
2bvd,6.0
4qh8,4.89
4pqa,5.55
6ej3,5.93
5uyu,9.51
6cvf,6.35
1zog,7.15
3iue,5.82
6qgg,6.3
2gmx,7.11
3tpx,9.35
6kjd,5.05
6ccu,4.45
5mk3,4.05
3gc4,7.6
5ul1,6.64
4bgm,6.21
4bhi,7.05
4j08,6.66
5cal,7.66
3zw3,7.47
5maj,7.46
1ikw,8.6
5vio,8.62
6hv2,4.28
3r6t,5.86
4w4w,7.46
5ukk,6.21
3ayd,4.19
5wkh,3.85
3sd5,6.58
2ltv,5.16
2o3p,5.96
2ql9,9.03
2nnq,8.7
2ypo,4.68
3k2f,7.2
1joc,4.62
5e73,4.64
3fee,6.64
3as1,4.02
6euw,7.77
5nkg,7.68
1w14,8.52
3f2a,7.24
2yiu,6.89
3srg,5.7
4obv,0.75
6ooz,8.05
5ka1,4.48
4dht,4.82
3sm2,9.7
5kx8,7.42
2ff2,8.21
6ggb,5.39
5y61,1.72
5tg1,5.82
3koo,7.82
6h76,7.52
2jf4,8.15
4z7q,4.29
1qpl,8.51
6bnl,6.96
4mrw,3.3
3kr2,5.14
6pl1,7.65
13gs,4.62
2zns,6.54
2ybp,4.62
5d26,6.09
4b9w,4.17
3lgp,8.7
5he5,6.47
1ljt,5.15
1m5f,7.83
5f3c,6.05
1wva,6.57
3d0b,6.54
4y2b,8.36
2x7u,5.27
6ary,7.6
5w14,7.34
4rwj,8.7
4k3h,6.85
1kat,6.0
3qup,6.32
3ud9,4.67
3b25,6.07
3v6s,9.12
2byh,6.59
6q96,10.0
4kij,4.3
3ezr,5.0
2pt9,4.46
1unh,7.0
4hct,7.14
5al3,4.96
1jq8,6.0
3w2o,5.08
4uwl,8.57
1dx6,6.19
2zdk,6.37
3new,5.0
5hg7,8.4
1wcc,3.46
6mli,2.43
2c02,4.04
2nw4,8.68
1awh,6.08
2agv,7.7
5d3h,5.1
2p0x,6.31
4pgh,4.89
6hgj,4.38
4nud,7.07
2r3k,7.0
1f57,5.64
5cbr,5.74
2f3k,7.89
5t8p,5.89
2jqk,3.4
6dj1,10.51
6e59,8.67
2xm2,4.62
3tv8,7.15
6jdl,4.89
5gmm,4.54
2y76,6.36
1a61,8.62
6qxs,7.13
4a6s,5.2
4emf,7.08
4j7d,4.7
3gnv,7.03
3hmp,5.49
2j6m,7.96
3p9h,5.06
6u8l,6.91
6r8o,8.22
1ove,9.13
3m8u,4.89
5flo,3.15
1o37,6.82
3vp1,5.48
4eym,4.01
4anb,8.18
4f70,5.74
1hq5,5.65
5mrm,5.03
6n97,5.15
6m8y,6.38
4pd8,6.03
6tim,3.21
3kjn,5.19
2nnd,6.06
6fmc,5.88
5ee8,6.89
5n21,5.96
2qcn,5.0
4at5,7.42
1bl4,8.74
1pqc,7.0
3hdk,4.76
3lf0,5.71
1sqq,7.82
4zs9,4.57
4w97,7.1
3bzi,5.74
3tf6,6.4
5owh,5.92
4ymh,6.46
3tfu,3.28
5kcx,6.7
5nt0,6.55
5yql,4.59
4i1c,8.1
2ra6,4.52
5d29,7.01
4gd6,7.38
3twd,7.74
6cd4,5.34
4b78,5.0
5d1t,5.77
5j7q,4.58
6epz,7.14
3k5x,6.41
4u5o,2.42
3fue,2.82
3upi,8.22
4ovf,4.13
2opy,4.52
5e1b,4.84
5agj,6.15
4ll3,11.57
1c88,5.29
4ajn,7.16
4okp,2.7
2gph,5.3
1h5u,6.75
1cx9,6.75
5uvc,8.21
6f55,4.16
3fat,7.64
4x1q,5.3
5if6,7.23
4lm0,3.25
2lgf,5.57
3r17,6.41
5g17,6.7
5vqe,1.49
3h2a,3.96
4jiz,5.62
4x49,4.53
6n0k,5.07
5m5q,7.05
3cf1,6.64
6g1v,7.23
3rcd,7.77
4fxz,7.03
6ggn,10.1
4qmz,6.68
3e16,5.24
5aep,7.17
3d25,7.66
1o5p,10.0
1jwu,5.34
4hs8,7.92
5ia1,6.28
1pwp,6.3
3q4j,6.21
4mr6,6.6
4j3m,7.68
4l0b,7.17
4iid,5.62
5fsb,2.22
3aas,4.51
4qvy,5.09
4kwp,7.49
6rne,8.8
6o3w,5.12
4ej8,5.39
5ypw,4.64
6jax,4.42
6m9t,7.7
1xbc,7.92
4gvd,4.57
1zkk,4.48
1x6u,3.22
4re3,8.57
3uyt,8.1
4ona,8.15
2xde,5.47
3mi2,7.77
4edz,8.08
6gji,3.87
3tfp,6.47
5mrd,4.44
5ne1,8.28
1w6r,6.15
3nyx,7.49
4pvx,6.76
5trs,8.0
3w07,3.38
4xjr,5.32
1u9e,8.24
5f0f,6.0
6g9m,8.1
3ipa,6.22
1nfu,7.74
4kwf,4.82
2o4s,10.51
2f80,8.18
2cia,6.43
2c92,5.68
2a58,4.92
3u8j,8.51
3k39,8.08
4py2,6.57
2yof,4.6
5w0q,8.0
2b9a,8.05
3fl9,1.11
4umt,6.14
6c5h,6.43
3gqo,5.41
4cd4,6.58
5eqq,8.17
3t85,7.95
3whw,8.22
6f08,5.39
4ht6,6.21
2r3t,5.85
5i2e,6.64
4e26,6.4
3oyw,4.11
2jdk,6.54
4hlc,6.76
1a5g,10.15
5yg4,7.37
3o64,9.4
3upv,5.3
2jiw,4.59
2xhx,6.6
5otr,4.92
6oiq,6.57
5gjf,6.59
5dgm,6.4
1aq7,6.05
1zgb,8.06
4ycu,5.48
4ybi,6.6
5yhl,7.74
4oty,7.4
1zsr,9.82
2q89,6.3
1tu6,9.08
5lx6,5.72
3rwi,6.94
2w17,8.7
3c39,3.96
4ran,7.15
6s1s,5.84
2fts,7.05
3q7j,4.52
3nww,8.15
4zae,8.44
4dhf,7.55
3eyf,7.03
5w12,7.28
4c1c,4.97
4y6r,5.48
6n5f,6.86
6g0w,5.28
1pzo,3.32
6jfk,4.84
4ajw,5.86
4g5f,3.05
6bl1,6.96
1hvk,10.96
2ltw,4.22
5im3,5.82
4mb9,8.0
6qrc,4.89
3dd8,7.85
1qb6,6.06
4h4m,8.52
2k4i,3.84
5flt,2.89
4yfi,6.3
6dz2,8.85
2az9,7.66
1o44,8.52
5aib,3.8
3ikc,7.46
5zhl,6.72
2j27,3.52
4det,5.68
2c80,5.33
6n48,5.92
6cyb,9.02
2pql,7.28
4gmy,7.55
5two,8.09
4rn6,5.1
1f5l,5.28
6mzw,8.41
4mmm,3.82
2mwy,6.82
2uw3,4.1
3bze,6.0
1oqp,7.3
6dil,8.12
5nx2,8.49
4c1e,7.14
4hxr,5.39
4ejf,5.1
4en4,5.52
3ijg,4.27
6pf6,4.74
6duk,9.59
2wev,8.0
6cec,4.35
6gg8,9.1
4kao,6.11
1pmx,5.14
5lz4,5.7
5alm,6.53
3t0t,7.04
2hnx,7.08
1z6q,6.7
2i2b,2.44
1ftk,4.84
5n2d,8.22
6gbw,8.45
3s8x,7.3
1h9l,3.12
3wcf,7.28
3of8,9.22
4uiw,7.3
6qff,5.69
4qw5,6.35
4btb,5.01
3p9m,5.0
2jfz,5.24
4ij1,5.4
6da1,5.05
4kqo,6.78
2fme,6.98
5h85,4.7
3iu8,6.24
2q2a,7.41
5vpm,8.8
3m96,7.22
5e7r,7.6
4ehg,7.19
3imc,2.96
1uu9,5.4
5n70,8.52
6bik,8.19
4jv7,6.0
3t4n,4.14
5ahu,6.78
1fq7,5.43
3k05,4.85
6euc,3.77
1x11,6.49
5kr8,6.82
4keq,3.82
5ml5,8.0
3ig6,7.6
3rme,4.66
4rcf,8.4
3v2n,6.1
5t27,7.1
5f4u,7.02
2gga,1.96
5fah,6.15
4auy,7.74
6o0h,8.15
5ads,5.67
1sm2,8.0
5b5p,9.7
1mto,6.96
5c91,3.61
1f8b,5.4
3wff,6.18
4oru,3.68
6ibz,7.66
1w9v,6.34
3h2n,3.67
2gz2,5.22
3sbh,7.28
3tdu,5.67
2gvj,9.52
1dpu,6.0
6ea2,6.55
4d2s,7.7
5nk7,6.33
2pj3,8.18
2w05,9.0
4q7s,4.42
4e9d,7.7
4dew,7.0
4abu,6.28
6fau,5.44
1cyn,7.68
4qo4,8.3
6rpg,8.52
5jhd,4.52
2yi5,7.41
5lt9,4.19
4mrd,3.37
4cd1,4.89
4j74,4.59
3et7,7.77
4zz1,7.89
3qck,5.24
5hda,5.13
4zpg,7.26
4elb,8.3
5aku,6.82
4pce,5.15
5m1z,4.18
3biz,7.24
3k8c,2.92
6ayt,8.85
3zns,7.41
1ecq,3.0
5t6p,6.06
1wug,5.8
3t2p,3.6
4hj2,2.53
4meq,3.6
1y3g,7.4
4r5x,5.26
2e1w,7.96
3gcu,6.78
5xyf,5.98
2uzn,7.52
5ezh,4.62
6dh8,9.84
6e6v,7.77
3eio,6.65
4ha5,7.24
4ui6,7.06
4yl0,8.22
1mzc,10.22
4e3b,6.05
3fwv,5.64
5swg,4.48
3vfb,9.04
3v5p,8.96
3g6m,1.71
2iyf,3.75
4w9n,4.26
4wov,7.14
6d3z,8.92
3hmo,7.52
4hai,8.1
4hg7,7.05
1juj,6.96
2rjs,2.28
3mt9,4.59
6huq,7.14
5nw1,6.6
4bo9,6.51
1n9a,8.66
4ret,7.59
5l4h,3.75
1tmb,6.74
1d8f,7.74
3n2c,5.12
3nox,8.66
6g38,6.62
1unl,6.7
4j52,8.52
3tv7,7.52
6axl,7.11
5tt7,7.89
1f7b,4.6
1tq4,6.19
6s0e,5.5
6cdc,5.6
6oy0,9.3
1l2s,4.59
2wf0,6.68
5xwr,5.98
5j3s,7.72
3tay,3.38
6rj6,8.52
6dpt,7.11
6nti,4.57
1n8u,6.03
4g0y,2.3
4u2w,6.0
2c1n,4.11
4aze,8.11
2cm8,5.87
5tx3,8.85
3u93,6.31
3dow,4.94
1a94,7.85
3kek,8.36
6dya,6.17
5a5z,4.08
5od5,7.74
5a2k,6.35
2ydf,7.66
5dp5,4.73
1e4h,8.41
1c5q,6.36
6h38,8.11
2w71,6.48
5q0r,4.57
5d12,7.37
4g8m,7.89
2wtw,8.19
4f6w,7.52
3gta,4.28
3cho,6.55
3c4h,5.7
5hrv,5.29
3oyp,8.7
6r7k,7.3
3qkl,8.05
3u4h,4.25
5jer,3.7
5tqs,5.86
4u71,5.22
4n9b,5.28
5ylj,3.86
2qrg,5.18
3i7g,6.37
5wad,8.11
6b2q,8.05
3sbi,7.92
1oai,5.0
1c5s,6.0
4yhf,8.34
3up7,8.21
5c3p,4.46
3cjf,8.2
2y8i,5.89
4rfc,8.24
2xzq,6.59
1qbt,10.62
4i9u,3.86
5lrq,5.8
5j7j,5.07
6pht,3.41
4uyf,7.6
4uuq,7.54
5nwz,9.1
4kn7,7.62
4pkr,4.82
5nxg,8.55
1bm7,7.52
3dri,4.42
3kr0,4.7
5tys,10.72
5exm,8.2
3eky,9.64
1z3j,8.0
5htb,6.77
3if7,7.21
2fb8,9.8
4dzw,7.89
6o5u,4.38
3rup,1.57
1hp5,6.55
2jdl,9.43
1ec2,10.0
3s9e,5.13
6hti,7.01
2nn1,5.82
5i24,7.42
5va9,7.84
6ocw,8.15
6g8l,5.0
2vjx,4.96
4jfi,4.74
1pmu,6.23
1cwc,7.8
4r59,7.96
5dde,7.19
2i4p,5.7
6f05,4.47
1x81,9.19
4xx9,5.08
4dij,7.52
5j9f,7.23
3eq8,9.06
2b1z,7.1
4k76,5.35
4tmr,7.22
6oag,5.43
6fgf,3.96
6mub,7.0
3ni5,7.55
3tcy,4.62
6hpg,5.5
4gjd,8.52
1yw2,6.85
2qyk,5.48
4yec,7.6
3azb,4.92
2xmy,9.96
6mle,9.0
2h5j,7.91
5qb1,4.7
4od7,5.08
1msm,10.48
5sz5,7.7
5lsx,5.92
4w9g,5.26
4cpz,7.68
1c5c,6.96
5izc,3.95
6mdu,4.25
5up3,7.9
1hms,6.37
4q1n,9.7
1uom,7.72
6dyz,9.2
5m63,6.96
3gk2,2.7
2qi7,10.21
1ci7,7.05
3cke,6.1
6b30,7.22
5vqq,5.28
2p9a,5.18
5g45,3.3
1jij,8.52
2psu,7.62
5g4m,3.86
4hbp,8.42
4pop,8.13
3ftv,2.93
3hac,8.17
5i7x,7.28
4kn2,7.27
6g7a,6.78
3rtn,7.13
4yc8,7.85
5kq5,8.05
5glu,4.02
5nib,7.72
2v10,9.4
4aw5,6.12
6as8,7.05
1dhj,6.55
2lzg,7.77
1h5v,3.93
3eqy,8.05
2igx,7.27
2rqu,4.63
3poz,7.64
5y6k,6.07
3nkk,4.7
6fne,5.52
2l8j,5.52
5mwd,5.72
6mu3,6.15
4ufz,6.31
6ijh,7.17
3pxy,5.23
3sww,8.4
1oz0,7.7
4i3z,4.29
3g4f,4.52
2ll7,8.8
2gc8,5.51
1wdn,6.3
4inh,6.25
3nyn,6.0
4h2m,5.21
1ork,8.81
1qq9,2.06
6eij,5.77
5oq8,5.85
3zmi,5.95
4o0v,8.48
4ob2,6.3
2ou7,3.81
2qnz,5.42
2rkd,2.72
1g9s,3.61
6rj5,6.52
2wb5,9.13
4amy,10.82
6gva,8.22
4nxs,7.37
6isd,8.24
3lxs,8.1
1b6p,8.52
1ydb,8.24
2yjb,7.02
1w5v,8.15
5q0p,7.41
4c36,7.7
4m5i,5.17
4io3,6.06
5vzu,5.57
5t8o,6.51
4z2l,5.85
3d14,7.66
5gmv,6.23
4q90,2.15
5nvw,6.77
1gvx,7.22
1ukh,6.38
6oac,7.95
3qkm,7.42
6dl9,6.0
2pzi,6.1
3eu5,7.49
1anf,5.46
5f39,5.1
1g6r,4.27
4exh,6.15
2j94,6.27
4m5u,7.96
4pb1,2.82
2ozr,9.17
1ppl,8.55
4qip,5.15
4h5c,7.55
4i6h,8.3
1qbn,5.85
2wi7,7.24
4kne,5.9
4uau,5.89
5ksx,5.43
3hyg,7.03
1h3h,6.66
4gjc,7.05
5b1s,3.91
6ftf,8.1
3bjc,6.96
1ym2,8.0
3uo6,7.82
3mho,6.49
6bgu,6.28
3uvq,7.77
1mhw,7.35
6s7z,5.66
4xu1,9.49
1sw2,7.22
4z6h,6.21
3lqi,5.16
5eb3,1.45
4qtd,5.97
6nsx,6.64
5fpp,4.0
3jzb,9.01
6qab,8.21
2c2l,5.55
4eb9,8.27
5jf4,7.19
5d0j,5.31
6q9t,7.52
4o70,4.72
4ap7,7.96
2xcs,7.85
1o34,5.74
4uru,2.22
4qsu,2.0
6flg,7.52
6gch,4.7
5iuh,6.4
5kjn,7.77
5nk4,8.7
4mwb,6.49
2xd9,6.46
1njc,5.55
3ddp,7.14
5yve,6.48
3zzh,3.36
1pu8,3.1
3o8h,6.24
1mn9,4.62
3jvk,3.93
2i7c,5.07
2jnw,6.11
6b5a,7.94
4loj,6.52
5czb,8.0
6e5s,6.44
6h1h,6.17
4qk4,6.6
3rv3,2.0
3bjm,8.3
1zfk,7.92
6ocq,6.7
4ewn,6.7
3obx,3.89
1l6s,4.41
4l6s,8.52
2xxt,8.05
2bb7,5.67
2vnt,8.0
3zbx,8.22
3g9l,6.13
3kfa,7.6
2gg2,6.6
6h1d,5.6
2vtd,4.07
5e8f,8.64
5a81,5.54
3ggv,10.85
4i7k,3.04
5vll,6.37
6h7m,7.8
3me9,6.3
1q4l,7.4
3bux,5.63
5x79,4.92
4ks3,6.37
4e93,6.93
4znx,6.62
1w82,6.71
1gi9,5.22
4qyy,7.3
5xup,5.25
5dex,7.65
1z9y,7.19
6b16,7.49
1nja,6.31
6hmp,6.86
3wth,6.29
4r02,7.41
5d3t,4.92
1xh9,7.77
3rv4,2.3
4a4v,6.54
4mwv,9.4
1b9t,5.1
1db1,9.26
5lp1,9.4
6d1i,4.09
4xum,4.67
5mf6,4.36
4mwx,7.12
3p7i,7.7
3h0j,6.49
3owl,6.17
4x3s,5.89
4m3m,9.05
1v0l,7.55
2er9,7.4
4gh6,7.68
1t08,5.51
2ofv,9.7
4k3o,4.44
3zxh,8.52
1o3h,7.3
5tqe,6.72
6fu1,5.36
3vha,7.4
3h59,7.89
5clm,7.36
1hge,2.27
5a6n,4.28
3ika,7.85
1erq,7.89
3eko,6.7
3vv7,5.34
6hks,4.28
4flk,5.25
3bbt,6.15
6dcz,7.17
3pxe,5.7
4r6w,5.27
4zyf,8.64
1hvh,7.96
4x5q,9.0
3v31,5.8
1g3m,10.0
5avi,6.06
5f00,6.6
4gj2,8.6
6iht,5.21
1nw7,5.09
1b32,7.1
3fuk,3.02
5ij7,8.51
2dbl,8.7
3s45,8.49
5ism,9.15
4dlj,5.92
3le9,8.22
2viv,6.28
3ued,4.53
1n5z,4.36
3o95,8.28
4xmb,7.36
3q71,5.22
2fzk,3.6
3ryv,7.07
1mpl,3.77
3sv6,7.46
5xg5,3.48
4oc3,8.28
2jj3,9.55
5ia3,7.34
1loq,3.7
1zhl,5.0
3qiy,5.34
3tl5,7.85
2wkz,8.77
5u4x,8.15
6a30,4.89
5t28,8.49
5tcj,7.38
1lf3,7.0
2h2d,5.37
5e2s,9.01
3b67,8.85
2p7z,6.58
1nc6,8.0
6hu1,6.72
5vl2,8.42
4r7m,7.96
4tzq,6.52
5ct1,1.52
6hp5,7.27
3zxv,7.31
2za0,6.64
5wag,5.21
2g83,5.92
3c3q,4.32
5ct7,7.15
3fx6,6.8
1nwl,2.39
5khh,4.31
5w1e,5.24
4jsr,8.4
4y8y,9.15
5j41,3.7
4bxk,7.95
2c5n,6.66
4i7b,5.7
5l2i,7.4
2imb,4.22
3bpr,4.95
4mcb,5.82
5u7l,6.37
5hgq,7.34
5l72,6.8
6n3z,6.59
2x6i,6.08
1uyf,4.52
3s72,6.4
1pq6,8.1
2wgs,5.6
1r17,6.42
3gsg,2.7
3jrx,9.0
1gww,3.59
5u7o,7.14
6n77,9.24
6boy,5.74
3p23,4.42
4z1q,7.82
5zlf,3.48
6dvm,8.52
1phw,3.3
5b4k,9.34
3e12,5.99
2bcd,10.22
3nil,3.46
3ukr,4.92
6n54,7.75
4isi,8.14
1om1,6.77
3fu5,4.12
6g2m,7.82
3a1t,4.83
6ays,9.19
3ot8,8.05
3n2u,7.84
5zdb,5.75
6i8b,8.0
6gcx,9.22
1wht,3.7
4kn4,7.24
2uue,6.13
2f35,5.4
3rwd,8.0
3f88,8.64
5lxp,6.12
3d7h,10.22
5ur5,7.14
6uil,7.1
1xnz,6.62
1wbs,6.2
6h9v,0.66
4l0t,7.18
1qbv,5.39
5mtx,7.75
2g9q,6.4
2g8n,7.2
4rt1,6.14
6afr,7.15
4hy1,8.7
2hfp,8.52
2o4r,9.4
6cmj,8.3
5zbz,4.95
5tyn,9.28
6mq3,8.77
4avi,7.63
6rhe,4.13
5zu0,5.51
4tk4,5.1
5fao,7.96
5kkr,6.92
6e4t,8.05
2pvn,9.46
2gvd,7.0
6i5n,5.85
6fqo,6.85
5izq,8.52
4j3d,8.28
5bvw,8.82
5mte,6.78
4zwx,8.7
2e92,6.89
2gfd,6.28
5a9u,10.1
2dxs,7.34
4z1n,8.23
4ybs,7.24
5zop,4.73
4qz2,5.21
2r03,5.15
2z60,8.05
5zuj,4.78
6rfn,6.7
5d1w,5.12
1ecv,4.85
1dqx,11.05
4or0,7.46
6q7a,8.3
2lbm,6.57
2rka,3.0
3f9n,5.89
4vgc,6.9
4aom,7.07
1o2o,6.36
5nka,5.46
2e9v,7.9
5fdg,6.37
1wxz,8.07
6c7w,5.47
1qka,5.92
1ql9,5.35
2wi6,6.64
4br3,5.72
1c8k,6.0
5yjo,7.17
6mbo,5.95
6uim,6.74
5lgu,7.66
5c1x,5.75
2z52,5.57
2vl1,1.35
6b5q,8.24
3zcl,8.0
4d2r,5.48
1orw,7.6
5ts0,7.8
4kax,4.77
5mnr,5.46
2wwj,4.48
2clx,4.88
5arg,7.57
4ea1,6.44
1p17,2.82
5c8k,7.7
4crj,5.96
5zqo,7.71
5q1f,7.14
2bvr,3.7
3oki,7.15
2fwy,6.7
3wyl,8.85
3bbf,5.28
4cc3,4.14
3bcn,7.12
1kqb,4.0
5wbr,4.77
2olb,5.54
5epl,7.03
5lvr,3.6
4r4c,5.54
4pnl,5.52
1pr5,3.92
4yoi,6.48
1bxo,10.0
2q2y,8.8
4f6u,6.15
4hld,9.3
2ze1,6.22
4umb,4.0
3vjk,9.43
1m74,7.0
4ui7,7.36
1xog,6.39
5f2s,6.7
4xqa,4.99
1f28,7.8
4dgr,5.04
4emr,7.49
1abf,5.42
5f3z,4.54
6nwk,7.7
3kig,6.61
3tne,5.72
3cr4,4.28
1tow,6.24
3jzh,3.4
4x6o,8.72
4gui,3.64
4qt2,6.32
4yml,8.35
5j9x,7.77
2wuf,4.29
4v05,9.7
5vse,5.97
5mqe,5.4
3t07,7.8
5ivj,7.34
1e3v,4.34
4gb9,6.27
2nd0,3.2
2izl,6.0
3arz,6.0
6d5j,6.34
3fr2,6.23
3l6f,6.99
6cb5,5.37
6h7f,6.12
3rul,6.85
3qsb,5.08
3zlv,3.52
2pem,3.64
1mui,11.89
5lh8,7.72
2pou,7.42
4q8x,3.57
2cem,7.92
3iqi,4.41
6ncp,5.74
1jev,6.89
1nm6,10.05
4zyr,5.7
5dg6,5.07
6d1b,3.91
2ovx,8.7
3hl7,7.64
4og7,6.94
5w92,7.7
4oym,4.96
6e0r,7.7
6keb,4.39
2g5p,8.42
3uqr,7.24
5ai8,3.9
5ia4,7.28
5db0,7.43
5fot,3.17
3py0,6.89
6agp,5.05
5teg,6.85
3il6,6.57
2adu,7.74
6t1l,4.77
3vje,8.01
1d3q,6.54
4od9,7.24
4rpn,6.96
3pkn,4.66
4nh8,8.52
2yek,7.21
4ayv,9.17
3r04,6.92
2byr,8.55
3cd5,7.9
4axm,7.89
5mqv,8.1
4jk5,7.55
3cyy,4.77
1ppm,5.8
5lkr,5.48
6ow2,8.52
2f6t,4.62
4hy0,6.7
2ony,6.68
4m6u,2.74
4qkd,4.09
1k9s,6.52
6hgz,5.97
6qwi,4.29
4jjg,8.7
1nkm,7.3
2wl4,4.19
3wd2,6.24
5ukl,6.2
5trh,5.08
5o91,6.46
3bz3,8.82
1szm,5.53
4ci3,6.81
6nfo,5.57
1h07,5.52
4l4v,5.78
4e5g,4.67
2ha6,4.32
2pym,6.82
1wc1,4.0
5x28,8.4
2hmv,7.7
5lne,4.76
6n55,7.87
3suf,7.56
6pgo,4.7
5mks,4.77
1y20,5.32
4k3p,5.8
1t32,7.42
2ycr,7.16
3pb8,5.24
2zx8,9.64
3cpj,4.72
1zdp,5.74
1hvs,10.3
4c1f,4.63
3w8o,7.62
5wre,6.41
1t1s,5.15
4rlw,4.87
3eql,5.3
5tpx,6.55
2a0c,7.3
5lny,7.38
1azm,6.1
4nat,6.48
1pxj,4.89
2vo4,4.94
2go4,5.15
4y79,7.96
4ah9,2.46
4der,6.31
5kde,3.89
5izk,6.72
4uvv,7.49
1yk7,7.72
2rc8,6.52
5abg,8.05
1me7,7.19
6ea1,6.59
4cqf,4.3
4rxz,6.74
6mxe,4.26
4nw5,7.7
3kdt,6.59
2hw2,2.97
5u4e,6.35
1ec3,9.04
5y0x,5.11
4j0t,6.74
1njs,7.82
1hww,7.7
1afk,6.62
3rxd,3.73
4ovg,3.69
4z93,7.35
6gpb,4.85
4ua8,6.26
4urz,2.52
2clk,3.79
4r1y,6.4
4y64,3.1
4aza,6.99
6g34,8.24
4xcb,5.47
3ug2,8.25
2vx1,6.66
6mxd,5.23
4bfy,6.92
3pdc,7.49
3wqm,6.25
3zlr,9.26
5gjd,7.92
1hqh,6.3
5b56,4.54
2b4l,4.77
4rww,5.85
5oje,5.21
3lpp,6.22
3g9e,7.72
1sre,3.85
2amt,4.44
1gni,8.07
3c2f,2.0
6aud,6.22
5y6d,7.26
4j1k,7.89
2bpy,7.4
1kvo,7.89
6eis,6.6
2wr8,5.44
3juk,4.89
1zd4,3.6
4aa4,8.05
1fzj,8.1
1qiw,7.74
1ha2,5.54
1fvt,7.22
1ec0,8.49
2r2m,7.33
3g30,2.51
2aox,7.42
5t4v,7.22
1ykr,6.25
1uy8,4.12
4uzd,9.22
1f4y,6.08
6eda,6.7
2xcn,6.92
4pv5,6.54
3g45,8.36
3o4l,5.09
3cm2,6.47
1xh3,5.51
6gj7,6.06
3i6m,6.46
3vws,3.65
2qcd,3.4
5jzi,4.8
1bnn,10.0
2zgm,1.79
4gql,9.59
5a6k,5.95
6czv,6.64
5ldk,4.17
3dgq,4.92
5dhg,9.14
5t8j,9.0
2we3,4.43
2wzs,3.85
4z2i,7.44
1xp9,8.89
2igw,1.31
2rfh,6.82
6oe1,8.51
6hsh,7.55
1laf,7.85
6apv,6.96
1zzz,5.14
3cx9,4.89
2j3q,6.15
6e49,4.72
6c3n,2.49
1xk9,6.85
5m7t,5.41
4q4e,6.72
6g3q,7.24
1drj,7.4
6cjh,5.42
4bqs,4.21
4ddy,5.62
3avb,4.07
4hv3,3.94
1w1g,7.68
2ym5,6.37
6jad,4.32
1epo,7.96
3al3,5.68
5jog,8.24
5q14,7.68
5ofv,1.58
1nhx,5.68
4dve,9.52
4nrk,7.62
3s1h,4.77
5a7y,4.48
3fqe,8.3
1h0a,5.44
5li3,7.28
5nhv,8.55
3dog,7.4
5za2,5.77
2a25,4.62
1i5r,8.52
2j2i,6.7
3s75,6.82
4oi6,5.0
1jt1,3.4
5lz2,3.0
5eko,4.8
6idz,6.51
4m5l,4.72
1af2,3.1
6gvf,7.55
4lwt,5.41
3tv6,8.32
5dxg,5.92
1is0,7.0
5ipc,4.89
2wzm,5.22
5moo,1.31
3qtx,7.15
1i37,9.57
3mw1,9.09
3zcw,6.19
5eq0,5.92
3drr,9.4
6n7a,8.37
3f7z,7.19
1t46,6.43
3zmv,4.26
4cdr,5.1
1qbq,8.3
4hw2,7.26
3rbq,6.27
3px9,3.42
4n1z,9.14
3qai,8.1
4n99,3.67
6ezq,4.66
1llb,6.05
4pm0,7.35
1a4h,5.92
5h1e,7.54
3fhr,6.68
2w0z,4.03
3zxe,3.35
3lj7,8.34
2v3d,3.94
1pzj,3.49
2itz,8.59
6pvu,5.21
3ly2,8.3
6u6w,5.33
4wkc,12.68
3pgl,5.3
4o3b,6.09
4r76,7.85
1apw,8.0
5xo7,6.36
1ghy,8.1
5xyz,8.1
1nms,6.7
1ru1,4.74
1qin,8.0
2nng,5.36
1yhs,8.0
5wxp,3.35
3u92,7.48
5ti0,4.21
4kup,5.22
6hf5,5.17
6qat,7.33
3drg,7.0
4fcm,3.94
5dtw,5.46
4e3g,4.97
6qqz,6.74
1rr6,10.25
4zb6,6.28
4d7b,7.68
5bwb,5.3
3evd,6.91
3gi5,11.22
3ow4,7.66
1tbz,9.8
3i7c,7.74
6sze,4.1
4zy5,7.59
1xo2,6.07
3gvu,8.0
3r42,4.08
5a5v,7.48
4tq3,5.49
3qw8,5.1
5hkb,5.59
1fki,7.0
3soq,4.57
2ajl,7.89
4why,8.1
4mra,4.47
4yw7,6.89
1qti,6.44
1g37,10.0
3tam,8.43
3ion,8.1
6biy,6.66
5ekh,5.95
3ske,7.77
1fj4,4.59
6oqn,8.0
3ppr,2.82
6czc,4.78
5a6b,8.1
5jjr,7.8
5tiu,8.3
5i3v,7.8
5oy3,4.15
3sk2,3.61
3m3o,3.6
6i77,4.96
6sdd,8.4
5cep,6.84
6bgx,6.33
1xoz,8.92
4i54,6.96
4drn,5.24
5ftq,8.0
4std,10.33
2y5g,6.84
4pp5,7.74
4utv,5.09
5edc,7.66
5kdr,8.3
4q4r,6.43
2ya6,5.7
5c0m,5.85
6me3,9.38
4tkf,6.55
6b1x,7.4
4bde,4.8
3kqy,4.82
5wmg,8.21
1o86,9.57
4s3e,6.11
3neg,5.94
4cp5,3.34
5op5,6.67
5k4l,7.3
5w7x,4.1
2r3g,6.1
2ea2,7.8
4dk5,8.4
4s3f,6.24
1bqm,7.35
4myh,4.64
4zji,6.47
6edr,4.55
5ggp,3.3
3t8w,7.54
6esj,5.68
3n51,7.82
6e8x,6.22
5jv0,5.96
5mi6,7.3
6a6k,7.46
5a3h,4.57
1qj1,8.05
4r1v,9.0
2vle,7.1
2o4h,6.52
3p3h,7.44
4a95,5.76
4bqw,7.48
2ltz,5.35
4omk,4.4
2nsl,4.68
2iws,6.36
4j09,4.77
4l7o,4.88
4za0,7.21
1svh,6.44
5evz,6.57
2qta,5.76
4djh,9.49
6cvx,7.68
4an2,9.05
4ccd,4.49
3lxg,8.14
3udv,5.59
1j17,5.22
6buv,4.74
4oyt,2.81
6qtm,5.25
3p3j,7.92
5w4v,7.15
4bqy,5.96
2isc,8.42
5o0b,4.18
6e3p,8.7
4mp2,5.45
2rjp,7.0
4mnq,4.43
2hqu,5.14
3k5g,8.6
5nge,7.19
3jzc,8.53
4fea,6.47
3hv8,6.98
1v3x,7.62
4my6,5.62
3c43,7.72
1uvt,7.64
1r58,6.96
5ugm,5.9
4twt,8.0
4dfw,7.85
6c7r,9.0
5wrs,5.52
1xp0,9.0
6bu3,6.55
2y1n,4.77
2hj4,5.37
5e2p,8.8
4k63,4.22
6o7g,5.96
5hbe,8.64
7gch,5.7
4g0p,3.01
3gus,6.05
6mo9,5.81
5auy,5.8
6h78,7.33
5nih,6.87
4uxq,7.8
3rv6,4.68
5fpk,3.55
5ul6,8.22
1n4k,10.05
1oxg,10.57
2qu5,8.06
3e5u,5.85
2rku,8.3
2vtr,5.82
6jsf,8.48
5kly,7.21
5huw,6.23
3mvj,5.49
4zyv,7.66
4hby,5.36
5sxn,4.96
3igg,7.18
4wmu,6.74
1o42,8.05
3v5q,7.4
4l1a,8.27
1qm4,4.3
4zdu,5.77
6ayq,8.19
6sde,10.2
1wum,5.29
3zvv,3.04
1d4k,9.22
3l5b,3.91
4x14,2.92
5w8i,6.82
5c8m,7.19
1bxq,7.38
4at4,7.92
4fmn,6.1
4e49,5.11
6plg,7.82
3u2k,7.52
5a85,5.3
1jtq,8.07
4o6e,9.0
6gg4,3.69
3wyk,7.64
4oon,7.52
5syn,6.62
2x6w,7.1
2x7x,5.7
5upe,8.05
4zsq,5.65
1xd0,7.12
3std,11.11
2jt6,7.6
3r0w,4.52
1p93,7.72
6enx,6.08
2za3,3.68
3g8e,5.35
5sz1,8.92
4pjt,9.24
3hha,7.9
1y8o,5.89
3rk5,5.4
3ufl,6.82
4fcq,7.0
2qju,4.1
3sni,7.96
4wmy,7.07
6fe1,8.48
2pu1,5.85
6f94,7.0
2y57,6.89
2e9c,5.96
1xh4,7.47
4ahs,2.19
1qft,8.77
2gl0,4.82
6oxu,10.02
3i97,5.52
3ot3,8.3
4r4t,6.26
4dhp,4.44
5gtr,7.17
5dhq,5.7
3w5t,4.52
1il4,2.85
1m5c,6.3
3l1s,8.7
4l7c,5.13
6g3o,9.24
1o43,5.66
5jy3,7.92
6q4g,4.3
5ggz,7.25
6ay3,8.02
4v0i,6.33
5csh,3.57
1xhm,6.33
2nmx,5.57
3ubx,7.6
4rvr,6.87
5mft,7.47
3adt,4.55
1gnm,6.25
4d89,8.7
2vnf,5.52
5ulp,4.61
2xe4,7.16
4ptc,8.96
4p4e,6.74
3f17,8.63
5enf,3.57
1f92,6.19
2pwg,4.82
3kvx,6.83
4au7,4.76
6gvz,6.4
1zxv,6.1
3wkc,3.71
2qhy,7.48
5jat,6.64
3iw6,5.48
2w3o,6.72
5g1c,6.85
4bdt,8.96
1jgl,8.7
6hzb,8.98
3exo,4.62
6gf3,4.84
1hk2,6.77
6c7d,9.77
4yux,3.74
4zbf,7.13
2wey,7.12
1wuq,8.27
4f3k,10.16
4iuo,3.64
5u66,3.0
4k0y,7.82
1f40,6.0
5xqx,6.39
3o5n,4.76
4z22,6.24
2w67,4.96
6iql,9.37
4j0s,6.42
2r8q,3.24
4wrb,6.19
4l09,6.07
4u5s,2.41
1p7m,4.38
2vo7,6.77
3wi6,5.33
2cfg,7.44
5ndb,4.66
4eh7,3.28
2znt,9.3
2bgd,5.0
4fzc,8.4
6ap7,5.34
3p4r,2.72
1my8,7.46
1lkk,6.85
1fsy,6.82
3gjw,8.3
5vqz,6.39
4i5p,6.42
6eq5,4.74
3t1m,3.04
2l98,3.61
2f1b,3.0
5l4i,6.59
6qtw,5.52
5aux,5.0
6t6a,6.7
3p3r,7.25
3rj7,7.6
5vkc,8.74
4iqt,6.11
2wd1,7.09
4l2x,7.41
2wpb,2.89
6en5,7.94
2zva,7.96
1wdq,1.98
3bl1,5.6
1alw,6.52
4pyx,6.14
3g2l,3.87
2zit,4.46
5qar,3.77
5wf5,7.65
5zef,1.75
2j7b,6.62
2bge,2.8
5n9k,9.34
4ryd,11.26
4ciz,7.29
6b67,5.05
4j8r,7.7
1okl,6.03
3nc9,6.48
2afw,4.77
4l10,7.15
2vex,6.74
6e5b,8.66
5tyi,6.89
6npm,3.96
4y2y,5.05
2zis,8.55
5dw1,7.1
4cq0,5.09
4q1a,9.3
2mow,5.96
4mhz,6.87
3ro4,6.23
3asl,5.76
6g2n,7.14
3t3c,10.23
4hmq,8.24
2i3i,7.3
6c2t,9.05
5ckr,7.76
4c6z,3.45
5ei3,4.25
4rx5,8.52
5vex,4.63
1ke3,6.7
3deh,6.83
1b46,5.28
6bbv,6.1
2kp8,4.0
1igb,6.4
1utm,3.01
4mcv,8.89
4oas,10.0
3qt7,7.31
5t1t,7.24
6oot,11.3
1jqe,6.44
4rlk,5.02
2j4q,4.46
4tzn,6.52
6f5h,7.05
5elq,5.7
3fzy,6.74
4xwk,4.63
6mkw,4.77
1fwe,5.6
3d9n,4.05
1owj,7.32
4mm6,6.69
3kjq,5.88
6cdp,8.79
5ewh,3.77
4y2p,2.66
5hmh,8.15
3fsm,7.0
5qaz,3.4
1xb7,6.22
5hfj,4.39
4nks,7.17
1sps,8.52
3rxk,2.68
6cyg,4.17
2xba,7.63
4rio,9.0
2ay6,3.11
3wtk,6.53
5q0i,4.25
1npa,8.7
1ouy,8.37
2j7d,7.13
6g46,3.73
6cw8,6.57
4u8w,11.24
5wi0,3.44
4rpo,7.64
6ck6,9.0
2brh,4.64
4meo,3.6
1kzn,8.92
3dhk,7.33
4m8y,9.96
6pii,6.96
1kv1,5.94
1fkn,8.8
4umr,3.8
3r5n,5.78
2yns,7.6
1qi0,2.35
2kbr,4.6
5lhh,8.17
2q54,9.01
5kbh,6.26
5m4f,7.89
3k54,9.0
5jnl,6.57
3rlb,9.92
5j47,5.31
5dkn,3.69
5gn5,6.98
6cse,5.6
4u0u,5.82
6cfc,3.68
6n3x,5.09
5dlz,5.74
1qcp,7.52
5jap,6.64
6qrd,7.0
1avn,3.9
6izq,5.5
3rth,5.21
6fmn,5.95
1y8p,6.08
2og8,9.3
1u9v,8.22
5m34,6.82
1ld8,8.46
5eel,6.08
5moe,3.28
4rd3,6.47
4yv5,6.22
5t8r,4.29
5ci7,6.92
3wiy,6.21
4isu,3.68
3jzi,5.3
2c4w,4.7
2ctc,3.89
3vjm,9.43
4yay,8.54
6c4g,8.3
5hvs,7.15
2o4l,9.22
1amn,13.82
6hx5,5.66
3dkg,5.0
6c0r,7.51
5ntq,7.47
5ymx,6.92
1yvh,7.37
3pa5,8.7
2z7g,8.95
3l13,7.82
6dxx,6.64
2q70,8.08
6fbw,4.78
5fnr,4.23
5xmv,7.68
5f4p,7.33
1guw,5.72
6fi1,2.15
3fu0,2.28
2wxf,6.74
3l1n,5.63
6f6d,4.1
1css,6.1
5y3n,7.1
1dgm,5.05
3b7r,7.7
5yqw,7.51
5arf,6.27
4bps,2.99
5aqj,2.68
2xyt,6.29
2xfk,8.52
6egw,5.57
3eou,7.01
5ose,3.17
2kdh,2.96
4lm4,3.04
5buj,8.3
5nyz,5.03
1o7o,4.49
1mxu,5.4
3f7u,6.61
2rg5,8.51
4ui5,6.78
5zku,4.3
2or9,6.3
6ccq,6.6
6bfx,7.1
5lhg,5.6
4knn,7.78
5dyo,10.21
2xch,6.43
6ajv,5.04
5h0b,7.96
4e67,6.48
4i8w,10.9
5l2n,5.55
3fxv,7.03
1mu8,9.0
6ezh,7.04
2prj,4.49
2xm9,8.05
2ceq,7.28
1i3z,6.88
4k3l,2.96
4u6z,5.41
3huc,5.99
5mfs,6.48
5vwk,5.48
3d4q,10.52
4ke0,7.77
2gnh,6.83
4u1b,5.31
6i7a,4.26
3voz,6.85
4mt9,10.0
5nu1,9.0
6me4,9.92
4cxy,4.93
6q35,4.82
3tgs,5.39
3w5e,7.96
1nmk,8.24
1apv,9.0
3ixj,9.49
6p83,7.1
6m8q,6.43
5iy4,4.81
4utx,5.24
4d8c,8.7
4kil,6.3
2aei,7.07
1vwf,6.51
4qy8,7.19
5a5r,5.9
5ofx,3.96
1k27,9.0
4flj,5.13
4fyo,7.33
4joa,7.54
1k21,8.38
3zhx,6.68
2fu8,4.7
4m2r,8.49
5ofw,2.8
3qaa,11.54
5usq,7.0
3o0e,5.74
3gxl,7.6
3ikg,7.24
2wjg,7.1
2vw2,3.3
5fpu,6.26
4rx7,8.3
2vtm,3.0
6h7z,10.12
5q1i,6.24
3dy6,6.9
1svg,8.7
2x4u,4.32
2qky,9.61
3ip9,5.62
2qbx,5.22
4nmx,6.18
6ckx,7.89
4owo,4.47
3sv7,6.08
5ijp,7.15
4qsw,1.68
3o5x,5.28
6gvi,6.82
6fo7,7.87
1ru2,6.49
4r3s,8.22
2oh4,8.46
3uvu,7.38
3r7n,6.15
5ok6,5.05
1a2c,6.3
5d25,6.3
3k48,6.31
2q15,7.96
3uo9,7.1
2ncz,3.85
4zjw,6.66
5nw0,6.52
4ie0,5.08
4ocp,6.1
4bgk,6.28
5ev8,5.22
4b3u,5.33
5jv2,4.0
4gii,8.74
6udv,10.29
4lys,4.34
3alt,2.92
6m89,5.64
5mmp,7.52
3u4w,8.4
6klk,3.88
6i8t,5.75
6eru,4.53
6g1u,5.61
5bqi,9.05
4gki,4.46
2ccu,6.13
4hu1,7.54
1vyw,7.43
2hf8,5.47
3rz3,5.76
5v4b,6.0
3nht,7.01
1hn4,3.82
5q1e,6.92
1vij,9.52
2buv,4.0
3ckz,8.72
4jpe,7.32
3aya,4.33
6uhv,6.92
2jk9,6.82
4aa2,3.97
6n53,7.87
2vvv,8.22
4xsz,5.6
4dhu,5.3
3rx8,6.21
5v0n,7.17
3zpq,7.17
6c0u,5.99
5zh5,5.33
3ms4,3.28
4p0w,5.96
1slg,3.9
6pml,3.09
5mty,8.89
4jzr,7.8
6fgg,4.77
5tln,6.37
5cuu,4.37
5bve,11.0
2l0i,4.82
3h0a,7.48
6b5o,8.33
4jps,8.3
1ux7,3.0
5meh,6.32
2o22,7.17
1sme,11.22
2yem,7.81
4iaw,9.63
4ega,7.19
3iut,6.34
5u4g,6.1
2w7y,6.08
5ngs,6.77
1wcq,6.26
2ow3,8.52
4m13,6.7
5u2c,6.63
1w5y,8.48
1it6,8.39
4llj,3.42
3jzg,4.4
5owf,5.8
3ztc,4.56
2uuo,3.77
4abh,4.15
4odf,10.0
6qyn,7.62
1e06,5.6
2cni,7.68
1f0r,7.66
6apt,6.05
4egh,3.26
4l4m,8.0
2iw9,8.05
3ws8,6.68
3ptg,7.6
1me3,7.19
2xjg,7.82
5igq,6.6
3ful,3.7
4luo,3.24
1y4z,7.24
6cz3,7.25
1oim,5.32
2ydv,7.86
4rrf,3.62
3v2q,6.29
5tdr,4.54
5d1j,7.32
5xpl,7.7
4ncm,7.0
3dvp,5.0
4k1b,11.52
5khd,5.6
5nvy,6.12
3kdu,6.46
6pi1,3.8
1o79,6.39
5axi,3.92
3lhs,9.0
1qf4,6.18
3rwj,7.8
4prb,3.88
4e4l,8.77
2r75,6.15
6h51,6.87
4kpx,7.3
5e6o,4.11
4bnu,7.7
4mmp,7.71
4pri,4.03
6jut,8.68
5y97,3.6
3fvh,6.35
5vqv,6.4
2w8f,6.3
6h4y,7.11
4jg8,8.6
3iss,6.05
4xaq,7.14
4mcc,6.25
4pio,5.7
4z0f,5.77
5vwi,4.84
4ym4,4.47
6aan,2.75
3ed0,6.35
2qlm,5.64
5auu,4.68
6chl,8.05
6ijl,7.93
6gfy,6.61
7gpb,5.52
1n95,8.92
2vio,4.4
5c5t,3.13
4tsz,7.0
2wc3,6.08
6mwe,9.2
4hnn,5.7
2oz7,7.85
4ztn,7.72
3mpt,6.6
3fqa,0.49
3g9n,5.74
3eos,8.4
2wnj,6.48
6oe3,8.32
6skd,5.8
5f4l,7.62
3qar,6.49
3p7a,6.28
3qaq,7.0
3d9k,4.72
3okh,5.24
4lzr,4.7
5ieg,5.74
3gcv,7.13
5kj0,6.89
4xv1,8.38
4kz8,2.8
1dwc,7.41
1uk0,8.1
6mim,5.7
1p6d,2.94
3qkk,6.52
5jop,9.41
1tsm,6.0
6b1h,8.72
2f1a,3.14
4m5h,4.54
6aps,6.66
5mxf,3.59
5y12,6.23
6bfp,7.7
1pb9,3.62
3nal,8.1
6d5h,6.92
3lnz,9.31
5u48,6.33
1o5c,5.22
6jn3,5.16
2xf0,4.52
4o3c,2.59
1dmt,8.7
5wa4,5.89
4xxs,7.28
4nak,5.85
4cpt,7.7
1bn1,9.34
2yne,8.57
4cxw,6.09
5ukj,7.16
2c57,3.43
1mqh,6.52
6qmd,3.77
4e5i,5.3
4wp7,6.1
1b6k,8.74
5fi2,7.15
5etf,3.79
4a6w,5.72
3sdg,5.55
6qr2,5.49
6fil,5.85
3g2k,4.79
3kjd,8.54
2qrp,6.2
1adl,5.36
3wdd,6.11
2q7m,8.8
1uod,3.11
2bub,7.05
1hti,5.13
3nok,4.19
6qfe,7.1
4mvn,5.46
4h3g,8.22
1c85,4.64
3ej1,6.92
1shc,7.28
5k0s,8.22
3qce,5.6
5l2m,6.89
1s50,7.2
1xq0,6.34
5tzh,6.17
5l8n,4.51
3ked,2.44
5k5e,6.35
3arb,6.63
6npp,6.05
5fbn,9.57
5dxu,8.4
2qu3,6.23
3q6k,8.37
5wqd,4.77
4ej2,2.49
4jgv,6.57
4jik,7.74
4pf3,7.29
6n83,6.27
5t9u,7.6
2piy,7.7
4sga,7.3
3i5r,4.4
3wb4,4.44
6el5,6.88
4xip,6.63
2wxq,7.47
2qzr,7.26
3uj9,4.63
1utc,4.55
4hev,6.34
4wtu,9.52
4xg7,7.49
3t0m,3.94
6ee3,6.86
5qck,7.64
5n9r,5.59
6b41,8.48
1i90,8.89
4h85,5.15
3nkx,5.12
3fdt,4.52
1ajn,2.63
3s3v,6.23
1o2h,7.17
4lw1,3.15
5w4e,6.46
3ncq,5.36
4dr9,8.0
4fmo,5.53
3q2h,9.16
3fv7,5.64
5k4z,6.15
4yrd,4.57
6ds0,8.66
4hxl,5.66
2r4f,8.82
1stc,8.1
3cct,7.56
4hcu,8.0
3dya,8.52
5xxk,8.2
4cwp,6.77
4j77,5.47
1rhk,9.11
2zx5,12.33
4yv1,3.08
2pr9,7.37
2ydm,7.44
2gnl,7.24
5o4z,6.07
3shz,7.44
4ufu,8.0
5drq,10.92
3rq7,7.77
6n9h,4.26
1lrt,5.64
6qac,8.21
3u0d,10.0
3tk2,4.62
5al5,7.15
4k3m,3.55
4kov,3.75
2f9b,6.52
2hdq,1.4
2weq,5.9
6s89,8.07
2vmd,3.02
2w54,6.98
4c71,3.42
5ug9,8.1
1xbo,6.04
5h15,5.8
4k3q,3.94
3ava,4.4
4ph4,7.74
1oi9,7.16
2oag,8.47
2chz,7.8
5fto,8.21
6e2o,8.54
3wqw,5.23
5lay,7.47
5u6b,9.89
5cy9,6.66
2ltx,5.39
3ftw,2.78
3ut5,5.74
5nu5,6.33
4p4b,7.85
1t49,4.66
4jzd,8.3
5yvt,3.96
5vqt,5.74
4z46,2.82
4qxt,7.8
4j8s,5.7
4c61,8.4
4odm,6.07
4bbf,8.66
6eir,6.24
2va6,6.17
2l3r,4.66
5nsx,6.4
3bim,5.88
4qvm,6.35
6qe5,5.12
3bx5,8.46
4ery,7.27
3vjc,7.72
2oi9,5.7
4hlk,5.96
3twx,5.26
3hkn,5.35
5k6a,4.51
6qgk,6.7
6e3z,7.76
6mh1,5.92
1gzc,3.49
4pnm,5.85
3e7o,6.92
3g5y,7.46
3u6a,6.49
4i0s,7.44
2aa9,2.92
6mt6,3.88
6h37,8.59
1a4g,8.4
3nam,8.46
5t2p,5.72
4byi,8.05
5eqy,8.0
3gs7,5.44
4u2y,3.99
6oir,7.77
2rvn,6.77
2bz8,5.6
4n7y,6.26
4i9z,7.74
5am4,6.95
5yij,3.42
5vb9,5.89
4q4s,6.95
4lj5,6.29
3ql9,6.3
1pgp,5.7
6mxb,4.59
3ts4,8.72
5u5k,4.02
5fni,3.48
1g9r,5.7
4o43,4.3
4f6v,5.8
6hy2,7.3
4dhm,3.78
6idg,6.66
1srg,5.3
1uj0,4.57
6gxa,4.22
3gwu,4.71
5mb1,6.6
4bh4,1.49
5izl,5.73
5hkh,5.09
5o5m,5.23
4x0u,7.4
6d1g,4.47
6mod,9.15
5jgi,4.3
1ghv,4.35
3haw,6.0
6md7,6.74
6om4,5.45
4q1e,8.17
4e1k,6.3
5ea3,8.77
4og5,6.52
4ir5,6.21
6rrm,6.84
3ns9,8.52
3lpt,4.91
3hll,8.24
2xo8,4.33
6hvj,7.55
4ib5,6.25
2gv7,7.85
4wf6,6.3
6bt0,5.68
4oc2,8.28
2o63,6.11
3fi2,7.6
2n06,4.92
4qjm,8.17
2pix,4.3
2i1m,7.62
6b1k,6.67
5we9,7.22
2fm0,9.4
4o3f,5.56
2y54,4.7
2w47,4.98
4pxm,8.89
5uig,7.95
5b4w,8.46
3src,3.89
3evf,6.77
3kc0,7.92
2itp,7.95
6ega,6.78
1ek1,7.77
2gej,6.64
6ffe,6.1
1r2b,4.94
4zyz,7.17
5wac,7.42
6hsk,7.03
3s74,8.4
3ktr,6.15
1mmp,6.07
3lpf,6.68
6bh5,6.6
5osl,3.43
6nj0,6.61
5v5e,5.52
5i2z,7.14
5vr8,6.87
4k2f,7.4
4eej,7.15
3bv3,9.34
3fvg,6.89
2c6l,6.57
2xhs,6.0
4wt6,7.92
4zy1,8.14
3gn7,8.3
4yv9,6.4
5lvn,4.7
3tfv,7.1
5vh0,4.52
4g2j,7.96
5csx,8.22
5f2f,6.92
5ivt,9.1
5fnf,3.15
1czc,2.82
2imd,8.3
6do1,8.08
5ad1,7.24
5v83,5.16
4yhm,9.76
4c37,7.71
5lyy,4.85
3dp1,5.0
2wi5,6.05
1ysg,3.52
1jak,5.57
4yym,3.62
6b33,8.12
3l3x,6.15
2zjf,7.72
3zmg,7.64
5os2,2.74
4ciy,4.57
4yqv,5.71
2ow7,4.85
3nnx,7.96
2xu1,7.66
3v1r,7.68
3hng,6.74
4qem,7.8
4hvg,7.77
4prh,4.6
4i6b,5.93
6ax4,8.22
3ml5,8.52
6f9v,6.76
4bie,6.6
6hly,7.33
5isl,7.28
4k7i,2.82
4kii,6.23
1fe3,7.33
2ybs,4.59
3uvp,7.46
6htc,5.96
3ujd,4.69
4nrq,3.46
4nnn,6.57
5lpl,4.92
2o9j,6.92
5nz2,5.03
3r0y,4.84
2vqt,6.0
5yj8,3.98
4b83,5.15
4fci,1.26
5q1h,5.1
1fl6,7.43
3ex6,3.66
4bzo,7.89
6gin,7.49
2r3c,5.66
5hfc,5.72
6qfx,7.7
4kww,5.55
2q6b,9.52
6h2t,4.82
4gqr,3.96
4xyf,9.0
1i9o,8.42
6i4x,4.9
6iiw,5.66
1h79,4.89
4ebv,5.38
5nai,6.1
1ctu,11.92
4aro,6.8
6cct,4.14
2qyl,6.19
2vto,6.85
5tkt,8.49
3c14,3.52
2jg8,6.3
4xh6,5.57
4pks,4.82
6k1q,7.46
4o7e,5.24
1jvu,5.15
4i31,9.32
2f6z,5.32
5km5,6.92
4omd,9.01
6hck,4.6
5zjz,7.37
4mu7,8.85
1d7x,8.52
4ci1,6.6
4uyn,8.4
3hg1,4.74
6g3y,5.89
4ga3,7.52
6cki,7.24
4u4x,5.01
3wv1,11.41
3gt9,3.96
4iif,5.18
2oz5,6.48
3ncr,4.11
3arf,7.19
2wpa,8.1
3n49,5.15
3ikd,6.75
2evm,6.16
3byo,8.15
5g11,7.21
1gux,6.96
6dzv,6.4
6hmg,4.94
5vqw,5.7
1br8,4.74
4ks2,9.34
6ev0,5.74
2jxr,7.05
5g53,6.37
2wk6,3.32
1gjd,5.22
1dzp,5.44
3r5j,6.96
1rin,3.15
6h12,7.68
6gf9,6.39
1g3d,5.55
5tks,7.17
4xt9,6.8
1c8v,6.33
1o3k,6.77
3mkn,4.12
5eu1,7.81
2clo,4.06
5u1q,5.96
4c0r,4.91
2viy,5.74
3bgb,6.05
4ycm,7.72
3chr,7.21
5cnj,6.84
1e2l,4.29
6o4w,8.47
2esm,6.28
1c5n,4.7
2ydo,7.51
1y19,6.77
1rdl,2.24
2ra0,7.8
5ost,4.56
1a69,5.3
5y8y,7.09
3cs8,5.77
5nhy,8.64
3s53,9.64
2a8h,7.17
4qlu,8.08
3h9o,7.15
4j47,4.92
4lkq,3.35
5f5i,6.02
2x2k,6.52
3b28,8.47
4cd5,6.71
1t7d,6.03
6eb1,5.33
2vwl,7.02
4fyh,4.85
5gvk,7.0
4j9a,8.22
3m1k,5.39
4qf8,7.51
5tzc,8.1
5nxx,4.77
1ftl,6.0
6qgj,9.0
5ujv,3.6
4k7n,3.48
6abp,6.36
5lsy,6.54
4pmm,7.57
2g0h,7.64
6a9o,5.24
6hvw,5.55
4rlt,4.96
5y9l,5.72
5u0w,4.24
4dhr,4.57
1v2m,4.29
1siv,8.08
1dwd,8.18
2jds,8.2
5ut4,4.38
6fx1,3.98
3oqk,6.38
3tfn,6.57
4rxc,4.48
3zrl,6.8
6o3x,6.25
4x5r,7.85
3sn7,9.15
4d8a,3.42
6mlh,3.67
4lhm,3.39
3nii,4.23
2x4z,8.57
4rrn,7.32
3wv3,7.62
2qp6,6.68
3iit,8.02
5agi,4.34
4mga,5.86
3lpr,5.96
1mwn,6.7
6ei4,5.28
3g42,6.85
5v49,7.3
3jsw,7.18
4da5,6.44
5m4c,7.4
1urc,4.72
4wag,7.08
3v3q,6.6
4k5n,3.9
1lan,7.22
2qwb,2.74
4k55,5.51
6i8y,6.74
2z4r,7.62
4int,5.8
3mi3,5.45
6bm6,4.68
1igj,10.0
5q0o,7.61
6p5o,4.54
6ic5,8.22
2vts,7.52
1kv5,4.22
4b85,4.06
5kj2,7.82
4hxw,8.7
4pl4,5.27
5lgq,7.05
3hv5,7.02
6mo4,8.34
1eei,3.15
5dri,7.7
1jaq,4.48
2qf6,6.49
1qbo,7.74
4uva,5.75
3fnm,4.71
1f3j,5.22
4m1j,9.7
5jxq,8.15
3wde,6.91
6jmf,8.59
4apr,6.7
3rsb,6.4
3q3t,7.43
4inb,6.05
1ugw,3.09
4fz3,3.73
2qwg,3.64
5akz,5.26
1bn4,9.31
4x8v,6.89
4ux4,7.01
6mmo,3.35
1bju,4.8
4q3r,6.27
4ca8,6.68
5n58,6.1
6nnr,5.07
5w7i,4.95
1pro,11.3
4umu,6.19
4nld,7.7
1aaq,8.4
2xog,3.43
1mpa,8.04
4fz6,6.9
3b82,4.43
6c5j,7.16
3ery,5.66
6nrg,7.25
1l5r,4.77
4drm,5.24
1c7e,6.3
3gbq,5.46
5ldm,3.86
6k05,6.56
6ps5,8.43
4jql,6.0
4ruy,7.89
5wmt,5.86
3wti,5.9
4xii,6.6
5oq6,7.56
6s9w,7.23
3zyu,7.0
3u8w,9.0
5w1v,4.43
4b2d,3.7
5uzk,6.74
6bo6,7.1
3tza,5.5
4p10,8.1
1rdj,1.66
4i9o,5.72
1okz,8.3
4fgt,5.41
6i17,6.6
4h4e,6.68
5vrp,8.89
2i0h,8.05
6orr,9.3
6f8t,5.15
4muv,5.76
5tol,7.48
6g2c,4.66
4nk9,8.51
6n3y,5.44
4r93,7.8
5j5d,4.68
3m37,9.04
5b2d,4.25
6nfg,4.11
1tmm,6.64
5wep,6.36
5ap4,6.46
3bmq,5.49
6ht8,6.72
6c3l,4.44
3gp0,7.44
4eny,7.05
2vhq,3.85
3rdv,4.91
5qal,3.46
4ajo,7.03
5irr,5.27
5c8n,7.55
2vxj,4.17
3ovn,2.55
2cle,3.55
1afl,6.28
5kbe,6.34
1ysi,7.44
3s2v,6.8
1c3b,7.57
5iaw,4.81
5wcm,4.0
6mnv,3.37
5dsx,8.0
1gz3,3.7
3iwy,7.28
3jq9,6.4
4y62,2.95
2rgp,7.52
5jsq,4.67
2uzb,6.92
4fny,7.8
1rt2,8.22
3s7l,7.1
3zvy,5.1
3ejp,8.55
5evk,4.92
4mcd,5.33
4wkn,9.72
2zdl,6.4
3cyu,7.22
6ckc,8.22
2vj7,7.4
5v41,6.15
4msc,5.96
1biw,6.98
2wmx,6.07
4wey,3.5
5hcl,2.22
5f62,8.17
6om8,5.16
5n2f,7.1
5npr,4.9
6inm,6.29
3m6q,7.32
1owk,7.63
4l7b,5.64
5kjk,7.92
6o9c,7.55
4acm,6.68
5f1z,8.68
5i9y,8.55
5ocj,4.82
4j93,4.7
4x2l,4.44
6ge0,8.68
2azc,6.74
6a94,7.4
3jwr,8.07
3sh0,5.66
5yqo,6.09
2ww2,4.85
6czf,5.8
3w2s,8.16
4jsa,4.96
3fv8,6.8
6gon,5.67
1meu,6.1
6ppy,4.44
6fs0,9.77
3p9l,5.3
5y5t,6.68
5jox,4.46
5wei,5.7
3ud7,4.74
3snb,4.38
6giu,6.66
4mvh,8.35
5abp,6.64
5f0h,4.48
6gmx,2.17
3udm,4.48
1np0,3.57
5nea,10.3
3i0s,9.0
4m5r,3.0
4m6p,7.27
2l84,7.72
1zrz,5.24
2mip,8.46
4ok6,4.85
5ceo,9.3
2puy,4.52
3dcw,9.0
2xm8,6.8
4lgg,8.52
6ny4,8.52
2xru,7.51
5alz,8.22
4g9c,8.64
3bc5,8.3
3pdq,6.74
5owt,8.17
5uf0,3.8
2hk5,7.34
3hek,8.27
2w73,6.52
6g07,4.57
5zms,5.23
4igq,4.52
4rx8,7.46
1bap,6.85
2ito,6.91
5gwz,4.71
3tkz,5.92
2ylo,4.88
2y9g,3.77
6c7e,8.55
3aqa,4.55
1ilq,4.89
4yff,8.0
2o4p,10.72
3lmk,5.94
6aao,2.11
4rvm,9.0
2be2,8.7
6d8e,6.47
6u5m,6.29
5q0w,7.24
4uvb,5.49
4yl3,8.15
5j59,7.3
4bao,8.37
5v8o,3.77
6qts,4.8
6bnk,6.99
1p05,5.96
1bwn,7.06
6cvy,8.41
5os4,2.78
3odi,7.82
5l7f,9.05
3a6t,7.28
5gv2,5.65
4a23,5.89
4qok,5.19
4gzw,4.52
6j81,6.29
6hs0,5.5
5ale,5.95
5vd0,6.49
4y8x,8.43
6i96,6.68
5tyo,8.21
6k9u,10.05
4qye,5.92
2x2c,7.72
1imx,3.52
1pip,5.0
3dz6,7.82
2x97,5.66
3lpk,9.1
3u0p,5.68
4km2,5.84
6ckw,9.08
3lle,4.97
1tkc,4.85
3oka,4.72
4ban,8.61
1m0o,2.31
4ge1,6.43
1li2,4.04
5als,7.72
6ayn,5.04
5k0t,5.78
2cex,4.7
5dtj,4.47
1efy,8.22
3pju,4.88
2wi4,5.81
4x63,6.77
5klr,7.72
4o4k,3.7
4n9e,7.82
5h1t,3.8
4ohk,8.3
4nmo,4.83
3ime,3.0
1h3b,6.85
1i91,8.94
5ll7,5.61
2pe2,8.4
6o5a,6.29
1b3g,6.7
5lyx,7.42
1tx7,4.6
3tdh,4.26
3cqu,6.82
4jvj,7.66
3rz5,7.89
4hs6,7.52
4axa,8.0
4x8s,1.89
5yso,7.4
5l99,3.32
2fl6,7.42
1h2t,7.89
4hbw,5.32
5zma,5.52
5ewk,4.85
3w2q,7.18
2gni,5.64
1y6a,7.66
3e51,7.85
5ap7,6.29
4mbj,7.21
2uyw,13.0
6pvs,8.17
1i80,6.41
3vqu,7.43
3iae,3.89
1sb1,6.89
5mqx,5.41
3h0s,6.2
3p4f,5.66
2xht,5.96
5ux4,7.05
4j5d,5.96
1udu,9.05
5vrl,7.11
1yvm,6.4
1pvn,9.82
3qkv,7.44
1cbx,6.35
1n51,4.85
6h34,9.3
4qvq,5.2
3ao1,2.26
2f9v,7.82
3w5n,3.87
5aqt,3.51
4n1b,5.96
5d10,7.14
3svj,6.93
6n94,4.7
5u3b,8.82
5yy9,8.04
3qk0,8.7
5aen,7.22
6gwe,7.38
2jaj,4.6
2ajd,10.8
5em6,8.4
5nud,7.49
4ezt,5.13
3t09,3.8
3ldw,7.97
4x2i,6.46
4os6,6.44
3zim,8.17
3ies,9.92
4oti,7.37
5h14,5.06
5joh,5.96
6e7s,7.18
5jf2,7.89
5sz6,7.0
3g5d,7.96
4qg7,8.0
3o6t,5.22
3ioi,6.28
5ivy,6.44
3g4k,6.54
4d8i,6.69
5opr,5.59
5a7c,3.74
4g16,6.85
3jrs,4.28
3hv4,6.51
5e4w,4.64
2cct,5.02
3eyl,6.6
6bny,6.4
1c8l,8.16
2gvz,6.89
4uvw,7.72
5ioy,5.22
3ekn,8.4
6ajr,4.31
3zev,8.64
6hrw,6.0
5o22,8.0
6mvu,2.89
4qvw,5.38
1pfu,2.72
6hub,8.1
1aqc,5.34
6b4l,6.47
2aac,2.22
4r1e,7.28
1jcx,5.15
5vfc,9.05
4ajk,3.11
4q4q,5.79
4jt8,7.48
6dik,5.07
5etn,5.37
2vcx,7.68
2v2q,4.15
4v24,8.37
4zec,5.82
3kl8,6.92
2fqy,6.57
3o2m,4.8
4o78,5.34
4ckj,4.84
4d09,8.77
5du6,5.02
3vc4,7.62
1xm4,10.39
6iou,3.73
6d4v,6.64
4hvb,9.95
1r6n,7.4
5can,6.91
1gvw,6.96
1h61,4.89
6olx,5.38
3nin,4.91
5vkf,4.77
4fjz,6.29
1ocn,6.39
5mm9,6.42
5nz4,6.28
6q5b,5.89
3ihz,6.8
2uwd,8.35
6rot,6.32
3hmm,7.6
2h13,5.35
5kpm,7.82
3cde,7.66
4e9c,5.96
5nvf,7.8
2y2h,4.57
5kqx,8.44
6i64,7.31
6cjr,9.52
5tgy,7.35
4a2a,4.35
6ufn,5.64
6qmr,7.92
6bfe,5.85
1q9d,4.6
4pxf,3.1
2f8g,8.7
1p02,7.17
4eh8,2.2
2bzz,6.43
5l4m,5.34
3lzv,10.59
5zni,4.39
4g2w,8.8
5dtq,3.86
1hos,8.55
2pax,6.74
4frj,6.55
1w0y,6.42
5wej,4.82
3dnt,4.74
6ma1,8.1
6j9w,5.13
2giu,8.82
6r8w,5.92
3b9g,4.72
6fzj,6.33
4hup,4.82
4unp,3.23
1fd0,8.4
5e2o,8.7
2pwr,6.59
6sbt,6.78
2hu6,3.81
6h7y,9.46
4tn2,6.92
4cd6,3.59
2xk3,5.68
4c9w,6.11
4nxv,5.42
5elw,7.85
3nuj,9.39
4ycn,7.77
1bb0,8.36
5orx,3.51
2xyd,6.82
3pjc,7.57
2zb0,6.62
4gm8,9.0
4aj1,3.11
3wqv,5.21
3pch,5.4
3wch,7.05
3iuc,5.66
4eft,4.07
4psh,8.89
6e5g,5.37
4yuz,5.04
6hro,7.3
4ymx,7.1
1jzs,6.6
6qfu,7.46
4wmv,4.03
1gvu,9.0
1gfw,7.82
2yex,10.0
5wbk,6.03
3l7d,2.18
5f5z,7.07
2z5s,5.66
2vu3,7.33
4eh4,2.81
5sz0,9.1
4rn1,5.0
3c6w,5.62
4fe9,3.0
3pwh,8.72
3heg,6.74
3hfz,4.89
6ndl,7.19
1bo5,3.6
2wa4,4.74
2hhn,7.49
4f3h,6.38
1lqd,8.05
4fll,5.29
6d5e,6.85
3ekr,7.52
6eox,6.85
6ekq,5.46
1xk5,6.0
2dua,4.77
5nhl,9.52
4ijq,7.52
2x2m,6.77
4b4m,6.69
1rp7,8.52
4i10,6.77
2i4u,11.57
2wfj,7.15
4ask,7.22
5sz3,8.6
3ccb,4.52
5nwd,8.0
4y24,6.66
7kme,4.4
2wap,6.64
1ezf,7.25
6cus,4.89
3l3q,7.27
6ahi,3.6
2xoi,3.34
5gid,6.11
6r9u,2.12
2v54,4.6
5alv,4.36
1k1p,7.92
5cj6,8.69
5zaj,7.38
5eh5,5.87
3zot,5.95
1fcy,8.52
6r8r,7.07
1f8d,3.4
2fov,7.55
6r11,4.92
1yp9,5.11
6g7f,5.0
5vzy,8.49
5ls6,9.0
4twd,5.08
4wnm,7.59
4o1l,6.7
6gn1,8.0
5os3,2.43
1aht,6.21
1ikt,3.4
1o6r,7.1
7std,10.72
2ydw,7.34
1w1v,2.2
5fus,4.68
4jv6,6.66
3w54,9.7
2w8g,6.0
1db4,7.24
4hra,10.1
3u4o,7.28
3a1d,4.12
1s19,9.51
4a7i,8.7
4cpy,6.31
5gu4,5.47
6ps1,9.7
1m7d,6.23
1w3j,6.32
4est,5.02
6mju,7.56
1rwq,10.0
2qtn,3.42
4wv6,4.98
4cmu,9.7
3p8e,5.15
6qft,7.46
3th8,6.25
1qr3,6.59
2h8h,8.57
2wzz,5.4
1bty,4.74
3as3,3.8
2ynn,5.17
1rgk,4.31
6mh7,5.74
5caq,8.57
5oh7,4.37
1zoe,7.4
4tk2,3.72
5xmt,7.58
1nhw,4.84
3ti3,8.74
3chf,5.37
1lhg,7.1
3ipy,6.29
4iwd,9.0
2gfa,4.98
2y07,6.22
5bns,7.02
3o1d,5.74
2j79,5.96
3pj3,5.25
5lzh,3.1
1ze8,7.68
1vik,9.52
2xrw,5.15
6hrq,7.09
5u4d,6.33
1kyv,5.92
2xu3,6.8
3u1y,8.67
3dkf,8.57
1w7g,5.1
5twl,7.98
2aof,4.55
5qa7,3.96
2fjm,6.85
1nlt,4.92
6gip,7.38
4fn5,6.76
2vv9,7.77
4a4g,2.99
3ie3,6.68
3l0e,8.0
6f1j,4.62
6f8u,6.1
4nwd,5.4
5vdt,4.68
4di2,8.26
1ta6,9.13
6g2o,6.77
4zip,9.68
4myd,4.55
1gi1,5.47
6evp,4.53
1d9i,9.11
2fqx,7.15
6n3f,6.1
6i13,5.12
2qyn,6.24
1dmp,9.55
4lxa,8.7
4hp0,6.12
5tbn,5.44
3mhl,7.25
3ej5,3.57
4r5n,7.12
6oh3,3.32
4ifh,5.21
1q6m,7.89
2vrx,7.35
1o33,5.74
3l2y,4.49
2x81,8.3
3hhk,8.22
1yq7,7.09
3gc7,9.22
4ay5,6.27
3mvl,7.89
6qyp,7.15
5a69,8.96
5mxq,5.72
4pdk,8.22
2r5a,2.6
1bji,8.7
3mtb,4.63
1gz9,3.51
4uix,7.3
1tkz,6.62
3ewu,4.62
4hw7,7.21
1hlf,5.64
1vzq,7.44
2osc,7.77
6g2a,3.79
5vo6,9.05
1g49,7.8
1uwb,8.34
4hgt,7.4
4ok5,4.51
4txs,3.0
5ien,6.52
2clh,4.06
3rxm,3.63
4k67,3.43
6qra,6.15
5thi,3.61
4gfn,8.3
6n8y,5.38
6fnj,6.85
5if4,9.0
6qh9,5.0
1zub,6.57
4qr5,7.22
1fhd,6.82
2wf3,7.72
4dum,7.02
3udr,4.96
3qtw,6.19
5np8,4.62
4b1c,7.1
6dtx,8.35
2x39,8.66
3l3m,8.22
2ces,7.25
4j8b,4.79
5adr,5.64
5d9p,3.2
4uns,6.7
5m7m,6.45
4ea3,9.57
4jss,3.3
5tkb,7.89
3otf,6.08
2fqw,6.68
5cte,7.8
2vt3,4.15
6arm,4.97
6p3v,7.02
1rry,4.1
4odl,6.95
3vtb,9.3
5h8b,11.31
3wbl,4.64
5mlj,8.85
3tpu,4.32
2cmf,7.55
2g24,5.4
4yyi,4.19
1zz2,5.22
6qz7,6.49
3wyj,6.44
5nxv,8.46
6im6,4.68
1g48,8.41
6h4a,7.38
3eju,6.6
5fv7,6.74
4lnw,7.04
1ywr,7.89
5lcf,4.75
5wkm,5.12
2ph6,7.57
6dh3,11.3
6b4u,7.68
4mm5,7.74
5j2x,7.74
1nhu,5.66
6i0x,6.07
6iez,6.52
3vh9,6.24
4ieh,7.85
1zom,7.52
6d1a,4.35
3djo,4.39
6bjo,6.29
6md4,6.16
2or4,5.02
2x8i,6.72
2wd3,7.07
5cc2,4.1
3h1z,4.66
4mro,7.06
1elr,4.96
6jib,5.8
6e4w,6.7
3qto,4.13
3zlw,3.7
1yi3,5.4
1bwa,8.6
2vx9,7.44
1ujk,6.57
4uwg,8.15
3m5a,4.96
3own,7.47
4aj4,3.89
5hbs,7.73
6fnt,4.68
1ppk,7.66
1hk3,6.59
5kup,8.14
2ye9,6.22
3ttz,8.4
4hv7,3.52
4afh,9.54
5b6g,7.44
3mct,4.07
6bs3,5.82
2bxu,7.15
5unp,10.02
3suu,8.52
4os4,4.87
6azl,4.93
5v42,6.62
6ipl,3.82
3hy5,7.7
4cd0,9.7
3kdb,9.85
4pl3,6.54
4kyk,4.74
3dv1,6.23
1tpw,3.3
4zt5,8.0
3b2q,4.55
1nfx,8.52
6os6,5.96
2zo3,10.0
2euk,6.6
4j46,5.28
2vwo,7.51
2ivz,6.04
2hwi,5.52
3qel,6.49
3zvw,3.9
4zsh,7.05
3dcc,8.96
3qip,6.89
5qap,4.0
2n14,5.33
6ar4,6.24
4msn,4.03
1uwh,7.66
1dzm,5.41
5e90,7.85
2oei,3.91
5byi,7.51
5f63,7.92
4pv7,6.63
6pve,7.37
6mku,7.15
6nt2,8.82
6fym,5.07
6jbb,5.99
1aqj,6.47
2bpv,7.67
5x4p,5.03
5ywx,9.85
6ftp,5.82
2azr,3.64
2i0e,8.7
1riw,7.55
6cq0,4.46
4ttv,6.68
6pdj,7.38
3rqe,4.77
5x02,9.85
6i0c,6.85
4yhz,7.96
3gep,3.75
4h3q,5.1
6bh0,6.66
2y77,6.6
1gca,6.7
5etk,5.82
4kju,8.22
4d2p,5.68
3g4g,9.04
5kau,6.52
6g9u,6.43
6mll,3.62
6hmb,6.56
6ai9,6.74
6itp,4.65
3p17,4.48
3mtw,7.04
1xow,9.28
4pf5,5.48
1v2w,4.01
6oyh,6.98
4x5y,8.03
1qkb,7.35
3vru,10.0
6v5l,3.65
5htc,6.82
5u6c,10.3
2woa,5.94
3ole,7.83
6qm7,6.8
5zw6,8.0
3fas,6.77
1nl4,9.41
2g0g,6.29
6nfn,7.7
3hfj,4.44
5ggl,1.78
5eh8,3.1
3fkt,5.55
6msa,7.08
6iik,4.91
2knh,5.15
3ksq,9.42
4ymb,6.21
5tqg,9.62
3be2,8.7
5wi1,5.0
4kp8,5.48
6fi4,5.66
1m5b,8.01
2r6w,9.36
3zn1,4.54
4zpe,6.35
6fo8,7.74
3cst,7.41
3atl,4.76
5gja,5.55
5hls,7.41
1v7a,8.01
3wyx,8.37
1fyr,5.62
1d8m,8.51
5jan,3.01
3lbj,4.96
1w10,7.55
3st5,11.3
2jdm,5.4
3szb,4.92
2qrk,4.26
3l7c,2.44
4mdq,5.92
1p4r,8.1
3kqa,4.85
2vpn,6.72
3wk7,3.9
1r5n,5.42
6dh2,10.89
3ehn,1.92
3bl2,5.8
5ji8,4.63
2cbj,8.27
4pee,8.32
3drp,9.7
3ivi,7.92
3myq,7.52
5k03,4.74
6d5w,4.2
2j9l,4.0
5edr,7.46
3uyr,6.9
3gcp,7.82
4o72,6.0
4btt,8.84
4u70,5.02
6qaf,7.42
2wyg,8.7
6ftz,3.0
1tsy,4.96
5ff6,5.02
3doz,5.7
2no3,8.05
6u5y,7.16
2d1n,8.15
3sxu,5.05
5wbz,6.41
6q9y,5.43
3dpd,5.78
3vhd,9.28
3gi6,11.22
6k1s,7.7
4lxz,6.74
5trg,7.82
2wf1,8.7
1fax,7.39
4wuy,7.82
6qfv,7.31
2c0o,5.91
4h39,6.68
3nu6,9.3
6bt6,5.91
4hrd,8.82
4mjr,3.55
3mv0,3.85
4jib,7.35
3piz,5.46
2p4s,9.51
4zcs,4.33
2onb,5.57
1hi3,4.19
4dcv,4.59
1q8w,5.24
5i5x,6.7
6a80,5.9
6er3,3.24
1lt5,2.7
5fb1,5.92
5t4f,8.0
3qqk,4.82
4j51,6.59
5ya5,6.72
5xig,6.38
5adq,5.7
1gno,7.7
6c0n,8.37
3fu3,2.84
5upj,7.12
6oz6,7.28
1l8g,6.22
5uwp,5.8
6dj5,8.14
2y4l,6.3
5j1v,7.39
6eo9,6.8
5iok,5.02
3sjo,5.78
4r73,7.64
2tpi,4.31
3ivx,5.74
6bkh,8.89
5ak2,8.41
1uh1,5.48
1rth,6.4
1ocq,5.19
5o4y,8.15
4ury,2.22
2kzu,4.22
4k9g,5.82
4whq,4.12
5fck,8.22
6nsv,7.8
3jzq,6.96
6g02,7.62
1bl6,6.8
1d4p,6.3
2p3b,8.48
1rgj,8.31
5wdw,6.54
1v2j,3.25
2usn,6.51
5l01,7.48
4hvi,7.16
3hit,8.19
1s3k,6.62
5he4,7.7
2xaq,5.96
1h37,7.23
5cls,6.66
2r2w,4.47
4ozj,5.4
4p4i,7.46
5gs4,7.07
4gdy,7.08
3m3x,6.82
3gfw,7.57
3gst,6.72
2oi3,6.64
6e4a,7.36
1ryh,7.56
4qta,6.7
5eyc,8.52
4rn4,6.94
1qb1,6.77
3oxc,8.41
5knj,6.94
4y32,4.05
1zky,6.25
3iiy,4.8
4gu6,7.36
6mx3,5.14
3ha6,5.68
1w5x,8.4
1l6y,3.66
2g01,5.91
2v59,7.74
3wym,9.52
2ien,9.0
5cil,7.39
5j0d,6.87
3qj9,7.0
6e92,7.46
4r06,6.29
1pdq,5.3
3mb6,7.0
2wf5,6.0
5exl,8.43
6b4n,10.55
3hau,6.38
4fbe,6.99
1akt,8.49
4m3d,5.41
5le1,4.97
1ai6,3.97
4uyh,6.3
5l2w,6.68
4li8,8.12
3hku,8.3
4qw1,6.11
4yog,5.74
1c1v,7.64
4gs6,7.15
3sc1,4.38
6gfx,7.92
5nxy,5.05
5km0,5.31
5vjp,4.83
4z9l,8.8
3ls4,6.3
6dat,5.05
3gfe,8.49
5typ,7.6
2fsv,4.6
5knx,6.1
1m1b,4.66
4q19,8.05
1i8j,4.41
2fie,5.46
5tts,7.25
2gvf,7.6
6hoi,5.1
4bds,7.6
1drv,6.54
4ogn,10.0
6e4v,6.29
3a1e,2.66
6aqs,7.55
4rra,4.87
2w26,9.4
4abf,4.62
3ieo,6.48
4rao,6.0
2pqz,5.67
5iep,7.0
4jmg,8.82
3ddg,6.0
1l83,3.4
4hys,7.26
2vba,4.6
5nxi,6.66
3l7g,3.3
2nns,6.05
6pi5,6.96
1mns,4.17
4kox,4.77
3q1x,5.33
4kxl,6.22
5etm,5.41
3owd,7.52
2yc3,6.85
6c8c,6.38
5svk,8.48
4uu7,6.08
3r02,9.0
1esz,6.52
4yv8,7.96
2b53,6.22
3s9t,6.82
4afg,8.3
4raq,6.72
6f1n,6.26
1fsw,6.49
4b7z,4.31
3kku,5.7
1dy4,4.36
4i9i,8.1
4y46,7.96
4az6,9.1
4ygf,7.68
6o4x,7.4
6p88,4.52
4xpj,5.09
4ju6,6.17
3bl7,8.4
3o6m,7.48
3ual,5.81
4bj8,8.29
1ni1,9.05
2gpp,5.7
4qlk,3.24
5ipj,8.89
1uz8,4.96
2oic,8.4
3dp9,9.68
2p3c,7.62
4gng,3.54
5ful,4.74
5g0q,10.0
3l8v,8.1
5xhs,5.05
6c3u,5.4
3n5h,5.7
2duv,7.06
1jj9,5.77
5vp1,9.29
5lub,6.15
2w6t,8.57
4qll,3.38
6p8x,5.56
6gjn,6.22
3kc1,9.0
4bs5,8.22
3g2w,5.66
4f7n,7.1
1h4w,4.66
1zfp,7.59
1pi4,7.43
4wym,4.0
5alu,7.66
5hv1,4.1
1ny0,5.85
5jnn,5.35
6i67,6.7
2r0h,3.51
3dla,3.46
5upf,8.6
3u4u,8.52
5fol,3.67
5x74,8.64
3mt8,4.55
1zxc,8.1
6en6,7.94
3g86,8.3
4h4b,2.7
6hhj,7.97
4iie,2.34
2aog,6.28
3gxy,5.59
3rm9,4.77
6g28,3.64
2br6,2.96
2gg9,5.46
2w4i,6.3
1k1l,6.9
2y4s,6.15
5wys,6.7
4w7t,6.05
1n9m,10.96
2qoe,7.6
2w5i,4.54
6kla,7.25
2nm1,7.47
1xuc,7.14
6fcl,4.64
6hmy,7.24
2qwf,5.67
2z7h,6.94
4jvb,7.41
6s4t,7.95
5dtr,4.41
5jn8,7.3
2w0x,3.2
2waj,6.4
4zlz,7.0
2j9h,3.39
3fqh,6.24
6pk7,4.72
1e37,3.7
5iw0,7.22
4mjo,6.22
4alx,7.28
3ljt,6.89
2y2j,4.8
3bmo,5.27
6gzl,5.14
3wp0,4.99
4rfr,6.54
4n5t,8.15
6gvh,6.04
5t54,9.06
4uy1,4.7
1sje,8.22
6e1z,3.82
2uy3,3.22
5zmq,4.74
5k6s,6.26
3rlq,7.4
3ehx,7.6
5wzr,7.29
2vwm,7.03
1rpj,6.48
5d7a,7.68
5l6o,8.22
1ad8,6.6
5kr1,9.49
6hhr,7.01
4l7u,5.66
4x3e,5.47
1tl3,6.2
6mck,7.92
4qws,6.5
1g74,6.52
6c7x,7.19
2wxl,8.34
1yvx,5.1
1hpo,9.22
4uit,6.7
6mg5,4.69
6nri,7.57
2xiy,2.44
2x85,3.89
4zls,9.09
2f18,4.1
1lb6,4.08
5l8t,3.55
3cf9,4.83
4ef6,2.92
4dff,7.46
3ds1,5.7
6nco,4.52
5n20,4.21
1b42,4.01
3wvm,5.71
3nu4,8.82
5zdf,5.7
5ou3,6.21
4nmp,4.04
5kab,4.68
5bpa,9.0
1tvr,7.48
6eb2,6.32
1mem,7.94
3qxm,7.48
5q0y,5.73
3b2w,9.22
2uw4,5.28
5t4b,9.38
2qzk,7.57
2vwx,7.4
4eg6,7.37
1y0l,9.0
5kyk,5.8
4abk,5.72
2uyi,6.32
5d21,8.38
1dtq,8.22
3exe,6.96
1kr3,5.0
2q11,6.05
5etx,6.81
2z4w,6.01
3kpu,3.16
1px4,3.23
2rr4,4.78
2wih,7.35
3su2,7.35
1y3p,4.82
6hv0,6.56
6qaa,7.66
2fgi,7.34
5un9,7.68
5knv,4.87
5k51,4.8
2qfu,4.18
6f8r,4.7
3i06,9.7
3vjs,6.19
5eou,5.36
4bo8,6.92
1ule,5.92
3vtd,7.92
5zk8,8.89
5l4e,4.61
5h5s,5.09
5y0z,6.34
1urg,5.82
2krd,2.7
4x61,9.0
4g0k,5.37
3ta1,3.25
5dey,8.43
3el7,6.32
3bfu,6.27
2xeg,10.7
4zs0,5.64
3gtc,2.35
4mpc,6.15
5o45,8.05
3fk1,2.62
4bt3,3.12
4imz,6.92
6npu,6.4
5yjy,6.94
3qtz,7.3
6jaq,3.95
4zyw,7.17
5awj,9.68
1me8,7.19
2brp,4.0
3zc6,9.22
6dj2,8.12
4kxn,6.1
6oyz,6.73
5w2q,6.88
3dxh,3.19
4own,4.22
5ece,8.05
3hzk,6.7
2v7d,6.59
2w1h,7.28
2uzo,4.57
6bmv,4.68
2i2c,4.7
5myl,5.0
2r1x,4.8
3itu,4.4
2fx8,6.52
3sue,9.08
4ii9,6.03
5ntt,5.75
4igr,7.2
1nfw,8.96
1i7m,9.64
5ugd,6.62
5trj,5.92
5oqw,7.4
6hkn,7.29
4j04,4.96
5gwa,5.77
6bbs,9.89
4kza,3.7
5os8,3.98
3ooz,7.85
4djr,11.52
2wot,7.36
6kmj,4.79
5n7x,5.24
4mhy,6.47
2wcx,7.6
3qfy,6.12
1a46,5.7
3t03,6.8
5os1,3.31
2qlq,6.63
1mes,7.7
4tkj,6.04
2psx,5.77
1hk1,5.64
6d3g,4.7
5zym,5.77
3ms9,5.22
2idk,5.54
4v27,6.66
3ldq,5.36
5y62,1.74
6uhu,3.4
4loy,8.09
4avt,8.06
3kdd,8.46
5yv5,5.41
5alw,5.15
5esq,5.8
4bqt,5.79
4bb4,6.72
2iog,8.1
5osd,3.21
1cin,8.73
5vkm,3.55
3hqz,9.38
4ztq,6.32
6c7j,8.88
5wa1,4.17
3zmq,6.44
5hka,6.46
6eaa,6.09
4ty6,7.52
5yjf,5.74
4yoz,6.8
2vwf,5.06
1eou,7.44
2g63,8.17
5pzn,7.39
6o0k,10.74
3tc5,5.17
5ll9,6.08
4wkv,6.79
5gmp,9.1
5uk8,6.4
6n4t,8.09
4a4o,8.05
5foo,2.62
3v7t,7.21
4nbn,4.36
5fdz,5.17
5u12,5.07
5o87,6.61
6uii,6.43
6e5l,7.18
5ixt,4.6
2hl4,7.64
5a7i,5.26
4b3c,2.68
5za1,7.52
3zqi,7.19
5ovr,4.57
2fx7,7.7
1xos,4.7
3atp,4.45
4azy,6.7
4ijp,7.8
1bjv,5.54
3f80,4.22
6slg,10.3
2zq0,6.82
3iux,7.6
1eat,7.82
5ly3,7.51
6dy7,4.18
5ak0,7.68
6fnx,4.9
3c7q,7.68
5nhz,5.33
6gnw,4.99
1qja,6.38
1g2m,7.4
1c3x,3.68
1pzi,4.22
3sou,5.68
1a4w,5.92
5fbo,9.51
4tmf,5.48
4qsh,5.1
3d3p,8.5
4ujb,8.0
3bmy,7.52
6ar9,5.18
1j5i,3.64
3fpd,6.15
4xmr,4.07
6c7g,7.74
4a9n,5.82
3l4v,6.72
5l6i,4.35
1yon,4.21
4y3b,4.87
2op9,5.66
1xfv,3.89
3i60,8.7
5qc4,6.82
2xpb,5.7
2q2c,6.38
1iq1,7.46
4hbv,4.64
3faa,8.15
4hco,4.32
6c4d,9.04
1k9r,3.3
5f41,4.17
3tge,10.15
4ido,4.93
4zph,7.51
3gyn,7.21
3kag,5.18
2iku,7.1
4b95,4.28
5fe9,4.68
2j2u,7.33
5g2b,7.0
6fyp,6.84
4q0l,7.7
6jn4,5.69
1ida,8.7
4jvq,6.2
5tg4,3.32
4h36,4.27
2oc9,7.96
4qyo,8.22
2hiz,6.95
3ueo,4.03
6jpj,8.21
2zn7,7.89
3sfg,6.06
5k0b,6.05
5qa9,3.64
2xwe,6.02
4obz,5.72
4azb,7.24
2evl,6.7
5mat,6.24
2qdt,5.19
6r0x,8.7
3i73,5.49
4hki,6.85
6d1d,4.47
4whr,4.12
1dud,4.82
4gtv,7.42
5c3k,3.96
4fgy,6.3
2brm,5.89
5auz,4.01
4uja,9.05
4l7l,6.0
5wf6,7.83
3dng,8.13
4ghi,7.09
5mkr,4.77
5n2x,6.06
3kqb,9.3
5gj9,4.99
5afm,4.15
3vby,4.55
5yls,5.29
4o4g,8.05
3lea,9.1
5lz8,6.01
2aq7,3.3
1ele,6.85
3veu,7.26
4mwy,7.05
2aig,5.0
5wb3,7.22
5unj,6.62
3mo8,3.1
3bgs,9.42
4qfr,8.13
5xw6,4.91
3kqt,5.34
1a09,6.7
3iw8,4.87
4oys,8.82
3bf1,2.52
4rrv,7.4
1w51,6.3
5mkx,4.7
5fdo,6.44
5il1,5.82
3k7f,7.7
1osv,3.48
6bdy,5.69
6bib,5.8
3tz0,5.04
6e3m,8.64
4gto,7.98
4y2u,3.24
4pda,4.21
1yfz,4.35
5y7w,7.7
5jq5,5.63
4u73,5.18
3kba,7.8
4b7q,9.74
3rl8,5.98
3lik,8.72
2aoc,4.89
3zya,7.0
5f3g,6.9
5llo,9.4
6hzd,9.17
6glb,6.89
5mjn,8.54
2gv6,7.34
3oap,6.26
6t1i,5.26
2ww0,5.3
5z66,6.69
4re2,4.98
3w2r,7.72
1lbk,3.18
5fqs,7.36
6k2n,1.36
4fp1,4.57
3d8z,3.37
1fvv,8.0
4z0q,8.17
5dl1,5.0
3qcq,6.8
4yuw,5.77
2fv5,11.7
1nl9,5.96
3oob,4.67
4q4i,7.33
2o1c,4.72
2h23,4.67
2zz2,4.54
4pb2,4.8
5fng,2.96
3g35,4.68
2za5,8.43
5xsr,7.69
4cl6,5.39
3o9g,12.3
4m7j,6.11
5ii2,4.89
2zxd,5.22
4mul,6.21
2w97,0.96
4wf4,3.11
2aoi,4.01
6erv,5.36
4dj7,6.3
6ex0,4.03
1lkl,5.81
4r8y,6.19
2w06,7.08
4x68,6.57
2wxh,8.05
6ms1,5.22
2x9f,7.21
4k3k,2.35
4quo,7.92
6mla,4.38
3m89,6.16
1nzv,6.4
5e5g,3.15
6poq,2.57
4q93,4.65
3kf7,7.4
3el0,7.47
2vtl,4.01
4wj5,6.29
5mtw,5.72
3u4r,7.41
3jy9,9.0
2pmk,5.92
3elm,9.72
5bvo,8.3
6uyy,5.72
5o55,4.7
4kot,5.46
6g29,4.33
6es0,5.65
3vp2,5.1
4pnk,6.6
6ic2,6.04
4gtq,8.3
6bid,5.54
6r18,4.92
2ghg,8.82
1z3v,4.11
6hol,5.72
4gk2,8.8
1lrh,6.82
4c1g,5.14
5iz9,5.42
4wy1,5.29
5hk1,8.37
3fw4,9.4
3zm9,7.42
4qsk,5.1
6bd1,4.78
5qaa,3.91
4x34,6.12
2xh5,7.57
5h0g,6.95
5e2q,5.79
5i80,7.21
2pnc,3.33
4rux,7.92
6n7y,5.11
2ban,9.0
6hs4,5.51
4m0r,5.21
4mpn,6.62
5yhg,6.02
4c7t,6.4
6ekd,6.44
3kze,3.95
3jzp,6.6
4dju,5.44
4qfs,6.05
4bdf,4.09
5aic,4.3
5luu,5.06
2p95,9.37
5icp,8.42
6eab,6.37
2xtn,7.4
3fjg,3.73
2jdy,4.37
5ih5,6.3
7hvp,9.62
5bvd,9.8
1nvr,8.11
5alj,5.56
6b1o,8.51
2gtk,6.6
6esm,5.53
3m8p,8.68
6dqa,6.44
3zxr,7.7
5kos,8.82
6mx8,9.43
1q95,7.57
2n3k,6.8
1o2j,6.92
2ceo,10.0
3zsq,4.96
4b0g,7.82
6ax1,9.42
6qc0,7.24
5f29,5.05
5wlo,10.82
2zx7,10.49
2pze,6.08
1u3r,8.3
6ftw,6.49
4uxb,7.96
1ayu,9.15
3il5,5.8
4l50,6.06
4k6v,4.63
5ot3,5.23
4zv2,2.93
5hbh,7.31
4kfp,8.0
4lj3,9.0
3dcr,8.2
5ne3,7.84
2xyr,6.13
1p4u,5.3
5ovg,6.4
1wbg,3.0
2vo5,4.89
4h1e,8.52
5yie,5.25
3ifl,8.08
1o39,7.13
5egm,8.62
3bhx,9.15
2bdj,9.35
4y8z,10.4
4lxm,7.06
6dlj,5.55
4b6c,6.16
2cbr,6.85
3cbs,7.24
4tpk,8.57
4d0x,8.1
4zyu,5.97
6phz,3.46
1no6,4.41
4poh,8.0
2of4,7.09
4ouj,2.86
6elp,6.63
5ags,7.4
3mhm,7.0
4cwq,7.06
5lo6,7.27
3kb7,8.15
2jbv,3.54
4jwr,6.21
1k22,8.4
4x8o,6.6
3s3o,7.57
4je7,6.4
4i0z,6.33
6d4q,6.08
2fci,7.15
4tn4,6.33
2oz2,5.71
5ael,7.41
4l7n,4.84
5op4,6.71
6qtq,3.72
5qtu,8.39
6suo,9.4
6eqw,10.65
5eob,9.62
5nzm,3.9
4avj,7.44
5oq7,6.49
1x9d,3.96
2cmo,6.4
4e3j,8.92
3ny3,4.71
5mqt,5.7
5qae,3.62
5q12,5.33
1a3e,8.46
2jkm,7.75
2ooh,5.89
4w9k,6.54
4o61,4.3
1g32,6.11
4ere,8.38
4e7r,7.7
3f7g,7.37
3qem,7.22
5xvg,8.05
2xz5,4.01
2b1r,1.0
4dn0,5.72
6ffs,7.2
2qhc,8.96
1dfo,6.7
5nxq,6.49
6b22,7.38
6miq,4.55
5uqx,6.21
4mx1,3.68
1i7c,6.4
5g4n,4.0
6hzc,8.93
4bty,7.7
1ax1,3.29
4oba,9.4
5aes,2.89
6ay5,7.16
6hot,4.4
5ajp,5.3
2hwo,6.9
4bpi,6.17
1swr,6.92
6g5l,7.62
3kwf,8.17
6d5g,6.6
5eol,9.52
2wxo,7.05
4yx4,5.97
4ewh,9.52
6d9x,3.49
2fzc,2.7
3nu9,9.05
3g6h,8.19
4m48,6.81
1b05,7.12
1xap,8.7
4w9s,6.82
1xoe,7.39
3vv6,3.8
4bhz,4.27
2cli,4.3
3sdk,6.8
1a7x,9.7
1ajv,7.72
3zmz,4.74
5w5k,8.3
4jyv,7.77
5m0s,6.69
6dl2,7.48
6e4f,9.07
1haa,8.7
2w0d,8.7
5zfi,5.92
5mge,4.06
1fwu,3.7
6ee6,6.67
4tyo,7.1
4ymg,4.68
5wic,4.64
5efa,4.83
3ps1,10.17
6eya,7.48
3nf3,6.2
6jt3,8.3
4dcy,4.52
2e2r,8.26
4fhi,7.0
4fm7,7.24
1a42,9.89
3wnr,6.28
6kdz,8.54
4dpf,6.4
3oay,1.7
5e3a,5.44
3tu7,8.09
2w6m,4.67
4clb,6.55
4gkh,4.67
4lgh,8.7
3vi2,3.77
4xct,8.17
4awp,7.09
4d2t,6.0
4nct,7.55
2gek,7.52
5opc,4.54
6au5,5.57
6d56,8.05
2qfo,4.7
4oel,7.0
5fos,5.74
3fcb,5.31
4c35,6.25
4bfz,6.26
6r1w,5.3
1r5h,6.74
4daf,7.12
5hf1,5.74
2i0d,12.1
6q9u,5.89
6nvg,8.07
2qn2,4.55
5lj0,8.0
5id0,5.77
3ds6,9.1
6k04,8.04
3puj,4.51
6hh3,6.24
4yc9,8.89
2xi7,5.14
3pcf,6.05
2m41,5.1
2bdf,7.17
6qxu,8.15
5f60,7.37
1no9,7.62
3qbh,6.82
3obu,4.3
4c1u,7.09
4k4j,6.12
5aly,6.73
4x2s,6.55
6k5t,4.24
4p4j,6.15
5mih,4.19
5k8n,6.32
1y3a,5.41
5o9o,4.89
1ghz,4.8
1n94,8.96
6gnm,4.26
5o83,7.96
4gj7,6.77
4msg,10.0
4m3e,6.25
5prc,4.89
3hvg,2.7
5ive,7.57
1ppi,5.01
1ke6,8.24
6g22,7.56
2wbb,6.04
4od0,9.04
5qab,3.65
5lwn,7.77
5wyx,6.66
2doo,7.17
1m7q,8.59
5znp,4.69
3upx,8.12
2zu4,7.42
5v88,7.55
5w99,4.68
3cib,7.85
1uxb,2.15
5heb,6.1
5mwj,7.61
5e2r,7.06
2wig,3.43
2gnf,5.22
1u9w,8.46
4b6q,7.55
4uib,9.0
5ngt,5.89
5m2v,5.4
2ot1,4.0
1fpi,5.89
4us4,5.32
5mby,3.51
2q7y,4.3
2xc0,6.72
5kzp,7.15
5iv4,5.48
4zbi,6.51
3m57,5.4
4cwo,5.21
1od8,5.1
6d4o,6.28
5u5h,5.89
3hmv,7.3
5etj,10.18
4o1d,7.62
4gwk,3.34
5nar,6.3
2mpa,8.04
6gfm,5.47
3vdc,4.92
4xit,7.27
1zeo,6.68
5z7j,6.6
2qi5,10.85
5aaa,9.42
5xih,7.15
5un1,5.8
2ow1,9.0
1fig,6.22
2wzx,6.0
6eip,5.7
1yhm,3.83
6gdy,5.46
1hgi,2.68
3okv,6.23
3pkd,6.12
3pj2,5.14
4n07,6.46
4a7b,7.4
4ezj,8.42
5u0d,4.54
2qtg,5.08
4elh,8.09
3t64,6.7
1cwb,7.89
4m0f,8.77
2y1x,7.57
5g61,6.4
2gzl,4.82
6af9,5.49
2yel,7.28
1p10,6.7
5mo2,3.84
4ogv,8.05
4ezr,5.2
5kbf,8.92
3h8c,7.72
6fdp,5.26
3hub,8.09
6pvw,6.32
2b1v,5.74
6ciy,6.7
3b3w,4.19
6aa5,7.28
4crd,7.1
2cer,9.22
5gmh,6.31
4bdi,3.64
5fxs,8.05
5zyg,5.21
3g2t,7.0
5j71,6.96
4z0k,6.34
6jdi,5.11
6fii,8.02
5d7c,6.85
4d1j,6.31
5btr,5.14
2o1v,5.3
4n1t,9.1
4m5m,4.74
2rc9,7.4
1v2r,3.55
2r3m,8.0
4jr3,6.66
1xug,7.05
5ccm,8.4
4ux9,5.1
4ezk,8.2
6cdj,11.7
4xuc,5.96
4kmd,5.41
4kin,8.32
4k42,6.55
6ccl,3.56
4ps0,4.04
5akg,4.46
5vcz,6.35
3uvk,6.8
4tz8,3.3
4prg,7.15
3rz0,7.55
2lya,4.19
3zmt,4.55
4lko,8.22
1eld,6.7
2y06,6.1
5lsc,4.7
4p6w,9.15
3c9e,8.0
5t66,8.43
5mra,8.0
6oqc,10.4
3pb9,6.58
4ekg,8.77
4lhv,10.0
1xdg,7.3
4dv9,6.72
1gi7,4.51
1jmq,4.4
5yc2,4.94
4awq,6.32
4olc,6.19
6etg,4.66
5n8w,6.33
5qb3,4.31
6awn,9.2
3bgp,7.04
3ax5,5.85
6gl3,7.96
3nzk,9.27
6nng,4.23
6p14,6.66
1o2r,5.21
5orl,4.82
4q9o,5.77
4b5s,3.49
2ca8,4.66
1lfo,8.05
1ydd,7.07
3fl5,7.28
3h0v,4.82
3unk,4.82
2pe0,7.1
6i14,5.82
6v1c,4.19
1hvr,9.51
1oit,8.52
5ehe,8.32
4eg5,8.1
4eoh,4.3
6e1a,8.85
1hvi,10.92
2y7x,8.89
5znl,8.77
6j7l,4.5
5iza,5.51
4pzh,8.0
4q46,3.77
5hmi,7.82
3sus,4.15
5i38,3.42
5n31,5.79
4j1p,7.05
5d1n,5.57
3ok9,11.23
5wyq,4.84
4jlg,8.7
2y5l,6.48
6oxq,11.3
5q18,7.17
6hth,7.12
3si3,4.16
6ajy,5.28
5t2d,9.1
5fhm,5.09
6db3,7.25
4rj4,7.8
3l9n,8.07
2j4z,7.19
4rgd,3.94
3qfz,3.24
6fjm,6.24
3chp,5.27
6m8d,5.14
1hi4,4.49
3rz7,8.96
1r10,3.83
6afk,6.0
5yyz,4.18
5umw,4.23
6fdq,3.95
3vg1,7.26
4xsy,5.3
1bq3,5.4
4cc6,6.64
5c42,8.72
6guk,6.15
4d0w,7.7
3nba,3.41
4qz6,5.53
4jfx,6.44
1sln,6.64
1hty,1.4
2f71,5.6
5ick,5.01
2y5k,6.66
3ij1,4.7
2c1a,6.77
4jff,9.22
6eqp,5.96
5ula,7.11
2xng,7.22
5ei4,4.58
1leg,7.95
5nf9,5.33
3bu1,8.15
4r3b,6.25
3odl,7.21
3d20,8.3
2aqb,3.3
4gja,5.92
6hlb,10.27
6dh6,9.93
4xkx,9.05
4ruz,7.64
6uwv,8.0
1q6s,7.92
5zyj,7.21
3bti,6.14
1ur9,5.77
4ddl,8.31
5kjm,7.19
6gzd,8.01
3f5l,3.72
5o1f,4.52
6mnp,3.71
3vv8,4.77
1h4n,4.92
4r5w,7.13
2e9n,8.21
6seo,4.74
4xrq,6.63
2vwz,6.1
5j7b,8.3
5xva,7.29
5wxf,4.48
4ov5,7.43
1k03,6.0
2jb6,10.96
6bw4,5.5
1z1h,8.4
4zy2,7.22
1d3d,9.09
2hd6,7.8
4gtm,8.04
3vzd,6.3
6cvd,4.0
4r5a,8.7
2v86,4.46
6ht1,7.11
4fns,6.7
5w88,4.52
5q16,7.87
4qag,5.32
4bda,5.57
2pjl,6.72
3d4y,5.7
4gw8,6.06
2q93,6.25
2ieh,6.96
3ii5,7.62
2fai,6.24
4oma,4.17
1hdt,7.76
6chq,5.36
1icj,2.22
3t3e,5.99
3jwq,7.6
3rsr,4.36
5c84,6.19
6qge,5.68
3wax,7.89
4anv,6.36
4ayy,8.17
4mbl,8.54
6udu,9.3
4l2l,5.7
6mm5,4.54
5od1,5.96
3sx9,8.89
5fl5,8.19
6jay,5.7
2b7f,7.3
6ma5,8.1
2sim,3.42
3o84,7.24
1nt1,8.89
3vw2,4.75
3rjc,5.24
4xta,5.43
4ps5,6.54
3mam,4.12
3otq,7.39
4mha,8.28
5dfp,7.66
4ih6,4.74
4ufi,6.2
5t8q,4.16
6me2,9.37
5q0s,7.21
1ka7,6.22
2qhr,7.39
4l4z,5.68
4d1c,5.7
1ba8,9.0
3hjo,6.52
6cms,5.82
5q0z,5.85
6hgr,3.46
3m2u,7.0
4i7j,3.32
1tni,4.0
6f8g,4.18
3oy3,7.45
3l3n,8.18
5k0f,6.07
5vfm,3.82
2z6w,7.87
4rn0,6.59
6qfh,5.86
5jq7,4.8
4og8,7.25
6mom,9.52
1bnq,9.49
3vf3,5.86
4kiw,5.12
6bhv,5.23
3rlp,7.08
3hzm,5.52
1jao,5.92
2zdn,6.25
2q8h,3.0
3ibc,4.91
5i7u,8.77
5qas,3.72
4g93,3.52
1b3h,6.21
3o9h,12.1
6co4,7.57
2qiq,4.1
5q0q,6.11
3udd,7.1
4led,2.3
4nnr,7.26
1uwf,6.82
5x62,6.42
1xlz,6.02
6jjm,2.85
1pot,5.49
6dgy,11.3
5twz,7.87
1ind,10.05
3nmq,9.7
4jrv,7.54
6oim,7.05
6m9l,7.54
1xka,6.88
2y2n,4.57
1t5a,4.62
5nkn,9.92
4to8,1.24
3gb2,7.47
5jf7,6.04
3p7c,7.66
5mxx,7.51
4mc6,9.59
5vew,5.15
4cc7,4.33
1qxz,4.72
5sy2,4.96
2p99,5.94
5ncy,9.4
4z2g,6.66
6e5x,6.12
4jn2,11.68
4r6t,7.52
5vcv,6.82
2cmc,5.76
4cgi,3.12
3uvn,6.59
5wbo,4.21
2ha0,4.43
5anv,9.3
3mhi,6.7
4bt4,3.34
1o3c,7.13
4qp1,3.61
3c4e,4.0
4ehz,8.0
5jmp,7.17
5vc5,7.96
2pow,7.2
5fpi,4.14
4i73,6.72
2zbk,5.7
1cbr,9.4
2ll6,10.0
3stj,4.8
5eue,6.77
3qqu,8.62
5g22,7.0
1xr8,6.7
1il9,3.4
1k1o,6.17
6q8k,6.54
2ydt,5.52
6pek,6.52
4qge,9.3
5ey4,3.12
4j78,4.65
5n8v,6.68
3vb6,4.41
4y4j,2.47
5fqp,7.72
3rpy,5.32
5zk9,7.34
3vs3,9.37
3wb5,4.57
4f08,6.6
5tfx,7.22
6hax,7.59
6afd,5.43
2wf2,7.59
3o57,10.1
5ku3,4.89
5csd,7.89
4qvl,6.53
2ly0,4.8
4cj4,3.36
6iot,5.24
2zfs,6.54
4j06,5.34
1o0o,5.1
6pg4,3.59
5akl,7.07
1pwq,4.96
3kqc,8.66
3ijy,6.04
4ap0,8.0
4hvs,7.8
3aje,5.03
1b6l,8.3
6nao,6.7
4fm8,5.97
3aid,6.86
5ctc,6.35
6mln,7.54
3hcm,3.3
1iig,1.57
4lv1,7.4
5mw2,8.52
6pg3,3.32
1wax,4.07
1syh,6.41
3igp,7.02
2e2p,4.74
5kns,6.12
5aeh,7.43
6dyo,4.49
4zba,5.51
3wf6,7.48
4lbu,6.56
6d16,5.08
6efj,3.32
3pd4,4.48
2w7x,7.62
6hvu,6.59
1rne,8.7
5c26,6.77
5j9k,5.85
3wmb,5.37
5e0a,6.59
1pf8,7.51
3v2p,6.36
6asz,4.72
4kz5,2.0
1bn3,9.89
4yll,6.92
2ftd,10.39
1ndv,5.92
3b3c,3.98
1v2t,4.71
6eif,6.98
1b9v,3.65
3l54,8.15
2ha4,2.7
4bfd,7.02
5n2t,5.08
3uug,4.51
1if8,9.64
3zly,3.52
2f81,10.52
2g19,5.85
3qtq,5.51
1jil,8.4
6t1n,5.46
4a4w,7.72
3emg,8.05
5e88,7.19
6gl9,6.87
4zup,6.77
1u2y,1.74
2hwp,7.14
5g1n,7.77
5fq9,6.48
1a1c,6.4
4deg,8.22
4pvv,6.48
2v95,8.3
1ke8,6.0
3lxo,4.82
2xkf,6.06
3dc3,8.31
5zyl,7.06
3sug,6.21
2btr,7.02
3odk,3.14
3lcu,3.52
4o0y,7.22
3tv5,5.32
3qfv,5.77
5fou,3.95
1mzs,5.15
2xl2,5.25
5i3w,9.22
4z7h,6.66
5ygf,6.21
3shj,7.47
6rw1,5.88
3kdc,9.28
4yur,9.8
5nwk,6.57
6b4h,8.52
5opu,7.28
2nwl,8.7
4hiq,8.21
6gw1,5.14
1mxo,9.0
6g3c,6.91
5lgn,5.54
6cjw,5.74
5whc,4.92
6dai,4.07
4q1d,7.78
3cm7,6.57
5xkm,7.62
4zw7,4.72
6i65,6.41
2x6x,3.68
3d6o,4.11
6axb,6.3
2q92,5.96
6bw3,5.53
4ud7,8.13
3oyn,7.6
2jmj,5.04
2xkd,5.64
6cwh,7.54
1g4k,5.7
4f7j,5.24
1cps,6.66
5t68,7.64
4btl,5.6
5nyh,7.73
4zs2,5.49
6g8q,4.72
1dis,11.0
2o4k,10.46
1nw5,5.21
3pwd,6.66
1v79,7.89
3d7z,7.92
5w84,6.44
3qd3,8.0
1m2x,4.15
1ucn,5.22
5jfr,8.3
1dbj,7.68
2ylc,7.89
5afj,4.38
6cdg,5.72
4uin,7.62
1sv3,4.35
2vsl,8.4
5ar5,6.3
5tg2,5.49
5z4o,3.28
6aqf,8.67
6bw8,9.0
3zha,6.0
5jeo,4.8
3wfg,6.92
1hs6,5.38
2ay9,2.16
5ohy,5.17
5njz,7.8
6ipi,5.71
5eym,7.6
6p1l,8.7
3zyr,5.34
4c4i,7.66
5iu2,7.8
1w76,6.15
1kug,3.8
2c6e,9.1
5xvf,6.15
2hxl,7.92
4g3e,8.38
3ai8,3.81
3fyj,8.3
1tka,6.1
3ft5,4.82
5zun,9.19
3fzr,7.96
5n8t,5.74
2b1g,6.64
6qxa,5.77
4uhg,6.27
1fjs,9.96
1jmi,6.06
1hiy,3.08
3mwu,8.05
2r3p,6.05
2ovy,8.4
6gu7,5.81
4j84,4.69
4ede,7.38
4gvc,4.71
6dys,4.25
6f3i,7.68
5mts,7.15
1zyj,5.82
3l9m,7.3
6d17,4.82
5ye7,5.46
4ly1,7.26
4bqx,6.52
4ipi,5.32
1f8e,4.82
3p5l,7.39
5mng,4.68
6bqk,9.0
2wu7,6.28
5mnc,1.31
5mrb,6.33
5kk8,5.84
1xoq,9.17
2vmc,2.94
4l02,7.7
5hv0,5.96
2pj8,7.74
3max,6.05
2o9i,7.4
5ct2,2.92
4rvt,5.72
3rum,5.77
5f2k,6.16
1ett,5.89
2clf,3.55
4y5h,7.82
3dnd,4.8
4abj,7.47
3adu,4.14
3zkf,6.02
2c69,4.59
1py5,7.29
1qan,4.48
5f1u,6.4
5mw4,11.7
3gs6,6.59
1ax2,3.99
4l6t,7.49
3mvm,8.41
1uu7,4.85
4aig,6.52
6g36,7.79
3r00,5.07
4g8n,7.2
1tlp,7.55
3d7b,3.69
3e2m,9.4
6fs1,7.01
4no6,6.11
3wig,8.64
3f78,3.1
1swg,7.36
3s3q,8.77
3jqb,6.02
5akj,5.86
4b8p,6.85
6qwb,6.04
3l79,2.46
5ylt,6.39
6nm4,7.06
1gny,4.14
6j0o,4.92
2zga,6.32
4utr,6.15
5c5h,6.4
5amn,8.35
2fj0,7.66
3k4q,5.34
4y59,5.24
3t3y,5.47
1tcw,6.02
6tl2,5.44
4j7e,4.85
1lvc,6.0
2p59,7.3
3wzj,8.18
4u0i,8.22
5q1a,8.02
4djq,10.32
1dhi,7.26
5lto,5.92
2c6o,8.22
3cph,6.48
1y6q,11.7
1y2k,7.68
5idp,7.35
4bo6,6.74
4x60,9.0
3wt5,9.54
2r3h,4.7
6pgp,7.0
6r7j,7.4
4q7p,4.32
4wz6,5.6
4loi,6.77
5v2p,8.29
4qt0,6.29
3jy0,8.3
2o8h,7.6
4i33,8.33
4je8,5.21
4qvn,5.1
4ngr,7.55
4kn0,7.4
4dk7,7.7
5q19,7.32
4ntj,7.36
5hip,6.05
3zc5,7.13
2f0z,4.77
4an3,9.22
6qhg,3.13
4ibi,4.14
5uqv,6.37
2pj5,7.82
3w1f,8.44
5lrk,8.82
2jq9,4.48
5kya,8.22
4f49,6.09
1dif,10.66
1u3q,8.46
1b8o,10.64
3a2o,9.08
4lng,5.62
1auj,8.25
1h24,6.3
3khv,1.85
6moo,9.17
5om9,4.25
4b6o,7.0
6hk3,7.5
5hcv,8.7
2xj1,7.55
5bq0,7.82
6nem,7.92
1q9m,6.48
6afh,6.12
5ih2,5.76
4k60,3.24
1onz,5.1
1tsv,4.8
5mjb,8.52
2fix,6.24
5fnc,4.11
4ok3,4.15
4mg9,5.68
5wex,7.18
4y2x,6.29
6bj2,5.4
5ttg,7.34
3wsy,6.36
5yu9,6.74
4zt8,4.39
3aaq,3.3
2cht,5.52
3fc2,9.06
4deu,5.64
5khg,4.69
4rqk,5.82
6fob,7.63
2j7g,7.0
5azg,5.54
5ett,6.23
3piy,6.54
4lv3,5.49
2j95,8.4
4omj,5.26
3gpo,5.3
6ert,5.23
1eub,8.72
3uh4,7.96
5ugc,7.89
3mhw,2.3
4ty9,2.05
5qak,3.66
6ck3,7.35
4qfl,5.11
1x7q,6.73
4ear,9.82
1fd7,1.85
4efk,2.49
2uwl,8.4
3fi3,7.92
3s5y,7.41
4ucu,3.35
5mql,5.85
5l6j,6.7
1n46,10.52
4iuu,5.65
3wzk,7.24
6c0t,7.37
4whz,9.0
3zn0,4.97
4muk,6.6
2pvu,6.31
4fod,8.92
3q2m,3.8
4wpf,6.6
4abe,3.4
2o7e,6.22
2f7i,7.1
1w6j,8.19
5d3n,5.04
2os9,2.24
2vvc,8.52
3eta,7.85
6ugn,6.12
5owl,5.92
2feq,8.86
6s7k,4.24
3rqg,4.64
3k1j,6.4
3iok,7.96
6i75,4.64
1hbv,6.37
1xpz,7.08
4zyi,8.1
3hwn,8.7
5dva,3.55
1bp0,5.4
4oc5,7.07
4hpi,4.85
4g5y,2.77
3v7x,8.57
3rwq,7.46
4ie2,5.35
4q2k,7.48
3tdj,5.25
4jlh,5.4
5eok,3.49
4lm2,3.03
3spf,3.86
6q73,6.9
6acb,9.41
1uef,5.49
4fl3,3.82
4eg7,7.34
4n5d,3.22
5t4h,8.03
5hh5,6.3
2q6f,5.44
4wmc,8.05
4gz3,5.74
3qqa,5.82
3uzp,7.89
2xj2,7.18
3bls,5.14
4ibc,2.98
1g53,9.04
3wk9,4.15
4x7h,7.38
2uze,4.33
2q1l,7.91
5v3y,6.72
1kmy,5.1
5l8a,4.91
3wz6,5.96
6hvs,5.23
1h3c,6.51
3ozg,9.19
3chq,7.7
4frs,8.77
6fqu,5.66
2xs0,5.15
2zpk,7.76
2w8y,9.09
1urw,8.52
4omc,10.78
3tdc,8.27
4bh3,1.92
3q6w,7.57
1j15,3.84
2pjc,8.72
4p6x,7.04
3fql,7.15
2jfh,3.06
4jxv,4.51
2i4z,5.7
2xas,5.89
4mk0,5.2
1b8n,10.52
2wxi,8.15
5e13,4.24
5y86,6.1
5ecv,6.77
3zy5,6.64
3nik,3.45
2qcm,3.35
2j7x,8.77
3njq,4.89
4iwz,7.29
5yba,4.77
2vr4,5.68
6a05,4.89
4hzw,8.88
5ttv,7.54
2xg9,4.15
5vjn,5.06
1ydk,5.89
1c1r,7.63
6g2f,5.17
2ynr,5.77
5o1b,4.7
5bnj,8.7
1awf,6.01
2y5f,8.7
1q6t,8.3
3muf,6.49
4o0r,7.44
3su3,9.13
6c91,6.19
6b7a,4.49
5e0h,5.62
3dbs,7.12
4btx,6.54
6s4u,7.76
5dlx,5.7
5j1x,5.52
2lnw,5.85
1gnn,5.68
3e9i,6.22
4x6y,7.72
4nzo,6.77
1jlx,5.8
3oil,5.68
4muf,6.34
5jy0,5.55
3d28,5.85
4kz0,5.38
3v7c,5.74
3ms2,3.72
3zmm,9.14
5aqf,3.78
4bb2,7.07
5eak,9.3
6ovz,3.85
6qr7,7.15
5d3j,5.24
1fpc,7.0
3l0k,4.62
6q74,8.2
2qtu,9.28
1oe7,5.52
4r6v,7.45
3mag,4.07
3kr1,5.74
2bys,9.52
3k99,7.22
1ajp,2.23
5a5p,4.0
1z9h,3.0
6g9f,6.23
5h21,5.19
4u0c,4.31
3diw,6.72
4n3r,6.82
1juy,7.66
4e20,8.22
1sqn,9.4
6eq4,5.62
2xkc,5.59
1pig,9.15
4a4x,7.23
1c3i,5.8
4h1m,7.11
3wtm,7.0
1hqg,3.0
5k0h,7.09
3tvx,4.14
2o5d,5.15
5duf,5.74
6f9r,4.97
6ct7,7.0
3rm8,6.15
5obg,7.13
3t4h,5.28
5jo0,7.3
6fap,2.15
3chs,7.77
3rxh,1.8
5hz8,6.4
6cmr,6.61
5n7g,4.58
2bro,5.85
4c52,5.68
5n0d,8.48
1lv8,5.46
6eux,5.92
2xnp,6.44
2ai7,6.4
3qcs,6.5
5w7j,6.1
4res,7.85
2w78,8.57
6afg,4.86
2py4,6.7
4ivs,7.36
6ema,4.53
3isw,4.05
6cyi,5.04
6h5w,10.8
4des,5.85
5iyy,4.77
3n4c,8.02
1e55,4.12
3mj1,7.82
5tt8,6.5
2p33,7.24
3lxl,8.3
6g6y,6.66
2gnj,5.22
5wzv,6.68
5hg1,5.2
1sjh,8.05
5wfc,4.9
3k3b,6.7
3r7q,6.97
1rev,7.48
5cvd,6.41
3mke,5.66
6g9d,8.37
2gu8,8.59
5lsh,3.39
3abt,4.77
3mxs,5.01
6goo,5.67
4urx,2.89
4h42,3.47
5zyk,6.74
2f2h,5.7
4awg,5.96
3ibu,9.15
4cpr,7.46
1i72,7.26
2pcu,3.04
6ql3,7.0
3wav,6.74
5q1g,3.58
5u7m,6.74
4lmu,7.26
1uj5,3.05
4azc,5.86
1h1r,5.64
6d49,3.93
3o56,9.1
2exc,6.63
4k9h,7.12
3o9v,7.74
2b1q,1.59
9lpr,5.7
6hjj,5.77
5u69,6.22
2vey,7.37
3tif,5.38
1v0m,5.1
4jft,5.46
2oc7,5.85
4m3f,5.31
3cqw,7.38
6evr,8.06
5ovf,6.85
5nhh,8.95
4qfp,4.23
5vfj,4.7
6dkg,8.59
6eed,6.09
3cwk,6.6
2xu4,6.47
4jfv,6.28
1tuf,4.05
2qv7,3.66
3amb,6.18
3l38,7.0
6bmr,4.22
6e2m,5.66
1vjc,3.58
4xbd,6.4
3hec,4.47
2oqs,5.89
4efg,7.26
9icd,3.9
3ryx,8.14
4u82,5.72
6i8z,7.8
3ds9,7.39
6eeb,5.3
1x8t,7.8
5nhj,8.27
6g9s,8.0
1w4q,5.26
3pd9,6.22
1m5w,4.27
2gde,8.24
1eve,8.24
4x9w,6.85
1zaj,5.1
4fsl,7.7
1s4d,6.49
6f1x,7.7
4app,7.19
2ooz,5.15
6cc9,3.15
4iut,5.72
6st0,5.13
2oqi,8.49
6mv3,3.33
3b9s,5.3
5j79,8.52
6m87,8.1
5fcw,6.52
5tcy,7.66
1b74,1.3
4bb9,6.0
5m9w,2.24
6q8a,8.01
6dyu,10.26
4pkw,4.65
5jf3,7.42
2mnz,5.19
5lxb,9.77
5uc1,7.85
5ely,7.36
1lpk,7.55
4j0z,7.11
4nie,7.7
2ha7,3.36
2yc5,7.46
6b5m,12.0
5v2l,3.54
3q4c,6.43
3a9i,4.15
3n1v,3.3
1pme,9.4
5gmu,3.32
6fr2,7.92
4n7e,6.48
6qfg,5.52
4u0d,4.31
2vew,7.19
3fv3,9.52
4dwb,5.74
5gmn,4.73
5tex,6.4
6hou,4.27
1a5v,3.1
5fnt,6.17
2onc,7.89
5ho6,6.69
2q5k,11.3
2ggb,4.92
6ej4,6.8
5dyt,7.6
5o3q,5.68
2qoa,7.28
5e2m,7.23
6pyb,5.38
1uys,3.6
5uy8,8.3
6oxr,10.32
2p09,6.35
1nyx,7.04
4iu1,4.3
2hug,5.97
1nj1,7.6
5etv,6.24
4w7p,7.49
3mo5,6.87
1nyy,4.68
2f7o,7.44
4qgi,3.9
4n8q,3.42
3neo,5.92
4nru,6.94
5nin,7.12
6d78,8.74
2jbk,6.4
3mv5,6.74
3k8q,11.28
3ryz,8.62
4la7,6.57
6ez9,7.77
4wz5,5.51
2wp1,3.6
6a87,3.15
2i0a,11.4
4gsy,6.92
3suw,4.7
6dgl,5.52
3d1f,5.74
1h1s,8.22
5ufp,7.37
4pvt,6.52
4at3,8.4
4nb6,7.22
3t2q,3.66
6gxy,5.24
5up0,6.34
5edq,8.7
5ewj,6.89
4dkp,5.72
2q95,5.8
3ijh,4.0
5mhq,6.96
4mg6,5.62
1x7r,8.05
4ovz,6.31
2jew,6.69
4mbc,6.4
3ncz,7.82
5u49,6.14
3kqr,4.43
4bdb,4.07
4rcg,5.03
3zv7,5.92
4eol,6.05
6s7s,4.77
3s77,7.21
6fnr,5.59
4xoc,8.52
3s1y,6.22
6ugz,7.72
6nzf,9.04
3v8s,6.19
3abu,5.62
2bfr,5.25
6ajx,5.04
4i8x,2.64
1n3i,8.89
4yzn,4.81
6qas,7.74
3sm1,5.84
5jha,5.9
1tnj,1.96
2f34,6.89
5zh4,5.14
4tpm,8.62
4bfr,7.64
6dhc,7.96
5xfj,8.22
1pcg,7.6
4u5t,6.7
3p1d,2.64
1lhv,8.91
4og3,6.55
6oqb,10.3
4cqe,8.43
1o6h,6.73
2gfs,6.15
4q18,6.13
4tjy,6.44
3sw8,4.5
6f90,6.0
2nt7,6.52
4yje,4.84
3hlo,6.21
5ouh,5.67
4bqg,6.22
2e98,6.23
4ykk,2.77
2w70,4.92
2sfp,1.7
5jf5,7.2
6bef,3.98
966c,7.64
3l4z,6.72
4al4,6.89
4m3p,5.4
4idn,5.24
4xjt,5.14
1yda,6.55
3smq,5.02
1joj,4.22
3hf6,7.59
5f74,5.12
6ggv,7.54
2erz,5.66
3cen,8.26
6hqy,6.44
4u0f,5.92
6pt3,9.41
4ufg,8.15
5xpo,7.08
4p58,4.6
6dji,2.51
2wmr,4.28
5e2k,8.03
2xk9,10.15
3np9,4.4
2drc,9.89
3gf2,1.7
4whs,4.12
3hd3,7.0
5cuh,4.62
4xtm,4.57
5etq,6.48
1v2o,4.73
3n6k,6.74
2xvd,8.7
1q72,6.85
6nrf,7.74
6evo,5.17
5vlp,6.08
2jld,10.4
5csw,8.4
2kfg,2.92
2cbu,5.68
4yzm,5.27
5cau,8.8
3zyh,4.29
3acx,5.7
1f4f,4.62
6qre,4.85
3zst,1.72
4qvv,5.15
6fz4,5.95
6nsq,8.1
1fgi,5.0
1uou,7.7
5zhj,5.0
2wec,3.96
5tzx,7.28
6am8,4.89
4jck,2.37
6i78,4.74
2yjw,5.12
6rfi,7.43
1xn0,6.24
4k6w,5.35
6f8x,4.77
6gjw,4.96
4fck,1.26
5xg4,5.15
1u9q,8.33
2nta,4.8
2h5e,8.25
1eef,2.92
4cg8,6.96
4q3q,5.89
4wx4,9.22
5z95,6.55
5zde,5.75
3sfh,7.05
3ral,7.0
4hkp,4.55
3drf,7.0
1ihy,3.74
1htg,8.42
3mle,5.24
2ipo,5.06
6cd8,4.71
4nl1,3.89
2va7,6.7
6r13,4.7
6poi,3.49
1njb,5.8
4ab9,3.33
3p2k,4.7
4km0,6.04
2fle,7.85
5wip,4.71
4os7,4.62
5nr7,6.02
6md6,5.1
3hdz,7.29
6dqb,6.49
5nne,4.71
6mo2,6.68
4edy,5.83
3f15,8.1
5nkk,5.0
6j0g,5.64
6g98,6.15
3ue4,8.96
5gsw,5.94
5edb,7.0
4fil,7.47
2vpo,5.42
1xlx,7.6
5n9l,7.82
5qaq,3.54
4n1u,8.3
4uxl,10.6
4wk7,7.13
3q32,8.74
6h0b,4.15
4q4o,7.46
1g3c,5.8
1o48,6.35
4ibe,4.15
3uxl,5.57
5i56,7.32
5ox5,5.59
3rxg,2.15
3hvi,8.3
1lnm,8.7
4x13,3.3
5w86,8.7
6css,7.6
2o9r,1.68
4xtt,7.37
3hqh,4.2
4j3i,5.74
1trd,5.4
1eoc,6.05
4agd,8.41
5dit,6.15
2yir,9.77
5n4s,7.26
5j5r,6.89
5ayf,4.82
3qu0,7.7
5k9w,4.59
6u7p,11.68
3vzv,8.04
6g85,5.21
4ycv,5.82
4y6p,7.16
4gsc,5.85
5y1y,6.01
4mep,5.33
5vs6,6.98
3pd2,5.47
6e7r,6.83
4g0a,7.6
6a8g,6.61
2wmw,6.41
1ofz,4.62
4rdn,5.92
6m88,5.96
5yc1,4.34
3wp1,4.85
4i7p,3.5
1jrs,6.4
3fsj,3.95
5bv3,7.17
6fmp,5.64
6eq3,6.15
5b5f,5.25
2e9u,8.1
5v79,6.41
1etz,7.24
6h4o,6.89
5f9b,4.26
4lkg,6.8
6ahs,5.82
2r5q,8.57
6o68,4.99
1rql,2.75
4rse,6.4
3pkc,6.02
1ya4,4.82
1qji,4.85
5nk9,6.14
4mzf,7.35
1u0h,6.96
5m77,7.61
5gvp,6.78
5eij,5.31
6rk4,4.01
3ws9,7.04
5am2,5.01
3g8o,7.8
4n7j,5.47
4d8e,7.01
4y3y,2.35
5mgf,4.27
3oyl,6.7
4tv3,8.72
3dpo,8.26
3pm1,5.93
3kgt,5.51
4deb,6.43
1m48,5.09
1tcx,6.95
4qpa,7.43
3uib,6.8
3rxb,2.66
5d75,6.7
4usj,4.0
2h1h,4.52
3c6t,8.68
4y4v,3.65
3k16,5.8
6eku,4.28
1azg,4.8
6hu0,6.91
3v30,3.74
6jaw,5.66
3run,5.44
1eol,13.42
2gtv,5.15
4k5o,3.98
4b71,5.89
1d6n,4.5
3ppp,5.22
1doj,8.96
5os0,2.55
2ow6,2.7
6j3o,5.62
5jzb,3.39
5ayy,5.32
6ey8,5.81
3zze,8.89
4uia,6.72
2qki,6.41
3p50,4.62
6s55,6.2
5nmf,7.42
6ghh,6.71
3f18,7.4
5ne5,7.41
3fa3,5.6
5ais,6.24
2xaf,4.64
5olb,7.89
5kam,4.11
4mz4,7.89
1kl5,5.99
6h4d,7.96
6fa5,6.75
3ekp,8.89
3zrc,5.27
4ovh,4.85
4trz,5.03
4no8,7.15
6h9b,5.7
6rni,9.4
3zke,6.8
6nzk,4.3
4rx9,7.89
1jq3,6.7
6pyd,6.81
6ggf,5.39
5aqk,3.65
2ohp,4.03
4i1r,4.65
4anu,7.68
3p55,7.1
3wcg,6.85
3cid,8.3
4zyq,8.01
4j0p,7.29
5qbv,6.37
1o4d,3.52
4zj8,9.26
5enh,3.72
5ka7,4.35
4u3f,8.39
2xcg,8.05
6iji,9.36
3hii,6.54
5er2,6.57
4mhs,5.29
1zm6,4.35
1y3x,5.14
4hws,9.1
5u7d,9.3
5erg,4.35
5ny3,7.47
6q89,9.85
2vj1,5.3
2bdy,7.77
1a28,8.29
2a5c,4.62
4anq,6.22
5uc4,6.46
3omg,4.72
4jfw,6.34
2y7w,4.98
3vyd,6.39
5lwd,6.24
4rxh,5.91
5vqy,6.29
3f38,2.62
2vip,5.28
5trr,7.39
1usi,6.74
6htd,8.0
6m8c,5.66
6npi,5.7
2y7k,4.93
6rih,3.98
1kui,3.77
6s8a,8.07
5m25,8.19
3qxd,6.15
3g0i,3.6
4fs4,6.57
1y3y,5.64
6c9n,4.78
2ivu,6.43
5tbm,7.31
3s00,4.92
2ha2,4.66
5h0h,6.16
4rr6,6.0
4np3,3.3
6fky,6.49
2qlf,8.85
6djc,6.63
4cpq,7.74
6duf,8.14
1zs0,6.15
2y7z,8.7
5lpd,10.15
2upj,7.39
3str,8.4
2v5x,6.66
2bza,2.8
1wvc,4.46
1w1y,2.62
4xua,4.59
2n0w,6.15
5k32,8.8
4e5d,6.22
6ghv,4.28
4jfm,5.48
1ugp,2.89
4bnv,7.52
2az5,5.27
5yto,4.48
6mj4,7.72
5k0x,8.36
4ylj,8.22
5ml0,6.3
4k10,6.92
1hps,9.22
4lwe,7.15
4att,6.98
4ngh,7.52
5k09,6.0
4phv,9.17
5mlw,5.03
4aoi,8.4
3lgs,4.61
3rv9,4.92
1gpy,4.7
4umq,5.38
5flq,2.97
3p4v,5.1
3dct,6.95
1aze,4.22
4zro,6.16
5h5f,4.43
4e0w,7.48
4cfv,4.63
3e8r,9.74
3wix,6.27
4dds,5.01
3ocz,7.46
5tuo,6.49
5kre,7.23
3bel,7.85
3fal,6.78
5sys,7.36
1kel,7.28
4oex,5.84
5j58,7.3
2xxw,6.41
1fq5,8.4
2vb8,4.6
3s6t,7.35
2x8z,7.96
2xzw,5.29
3s54,9.64
3s3m,7.4
3iw4,8.68
3lnj,6.66
3ux0,6.26
3bki,5.12
4dcd,5.75
6hm4,5.67
3ine,6.77
3st6,3.62
2xp8,4.82
2yc0,2.82
3hav,3.77
2cc7,8.01
5dlv,4.98
4yb6,5.32
4j2c,5.25
3cgy,3.15
5dyy,7.24
1acj,8.09
1fq4,6.4
5n99,4.21
3a29,7.89
4ptg,8.23
5alh,7.07
6jwa,4.96
4zsj,5.64
6f9g,5.7
5ap3,7.03
5ggn,3.66
4u0a,4.3
1g3b,5.74
3ds4,4.19
4ffs,10.44
5zgg,5.0
5zt1,4.67
4pmt,6.0
5mkz,4.7
1oyn,6.26
3buh,3.66
4wyz,4.3
5xmr,7.61
4zly,5.46
6fuh,3.77
3fnu,6.16
5nme,7.09
5o1a,4.52
4ytf,8.15
5gso,6.96
6g3v,6.04
3n7h,4.5
2wl0,7.8
3oad,9.62
6d4r,5.96
1gt5,6.1
5v82,10.15
4gw1,6.37
4tx6,5.59
3tz2,5.24
3q5u,4.31
6oht,6.45
4qzs,7.05
3k3g,2.85
1rw8,6.76
2p0d,7.0
4und,8.96
2mwp,6.05
3eft,7.92
2vj6,7.89
6hzv,8.22
5aqu,2.98
4c6v,4.59
4cg9,6.21
4bdd,4.43
5wyr,6.39
4ucd,4.0
3t70,6.3
4kby,6.73
3feg,4.35
6b5r,8.77
1lxh,7.19
6mqm,9.57
3c1x,7.35
5q0n,8.06
4n9d,7.72
2uxx,3.3
4zx3,7.19
1izh,7.7
2k3w,5.24
2hny,5.93
5afk,3.88
4mmf,6.53
3a1c,4.0
5ehg,3.43
5ows,8.0
4o24,4.3
3sym,4.57
5g57,8.4
1sqb,7.95
2r4b,7.18
2uym,5.51
4hy5,8.89
5vo1,8.15
5n1y,3.22
2o4z,6.25
2hxm,5.22
1ekb,6.0
3k8o,11.07
5fd2,7.05
4wvs,6.27
5ovx,4.5
4ywa,7.55
3bun,6.21
5lyr,7.89
4h3f,9.0
2v2v,4.07
5nb6,6.3
3uwo,6.36
6q6m,6.89
1npw,8.7
3az9,6.0
2bq6,10.15
3egt,8.9
3ia6,8.52
1dxp,7.57
1vyq,5.3
6b31,8.44
1fsg,5.02
2h96,6.64
5lvl,5.9
5ncz,9.1
6pvv,5.85
3lxe,6.6
5mwy,7.0
5nho,9.52
3p8z,6.09
3m3z,5.73
5cas,8.85
6hky,9.34
3hkq,5.34
5lce,8.04
5n2z,5.31
5h22,7.44
3zs0,6.7
4xtz,9.82
3r7b,6.15
5ort,3.05
4aml,2.1
2pg2,5.77
4wup,9.82
4xkb,6.1
5tq5,7.23
2nsx,7.2
3ft8,7.52
4m7b,6.7
6oxx,10.01
5lxd,8.5
4ivk,3.85
3zo4,6.83
1uyg,4.27
3hzv,6.52
4h3a,6.29
1ogx,6.09
3qbc,4.97
5aqn,2.77
6bgz,6.39
4zmf,3.96
5izf,9.74
3wzn,7.0
5q0l,5.36
5y21,6.47
4n9c,3.9
6m8e,4.85
4rs0,6.0
6q9s,7.77
4e81,5.24
2xlc,2.3
5ey8,6.31
4aia,3.66
8a3h,4.06
4lts,8.36
2yjx,5.12
6aji,4.53
2i72,7.43
4b7p,9.46
3bug,3.18
5k4x,6.42
5of0,8.63
5wa5,6.72
4agc,10.7
3ps6,7.74
6s9c,6.57
4l0i,6.57
6i66,6.74
4ycw,5.68
2ycm,3.56
5kbg,6.11
6hai,7.94
2z5t,5.62
6eea,6.2
4wz8,7.21
3efj,7.41
2kaw,4.97
6j3p,6.98
6hhh,7.17
3dz4,6.4
4jls,5.66
5ief,5.28
1iht,8.46
4oq6,5.48
4zcw,7.37
4g0z,2.21
6n3k,7.54
1w31,3.6
5a0e,6.53
2auc,4.08
4bjc,7.85
4p72,4.09
2ym7,6.89
3d8y,3.4
5hjd,5.24
5t2t,6.29
3zos,8.89
6ob0,4.96
2qrm,4.03
2mkr,6.27
6fac,6.75
5enk,8.1
4uoh,4.77
3bi0,7.85
6hwv,7.08
6miv,8.15
1qbs,9.47
5cxz,6.26
4q1x,11.15
4x6x,8.64
6bkx,6.39
4fab,8.06
5dhu,6.3
4jyu,8.0
5wqa,7.96
4r4o,5.82
6om2,7.75
4kiu,3.85
6jof,4.98
3qo2,6.85
3tjc,7.51
3pp1,8.49
2dwx,3.74
3ao2,3.77
2w6c,8.41
6qyk,5.55
5y94,6.79
5iu8,7.74
2vcj,7.68
3d32,6.45
3ip8,2.28
6tyz,6.88
3nsq,5.21
4p3h,6.0
1o49,6.36
1kl3,5.86
2xfi,7.82
2zx6,10.6
4rro,7.59
4mnv,4.94
6esn,8.05
3r6u,4.52
1rnm,3.07
3s22,5.46
3rf5,5.63
6ixd,9.8
2yk1,8.13
5am5,5.74
3o9e,11.3
1g30,6.85
4cwn,5.59
6ooy,4.66
5qaj,3.48
1n7m,5.71
4hyu,8.21
6pg5,4.96
1yyy,5.09
2c9b,5.54
4zhl,6.47
1bm6,7.89
4euc,6.1
3bvb,5.49
3g3n,6.29
5eay,4.47
5lpr,6.57
1ew8,2.26
3vd7,4.48
5wfj,8.89
3tb6,5.08
6rn7,7.3
5ota,5.74
6hcw,6.89
1vjb,7.89
4lnf,2.62
6nyh,7.68
5axq,10.1
6ul8,7.52
5w5u,7.19
5edu,8.66
1v2u,3.37
6eq2,5.89
1lf8,5.46
6e3g,7.36
4y6s,5.03
3rvg,8.3
2etm,6.67
3az8,6.0
1nlo,5.47
4gcj,7.7
2p3a,7.96
2r23,3.72
5acb,6.8
1jut,7.32
1b2h,4.54
2uwo,8.7
6e83,4.54
1h3a,6.55
1zp5,2.92
4mss,6.4
6oxy,9.55
6iiv,6.85
3k5f,5.43
6ffh,6.34
5fe6,2.16
6qz6,6.49
1w2h,5.0
6a84,8.28
5o9h,6.62
4hnf,6.15
2r05,5.15
4fse,7.4
5v9t,7.35
1owi,7.55
1lee,7.74
4csj,8.31
5fap,8.0
5b5g,5.25
5xjm,9.37
4epy,3.47
4fcd,9.55
1epp,7.16
5bwc,7.21
1sz0,9.0
4ckr,6.98
5gvm,6.73
5q11,5.14
4asd,9.28
4y29,6.25
4e3n,10.3
2xqq,4.82
5chk,5.39
1ujj,6.1
5mar,4.39
4bnx,7.7
1lf9,12.0
5xgh,5.99
4fem,4.06
3cdb,7.02
5wa8,6.23
3e4a,8.77
4nh7,8.4
6nfh,7.15
6saf,6.64
1gjc,6.35
4jog,3.72
3el4,7.17
2ok1,6.26
2pv3,5.25
4lv2,8.0
5oax,7.57
3uph,7.82
6ajj,6.8
4pde,6.44
1d2s,9.74
3mjl,2.44
1o32,5.74
4m3q,7.77
2gh9,6.0
5t1s,7.08
4h38,6.04
5ei2,7.34
2vqm,6.01
3nlb,7.46
3k22,7.9
2zdx,3.19
6h4x,6.88
5oxn,1.96
4h3c,5.72
1noi,3.15
4rme,5.92
4ibg,3.97
2vfz,3.61
1tkx,7.54
3f9y,4.49
6qzr,7.52
5f94,8.47
2bak,7.43
3tct,8.52
4ax9,9.57
5khj,3.74
5w0f,7.8
1wun,7.21
6bin,6.34
3r0h,5.92
5qac,3.6
4xty,9.21
2x5o,4.07
4gv8,6.49
1d4i,8.85
1r0p,8.0
5t1k,6.28
2xxx,6.41
3fts,3.67
4n7h,5.48
6fni,8.22
1d5r,1.82
5c1m,10.8
5uxn,4.64
4ca6,6.74
6njj,5.99
5ur6,7.06
6cpw,8.25
3vid,6.21
5y93,5.64
2wez,7.64
3oui,4.9
3si4,3.88
5wo4,10.0
5cf6,8.09
1mnc,10.34
6gge,5.77
1lbf,7.85
4b77,5.1
5vk0,9.74
4rqi,4.91
5w6t,7.57
5owc,7.59
5eyr,5.3
6cgp,7.12
5a1f,4.61
3fea,7.44
4io2,6.7
4cwt,6.75
5fqb,6.52
3q4k,7.05
1ke9,6.18
3pup,8.22
3rni,5.17
3t2w,7.46
4qmv,7.64
3rl4,5.42
2wf4,7.89
5mz3,6.66
1w80,4.54
4o15,8.7
6dd1,4.65
3hb4,9.05
1d04,4.59
6hp0,4.92
1o2s,5.47
5d3x,6.36
1z6s,4.34
6peg,5.16
2wtd,6.68
4y16,7.43
4q0a,6.48
3lp2,6.66
2vh6,9.7
4a9m,6.3
2fwz,7.3
4l3o,6.0
5oaj,6.56
3d9p,4.54
4b32,3.34
4cwf,4.49
2ph8,5.74
4lp9,6.21
3vzg,1.72
4j8m,7.32
1oe8,5.52
3tcp,8.37
6s5k,7.32
6iup,7.64
4fxp,4.09
6aah,8.41
2lha,5.19
1tfz,8.15
4jhq,7.74
4fzg,7.72
5v2q,8.28
2xye,8.34
5f2u,8.43
1gui,6.28
6qmt,6.92
3met,6.0
1ie9,10.19
2rd6,8.3
4fl2,3.66
4no9,7.82
6p86,4.7
4f14,4.89
4qna,4.64
1rd4,7.74
4f1s,8.7
4q9s,3.81
4bcq,6.83
6d4s,6.05
6md0,5.9
1o0m,5.15
1k6t,7.62
4e3d,2.3
6oos,11.3
5fcz,4.2
1rti,4.77
4d83,7.26
5acx,5.05
4ofl,7.66
5ugg,6.42
1c4u,10.37
2wa3,3.0
1m7i,5.4
6bee,4.66
1kf0,2.55
3fej,6.13
1iih,2.89
6dcy,5.46
4u6c,5.0
4obq,7.19
1tnk,1.49
3p0g,10.08
6qha,5.3
3nim,4.75
4nrp,4.59
3hxe,5.33
1b4z,5.23
3uoj,7.29
3hl8,4.49
6h29,5.62
2ath,6.82
4uj9,8.7
6d19,6.61
4css,8.46
6jon,4.88
3art,4.43
2zxb,5.3
2io6,7.52
1u65,7.58
3c3r,4.39
5y24,8.34
4xnw,7.74
2np9,5.57
6mr5,7.3
3h5u,8.52
5l9g,7.7
3f9w,4.72
6d4t,6.92
4joe,3.56
1jn2,4.09
6haz,7.0
5xsu,6.74
3qtr,6.03
6b4w,8.3
2gg5,6.6
5zdp,7.18
5qcl,7.96
5ihh,6.41
4tyt,7.7
3h89,7.64
3dzt,7.22
3bqn,8.6
5niy,4.22
1pbk,9.05
5dhj,6.7
2gbf,7.92
4wk2,6.94
5mgi,5.95
5q0x,7.35
4hdp,7.51
2y9q,6.15
5u11,5.35
1mik,6.35
6eqa,4.85
1i41,4.57
3ebo,4.72
3que,8.82
6mlj,7.26
3rv7,4.85
3hb8,5.12
3udn,5.15
6cze,4.03
5dqc,7.34
4kiq,7.64
5cuq,5.92
1uvu,5.0
5ksv,5.22
6n5c,6.43
6py0,6.41
3rdq,9.31
4puj,7.46
2yjc,7.66
3tib,6.89
6e23,10.0
4kz3,2.77
5wl0,9.17
5i1q,7.92
2pv2,5.91
5fi7,7.4
6g9x,3.92
4b13,5.7
1y2a,7.34
6ng0,8.19
4ewo,7.36
5em9,5.57
5xvk,5.05
5ar7,6.49
188l,3.33
3l5c,5.15
5dd0,7.08
1iky,8.26
2wxj,9.0
3fr4,6.19
3vf8,6.82
6ebe,6.7
3usn,6.15
5h8g,10.32
1w1t,2.96
5cbm,7.77
5q10,5.2
6det,8.22
5zdg,5.42
1f0s,7.74
3l4u,7.52
4q83,4.19
5vlk,5.26
3kc3,6.8
5fgk,8.77
5nqe,6.15
2fr8,3.15
1g4j,8.7
1hpx,11.26
5orj,4.77
5fow,4.03
6e3n,8.7
4p0n,8.66
4qw0,5.14
3aig,6.0
4j1e,7.72
3io7,7.77
1xon,10.68
6ewe,5.51
3igb,4.42
4wbo,4.2
3bt9,5.71
6hkz,9.89
6ox0,4.85
3daz,7.93
6e22,8.89
4e8w,6.09
6hx8,5.89
3lp7,5.44
3nfk,3.8
1wok,7.48
6e6j,8.1
2kce,6.17
5ea6,7.41
2jb5,9.22
1g9b,5.3
6chh,5.57
4ht2,6.54
3uvx,4.34
6nrh,7.26
2p7a,6.1
4j8g,4.19
1h7a,4.72
1j4q,6.44
3g19,6.67
6oy2,9.87
4ez5,6.52
5n55,5.99
1oq5,7.68
6qtr,4.64
5cyi,5.88
5o2d,5.68
6qw7,6.33
2gm9,7.39
5i0l,7.74
3hig,7.89
1iem,7.7
1g5s,7.32
4fxf,5.19
5k0i,8.7
1kkq,6.62
1z6d,2.34
3lw0,6.4
2pmn,5.2
6hzy,3.92
4j5b,6.22
6chm,3.7
4yy6,4.22
5xs2,8.3
3upk,4.3
2qch,3.6
4gj6,5.12
3h23,4.71
4xj0,9.52
5uln,7.85
6as6,4.82
1vot,6.6
6bbu,7.54
4qn9,4.41
3pwm,9.1
1q7a,7.19
5aln,6.57
4z7o,5.04
6ps3,9.78
3bbb,7.0
4q99,6.28
6b95,5.15
2xey,5.19
3s1g,5.19
1c86,4.7
5wdl,6.17
4ivt,6.0
4erf,9.4
3g3m,5.96
4gwi,3.69
6fng,7.14
4qwj,5.77
3m9f,11.15
6gjm,3.58
1t7j,8.7
4o0j,4.89
6g01,7.41
4qmx,4.96
2brn,5.26
1mjj,8.74
2y2k,5.16
2v6n,5.86
5x5g,5.83
5ti5,4.39
3ert,9.6
2vvu,8.1
4buq,8.14
3mna,7.39
4xhv,4.3
4gne,2.47
4qo9,6.8
5x26,8.3
6r9s,2.15
3blu,3.46
1uym,6.0
4htx,8.33
6faf,6.51
2xbp,5.02
3nuy,3.46
1jws,4.85
3moe,4.3
3axm,5.07
4h5d,7.55
6g1w,8.14
1td7,4.37
2pcp,8.7
4jt9,8.14
5adt,5.65
4y8d,8.05
4htp,5.62
3nnv,7.57
1uz4,3.4
4yes,8.02
2nxl,6.27
2hvc,8.82
1fls,7.48
2bua,4.52
1fl3,6.8
4dem,7.55
2j87,4.85
4f9g,5.62
3ubd,5.54
3ejs,6.6
2uyn,2.7
4m14,6.7
1o2p,4.85
6ee4,6.69
4az3,8.3
4bio,5.12
3uix,6.82
6o8i,10.0
4yo8,10.52
4lrr,5.22
4rj5,7.18
3g70,9.4
4wi1,5.3
3vw7,8.1
5epp,4.16
6pyc,7.45
4j2t,7.96
2ptz,7.82
5uv1,5.62
5m4i,7.89
3mxd,8.83
4rqv,5.05
3kab,3.2
5iha,8.05
3adv,3.03
3r91,7.04
1fq6,7.86
3pty,5.44
4wy3,3.62
3b2t,5.21
2fv9,7.22
1g1e,7.54
4op3,8.15
5abh,8.77
5ey0,2.65
3ekv,9.41
2cn0,7.66
4o91,6.83
3q8h,4.15
6psb,4.1
6dif,10.72
2fx6,3.7
1egh,5.7
6ugr,6.27
4jlj,6.13
5jal,2.47
6nmb,2.7
6f1w,7.96
3moh,2.84
3g15,7.0
4pd6,4.44
3t2c,4.6
1sqo,7.46
2qi6,10.57
4rad,7.1
3wpn,4.36
4u5n,2.48
6dnp,5.18
2hs2,8.31
4aj2,2.38
1f0q,6.0
2q3z,7.22
3zll,6.4
2w0j,6.62
4h7q,5.06
1ce5,4.74
2zdz,6.15
6g9h,8.4
5evb,5.0
4l7g,4.0
5u62,5.89
1a08,5.62
6ak4,5.46
1f3e,6.7
3b50,7.55
2hmb,5.59
1grp,3.72
1jd0,8.24
3cfv,6.05
2fkf,2.92
4ezw,6.0
3ogx,6.48
3ad8,3.16
3q2g,8.46
4nrl,8.62
6gga,4.85
4up5,2.6
5kew,6.5
4xe0,7.72
1o2q,7.68
1jh1,4.39
3ffp,7.14
2c8w,8.43
5ect,5.28
4f20,3.29
1xws,8.0
3ccz,7.29
5itf,5.74
4qls,7.44
5nn6,5.52
4zyx,8.15
5vqx,6.32
4mjq,3.71
4bah,8.7
2itk,7.69
6oie,6.15
3ohi,4.85
6szj,5.82
1q66,5.77
5jt2,7.47
6bs4,5.55
5d3p,5.13
2vwn,8.0
5web,8.0
4zts,7.6
1c83,4.85
2wva,10.7
5tbj,5.82
4mrg,2.96
5yzd,6.7
1m13,7.57
4e70,5.28
2wo8,6.28
5eom,6.39
4lm1,3.23
6n92,4.97
5nrf,6.79
4yl1,6.67
2xp5,3.44
5ku9,5.83
4a0j,6.0
4rpv,8.52
5xff,8.21
2exm,4.11
3p76,8.68
1exv,7.35
3mmf,7.43
4x8p,5.48
4b1j,7.3
6d1h,3.72
6e05,4.26
1x76,8.72
3po1,4.02
4hod,6.1
4riu,7.3
3eid,6.35
4xu2,9.23
1me4,6.84
3b3x,3.6
1qwe,5.92
3msk,4.59
6n3o,8.62
3arr,5.4
456c,9.77
4gah,6.1
1nj5,7.3
6d3q,8.47
4ql1,7.03
6maj,7.47
2qln,5.43
2ccs,5.7
1jbd,6.92
4hkn,5.96
1ca8,9.49
4h3i,8.52
4fgx,7.14
3o0g,6.22
6ap8,5.1
5al2,6.44
5fky,8.33
2cma,6.73
4o0b,8.3
1uvr,6.0
1u6q,5.88
6qlt,4.04
4jrg,6.71
4e6d,8.92
4men,3.9
2f89,6.48
3uli,7.15
4egi,3.82
2op3,6.31
3rwc,8.12
2oj9,6.41
6npv,6.8
5fue,6.33
3i4b,8.15
6das,8.31
4o6w,8.52
5wij,6.31
4o09,7.7
5qaf,3.51
2b7a,9.0
4z2p,4.6
5fls,3.04
4mzl,5.62
3ffg,9.08
4zt6,8.0
3bgq,7.96
4u44,8.1
5cqj,4.81
1hp0,6.7
3h21,4.7
6pgb,4.6
4btw,7.15
6i3u,9.22
2bmz,3.7
5h0e,6.68
6nfi,7.05
8gpb,3.6
6naf,4.26
5ypp,4.64
4jne,5.86
6nv9,8.19
5lud,3.61
4v1f,7.7
1j14,4.49
6i5p,4.32
3q77,8.22
4dt6,7.23
4yh3,4.59
2x52,4.24
6g8j,4.76
4l0s,6.84
3mrv,3.74
2vci,7.68
4zt3,8.0
2c4f,7.7
4op1,6.89
1rxp,7.14
3efs,5.34
3qs1,7.96
4xnv,6.79
2fdp,7.59
6b1y,7.4
1ppw,4.3
4bs0,5.7
5bs4,11.0
5ld8,8.05
5tuy,6.35
2tsr,7.54
6m9f,8.22
6gbe,3.5
4tky,5.7
3gcq,6.47
4e3m,9.7
5j8x,8.8
4i4f,6.19
5ldo,3.75
5ke0,9.7
6ap6,5.37
4hzz,8.08
4i0f,6.35
3mo2,6.61
1you,9.06
2q2z,8.7
4mr5,6.6
4aa0,7.46
6huc,7.59
5j8i,8.29
5h8e,11.2
4c4n,6.1
5kva,5.14
3qxc,5.77
5vp9,8.99
5uex,8.82
5ftg,6.15
2w8j,2.96
3eq7,9.09
4uyg,7.6
5emm,7.74
4c9x,7.32
5l30,9.14
4lno,2.62
3ndm,7.96
4yp8,7.89
5om7,5.74
2lct,5.14
4wmx,4.85
3gws,10.09
4tk3,5.1
6aaq,2.41
2yix,8.48
5okt,6.03
5e28,7.91
5nw2,6.49
4bky,7.92
2g6q,5.82
6etj,6.72
5e8a,7.47
5jdc,3.98
6b8u,9.7
5ddf,6.17
4g8y,4.59
4b6s,6.01
4qlv,7.85
3dgl,6.6
6aad,2.79
3uol,8.51
3qyy,5.08
6dgr,4.91
4ie7,5.05
5axp,9.03
3dg8,4.7
6qef,7.22
2ymt,8.0
5ljj,7.21
4b12,4.99
6ow7,9.0
1x1z,11.06
1uyi,5.39
2c6c,7.52
3zcz,6.77
6u8b,6.37
3jzo,8.52
5m9d,5.8
3vtr,5.57
1wbn,6.46
1e6s,3.22
5dd9,6.11
6c0s,7.05
4q9y,5.68
3anq,6.74
1tnl,1.88
5tq7,7.67
2v0z,9.22
3sud,9.85
3vvz,4.58
1qfs,9.48
4zx6,5.27
4oeg,5.05
3at3,8.04
5a3t,8.4
1fzk,8.4
5mnb,2.48
3thd,4.05
3nee,5.34
1m5e,7.7
3umo,3.89
3wt7,8.75
5usz,6.97
3bm8,3.54
4z6i,6.31
2xct,4.51
6fa3,7.42
3b4p,5.4
5al4,6.52
5h7g,9.24
3t0l,4.52
4f0c,6.27
3s0b,6.49
3agm,9.09
2g79,6.92
2cgf,6.41
1gwv,2.57
3hf8,6.51
5btv,3.85
5orw,3.1
5uuu,7.74
5eef,8.32
2mas,7.52
4yho,10.74
4cwr,8.3
5ztn,8.3
3zqt,4.41
2vtj,5.72
5fb0,5.47
6iso,4.6
6f7t,9.44
5c7b,3.0
5f3e,6.86
2wgj,8.7
1a0q,7.57
5jjs,7.32
6e7j,9.48
3el1,9.64
5ulg,6.72
4xyn,5.89
2gmk,3.23
5icy,5.06
3ig1,6.14
5tl9,9.0
2qu2,5.43
4iho,5.1
4pp9,7.37
5nn5,5.47
5k1d,4.68
2xc4,8.05
5m53,6.21
5ty9,5.21
4zg6,6.33
1toi,4.05
5a2s,7.7
1w6y,5.36
5tyk,7.65
6qw9,6.64
4j81,4.5
2ygu,6.49
4ayx,3.7
1akq,9.1
3t1a,8.37
3bpc,4.8
3e1r,5.82
6r8l,6.17
4e6c,4.82
2xbw,8.0
4aba,3.82
3bb1,3.6
6gvx,7.62
6u9v,7.4
3fvn,6.77
5ivc,5.92
1u33,4.6
2p98,6.19
3ejt,7.36
1dkd,5.7
1g1d,9.44
1kfy,5.28
4iur,5.58
3drs,9.3
2p8o,4.85
1lcj,9.0
4hww,6.65
2aov,7.04
2x09,3.76
6f92,6.4
2foy,6.92
5tig,4.22
5ha1,7.19
3dda,3.88
5mgx,5.59
4hzx,9.3
3zps,8.3
6ncj,7.62
3gjd,7.33
1ro7,3.18
6cn6,8.3
3cd0,7.57
2i4v,11.2
4gzf,8.36
1g85,5.48
5gic,6.48
1r5g,7.52
4b72,6.2
6htr,7.96
4hcv,6.4
1g7f,5.47
3iej,6.66
4mk8,9.0
5e0g,5.8
6e4u,7.87
4kln,7.7
2vti,6.18
3lhg,7.7
2obf,8.85
5wkl,6.15
2rnx,3.4
5xyx,4.84
3bft,6.49
1veb,7.41
4jof,4.17
4bcm,6.91
5isz,4.49
5tza,9.0
5fqc,8.52
1s17,8.3
4enx,6.26
4ad6,4.78
3ovx,7.51
4oef,4.76
3uh2,6.0
6jap,4.8
2fw3,6.42
6c5f,4.48
5tp0,5.44
2vqj,6.44
1bnw,9.08
5elf,2.34
4djy,8.27
3iqq,5.54
1pxh,8.74
4ps3,8.7
5ie1,6.85
5k0m,8.82
1t2v,6.4
6g6x,4.88
3kjf,4.87
4o36,6.36
4ono,5.19
4ogt,10.0
6exj,4.33
6gjr,3.74
2ole,7.25
4xh2,8.22
5nmg,5.75
5i3y,9.4
4cik,6.43
5tkj,8.15
3ft3,7.36
1yqj,8.14
3pix,7.0
2er6,7.22
3c10,6.52
4mwe,5.91
6mo5,9.52
3zt4,2.8
5wdc,6.4
5e3d,4.02
4jjf,8.0
4dhn,3.89
3ppq,4.55
3aw0,5.24
5zz2,8.85
2vot,7.14
4awk,6.89
5hx6,8.0
4jg6,6.44
4lkm,6.34
4x7i,7.69
6biv,6.52
2vwc,6.62
2uzd,6.74
5mym,5.41
1cet,2.89
3fq7,2.52
6f20,4.31
6hd4,8.64
2pj6,7.31
1xh5,5.47
6mdd,4.33
1rrw,4.55
2uwp,6.81
5op2,6.62
6q8p,7.74
5ek9,7.33
4wri,9.01
4yxo,7.04
6b7f,3.87
1o4f,3.52
2flr,6.1
6fkq,8.0
3sxf,8.6
5qa5,3.52
2jiu,7.56
4in9,4.97
4a16,9.37
5lrg,8.82
1w8l,0.49
4jq8,8.1
1pw6,5.22
3f7i,7.34
4prp,5.66
3o96,7.24
5fbe,4.85
6mul,8.2
5g3n,7.92
2hai,6.28
2v3u,3.0
1xt3,5.7
1bma,4.59
3vuc,9.05
3vrv,10.54
2qnx,5.62
2qg0,5.72
3bwf,9.7
6p3t,7.32
4yqh,8.05
4hxq,7.22
4yik,6.89
4ge4,8.11
4i5m,8.06
6pfj,6.41
4c1y,3.6
6q6y,6.0
3s9i,5.7
3nxq,8.15
1hvy,6.54
4pnq,5.0
5er1,6.02
1v41,4.7
3arn,5.41
4n8r,5.0
3udk,4.49
4kxm,5.59
5u94,7.19
3dkj,5.7
4yh4,4.59
5ti3,4.36
4q1f,8.04
4m3g,6.26
3uxk,4.93
6ma4,7.35
1yqy,7.62
3iop,7.77
2yq6,7.35
6b7e,4.55
4dus,8.3
4zh4,4.22
4z2j,6.43
4llp,4.8
4g90,4.51
2l6j,6.26
5w6i,6.9
4jpc,7.03
3bar,5.7
3iny,3.66
1o36,5.96
4b7j,7.95
4ucc,4.32
1sqc,6.85
5i59,6.95
5wf3,5.85
4o1b,6.41
4k6u,4.14
4bks,3.82
2c6i,4.96
4mc1,7.85
1i5h,4.28
5n3y,5.03
3qcx,7.2
6g8k,4.45
5mnh,4.68
5a6h,7.06
6p3u,7.02
6m9c,7.25
4g68,7.92
4ge9,8.8
5djv,7.11
2xke,5.38
4rrr,4.44
5oae,4.6
6ep4,5.35
4x24,9.78
3f7b,7.19
4joj,3.96
6no9,10.52
5jqb,2.22
4zjc,8.96
5xij,7.3
4ce2,3.84
2vvo,2.2
1f73,2.39
4pnr,6.34
1n8v,6.03
1ol2,6.28
5hhx,8.21
6ghp,9.36
1w0z,7.68
3l5r,7.42
3tsd,3.66
2aq9,7.3
4ep2,5.35
6epa,5.95
6dgx,11.3
2qi4,10.44
3qio,6.84
4wsy,7.77
3b8r,9.22
5yr4,6.34
5bml,8.0
3b5j,5.68
6hx1,6.52
1xff,4.82
6hpw,6.09
3eqr,8.7
5mky,5.7
4cxx,5.68
2bdl,7.82
6g6t,7.7
1g5f,2.64
4usi,4.41
5hk9,6.54
3cz1,7.26
1v48,7.8
6bln,8.8
6cck,7.43
5tr6,8.49
3rwh,7.4
3vw1,4.67
3frz,8.15
3rjw,7.57
6dak,5.14
6qzh,8.52
3lox,8.1
5xbt,5.14
5ktw,7.52
3uo5,7.41
5c7c,5.26
1g54,8.82
4ojq,3.3
4oth,8.05
6mso,5.42
6fgq,7.85
4dtk,8.52
5eds,5.54
4qmn,8.52
5z1t,6.2
4qps,6.52
3lok,6.92
1lyx,4.54
1b1h,7.03
2j9a,5.89
1vyj,7.0
6oxz,9.67
2w2i,6.04
3d7k,4.6
3dp3,5.82
4dmy,9.0
1ggd,5.8
3fpm,5.05
6czb,4.33
6dgt,7.38
5xvw,5.48
3evc,6.91
4kb7,7.49
3gww,0.45
6i0z,4.04
6q3z,7.36
5f3t,3.68
4dq2,7.52
6qpl,7.04
2iko,5.45
2psj,7.7
4ra1,5.94
1xt8,6.85
5f67,6.89
3fzs,5.82
4jn4,5.86
5t8e,9.14
3d8w,8.15
1d3v,6.96
4a9r,7.8
3qrk,7.24
6hu3,6.3
5cu2,4.24
5qa6,3.76
1lor,11.06
6mji,7.29
1avp,7.92
4osf,5.44
5oht,6.02
3g2i,4.86
1gj5,4.96
3tz4,5.49
1b6j,7.92
5vgy,4.18
6dm8,7.28
2m0o,5.38
4k69,7.4
6f6i,3.19
4dpi,7.11
2l6e,6.0
3qs5,4.71
5uis,6.84
4aph,5.4
5u00,8.7
2avs,7.57
4cc5,4.42
5muc,6.04
4ifi,5.48
4tw8,5.58
2c97,6.14
2ff1,8.21
5zz4,9.17
1xp1,9.3
4uu8,6.54
1li6,3.8
1i9q,8.41
5his,4.71
1o5a,6.42
2g72,6.5
6cbf,5.17
1b2i,5.51
5nn0,10.96
2xm1,5.07
1cw2,6.15
3c1n,5.5
1a4k,8.0
4dfl,6.17
3uvm,7.52
3kv2,7.32
2w6p,6.48
3m3r,6.32
6hor,4.18
5wa6,6.36
2jjb,7.92
4jin,5.64
3jyj,5.74
6arv,7.34
5fbi,2.8
2qaf,5.36
3gol,7.09
1rtl,5.59
5t6z,4.21
6few,5.85
5eci,3.8
4e8y,6.09
6cks,7.82
1au0,7.66
2izx,9.4
4hlm,6.77
2piz,6.77
5m0m,8.22
3g58,9.28
6hzu,8.26
1e8h,5.68
4d52,3.11
3t3u,8.6
1erb,8.1
1err,8.11
6awp,7.16
1y2d,5.7
4r74,8.1
5knu,5.55
1ets,8.22
2xx5,6.7
6dge,6.72
2m3m,5.02
3tll,4.39
4tww,4.2
2viz,6.22
3ri1,5.3
5ema,5.23
4u0m,5.77
2hog,9.52
5dp7,4.56
4afj,6.4
5boj,7.0
2j50,7.89
6qad,7.85
3zpt,8.51
3ewh,7.16
4iva,7.16
4pd9,3.33
3qcj,6.3
5hz5,7.07
5fl4,7.0
6ibk,3.29
5vc6,7.87
5gjg,6.21
6j10,6.35
6qr9,6.72
6oa1,4.59
5zys,6.27
5aqp,2.68
4q81,3.02
4q06,7.66
6ekn,6.29
6o9x,6.05
6mxc,5.56
1k6p,7.36
3exf,6.54
3mbz,5.8
6b3v,9.69
3krd,8.17
4kb8,7.89
1uy9,4.82
2p53,7.46
5w13,7.66
1fo0,5.59
6qqw,4.72
5kad,4.43
4qwg,5.97
4w5j,7.24
1ony,6.77
2wuu,7.16
1q5l,3.22
3pgu,6.7
1kpm,5.8
5a3r,7.78
5eje,5.6
6k4t,6.02
3fhb,5.7
5l9l,7.1
4dkt,4.8
2xb7,9.19
4r75,7.24
1caq,7.72
4b2l,3.24
1ilh,7.39
4io8,6.64
2d3u,6.92
5oug,2.77
1qca,5.27
6imb,4.23
3ft2,7.36
5ih9,8.7
4f1q,4.95
3uxg,3.96
2y8o,5.12
5ttf,6.21
2r6n,9.0
1o2u,5.85
5uiq,4.26
4bbg,8.32
6o5g,5.7
3wcb,7.74
6djd,2.14
1njd,5.57
6bg5,6.0
2z97,6.0
6f7c,5.9
6d28,6.7
1sdu,10.07
4nuc,6.04
3brn,8.7
5ou2,3.22
5he3,6.55
4igk,4.55
4ir6,6.08
6np5,4.57
4he9,8.46
3s3n,7.06
3zlq,6.04
4mo4,4.22
2fwp,2.92
6a5e,5.49
4bo7,7.0
4o74,7.6
1det,4.3
4pl0,4.4
1m7y,10.96
6bhd,5.03
6jag,4.5
5y7k,9.18
3ad7,2.52
6biz,6.57
3b7i,5.82
5wal,8.77
2zgx,6.74
5h7h,3.77
2wqb,6.27
2vcq,6.04
4klv,3.78
5zvw,8.62
3kmc,6.4
6bgy,6.82
6fsd,4.24
3t0d,2.37
2h4k,5.49
4btk,6.62
4h4d,6.82
5ap5,7.97
4qoc,9.92
5ali,7.07
830c,9.28
4ynb,10.37
5a8y,9.77
1j80,6.52
4ach,7.66
3kl6,8.46
3m6p,8.35
1ypg,8.0
5bpe,5.95
2wej,6.08
1ttv,6.8
5fxr,7.42
1zhk,4.45
5am1,8.52
4zek,5.66
6dpx,5.89
6pgc,5.35
5mmn,6.7
4d8n,5.74
6gxw,3.36
5y8z,6.21
1o2k,6.92
4xy9,5.33
2jh6,7.77
4aft,6.47
2oaz,8.7
5dms,4.53
5ai1,6.47
3fn0,4.4
3mz3,7.83
3okc,4.44
2ea4,7.34
4d63,1.64
5c2e,8.7
5uwk,8.64
4a6b,8.38
3b8h,4.2
3fgc,3.92
4p6e,5.89
5i25,3.49
6afc,6.03
6f8v,4.8
5h2u,8.15
4jnm,8.52
3e7a,10.0
3unn,4.4
2onz,8.89
4q1s,4.17
5t1l,6.62
2iv9,4.34
4c68,6.17
4qgg,9.0
3cn0,5.51
6i68,4.89
4dpy,5.37
2c4g,5.94
2fdd,8.32
4i80,7.62
3r1v,6.92
3qi4,3.93
3r7o,8.36
3dga,4.52
1w4p,4.74
2x9e,6.74
1kyn,5.39
2lyw,4.52
3uzc,9.61
1tpz,6.19
1dzk,6.1
1h0w,4.89
5dx3,7.41
3e62,4.39
5lp6,4.76
3h9k,7.85
4jfk,6.44
1rnt,5.19
1gcz,5.13
6hay,7.01
2p8h,7.15
3ens,8.05
3n2v,7.51
5xvu,4.65
1xuo,7.16
4ie5,4.82
4cpx,7.77
3r22,7.77
1abt,5.85
6exs,3.44
4u69,4.26
2q8m,4.03
6ced,5.82
5icz,5.3
3msl,5.15
2jbo,8.07
5iub,9.46
5a5d,8.0
5l9i,7.0
3e01,7.52
1o1s,7.31
5w8h,4.63
1nzq,7.96
2rm0,4.03
2uxu,4.74
6o6f,7.4
5dnu,4.11
4dgm,5.92
2avm,5.7
3fr5,6.35
5fho,6.67
4rlp,8.14
5afx,5.92
5ul5,6.97
3sov,4.21
3coh,8.4
6mqe,11.29
3qzq,5.64
1yz3,8.81
2b4m,3.53
4kio,6.3
6czd,3.85
5dda,5.78
5egu,5.85
1jd6,7.39
6df7,8.0
6q37,6.36
3d3x,4.16
4gg5,9.03
3cf8,4.9
3kmm,9.7
3tia,8.51
1k2v,4.44
5neb,7.77
4p4d,5.74
1ykp,2.96
1ong,8.05
6prg,3.7
1w2k,6.46
4cmt,9.7
2jgs,6.62
4tsx,4.99
4de5,3.15
4zhm,8.05
1u3s,8.85
4av5,7.21
2ydk,8.15
4jh0,9.03
6h4t,7.0
4u0w,3.0
1czl,9.15
4yee,6.49
3nf9,3.54
4lnb,6.56
6b98,4.65
1mmq,7.52
6mlg,5.05
3v4v,7.38
3bym,8.22
1i9n,8.66
6ak6,5.56
6qwa,6.59
4mx0,6.73
3da6,8.7
3phe,7.8
6b97,6.63
4e4x,8.15
1o4q,2.49
4bkj,8.72
5t31,6.96
6dim,2.14
6j72,6.13
4xmo,8.7
5yun,5.52
2clv,7.88
6f22,8.7
3lpg,6.16
4k0o,3.0
6o0p,9.96
4zsa,7.82
1vwn,5.82
1btn,4.4
3d9m,3.48
3l58,8.1
1akv,11.59
5tef,5.4
5tq8,7.64
1c6y,9.51
2qrq,5.1
4w4x,6.99
4tmk,7.7
6szp,4.74
5jf1,7.19
4mh7,5.23
1li3,4.25
4w4z,7.52
4u01,8.46
2ohr,4.0
3cfs,5.96
4wnp,8.1
4zla,7.3
5fdr,9.44
6di1,6.74
6o2p,8.18
5go2,3.22
5ug8,8.7
6mnf,5.89
2ndo,3.25
6q92,6.1
3mof,3.07
4z68,6.49
4oew,6.82
2z7i,7.0
4b5w,3.33
5w8v,8.22
4eki,10.0
3u9c,5.89
5idn,8.59
5uey,8.29
2x8d,6.1
5nwb,7.8
1u59,7.25
6bmx,4.72
5mn1,2.48
3g2u,5.27
1ebw,9.05
1hpv,9.22
3bxs,5.1
6e6w,9.96
5std,10.49
5v8q,8.44
3pcb,2.4
6e7u,6.92
3atv,5.34
2jkt,6.51
2y67,3.53
5dt2,6.82
4pyq,5.36
5oxk,2.17
5iwg,6.46
3n23,8.52
5kax,6.11
6fiv,8.08
1tft,8.3
5emj,7.48
5u9d,9.26
2yhd,4.64
3h98,8.3
4g95,7.61
5eml,7.64
5u2f,6.71
1ro6,6.46
5j7p,7.28
4jje,7.64
2g8r,3.99
3p8o,8.72
4ge7,8.15
3kme,6.14
6nzp,9.7
4hmk,6.1
5uv2,4.4
6rmf,8.0
3pce,2.0
6fh3,3.07
2vd7,5.38
2xae,7.3
3e9b,5.35
4qqi,5.52
6rmm,4.69
4b7n,8.78
4b73,7.21
5aml,9.15
5n0e,8.44
4w55,4.74
1o2t,7.85
5mob,4.05
3rde,7.46
6pid,4.54
3mz6,7.2
4bj9,7.35
3qrj,8.4
6dn6,8.15
6au9,5.96
6g14,5.49
3nw5,5.08
1bai,7.7
4cc2,4.33
1re8,9.52
1m0n,2.22
2qe2,7.77
2ql7,6.26
3su4,6.26
1m0b,8.82
1t69,6.32
4f5y,5.43
4bi7,4.58
3w55,7.1
5jbi,6.92
2ov4,4.74
4eb8,9.82
2nn7,6.52
6dgq,5.51
3asx,7.7
1g7v,6.4
4y5s,3.73
2fys,4.36
6apw,6.17
3e6k,5.15
5nxo,8.31
5ar4,6.7
5ucj,6.36
5fl6,7.36
6ets,5.64
3d6p,3.75
3a4o,8.89
6arj,7.6
3wkd,3.77
1yw8,8.0
4knx,5.49
5tzw,6.01
6gdg,8.74
5iu7,8.96
5een,8.96
1bt6,5.7
4gr8,7.83
6jsg,8.34
5lc0,6.7
4qj0,7.32
2w77,9.19
6gh9,4.48
4rn2,5.82
3q92,7.92
4k5p,3.46
2y4k,5.46
3vb4,4.31
3rdo,9.85
1o2x,5.85
2vev,6.52
3nw6,8.15
5ura,6.4
2avv,9.26
5ehy,6.09
1d7i,3.6
4i06,7.17
3bc4,5.35
4mz5,6.1
5yr6,5.34
3fum,3.77
2bqw,8.52
2c9d,6.32
5dro,10.59
6gih,4.36
3kbz,6.91
5obj,4.78
1aku,6.13
6hdq,7.0
5gs9,5.26
3rah,7.92
6erw,5.36
1nu3,4.0
1utn,3.49
5lax,5.4
6d07,5.28
6mlo,6.1
6gg3,4.21
5ytu,4.92
4dea,6.59
6b2p,8.89
3el9,8.4
4qw6,5.85
1bxr,3.4
4z07,7.99
4pnw,5.05
4trc,4.52
5wkf,3.87
4jjm,7.57
5bms,6.34
5eth,7.25
1o2v,5.85
1amw,4.54
1nf8,7.82
1bdl,5.85
3eg6,5.77
3er5,9.0
2o9a,3.81
1m5d,5.04
1h9z,5.42
1rdi,2.06
3dbd,7.38
2x0y,4.6
5wtt,6.6
4ob1,6.3
6qe0,4.6
3ti4,6.02
3nnw,8.05
1zuc,8.77
2h3e,5.7
6mdc,7.44
3ggj,6.0
3iob,3.42
3ti8,9.05
4u0b,4.3
4lvt,10.36
1uv6,5.12
2nnp,8.37
5n6s,8.09
2zwz,7.79
4x1r,6.4
3qcl,5.4
5jgb,7.89
4na9,7.39
5vc3,7.11
4ztl,5.92
2xb9,6.77
3kf4,9.3
4aqh,6.54
1gj4,4.07
5lqf,6.6
3ibl,7.84
6a03,5.25
4dwg,7.24
2ggx,3.49
2aoj,4.66
5nzo,2.24
5hu9,7.62
2qzl,8.1
3my5,4.19
5yfz,6.96
4pul,6.84
6hm2,7.33
5bvn,8.82
6cq1,3.66
3ck7,4.05
5v6y,8.47
1aj7,3.87
5a5s,5.9
1hgj,1.66
6kjf,4.97
6hm6,5.5
3uhm,8.44
5oq5,7.7
2wq4,2.57
3jzs,8.1
5jg1,8.72
1csr,7.38
2r0z,5.47
5nau,7.52
4wcf,4.28
2zq2,6.56
2cne,8.77
2hob,5.72
2w87,4.65
5hn7,3.92
6max,4.87
4bo1,7.3
1bq4,5.22
5tyj,7.46
5wgd,7.11
2gv2,8.3
1tyr,7.0
3ips,7.19
2e27,9.35
3d1y,8.22
5xo2,4.03
3fh5,7.06
6mdb,7.17
2ybk,4.62
5k4i,8.51
5v1d,6.7
6b59,8.09
4k4f,6.7
4um3,7.54
4wm9,6.92
6e0q,8.1
3s56,9.62
3fvk,8.82
6rfj,8.4
5aia,5.2
3k15,4.92
4xtp,4.26
1a9q,6.17
2bmk,5.62
4pte,7.13
3rwg,8.55
6fyz,7.41
4u6r,7.85
3cbp,5.6
2hb9,4.82
4f7v,5.38
2bxt,8.52
5flp,3.2
4k5y,8.17
2vc7,3.36
3ekw,7.96
1hte,5.64
2xui,15.0
1gx4,4.28
5ko5,4.57
6arn,5.19
6ecz,6.57
6gu6,5.74
1aid,4.82
3efk,7.85
1b40,7.28
4qev,7.66
4ge6,7.47
2boi,4.32
1q41,7.66
4cfe,7.22
4v11,6.49
4wlb,6.74
4nrc,3.62
1pxl,6.05
3r8z,4.31
4bae,8.52
5lzj,3.9
6lpr,7.3
4bsq,9.15
3ghe,5.89
4r6x,5.27
5aom,2.9
2c6m,6.46
1uwt,5.97
1mrs,3.96
5uwn,7.87
1ll4,7.22
3bgc,5.02
6em7,4.53
1mqg,6.28
4o2a,5.74
4o62,5.0
5ekm,6.32
5uor,8.2
5umy,6.97
5x5o,8.3
4mdr,4.39
3qfd,4.17
4cpw,7.5
2anm,8.74
4o71,4.74
2aw1,7.37
4ufm,3.72
5hx8,10.0
3nth,4.32
6jsz,5.68
6djj,4.1
5npf,4.24
6ior,4.31
6gfs,6.54
4j6i,8.85
4kfq,8.23
6c6o,8.3
5d0r,6.37
5el2,4.47
6fuj,4.3
4kmu,7.92
1bim,8.92
3t6b,6.36
1z6p,6.05
3oct,8.3
5l3f,6.33
2q96,5.92
4ryg,8.1
5x4o,4.06
5lli,7.05
3fqs,7.39
5akh,6.59
5fut,6.45
2joa,5.96
3cd7,7.84
6fvo,5.55
2hdr,1.72
5j8m,6.8
6fba,4.7
4lov,7.77
5llp,9.24
4an9,7.36
4hf4,8.62
3qpn,7.77
4z7n,5.04
4zki,2.92
1nox,7.05
1w13,8.7
2uy5,5.49
5nx9,4.6
4brx,6.49
4acf,5.8
4lwc,6.72
6hk6,6.41
3orn,9.62
6cbh,6.29
4cps,8.27
1t5f,4.22
6ntj,6.47
1y2c,6.57
3fy0,5.96
3nc4,4.58
4kva,3.94
5tzo,5.23
6dar,6.66
5myn,4.52
4x6s,5.24
4kxb,4.12
5amg,8.22
3ggu,9.77
5lif,5.87
3vfq,5.19
3mp1,6.1
5jas,5.77
6u7o,10.81
5i5z,9.05
3rqw,2.7
5mka,4.31
6cho,6.78
4nwc,5.76
6htp,6.8
1ent,6.96
3gwx,5.4
4lgu,8.68
6ocu,8.05
3cso,5.77
6nk0,6.39
2jql,6.52
4jbl,3.27
2y56,6.51
3jsi,8.68
5vdp,4.05
1gx8,6.37
1t48,3.46
5byz,7.38
1b57,8.0
4qp6,3.46
2k00,4.62
1ywi,3.43
1j16,3.84
3g08,8.16
1p01,9.46
3pb7,5.74
1mm7,7.7
4zt7,8.0
1xge,4.68
5v5d,5.27
3zm5,6.74
4iu0,5.89
3bqc,5.73
5ax3,5.92
1r5v,4.48
2web,5.12
2obo,7.24
5ef7,9.0
4auj,7.74
2wvz,4.02
5tcc,5.66
4oar,10.42
6b1j,7.37
3lrh,7.35
4oc1,6.6
5c20,6.41
2ksb,3.12
1lhu,8.83
4awm,5.72
1gj6,7.0
4qht,4.94
2yke,5.96
1gz4,3.7
5fox,3.17
5ut0,5.88
4i9h,7.17
3ocp,7.57
3olf,7.7
6i97,8.18
4cfw,6.29
6drz,9.8
1df8,9.7
6u80,4.43
6br2,8.72
2jke,4.23
5g5z,5.66
3dm6,7.43
4xy8,6.4
6f3b,6.56
4nan,4.72
4gpk,7.52
5dh5,9.64
5u4c,6.0
1pmn,8.15
4ybt,7.0
1kz8,6.08
1zd5,4.87
3qch,5.48
4or6,5.31
5m57,4.92
2wyf,4.43
3t0x,8.0
6fyv,7.96
2qcg,4.0
4no1,7.57
3c3o,4.36
3du8,6.84
5cks,5.51
5ufi,8.4
4np2,2.26
4jjs,6.7
3zi0,7.4
3wf8,6.63
1c9d,6.3
4tw9,7.7
5d47,7.0
4fai,6.99
1i9m,8.48
5k5n,8.05
5t2y,5.66
4rcd,9.15
1b5h,6.01
2gz7,6.52
2xdx,6.46
1o5r,8.12
1n7i,6.59
1tkt,6.15
2y4m,6.46
4wvt,5.31
5jr2,7.57
5wbp,4.36
5hyq,6.82
2fpz,3.96
1xot,5.42
1iup,2.54
5xpm,7.64
3bum,6.49
6jij,6.64
5alc,8.13
6qfw,6.83
1d4w,6.92
6cbg,3.95
4xas,6.59
6ezi,5.31
2wfg,4.42
3gy2,5.74
4ajl,3.8
2pvl,7.62
4xyc,7.51
1g9a,5.3
1dqn,8.0
4ba3,5.54
5ai9,6.61
5mae,6.84
2xk6,5.8
1jet,7.25
5l44,4.4
2byp,9.06
2n9x,6.4
3loo,6.07
6jsn,8.42
2avi,15.22
3bxe,5.48
3r6c,4.72
5vm6,7.11
3px8,3.64
6pg6,3.7
3skh,6.05
6e5t,6.55
3sfc,8.52
5w4s,4.03
4riv,7.0
6e3s,6.78
1std,10.33
1x8j,6.96
6pvz,3.47
2n8t,3.37
1db5,6.82
3ayc,4.24
6d4u,5.7
6bqd,6.39
5jzy,9.82
5qat,3.85
3zrm,6.89
6exm,5.52
5mwp,7.5
5otz,5.19
5x4q,7.11
4m5o,6.42
2ei6,7.39
2r5p,8.48
4acx,7.11
6ma2,5.39
5hj9,5.85
5x33,8.49
6apu,4.87
4p02,6.4
4lww,7.54
1ewj,7.49
4mjp,3.88
4qga,7.92
4k9y,6.95
5cs3,2.15
5dhh,9.18
5y2f,5.15
5tci,6.88
5nxw,7.24
6dn5,7.49
3bu8,6.92
4fcf,8.62
5a8z,7.55
2pgz,5.74
3txo,8.05
3r2y,8.07
6ffg,7.2
6n8x,5.7
6edl,8.7
5tyl,7.82
6i3s,7.05
3kyr,6.72
4jk6,7.19
5j5x,11.02
6fr0,6.84
4knm,8.0
1a0t,1.3
4k6i,6.2
5c6v,4.8
5jrs,8.4
6p7q,5.36
2p8n,3.15
3g2h,3.82
6cj1,5.27
5etp,6.15
2qlj,5.36
2pqb,7.2
3g2s,6.22
5i7y,7.28
3cp9,7.32
4l7d,6.12
3sm0,6.13
1wn6,4.68
6p5w,5.29
5o0e,4.53
4pd7,3.92
6qg7,6.83
6b7h,9.03
4lkl,6.09
5eis,5.74
5fso,6.09
4u6w,4.21
2glm,5.37
5b0x,7.7
1i7z,6.4
4oz1,5.62
2xs8,4.61
2jdt,6.77
2yi7,8.32
4x9r,7.82
4bam,8.94
6eg9,7.17
3v51,8.55
6std,8.64
4l5j,3.0
5vsd,7.24
4hso,4.66
5vqr,5.92
5hdx,7.32
1v2q,4.13
2w9r,5.32
4mp7,5.74
5u14,5.34
5nk3,7.42
6pic,3.39
3vsw,6.89
1zkn,4.51
2wmv,5.04
3wi2,7.04
2bba,7.15
5j6m,8.57
4bek,4.39
5z99,6.88
1h36,7.74
4uye,8.02
4elg,8.16
4ggl,9.0
2ym3,6.0
1v0k,5.1
1jii,9.0
7upj,8.49
6eln,6.05
3blr,8.19
2ie4,10.0
5tpb,2.59
1dar,4.96
5nqr,7.15
5g1z,5.32
3ugc,6.02
1kav,5.82
2zg3,2.06
4qhc,6.7
4kcg,8.3
4zzy,5.6
3zqe,4.23
5mpk,8.52
6fzg,6.55
4nau,9.06
2iok,9.0
5wle,5.72
2vnm,8.52
2a4r,7.82
5msb,7.46
1xh6,7.32
5cf5,8.6
3szm,6.4
2nyr,4.66
2g97,6.82
5trk,5.21
2isw,7.43
4uv8,6.47
6eqx,10.47
3mpm,7.52
4bg6,7.16
5jiq,5.4
3v3b,7.26
4ohp,7.46
1g98,5.7
2fhy,5.96
6e9l,6.04
5a7j,5.2
1n1m,5.7
3hrf,4.99
2xn5,6.69
4x8n,6.62
5n3w,6.3
3d94,6.8
1ktt,5.82
4aqc,9.05
4ndu,2.74
6g39,8.34
1fcz,9.22
5fwa,4.79
1gmy,7.35
2ay7,2.3
1ogd,3.03
5yc4,4.92
5wxh,6.15
6exi,5.05
6chp,10.12
5klt,6.76
4yk6,5.7
2vfk,3.71
4yc0,4.13
4pgb,7.48
5ajo,4.96
2zas,7.86
4jaj,5.26
1ndw,5.23
6mo7,5.03
4lar,4.68
6hvi,6.42
2w1d,6.04
2w1f,8.23
3rxe,4.76
1r5w,5.54
3iu9,6.62
5dls,8.36
4nue,6.82
4rfz,7.4
2xah,3.55
3s78,6.47
4u79,6.4
1g4o,8.25
4dwk,6.22
5vsj,4.02
1pxm,7.22
5t52,9.28
3hxf,4.96
1ztq,8.89
2qo8,8.47
5est,6.52
6c7q,9.15
2nxm,5.19
6idb,6.4
5qan,3.96
5csz,7.77
4y2s,4.28
2zju,5.81
2e95,7.1
1ke5,6.25
5txy,5.46
1mqj,5.32
3v78,5.54
5uxf,7.06
1zyr,5.74
2fs9,8.52
1a86,4.0
3th0,4.12
5g2n,7.03
1qw7,3.6
1rhq,7.75
6mt4,3.82
4ai5,2.92
6p7p,6.15
5w2p,6.88
3ob1,5.42
3hxi,6.33
3duy,5.85
4ago,4.81
5c29,6.06
4tw7,7.59
5am3,8.3
2fs8,7.6
5law,7.1
4dcx,4.5
4kqp,6.05
3wuv,5.17
2iwu,5.92
3krw,7.38
5ory,3.45
6qau,7.48
3qo3,6.9
5he1,6.55
3rxl,2.62
6dk1,7.65
5h1v,4.0
4ie6,5.55
4ncn,5.67
5mrp,5.52
4q07,8.14
4m7x,4.8
6p84,4.81
5lyw,6.15
4jht,4.99
1cka,5.72
4l51,3.0
6bmi,5.05
2vvs,7.34
4u5l,2.4
5djr,4.86
3lp1,6.92
3hvj,8.7
5o0j,4.77
5k5c,1.62
4prd,4.6
2vnn,8.7
4iuv,5.72
6nu1,4.51
5w6o,6.28
2c8x,6.66
4ff8,6.4
2w1e,7.92
4civ,4.95
3lcd,7.4
4mrz,3.52
6iin,6.08
5cqu,6.54
6n0q,7.4
1nny,7.66
2r7g,6.05
2cgv,4.56
3hx3,8.0
6frj,3.71
5mja,6.66
6ic7,7.11
1e9h,7.46
3f68,5.06
3kqw,4.01
2q94,6.43
5ceq,7.38
6pg7,4.66
5inh,6.0
5uwf,7.23
3r2a,6.12
4b8y,8.05
4bic,7.3
6eji,3.52
4pra,5.66
3jzj,3.61
1qf5,7.37
5oot,7.55
1ols,5.82
1o4a,6.92
3t82,7.0
3vp3,4.95
1d8e,6.6
3l9h,8.1
1l6m,8.1
3cwj,8.0
1fao,7.37
6g9j,8.39
6j9y,5.07
3rxf,2.6
6hni,4.03
4eu0,6.4
1rq2,2.52
5jmx,5.09
2ewp,7.1
3snl,9.15
2qve,2.32
5nzn,3.66
6p10,5.22
6j1l,6.42
4zwy,8.7
6fe0,6.48
3tkw,5.27
2n7b,3.55
5vb5,6.46
2w68,4.74
6e3o,8.7
3qs4,4.68
3gz9,8.4
4orx,3.53
5l2z,10.22
3czv,7.8
6nrj,7.44
5ih6,5.6
3ow3,6.13
1rhj,8.04
6iam,6.85
1lev,5.6
3n46,4.3
2wei,8.47
5cwa,4.77
1jje,8.43
3qn7,6.8
3uod,7.31
2j77,4.89
6jtc,5.07
3lbk,6.04
3kxz,7.46
4x1p,4.2
2g1r,7.7
4ymq,5.8
1w96,8.41
4xtw,9.03
2oah,7.96
6c3e,7.2
3fed,7.46
4ura,5.5
4qvx,11.0
1n1v,3.85
6pf3,4.55
5lrj,8.72
3cfn,5.0
3gjq,5.33
2a4q,7.18
3ah8,9.82
3hs8,5.3
4w9q,6.85
6ggg,9.2
5nwg,6.18
2xy9,9.19
5vb6,6.37
2qx0,6.11
5wqc,8.96
3qvu,3.55
2ofu,9.0
2y8c,6.4
6rnt,2.37
3ttj,6.68
1csi,8.8
2o65,6.19
5to8,8.51
5iug,7.33
5akk,4.0
5wa7,6.4
6ind,6.62
2e94,8.0
3mg8,8.92
1f8c,7.4
5xyy,5.04
1swi,3.1
4bxu,7.0
1h01,4.66
6d1k,3.13
4qjo,7.4
4yvc,5.96
6q4q,6.82
4y5d,5.92
3mqf,5.24
5nk2,6.74
5j5t,6.96
5wr7,8.96
3sl8,6.54
5t37,6.62
1tjp,4.42
3odu,8.14
3znr,7.44
5ieo,7.0
2ks9,2.04
6alz,10.42
4i0r,7.85
4oyb,5.8
4y2j,3.1
3w2p,5.09
1o9e,4.18
3ma3,7.22
5jlz,5.82
4pl5,4.96
2yer,7.7
3rux,9.28
3osi,5.22
4k0u,7.26
5ksu,4.08
2c5o,5.19
1rek,6.7
3qlm,6.37
5j7s,7.3
2rk7,4.05
4cl9,7.3
2zlg,5.59
5myv,7.51
5fqv,6.21
3gy3,5.63
1gx0,4.22
4ryl,7.28
2xjj,6.51
2eep,7.06
2zc9,6.74
6ezg,7.69
3n5u,5.92
5mod,3.52
2bts,7.7
4p44,7.8
1y2e,6.8
4jpx,5.15
4hyb,6.46
3fxb,5.85
2oa0,6.92
6n7z,5.55
186l,4.85
3znc,7.34
5v5n,8.02
2hkf,6.38
6hb5,5.83
3f3v,7.14
1kc5,7.0
4gnf,3.35
2z4y,6.15
5x9h,3.76
2q1j,9.1
1b51,7.37
5mon,2.48
1ypj,7.02
6hjk,7.6
2iu0,6.89
5hu1,8.66
1nhz,6.08
1vcj,4.59
2brc,5.05
4p75,4.1
5lj2,5.0
3ddu,7.4
4ya8,6.1
4yax,5.82
4oc6,7.07
2yol,6.89
4dei,9.0
5a3x,6.1
4n4t,7.31
4kip,8.15
3oe8,8.14
1ws4,3.0
6ft8,7.36
2xuz,7.4
6dh7,9.88
4nms,4.94
6ia7,5.7
4eok,5.07
3ahn,7.05
5opv,7.29
4jnj,9.07
5eif,2.55
6fo9,7.75
1z4o,4.52
2gh7,13.0
4ktc,9.0
6mdq,3.44
4e3k,9.1
2cmb,7.19
3ml4,5.33
1mai,6.68
4mvw,7.55
5lpk,5.51
2pks,4.96
1j19,7.79
5v35,6.96
1tvo,6.85
2e7f,6.1
3jpv,6.92
5htz,8.62
2wcg,6.38
2h21,6.54
1mrn,4.52
4i2z,4.87
4l3p,5.92
3tao,5.14
6h7u,1.98
5umz,7.12
4yzu,5.05
3roc,8.19
6eo8,7.0
2viq,5.89
3qx9,4.05
1clu,8.27
4tw6,4.21
2y8l,5.82
1qj7,8.1
1k6c,7.48
4u0s,6.8
5qik,7.66
4ps7,7.41
5xn3,6.17
4nkt,5.97
1qk3,5.15
3mxf,7.31
3hqw,7.46
4oq3,8.1
2c5y,6.6
3mxy,6.41
6ebw,8.6
2h6b,5.39
6mhd,7.29
5lvx,7.25
1ej4,7.3
5fh6,5.92
4i12,6.39
5thn,4.02
5nra,6.91
1hy7,5.39
3ixg,7.57
1axr,3.27
4lpf,3.51
3g34,2.96
6pno,5.32
4eoy,6.49
3m35,7.22
5d11,7.55
3ozj,5.11
4v04,8.11
3v66,8.89
5vd3,5.55
4abv,6.07
6bu1,7.22
4jyc,6.7
2ri9,3.22
3ntp,4.92
6h77,7.33
4mww,3.67
2vyt,2.74
1ao0,4.96
2wd7,4.97
1z1r,9.22
6azk,5.64
5hlw,7.64
3vw9,7.96
5hlp,7.27
4zx8,7.1
1wqv,6.89
5h5r,6.21
4pis,7.22
5yas,3.26
4hdf,8.49
6q9o,8.47
5aut,5.17
4xhe,10.3
3buo,6.06
6dcg,8.15
6mkq,6.16
5h13,4.94
5nkb,9.12
2ork,2.85
5u98,9.7
6d08,5.29
5t6f,5.8
2hnc,7.22
5hor,8.22
3owk,5.82
1rs2,4.3
2fjn,7.41
1x38,8.77
1gt1,6.0
4eh6,2.46
4c2v,9.0
1axs,7.77
6n7c,9.17
5a4c,8.24
1xbb,5.3
6n78,9.68
3co9,8.0
2v5a,6.82
4uwk,9.0
3q4b,9.33
4im0,7.72
4qr3,5.85
5ddc,7.04
4whh,7.4
1fdq,7.27
1gj7,7.89
2bq7,7.05
4npv,7.46
1q1y,7.7
4bnz,6.59
6fjf,8.17
1umw,6.55
4jg0,6.76
6hmr,6.83
3wzq,6.23
4wa9,8.42
3k98,9.0
5wir,7.12
1nax,6.43
3b26,6.64
223l,3.4
4h75,6.6
1o4i,2.64
5nki,7.72
1jyc,4.34
1mv0,4.03
4mk2,6.14
1pkx,6.92
6ayo,8.29
2xto,6.2
4eop,6.05
4ybm,6.85
2wzy,10.72
3lq5,6.96
5hvu,7.89
1e00,6.1
1n0s,7.45
2gg8,4.6
6an1,5.35
5x54,5.0
6fbv,6.52
3jdw,3.6
4pyn,4.52
5tbe,8.97
5tco,8.19
4bjb,6.66
2fxr,7.6
2qi0,7.38
5fxq,7.85
6ode,8.1
3coj,5.28
4emt,5.3
1i8i,7.66
6chn,7.96
4pp0,4.4
6s9d,7.8
3dek,7.57
3h5b,10.0
6dz3,8.89
5gty,7.72
6fns,4.03
4qw3,6.61
1ype,8.1
4xm8,3.02
3vjt,5.39
2rjr,1.94
1t4s,2.44
4bjx,7.66
6quv,3.0
4hkk,5.54
3t0b,4.3
5ghv,7.92
4uvu,5.92
2wgi,4.07
3wto,6.92
5tdb,5.84
4gee,9.0
4r5b,6.73
5kxi,7.74
1c4v,10.8
5mi5,6.77
6k4x,6.66
3e90,7.39
5wfz,8.0
5cnm,6.81
5u28,7.17
1g3f,6.37
6cyh,3.15
4xg9,9.15
4du8,5.37
5sz9,4.42
2hb3,11.35
2r1w,4.6
5bot,4.41
2rly,3.57
5avf,5.49
4yrs,3.07
1gwr,6.6
3ccw,7.87
4mbf,5.77
2c6n,6.88
4b84,4.66
4y67,6.93
3zi8,5.66
5v1b,7.47
2liq,5.85
1nq0,10.32
5ezg,4.92
6uf0,7.14
1xr9,7.15
5e0j,5.21
3rxj,3.06
4kn1,6.84
3buf,3.1
6aqq,6.55
6p87,4.6
5eqe,3.88
1oiy,7.19
3c2u,2.9
3v04,7.89
1w9u,6.09
6ikm,8.57
5w4r,7.48
1w5w,8.8
4l33,8.15
2b7d,8.7
1a1b,6.4
2aj8,6.2
3o8p,6.46
6g9i,3.93
4f6s,5.49
4byj,6.57
5zyi,7.07
5cgj,5.22
1ohr,8.7
4i7l,3.99
4mse,6.16
3i28,8.22
6evn,4.71
1rri,5.82
4dko,6.52
6gwr,8.1
5zyh,5.57
4bf6,8.35
4xqu,6.07
5upz,9.2
5mwo,3.21
2qry,8.64
5mlo,5.32
5mev,7.0
2h15,5.67
4v25,7.08
5kap,4.23
5usf,9.16
1o4p,2.6
2xzc,5.64
2nsj,4.79
4uu5,5.04
1npv,8.24
6g15,5.37
4phw,10.0
4cjq,3.59
5vnb,5.3
5orv,2.89
1stp,13.4
4rrq,5.47
5l8o,3.38
2j75,6.65
5n1v,6.19
6otg,7.5
2x4t,5.13
5wgp,5.62
1sw1,7.3
2uz6,8.77
4ctj,2.51
3twj,7.84
5efh,6.1
2ykc,6.11
4x6h,7.66
2g6p,6.22
2gh6,4.95
4eos,6.05
2kff,3.61
6aox,4.82
4lkf,5.37
5cqt,6.91
4e8z,6.64
2wj2,8.33
4pms,8.1
4u0e,6.92
1rzx,4.1
4zx9,7.39
6eee,7.54
6ohu,6.78
6nsp,7.36
2zq1,6.62
3qvv,4.42
4pd5,2.86
2hiw,8.1
4xcu,8.22
3v7s,7.05
5ax9,8.1
3ty0,7.08
6qto,4.64
4fkk,9.3
5j86,8.26
5aoj,4.68
5dh4,7.24
2f9u,7.39
2nnk,8.37
5x8i,8.7
4lh3,1.52
5byy,7.01
2zym,6.14
4ryc,7.1
5wqj,5.52
5o1i,5.4
1wvj,6.73
6f7q,8.96
2r7b,7.22
5xmp,7.37
5om3,4.1
5d3l,6.06
5yea,8.3
3pn1,6.96
5znr,4.67
3le6,7.46
2r59,8.19
6f6r,8.25
3lco,6.84
3t3i,4.77
1w83,7.19
4xjs,7.12
4joo,4.43
2ql5,8.1
4qh7,5.94
3aho,7.05
5i3m,7.4
6h50,6.81
4tkn,5.89
2jdn,5.56
4cki,5.96
4eeh,4.35
6epy,6.46
5tya,4.48
2bvs,4.1
3p8n,9.28
3q44,6.31
3uil,6.0
2y34,7.1
3bra,2.7
3v2o,5.31
2i0g,9.72
5mli,3.9
2eum,6.7
5lgt,6.51
4c1m,7.8
2r02,5.1
3tws,5.52
4n8d,4.92
4w9d,4.99
2a8g,3.69
1hnn,6.24
2qrh,4.71
4yt6,7.96
4xv2,8.27
5emb,5.2
5b25,10.24
2h9m,4.46
3oxz,8.07
4zyc,6.42
1cqp,5.62
1ow6,5.4
6o57,6.29
5eei,9.22
2idw,8.89
5vih,7.49
3nes,5.62
2fjp,8.37
5w1w,5.52
3rw9,5.96
6ed6,7.43
1sc8,7.44
1sts,5.0
4h2o,5.52
5e1m,6.72
1gqs,6.3
4ykn,8.0
3dpe,7.24
6c67,5.92
2q1q,8.15
1ogg,5.19
6hoq,6.39
6eqs,6.43
6aaj,8.3
2ha5,4.34
1j7z,7.7
5qqp,8.28
1opi,7.3
4r3w,3.0
3dx3,6.52
2ogz,7.08
5ue4,6.36
5wfw,6.1
4zum,6.57
4b14,6.22
6nv7,7.92
6qqt,4.23
2oc1,5.37
1oh4,3.74
3nti,5.22
6hb6,7.36
1zpa,8.4
3rpv,7.15
3eu7,6.18
4r91,6.37
4g8l,8.0
5op8,4.18
3eyh,7.7
4q1b,8.72
5ugb,6.79
5jz9,3.57
5lso,5.85
2jjk,8.05
3dcq,5.23
4nmv,4.95
3l8x,8.0
2k31,8.7
1xn3,7.4
3sl0,2.7
2w16,10.0
5vii,7.29
2y55,3.87
1zsh,7.07
3f5k,4.62
4qkx,7.07
4yw6,7.08
6b1f,8.72
1pxi,4.77
1ywh,7.79
4x6n,8.82
1k4g,5.85
6pl2,8.06
6gla,7.57
3tkm,9.0
1h08,4.55
5c2a,8.32
1fpp,8.0
4pp7,7.96
4r4i,6.27
4j22,7.74
4f4p,9.22
6hgf,5.02
4bw1,5.9
6fkz,6.05
5f3i,7.1
3zhz,7.05
6a06,8.47
3qmk,6.1
4pci,5.12
1hxb,9.92
6qr3,6.44
3mg0,9.25
4nxq,4.74
1yy6,6.07
6qk8,4.85
3caj,8.1
3bv2,9.36
2flu,7.7
1npz,7.89
5dhs,5.22
5y5u,7.75
5kh7,3.66
4ab8,3.87
4qxo,5.51
3srv,7.5
2rcn,6.0
5bnr,6.28
5fl0,6.46
1v1j,4.82
5gn9,7.05
2pri,2.91
4w9o,7.77
5khk,6.39
5h5o,6.56
2nqi,6.11
1w1d,6.52
4xo8,8.96
1b4h,5.46
4pz5,6.92
5lz5,6.35
6uvv,5.18
2ym8,7.89
1olx,4.33
3su5,5.58
4tim,2.16
6myn,7.85
4wr8,6.23
5jcb,4.21
2ywp,8.15
6q3q,4.45
5hn8,4.01
6nss,8.85
6r8p,4.48
4rrs,6.68
6ceh,7.44
6oxv,10.7
2i6b,7.17
2afx,5.15
2j47,5.41
6hzx,8.38
4hbn,6.1
3v6r,6.15
3t9t,8.71
4ish,8.72
5mys,4.3
6dq5,5.19
6ipj,5.79
2dw7,4.7
6ayi,6.68
5ai4,3.47
5n4t,5.97
4y38,2.4
2wou,7.14
1x70,7.74
4ie3,6.01
1hsl,7.19
4iue,6.55
5lo5,5.87
6ety,8.05
3m3e,4.43
1qku,9.59
5drc,5.98
3u18,6.09
1u32,7.01
4x6i,8.0
4as9,4.79
4d1d,5.74
5faq,5.28
3v01,7.6
2qhn,6.01
4bc5,4.6
4yxd,4.34
3ho2,6.95
1add,6.74
2zg1,2.1
5t23,5.8
2jle,6.42
3hv3,6.33
4lge,8.46
3pjt,4.88
3lq4,5.22
4lkt,5.9
3acl,6.22
4ks5,6.89
4z0e,5.3
4itj,6.42
5alf,6.69
5n7v,8.77
3wk8,4.31
4gk7,7.9
6n96,5.42
3kw9,9.0
4aa1,4.12
1e03,9.4
2vpe,4.94
1w1p,2.3
1oyq,6.96
4yve,7.0
1e5a,7.64
6b7d,4.28
4tpw,4.69
2oax,8.65
4ris,6.05
1hlk,5.0
3ti6,9.27
6ew3,7.4
5hdz,7.35
6ml9,5.3
1gfy,5.08
3kyq,4.22
3qtu,7.15
5dtt,3.51
6s07,7.4
6b8j,8.3
3aza,5.13
3te5,4.91
6oa3,6.4
6au2,2.3
1yly,7.82
4kx8,7.13
4deh,6.21
5j7w,4.89
5aol,2.32
3q96,8.54
5c13,6.1
4g3g,8.43
3ur9,6.31
2d41,6.82
10gs,6.4
5iu4,9.28
5q13,7.04
5a5q,4.68
4ded,7.42
1f9e,8.7
3hu2,7.22
3pz3,6.85
5jfp,9.32
5c7n,6.57
5mkj,4.31
4dfg,11.74
4csd,5.91
1uze,8.9
4l2g,6.68
5ea7,7.96
3iad,9.0
4f63,6.3
4ght,5.78
4wgi,5.35
5xp7,4.42
1kll,5.2
5ukm,7.52
1ppc,6.16
6dug,8.27
6efk,6.8
1b55,7.4
2byi,6.34
4bbe,8.44
4xv3,7.92
3hfv,4.87
6mzq,8.41
3l4t,5.42
2hha,6.91
3p3g,9.74
2q55,8.69
4e3i,8.89
1f4x,5.59
2isv,7.43
5kqg,5.15
6i5y,8.54
5amd,8.55
5urk,6.1
3rg2,4.2
2vaq,8.52
5ttw,5.96
6ib0,7.4
4ysi,5.7
4i32,7.24
5ety,7.51
5jm4,7.42
4zqt,5.64
6dki,8.64
6f5u,3.54
3qxp,7.7
1t7r,5.96
5v3o,7.22
2f14,9.19
5uit,8.34
5w2s,7.33
6h4s,7.42
4ayw,4.0
2x7d,6.7
1swp,11.0
4dvf,6.89
2q6c,7.78
6dlx,3.32
2yb0,3.85
2ez5,5.52
4rfy,7.0
1gu1,4.52
3ng4,5.43
4o37,6.16
3og7,7.51
3hqy,7.94
4q7v,3.59
1jys,3.52
5q0e,9.16
5ey9,5.41
6un1,7.89
6c9q,5.1
2gm1,7.0
6cf6,5.24
2w92,4.55
1e1v,4.92
6e06,4.26
5nut,7.92
5wap,6.52
2zdt,8.02
4mnx,4.75
4m7y,5.32
5laz,8.4
4tpt,7.04
4e1z,8.52
3d9z,8.7
3bxz,6.72
6nzr,9.3
6nlj,4.82
4gg7,8.2
2wl5,4.52
6stl,8.8
5kww,8.13
1iiq,7.48
1vjy,7.64
4b82,4.39
3d2r,5.48
4i7d,7.0
5u5l,4.85
4csy,3.06
4b0b,3.33
5xof,4.01
5g3w,7.38
4mq2,7.01
1lgw,4.0
2qd9,7.89
3udy,5.7
6fzm,6.04
4lkk,5.92
4b70,5.2
6fui,4.46
2wlz,4.6
1ksn,9.4
5eto,5.57
5cyv,4.96
2nn8,3.59
4rhx,5.8
4rcp,5.35
5j31,6.51
3gxt,4.74
1o4j,2.36
5d48,7.52
4aq6,4.8
4jve,7.07
5lhu,4.66
5fwg,6.72
2cbz,3.93
5svy,6.13
2p7g,6.53
4r95,7.85
3uda,5.01
5w9g,6.82
4g8v,5.8
4zom,8.52
5q15,8.05
3vw0,4.67
1zgi,5.34
5o58,6.72
2lsp,3.56
1l5s,3.26
3pma,5.4
1au2,7.89
5ni7,7.7
5h9r,6.08
3udp,5.22
5m28,4.32
2qq7,5.24
5e7n,6.09
2xp7,5.77
5lhi,8.11
4e0x,7.12
1b5j,7.43
1tnh,3.37
3avz,7.19
5agr,5.43
5ipa,4.7
3axz,3.43
6hhg,7.76
4ael,7.92
5nt4,7.77
1moq,3.46
5i0b,5.06
5e74,4.41
2v96,4.54
6qho,6.2
1h1d,8.22
5d7e,3.82
3otx,4.53
4ytc,7.89
2r3o,6.22
3poa,7.0
2uvm,7.1
4q9m,7.18
4ny3,4.31
4c72,5.09
3itc,1.6
3rz9,6.92
3rin,8.89
5xpn,6.99
5hm3,5.17
3tjm,5.2
5ewy,4.3
6cfd,7.86
4abd,4.4
4dkr,6.52
2o7v,5.96
4x0f,7.0
6p12,5.95
5oh9,3.86
2w3l,7.52
3v5j,7.96
3pab,4.7
4qmt,8.0
4hlw,5.38
5wfd,4.58
5j74,8.72
2vmf,5.85
3irx,9.0
6hbn,6.22
2pre,6.65
6ey9,5.91
4aua,5.14
2r38,7.44
6dkb,9.15
2yim,3.92
6skc,7.1
3muk,3.42
1azl,8.62
1d7j,3.3
6f6n,3.02
2yhw,5.6
3bi6,7.82
1azx,9.4
2hmw,7.7
6d59,7.0
1n2v,4.08
1gu3,4.32
4mlx,3.19
4i2w,3.92
5njx,4.15
6q4e,3.46
3v4x,6.15
6qyl,6.08
5aan,4.15
5ake,7.82
2q64,8.52
5ix1,6.31
2gdo,9.49
4rlu,4.82
1o6q,7.64
4bd3,4.54
5ypy,4.64
3t1l,3.26
1zpb,6.07
6anl,8.27
3uu1,5.2
6pya,6.82
5vd2,7.1
6aro,5.15
4dcs,5.1
3f70,4.85
4a4q,9.4
4o0a,6.72
1ajx,7.91
3s76,5.05
4dkq,6.6
6ink,6.57
3tjd,9.0
3e85,5.38
4wj7,4.89
4ysl,5.8
5u9i,7.31
4ksq,7.31
2j83,4.21
1odj,4.1
3uzd,5.05
3vhe,8.21
2k46,4.58
2koh,5.22
1hkk,7.4
4izy,8.52
6g2r,9.46
4kow,4.31
6ntb,5.15
2b8l,7.82
4hbm,7.92
1ct8,6.52
3p8p,4.55
1fhr,4.0
4pgd,6.92
4glx,7.8
3djf,6.1
4o13,7.82
4kzb,2.89
1pq3,7.52
1hdq,5.82
6ee2,6.71
3c1k,9.44
2x2i,8.7
1ppx,7.28
5svx,6.19
6cve,6.8
1fwv,3.72
3iw5,6.08
5ejl,6.62
5o9r,5.39
3tyv,8.1
1lkx,5.15
6nwc,7.74
5cin,7.74
5aph,7.22
1sqi,7.7
5t70,3.99
3dne,5.22
4ycl,8.15
2w5g,6.07
3f5j,4.28
3m5e,7.37
4ayu,4.73
3iet,6.85
5k0j,7.12
5ma7,3.47
2qw1,3.9
4ql8,9.15
5lch,4.69
1gjb,6.35
5ddd,6.59
3pck,6.7
5tvn,9.04
4qsx,1.74
5qtt,8.47
4nzb,4.17
2g2r,7.89
2cej,8.62
2v85,4.46
5aa9,8.19
5ikb,8.72
4pzw,6.96
3l17,8.28
2bt9,6.19
4gw6,6.2
4pg9,7.8
5dxh,9.0
2q7q,5.3
3hzy,7.0
4ng9,7.12
2w8w,2.12
6n0m,5.82
5dhr,4.64
5vd1,6.0
5f1x,6.11
2ohq,4.6
4ez3,4.35
4a6v,5.72
1w2x,5.14
5n93,8.66
3iub,4.54
5ung,9.47
4c38,7.76
2hpa,4.6
3n75,7.89
3r4m,5.92
4jz1,6.7
2buc,7.0
1inf,5.0
4o3u,6.4
2wu6,7.53
2d1o,7.7
2qnp,6.41
3nq3,3.78
3gsm,6.48
2hz0,6.48
4f9u,6.03
5t35,7.18
1ow8,5.4
4ezl,8.59
6n79,9.68
6cnj,8.11
4poj,8.1
2i3h,7.4
6mrg,7.55
1tng,2.93
6i5i,8.05
2ax6,7.57
3kec,7.24
5wvd,7.68
1avd,15.0
3rti,7.37
4qsv,2.0
1izi,6.59
3msc,3.31
4eyr,6.63
4xk9,9.07
2ms4,4.82
5d9l,7.62
1o3l,6.54
1pop,9.0
1pwu,5.68
4uac,6.54
4qy3,6.82
4pfu,6.17
4krs,6.52
1u1w,5.85
4ikt,6.17
6cyc,7.85
2xdk,3.6
4b0c,2.07
3tki,10.3
2ews,6.62
2ax9,9.52
5waf,9.35
3sfi,6.4
1ody,8.1
4zed,5.12
2w3i,10.0
4ase,11.0
6fv4,2.92
2o4n,7.82
5w4w,8.1
5eiw,2.05
3gss,5.82
6f7b,8.89
6g4z,9.77
2r58,2.0
2wi3,3.46
5ti2,4.62
5w5j,5.82
1f0u,7.16
1x7a,7.89
4qz0,5.46
3hv6,5.64
1vjd,3.54
4zy6,8.3
4pg3,7.85
3t0w,7.3
3wk6,5.2
3k97,8.0
8lpr,6.62
5fnj,2.29
3qcf,5.6
5mfr,4.3
5ejv,6.69
4jpa,8.48
5n0f,6.05
5ti4,4.59
3luo,6.95
1q6n,7.64
5t9z,7.19
4j24,7.3
3sap,7.59
5t92,7.8
6knh,3.55
6kdi,6.72
6fav,5.33
1fq8,6.03
4nq6,4.28
5ez0,5.8
5tca,7.72
2bow,4.0
4mn3,5.75
1cp6,5.0
3qcy,7.7
3n5k,9.7
4xg3,7.76
2i19,7.8
4yxu,7.24
1nu1,7.19
4zim,8.62
6dz0,9.03
3s0e,6.55
2y8q,5.82
2fum,6.1
4kc1,2.91
5zwf,8.74
5z5f,2.17
3igv,7.6
2k0g,6.97
5mxk,3.39
6dsp,6.09
2wq5,3.74
1y98,5.43
6pnm,5.17
2mc1,4.15
3oku,6.36
4mzh,7.18
1q6j,7.8
4djx,7.23
4ra5,8.4
6eks,3.84
5ar0,6.14
4ty8,2.03
3nus,3.51
1mmr,5.4
3mbp,6.8
2cgw,4.76
5dj5,5.6
6qdx,4.52
1f9g,1.28
6qme,4.36
6duh,7.42
2x6y,4.59
4cku,6.82
4wh9,3.0
4zs3,5.18
6n82,5.96
2ow0,6.7
5unf,9.47
3dx4,7.12
3kqm,3.77
5ypo,7.1
3fe7,7.12
1ik4,7.41
3m53,5.31
6mlp,3.7
5iez,7.64
4cy1,6.74
4nmr,3.53
4dfn,7.7
4c1t,7.15
4nal,5.66
4xc2,5.37
1qyg,6.85
4l2f,6.23
4lqg,8.89
6m8a,5.26
6q9q,6.84
4jhz,6.02
1tys,5.49
1gt3,6.46
1ajq,4.31
4ydg,7.82
4y83,7.77
3lj3,9.03
1r1h,8.92
5hz6,7.8
4uj2,7.1
1sbr,5.0
3gy7,4.52
5alt,4.88
3fmz,8.08
6k5r,4.27
4ge5,6.57
1o4r,2.41
4gpl,5.89
3q5h,6.25
4u7v,5.49
6bl2,7.39
3ard,6.76
4ydn,8.64
1nnb,5.0
1bzf,8.3
6ma3,8.3
6oi9,7.19
3arx,5.33
2p16,10.1
3tvc,7.74
6cq5,4.24
4f9y,6.74
4nw7,6.63
3hv7,7.92
4ehm,5.85
5vtb,6.96
3n8n,4.57
4lv4,5.0
1b6m,8.4
1xn2,10.52
5j4y,6.05
4hn2,6.89
5mrh,4.2
4hlg,6.51
5zqu,5.15
4oc0,6.5
1p57,4.4
5mwa,6.82
3c79,7.2
2yb9,9.22
3gvb,2.59
2ksp,4.24
2hzn,7.39
5zk3,8.74
6gj8,5.87
1vj6,5.1
1vea,7.52
6drx,9.24
4urn,4.46
3u9n,7.0
1ugx,5.91
3s3r,8.68
4xir,6.94
2a3i,6.05
4b60,5.43
4mji,4.09
2vf6,8.52
2qa8,6.0
4uro,8.4
1y3n,5.55
4u7t,5.67
3pz2,6.14
5jfd,9.54
6e13,6.7
1ml1,4.28
4fht,6.17
5drs,8.96
3k3a,7.08
5sy3,4.37
3wqh,8.48
6bil,6.24
1o8b,2.68
1sqt,6.2
3v4t,4.11
5cqx,5.33
6gub,7.64
4um1,5.77
5kqf,6.51
5zqq,7.66
2gsu,3.59
3lqj,5.37
5hm0,6.36
4oks,4.48
2hwh,5.7
4elf,8.03
5yz2,4.95
4i47,6.92
3rtx,3.86
2qbw,7.25
5lvf,4.82
1xjd,9.48
2xno,5.93
6b7c,5.14
1swn,12.0
3dba,8.0
2ica,7.7
6r8i,6.03
3pi5,6.02
5zoo,5.65
1k6v,6.92
2cnh,7.23
2w1i,8.92
2vtt,7.36
2bv4,3.22
3uzj,5.55
6q60,5.71
5ifu,4.47
5qb0,3.8
3f19,7.19
2gj5,8.32
5gvn,7.05
6imt,6.6
2aia,5.41
2qtb,8.32
4w54,4.17
1lgt,6.1
1vj9,7.55
3dp0,5.85
2i5f,5.12
2i4x,11.72
1ez9,5.1
1qtn,7.3
4ac3,3.96
3g2y,2.0
5ovh,6.55
2a3c,4.43
2q2n,6.48
6pm9,8.1
5q0m,8.1
4oya,6.44
3pcg,2.3
6b1e,7.47
3lir,6.92
5i23,7.29
2gbg,7.25
4x8u,2.46
1sri,6.08
1jd5,6.62
2yiw,9.1
1mfa,5.04
4hxm,6.1
2clm,3.55
4cu8,4.47
1nz7,7.12
1o3b,7.13
5npd,7.42
4iqu,6.24
5du4,5.25
4xbo,4.59
4rhu,6.16
1owe,6.2
3s0j,3.77
1r1j,8.64
4pry,7.7
1agw,4.7
5j4v,5.85
6h4u,6.16
4loq,8.15
5d7r,7.89
4llk,3.0
3ga5,5.49
1g9t,3.28
3nuo,9.8
2ao6,9.28
4jmx,7.21
1bnv,8.77
4yw2,2.8
2xvn,3.95
3ll8,6.4
5n9t,6.66
2yay,6.1
5l2o,6.12
4cgj,2.84
6hdn,4.3
5oss,4.55
2ycq,9.85
6bky,6.57
3ump,2.99
6kzd,8.53
5lyn,5.04
3dk1,9.74
5h4j,6.89
2cng,6.96
5q0f,9.89
3iqv,5.18
6nyw,6.64
4b9z,4.09
5may,6.48
5ml8,8.1
6qri,4.82
3hl5,4.47
5za7,5.87
1g6s,5.15
4kz7,2.49
6g37,7.37
5hu0,6.23
2jnp,6.89
3zuk,7.46
3kwb,7.77
6fzu,3.67
4wr7,11.7
1xsc,4.3
2fgv,6.12
5nvx,7.05
2e5y,5.85
5oha,4.89
1kv2,10.0
2ai8,6.8
3n9r,7.15
5f01,6.38
6pit,5.92
6dyn,3.19
3fkv,7.57
5m6u,8.37
4o9v,8.0
4inu,9.26
3m54,5.89
3d1v,3.49
4fob,8.3
5fat,6.96
1rpa,6.0
1tom,8.3
3mfw,3.52
5y7h,7.73
5qa4,3.77
3rtp,8.15
3pqz,4.46
2y2i,4.59
6cgt,6.0
3k0h,4.6
1q4x,9.48
4o4y,7.81
6fu4,6.19
1fkg,8.0
4r0a,4.26
5duw,3.29
5jh6,8.48
5j87,8.05
5ur1,8.97
5o4f,6.68
4ele,7.88
5e8r,8.7
4wx6,9.0
2wor,3.9
4fri,5.55
3wci,6.57
2alv,4.15
6f8b,5.21
3i7i,6.21
3d45,5.68
6imi,4.58
1b58,6.59
5y3o,6.86
1gsf,5.0
6cdl,10.92
6inz,5.8
5wzs,6.55
4qc1,4.99
3p58,7.6
3lfn,5.5
1axz,3.2
4p0v,5.92
4b4q,5.75
4m8h,7.6
6mjq,7.88
5a6a,7.22
1nd5,8.4
2l1r,3.57
4z84,5.82
2wyj,9.0
6evq,2.0
2kwn,5.13
4d2d,3.47
4ge2,6.05
6r0v,4.96
6ckr,7.3
1tg5,7.92
4em7,5.11
1uz1,6.89
5yf1,3.28
3srb,4.19
1yms,5.92
3vvy,4.84
3s9y,6.44
6c2x,4.76
3lvp,8.7
4dmn,5.64
5fdi,7.73
5uch,6.01
4li5,6.26
1w3k,4.3
6csq,6.39
3lkz,6.15
4np9,5.03
3tu9,5.12
5khx,7.85
6npf,5.85
6hvr,6.48
3td4,5.66
1q1g,8.57
5ogk,5.11
1ckb,5.28
1w70,3.7
5l98,3.31
3u6j,8.21
2jdp,6.6
6ugq,7.55
4afe,7.14
4hnp,6.78
5qaw,3.4
6cer,5.36
1v1m,3.94
2z4b,9.36
4agm,3.98
3sh1,7.39
3oeu,7.51
3dux,7.0
1czo,4.55
4esi,4.15
4mdt,5.0
2xwy,5.22
1b4d,4.81
1rhm,5.76
1oar,7.4
2jqi,5.0
3w32,7.12
5v6u,2.26
3o88,6.37
5t2i,8.7
1mq1,6.59
2pvw,9.52
5da3,7.1
6skb,7.7
5osk,5.6
2fuu,5.57
5yof,5.82
1q1m,5.16
6gw4,5.92
5mpz,4.07
1xor,6.41
4o5g,4.3
6dh0,10.59
4j82,4.35
5a3s,8.68
1fzo,7.89
3rkz,7.08
6axk,6.52
4kpz,2.71
1n1t,3.85
1gyy,3.64
5hff,6.3
5di1,7.68
3f66,6.05
4w9p,7.8
1ung,6.8
4cli,8.89
3qj0,5.2
4odk,3.8
3r24,5.25
2z50,4.95
4wks,2.7
2qp8,8.1
2nq6,5.82
5ykp,7.05
4tz2,3.46
5zk7,6.71
3wmc,6.51
2fl5,8.74
4lq9,4.85
5f91,5.2
6np3,6.47
5op6,4.68
2vxn,5.0
5mgk,4.0
2nno,6.4
1uxa,2.3
5zkb,8.7
5uga,6.79
3lpi,8.52
1q54,5.85
4gy5,6.82
3m8q,9.52
2xj0,2.82
3tiw,7.67
1xa5,6.5
3sut,7.85
3c8a,6.18
3wf5,7.09
5k0c,5.96
3n4l,7.23
3mta,4.3
3hxc,5.28
6rqk,2.8
3r5m,4.34
4ocx,11.44
5l13,6.96
1ctr,6.0
2kfh,2.62
3h0w,6.22
5iay,5.8
4jai,8.4
4bcj,7.96
3pax,5.0
1fkh,8.15
5l7g,7.8
1jsv,5.7
2h6q,5.11
6c9s,7.32
3wc7,8.26
5myd,4.86
6n19,3.02
1wb0,5.35
6mqc,8.28
6hcu,7.82
3d0e,8.4
2oxy,6.52
1xnx,6.38
1v2p,4.73
6gj6,4.7
6f3d,8.4
4rj6,7.12
4bo2,7.3
4rac,7.52
5yyf,6.48
6p89,5.01
5v9p,6.14
2bet,2.77
5ix0,6.28
2p3g,6.9
5ybe,6.24
5ap6,7.88
4j4n,6.88
6asu,5.21
1q6k,7.59
2c94,6.82
2pj1,8.01
1x8s,5.1
4dy6,4.4
4o7b,4.7
6moa,7.08
1drk,6.82
2c90,3.48
6eyb,5.37
3qxt,5.22
4u54,2.06
3x1k,3.59
3c45,9.68
2zmm,7.6
5ufc,5.16
2csm,4.3
5qax,3.8
2in6,7.64
3b4f,8.14
2g9x,7.35
1wbt,6.47
1awi,4.05
4p4t,4.39
6mlw,3.74
5mk9,4.42
3m6r,7.49
4kcx,4.43
5n24,8.92
2r5b,8.6
4gby,3.46
2fgu,9.18
5ega,5.06
6r49,2.1
1ec9,3.1
4nhx,5.72
6h7o,9.85
3d67,4.96
3ken,5.4
6fff,7.3
4huo,4.7
1x07,3.28
1hn2,6.0
3khj,7.55
3d52,3.28
6ten,9.77
3oj8,8.36
2wo9,7.21
6cn5,7.7
1qaw,5.12
5er5,3.67
5wyz,7.68
4iic,4.85
2yde,3.72
2cji,8.22
3h1x,5.89
2qi3,10.2
5zo9,8.2
3msj,3.11
4jbs,7.96
5ixq,4.7
4na8,8.82
4x11,2.22
4uub,4.76
4yas,3.41
3sur,4.15
6s56,5.1
4leq,6.54
3dxj,6.22
2fyv,3.52
2x2r,7.12
4a9c,4.61
4hfz,5.72
2i3v,6.55
6bod,4.26
3pb3,6.22
1g05,8.51
2ojf,6.96
1cze,2.62
4g8r,7.66
2oyl,6.3
4h1j,5.92
6gu3,5.36
1jq9,8.45
1c5o,3.49
3zt3,2.86
5z4h,3.02
4nuf,5.3
2yiv,2.78
6hkx,9.34
3wf9,6.25
1els,10.82
2y68,3.6
3okp,4.72
1b5g,8.0
5vom,6.1
2x6k,5.64
4ks1,8.82
6g4n,5.64
3ry8,3.34
4pft,8.64
5wzw,5.91
1oe0,5.16
5ofi,4.2
6oh2,5.2
6a93,8.16
2wed,6.1
3gxz,7.89
2xk7,5.82
1yt9,8.3
5c7a,3.31
1t31,8.64
4xs2,5.82
2xxn,6.41
3k5k,7.64
6r1b,5.44
6f8w,4.64
5hey,5.66
4nw6,8.4
1e72,3.22
4yv2,7.29
2r0u,9.0
6g2b,3.8
6i18,4.07
2l7u,3.98
1h1q,6.0
3ctj,7.46
5ea5,8.06
1evh,3.22
3wke,8.89
6i0b,8.04
6dih,2.72
2w12,4.65
2uz9,5.71
4hlf,6.06
4tk5,7.49
4xg8,8.72
4do5,5.83
3t6y,5.52
6gmd,3.69
3lkj,4.6
5i9i,7.3
2j4k,4.85
5dgj,4.73
6cnk,7.77
4czs,5.0
1nju,7.3
5u13,5.41
3opp,6.28
3shb,6.03
3zov,7.22
4es0,6.99
1u9l,5.02
2yfx,8.09
5mxv,4.92
3amv,7.97
3kfc,8.55
5ndf,5.85
2gfj,3.82
2g9r,6.08
2hr6,4.82
2qtt,4.32
4oee,5.76
5ime,8.34
5iyv,3.87
5a3q,8.6
1l0a,4.62
6i0p,4.4
3eml,8.74
6g93,7.96
4ds1,4.75
6n3l,7.57
4jfd,4.44
4bgg,7.82
4pre,3.74
1k4h,5.11
4rd0,6.62
3tdz,6.82
2anl,6.96
2bok,6.55
4qjp,8.6
5a4e,6.4
2ay1,2.29
6guf,6.65
4yat,5.03
4cix,4.47
1dzj,5.89
5q0v,7.69
1gyx,2.48
6b1c,6.95
1f8a,5.0
4e1n,7.17
4qjx,7.28
5tw5,7.42
4nra,4.19
5zla,4.3
3q3k,8.13
1o5e,5.74
5hh4,5.96
1o4h,2.44
5ni0,5.74
2pvh,6.59
3ekt,10.59
4q8y,2.64
4oag,6.3
6eog,5.8
6hp9,8.25
5zag,6.97
2v8w,6.82
6d18,5.85
3lk0,3.16
4o28,7.54
5hdu,9.0
2hmu,7.7
4a9s,7.21
6f34,4.94
1t4v,7.68
6dxl,5.8
4e5j,4.73
2xk1,5.74
2d0k,5.02
5v84,6.7
4jbo,7.62
2jkp,4.23
1nhg,7.3
4hdb,8.05
3oot,8.7
1xdd,6.7
4qf7,8.6
6s90,7.89
6p85,4.99
5j64,6.85
4m3b,6.4
3ryy,7.42
3p7b,7.74
4m8e,7.89
1hwr,8.33
5g5v,6.7
3atu,8.3
4y6m,7.15
4qz5,5.26
3lzu,10.06
6eum,6.52
2nq7,5.54
6o6g,6.52
5dpw,5.37
2obj,7.3
6nkp,6.52
3mn8,6.17
3i7b,7.18
6jno,6.63
5wp5,5.34
1e34,2.88
3atw,7.01
2jdh,6.51
5f2p,4.43
1hsg,9.42
1yei,7.46
5uz0,7.8
4frk,8.1
5a54,6.15
5xiw,4.96
3wnt,6.28
2phb,9.49
3ztx,7.74
1bgq,8.57
5lmk,7.43
3n3g,7.24
1ycm,8.0
4bak,8.91
6nfz,7.8
3bys,9.3
1g46,8.8
3rl3,7.17
5c4k,4.56
3gk1,4.1
5tt3,6.71
4ikr,6.23
6cee,4.19
2gcd,5.52
4j3j,7.51
6c85,3.9
5j9y,7.24
1ga8,1.8
1o2y,5.85
6f96,7.72
4q6e,6.18
1yrs,6.35
5wh6,7.92
5lca,4.48
4pku,4.52
4uda,7.59
1kds,5.77
3qxv,8.4
5q0u,6.76
6hu2,5.9
4ay6,5.12
2opb,8.74
5wzu,7.0
3o1g,9.0
3ik3,8.7
4pv0,9.07
2pvj,8.1
5wg5,7.18
3qwc,4.26
4pum,6.73
2cbs,8.22
4ch2,5.99
3km4,8.89
4yab,5.07
1ylv,2.7
1zzl,8.3
1qy2,5.74
1v2k,6.19
4iu4,5.0
4cu1,4.71
6op0,7.86
1jp5,9.22
6hke,7.68
1ws5,3.03
2k2r,2.89
2v12,9.05
3oim,6.74
5l8c,7.0
3nhi,8.43
3eb1,4.79
3inf,7.4
3vf7,9.1
4ijh,4.33
4lxk,8.4
5zee,2.8
5db3,7.92
6avi,5.71
3o9d,10.72
1ezq,9.05
4l1u,5.26
5x27,9.4
1utz,5.85
3sdi,8.33
2vr3,4.98
5etr,6.52
5dxb,6.28
3bsc,4.48
2jkk,8.2
3kpv,3.74
4nj3,6.52
5b6c,3.66
4hwo,8.54
5u5t,5.41
5i4o,7.28
5ovv,4.48
2h5a,5.1
2iqg,8.3
2q63,7.18
1v0o,5.26
5uwi,5.8
3twu,5.62
6cqf,8.35
2h9t,4.7
4hl5,6.35
2wic,5.39
4dk8,5.74
3hkt,5.39
3r5t,8.58
3b0w,5.7
1mf4,7.99
5a4q,5.54
6fod,8.15
6aff,5.41
4qwr,5.93
2ha3,3.03
4a4f,2.88
4tjz,5.97
1lqf,8.3
4ju4,6.47
1q3w,8.4
5f5b,3.95
3hnz,7.72
4i11,4.57
5cs5,1.58
3wv2,7.92
6g9b,3.24
5i9x,7.52
4non,5.24
4j0r,6.41
3t3g,5.49
2jst,2.59
3iod,4.1
3h52,4.85
3egk,4.66
3ujc,4.59
5gn7,6.05
3eor,1.4
6hlz,7.33
6i9a,10.0
6iuo,7.79
3eks,5.7
4lh5,6.7
3hdn,7.2
6g2e,5.01
6ftn,6.7
5cp5,5.91
4jx7,6.91
2l1b,3.96
2kmx,4.08
5db2,7.6
3c84,7.85
4rrg,2.81
3jup,5.58
5l17,9.3
5w7u,8.05
5zdc,5.75
3b8z,6.54
4ux6,5.92
4m4q,7.96
2qu6,8.52
5vja,6.59
3wiz,8.36
1uj6,3.05
3s2a,8.09
3np7,4.02
5h08,5.96
1ga9,7.08
2ovz,7.89
4ob0,5.3
3h3c,6.85
3g72,9.1
3in3,7.22
4hy9,7.1
3pcj,7.22
1pa9,4.6
3nf6,3.53
1os0,6.03
4gm3,9.0
5x13,5.21
4wk1,5.89
3waw,6.24
5ork,3.63
1o47,8.4
2adm,5.7
5oh4,4.55
5ho7,4.77
3e8n,7.72
3h5s,8.3
2gqn,5.35
6ajg,5.78
5ha9,5.78
3mg4,9.3
4wnk,6.42
1h8l,7.47
4ibm,5.74
3r8u,5.3
1soj,6.62
2dq7,8.32
4k19,8.36
4eh5,3.09
4os5,4.63
1osg,7.52
2qm7,5.89
1bky,3.84
2z8e,8.0
6by8,6.91
4bnt,3.86
4p4s,4.94
1hxw,10.82
1aw1,1.05
1agm,12.0
4w53,3.99
2bpm,8.7
5vcy,6.57
2qmj,4.21
4h2j,5.32
2vl8,4.52
1h27,5.6
3lvw,2.67
6s4n,6.79
5d45,6.92
1b9j,5.96
6g8n,5.84
4rj3,7.03
4abb,4.51
2w85,5.04
6g6w,9.7
5u0y,6.08
2bpx,9.4
2ya7,3.14
6q36,7.6
5mes,6.47
5dia,10.46
4xe1,7.11
4msa,3.3
3nzc,7.02
2ay3,3.55
5lwe,9.96
6qg4,8.07
3n7r,7.7
4o76,6.89
2hs1,8.48
1a5h,6.3
4m2u,8.04
5mo0,4.68
4hvh,7.72
6bfw,6.66
4el5,5.37
5j6d,8.22
4j1i,7.4
6h75,4.38
2euf,7.82
6akw,7.22
4oak,4.22
4a4c,3.61
6cqz,9.64
6afj,6.28
3lxk,9.8
1fo3,6.7
4crl,9.71
5ai0,3.69
3osw,6.15
6iph,6.66
4yoj,6.39
5tg7,4.53
6gcw,8.64
5ygi,7.05
4zxy,6.4
3ggw,5.54
3mbl,7.74
5m6h,6.82
5tnt,8.31
1tv6,5.4
1ela,6.36
4qme,6.52
4cga,6.4
3fcf,4.4
4mrf,1.95
5k76,8.3
1uyc,4.39
6fa2,6.66
4d1s,7.66
6n9l,6.7
1w8m,1.6
2qk8,7.91
2fr3,8.7
4z1e,8.24
5ltn,5.27
4jv8,5.85
3bh9,6.93
5qim,11.22
2yga,4.61
6sdc,8.9
5tur,6.05
5jna,7.35
3c52,7.3
3c7n,6.7
5knr,5.85
5y20,4.52
1wm1,6.3
6qr4,6.23
5em5,6.58
6hoy,4.48
2o64,6.47
2zlf,4.51
5lvd,2.62
1dtt,8.3
1at6,4.07
3i6z,7.3
4myq,7.49
4knb,7.33
2r3w,6.89
6od6,8.21
5ywg,8.34
3ara,6.49
5ea4,8.11
5uac,8.3
4ucs,4.21
16pk,5.22
2xtk,3.79
6d1u,5.44
6mi6,4.54
4idv,7.4
1bzj,4.66
5tz3,6.85
6eq7,7.0
5wxg,3.86
1csh,7.55
4oem,5.3
3pvw,7.27
2qc6,7.0
4pnt,5.82
2yiq,7.9
5tgc,6.7
4bf1,8.62
5vo2,6.81
3fu6,3.97
5wxo,3.68
1flm,9.37
4mot,7.3
3btl,5.96
4j0v,7.55
6d1j,4.25
3zdv,5.48
3qgw,5.89
3tmk,6.87
3qk5,7.74
4b80,4.4
3ck8,3.84
2x4o,4.77
3fun,6.72
4hgl,8.1
3s2o,5.05
3c2o,3.35
5m3b,6.92
3erk,4.74
2pnx,5.1
3rf4,6.25
2rkm,3.9
3nzw,5.82
2b1i,6.82
5tob,8.82
4cu7,7.59
6e9a,11.92
4eke,4.48
1bmq,7.42
5icx,6.96
6me1,7.92
2zx9,10.27
6fu5,7.5
2exg,4.3
3sie,7.88
3ds3,5.22
1y3w,5.77
5lt6,5.41
1qf2,5.92
4tmp,5.43
6q9l,8.41
5km9,4.25
4url,6.3
1kc7,5.52
4mny,5.71
4z83,7.4
5ji6,7.96
5zty,10.12
2qhm,6.18
1lxf,4.1
4azp,5.9
1pyg,5.52
4uiu,7.9
1q63,5.85
3hp9,4.59
4ymj,7.0
5zjf,4.54
5alk,6.6
4b35,2.89
3n87,4.96
4ezz,5.19
4psq,6.36
2lh8,4.18
1x0n,7.7
5em7,7.72
2y7p,5.47
1met,9.4
4a4h,2.77
2xni,7.37
4zwz,8.7
1mm6,7.7
2i03,9.0
3f34,3.16
2pfy,6.52
3pa4,8.52
6alc,7.51
3cth,6.96
4qab,9.7
6iyw,7.23
4lbo,5.77
1tqf,5.85
2f01,13.0
3f48,6.29
6htg,7.17
3mfv,2.52
3mnu,7.32
4dx9,5.3
1rlp,5.1
3oag,9.51
5l0h,5.64
4m7c,6.12
6csr,6.84
3o23,6.3
3kr4,7.6
1r78,8.52
5mim,7.34
5iua,8.82
3tn8,6.13
3tsz,4.46
2bgn,5.7
3f8e,7.23
2bz5,6.15
5ol3,5.36
5cfa,6.54
5mxr,5.21
4fhh,7.46
4hz5,5.92
4alw,7.57
5jf6,7.21
6hgi,6.22
6jbe,4.7
6fmk,4.67
4jq7,6.41
5fwr,7.75
6bfn,8.03
5nn4,1.94
5kx7,7.44
3qkd,8.38
6g8i,5.17
3gw5,9.33
5wcl,4.52
4efu,6.6
5ny6,7.87
1udt,9.3
6fi5,5.52
5w19,5.3
4arb,5.89
5y6e,7.86
5qad,3.77
5mi7,7.11
4mw6,5.78
4bw4,6.2
5kmh,4.62
1v2n,5.9
3vhk,4.6
5wev,6.82
4xiq,7.07
4a1w,7.3
4b3b,3.6
2c6k,6.14
3udj,3.62
4onf,8.92
4aa5,7.8
6df1,6.56
4oct,5.05
1noj,3.15
3rhx,6.08
5wlg,4.72
2loz,4.06
6hld,9.21
3bh3,6.15
2fxu,8.15
3csl,7.22
1p04,7.4
4rj7,7.66
3qbn,8.23
1bhf,4.38
4jaz,5.04
4djs,7.89
5h19,6.49
1n7t,6.82
5wfm,6.52
3qpp,7.92
1tps,8.0
3s43,8.6
4b76,4.54
4tt2,4.66
6dhu,3.13
4k75,4.25
4zo5,9.82
4ufe,8.15
5knt,4.43
4bzr,7.6
4ca7,7.36
4c73,4.92
1ssq,6.0
4gqq,2.89
6e7m,6.66
2i1r,5.01
2wij,3.2
4m5j,4.84
5ogl,4.31
6h0u,6.77
3k5i,4.7
4mbp,5.64
5fjx,4.96
6qmk,7.46
1p6e,2.92
4bzn,5.84
4ke1,8.6
1hmr,6.55
5t2b,8.3
3bc3,6.81
5a4l,5.41
5toe,5.6
5n49,6.33
1ld7,8.96
4mzj,5.8
4mk9,8.05
1jn4,4.95
5tq1,5.49
5wa9,6.76
4z2k,5.78
4nyt,2.39
2l65,4.22
3dcs,7.94
1bzs,8.0
4gq6,7.28
3nu5,8.35
2wbd,6.64
5yl2,4.5
5bnm,4.82
6rln,8.2
3nan,8.22
5vsc,6.29
2x6d,7.92
2xp2,9.0
6aee,5.37
5nhf,9.49
4d85,6.85
5c4l,5.64
5hng,4.03
4rxe,6.64
4w9e,5.15
3rdh,5.03
5ayt,6.77
4mwc,5.87
6br3,8.72
2x6f,4.59
3kwj,9.3
3h22,5.1
4dhl,4.48
2ovv,7.92
1cnw,7.72
1swk,12.0
6mo1,6.54
5kw2,9.09
4yuy,3.34
6e99,6.0
5elv,6.8
3ove,6.57
4eox,9.55
6c8x,12.3
2wj1,8.72
1rmz,8.0
5mhp,7.82
5iz6,6.64
5cxa,8.05
3uwk,4.24
3ohf,7.03
6phx,3.32
4lp0,8.0
1sh9,6.03
2i3z,8.7
1jm4,5.0
6oy1,10.24
4ef4,5.35
4ayq,7.33
4kp0,8.65
4jfe,4.51
1olu,4.41
1wtg,7.03
3k0k,5.43
3k5c,7.77
4amx,2.19
1yye,8.57
6cjp,8.11
4cfx,5.06
4bhn,8.2
3m40,6.77
2vd4,4.74
6mo8,5.84
3t19,8.66
3cl2,7.59
4c70,3.52
6n4e,8.0
5zk5,8.37
3lbl,7.44
5mwh,5.74
1ynd,8.44
4c1d,5.36
2i5j,6.3
5enm,7.15
4io6,4.82
5cu4,6.49
4e35,4.62
5qay,3.23
4yjn,7.92
2w1c,8.0
3k5d,7.28
2qh6,6.0
4jvi,5.3
5w73,6.3
5hbn,4.89
3t01,4.48
4e90,8.1
4dho,3.93
4akn,6.1
6htn,6.07
2mji,4.25
5e1d,5.39
6mtu,5.22
3vbx,4.77
4yt7,8.77
5ywy,7.23
2y4a,4.38
4cbt,7.3
2bkz,8.15
2a2x,7.69
5q17,5.25
6ugp,6.16
5bqs,5.64
3ocb,8.3
4ewr,6.27
3ixk,8.18
1f2o,1.91
1tr7,6.82
4ju7,6.17
4l7r,5.02
6g33,8.15
6egs,3.59
6q6f,3.35
3ov1,5.2
4pqn,9.15
6s88,6.17
5m4q,3.51
3vw6,7.85
2a4g,7.18
5tq4,8.38
6h4r,7.03
4nvp,7.57
5o11,6.67
3ozr,5.15
5jga,8.64
2oc4,7.07
1d6s,4.11
5vee,6.11
3fyz,5.8
1c87,4.2
3m59,5.24
3dcv,8.52
6cdm,9.09
6hdo,6.6
4cpu,7.53
4g8o,7.66
4ohm,7.55
4bxn,8.0
3ivv,5.43
6m9d,7.35
2yhy,5.6
6jz0,7.82
3wtn,7.04
3guz,4.38
3p44,8.01
4mw0,7.41
2q8g,7.06
1bl7,7.72
5lgp,7.04
4mdn,6.22
2bj4,4.47
4li6,6.97
5mxo,5.27
5am0,5.88
6te6,6.57
4xhl,4.43
5n84,7.96
3zrk,6.89
4w9w,7.48
2ycf,10.52
2pvv,3.36
4hxs,5.39
2xhm,6.8
5koq,9.24
1k1j,7.55
4qxr,6.0
1i33,4.12
3iog,5.52
3h8b,6.29
4dma,6.19
3d27,4.25
6o0m,9.34
4yk0,3.74
4xv9,6.72
3qw5,6.45
5tb6,5.82
4zx0,8.0
3vfj,7.04
1qsc,3.68
6np2,6.8
5hln,11.52
2np8,7.38
4zyy,8.05
4q1c,8.7
1utr,8.0
3tti,8.22
5v7w,7.12
5v3x,6.59
2o9v,3.54
5y59,5.29
3f33,3.34
6cis,6.87
5eec,7.1
5ezx,7.06
4b6r,5.85
1lqe,5.82
2uw8,4.11
3iof,5.22
5d6q,5.24
4x8t,2.05
4wwn,6.07
2pjt,6.07
3vyf,8.8
4c5w,5.48
5kzi,10.0
4btm,5.39
2rkg,8.09
3c56,7.89
1eas,7.74
5tpc,3.0
6a6w,5.43
6oin,6.0
4ia0,7.11
5nze,6.39
4ybk,7.82
3h0y,8.22
4pni,6.09
3ro0,4.5
4lbp,4.94
4m12,6.05
4i8z,11.05
3lmp,6.21
5ier,4.89
2zxg,8.82
3mdz,9.1
4y2q,2.92
4ew3,6.74
3oys,8.05
3ex3,4.44
2ew6,4.97
2w0s,3.3
6ql1,6.48
3krr,9.32
4qtn,6.85
6axp,5.07
3qx8,2.86
1b3l,5.89
4k8s,7.44
4odn,6.74
6f4n,5.22
2pj7,7.77
5wbf,3.81
3ckb,2.98
4c66,4.1
3i8t,3.22
2o4j,10.1
4l0l,7.27
2f70,4.47
1c1u,8.25
3s8o,6.85
4awo,7.62
5cst,6.96
5y7j,7.29
3g8i,7.42
2a3b,3.33
1way,3.4
5xii,7.12
4flp,6.72
4lxb,8.15
3db8,7.0
6e7w,6.52
5xs8,5.41
3peq,7.5
4uua,5.24
4jfl,4.98
4mnw,5.76
4y5i,3.52
5ugh,6.77
3pn3,6.4
2q7o,7.92
5j75,6.82
4knj,7.95
3fei,7.7
4o3a,2.59
1los,7.19
2vth,3.92
3cy2,7.22
3fh8,6.74
4aw8,7.66
5hja,5.96
4l9i,4.89
4wph,5.8
3ezv,5.98
3k3h,7.06
1xhy,6.18
1q4w,6.46
1xs7,7.6
5abe,3.05
1xxi,5.52
3i3b,2.23
4uiz,4.7
3o0u,7.92
2x6e,7.82
5eb2,1.11
2zyn,5.92
1sj0,9.1
1gsz,7.21
4gfd,9.48
3wf7,6.69
4lh6,4.11
5apj,7.4
5x4n,4.17
3as0,4.55
4hni,7.49
5kmf,6.29
1tmn,7.3
6fgy,7.15
1c12,8.72
5var,4.09
4i60,5.73
1a7t,1.64
2ihj,4.59
5td7,5.77
1nu8,5.42
1b0f,7.7
3miy,7.68
2cgr,7.28
3c7p,10.0
5ehw,3.0
5uhi,8.04
6iae,4.7
3lm1,4.7
5ak3,5.07
1tou,6.0
3lce,3.81
5oku,6.26
2x2l,5.28
4qp7,5.23
1okv,6.17
2vur,4.52
5ops,5.06
1ibc,10.25
4w50,5.85
6g91,5.49
5a82,5.6
6ibx,8.7
4nyj,3.49
4k2y,3.33
3gbe,5.0
3dgo,6.74
4op2,5.93
3atk,2.85
1jyi,4.0
6fdt,4.3
1o2z,6.11
2xu5,6.89
5fl1,8.49
1q5k,7.42
6g9k,7.4
5d6p,5.6
1c5t,4.1
3aau,5.05
6i62,6.8
3bxh,4.03
2xln,4.48
6pi6,5.66
2e91,6.59
2xyu,5.35
6a1c,8.15
4a22,8.49
1gbq,2.46
6fmi,5.03
5i83,5.39
1qbu,10.24
1sgu,5.37
3uwl,3.68
6mum,8.41
4zh3,4.4
5oa6,5.51
3ua8,7.85
4x3k,4.56
6g8m,5.38
4djo,11.52
5j3l,4.8
2c1p,5.4
1pi5,7.77
5eps,4.42
3h0z,8.37
3vap,8.4
3zzf,0.4
3uf9,2.11
4ad2,6.2
1c5f,6.07
5ejw,3.3
4zy0,8.04
5a0b,8.3
6n3n,8.74
3c8b,6.1
2iw8,6.99
4lj8,5.82
3sv2,4.19
1so2,9.57
5dqe,3.63
3zmh,5.28
1zz3,6.54
2oji,7.07
6u8o,6.54
4ixv,6.62
1sdv,8.74
3as2,3.44
1gt4,6.52
4os2,6.7
6jn5,5.15
4ys7,9.0
4pzx,6.0
1bv7,10.3
4nzm,6.85
4ylk,6.74
1oj5,6.1
6ps4,9.89
4abi,8.2
4io7,3.68
1g7p,7.05
6eyt,5.72
1ulg,4.21
4igt,7.89
3vbg,7.48
5f1c,6.13
5goe,4.34
3u10,5.44
4ui4,7.35
3bkl,6.17
5a6i,7.25
2ybu,6.38
1tl7,7.92
5a14,7.3
1mcz,3.0
6bx6,6.48
1lhd,9.62
4luz,4.7
5ezz,6.84
1qvu,4.46
1rpf,3.99
3tv4,6.96
3l3l,7.48
4msk,7.2
3kvw,6.89
5myx,8.16
4duh,5.18
4ym2,2.85
5v24,6.4
4u03,5.77
5ur9,6.05
3rt4,8.8
3gi4,10.8
6fam,4.01
3wd1,7.66
5i8b,6.96
5aad,6.67
2lsv,5.27
6imr,5.37
3q2j,4.18
6q6o,7.54
1ec1,8.92
3mxc,6.54
3h06,3.53
4ggz,10.18
1vyf,8.05
4d3h,6.43
4bdj,5.14
4kzc,8.09
6qxd,6.02
1kwq,9.21
4wvu,5.71
5k1f,4.79
5agv,9.7
5e1e,7.66
3v5g,7.13
4caf,7.12
1ua4,4.22
5hdv,7.82
5oua,5.57
4agl,3.65
6gcl,4.47
6gy0,7.32
6phr,6.7
2b8v,7.01
6n0p,8.89
1tok,2.47
1zaf,7.7
5fjw,5.4
4zzx,6.9
2xpc,3.9
5izu,7.27
1uyh,4.84
2pyy,4.6
2vvt,5.24
4kab,4.03
4d1a,4.72
2k2g,8.12
6b5t,8.66
1c5y,4.2
4n9a,4.19
3ljg,7.73
1dm2,7.15
4anw,7.74
3v3m,5.32
6gmq,2.3
3t83,6.98
4bo0,6.7
5kzq,8.28
4pkt,4.83
2f1g,7.54
5w5v,6.1
2i0y,7.62
2v11,8.52
5zg3,7.21
6md8,2.38
3suv,4.55
6r0k,7.92
2odd,3.96
6gr7,5.5
1i8z,8.9
3wtl,7.04
5ybi,3.49
2qnn,7.15
5cdh,5.37
3zq9,6.02
4etz,6.3
1tl1,6.42
5zaf,6.78
1at5,4.19
3oaw,8.15
2cfd,7.49
3zbf,7.52
4gj3,8.85
5urm,5.28
2hdu,2.3
6do4,7.68
5nkh,7.59
6jb0,7.24
4dro,5.41
6qfq,7.1
4x1n,6.42
4cqg,9.39
6f29,5.49
5h6v,6.68
1km3,4.91
3vf5,9.34
4o44,7.85
5dus,5.53
5uoo,8.85
3d91,9.15
3c88,6.8
6dyy,10.55
5hcx,8.39
5xv7,7.96
1v2s,4.17
1a1e,6.0
5c7d,5.11
4jln,7.78
4e3l,8.52
2fw6,2.92
3rx7,6.03
