PDB_code,-logKd/Ki
1bju,4.8
4x5r,7.85
2bgd,5.0
3fpm,5.05
6d3q,8.47
6olx,5.38
5jsq,4.67
5web,8.0
6bau,4.51
5zun,9.19
6hjk,7.6
5svz,5.92
6h1i,7.36
4ase,11.0
2j94,6.27
5ezz,6.84
3c6w,5.62
5loh,5.04
4aba,3.82
6e3z,7.76
6ap8,5.1
6nrh,7.26
5lav,6.09
4bqs,4.21
4qgh,9.0
3que,8.82
5fl5,8.19
4m0e,6.22
5qap,4.0
5fyx,4.16
3wcf,7.28
5zkc,8.19
6au5,5.57
2g1y,7.05
2h2j,5.38
4hbv,4.64
5o9p,5.09
6e9w,6.55
5zwf,8.74
6quv,3.0
4e9u,5.82
4z1s,6.1
1zs0,6.15
3wix,6.27
5std,10.49
3k9x,8.4
4d1a,4.72
1usk,6.4
6i75,4.64
3moe,4.3
5nt0,6.55
3udv,5.59
4prb,3.88
6kjd,5.05
2p2h,7.17
1o5f,6.07
1y0x,8.7
4lm0,3.25
6qmk,7.46
4f7v,5.38
2w06,7.08
4o6w,8.52
6fii,8.02
1u9l,5.02
4o9v,8.0
3bu8,6.92
3wzn,7.0
1xge,4.68
6g9i,3.93
6iby,7.82
3l13,7.82
6gon,5.67
1h27,5.6
2f2h,5.7
5i5z,9.05
5ieg,5.74
2w8w,2.12
6bgw,6.68
3m94,5.08
4ff8,6.4
4x6j,7.8
4c4e,7.6
2fjp,8.37
6eya,7.48
4gk4,7.85
4pv7,6.63
2vcq,6.04
2xbw,8.0
4erw,8.15
3qxv,8.4
6c2y,6.6
4mcd,5.33
4erf,9.4
2y2j,4.8
4trz,5.03
5znp,4.69
5op6,4.68
2vwy,7.05
6h52,7.17
1n3z,4.2
3wha,9.32
2oxx,6.7
4pgc,5.88
3ccw,7.87
2jkh,8.05
6qfv,7.31
1b0f,7.7
6cec,4.35
1hwr,8.33
4k5l,4.96
5w1w,5.52
4uia,6.72
2ym6,6.06
4pmp,6.4
5km0,5.31
5ubt,8.62
3v5j,7.96
5gvp,6.78
1o4p,2.6
1sgu,5.37
2x97,5.66
2er6,7.22
1j07,7.68
5drs,8.96
6qfg,5.52
3p8z,6.09
1gmy,7.35
4u44,8.1
6i65,6.41
6cvd,4.0
4bis,5.85
5tkj,8.15
3fu3,2.84
2pov,7.12
1izh,7.7
2krd,2.7
5f4l,7.62
3e7b,9.8
6p1l,8.7
1xow,9.28
5ttu,7.33
5xof,4.01
3ff3,3.57
6ocz,8.52
5jdc,3.98
4eh2,3.16
6qw7,6.33
2pmn,5.2
4h2m,5.21
1pzj,3.49
3lf0,5.71
6qqq,5.17
4jfe,4.51
3ubd,5.54
3obx,3.89
5f0f,6.0
4xtw,9.03
4qwx,6.27
3vfj,7.04
4lch,10.62
4tk3,5.1
4hmq,8.24
6g8j,4.76
3oyw,4.11
2jdo,6.64
3nnx,7.96
3hf8,6.51
1qm5,5.82
2qch,3.6
4mwb,6.49
3qaa,11.54
4mha,8.28
2csn,4.41
5ceq,7.38
3fyz,5.8
3gy2,5.74
4p5e,5.55
1o3g,7.96
4fgt,5.41
6t1n,5.46
5tqe,6.72
2xab,9.27
3lpu,5.86
1bcj,3.7
5hfj,4.39
4ds1,4.75
3rkz,7.08
5emj,7.48
3g70,9.4
4tim,2.16
5niy,4.22
4h2o,5.52
4tk4,5.1
3sym,4.57
4xar,6.97
3ck7,4.05
6pgo,4.7
3t1n,6.1
3dp3,5.82
2ohq,4.6
1nja,6.31
4raq,6.72
3tib,6.89
2yj2,7.92
5j8x,8.8
3sh0,5.66
5vl2,8.42
5jn9,7.79
3anr,6.46
5er4,2.76
4gtq,8.3
5mme,5.85
4z2l,5.85
3ies,9.92
1wug,5.8
3pcg,2.3
6j06,6.59
6dql,7.89
3vbt,4.43
3qn7,6.8
3mfv,2.52
5cuu,4.37
6q9u,5.89
4q4r,6.43
2y5k,6.66
4k7i,2.82
4yvz,5.52
5v6y,8.47
3tl0,6.59
1agw,4.7
5n2z,5.31
5hip,6.05
2o4h,6.52
6hsk,7.03
4mt9,10.0
1thz,5.15
4z07,7.99
5mge,4.06
4gcj,7.7
4bgk,6.28
4k3p,5.8
4kxm,5.59
6cve,6.8
6a6k,7.46
3li2,9.0
4e70,5.28
5t7s,4.1
5q1h,5.1
6nfn,7.7
4n8r,5.0
5iok,5.02
4ael,7.92
3t0d,2.37
4umr,3.8
4obv,0.75
6bh8,5.12
3h0z,8.37
5a8y,9.77
4bdc,4.93
6qtx,4.41
5ikb,8.72
4loh,6.96
5npb,7.09
4wn0,3.22
5yfz,6.96
1w9v,6.34
3p9t,6.2
5i4o,7.28
3kba,7.8
3su1,6.68
5jcj,4.42
4wup,9.82
3p3h,7.44
3atu,8.3
5ew9,11.0
5tyi,6.89
3fhr,6.68
1gj5,4.96
5wio,5.03
5nwz,9.1
4cr5,4.15
2w9h,6.37
1yys,6.33
2wtd,6.68
1qiw,7.74
6mh7,5.74
3l4w,6.0
3h52,4.85
3rk7,6.7
2a4l,6.4
4txs,3.0
4tzq,6.52
4xnv,6.79
1rm8,9.0
6r1a,4.35
4l34,6.94
6oa3,6.4
5q0m,8.1
3i7e,10.85
5qqo,7.77
6n4t,8.09
3jqb,6.02
4ewo,7.36
3fej,6.13
1eb2,6.01
4hfp,7.38
4ih3,4.82
4hwr,6.74
2w7y,6.08
4r93,7.8
4zx6,5.27
4qlv,7.85
4ucu,3.35
2k0x,5.68
5cyv,4.96
1b6k,8.74
4qgi,3.9
2ybs,4.59
2y1o,5.09
3s7b,6.3
1k4g,5.85
3t3e,5.99
4zw3,7.57
1pl0,8.22
5hbs,7.73
3veu,7.26
5egs,6.01
5za8,6.29
3cib,7.85
6h4o,6.89
2wqb,6.27
2pgl,3.59
2jc0,4.7
3nrz,5.34
4tz8,3.3
3f8s,7.89
6ajy,5.28
2hk5,7.34
3w5t,4.52
2f3f,6.72
5nvy,6.12
4wbo,4.2
3hlo,6.21
1tcx,6.95
2ow2,8.22
4gu6,7.36
5el9,7.64
6b2q,8.05
1mik,6.35
5yjk,6.09
4j5b,6.22
1eub,8.72
4xk9,9.07
4wf6,6.3
1sfi,10.0
3q96,8.54
5uiu,9.7
3bpc,4.8
1njd,5.57
4pks,4.82
4hbn,6.1
5juz,5.52
6bg3,4.92
3fr4,6.19
1bma,4.59
3vb7,4.31
3zya,7.0
1tok,2.47
1fo2,4.7
1e3v,4.34
5aoj,4.68
4m5m,4.74
6qxs,7.13
4gui,3.64
4nau,9.06
3t83,6.98
6p1d,7.41
4gg5,9.03
6fi5,5.52
2aog,6.28
1oyq,6.96
1f2o,1.91
3iog,5.52
2k00,4.62
3pwh,8.72
5wzv,6.68
5lvl,5.9
4ool,6.85
4z2p,4.6
4fpk,4.24
5alb,10.71
3mxe,10.01
4r8y,6.19
3dab,6.68
5ti4,4.59
1m2p,6.11
6n7b,9.22
2gbi,8.52
3wk5,4.82
6cee,4.19
5a81,5.54
6i8z,7.8
4i7f,7.0
4bg6,7.16
3e63,5.8
1mfd,5.31
3f5p,6.85
3v4t,4.11
4uff,7.96
2oxy,6.52
1w1v,2.2
3o95,8.28
6cmj,8.3
5e7r,7.6
1r2b,4.94
5ai8,3.9
3uxk,4.93
3d9v,8.22
3rxo,4.08
4wke,8.1
6mbo,5.95
3v7s,7.05
2xs8,4.61
3mhi,6.7
3lp2,6.66
4b3b,3.6
5orj,4.77
4nq6,4.28
5y13,5.94
5ahj,8.23
6n54,7.75
4qye,5.92
4wvu,5.71
2yln,7.68
3hxd,5.05
1af2,3.1
6ikm,8.57
6b4l,6.47
6f8x,4.77
2rjr,1.94
6ne5,10.52
4ymj,7.0
1bl4,8.74
4o3a,2.59
6mzw,8.41
2l11,4.82
2evm,6.16
4qsm,7.41
2xn3,5.92
4dk5,8.4
6eg9,7.17
6qhb,6.3
4cli,8.89
3pe2,9.76
1hvj,11.4
5xg4,5.15
1jgl,8.7
4jfx,6.44
4joo,4.43
5zma,5.52
2am1,6.0
6f09,5.97
4u2y,3.99
5mkx,4.7
5oq5,7.7
4w9d,4.99
2pvj,8.1
6iez,6.52
4mz6,5.02
5nvz,6.77
5oh2,4.24
3blu,3.46
4pnw,5.05
2e9u,8.1
4cy1,6.74
1o1s,7.31
6bc9,9.43
3l3q,7.27
3q6s,6.74
3mmf,7.43
4tw7,7.59
6dgz,11.3
3ip8,2.28
4yax,5.82
4n6h,9.28
4b1c,7.1
2nsj,4.79
1qxz,4.72
3nal,8.1
6dh0,10.59
4f63,6.3
4dhu,5.3
4na8,8.82
4qjx,7.28
2hb3,11.35
5er1,6.02
3fjg,3.73
2gg3,6.24
1h62,4.77
4azb,7.24
2pqz,5.67
2adu,7.74
4q07,8.14
5ivn,8.85
4j51,6.59
4yff,8.0
1dbj,7.68
2jf4,8.15
5llm,5.35
5ajy,6.3
6iam,6.85
3krr,9.32
6jav,5.76
1f1j,8.8
4al4,6.89
4tsz,7.0
3l4x,6.89
2ow0,6.7
1xom,7.96
2k7l,6.15
3soq,4.57
3a4p,7.55
6f7b,8.89
5h14,5.06
3e4a,8.77
1usi,6.74
4e49,5.11
1wvc,4.46
3peq,7.5
1a85,4.52
1g5s,7.32
6fgy,7.15
5w0q,8.0
5ze6,3.35
2c94,6.82
3v5l,8.15
4o7d,3.0
4uxb,7.96
2wk6,3.32
3uu1,5.2
6prt,2.67
4ufd,9.68
5w8i,6.82
4hla,10.8
4flj,5.13
3cpj,4.72
2q2n,6.48
1qpl,8.51
4mpc,6.15
6peb,8.57
1mzs,5.15
4abd,4.4
3qj9,7.0
2x9e,6.74
2dwx,3.74
2gj5,8.32
4jg1,6.63
4w9k,6.54
1pro,11.3
3iw5,6.08
5d6p,5.6
4ptc,8.96
4r5v,6.15
4m1j,9.7
3n9r,7.15
5e0g,5.8
2jgs,6.62
1pxj,4.89
4ycl,8.15
5k1v,5.7
1t5a,4.62
5kqx,8.44
6gip,7.38
5myr,4.66
4dro,5.41
4civ,4.95
4o70,4.72
1gyy,3.64
2gfs,6.15
2mow,5.96
3vzv,8.04
2web,5.12
5yjy,6.94
4oem,5.3
5i94,7.52
6htz,6.74
4wvs,6.27
6g8l,5.0
4kwo,6.45
1g48,8.41
2c9b,5.54
1fwv,3.72
966c,7.64
6ajx,5.04
3fl9,1.11
3lk0,3.16
5bq0,7.82
4i6f,8.3
6duk,9.59
6ai9,6.74
3s9e,5.13
4hv3,3.94
4jbo,7.62
6q9w,6.24
4mma,6.04
3jzj,3.61
4b5s,3.49
1sqi,7.7
2c0o,5.91
4zun,4.59
1fvv,8.0
4je8,5.21
4oc6,7.07
5hn9,4.3
4omj,5.26
5tg7,4.53
4z2h,5.08
5afl,3.4
6at0,4.04
5ne5,7.41
3q4k,7.05
4lbo,5.77
4nk9,8.51
4ux6,5.92
6of5,5.35
2l8j,5.52
1bim,8.92
6h1d,5.6
1ceb,6.0
3dcc,8.96
4rsk,4.32
3pcu,5.29
1n5r,5.66
6ftn,6.7
2p1c,7.68
5wb6,10.7
2h21,6.54
3su6,6.02
3nox,8.66
2lbv,7.59
4mvn,5.46
1x39,9.22
2jqi,5.0
1npw,8.7
5yba,4.77
6dgl,5.52
2gpp,5.7
4jzd,8.3
1ke9,6.18
4wz8,7.21
3gdt,7.19
5nvh,7.82
4ixv,6.62
1sje,8.22
5c7e,5.0
5diq,5.17
1n1m,5.7
6mia,2.6
5nyz,5.03
4qtc,6.4
2z3h,4.64
5llc,9.52
4zj8,9.26
5bs0,7.12
4ge9,8.8
1yw8,8.0
2fys,4.36
1jtq,8.07
3cz1,7.26
5ggz,7.25
1ur9,5.77
5y3n,7.1
2wfg,4.42
4len,7.4
6h8s,4.42
5t1t,7.24
3r04,6.92
2xk9,10.15
4mc2,8.19
6fv4,2.92
5khg,4.69
4pnq,5.0
3bl0,6.92
5w13,7.66
1ow7,5.4
3u2q,8.22
2cen,8.3
1dm2,7.15
5z7b,4.89
5n53,2.55
6ny4,8.52
4tv3,8.72
4xtp,4.26
4nyf,7.31
3gws,10.09
5d24,5.24
4alw,7.57
3tcy,4.62
2h5e,8.25
6faa,6.75
4n7j,5.47
6fvo,5.55
6fzj,6.33
4iti,6.36
1a8i,5.52
4j5d,5.96
1qm4,4.3
3mrt,3.7
4yrt,2.78
4i10,6.77
1h8s,5.81
4ad2,6.2
4tpt,7.04
2h4n,8.7
5ewy,4.3
4a4e,3.32
1g3e,5.38
4kc2,3.31
3r1v,6.92
3zi0,7.4
3nf3,6.2
5km5,6.92
5v1y,8.15
1d5j,9.15
2ewa,7.94
5cs2,8.4
5mny,1.31
3zy2,6.46
3new,5.0
5myl,5.0
5nob,8.2
2ghg,8.82
6h29,5.62
5vfc,9.05
2ayr,9.29
3srv,7.5
1mhw,7.35
6g28,3.64
3mxf,7.31
2zz2,4.54
6rtn,6.63
4fev,5.42
4m3p,5.4
4cqf,4.3
3kpv,3.74
5ahu,6.78
6g7f,5.0
1mq1,6.59
3fw3,7.37
6s9d,7.8
5fut,6.45
1w3l,6.28
1oi9,7.16
4hyh,9.0
6f9r,4.97
1yk7,7.72
3hmv,7.3
5vc3,7.11
3nu5,8.35
5nr7,6.02
5mtw,5.72
4yk0,3.74
6n5c,6.43
4x14,2.92
4ok6,4.85
6dko,5.8
4mbp,5.64
5wzw,5.91
4w9j,6.23
4ec0,6.07
3ens,8.05
3od0,7.92
4onf,8.92
5ega,5.06
4k42,6.55
4fbe,6.99
2y7k,4.93
4ycm,7.72
3sfh,7.05
1xon,10.68
6o94,8.74
5moq,4.68
6o5a,6.29
6g3a,8.38
3ddb,4.02
1cyn,7.68
6qxu,8.15
1wkm,0.82
6j9w,5.13
1fki,7.0
2euk,6.6
3kqw,4.01
4pci,5.12
3zqt,4.41
5o9h,6.62
4c7t,6.4
5l7h,7.3
4yyn,3.96
1fw0,5.43
1hms,6.37
4yy6,4.22
6qed,7.13
5ncy,9.4
5e1m,6.72
5aqv,3.43
5m6f,6.66
4lrr,5.22
4d52,3.11
3ryv,7.07
3k15,4.92
3srb,4.19
5ygd,7.27
2ojg,5.64
6t1o,5.59
2vo4,4.94
4obo,7.11
3dz4,6.4
6ej2,7.8
1q5l,3.22
4pkt,4.83
4z88,5.39
3drr,9.4
5eko,4.8
4no9,7.82
5qar,3.77
2xbj,8.52
4l2l,5.7
2qzr,7.26
4uj9,8.7
4qrh,5.15
4y5i,3.52
6n9l,6.7
3s76,5.05
6q9y,5.43
4qt2,6.32
5n3v,4.34
4pl0,4.4
6uim,6.74
1gu3,4.32
5ls6,9.0
6f7i,7.85
3i0r,8.52
4qqc,7.34
3th0,4.12
5foo,2.62
5lgs,7.06
6h38,8.11
4jvi,5.3
3rse,7.0
6bw2,7.68
3b78,4.1
3lpj,6.92
3bc3,6.81
5eyc,8.52
2rfh,6.82
4aa7,5.7
2ihq,8.49
5nvv,6.7
1qyg,6.85
6qtw,5.52
4uau,5.89
1fdq,7.27
3rj7,7.6
5cvd,6.41
6f3g,7.16
2v25,5.72
2fxr,7.6
5ukj,7.16
6ar4,6.24
1ljt,5.15
5vb9,5.89
6me5,8.78
3jzc,8.53
4omk,4.4
3dk1,9.74
5dlz,5.74
4r06,6.29
5ne1,8.28
6f8t,5.15
6imo,6.19
3lnk,5.94
2y34,7.1
2nno,6.4
2whp,4.51
5muc,6.04
1f8d,3.4
4w53,3.99
5nzn,3.66
4ycw,5.68
4xsy,5.3
4gr8,7.83
5ne3,7.84
3qt7,7.31
2h2d,5.37
2l12,4.26
1q3w,8.4
2w8y,9.09
5mlw,5.03
5y5n,5.76
4cu7,7.59
1o3p,6.66
6nfy,7.8
4aji,3.55
4xt2,7.15
2uw7,7.74
4bie,6.6
5hcl,2.22
4j1f,7.92
4idv,7.4
5mev,7.0
1puq,7.28
6oxx,10.01
3u1i,5.25
2vwv,4.8
2jiu,7.56
4gii,8.74
5ap4,6.46
3sk2,3.61
2vxj,4.17
2l65,4.22
5l26,5.35
2ioa,5.49
6iot,5.24
5am2,5.01
4o9s,6.55
2h6q,5.11
3mg8,8.92
4w55,4.74
2zv2,6.3
6iiv,6.85
4x49,4.53
5v13,7.63
6g9j,8.39
2h65,8.19
1nju,7.3
3f3w,7.47
4azy,6.7
4x13,3.3
5h7g,9.24
3ns9,8.52
6htt,6.66
5wg6,4.54
4n6y,7.04
2i03,9.0
4twd,5.08
6f8r,4.7
3oad,9.62
4qr4,6.6
4c1d,5.36
5ew0,6.59
5j5d,4.68
4e3g,4.97
6q36,7.6
4int,5.8
3rth,5.21
3q71,5.22
5kjn,7.77
3uf9,2.11
1i7m,9.64
3at3,8.04
5nxo,8.31
3haw,6.0
8cpa,9.15
3ti3,8.74
5uci,5.37
6n7d,9.52
2jjk,8.05
5kv8,4.84
1uwu,5.98
5n3w,6.3
2vrx,7.35
3ump,2.99
3eyh,7.7
1pxh,8.74
5t97,7.77
6qfe,7.1
5a3o,4.73
4jq7,6.41
5myv,7.51
3t01,4.48
2a0t,4.82
2wor,3.9
2fl2,8.7
2llq,5.82
1ong,8.05
1xqc,7.2
1xdg,7.3
5hl9,4.66
5y7k,9.18
5v2p,8.29
5itf,5.74
4rrn,7.32
2g5p,8.42
6gcw,8.64
5jcb,4.21
5lrg,8.82
6mt5,4.49
5za1,7.52
1fd7,1.85
2z4z,5.73
1e02,6.15
6f3f,4.52
5c8k,7.7
3hmm,7.6
4b6o,7.0
4a4g,2.99
1qin,8.0
6t1m,5.21
4c4g,8.22
6ax4,8.22
6fau,5.44
3vtc,7.89
1zkn,4.51
4nct,7.55
6kmj,4.79
4iic,4.85
5eds,5.54
3zs0,6.7
1b2m,3.73
4z22,6.24
1o2s,5.47
6flg,7.52
1xot,5.42
6fhu,2.64
1y2h,7.25
4yjl,5.96
4f8j,5.07
4yuz,5.04
1c1v,7.64
2w6z,2.82
4fcf,8.62
1g3c,5.8
2o9j,6.92
5d3s,5.89
3ral,7.0
6gl8,8.61
6j6m,9.52
3exe,6.96
3fa3,5.6
1tkz,6.62
3q2j,4.18
6t1j,4.74
4dfl,6.17
3chq,7.7
2ww2,4.85
5i8c,7.6
3m67,6.74
6ilz,6.47
2vpn,6.72
4nga,7.77
5xyy,5.04
3h0s,6.2
6i5n,5.85
3hpt,8.19
5t1m,5.82
4djq,10.32
4m7x,4.8
5ni0,5.74
5ti7,4.96
3k8o,11.07
4cq0,5.09
2wf5,6.0
6jwa,4.96
3qin,6.87
4el9,5.36
1ogd,3.03
5gvk,7.0
2o4l,9.22
4hmh,6.21
5hyq,6.82
3c3r,4.39
2qnz,5.42
4amx,2.19
2i6b,7.17
6ayn,5.04
5tq8,7.64
5u7j,6.41
4qfn,4.12
4ob1,6.3
1db4,7.24
6h96,8.68
4lnp,3.67
2gvj,9.52
2j79,5.96
4f9v,6.03
3lil,8.08
5ar7,6.49
5k0j,7.12
6npe,6.3
6qi7,6.46
1tu6,9.08
4i33,8.33
2fkf,2.92
3faa,8.15
1ql9,5.35
1xm4,10.39
2liq,5.85
3rlp,7.08
2rkn,7.22
4cik,6.43
2wos,3.9
3s53,9.64
4lg6,6.74
4apr,6.7
6ekn,6.29
5k76,8.3
3mag,4.07
2buc,7.0
2ovy,8.4
3p4w,4.57
4bae,8.52
1hii,7.28
3ljt,6.89
4e3m,9.7
1bbz,5.82
2i72,7.43
3vbw,5.22
3znc,7.34
1els,10.82
4axm,7.89
6o6f,7.4
4ai5,2.92
3ezr,5.0
2rkf,9.08
6b1w,7.37
1q84,11.05
5pzn,7.39
4hva,5.89
2yak,8.7
2uz9,5.71
6dvm,8.52
5ngu,7.44
4az5,5.99
3k84,8.52
4cqg,9.39
2avs,7.57
3chp,5.27
3hfj,4.44
4wp7,6.1
3u8d,6.33
3ipu,7.32
5w2p,6.88
5yij,3.42
1mfg,4.3
5etx,6.81
2onc,7.89
6hkx,9.34
5n16,5.3
4nb3,7.66
3iw8,4.87
5mfr,4.3
1det,4.3
6few,5.85
1lvk,5.92
5yas,3.26
3vvz,4.58
5w5o,8.1
4x8g,6.0
3fee,6.64
2wmu,4.38
6f92,6.4
3pjc,7.57
6hf5,5.17
4yje,4.84
5f1h,7.85
5zh2,6.54
5aag,7.34
1zpb,6.07
2evc,6.54
5ort,3.05
6d59,7.0
3sjf,7.64
4gj6,5.12
4rd6,6.28
5lvr,3.6
4pax,6.4
5vjp,4.83
6qef,7.22
6b67,5.05
2xru,7.51
4h5e,6.07
5bue,8.52
6pk7,4.72
6i5j,5.85
1i7i,6.7
6nyw,6.64
1wcq,6.26
5aqj,2.68
2wf4,7.89
5j7g,7.24
4pjt,9.24
1ff1,4.92
2kff,3.61
2wqp,5.51
6o2p,8.18
3rey,8.0
2jql,6.52
4qgd,7.43
6q54,6.49
2yac,8.7
5ah2,10.08
5azg,5.54
5i59,6.95
1f0q,6.0
2va6,6.17
6q4e,3.46
3qxd,6.15
1inh,2.3
4lmn,10.3
5v0n,7.17
1rdj,1.66
6aao,2.11
4wmx,4.85
3zyh,4.29
4lov,7.77
6o9c,7.55
6g6w,9.7
3lq4,5.22
1kak,4.59
1aku,6.13
4cpr,7.46
3tfp,6.47
1ew8,2.26
2pvm,6.44
4x47,2.85
5moc,4.63
3drg,7.0
2xfk,8.52
4i5m,8.06
3tzd,4.28
5dey,8.43
4i31,9.32
3wbl,4.64
4rlt,4.96
3n7r,7.7
5hka,6.46
3tn8,6.13
6oxt,9.95
2qpu,3.6
4bfr,7.64
1uyc,4.39
3hv6,5.64
2zbk,5.7
3tif,5.38
5lyw,6.15
1ro6,6.46
3sv7,6.08
1re1,5.21
5qaz,3.4
2v2q,4.15
1hk4,5.31
1xk5,6.0
4j8b,4.79
5nqe,6.15
2zpk,7.76
3qu0,7.7
6qgk,6.7
5xsr,7.69
4caf,7.12
4anw,7.74
6dvn,7.85
4nie,7.7
5czm,8.32
3qpo,6.61
4wrs,9.4
5aad,6.67
6agt,8.4
5n9l,7.82
4o72,6.0
1swk,12.0
2v5x,6.66
3qtr,6.03
5b4k,9.34
4egh,3.26
4ht6,6.21
4qge,9.3
3dwb,6.19
1g6r,4.27
5eif,2.55
2v87,4.6
1d1p,3.6
6eb1,5.33
5jgq,4.62
1hos,8.55
5yid,5.4
4ibc,2.98
3su0,6.79
5zh3,4.67
3gqo,5.41
3skg,8.1
4dhr,4.57
3bim,5.88
2bxu,7.15
3rxh,1.8
4kij,4.3
6klk,3.88
6mu1,8.1
4qpa,7.43
2jfz,5.24
1oai,5.0
1w8l,0.49
5tys,10.72
2qm9,7.77
3wyj,6.44
5kbe,6.34
1mqh,6.52
4lsj,9.57
3uwo,6.36
1os5,6.85
6fa3,7.42
4qev,7.66
3e7o,6.92
2rvn,6.77
3odk,3.14
2wmw,6.41
2r3f,6.3
4cft,4.95
3sl4,7.57
5en3,6.21
1tmb,6.74
5dxb,6.28
5i12,5.92
3c56,7.89
5hj9,5.85
4ga3,7.52
4nra,4.19
6eda,6.7
3mi2,7.77
4aqh,6.54
3iub,4.54
4y3y,2.35
2a5s,6.7
5sz3,8.6
1oay,5.92
1if7,10.52
4k69,7.4
3b2t,5.21
2jst,2.59
6tyz,6.88
6oot,11.3
6h4a,7.38
3hww,7.12
5yum,3.65
6bcy,4.81
1gnn,5.68
4wyp,3.36
2aw1,7.37
3n8k,4.05
1ahx,3.92
2gyi,7.0
1oss,4.79
3vw6,7.85
5nne,4.71
4mk0,5.2
6isd,8.24
4bqw,7.48
5yyb,6.56
3o5x,5.28
5oht,6.02
6lpr,7.3
4f3i,7.44
4rpo,7.64
1ld7,8.96
4oth,8.05
4ido,4.93
4qf9,4.43
3o0u,7.92
3el5,7.72
4n5d,3.22
6c0n,8.37
3sad,5.96
3mbl,7.74
3fxb,5.85
5l7k,10.37
1aqc,5.34
4cc5,4.42
1svg,8.7
4ayx,3.7
3jzg,4.4
4yti,7.89
1tom,8.3
6npu,6.4
5bwb,5.3
5fox,3.17
2y7p,5.47
3ebh,6.32
3buh,3.66
4yve,7.0
5mo0,4.68
3nif,5.1
4xcu,8.22
4v27,6.66
4bi2,4.03
1uwt,5.97
3bls,5.14
5uv5,7.7
5eps,4.42
5m7s,9.05
2qwb,2.74
1w0y,6.42
5tl9,9.0
1we2,4.36
5nf5,6.82
3b9s,5.3
1w2g,4.57
3tpx,9.35
1my2,7.77
3ao2,3.77
4x6m,8.24
5lcj,6.64
3tne,5.72
1gj6,7.0
6imr,5.37
4e20,8.22
6pi1,3.8
6q9q,6.84
3c1k,9.44
3f9n,5.89
5yc2,4.94
6uii,6.43
3piz,5.46
2z4o,9.57
2rjs,2.28
6dgy,11.3
4uyh,6.3
5ism,9.15
2q94,6.43
6dh2,10.89
2xe4,7.16
4zeb,6.52
3ij1,4.7
6ic6,7.82
6bvh,9.15
1oar,7.4
6m9t,7.7
3n2e,4.96
3uol,8.51
1pi5,7.77
5exl,8.43
2xiy,2.44
4tk0,5.55
1oth,7.0
3arf,7.19
5lz4,5.7
3qqk,4.82
5zys,6.27
4nhy,5.64
1o3e,7.96
6py0,6.41
3ncz,7.82
2p98,6.19
3nik,3.45
5nxv,8.46
3q1x,5.33
4qmp,7.85
3cyx,8.0
5nmg,5.75
4lv4,5.0
2chz,7.8
5oot,7.55
5mft,7.47
5oa6,5.51
3fu6,3.97
5wap,6.52
3ijg,4.27
4zpe,6.35
3eoc,6.64
4b6q,7.55
5upj,7.12
3u2k,7.52
5fgk,8.77
6h7j,8.62
4xu2,9.23
1tg5,7.92
1hy7,5.39
1klg,7.89
6esm,5.53
2wij,3.2
4kot,5.46
4uye,8.02
3gjw,8.3
4mx0,6.73
5ajz,5.7
5nkd,7.59
5j7b,8.3
6qr7,7.15
2xke,5.38
6q6m,6.89
1xka,6.88
4u0w,3.0
2lsr,5.24
4ygf,7.68
3krw,7.38
4i73,6.72
6p86,4.7
4q4e,6.72
4cqe,8.43
2wik,3.18
5ey0,2.65
3rz0,7.55
4ere,8.38
1b38,6.6
4udb,9.15
1qti,6.44
1i8h,4.54
4yym,3.62
1rri,5.82
1met,9.4
5g1n,7.77
4jjg,8.7
5eol,9.52
3k3e,7.66
5hn7,3.92
6d4w,5.25
6hol,5.72
6me4,9.92
3q2m,3.8
3fw4,9.4
1lvc,6.0
6ps1,9.7
2k46,4.58
2wlz,4.6
5icx,6.96
6cco,7.29
2hmw,7.7
6oqc,10.4
2qzl,8.1
2m0o,5.38
6ccu,4.45
4xqb,3.79
1ikx,8.15
4rxh,5.91
3be2,8.7
5kpk,8.3
3gxl,7.6
3fue,2.82
5ggo,3.1
3hky,7.1
3bet,5.82
4v1f,7.7
4ts1,4.94
5nkn,9.92
3lzb,7.2
4a23,5.89
5op4,6.71
5n4t,5.97
1mem,7.94
3qi3,3.78
4q7v,3.59
4inb,6.05
3n5k,9.7
2l98,3.61
1m9n,6.92
5ut0,5.88
2wev,8.0
1mdl,3.09
1o2r,5.21
4n5t,8.15
3qiy,5.34
3upx,8.12
2wtc,6.51
6d16,5.08
5a2i,5.06
3rx5,6.27
3nil,3.46
1vjc,3.58
5z4o,3.28
2x2r,7.12
4j03,7.59
5fdi,7.73
1xk9,6.85
5n9k,9.34
1vcj,4.59
3lj7,8.34
1jr1,8.22
3r7q,6.97
2x6y,4.59
2vr3,4.98
6mod,9.15
4pzv,5.7
3r0h,5.92
3rf4,6.25
2b7f,7.3
3fcl,3.5
5tco,8.19
2x8i,6.72
6bcr,5.26
5n34,4.63
5j58,7.3
3dda,3.88
5x72,6.33
1b52,7.12
6qre,4.85
1u9x,8.15
3r8v,5.54
1vwn,5.82
1bwb,8.42
4kqo,6.78
4q1s,4.17
2w6t,8.57
1xm6,6.38
4r5x,5.26
4w50,5.85
1p06,6.27
5a5s,5.9
4q9y,5.68
2xhr,8.32
5v82,10.15
5d7a,7.68
4l52,8.4
4y6m,7.15
2z1w,4.08
5em8,5.96
1f4f,4.62
4nrp,4.59
4o2b,5.74
5jjm,7.51
4x6x,8.64
4ktu,6.16
2vta,3.73
1h3c,6.51
1rmz,8.0
3m6p,8.35
6g0q,4.61
1h6e,6.15
4n6z,7.8
6gvx,7.62
4zy6,8.3
4yt6,7.96
1lfo,8.05
3axk,4.15
1uz4,3.4
3il6,6.57
6cd4,5.34
4afj,6.4
1i33,4.12
3u4r,7.41
3t0l,4.52
4c1f,4.63
4dvi,6.72
3iu9,6.62
4jfm,5.48
5wys,6.7
5d0j,5.31
6jdl,4.89
6b30,7.22
5epp,4.16
3s74,8.4
5t23,5.8
2ie4,10.0
4z6i,6.31
5q0y,5.73
3poz,7.64
1q9d,4.6
1b51,7.37
5lwn,7.77
1xhm,6.33
6s88,6.17
1wdn,6.3
6mmo,3.35
5d7c,6.85
5v3r,5.3
1nax,6.43
3dpk,8.39
6awo,8.7
2p2i,7.42
5wir,7.12
5mrp,5.52
5ap0,8.26
2o9i,7.4
4eeh,4.35
4xty,9.21
1pvn,9.82
4nro,5.02
1dxp,7.57
2i4t,9.0
3l4z,6.72
6mxe,4.26
6qmd,3.77
6qwi,4.29
1mtr,8.4
5f20,7.52
4qtl,6.92
3aqa,4.55
5aku,6.82
2bet,2.77
3fts,3.67
5kde,3.89
2i0a,11.4
6nze,8.89
2fqt,6.14
1juj,6.96
6en4,8.3
2r3w,6.89
4i1r,4.65
5ly3,7.51
2glp,5.01
3if7,7.21
5w8j,6.43
4iqt,6.11
1g7p,7.05
3mw1,9.09
5f5i,6.02
6moo,9.17
5em9,5.57
5hwu,5.27
4bbg,8.32
1ew9,3.22
5ji8,4.63
3ldp,5.62
4zx0,8.0
2xxt,8.05
3s5y,7.41
6grp,5.48
6etj,6.72
1qk4,4.21
3l2y,4.49
6cnk,7.77
1r58,6.96
1hkk,7.4
2kaw,4.97
5etk,5.82
4ifh,5.21
1ik4,7.41
2uw4,5.28
5ttw,5.96
4o7a,4.72
4x7q,7.85
6inm,6.29
4pb1,2.82
3bv3,9.34
5q0j,6.62
5mli,3.9
3db6,6.14
3vbg,7.48
4ret,7.59
3ocg,8.52
4arb,5.89
5sz5,7.7
1nwl,2.39
1hi4,4.49
3qtx,7.15
2nww,5.48
2a2g,7.0
4kup,5.22
4w4s,5.02
2qcg,4.0
3d6p,3.75
2xb9,6.77
4b12,4.99
5zla,4.3
4aft,6.47
5anu,9.4
6ow7,9.0
2q8g,7.06
3mv5,6.74
5csw,8.4
5irr,5.27
4r59,7.96
2l1r,3.57
6r8r,7.07
2hah,8.0
4ye3,8.37
5b5p,9.7
4qw3,6.61
3m55,6.21
3axz,3.43
2vu3,7.33
1utm,3.01
4d09,8.77
1y1m,1.82
5fow,4.03
6eqa,4.85
6eqm,7.96
1bqm,7.35
1jn4,4.95
5yc8,8.19
4m13,6.7
4b0j,2.15
1koj,6.7
6chl,8.05
6sfk,7.15
2w6p,6.48
2qtu,9.28
2q3z,7.22
5dl1,5.0
4e90,8.1
3le9,8.22
5dgu,11.35
4nzo,6.77
2ai7,6.4
3sgx,5.49
2sfp,1.7
5uqx,6.21
4la7,6.57
3zh8,6.47
5npf,4.24
2y36,6.42
4gmy,7.55
3e85,5.38
2z50,4.95
4m7b,6.7
5f94,8.47
7kme,4.4
2yi5,7.41
1os0,6.03
5heb,6.1
4ef6,2.92
1wvj,6.73
3rl3,7.17
5wfc,4.9
5xs2,8.3
3zyb,5.38
4ih6,4.74
5wlo,10.82
1zd5,4.87
6evp,4.53
4gue,5.24
3hcm,3.3
5nb7,8.22
2g78,6.92
5yy9,8.04
5agt,7.12
2v57,7.1
6axl,7.11
1uyh,4.84
1tlo,4.0
4oef,4.76
6cjw,5.74
5khi,6.77
1wdq,1.98
3wzk,7.24
4h2j,5.32
1j81,7.1
5e0m,5.28
4dpt,7.3
2fai,6.24
4pb2,4.8
5gx7,5.56
2zxd,5.22
5fb1,5.92
3e8n,7.72
6ilq,6.36
5d6y,5.66
1o2j,6.92
2cct,5.02
4jym,5.04
2r3p,6.05
4acc,7.7
1z34,3.38
1uv6,5.12
4ww6,10.21
5u4a,6.36
3oy1,7.8
2f10,3.48
1xnx,6.38
3g9n,5.74
1slg,3.9
6hke,7.68
4dzy,5.62
5l3j,6.64
1xr9,7.15
6phx,3.32
1b5h,6.01
5v35,6.96
6u6w,5.33
1q6s,7.92
3as3,3.8
2aa6,9.41
3wgw,5.89
2xcn,6.92
2x6j,7.44
2lwi,3.11
4kox,4.77
2c57,3.43
1pzo,3.32
6cjr,9.52
5wkf,3.87
2qpj,6.35
4n7g,5.66
5g0q,10.0
4wzv,9.37
2xno,5.93
6c67,5.92
2w1g,8.52
3p79,5.64
4gzw,4.52
6hmp,6.86
1etz,7.24
3mn8,6.17
5ux4,7.05
1o38,6.82
3ppp,5.22
4bi1,4.16
3qw6,3.52
5t6p,6.06
4jg6,6.44
5c5t,3.13
4zij,3.25
1e6q,3.15
3qsd,7.19
3d4f,7.72
6hza,9.3
4mzs,7.92
4dn0,5.72
5qaa,3.91
5j7s,7.3
2h6b,5.39
6n9p,8.4
5f4n,8.66
2uyn,2.7
3f1a,7.21
2rkd,2.72
5kat,4.1
5trs,8.0
1azl,8.62
4muf,6.34
4ikt,6.17
3ud7,4.74
2lp8,7.52
3piy,6.54
5l2n,5.55
1flr,10.0
4rx8,7.46
3wtl,7.04
5ih9,8.7
1tkx,7.54
6fag,6.59
5x9o,5.3
5i58,6.92
5wf5,7.65
1dis,11.0
3r8z,4.31
1pzp,3.31
2zdn,6.25
5oha,4.89
6ey7,4.3
1il5,2.66
3bqn,8.6
5g4o,4.43
5n2f,7.1
5gp7,5.15
1hdq,5.82
1o5g,4.96
6nfo,5.57
4uma,5.41
2qoe,7.6
4y73,9.52
4q3t,6.48
1mrx,7.26
6arv,7.34
1rlq,5.1
4k2f,7.4
4u0a,4.3
1gi1,5.47
3t84,6.97
4m8x,10.2
3okv,6.23
2xk8,5.62
1kzk,10.39
3k5k,7.64
5xw6,4.91
4l4l,8.3
3btc,5.75
4at5,7.42
3c8b,6.1
5jgd,7.96
1c8k,6.0
4pum,6.73
2qtg,5.08
3vf3,5.86
3zki,5.92
5yz2,4.95
3eyl,6.6
5auu,4.68
6dgx,11.3
6qmj,7.36
6b7c,5.14
5etf,3.79
5f6v,2.24
5i9i,7.3
3l81,4.53
2pjb,7.72
4ca6,6.74
4g34,7.93
4j82,4.35
2w78,8.57
3b8r,9.22
4q99,6.28
6f4w,5.53
4ovf,4.13
3mjl,2.44
3ii5,7.62
3fas,6.77
2va7,6.7
1yc4,6.55
4i4e,6.3
4wmv,4.03
5n2t,5.08
1g9d,5.3
4mcc,6.25
5f2w,3.98
4qag,5.32
2a8h,7.17
2wf3,7.72
1qb1,6.77
3h2n,3.67
2p93,8.82
4l0i,6.57
4h1e,8.52
2zq1,6.62
5agi,4.34
2rg5,8.51
6csp,8.52
6czv,6.64
4inr,5.59
5x73,6.74
2wf2,7.59
4djw,6.28
4ps5,6.54
5ak4,4.23
3hdz,7.29
6f8w,4.64
5m4u,4.89
1d4k,9.22
6oe3,8.32
5mnb,2.48
5jfu,8.07
6rj6,8.52
3fzr,7.96
6djj,4.1
6oah,5.82
4bcb,8.52
6h5w,10.8
4jrv,7.54
4nh8,8.52
5ofi,4.2
2mas,7.52
3kej,7.12
2bvd,6.0
6gu3,5.36
4bdf,4.09
1tnh,3.37
2j83,4.21
2h4k,5.49
4a9n,5.82
2esm,6.28
2o7e,6.22
5m29,7.4
5iv4,5.48
3nuu,3.77
1xxi,5.52
5l0c,6.15
4ish,8.72
1css,6.1
3p78,6.96
2i2b,2.44
6qz6,6.49
4mu7,8.85
4bvb,4.48
4lc7,4.93
1o5p,10.0
5yhe,6.69
4dxg,7.06
3vjc,7.72
4j3j,7.51
6goo,5.67
1cbr,9.4
6b7e,4.55
5os3,2.43
2gej,6.64
5ans,5.69
5d9p,3.2
6edr,4.55
2wxo,7.05
4bfd,7.02
5tiu,8.3
6m88,5.96
5ugc,7.89
6cus,4.89
4l6q,6.27
2w26,9.4
1b58,6.59
5v3y,6.72
5vlk,5.26
4ylj,8.22
2r6n,9.0
4eoh,4.3
6nwl,7.37
4cpt,7.7
4tk1,3.72
2i0d,12.1
1pun,7.28
5l2m,6.89
3p2e,6.22
4io3,6.06
1cwc,7.8
1b8y,7.85
4jk6,7.19
4w9o,7.77
3iw6,5.48
4x3s,5.89
4nmq,4.49
3w5n,3.87
2g1r,7.7
4gvm,6.11
5a3h,4.57
3ess,6.39
5nlk,7.46
3ck8,3.84
3k23,8.2
1k22,8.4
4n7h,5.48
6hcv,8.3
5w7u,8.05
4rn4,6.94
1qbu,10.24
1g9s,3.61
3fz1,7.92
6gop,9.15
6gvi,6.82
2ow6,2.7
5znl,8.77
1k1p,7.92
2v16,8.22
3zmt,4.55
3jzk,5.91
4jn4,5.86
6hoq,6.39
4bt3,3.12
4qwg,5.97
4cg8,6.96
4mf0,8.08
5iql,4.56
4zz1,7.89
2y5l,6.48
4r76,7.85
3re4,7.4
2evl,6.7
2g6p,6.22
1azm,6.1
6ft9,6.96
3dei,7.4
5tmp,7.47
4ok3,4.15
6qyo,7.52
6prc,4.77
5nk3,7.42
5vi6,8.52
3vd4,4.82
4dhs,4.8
3ro0,4.5
6d1i,4.09
1haa,8.7
5ohy,5.17
1a7x,9.7
3fck,4.0
1h37,7.23
5t8j,9.0
2pqc,5.74
5gty,7.72
1o9d,5.6
4fht,6.17
3l6x,4.4
3o9f,12.7
2w0z,4.03
4n99,3.67
1gj8,6.96
4x6k,5.31
4ynl,4.62
6htn,6.07
1d4p,6.3
5e13,4.24
2vw2,3.3
3mf5,5.36
4del,7.68
5t2y,5.66
4fse,7.4
2viv,6.28
4ibb,3.57
3vp2,5.1
1xmy,7.3
1oiy,7.19
6miq,4.55
4gy5,6.82
2wb5,9.13
3kqs,5.2
2xwy,5.22
4mpe,6.37
4p3h,6.0
4bqg,6.22
5i7u,8.77
1g85,5.48
3kme,6.14
1z4u,7.15
6bw8,9.0
6n0m,5.82
1cj1,8.8
5kq5,8.05
3gcp,7.82
1icj,2.22
3d45,5.68
4rsp,5.44
6n82,5.96
3eqb,1.82
2ha2,4.66
3gjq,5.33
5edb,7.0
3fkt,5.55
1dub,5.8
6hb6,7.36
5n87,9.25
3l08,10.22
1f4e,2.96
1gfy,5.08
4yuw,5.77
4mjo,6.22
5mw2,8.52
3nzc,7.02
5e3d,4.02
4zyx,8.15
3gcq,6.47
5oh3,3.87
5uoo,8.85
6o95,8.29
5auw,5.05
5wou,6.18
2nt7,6.52
4ufh,6.42
4q6e,6.18
4l32,6.84
5f32,4.94
4qhp,8.05
1kyn,5.39
3wym,9.52
3muf,6.49
3c49,7.15
5mng,4.68
4el0,4.49
4emr,7.49
5upz,9.2
4m5g,5.01
6aps,6.66
6ugz,7.72
3tll,4.39
2xu1,7.66
6mku,7.15
4mg8,6.48
3gk4,3.92
6mvu,2.89
2fjn,7.41
4qvm,6.35
3k5i,4.7
1xp9,8.89
3py0,6.89
6j72,6.13
6hax,7.59
6hvi,6.42
2yb0,3.85
1k9r,3.3
5dx4,6.86
2xxy,7.89
5gmp,9.1
3dcq,5.23
1juy,7.66
5fqt,6.8
1hvs,10.3
6uyx,6.0
2jmj,5.04
1xud,8.1
2vtn,6.07
2f71,5.6
1g05,8.51
3dkj,5.7
1udt,9.3
1cw2,6.15
5drr,11.46
2pks,4.96
3r7o,8.36
6nyh,7.68
6c4d,9.04
3fbr,4.82
2xx5,6.7
1jmq,4.4
5kls,6.71
5nf9,5.33
5oq7,6.49
4mgc,6.32
3pqz,4.46
2rfn,8.3
1z9h,3.0
3ts4,8.72
2ql9,9.03
1ikv,6.28
5tkd,8.15
3nu3,9.82
4zei,5.88
4obz,5.72
5uz0,7.8
1cze,2.62
2r5d,10.15
3dd8,7.85
1a42,9.89
5w14,7.34
4jmx,7.21
4yh3,4.59
2hnc,7.22
1vcu,3.85
4c4n,6.1
4cwo,5.21
5vqt,5.74
5li3,7.28
2x6w,7.1
2wi4,5.81
6fv1,5.97
6qau,7.48
5n9r,5.59
4agl,3.65
4ixh,8.21
6idg,6.66
5j31,6.51
5ie1,6.85
3ti6,9.27
5yv5,5.41
4xsx,5.0
5elf,2.34
6rmm,4.69
6ar2,6.41
3v8w,8.07
5tts,7.25
3i4a,4.28
4ad3,4.62
4ww8,10.17
1r1i,8.54
2hjb,4.39
4i7d,7.0
1t08,5.51
5y1y,6.01
6f8g,4.18
5upe,8.05
3zt4,2.8
1h46,3.57
3ha6,5.68
2oxd,6.82
4yab,5.07
1u9q,8.33
5vd2,7.1
2cng,6.96
6k4x,6.66
1gag,6.12
5nz4,6.28
1j14,4.49
3o75,6.68
6mh1,5.92
5za2,5.77
3w69,7.24
6ckc,8.22
1uh1,5.48
4mw5,7.35
2yj9,7.02
5uoy,7.57
4jje,7.64
5afm,4.15
2ha6,4.32
5t1k,6.28
4kow,4.31
6ce8,3.41
3qx5,4.2
3okc,4.44
6h75,4.38
5mmg,6.01
1t32,7.42
3fun,6.72
5nk7,6.33
4piq,7.1
3wi6,5.33
4qmy,8.4
6apw,6.17
1pmn,8.15
5nba,7.3
1igj,10.0
6m8c,5.66
4o74,7.6
6nv9,8.19
5k0h,7.09
3h5s,8.3
4u71,5.22
4n9c,3.9
1wc1,4.0
4ocz,9.18
5teg,6.85
5k6s,6.26
1ajq,4.31
1riw,7.55
3wti,5.9
4dkt,4.8
1c5s,6.0
4x0f,7.0
2iit,8.59
1qf0,7.38
2jh6,7.77
5ewh,3.77
5emk,7.89
4q9m,7.18
5i8b,6.96
3ewc,7.7
5kit,7.89
1std,10.33
5kj2,7.82
5dsx,8.0
2fzk,3.6
6awp,7.16
6d40,9.85
5hf1,5.74
6iji,9.36
4lqg,8.89
5m4f,7.89
5qae,3.62
4w5j,7.24
6jtc,5.07
5yie,5.25
2rol,4.62
1c5x,6.68
1ndw,5.23
4pdk,8.22
4dkr,6.52
3i6c,4.92
3fui,6.8
3zyu,7.0
3tww,5.38
1sle,6.17
5mwd,5.72
4zx8,7.1
2o4j,10.1
2oc0,7.82
4buq,8.14
3hl8,4.49
3kag,5.18
5dkr,5.22
5i13,5.08
3dln,6.6
5jxq,8.15
2aoj,4.66
6as8,7.05
5g17,6.7
5opu,7.28
2qpq,6.37
3ns7,8.33
4li8,8.12
1x11,6.49
4j0s,6.42
4yrs,3.07
1m21,6.52
4q46,3.77
3au6,7.92
3kc1,9.0
1xpc,8.77
2won,6.2
3pdq,6.74
3hkq,5.34
4aq4,6.17
6s57,5.1
4ze6,2.48
5fb0,5.47
1d5r,1.82
4crj,5.96
5hvs,7.15
3qzt,4.0
6oie,6.15
3ws9,7.04
3ti1,3.89
5lss,6.31
3i7c,7.74
4daw,7.08
5bve,11.0
6q3y,7.27
5f41,4.17
2hwh,5.7
5m9w,2.24
5yg2,6.89
5auy,5.8
5e1o,5.43
5js3,6.73
4abh,4.15
4jxv,4.51
1wcc,3.46
4gwk,3.34
5l0h,5.64
4flh,9.0
4ia0,7.11
5ap3,7.03
5lxd,8.5
3roc,8.19
5knj,6.94
6fdp,5.26
6h4u,6.16
4gtv,7.42
5aib,3.8
5uac,8.3
4xh6,5.57
4u0u,5.82
1gym,2.7
5vb6,6.37
4zed,5.12
5fnu,8.89
5wg8,5.74
6ift,4.68
5dhs,5.22
4a6c,7.92
2d1x,5.1
2zm3,6.21
5c84,6.19
2aay,2.92
4nw7,6.63
3ps6,7.74
4q87,4.85
6d49,3.93
1w3k,4.3
3ntp,4.92
4tya,2.39
5boj,7.0
5hjd,5.24
6f22,8.7
3ok9,11.23
1r9l,5.4
6gfs,6.54
3ljj,6.52
2x7o,7.47
3s6t,7.35
3fdt,4.52
6b2c,7.03
1r5n,5.42
3d0e,8.4
6hbn,6.22
4l70,5.66
1s63,9.05
3qw8,5.1
5bnm,4.82
4aje,3.68
1w31,3.6
4phu,7.92
2i4u,11.57
1g37,10.0
1gnj,7.04
6e5b,8.66
4os4,4.87
4kai,7.3
2aie,5.66
1aw1,1.05
1yxd,5.3
6e49,4.72
3wk8,4.31
1lbf,7.85
5laq,9.2
4np9,5.03
5mmp,7.52
3vby,4.55
3evc,6.91
6equ,6.38
3o5n,4.76
1nvs,7.82
5n8b,7.37
6md8,2.38
5iub,9.46
2y3p,5.89
2h6t,7.22
6qs5,6.24
1g3b,5.74
4d85,6.85
3o1d,5.74
6jn5,5.15
3d04,6.05
5g22,7.0
6mck,7.92
2byp,9.06
2f8g,8.7
2euf,7.82
2yjx,5.12
6cdo,8.97
2oji,7.07
1lyb,11.42
3iaf,2.92
4rrg,2.81
1ttm,7.35
1f47,4.67
4l2g,6.68
3eks,5.7
4hj2,2.53
2chx,7.74
5u48,6.33
2r1w,4.6
2vl8,4.52
6gu6,5.74
1g7q,6.06
456c,9.77
6ep9,6.84
3lvp,8.7
4meo,3.6
3n1v,3.3
5cks,5.51
1eas,7.74
6i8m,7.8
4hlm,6.77
5k48,6.6
4nms,4.94
4z0k,6.34
1gjb,6.35
1yvz,5.36
1y4z,7.24
3run,5.44
6aah,8.41
6k04,8.04
3lgp,8.7
5wkl,6.15
2azb,7.19
3fc1,8.0
2x4r,4.77
2fdp,7.59
3bm6,7.59
6ezh,7.04
4ryg,8.1
1v2w,4.01
5ntq,7.47
4x1n,6.42
2hqu,5.14
3u7k,7.07
4nku,4.67
2pv2,5.91
5tkb,7.89
4rhx,5.8
4ux4,7.01
5ehg,3.43
3k02,5.0
1q6j,7.8
5obg,7.13
4kil,6.3
2r43,6.0
1msn,9.09
4uuh,7.77
6udi,10.0
1f57,5.64
4n1z,9.14
6ugn,6.12
3a2c,6.9
6tld,5.35
5glu,4.02
4c0r,4.91
6i97,8.18
2fme,6.98
4m0r,5.21
1bnn,10.0
5y86,6.1
3gl6,4.68
5l01,7.48
6bee,4.66
2az9,7.66
6n6o,9.15
5fbi,2.8
5ijp,7.15
6abp,6.36
6cyd,8.7
6ayq,8.19
6iqg,8.0
5zt1,4.67
2jjb,7.92
1nhw,4.84
6imi,4.58
6kdi,6.72
3vfa,9.19
4fsl,7.7
2i5f,5.12
4kn4,7.24
2q6b,9.52
1t31,8.64
1xuc,7.14
4pmm,7.57
4kcg,8.3
1h00,4.42
2r5b,8.6
1x9d,3.96
6d5e,6.85
5i1q,7.92
2oq6,3.6
4msn,4.03
6o5x,7.66
2usn,6.51
3e7a,10.0
3p0g,10.08
6tel,9.96
5j5x,11.02
6gnw,4.99
1me7,7.19
5lpd,10.15
4au8,6.26
5d3c,10.4
3ur9,6.31
1g9t,3.28
3wf5,7.09
4mwr,9.39
5ksx,5.43
2ohp,4.03
1s3k,6.62
4h4d,6.82
4u0e,6.92
3q4c,6.43
3ryx,8.14
6e9a,11.92
4kw6,3.43
1upf,4.6
5ekj,6.0
5y5u,7.75
5k00,8.15
1t29,6.05
1q65,5.46
4kc1,2.91
3kmy,4.49
2ggx,3.49
2gbg,7.25
5g53,6.37
5tpg,7.85
2zg3,2.06
4qfg,5.48
6co4,7.57
3rak,6.89
2wed,6.1
1w14,8.52
4d8i,6.69
3kek,8.36
3v5q,7.4
6ms1,5.22
4d1d,5.74
3oay,1.7
2weo,6.93
2giu,8.82
3g4g,9.04
1y8o,5.89
2j62,11.34
4g93,3.52
4l10,7.15
1ado,6.0
3uug,4.51
6iyw,7.23
4ucv,2.88
1ai7,4.09
2xzq,6.59
1ezf,7.25
5a5p,4.0
3hs9,6.31
4jnm,8.52
2gga,1.96
1b3g,6.7
5oxn,1.96
5mzg,6.86
1r6g,9.21
3cgf,6.57
3h2m,3.67
6ce2,6.3
2wxd,5.48
5j6n,7.77
4xub,5.97
5may,6.48
2x9f,7.21
2j7x,8.77
4dsy,4.43
5tkk,8.28
2qp8,8.1
1jjt,8.05
4g31,9.4
3neg,5.94
6htd,8.0
4dmw,4.94
1olu,4.41
5qaf,3.51
2q8i,3.4
4k3h,6.85
6fa2,6.66
5n1x,3.16
2p3g,6.9
5m4c,7.4
4oym,4.96
4zyy,8.05
1z6p,6.05
2ftd,10.39
5ali,7.07
6gbw,8.45
3bgp,7.04
3c5u,8.19
4ps8,9.0
4zt7,8.0
5mxf,3.59
4yee,6.49
3vc4,7.62
1l6s,4.41
1hxw,10.82
5f1z,8.68
3hv7,7.92
4ehz,8.0
2ych,3.0
4yad,5.6
4euv,6.3
3ika,7.85
1h8l,7.47
4ehm,5.85
4npv,7.46
4nxu,5.54
4hlc,6.76
3qo9,5.92
6afk,6.0
5wbl,6.44
4pg3,7.85
6mnc,5.8
6fu4,6.19
3u4h,4.25
5oax,7.57
6f1w,7.96
6rqk,2.8
3qyy,5.08
6d1g,4.47
1fyr,5.62
3sji,5.69
3uz5,7.22
1zgb,8.06
5c8m,7.19
5a2s,7.7
6d1l,8.12
3pn1,6.96
4zly,5.46
3l1n,5.63
1w4q,5.26
3f7b,7.19
3hx3,8.0
5zqu,5.15
5mys,4.3
2uzd,6.74
1x7r,8.05
3ekw,7.96
3w33,7.44
6qxd,6.02
4fns,6.7
6ic7,7.11
4waf,5.0
3pab,4.7
5u69,6.22
2nng,5.36
4og7,6.94
3guz,4.38
4hxl,5.66
6b27,5.03
3atv,5.34
1llb,6.05
1tys,5.49
5os4,2.78
5vjn,5.06
6ety,8.05
3nti,5.22
6qh9,5.0
2wxg,9.15
3thd,4.05
1d4l,8.77
3bz3,8.82
4u4x,5.01
3np7,4.02
1mue,8.64
1o30,6.77
1oe8,5.52
6tim,3.21
4bny,7.1
4u5v,3.05
3ovx,7.51
2wuu,7.16
4qmo,7.72
4xmb,7.36
6ey9,5.91
2pj0,8.09
1bnm,10.0
3s2o,5.05
3acl,6.22
5fus,4.68
4b9w,4.17
1mes,7.7
2nv7,8.3
3o1g,9.0
3q3k,8.13
3qfv,5.77
3zbx,8.22
2qi4,10.44
3d67,4.96
2xyt,6.29
2ze1,6.22
5eqy,8.0
4y3j,2.17
3vdc,4.92
5ajv,6.24
5q14,7.68
5ar0,6.14
1m4h,9.52
6cfd,7.86
3wax,7.89
6g8q,4.72
1okl,6.03
6bed,4.72
5uyu,9.51
4nru,6.94
2y6c,5.0
3tjm,5.2
3lxs,8.1
5nwc,6.15
4nld,7.7
3vd9,4.0
5fsb,2.22
4q1b,8.72
3s0e,6.55
5ml6,9.45
6fcj,7.15
3m35,7.22
1vwl,5.63
4tmf,5.48
3m17,7.4
4dho,3.93
5d45,6.92
4i4f,6.19
5byi,7.51
3psb,8.52
1akq,9.1
5wep,6.36
6f26,7.62
4i54,6.96
2w73,6.52
6ecz,6.57
5n1z,8.19
1w80,4.54
2pwc,6.57
4hl5,6.35
3nee,5.34
3fx6,6.8
3sou,5.68
4urx,2.89
6m7h,4.7
6eo0,6.43
4bgm,6.21
1igb,6.4
4zup,6.77
4z2j,6.43
2ei6,7.39
5twz,7.87
6peu,5.89
3gc4,7.6
6aqs,7.55
2yke,5.96
1pu7,3.1
5i43,7.2
6qgh,8.15
1fzo,7.89
1zub,6.57
1fkh,8.15
4d2v,7.43
2r3t,5.85
4eqj,5.6
4ju3,7.07
4dbm,7.62
4r3c,7.0
6i77,4.96
2wf0,6.68
1jt1,3.4
4bo3,6.52
4lgu,8.68
3uzc,9.61
5hff,6.3
5nho,9.52
3oik,6.17
5mi5,6.77
6gcr,8.33
4qwf,6.0
1c5c,6.96
5f00,6.6
3hrf,4.99
1kv5,4.22
4rhu,6.16
5h1t,3.8
5ks7,5.32
6ega,6.78
2vfk,3.71
1gx4,4.28
1s5q,5.28
3u15,7.11
4bbh,7.1
1rt2,8.22
3lzv,10.59
3os3,6.63
4twc,7.4
2g71,7.46
1vj9,7.55
5km1,6.18
4bf6,8.35
3fyk,7.4
1lf9,12.0
3ej5,3.57
6om4,5.45
4y4v,3.65
6cen,5.49
2oxn,7.44
1ocn,6.39
1uz1,6.89
1mcz,3.0
2xgs,3.28
2vj9,6.74
4tki,6.38
5wle,5.72
1vwf,6.51
4k76,5.35
3mo2,6.61
6eir,6.24
3rdv,4.91
5m9d,5.8
4p10,8.1
4zz3,6.0
5xp7,4.42
4n9a,4.19
1zea,5.22
5hzx,8.55
3ggv,10.85
1wun,7.21
5mkr,4.77
3v04,7.89
5bjt,6.3
3u5l,6.19
1jwm,3.57
1a1e,6.0
4wn1,8.29
2qnp,6.41
5epl,7.03
5thn,4.02
5ldp,4.17
1f4g,6.48
2bes,4.24
1u2r,5.41
1ai4,2.5
3bh8,7.95
1hlk,5.0
2r23,3.72
3uvl,5.69
5auz,4.01
5ubg,5.17
1sl3,11.85
6u5y,7.16
6czd,3.85
2feq,8.86
2wzm,5.22
6qts,4.8
5o4y,8.15
3vb6,4.41
3oxc,8.41
1km3,4.91
5n7g,4.58
3v3b,7.26
2wig,3.43
1eix,11.06
3psl,6.89
6bs5,5.7
3dgq,4.92
4gql,9.59
4b74,7.66
4rlw,4.87
6iph,6.66
2d0k,5.02
3ljg,7.73
4twt,8.0
2g9r,6.08
4cwf,4.49
1sbr,5.0
6ibs,4.96
4xm7,3.57
3u8l,8.05
2wtw,8.19
5i4v,8.52
4avw,7.62
4his,8.09
4xpj,5.09
2bal,6.31
4dpu,7.3
3ovn,2.55
5tp0,5.44
3abu,5.62
2v6n,5.86
5gso,6.96
3rhk,6.26
5kej,5.11
3jq9,6.4
5cqj,4.81
3t07,7.8
5nhh,8.95
3v3q,6.6
4j86,3.77
5hdu,9.0
5f1c,6.13
1q0b,5.17
3sqq,5.32
2azm,5.66
4c94,5.05
1o6h,6.73
4xm8,3.02
3k27,4.44
4mzk,5.31
5xup,5.25
4mot,7.3
6biz,6.57
3as1,4.02
4ybs,7.24
4u7q,9.74
5z95,6.55
5ntk,8.01
3f3v,7.14
3k00,5.77
3cgy,3.15
4ej8,5.39
4fgx,7.14
1m2q,6.1
6n0j,5.37
2mji,4.25
3tjh,5.41
4lxm,7.06
1y6a,7.66
3uda,5.01
4mti,8.92
4u5l,2.4
5u0f,5.47
3i6z,7.3
2fgu,9.18
3r5m,4.34
2ohl,3.05
2k2r,2.89
1czo,4.55
4fz6,6.9
4az3,8.3
1dmb,5.74
5yyz,4.18
4bch,7.66
1gzc,3.49
5ggp,3.3
4j0y,6.36
2viw,7.14
6e3g,7.36
2v10,9.4
2lnw,5.85
4hgt,7.4
2qnn,7.15
3aid,6.86
5d2r,5.82
3r0t,9.04
3fuj,3.63
6qdx,4.52
6g9f,6.23
4k4f,6.7
4wkt,3.26
6o0p,9.96
6n3x,5.09
4dhq,4.49
4djs,7.89
4k8o,3.77
2w17,8.7
1ype,8.1
5j7f,7.24
4f7n,7.1
4qbm,4.58
3mvl,7.89
3idp,8.8
4gfn,8.3
4yth,8.7
6baw,5.38
3zkf,6.02
5ih6,5.6
4jpc,7.03
5du6,5.02
1d4y,11.1
1wm1,6.3
2wu6,7.53
5vdp,4.05
6nzf,9.04
4ibk,4.3
3fl5,7.28
4det,5.68
3ekt,10.59
2pl0,7.21
5yve,6.48
5zg3,7.21
2zc9,6.74
6oxu,10.02
6ezg,7.69
6pic,3.39
6bw3,5.53
4gny,4.22
4iax,9.56
4n84,6.29
4nja,6.22
3py1,6.89
6s9b,5.68
1sts,5.0
1f8a,5.0
6b5t,8.66
3snb,4.38
3g4l,8.24
4w9e,5.15
3m2w,8.52
2ez7,4.36
4y2s,4.28
5dt2,6.82
1qng,7.89
1htf,6.83
2xdx,6.46
4pte,7.13
6uwp,7.55
2wxk,9.3
6fmi,5.03
3fvg,6.89
2a3b,3.33
2a4r,7.82
2yde,3.72
5t8o,6.51
6ncj,7.62
3ftu,3.61
5ywg,8.34
3wi2,7.04
1sjh,8.05
5yzd,6.7
6gzh,8.27
3dx0,7.44
6oi9,7.19
6gcx,9.22
6qpl,7.04
1mm6,7.7
4db7,6.56
4dfb,4.6
6dh1,10.58
2qi6,10.57
3l5c,5.15
4bj9,7.35
6dzx,5.46
5his,4.71
4yl3,8.15
4fvr,6.0
2xc0,6.72
3kfc,8.55
6nyv,6.51
3djq,2.98
1xn2,10.52
5fls,3.04
6md4,6.16
4y6s,5.03
4qnb,6.59
1yly,7.82
3p58,7.6
1o46,8.0
1g46,8.8
5ylt,6.39
4wj5,6.29
5gs4,7.07
4xum,4.67
3zj8,3.9
6f6n,3.02
5mav,5.48
3iqv,5.18
5wa6,6.36
2kvm,3.96
4mre,2.19
4b7r,9.64
2h6k,5.06
6e6w,9.96
1z71,9.18
3ska,7.49
6f28,5.67
1sqb,7.95
6bnk,6.99
3uqp,7.31
5v2q,8.28
2r2l,9.0
2ax9,9.52
2lsp,3.56
1mxl,3.81
5wlt,6.81
4jlh,5.4
4z8a,4.76
2m0v,5.97
4dhn,3.89
1tpz,6.19
1zp8,8.77
6dsp,6.09
2byr,8.55
1ajv,7.72
3upy,5.62
6gg3,4.21
5c7n,6.57
6g5l,7.62
4bj8,8.29
3r17,6.41
4qxs,5.96
3v7x,8.57
6ic0,7.66
5y8z,6.21
6h1h,6.17
3g0g,8.3
5i9x,7.52
4djo,11.52
2ntf,6.52
5wb3,7.22
3znr,7.44
3o8h,6.24
6bin,6.34
5khh,4.31
2zcs,8.22
4i2w,3.92
2r9b,6.57
2y5f,8.7
2f01,13.0
2wuf,4.29
2zx5,12.33
5mwp,7.5
5acx,5.05
2itz,8.59
6ej3,5.93
2rk8,3.64
3ejs,6.6
2nnk,8.37
2xyf,8.44
5h08,5.96
2cma,6.73
3okh,5.24
4qp8,6.55
6nzq,9.52
1jm4,5.0
4daf,7.12
4yqh,8.05
5alc,8.13
4k6t,4.1
4b14,6.22
5v4q,2.57
2vwx,7.4
4dhf,7.55
5ugh,6.77
4d0w,7.7
4ehg,7.19
6mub,7.0
3c7n,6.7
5vqe,1.49
5ovp,5.04
5v41,6.15
2r0u,9.0
3rlq,7.4
5yov,7.68
6g6y,6.66
1b0h,6.7
6czi,6.25
6dkp,7.44
4hcu,8.0
5n21,5.96
5l30,9.14
6h9v,0.66
1auj,8.25
6ht8,6.72
2gg0,5.77
1rin,3.15
2ez5,5.52
4qw4,6.95
1y0l,9.0
5tyj,7.46
2o7v,5.96
3wns,5.96
6i11,4.53
3kb3,6.82
3mhl,7.25
2c4w,4.7
6fky,6.49
3k5g,8.6
3iss,6.05
5sz2,8.7
4i9h,7.17
3rv4,2.3
2zfs,6.54
1noj,3.15
5upf,8.6
1t1s,5.15
5mjb,8.52
3h9f,7.92
1bkm,5.74
2e9n,8.21
2y81,8.7
4jvq,6.2
3u51,5.51
5xvq,5.05
4e4n,9.05
1ahy,3.36
5mno,3.84
5al4,6.52
1v2t,4.71
3fgc,3.92
3l7a,4.33
4hvb,9.95
1bai,7.7
4yyl,5.01
3unj,4.96
5we9,7.22
5wg5,7.18
4zt5,8.0
5u5h,5.89
5csd,7.89
1v11,3.98
1lf2,7.52
2yk1,8.13
6bl1,6.96
5ufr,8.7
6ck3,7.35
3ckt,6.32
3l58,8.1
4ymx,7.1
2vyt,2.74
4j4o,6.9
1nok,3.15
2qlj,5.36
4xuz,7.36
6bqd,6.39
4bbf,8.66
6akw,7.22
2cgu,4.87
5iuh,6.4
6bir,7.52
4jzr,7.8
3oyl,6.7
5y0z,6.34
4hv7,3.52
5lz9,6.92
6axp,5.07
4xrq,6.63
2chw,4.77
3nkx,5.12
6mdb,7.17
1gbq,2.46
4yht,9.22
3rwj,7.8
5ekx,2.03
3iej,6.66
6guc,7.6
6pvz,3.47
3zns,7.41
5lif,5.87
4uwl,8.57
3ivv,5.43
5nxp,7.99
6aak,9.15
4btw,7.15
6b5m,12.0
1o2t,7.85
5fat,6.96
4wey,3.5
4u93,7.89
2xup,12.39
3m11,7.37
1zfk,7.92
6oir,7.77
5jfr,8.3
6rhe,4.13
6j0k,5.64
5l4i,6.59
6rrm,6.84
4qoc,9.92
5m44,7.4
5j6l,7.89
3hyg,7.03
5a4q,5.54
3bx5,8.46
1inq,6.27
4b2l,3.24
4l6t,7.49
2pu1,5.85
6qaa,7.66
1n5z,4.36
3hw1,3.06
4e81,5.24
2eg7,5.89
6cjj,3.9
4or0,7.46
4oc1,6.6
1yi3,5.4
4hnf,6.15
1dhj,6.55
3l9h,8.1
4deb,6.43
2las,5.74
6h7l,8.97
3pd4,4.48
4wq2,6.3
4abb,4.51
1opi,7.3
4ajw,5.86
5org,8.4
3l0n,2.77
6euc,3.77
1tbz,9.8
1t1r,5.4
2qc6,7.0
4lxb,8.15
1w5w,8.8
5b6g,7.44
5ul5,6.97
1ym1,6.24
4a9i,4.9
3v49,8.02
2pjt,6.07
5n0d,8.48
2kfh,2.62
3t1m,3.04
2q6f,5.44
4m5u,7.96
3hab,8.38
2piy,7.7
4wwn,6.07
3suf,7.56
4j2t,7.96
4mzl,5.62
2fgi,7.34
4qfl,5.11
5fol,3.67
5wi0,3.44
1m6p,5.1
2zo3,10.0
2vnf,5.52
4cki,5.96
6me1,7.92
4q1w,11.7
3lkh,6.1
1eb1,10.43
2fx9,7.77
3k5d,7.28
1wbv,3.79
4zsq,5.65
5mby,3.51
3g32,3.71
5hm3,5.17
6ayt,8.85
6i5i,8.05
3hub,8.09
4qh8,4.89
1v2r,3.55
6pyd,6.81
2h5a,5.1
5mty,8.89
6eqv,6.62
2fr3,8.7
1drv,6.54
5xhr,5.1
4bzn,5.84
3v3m,5.32
4kby,6.73
6das,8.31
1cps,6.66
2jkt,6.51
5t78,7.37
2ooz,5.15
3fci,5.89
4dlj,5.92
3wdd,6.11
4pl3,6.54
1cea,4.96
5uiq,4.26
4b4g,6.76
6rfw,6.5
3p8o,8.72
2z3z,4.31
5u6c,10.3
4uyg,7.6
1r5w,5.54
5wef,6.44
3asx,7.7
6poi,3.49
5a3q,8.6
5ixf,5.52
3u9c,5.89
4mwc,5.87
2xx4,7.1
3wt7,8.75
3eq7,9.09
4ieh,7.85
6h76,7.52
5o91,6.46
3ai8,3.81
4dxj,7.42
2n1g,5.64
2y5g,6.84
3s3k,4.01
4x6n,8.82
2y2n,4.57
3zuk,7.46
3bmy,7.52
5div,6.85
3jrs,4.28
4p73,7.66
1xh6,7.32
5h5o,6.56
5sz1,8.92
5e6o,4.11
5m39,4.62
3cdb,7.02
4uns,6.7
6oht,6.45
6ijh,7.17
1me3,7.19
1tft,8.3
2zp0,7.6
6b7h,9.03
3sl0,2.7
4dv8,9.24
5yls,5.29
3g3m,5.96
2w0x,3.2
3g0c,5.7
4feq,5.96
6g9k,7.4
1ph0,6.92
3shz,7.44
3b7j,5.17
4nwk,8.7
5aep,7.17
5dbm,6.46
4mro,7.06
1n43,10.55
3fzt,6.2
3eju,6.6
1c5o,3.49
2uzo,4.57
5efa,4.83
2flu,7.7
5n18,5.68
3c3q,4.32
6qav,8.31
4y67,6.93
5lvf,4.82
1nm6,10.05
6qyl,6.08
5ody,8.4
5w8v,8.22
5jrs,8.4
3udp,5.22
4pul,6.84
3g42,6.85
6buu,5.44
3stj,4.8
4zlz,7.0
3obu,4.3
4kn0,7.4
3hqh,4.2
4jsc,7.13
4bjc,7.85
3wf7,6.69
5y2f,5.15
4b7n,8.78
5zwi,8.64
5l7f,9.05
6o0h,8.15
6n19,3.02
6fbw,4.78
6h4q,5.69
6o57,6.29
1jd6,7.39
6h36,9.35
5v83,5.16
3bi0,7.85
1v0p,6.89
5uwn,7.87
6eaa,6.09
2vc7,3.36
4x5z,7.63
6om2,7.75
2r02,5.1
3nu4,8.82
3str,8.4
6ful,4.92
4tn4,6.33
5k5c,1.62
5nvx,7.05
4amw,1.55
2a4q,7.18
5el2,4.47
5b0x,7.7
5lgn,5.54
5u4c,6.0
2ada,13.0
5j3v,6.98
2frd,4.54
4mho,5.08
4b3d,2.68
2g97,6.82
3ith,8.1
3kmc,6.4
3gpj,5.11
5kbh,6.26
6n55,7.87
3shc,5.72
3s3r,8.68
2xey,5.19
3amv,7.97
2g24,5.4
6ggd,5.59
5tus,4.43
1h4n,4.92
4uhg,6.27
5zg0,7.09
1bdl,5.85
6c9v,6.92
6hk4,8.55
4y62,2.95
2ydf,7.66
2m0u,6.44
4ya8,6.1
4o37,6.16
1nkm,7.3
5szc,4.69
1tnj,1.96
4qt0,6.29
4ezq,5.2
3inf,7.4
4wk1,5.89
1sve,8.3
5naw,7.3
6dq5,5.19
1xpz,7.08
5n84,7.96
2w4i,6.3
6d4q,6.08
5v19,3.3
1xt8,6.85
3hig,7.89
5dfp,7.66
4lwi,7.64
5ivc,5.92
1pme,9.4
5nsp,6.47
4o13,7.82
3er3,7.09
4p4i,7.46
5uf0,3.8
2ph9,5.89
2xdw,8.37
2ci9,7.22
6a8g,6.61
6dd1,4.65
1ws5,3.03
4qfr,8.13
2wyf,4.43
2doo,7.17
4foc,8.52
5fwr,7.75
1fe3,7.33
6bln,8.8
5fxs,8.05
4uin,7.62
1ntv,5.82
5c2a,8.32
1lf3,7.0
1uy9,4.82
4yyt,6.38
4ew3,6.74
4k60,3.24
1jzs,6.6
2fj0,7.66
6exj,4.33
4j78,4.65
4zjj,8.0
2q5k,11.3
6cw8,6.57
5u0w,4.24
5oh1,4.41
4uvv,7.49
5tq5,7.23
1u3s,8.85
3kn0,3.6
6et8,8.25
3lp7,5.44
4nnr,7.26
6gfy,6.61
1sb1,6.89
6nm4,7.06
5y7w,7.7
5ory,3.45
3uyr,6.9
5q1d,6.12
2fda,6.3
1pbq,6.27
1a8t,5.8
2qtn,3.42
5fpi,4.14
6a9o,5.24
2llo,5.82
3gw5,9.33
3bbt,6.15
188l,3.33
4ehr,7.89
2yhy,5.6
6hhh,7.17
4od0,9.04
2fm2,8.15
2bua,4.52
1ilq,4.89
4gwi,3.69
4oti,7.37
3n35,3.37
6jsg,8.34
4m5o,6.42
6hhg,7.76
1rd4,7.74
2gg5,6.6
5wkh,3.85
4bw1,5.9
2j2i,6.7
6r7j,7.4
5c1m,10.8
3kqb,9.3
3d50,4.77
2x7c,5.7
1a4w,5.92
4ozj,5.4
3c2o,3.35
6dh3,11.3
6oe0,8.92
6p5v,6.7
4h71,4.45
4dy6,4.4
3hvk,8.52
3msl,5.15
2fdd,8.32
6bx6,6.48
4i0d,6.21
3l9n,8.07
4p58,4.6
6g6x,4.88
5ax9,8.1
5uzk,6.74
6g36,7.79
4ryc,7.1
2n9x,6.4
2xel,3.9
1rp7,8.52
2hdr,1.72
4ajk,3.11
4a7i,8.7
3pvu,6.54
3n8n,4.57
1mrs,3.96
6qr1,5.07
4m7c,6.12
6m8y,6.38
5uhi,8.04
6afj,6.28
2j4q,4.46
5npd,7.42
3eig,7.68
2qt9,8.64
5ufi,8.4
1idg,7.19
4b32,3.34
4lh5,6.7
3dow,4.94
6fgq,7.85
3l9l,6.78
2e99,6.16
2yiw,9.1
1xn3,7.4
4yyi,4.19
3uj9,4.63
4hrc,8.92
5o1d,4.66
1w1t,2.96
2qky,9.61
4jwk,8.32
6afl,7.0
5t6z,4.21
4nnw,6.61
5t2i,8.7
1kpm,5.8
1hs6,5.38
5ttv,7.54
5svl,8.55
6cgp,7.12
5dxt,9.7
4um9,8.07
4qt1,8.15
5lh8,7.72
2zzu,7.41
4ouj,2.86
6iuo,7.79
6ewk,3.77
1yet,5.92
1i9m,8.48
4uzd,9.22
1csh,7.55
4duh,5.18
5ta6,8.82
4g8n,7.2
5wyr,6.39
5tbp,5.18
2pv1,7.14
1x8t,7.8
6iyv,5.88
2kp8,4.0
6nel,7.96
4b6c,6.16
2m3m,5.02
5n17,5.32
1jwt,7.85
3a4o,8.89
4us3,5.32
4c70,3.52
3djp,4.2
5zjz,7.37
5ula,7.11
4e3b,6.05
4xy8,6.4
2qve,2.32
5a5q,4.68
4m2r,8.49
2pvw,9.52
1jvu,5.15
5ty1,5.21
1y57,5.79
4bdt,8.96
2ien,9.0
1n7j,6.43
2jfh,3.06
1xff,4.82
5ful,4.74
5ceo,9.3
3g30,2.51
4x7k,8.4
2q2c,6.38
5aqq,3.1
5jf7,6.04
5k0f,6.07
5db2,7.6
6cq4,4.85
4jfd,4.44
3iww,7.96
3qzv,4.16
2xk4,4.77
1fiv,6.59
5l15,9.57
1swi,3.1
3i4b,8.15
5hld,4.66
3rxa,2.85
6b4w,8.3
2wf1,8.7
4lh7,4.47
3mxs,5.01
5dgz,7.85
4xuc,5.96
4y2b,8.36
4iva,7.16
4k55,5.51
2i80,5.4
5cil,7.39
3vw2,4.75
6cjh,5.42
4re2,4.98
4fic,4.7
3kfn,4.74
2qw1,3.9
4pri,4.03
5cbs,5.41
2wd1,7.09
1i8z,8.9
2wxn,7.68
1ele,6.85
4g2j,7.96
1o86,9.57
5mg2,7.77
1o49,6.36
3gfw,7.57
6cks,7.82
5m3a,5.7
1i32,5.7
3p2h,5.44
5fp0,7.77
4b0c,2.07
5edu,8.66
4i06,7.17
6u9v,7.4
3i1y,8.15
4x34,6.12
2xxn,6.41
5eh0,7.74
3nmq,9.7
5tt8,6.5
1uvu,5.0
3zln,8.47
1cbx,6.35
6cqz,9.64
2yxj,9.3
1o39,7.13
5trg,7.82
3tvw,4.43
4i71,7.74
4ij1,5.4
6htg,7.17
3gjd,7.33
5ech,3.8
4o9w,7.16
5kap,4.23
2qrg,5.18
2ate,7.07
3s1h,4.77
4z7h,6.66
4jr0,8.2
6qln,4.66
6h9x,9.74
3ap4,3.92
2nyr,4.66
5bvo,8.3
2w7x,7.62
5l4m,5.34
2cht,5.52
3ecn,3.16
6by8,6.91
2jnp,6.89
5f2f,6.92
1wbw,4.36
4y4j,2.47
2j47,5.41
4cwp,6.77
4exh,6.15
4clp,1.27
6dak,5.14
5w19,5.3
1pmx,5.14
4ght,5.78
3k98,9.0
5qag,3.7
4ow0,6.82
4bao,8.37
1jje,8.43
3hfb,7.52
5zhl,6.72
3hec,4.47
3ddg,6.0
4g95,7.61
4zud,8.16
1qf4,6.18
6qad,7.85
3ft5,4.82
5hgc,8.66
4nrl,8.62
6r1b,5.44
4rvr,6.87
2nqg,6.48
5mpn,7.07
3r00,5.07
6hhr,7.01
5zyg,5.21
5aut,5.17
3wf9,6.25
4qxq,5.7
2w0s,3.3
3tpu,4.32
6c5j,7.16
4yes,8.02
3b7i,5.82
5f95,8.01
4aom,7.07
6hck,4.6
6dj5,8.14
2uwl,8.4
6b1j,7.37
1pig,9.15
2hu6,3.81
3gjt,6.77
4bjb,6.66
4y2x,6.29
2lzg,7.77
3sn8,5.65
2ay4,2.91
3l4y,7.0
4jv7,6.0
2vqj,6.44
3chf,5.37
5zoo,5.65
4ahv,1.82
4fob,8.3
5cr7,3.1
3mzc,6.65
5b2d,4.25
1bv9,9.96
2gv7,7.85
5aei,8.96
6no9,10.52
5tw2,7.3
1d6n,4.5
4x8t,2.05
2nns,6.05
4qf7,8.6
5v5d,5.27
5dda,5.78
4bhi,7.05
5iyv,3.87
1kmy,5.1
1m5b,8.01
3eys,5.52
3u9n,7.0
6eds,8.77
1o35,5.0
6eku,4.28
2sim,3.42
4cfe,7.22
6dj7,8.72
5gsa,7.09
3zn1,4.54
4h1m,7.11
1jsv,5.7
3kdd,8.46
3wqm,6.25
1u1w,5.85
4iur,5.58
4egi,3.82
4brx,6.49
3ql9,6.3
2y4k,5.46
4wz5,5.51
4o5b,8.3
5nxw,7.24
6iql,9.37
4hw7,7.21
3cd8,8.05
4to8,1.24
4y29,6.25
5ovh,6.55
5tnt,8.31
1xh4,7.47
3c89,6.07
4sga,7.3
4psq,6.36
1fwe,5.6
6biy,6.66
3m3z,5.73
5lx6,5.72
5q1f,7.14
4i32,7.24
1xh7,6.82
4i11,4.57
5a0e,6.53
5dry,7.7
3tjd,9.0
3s9y,6.44
1q6n,7.64
2bmz,3.7
2gh7,13.0
3vjk,9.43
3psd,8.52
4k9g,5.82
5d47,7.0
1utj,3.84
4ezk,8.2
2oo8,9.0
2e9d,5.89
1jet,7.25
5wbo,4.21
4fpf,4.41
3q6w,7.57
5qin,10.4
3h03,3.87
3vdb,2.52
3fyj,8.3
3kxz,7.46
1h1s,8.22
4y5h,7.82
2psu,7.62
4zb6,6.28
6cvy,8.41
3b7r,7.7
5kcb,6.0
1hee,5.34
4ekg,8.77
6e3m,8.64
5yjm,7.68
3kqe,8.09
3ml5,8.52
4tx6,5.59
6ox0,4.85
2qi0,7.38
4zx4,7.11
3ddp,7.14
2evo,7.17
3cx9,4.89
6fzf,6.82
3art,4.43
4yzn,4.81
2zu3,6.1
6fjm,6.24
3ewz,4.1
4ks4,7.14
6h4s,7.42
5tr6,8.49
4lgh,8.7
3vuc,9.05
2zn7,7.89
1lke,7.52
1lvu,5.32
3rbm,6.57
4nxr,4.34
2ou7,3.81
3ot3,8.3
2ynd,7.49
4b00,8.61
2gek,7.52
6afi,6.2
5q0q,6.11
3m57,5.4
1v0n,7.55
6ezq,4.66
2w8g,6.0
2xej,8.87
2weh,5.95
1v0m,5.1
2vc9,8.44
3npc,8.34
5if4,9.0
5vzy,8.49
2zjv,5.14
3ee2,4.19
1ppl,8.55
5moo,1.31
5zg1,7.72
5wij,6.31
1jut,7.32
1q66,5.77
3w32,7.12
1qka,5.92
2imd,8.3
6aoy,4.97
2o64,6.47
5vqi,6.25
2pcp,8.7
3rxf,2.6
4mzj,5.8
5vdv,4.0
6hou,4.27
1hfs,8.7
5y6d,7.26
4x1q,5.3
1dtt,8.3
5hkh,5.09
4ruy,7.89
4i0z,6.33
2gvd,7.0
3ru1,4.85
6ft3,6.42
4dhl,4.48
5fbn,9.57
3eov,7.2
1pxk,5.66
1z4o,4.52
4k3n,7.96
4mbi,8.15
6hvu,6.59
6qe0,4.6
1o4k,2.92
3e3u,7.89
1k27,9.0
6ax1,9.42
6g9x,3.92
1l0a,4.62
6bl2,7.39
4deu,5.64
4j47,4.92
3o8g,5.13
6ps4,9.89
6hoi,5.1
4o91,6.83
5q1c,8.08
2qfo,4.7
5mhq,6.96
5a3s,8.68
5kx7,7.44
6epz,7.14
6bic,5.62
4hra,10.1
5m56,7.89
6b5r,8.77
4djp,10.55
2ltz,5.35
2cli,4.3
4kwf,4.82
5gn7,6.05
5w2q,6.88
3cl0,7.07
2qki,6.41
3nuy,3.46
1qbn,5.85
6nfh,7.15
1gah,12.0
4abk,5.72
4ou3,4.41
2op9,5.66
6gxb,7.46
5ly2,7.92
6gnp,4.55
4utx,5.24
5drc,5.98
2qrl,4.0
5ia0,6.73
6d5j,6.34
5n2d,8.22
1bdr,6.68
4yk6,5.7
4da5,6.44
4f08,6.6
4jn2,11.68
4jg0,6.76
3t09,3.8
1gjc,6.35
2eep,7.06
3gfe,8.49
1ie9,10.19
3ia6,8.52
2ccc,7.76
4z7f,7.53
1mqj,5.32
3bbf,5.28
2r3i,6.0
6i17,6.6
1m0n,2.22
4j8s,5.7
5yof,5.82
3lbl,7.44
1uvt,7.64
4zjr,7.54
4k6z,8.7
6jjm,2.85
3bzi,5.74
3g8o,7.8
3d9m,3.48
1zsh,7.07
2yfx,8.09
5byz,7.38
6h4r,7.03
4hyi,8.52
1o0f,5.3
1erq,7.89
1adl,5.36
4gne,2.47
4b5b,6.41
2yix,8.48
4u1b,5.31
7lpr,7.18
1kwr,6.6
4qsv,2.0
3s9i,5.7
6r9x,2.96
2r64,7.52
5u3b,8.82
1ms6,9.52
6ib2,8.0
3qtu,7.15
5f2k,6.16
1qaq,4.74
3io7,7.77
5g1a,6.57
3vhk,4.6
3wvm,5.71
4bsq,9.15
5l2y,9.85
3bva,6.52
3vf7,9.1
3n7h,4.5
2jdv,8.2
3fvn,6.77
1li3,4.25
4fe9,3.0
5yf1,3.28
5d1n,5.57
2zdt,8.02
6ovz,3.85
4mw2,6.7
4wi1,5.3
4izy,8.52
1v2s,4.17
3zhf,3.92
1yp9,5.11
5a7i,5.26
6jax,4.42
2bkt,7.64
4qmz,6.68
1f9e,8.7
6f1x,7.7
4qls,7.44
1lt6,3.3
2uw8,4.11
3tfu,3.28
6ma4,7.35
3aaq,3.3
6qho,6.2
5kh3,4.22
1qan,4.48
6haz,7.0
3khj,7.55
2vcb,5.26
3fe7,7.12
4xsz,5.6
1zeo,6.68
1yci,4.08
1dzm,5.41
4acg,9.66
3iue,5.82
6i0b,8.04
3shy,7.04
5vt4,4.35
5yft,5.0
2jbk,6.4
6c5f,4.48
5acw,3.84
1njt,4.82
6fzu,3.67
6b4h,8.52
1ta6,9.13
6cnj,8.11
5y62,1.74
2qm7,5.89
2ygu,6.49
2aia,5.41
4odk,3.8
1fpi,5.89
6oip,6.92
3ztc,4.56
2etr,6.82
4pfu,6.17
6erv,5.36
5nf6,7.46
2o1c,4.72
5hmh,8.15
3svv,6.94
6cyb,9.02
6fer,4.36
5u06,6.66
5w4s,4.03
3r8u,5.3
3ft3,7.36
1ghy,8.1
6e7x,6.76
5ok6,5.05
3r0w,4.52
2xd6,6.19
6pz4,9.4
2a4w,8.29
1gwm,4.1
3koo,7.82
4hdb,8.05
6g0v,3.78
5ef8,8.85
4ede,7.38
2vjx,4.96
5jf6,7.21
4b05,7.58
4gw1,6.37
5zwe,8.96
5fpp,4.0
5d9l,7.62
4b77,5.1
5vll,6.37
2wez,7.64
3t3v,8.52
4ie2,5.35
3hll,8.24
3aau,5.05
5w0f,7.8
1c4u,10.37
3qel,6.49
4g0l,5.19
4lbp,4.94
2q88,5.8
1o4f,3.52
1aq1,8.15
6e3n,8.7
5m6m,7.36
3v2n,6.1
3b66,8.6
6o7g,5.96
3omm,7.43
5a14,7.3
3jrx,9.0
5eq0,5.92
2yk9,5.09
4m3b,6.4
2jt6,7.6
2fo4,7.22
2gcd,5.52
3c10,6.52
3fcb,5.31
5llg,11.13
3qlb,8.43
5lqq,7.09
4wnm,7.59
4l0s,6.84
6qz7,6.49
3qs4,4.68
1nfu,7.74
3vjt,5.39
6dya,6.17
3zcw,6.19
5ehe,8.32
3nhi,8.43
2w16,10.0
2qd9,7.89
4aph,5.4
2zdm,6.41
4zyz,7.17
3mmr,4.96
2aoe,7.62
1o2o,6.36
5kcx,6.7
5ece,8.05
4rac,7.52
3l7d,2.18
2xzw,5.29
2a3i,6.05
4n1t,9.1
2w6q,4.6
5o0a,3.24
5n1y,3.22
1uw6,7.34
1i48,5.7
6dq6,5.07
4wgi,5.35
2w87,4.65
3k3b,6.7
5kxi,7.74
4yv1,3.08
3a3y,9.15
5nvf,7.8
6oh2,5.2
4nmv,4.95
2y67,3.53
5vsc,6.29
1wc6,4.0
3hek,8.27
5wbr,4.77
6e4t,8.05
6bij,6.05
4q4q,5.79
1sqt,6.2
5itp,5.0
5ei4,4.58
3mxy,6.41
4yv8,7.96
6dge,6.72
5mxr,5.21
2e2b,7.96
4c1w,9.41
5jgi,4.3
5txy,5.46
6ooz,8.05
4wy7,6.78
5ar8,8.1
3c9e,8.0
5klr,7.72
5e80,8.3
5fh8,6.77
6ntj,6.47
4n9e,7.82
4cxw,6.09
5vsk,5.74
6ffg,7.2
4fcm,3.94
5fh7,6.86
3vzd,6.3
5yzc,5.52
5ely,7.36
1bwa,8.6
5jhk,4.64
3lhs,9.0
6dgr,4.91
2o1v,5.3
4x5y,8.03
4btl,5.6
6b22,7.38
4u73,5.18
6ei5,7.42
2pk6,10.89
6a87,3.15
4bo2,7.3
6f05,4.47
5wzs,6.55
3d7d,7.85
2qi3,10.2
3lqi,5.16
4hu1,7.54
2wq5,3.74
1f8c,7.4
5ogb,7.47
4x6h,7.66
6f86,7.43
5d10,7.14
2zu4,7.42
2ojj,8.7
4fxq,5.77
5q0l,5.36
2o4s,10.51
1w4p,4.74
2y54,4.7
4n8q,3.42
5ekn,5.72
6gin,7.49
5ml0,6.3
5a7y,4.48
3f37,2.62
2ph8,5.74
4csy,3.06
3g9l,6.13
4y16,7.43
4j5e,4.94
5fah,6.15
5ep7,5.4
4kxl,6.22
5c7b,3.0
2vnp,9.92
4k1e,8.44
2c4v,2.6
4m5k,5.23
1elr,4.96
3rlb,9.92
3u78,5.6
6p14,6.66
2xy9,9.19
5akl,7.07
6jao,4.86
2b9a,8.05
2y7z,8.7
3cda,7.58
5two,8.09
4r6w,5.27
6dxx,6.64
4kpx,7.3
4pv0,9.07
3rwi,6.94
1pq6,8.1
2xni,7.37
6ow2,8.52
3fnm,4.71
3bi1,9.92
6pg6,3.7
2in6,7.64
3rtf,7.35
8a3h,4.06
1xug,7.05
6di1,6.74
4xit,7.27
2yjc,7.66
5e0j,5.21
4wvt,5.31
6aox,4.82
4jne,5.86
3g2i,4.86
4wrb,6.19
6dn5,7.49
4rgd,3.94
1abf,5.42
5q0g,9.74
5lne,4.76
4dvf,6.89
5ypo,7.1
2j7f,6.35
6eq3,6.15
5kbq,7.0
1hqh,6.3
5m6h,6.82
3ipe,6.82
4k67,3.43
2vd0,4.94
4hy1,8.7
4q0k,4.87
1rbo,12.72
4lgg,8.52
4rn0,6.59
3jzb,9.01
1g50,6.28
2ay7,2.3
5wal,8.77
5llo,9.4
4rkx,5.1
5h22,7.44
4k4j,6.12
1h1p,4.92
2vts,7.52
1fcz,9.22
3lq5,6.96
1q9m,6.48
6i12,5.57
6anl,8.27
5ejw,3.3
3oui,4.9
2wks,6.89
5ywx,9.85
3s2v,6.8
3avf,3.53
3rin,8.89
5o87,6.61
4mlt,2.85
5km9,4.25
6ge0,8.68
3bm8,3.54
3st6,3.62
4dus,8.3
4zx5,6.19
5y0x,5.11
3tf6,6.4
3f70,4.85
4ear,9.82
2c6i,4.96
2idw,8.89
2zdl,6.4
6esn,8.05
6ays,9.19
2z78,6.12
6qft,7.46
4o0v,8.48
4zy2,7.22
4a51,6.73
1u59,7.25
1g27,8.15
5hdz,7.35
5hfc,5.72
4jit,6.64
3du8,6.84
4nrk,7.62
4mrh,1.9
5mgx,5.59
1o34,5.74
4kn7,7.62
5n1s,7.99
6hgi,6.22
1uwh,7.66
3gur,8.0
3nok,4.19
6e4w,6.7
6fut,4.7
4x6s,5.24
4q6d,7.36
3ftq,5.33
1b6m,8.4
1g3d,5.55
5mxv,4.92
3hkw,8.64
5wei,5.7
5n49,6.33
4j7d,4.7
2q6c,7.78
2bdf,7.17
6gzm,8.26
6pgb,4.6
3skk,4.47
1n7m,5.71
5l72,6.8
2qi1,7.3
5knx,6.1
5id1,6.25
5qak,3.66
4m5l,4.72
4l0v,6.63
4zt4,8.0
5xaf,5.77
2gz2,5.22
4fyo,7.33
6dpx,5.89
5ylj,3.86
4zmf,3.96
1ym2,8.0
1qbq,8.3
5lvd,2.62
4pp0,4.4
1a69,5.3
5zob,5.96
1ejn,5.62
1bmn,8.44
4xbd,6.4
5he2,6.89
4b81,4.92
4i1c,8.1
3zeb,6.13
3vye,8.11
6q6y,6.0
4hhy,8.72
2q8z,5.68
4ebv,5.38
5hg9,7.46
6hmb,6.56
5cuh,4.62
5zxi,9.15
6bt6,5.91
1m5c,6.3
2i7c,5.07
5hu9,7.62
4nyj,3.49
4w7t,6.05
4c16,4.96
3ik3,8.7
5aph,7.22
5u7m,6.74
4emv,8.3
2v96,4.54
4zzd,6.6
4mbj,7.21
1ryh,7.56
6gvg,6.0
4m2w,7.28
3g0d,8.3
2aof,4.55
6mm5,4.54
5ia2,7.72
4bdb,4.07
5gs9,5.26
5cbr,5.74
2pwr,6.59
1gwq,7.12
4mlx,3.19
3mt9,4.59
2zx7,10.49
1pxl,6.05
6exi,5.05
3bzf,4.52
3shv,6.66
3cfs,5.96
5oje,5.21
3kqm,3.77
4lwt,5.41
1unh,7.0
5nap,7.95
4k2y,3.33
5eij,5.31
1odi,4.21
1hww,7.7
4avj,7.44
6e23,10.0
5j9z,7.8
2c3j,6.18
1lpz,7.6
5zmq,4.74
5vsf,7.03
2who,7.7
4kp5,6.08
4fn5,6.76
4ksq,7.31
3px9,3.42
1qja,6.38
5y9l,5.72
6qqu,5.3
3vw9,7.96
6oxs,9.96
2vl4,6.01
3suv,4.55
4b2i,3.0
1eou,7.44
6cz3,7.25
7gch,5.7
1qtn,7.3
4mxa,8.92
2vcg,5.77
1a9m,6.92
2kbs,5.0
5fd2,7.05
6pl2,8.06
1ule,5.92
5dhj,6.7
6j7l,4.5
2rg6,8.66
2zdx,3.19
2etk,6.82
3arz,6.0
3vp1,5.48
5kqy,9.29
1di8,6.0
4a4l,7.82
6axb,6.3
6m8e,4.85
6aa5,7.28
5fun,7.59
6fel,6.4
4mk7,6.36
5v24,6.4
1kdk,9.05
5yjb,7.54
2uxu,4.74
5t2m,9.2
4mbc,6.4
1rhq,7.75
4oz3,4.55
4oee,5.76
6rj3,6.4
2r9x,4.85
4jx9,8.62
4qxr,6.0
1ga8,1.8
4fut,6.51
5t28,8.49
5er5,3.67
4avt,8.06
4jg7,6.92
3dcr,8.2
5oqw,7.4
3bjc,6.96
2azc,6.74
1sld,6.57
4e8y,6.09
5wxp,3.35
5ung,9.47
4r6v,7.45
5q18,7.17
4u7o,3.35
5aab,9.06
1awf,6.01
3hxe,5.33
1i37,9.57
2xj0,2.82
3iod,4.1
3i02,7.52
3njq,4.89
2o9a,3.81
1hti,5.13
4crl,9.71
4cts,5.0
5c4t,7.66
1i5h,4.28
2w6o,4.22
4bo9,6.51
3w54,9.7
5owa,5.46
5w94,4.65
4bcn,7.92
3ggw,5.54
5e1d,5.39
3e16,5.24
1s4d,6.49
6f7q,8.96
3kr5,7.89
5ml4,8.7
3ske,7.77
3agm,9.09
1pa9,4.6
4rx5,8.52
2i0v,6.8
3e3b,7.96
2ynr,5.77
3pcb,2.4
3tki,10.3
3p2k,4.7
5e1e,7.66
2ohs,4.4
5alf,6.69
4o71,4.74
2c4g,5.94
5m57,4.92
1pbk,9.05
1umw,6.55
2qnb,5.34
5ek9,7.33
9icd,3.9
5ia3,7.34
2pze,6.08
5wdw,6.54
5cc2,4.1
1dud,4.82
1rgk,4.31
3iqq,5.54
2qp6,6.68
4ytc,7.89
2vcw,3.05
4e4a,2.05
3igg,7.18
1vea,7.52
5mm9,6.42
5icy,5.06
2yme,7.66
2w6n,6.9
5hkm,7.89
2c1p,5.4
2xzc,5.64
3voz,6.85
3r9d,4.15
3vap,8.4
6cqt,9.64
5khx,7.85
3ua8,7.85
6ckx,7.89
4vgc,6.9
2cgx,4.81
4fm7,7.24
1hps,9.22
2hxm,5.22
6j3p,6.98
3fu0,2.28
6b1h,8.72
2jaj,4.6
2fzc,2.7
5a00,7.52
6dj1,10.51
3pa4,8.52
4prg,7.15
2ksb,3.12
4yik,6.89
6e6v,7.77
1yyr,6.29
2pwd,4.4
6c7j,8.88
6p8z,4.7
1lcj,9.0
6dyu,10.26
5dpa,4.65
6ge7,6.06
4fli,5.44
4wxi,8.08
1a1b,6.4
4xj0,9.52
5enf,3.57
1n9a,8.66
4j2c,5.25
1apb,5.82
3hfz,4.89
1yy6,6.07
4lar,4.68
1i9l,8.48
6qgf,6.0
2anl,6.96
2qwd,4.85
4zow,4.12
5afj,4.38
5ka7,4.35
2xaq,5.96
4d2p,5.68
1f4y,6.08
3g0e,7.7
6ovc,6.52
1b4h,5.46
3tza,5.5
1fzj,8.1
3td4,5.66
2gtk,6.6
2e27,9.35
5sxn,4.96
5otz,5.19
2w0d,8.7
4u68,4.31
1sbg,7.74
3kc3,6.8
5aqu,2.98
4yb7,3.8
5y8w,6.64
3fqk,7.15
1hge,2.27
3uvp,7.46
2ieo,8.49
1qsc,3.68
6e59,8.67
2q7q,5.3
2a4z,6.6
1lv8,5.46
6rk4,4.01
6q5b,5.89
2wgj,8.7
3qkm,7.42
2wmr,4.28
5i5x,6.7
3p17,4.48
1y2f,4.92
6g7a,6.78
5jaz,6.55
4jbl,3.27
3fmq,7.95
5ito,4.16
5xih,7.15
3wcg,6.85
2jbl,5.89
3of8,9.22
5t1l,6.62
4nuf,5.3
4l7r,5.02
6hly,7.33
5k1f,4.79
1rdl,2.24
6h50,6.81
1epq,8.19
5lrq,5.8
2vj6,7.89
4mx1,3.68
2aod,5.66
1b46,5.28
1b56,6.1
3ml4,5.33
6b5a,7.94
4hzz,8.08
3sue,9.08
2pvu,6.31
4rrv,7.4
4q7w,2.64
6j8q,5.57
5e0h,5.62
6g2f,5.17
3inh,7.7
6mdd,4.33
6nwk,7.7
5j9y,7.24
3ahn,7.05
4gbd,11.32
2br6,2.96
5vih,7.49
5dp7,4.56
1bnt,9.8
1wuq,8.27
4w7p,7.49
5a46,7.66
5dlx,5.7
2vmf,5.85
6jmf,8.59
5a3x,6.1
1ugy,3.72
4mdt,5.0
5ea6,7.41
4abu,6.28
5c83,6.8
5ezh,4.62
1pz5,5.4
5ufs,8.49
4zsa,7.82
6fnj,6.85
6g2r,9.46
5ekm,6.32
1m83,3.4
3vo3,8.85
2o5d,5.15
5h21,5.19
2cne,8.77
3dp4,7.37
1au0,7.66
5xms,8.14
5zo9,8.2
1h24,6.3
4lkl,6.09
5ctb,7.64
5yy6,7.62
5ijj,6.55
2rin,4.0
2fky,8.59
6mtv,5.11
3m3r,6.32
6c5h,6.43
4i67,6.35
4jfl,4.98
6rn9,8.2
5am4,6.95
2hfp,8.52
4fi9,7.34
1qb9,7.44
6qsz,7.15
5o1f,4.52
2vle,7.1
5q0x,7.35
2bts,7.7
4dt2,4.37
4tyb,1.7
3ay9,8.34
6qr9,6.72
2pre,6.65
6n3v,5.61
4j5p,7.92
1rv1,6.85
5lxc,7.97
6ipj,5.79
5jt9,6.63
5i56,7.32
4qgf,7.16
2a4m,4.52
3wch,7.05
4bid,8.1
5ko1,6.64
6d1x,5.2
1nc6,8.0
4z6h,6.21
5fwg,6.72
1f0r,7.66
5evk,4.92
5g5z,5.66
4kb9,11.0
6o5g,5.7
3nth,4.32
1qbt,10.62
3aza,5.13
5tef,5.4
4kp8,5.48
2az8,8.22
4fab,8.06
2isv,7.43
4ibi,4.14
2zfp,5.17
4b84,4.66
4zs9,4.57
5ow8,5.16
5jqb,2.22
4rj3,7.03
2ggu,3.03
4whl,6.4
2vd4,4.74
1o3d,7.13
4qy8,7.19
1awi,4.05
3bi6,7.82
3efs,5.34
4j4n,6.88
6nt2,8.82
1ekb,6.0
4zw5,4.43
5ta4,7.62
2pl9,4.17
3zk6,6.34
4rn6,5.1
2kgi,6.12
4a22,8.49
1v0k,5.1
3owd,7.52
5lsy,6.54
6ibl,9.31
2viz,6.22
2aj8,6.2
4up5,2.6
1a86,4.0
3k2f,7.2
2bow,4.0
5tci,6.88
3r22,7.77
4x7l,8.05
3c8a,6.18
5dtk,4.3
6ghp,9.36
2wa4,4.74
6gbx,7.7
6gzl,5.14
3k3h,7.06
1o4d,3.52
3ehn,1.92
4y87,7.24
3p7c,7.66
3v7d,6.39
4eki,10.0
6ios,4.1
6bgy,6.82
4aua,5.14
4uva,5.75
4b73,7.21
4yas,3.41
2rf2,8.44
1err,8.11
6r9u,2.12
1p28,5.42
5cgv,6.47
3tvl,4.0
6eqx,10.47
5c20,6.41
2v5a,6.82
2uwp,6.81
4x3e,5.47
5tku,9.8
6msc,7.68
4wf2,8.1
3oe0,8.6
4w9f,5.49
2va5,4.07
4mn3,5.75
3tu7,8.09
1w83,7.19
4uct,3.12
5ehi,3.34
3o84,7.24
2xp5,3.44
5obr,5.36
6g07,4.57
2qzk,7.57
6mlg,5.05
3tkz,5.92
2qcm,3.35
3q7p,5.8
3zim,8.17
3sxf,8.6
5t9w,5.59
1dfo,6.7
1bnw,9.08
2xuz,7.4
6ap6,5.37
1n2v,4.08
3zc5,7.13
1afk,6.62
1t3t,4.96
4qsk,5.1
5h6v,6.68
3oqf,7.04
6cis,6.87
6ic5,8.22
1xsc,4.3
6f9g,5.7
2ogz,7.08
3omg,4.72
5vqy,6.29
3qcs,6.5
4ajo,7.03
1p6e,2.92
3ps1,10.17
3d27,4.25
5w1v,4.43
5lay,7.47
1y8p,6.08
3l5f,6.22
6hzv,8.22
6b1y,7.4
4ln7,7.39
6op9,9.28
2bz6,7.09
6bmr,4.22
6n3l,7.57
4mse,6.16
4w9g,5.26
3k3g,2.85
6udy,7.57
1hn2,6.0
1ypj,7.02
4kzc,8.09
6c0u,5.99
5j3s,7.72
5t4v,7.22
5w9g,6.82
2gz8,5.52
2x6i,6.08
1oyn,6.26
5mlj,8.85
2kup,6.7
1pkx,6.92
6arm,4.97
4yuy,3.34
5vqz,6.39
2yjq,5.28
5g1p,5.2
5f4p,7.33
5kau,6.52
2wjg,7.1
3zsy,3.23
5iu8,7.74
6hu2,5.9
1fh8,6.89
1ao0,4.96
1vj6,5.1
4fgz,2.87
5fiv,7.66
1lbk,3.18
4u0m,5.77
1c9d,6.3
5qan,3.96
5j20,9.14
4crf,9.3
4pft,8.64
5hmy,6.3
2iko,5.45
1ggn,5.51
4gm8,9.0
2jkk,8.2
1mu8,9.0
1oir,7.49
3vfb,9.04
4o05,7.43
1qk3,5.15
4l31,6.79
6d4t,6.92
4io4,4.61
4b71,5.89
5qaq,3.54
2ov4,4.74
2be2,8.7
1qft,8.77
4dju,5.44
6otg,7.5
3qi4,3.93
6bxy,8.05
5wxh,6.15
2flr,6.1
4x24,9.78
1v1k,4.46
2uup,3.98
5mqv,8.1
5bvf,9.72
5c1y,5.9
2i40,5.8
5v2l,3.54
5om2,4.06
2qwg,3.64
5vwi,4.84
6iou,3.73
1qhr,6.89
2xch,6.43
3jwr,8.07
2xp8,4.82
6ma3,8.3
1bcd,8.7
5alu,7.66
3eka,3.0
5ejv,6.69
2r9m,8.82
5xgl,6.88
6nwc,7.74
6mnp,3.71
3m53,5.31
6oyt,8.23
5tzo,5.23
2xg3,4.74
1ebz,9.4
2fqo,6.43
3zxz,8.4
3ay0,3.04
1q91,4.15
6mi6,4.54
3i7g,6.37
6ndl,7.19
2c3l,5.07
3hp9,4.59
4hyu,8.21
5vm6,7.11
6f9v,6.76
2gmx,7.11
4oho,7.77
2lo6,3.95
3caj,8.1
5o9r,5.39
4y8x,8.43
6axk,6.52
1au2,7.89
5n4s,7.26
6e6m,5.75
2ydm,7.44
5mqt,5.7
3l6h,5.4
1xoz,8.92
1akv,11.59
3neo,5.92
4anx,7.74
1cx9,6.75
1w12,7.85
6ajj,6.8
3qcx,7.2
2i4w,11.59
4qwl,6.18
5hcv,8.7
2r3j,8.0
4s1g,9.22
3dpo,8.26
2lk1,4.09
3l0v,7.64
3n5u,5.92
3gta,4.28
5l9h,6.4
2wnj,6.48
1k1m,7.4
2q8m,4.03
2lpr,8.89
4pid,4.62
3q4j,6.21
3st5,11.3
5u4g,6.1
3n6k,6.74
2lto,3.11
4o36,6.36
4awi,6.0
4x1p,4.2
5j8m,6.8
2khh,6.56
3m3x,6.82
4ce1,4.38
5yso,7.4
5jy0,5.55
2prj,4.49
1fkg,8.0
4ijp,7.8
1k1y,3.22
6d19,6.61
3qbc,4.97
4jhq,7.74
2r38,7.44
5n8w,6.33
1zoe,7.4
2g70,7.77
4aj1,3.11
1rek,6.7
2wxv,8.7
4cd5,6.71
4lge,8.46
1sqp,8.2
6qcg,5.14
5vcx,5.55
4b3c,2.68
3jvk,3.93
5eyr,5.3
4d8e,7.01
3le6,7.46
2lgf,5.57
4aci,2.22
5izl,5.73
3frg,8.4
4dkq,6.6
5qau,4.15
6bkx,6.39
3sm0,6.13
2xn7,10.0
3h3c,6.85
5j9l,7.47
5e8r,8.7
4mzf,7.35
3s3q,8.77
4b95,4.28
2aox,7.42
2uyw,13.0
5cy9,6.66
5arf,6.27
2rok,4.35
5cei,8.28
5gjg,6.21
6bjo,6.29
4v11,6.49
2j9a,5.89
5hk1,8.37
5ddd,6.59
4ndu,2.74
4kom,7.0
4iqu,6.24
2wti,7.04
4p6x,7.04
2yex,10.0
6f8j,7.07
4jaz,5.04
3nw7,8.28
3hd3,7.0
3p3j,7.92
3kf4,9.3
5waf,9.35
2o7n,7.82
5ev8,5.22
5x9p,6.89
2xcg,8.05
6omu,8.7
3m3o,3.6
5arg,7.57
2bge,2.8
6hzp,1.98
4ijq,7.52
4lwc,6.72
1soj,6.62
2avq,4.39
5t70,3.99
5ajo,4.96
4yzu,5.05
5zyi,7.07
4utn,6.15
5f5b,3.95
1c87,4.2
4xoc,8.52
3t70,6.3
6cwn,6.65
3q43,7.37
3f7g,7.37
2ai8,6.8
2ow7,4.85
1vrt,7.1
5vh0,4.52
4utr,6.15
5v3o,7.22
1l5q,3.97
1zuc,8.77
4kbc,7.85
6hy7,5.57
4yw2,2.8
3tvx,4.14
4d8a,3.42
4g0q,2.52
5zk5,8.37
5ofu,4.2
4ps1,6.66
3c6t,8.68
5ehr,7.14
2x2i,8.7
6q96,10.0
1nh0,9.74
5tqs,5.86
5qaj,3.48
3o9b,12.3
4q6r,6.68
3a1t,4.83
6cmr,6.61
5om7,5.74
6bgx,6.33
3gwv,2.6
1o0m,5.15
6qhc,5.2
2b7a,9.0
5f62,8.17
4fai,6.99
3ap7,3.0
5jer,3.7
3h0b,5.49
2vwn,8.0
5lg3,3.8
1oj5,6.1
4ybi,6.6
3m3e,4.43
4lm2,3.03
3u4i,3.89
5lyn,5.04
5am7,7.19
3ccb,4.52
4kp6,9.09
5eb2,1.11
6mul,8.2
4fl1,3.28
1xb7,6.22
4nmr,3.53
6bfp,7.7
3ebo,4.72
6mqm,9.57
1nzl,7.15
3eqy,8.05
1sre,3.85
5opc,4.54
5etb,4.54
1njc,5.55
5c3k,3.96
2izl,6.0
3tcg,5.87
2pj4,7.89
5w0e,9.03
4b9h,5.35
1uj5,3.05
1qb6,6.06
6ggn,10.1
1hk1,5.64
3zsq,4.96
1c8v,6.33
1o2w,5.85
5le1,4.97
6azl,4.93
1v48,7.8
1e1x,5.89
2yim,3.92
2n0u,6.22
5nwh,7.54
3zvw,3.9
4clj,9.15
3kdu,6.46
2c6k,6.14
5hjq,4.72
4r0i,6.52
5uwl,8.03
6jsf,8.48
2qtb,8.32
3hv8,6.98
5nfa,5.25
3s0b,6.49
5w2s,7.33
1ros,8.77
4ykk,2.77
2vj7,7.4
4mg5,5.34
4os6,6.44
6gz9,2.13
4o61,4.3
1tmm,6.64
4f9u,6.03
3eou,7.01
2np8,7.38
4nmo,4.83
6i0k,4.89
6ee3,6.86
4bcf,8.15
6ma2,5.39
4g1f,7.77
1i3z,6.88
4lv1,7.4
5qat,3.85
4r6t,7.52
5d1r,4.84
1lhc,10.4
4l19,6.1
4o78,5.34
4myq,7.49
2oqi,8.49
6fx1,3.98
4bo0,6.7
2vww,6.62
2x24,6.48
6mnv,3.37
1iwq,8.06
1t49,4.66
4qvl,6.53
5dp8,6.36
6emu,5.03
1gnm,6.25
5eiw,2.05
2a5u,8.1
6qlo,5.06
2wm0,4.52
2r3h,4.7
6jse,8.77
5lpm,5.56
1cin,8.73
2ra0,7.8
5n55,5.99
1g98,5.7
3odu,8.14
4w4v,6.94
5y12,6.23
5ey4,3.12
3vtb,9.3
5ksu,4.08
6oqn,8.0
4nnn,6.57
4nal,5.66
3wt5,9.54
4ono,5.19
1zdp,5.74
1onp,7.52
5n0f,6.05
5ox5,5.59
1nt1,8.89
6drt,4.97
3u92,7.48
1qjb,6.38
1bmb,6.15
1fzm,7.7
6h4x,6.88
6euz,4.18
2hz0,6.48
5uox,8.3
6hq3,6.11
3vrw,9.39
2alv,4.15
5di1,7.68
3t2q,3.66
3kck,9.1
1i7g,6.0
4us4,5.32
5l2z,10.22
5n69,6.54
2ds1,8.47
3kbz,6.91
4k3r,3.59
1ws1,9.55
5ajc,4.24
2q38,5.23
2fuu,5.57
1jil,8.4
3kv2,7.32
6oxp,11.0
3n23,8.52
6nd3,4.59
4gb9,6.27
5ost,4.56
4i7b,5.7
3bxf,5.54
5gsw,5.94
3q3b,7.76
3sjo,5.78
5izj,11.52
2lh8,4.18
2pvn,9.46
6o3x,6.25
2wj2,8.33
3rv8,4.92
1a5v,3.1
3ogm,7.32
5erg,4.35
6fse,4.74
4umt,6.14
2qu5,8.06
3d1x,8.66
5hoa,7.19
6uwv,8.0
4wr8,6.23
6chn,7.96
1jyi,4.0
1ua4,4.22
3pd2,5.47
2jal,4.82
4qht,4.94
2jbp,8.07
2z7h,6.94
4w4y,6.46
5eis,5.74
2d2v,1.0
3p3s,7.59
5l6p,7.26
2yay,6.1
5mql,5.85
1jcx,5.15
3wd2,6.24
1imx,3.52
4nzn,6.38
6h0u,6.77
2za5,8.43
5jsm,6.59
4o3b,6.09
4nl1,3.89
1ycm,8.0
4i8w,10.9
4gih,8.32
6mo7,5.03
6eq8,8.0
4joe,3.56
4q93,4.65
4os1,5.6
5u0z,6.19
5ivt,9.1
1mto,6.96
4bhf,3.46
1r4w,4.05
6etg,4.66
1v2v,3.37
5nmf,7.42
4l7b,5.64
4w9p,7.8
2brm,5.89
3el8,7.6
1q1g,8.57
3qcf,5.6
1ylv,2.7
3rxi,3.06
6dyw,10.44
3kah,6.59
3bun,6.21
2iwu,5.92
2fix,6.24
1rtl,5.59
4eke,4.48
4bdi,3.64
6qfw,6.83
5j4n,4.25
6a05,4.89
1mns,4.17
5zgg,5.0
5g3n,7.92
3zp9,7.82
5k03,4.74
6mo4,8.34
5ll7,5.61
4prd,4.6
5a82,5.6
6fkp,6.52
3sww,8.4
5i3y,9.4
5a3r,7.78
4obq,7.19
4frk,8.1
4men,3.9
3lnz,9.31
4dmy,9.0
6ipi,5.71
3t8w,7.54
2g0g,6.29
2zq0,6.82
3qk0,8.7
3q7q,5.65
2pem,3.64
1ftj,6.09
3g2k,4.79
3vs3,9.37
3ej1,6.92
4zro,6.16
5lto,5.92
4abj,7.47
3agl,7.8
5oua,5.57
1eed,4.79
4hnn,5.7
4c71,3.42
5u8f,7.96
6mob,8.15
3w07,3.38
5q0z,5.85
5d29,7.01
6cpa,11.52
5ema,5.23
4rz1,7.4
6mu3,6.15
4j8r,7.7
2uvm,7.1
6q89,9.85
3ebl,6.3
3di6,7.0
3f16,8.23
2fvc,7.49
1y2e,6.8
4ufe,8.15
2g5u,8.49
5joh,5.96
4qvx,11.0
2hha,6.91
1r1h,8.92
4oru,3.68
2zft,6.52
4zbf,7.13
3tws,5.52
3dcv,8.52
4lwe,7.15
3f78,3.1
3zxe,3.35
4i47,6.92
2i1m,7.62
4s3e,6.11
2z4y,6.15
1fjs,9.96
3zs1,6.4
5ais,6.24
3gss,5.82
5n7x,5.24
5tuz,7.4
4hvd,8.85
5lmb,7.8
5l6o,8.22
2ogy,4.48
3ttp,9.12
6hrp,9.0
3qce,5.6
1oko,4.54
1tvr,7.48
6g3c,6.91
4kbk,8.18
4mq6,6.47
3k5f,5.43
1q4l,7.4
2yq6,7.35
5jat,6.64
3rjc,5.24
4cd0,9.7
6mji,7.29
6mxc,5.56
3kc0,7.92
5n20,4.21
4io2,6.7
4hki,6.85
3rz7,8.96
2f70,4.47
1i00,6.34
3i51,7.7
2i4d,11.68
1e37,3.7
4exs,4.41
5vrl,7.11
4res,7.85
5jn8,7.3
6s7s,4.77
6upj,6.32
4knr,5.74
2zx9,10.27
2qd6,8.68
5nzf,4.03
1xbc,7.92
5c4u,8.72
3m36,9.82
5fao,7.96
6o4w,8.47
1a50,6.7
1xlz,6.02
2cv3,6.57
5gmu,3.32
6n3z,6.59
2x81,8.3
4bgg,7.82
3hu2,7.22
4p45,7.8
1nox,7.05
4h42,3.47
6nlj,4.82
4ej2,2.49
5d21,8.38
3ipq,7.57
3fty,3.21
3lpi,8.52
3hmo,7.52
4fvq,6.0
6dys,4.25
4ke0,7.77
1v1j,4.82
3loo,6.07
5tx5,7.8
5h19,6.49
4owv,4.35
4kxn,6.1
2g0h,7.64
5h7h,3.77
5mri,4.4
6ez6,7.4
5fv7,6.74
5adt,5.65
4i0r,7.85
5i80,7.21
4xyf,9.0
5fhm,5.09
6r9s,2.15
1h39,6.54
4dcv,4.59
6sde,10.2
2ywp,8.15
1b9t,5.1
5ty9,5.21
2ph6,7.57
1i91,8.94
3qa2,6.68
5lt6,5.41
1o41,3.05
6g92,4.12
5zqp,7.74
1ft7,5.18
6i8b,8.0
3qcy,7.7
4y63,3.58
4bs4,8.22
4e3l,8.52
4a9c,4.61
2hw2,2.97
6ap7,5.34
4e1k,6.3
4efs,8.6
4ppa,9.1
4uvb,5.49
5myd,4.86
6gwr,8.1
2yel,7.28
4urv,2.77
6m8d,5.14
5mqx,5.41
4awg,5.96
1gz4,3.7
3d3x,4.16
1u9w,8.46
4fzg,7.72
6ev0,5.74
4mwq,9.1
1tl3,6.2
5nps,5.89
4pp7,7.96
2yi0,8.12
6e91,6.62
3wiz,8.36
4gj3,8.85
6jay,5.7
6h5x,10.82
2anm,8.74
1dzp,5.44
4tjy,6.44
2fx7,7.7
4avu,7.85
1bxl,6.47
1wok,7.48
5wre,6.41
6dlj,5.55
3h91,3.73
2ajb,5.5
2v58,9.09
2bks,7.43
3cii,6.1
1c5f,6.07
5jf4,7.19
4jsa,4.96
2clv,7.88
2k3w,5.24
1d7i,3.6
3ft8,7.52
4ncm,7.0
6gnr,5.44
2i0e,8.7
5k0x,8.36
4fs4,6.57
5m2v,5.4
2qe2,7.77
4lpf,3.51
6gga,4.85
1z6q,6.7
2wl5,4.52
1y3p,4.82
6std,8.64
1yvh,7.37
2vgc,5.24
4jq8,8.1
3qdd,8.77
3lnj,6.66
5zu0,5.51
1osv,3.48
1pyg,5.52
6bhh,3.76
5l3a,4.89
4cps,8.27
6pia,4.96
5vsd,7.24
2vaq,8.52
6s43,5.4
6apu,4.87
1g9a,5.3
4jxw,4.72
5xpp,7.44
2w5g,6.07
1t37,4.35
6fuj,4.3
1loq,3.7
3o0j,7.19
3pm1,5.93
5u0e,5.11
1n9m,10.96
4rad,7.1
3uvu,7.38
2m41,5.1
6el5,6.88
5j18,9.15
1syh,6.41
1okx,6.8
6q7w,6.85
5ljt,8.92
5xg5,3.48
5y5t,6.68
2zxg,8.82
4pf3,7.29
5fq9,6.48
4yjn,7.92
5byy,7.01
5ose,3.17
6hy2,7.3
6f5m,6.3
3adv,3.03
6buv,4.74
5a5d,8.0
4d3h,6.43
1dva,8.07
5zef,1.75
3b7u,7.74
2oz5,6.48
3f2a,7.24
4d2d,3.47
4ahs,2.19
5nhz,5.33
1z9y,7.19
4ib5,6.25
6pht,3.41
3tpr,7.7
5x8i,8.7
4uu5,5.04
4tqn,6.11
6ffe,6.1
4xhk,8.3
4zls,9.09
4bib,6.6
3sn7,9.15
6fdu,3.69
4pop,8.13
5ewz,6.34
1e9h,7.46
6fnt,4.68
6k4t,6.02
4dpy,5.37
4hp0,6.12
1om2,4.7
5yu9,6.74
5z1s,6.16
4lq3,6.35
1h26,5.54
4ea3,9.57
2vwc,6.62
6ew7,5.54
4z2i,7.44
2weq,5.9
4hso,4.66
4cd6,3.59
2h9m,4.46
2igy,6.95
4bic,7.3
6huq,7.14
4g8r,7.66
5lhu,4.66
1tsy,4.96
5vqq,5.28
4r5y,7.64
4x9r,7.82
4i12,6.39
4kyh,5.92
4oks,4.48
2q7y,4.3
2f9u,7.39
5u5l,4.85
3rsr,4.36
1uym,6.0
2iuz,5.55
3spk,8.52
6qhg,3.13
4h3i,8.52
2vnm,8.52
6gjm,3.58
2y7i,5.54
6ob0,4.96
6qfx,7.7
5msb,7.46
5wa9,6.76
6bg5,6.0
3g58,9.28
5ayt,6.77
5fho,6.67
4k75,4.25
4yoz,6.8
4dru,8.62
5v4b,6.0
6kdz,8.54
4ydq,6.52
3hqw,7.46
6nvi,8.59
4klv,3.78
3duy,5.85
3bel,7.85
5aly,6.73
5fs5,6.69
5v8v,8.89
6dh4,11.3
5ty8,5.46
2pj8,7.74
4m6p,7.27
4e0x,7.12
5x5o,8.3
6fby,5.03
5zbz,4.95
3f17,8.63
4kzb,2.89
1gjd,5.22
6d4u,5.7
6hgg,5.42
1ch8,7.0
2gfa,4.98
2pri,2.91
6evn,4.71
4zsr,4.44
5d1j,7.32
5abp,6.64
4ir6,6.08
3nzk,9.27
5vfn,3.52
3ch9,3.3
4k6i,6.2
6uhv,6.92
4bb9,6.0
5j4y,6.05
1d04,4.59
5efj,6.46
6br3,8.72
2x96,4.03
4o2f,6.41
3pvw,7.27
2drc,9.89
4q90,2.15
5whc,4.92
4zt8,4.39
6iiu,7.96
1ghv,4.35
3s0d,7.05
5awj,9.68
3rcd,7.77
3d7z,7.92
5ye7,5.46
4ual,8.4
5icv,5.62
3arr,5.4
3a6t,7.28
2qrm,4.03
3drs,9.3
4fea,6.47
2qf6,6.49
4kbi,7.49
4bcc,8.05
1o33,5.74
1c85,4.64
3zm6,6.52
5lqf,6.6
4ojq,3.3
3pxz,5.23
2x7x,5.7
1b2i,5.51
5zk7,6.71
5o83,7.96
5ha9,5.78
5o1e,4.48
2g94,9.52
5gub,6.2
5myn,4.52
5ald,5.97
3qfd,4.17
2vb8,4.6
2qrh,4.71
3fvh,6.35
5nya,6.38
5al3,4.96
6gy5,4.86
3pcn,3.66
4bps,2.99
3zot,5.95
3bwk,3.94
5td7,5.77
5f9b,4.26
2q15,7.96
2hnx,7.08
6cdm,9.09
4zyw,7.17
2wi7,7.24
5op8,4.18
6haj,4.97
5q16,7.87
1v3x,7.62
4l7o,4.88
3bvb,5.49
4n3r,6.82
4ng9,7.12
2ynn,5.17
4oyk,6.74
6aff,5.41
6g29,4.33
4hcv,6.4
2vvc,8.52
1bn3,9.89
5o55,4.7
4aj2,2.38
3qpp,7.92
6dub,4.74
5k0i,8.7
5ksv,5.22
1yqj,8.14
4o3c,2.59
3nc4,4.58
5t6g,5.96
2ojf,6.96
6acb,9.41
2gg7,5.76
4ynk,8.3
2bmg,7.74
5lhi,8.11
4a4v,6.54
4e35,4.62
4xg4,7.67
1v0o,5.26
1nu8,5.42
2vt3,4.15
5jiq,5.4
3s3o,7.57
1dg9,2.74
3m3c,4.06
3th9,7.7
1nms,6.7
3p4v,5.1
6cms,5.82
4jzi,7.4
2pj5,7.82
2oi3,6.64
4pd8,6.03
4f9g,5.62
5duf,5.74
3evd,6.91
1a4m,13.0
3mp1,6.1
1c70,10.3
3u6a,6.49
4gs9,5.66
3exo,4.62
4mr3,5.94
5vrp,8.89
4heg,8.92
5sy2,4.96
5aqz,5.48
2afx,5.15
5oci,8.05
4dhp,4.44
6jbb,5.99
5il1,5.82
6oja,9.7
4mrg,2.96
6jdi,5.11
1wht,3.7
5ztn,8.3
2izx,9.4
4ca7,7.36
2xo8,4.33
5u0y,6.08
6ftp,5.82
4ymb,6.21
2ozr,9.17
5e2q,5.79
1d09,7.57
3q72,5.8
6ayr,8.39
4bi7,4.58
3ubx,7.6
4cgj,2.84
4qpd,7.82
3pwd,6.66
3ijz,5.22
5avi,6.06
4mi6,4.31
3tz4,5.49
5a6x,6.69
5vnb,5.3
4whs,4.12
5cdh,5.37
5btv,3.85
6e86,5.09
1o0n,4.09
3l4v,6.72
2on3,9.0
3vb5,5.34
2j9h,3.39
2cni,7.68
5tzh,6.17
2pja,8.66
1d6s,4.11
3mwe,1.54
4lk6,5.2
5mgi,5.95
5qcn,8.22
1rnm,3.07
1tx7,4.6
1eve,8.24
6pya,6.82
6mmq,3.62
5uga,6.79
5ylu,8.62
3coj,5.28
3r2y,8.07
4mji,4.09
4i7m,4.14
4pis,7.22
3udn,5.15
5n8t,5.74
4p7m,7.41
1px4,3.23
4h3c,5.72
4u0c,4.31
2clk,3.79
5cau,8.8
6nji,6.99
5lvx,7.25
3a9i,4.15
4uce,3.17
2q64,8.52
6bfn,8.03
4ps3,8.7
5enh,3.72
3oys,8.05
4rn1,5.0
3wnt,6.28
5ly1,7.53
4qb3,5.47
1yvx,5.1
1pyw,7.7
3mpm,7.52
2y06,6.1
6cb5,5.37
5c1w,5.06
3ddq,6.68
3eq8,9.06
2y6s,6.99
6iso,4.6
5kez,8.15
3ivh,7.33
5vfm,3.82
3ezv,5.98
6ez9,7.77
5q1b,7.31
5cao,7.42
1nde,7.82
5q1a,8.02
5zdb,5.75
5kpl,6.29
4an0,10.7
2ltx,5.39
4qwr,5.93
6qz5,6.08
4hpy,9.92
4oq6,5.48
5n7b,3.77
2xk7,5.82
1bjv,5.54
5flp,3.2
3v3l,6.43
1f0s,7.74
4oty,7.4
2fle,7.85
6ggb,5.39
6nvh,7.95
5o07,7.47
3fea,7.44
3fzy,6.74
5uk8,6.4
5lsh,3.39
5to8,8.51
3kga,7.21
3qmk,6.1
5sz7,9.7
2lkk,6.7
3usx,5.02
6eox,6.85
5fog,3.67
4kyk,4.74
4umq,5.38
4e26,6.4
4k78,4.79
6rln,8.2
6ahi,3.6
5wa1,4.17
4b7z,4.31
4msk,7.2
1oeb,6.93
3wkb,4.21
2pjc,8.72
5ih8,6.74
5svi,5.17
4xuh,5.73
4y64,3.1
1hsh,9.42
5trh,5.08
5aqo,2.85
5fns,5.4
6q8k,6.54
5kgn,9.03
6q8p,7.74
2ce9,6.03
5un9,7.68
5nkh,7.59
1gx0,4.22
5i9z,8.05
2j3q,6.15
2zns,6.54
4zyf,8.64
4mqu,8.4
4qtn,6.85
5ivj,7.34
5w84,6.44
4hai,8.1
3eqr,8.7
4ydf,5.1
5m4k,5.66
5x4p,5.03
2fes,9.01
6cyi,5.04
4mm9,5.68
5a3t,8.4
3dp0,5.85
6n0q,7.4
2aux,9.3
1heg,7.74
2cer,9.22
1n0s,7.45
4olc,6.19
4psb,4.64
3ogq,7.52
2itt,8.77
6h1u,5.32
3sz1,4.66
4a1w,7.3
3rul,6.85
2ovz,7.89
6fff,7.3
5ljq,9.0
1tr7,6.82
4gjc,7.05
5tjx,6.82
2onz,8.89
5o45,8.05
5eta,5.8
5cxh,8.3
6i9a,10.0
6g91,5.49
5ea5,8.06
5j1w,6.72
2loz,4.06
4no8,7.15
4pp9,7.37
1npv,8.24
2lyb,4.46
1xz8,4.52
4psh,8.89
4lys,4.34
1rsd,6.52
4j70,5.24
3l38,7.0
6keb,4.39
2k62,4.7
5dex,7.65
4rvk,7.87
5i0l,7.74
1g42,3.01
1ih0,5.0
4lh6,4.11
3g1m,6.3
3erd,9.9
3evf,6.77
2o48,6.01
6f4x,4.97
2jld,10.4
6rne,8.8
6ul8,7.52
6oh3,3.32
3p1d,2.64
2mpm,5.89
4k0o,3.0
1ec2,10.0
4zt6,8.0
6p7p,6.15
1g45,8.64
5h8e,11.2
4m3g,6.26
6i4x,4.9
3gi6,11.22
1p0y,1.0
2r6y,9.49
4ixu,7.64
3ff6,7.15
2o4p,10.72
3eko,6.7
4ojr,7.42
3atm,3.06
5zop,4.73
6g9u,6.43
4ywa,7.55
3h0y,8.22
4odf,10.0
5zdg,5.42
4nmx,6.18
4v24,8.37
4zsm,2.4
5mmn,6.7
4p6e,5.89
1i72,7.26
4qaa,6.44
2wo9,7.21
4acx,7.11
4gvc,4.71
4yhp,8.7
3brn,8.7
5d3x,6.36
6eog,5.8
6aqf,8.67
3tia,8.51
5qao,3.62
6ib0,7.4
3m9f,11.15
2yek,7.21
5k0s,8.22
3sio,8.0
2h4g,6.52
4h3q,5.1
1ej4,7.3
3n3j,8.48
6h4w,6.97
4uru,2.22
2l84,7.72
3kpu,3.16
5t2l,8.2
5y59,5.29
6eol,7.43
1jvp,5.8
6g22,7.56
5dtq,3.86
3vi5,5.68
2vpo,5.42
4lj8,5.82
3k3a,7.08
6f5w,3.83
5e74,4.41
2a0c,7.3
5k4l,7.3
4c1m,7.8
2vvs,7.34
4hzw,8.88
1zge,7.3
1zh7,6.3
2h02,6.49
3hik,6.35
4hpi,4.85
4zyc,6.42
4jv9,5.74
2wly,6.6
2brh,4.64
4jnj,9.07
5hng,4.03
4o44,7.85
4gkc,6.82
4yb6,5.32
3vqs,7.75
3d32,6.45
5tv1,7.24
6ocu,8.05
6o8u,8.28
2ycq,9.85
4rd0,6.62
4xip,6.63
3wyl,8.85
1c5p,4.68
3d7g,7.77
2g19,5.85
2w2u,4.46
1df8,9.7
6g37,7.37
5k8v,6.34
1avn,3.9
6r8i,6.03
4od7,5.08
2c68,5.74
4anb,8.18
6mr5,7.3
4k3o,4.44
3nzs,7.12
5kdf,3.27
4mcv,8.89
4iuv,5.72
2hxl,7.92
5zyl,7.06
5ei8,8.1
3ni5,7.55
2b1z,7.1
6mny,8.82
5d11,7.55
5c42,8.72
1hyo,4.07
6g6z,6.66
4olh,8.3
1t7r,5.96
1enu,5.08
1gz3,3.7
3p3t,7.24
5ick,5.01
6om8,5.16
4uoh,4.77
2xn6,8.8
6eyz,8.1
4nrm,3.2
2w3o,6.72
5nw1,6.6
6ftz,3.0
2r58,2.0
4ezl,8.59
2ony,6.68
5ol3,5.36
6aam,8.32
6fdt,4.3
6cho,6.78
1g1e,7.54
3tv4,6.96
3l7g,3.3
1kl3,5.86
2ybt,4.7
5m7m,6.45
5apr,7.77
4hbm,7.92
4wx6,9.0
2mip,8.46
4nyt,2.39
6e99,6.0
5n8j,5.54
5ar4,6.7
4k7o,4.3
5m3b,6.92
4jr5,8.15
4u8w,11.24
3gkz,8.0
2buv,4.0
4bnv,7.52
1j36,7.74
2isc,8.42
4nj3,6.52
5w7x,4.1
5m23,8.9
3ggu,9.77
4h85,5.15
3rxm,3.63
2jdm,5.4
3wc5,8.7
6iht,5.21
3rqe,4.77
1r5v,4.48
5u12,5.07
3ibc,4.91
6ex1,7.31
1meu,6.1
2w5i,4.54
3wav,6.74
2r1y,4.51
3va4,4.4
5v8o,3.77
4kqr,3.9
4i0f,6.35
5k13,8.74
2xm9,8.05
1qj1,8.05
1ov3,6.72
4pzw,6.96
4qjm,8.17
3g5y,7.46
2rka,3.0
1kll,5.2
4zla,7.3
3p5k,7.12
6eea,6.2
4alu,7.77
3p4f,5.66
5wac,7.42
4cd1,4.89
5fb7,7.89
5t1s,7.08
3rxj,3.06
3wkc,3.71
4ycn,7.77
6bu1,7.22
6g1u,5.61
5o7e,8.0
4pvt,6.52
6i18,4.07
4nue,6.82
5xgh,5.99
5opb,7.62
3dcs,7.94
4gkh,4.67
2ndg,4.71
5o3r,5.0
186l,4.85
1o5a,6.42
6afc,6.03
2cbr,6.85
4ui4,7.35
4mc1,7.85
2ym5,6.37
6c9p,5.64
6gj6,4.7
3k7f,7.7
1fao,7.37
5d3t,4.92
5djp,5.15
1mjj,8.74
5lub,6.15
6n3o,8.62
4ju4,6.47
4jrg,6.71
1xdd,6.7
3v51,8.55
3t64,6.7
3vx3,7.82
4umu,6.19
3n87,4.96
4ewr,6.27
6hx8,5.89
3ut5,5.74
3wf6,7.48
2x4z,8.57
5ymx,6.92
3atk,2.85
5e2m,7.23
5otc,4.71
4hws,9.1
6hgv,5.55
2f1g,7.54
2ama,8.0
5aqr,3.0
5mi9,8.35
1hvr,9.51
3oy8,3.66
4yml,8.35
2hl4,7.64
1nmk,8.24
5nwk,6.57
4nwc,5.76
5o4f,6.68
5alt,4.88
3dxj,6.22
3qci,5.42
6r0k,7.92
1o5c,5.22
2p8o,4.85
5lax,5.4
3gcv,7.13
1njf,6.21
2pgz,5.74
6fmn,5.95
4hni,7.49
1yq7,7.09
3eyu,7.62
4ee0,8.63
4q08,6.3
8lpr,6.62
1hbv,6.37
3k8q,11.28
5nq5,5.0
1qbr,10.57
6ekd,6.44
5xv7,7.96
6mq3,8.77
4bjx,7.66
4oq5,6.3
3s1g,5.19
5wag,5.21
2ca8,4.66
4f70,5.74
4ona,8.15
3nht,7.01
2jkm,7.75
2qhd,5.38
3rxk,2.68
1bp0,5.4
2bba,7.15
3uh4,7.96
3ob0,3.0
3hl5,4.47
3cid,8.3
4epy,3.47
6csq,6.39
3f8e,7.23
4g17,7.54
4frj,6.55
2w71,6.48
4x8o,6.6
3bla,8.7
5mt0,3.3
5a4l,5.41
6ql3,7.0
2nmb,6.28
5q19,7.32
6h7n,8.46
5ohi,8.47
4r1y,6.4
3ads,5.01
4qsh,5.1
3zw3,7.47
3ny3,4.71
5sz9,4.42
2nqi,6.11
5wqa,7.96
3r91,7.04
6h34,9.3
4cu1,4.71
3aav,6.62
1pqc,7.0
4cc3,4.14
2x4t,5.13
3rxp,2.08
3ryw,6.24
2lbm,6.57
3gwt,11.1
3ncg,6.82
6cha,4.4
5gn9,7.05
3juq,4.91
4wcf,4.28
4km0,6.04
2boj,5.77
3ig1,6.14
4pnr,6.34
5d1u,5.96
1hsl,7.19
3a1s,4.83
3sl1,3.59
4x61,9.0
3u6w,6.92
5mpk,8.52
5jzs,3.27
3oz1,8.7
3twd,7.74
3atp,4.45
2y7w,4.98
6br2,8.72
3hr1,9.43
4glr,9.46
4e3i,8.89
3sha,5.59
4z1k,8.33
4btu,9.3
5jo0,7.3
5u4f,6.33
4wyo,6.95
5ny1,6.44
1tkc,4.85
4itj,6.42
5d25,6.3
6r1w,5.3
4bo4,6.89
4wx4,9.22
3emg,8.05
1mai,6.68
4mh7,5.23
5mjn,8.54
2x8z,7.96
4ce2,3.84
6r8p,4.48
2z7i,7.0
6eux,5.92
3iph,7.6
3d1y,8.22
6da4,6.34
4w52,3.76
2o4k,10.46
2f1b,3.0
5a83,6.8
4rfy,7.0
5mka,4.31
4z0e,5.3
4jpe,7.32
5qab,3.65
3vrt,8.57
5l9l,7.1
4qmx,4.96
1f73,2.39
5lpj,5.0
4aoc,4.27
2rku,8.3
3wff,6.18
3ncr,4.11
2wa3,3.0
5hd0,8.4
3h8b,6.29
1str,4.77
3odi,7.82
2emt,6.7
3ie3,6.68
4m4q,7.96
3olg,7.84
1rej,8.3
5y80,8.79
2h96,6.64
1bhf,4.38
4an9,7.36
6ml9,5.3
1leg,7.95
1i1e,5.03
2v95,8.3
6q9h,8.11
4g0z,2.21
2qwc,3.55
6d4r,5.96
3u93,6.31
5hki,2.8
4zk5,8.43
4nrq,3.46
1pxi,4.77
1qxy,4.8
1j1a,7.54
1jg0,5.3
2hny,5.93
3l1s,8.7
5ab0,7.59
4rcg,5.03
2ydv,7.86
1zrz,5.24
1nyy,4.68
4eyj,6.21
5xfj,8.22
2xjj,6.51
1hgj,1.66
2qn2,4.55
4j0r,6.41
2jdk,6.54
3w2r,7.72
4u6w,4.21
4q0l,7.7
4lhv,10.0
5mqy,7.11
2vd7,5.38
2brc,5.05
1a4r,6.66
5wqk,6.3
3c4e,4.0
6qgg,6.3
6pvw,6.32
5bot,4.41
4dij,7.52
3fi2,7.6
5huy,5.03
5gic,6.48
6fqo,6.85
3dpf,7.24
4pnk,6.6
4tzn,6.52
5aki,6.12
2wbb,6.04
5bqi,9.05
4pd6,4.44
4i6b,5.93
4e6d,8.92
3lzz,3.84
4fjz,6.29
4iu1,4.3
2qcn,5.0
1ctt,4.52
6e5l,7.18
6hu0,6.91
3b3w,4.19
1ung,6.8
4i5c,8.82
4omc,10.78
3chc,4.09
3n46,4.3
1my3,5.4
3nzu,8.85
5mon,2.48
5yqn,4.03
2qyl,6.19
3lhg,7.7
5h2u,8.15
1jao,5.92
1zgi,5.34
5v8p,4.99
3ccz,7.29
1mj7,8.35
6mlw,3.74
3puk,4.74
5zyh,5.57
2ay5,2.59
1td7,4.37
3rah,7.92
6a73,6.48
5k4i,8.51
6pf3,4.55
6hp9,8.25
1kl5,5.99
4b7q,9.74
1c4y,7.92
6imd,4.23
3zll,6.4
5bvw,8.82
5aic,4.3
3gxy,5.59
6ke0,7.55
3tv7,7.52
4qxt,7.8
1dzj,5.89
1qs4,5.64
4j3u,6.34
5cj6,8.69
1s89,5.24
5flo,3.15
4af3,7.51
4aac,8.17
3vhv,6.29
5csh,3.57
3njy,5.77
5vij,7.61
3m8p,8.68
1rhj,8.04
2ews,6.62
4yha,6.65
2ank,7.33
4jfj,5.68
1tsm,6.0
2z92,9.1
4dce,6.76
3bsc,4.48
6rfi,7.43
5x02,9.85
4anu,7.68
5kad,4.43
5swh,7.59
4b8p,6.85
4rwj,8.7
5ntt,5.75
3rpv,7.15
3bex,5.57
5jop,9.41
4xx9,5.08
6gpb,4.85
2nmz,8.37
4msl,6.15
4en4,5.52
4yhm,9.76
3dga,4.52
2hmu,7.7
3veh,4.96
4ddy,5.62
2v86,4.46
1m5w,4.27
5igk,7.38
1gca,6.7
5thi,3.61
4oba,9.4
2pv3,5.25
3si4,3.88
4k0y,7.82
5f3e,6.86
4nak,5.85
2b1v,5.74
4b33,3.37
5y7j,7.29
1yvm,6.4
5eel,6.08
4rhy,5.95
4z7q,4.29
5ll4,8.4
2zmd,7.01
4umb,4.0
6f6u,4.8
2poq,4.42
5o48,4.7
6afr,7.15
5dhg,9.14
3dp2,5.82
4hnc,3.17
5hvt,7.26
4kwp,7.49
4mg9,5.68
5x26,8.3
3txo,8.05
4g2f,6.8
2yga,4.61
4awq,6.32
5fnt,6.17
4aa2,3.97
1vjb,7.89
5khd,5.6
5x5g,5.83
5uc1,7.85
2a3c,4.43
1h60,4.7
2qg0,5.72
2qnx,5.62
3e62,4.39
1h8y,7.7
7gpb,5.52
2a3w,5.42
5hed,4.44
3ikc,7.46
3cbs,7.24
3t3h,5.71
5gvl,7.38
4hzx,9.3
4lkq,3.35
4yx4,5.97
5lkr,5.48
2wi5,6.05
2gss,4.94
4eb9,8.27
4ivs,7.36
4exz,7.54
6p3p,6.84
5zzw,5.51
2kce,6.17
5e3a,5.44
6cjy,7.64
5c2o,4.55
3bgm,7.41
2xtk,3.79
4gs8,7.0
5ggn,3.66
1g36,7.17
4q4p,6.39
2gtv,5.15
5vom,6.1
6mxd,5.23
1xkk,8.52
4i5h,8.7
1uys,3.6
4ea1,6.44
6e5g,5.37
1br8,4.74
1a5h,6.3
4n7u,6.29
6gxw,3.36
2uxz,8.48
3dbu,8.06
3k16,5.8
5itd,6.58
5orx,3.51
4bw2,5.2
2vwu,6.46
6e7m,6.66
4g16,6.85
4x7h,7.38
4hld,9.3
5igq,6.6
4pkv,5.25
4fll,5.29
2c90,3.48
5gwa,5.77
3nf7,3.47
2kwn,5.13
2cfg,7.44
1mfa,5.04
6nco,4.52
3l5r,7.42
3t3d,4.91
1vzq,7.44
4xwk,4.63
4ayt,3.7
2h3e,5.7
4bkj,8.72
3bxz,6.72
3cp9,7.32
5w6t,7.57
4av4,7.03
2ath,6.82
4md6,7.77
1o9k,6.47
6hgz,5.97
4o0y,7.22
4mm5,7.74
5cp9,3.51
1owi,7.55
2bys,9.52
5jzn,5.96
5iaw,4.81
4wk7,7.13
2i0h,8.05
2vip,5.28
5lz5,6.35
2vj1,5.3
3cs7,10.68
4hs8,7.92
2qhr,7.39
5f8y,4.24
3n75,7.89
4gk2,8.8
1g7f,5.47
2xkd,5.64
4oiv,5.08
3e3c,5.62
1uod,3.11
4bcj,7.96
1bn4,9.31
4bf1,8.62
3u7m,7.45
1ms0,2.91
1ax0,3.13
1mxu,5.4
4p1r,8.39
5vdq,3.67
3ifo,7.26
6gw4,5.92
6u7p,11.68
1pxp,6.66
4rrr,4.44
5jog,8.24
6pek,6.52
5nqr,7.15
1d7j,3.3
4an1,10.26
4ot6,5.92
3liw,7.6
5av0,3.55
4ui7,7.36
3gf2,1.7
6bu0,5.96
1ony,6.77
4u6y,7.08
6e2m,5.66
5q0e,9.16
3l8v,8.1
2vtr,5.82
3hiv,8.12
2pyi,3.75
6jb0,7.24
3v7t,7.21
2vvu,8.1
4p7s,7.42
5sys,7.36
1ax2,3.99
2x91,6.74
2f34,6.89
3g5d,7.96
2psj,7.7
1zhy,6.52
6e5s,6.44
3n51,7.82
5n2x,6.06
1xq0,6.34
5up3,7.9
3u6h,9.0
4k66,3.26
2ydw,7.34
3nw5,5.08
1pu8,3.1
4btx,6.54
5v1d,6.7
4nka,6.51
1gny,4.14
3zbf,7.52
6hv2,4.28
3pe1,9.65
1nhx,5.68
6gjn,6.22
5wkm,5.12
5eak,9.3
4ge2,6.05
2wyg,8.7
1yon,4.21
5n70,8.52
6pvx,7.17
3gst,6.72
1gj7,7.89
6fod,8.15
3l8s,7.0
1kug,3.8
4bhz,4.27
2i4j,6.16
3s4q,8.4
5f67,6.89
4xo8,8.96
6jsz,5.68
5fue,6.33
4hrd,8.82
6oin,6.0
5hes,7.54
5w5s,7.77
4eon,6.05
5nxy,5.05
2hog,9.52
3zls,4.4
5c7f,3.98
2auz,9.46
1tng,2.93
3sax,6.57
4ez3,4.35
5gjd,7.92
4acu,7.39
3ime,3.0
5uff,4.24
5w0i,8.85
1o3l,6.54
5jf3,7.42
2zis,8.55
2qwf,5.67
4gk7,7.9
5zym,5.77
5wuk,7.85
3hvj,8.7
5lh4,6.96
4ngr,7.55
6i5p,4.32
1ywr,7.89
3er5,9.0
4gw5,5.46
4ll3,11.57
1njj,2.1
5zz4,9.17
2opb,8.74
5qa9,3.64
5hwv,5.07
3dkf,8.57
5tbm,7.31
1a2c,6.3
4iuo,3.64
6gxy,5.24
6f29,5.49
1sqn,9.4
4omd,9.01
4e5d,6.22
3ihz,6.8
5kj0,6.89
6d9x,3.49
5dq8,4.14
3qak,8.32
5mxq,5.72
3pd8,6.46
1i5d,8.0
4dzw,7.89
4u0n,5.77
5w6i,6.9
4pnu,4.89
4ac3,3.96
4ph4,7.74
4y38,2.4
2pj7,7.77
5xvf,6.15
1v1m,3.94
2w47,4.98
4mrz,3.52
6mlh,3.67
6iup,7.64
2wwj,4.48
1nl4,9.41
5vsb,5.12
5umy,6.97
3o9l,9.66
6gev,8.7
4i9r,6.95
1amk,4.3
5hz5,7.07
5nee,10.7
4m7y,5.32
5trr,7.39
5c4l,5.64
5dtw,5.46
2c9t,7.48
3bl2,5.8
2qft,5.26
3s8o,6.85
4wci,5.05
1jlq,8.15
1iem,7.7
3aqt,6.72
5kqg,5.15
4ks2,9.34
4ezj,8.42
5ntw,9.22
5vew,5.15
2pe2,8.4
4qc1,4.99
4dfw,7.85
2xyu,5.35
6g0w,5.28
4klb,4.16
1veb,7.41
4a6l,8.0
3ov1,5.2
4f6u,6.15
2qrk,4.26
3nf6,3.53
6jfk,4.84
5ti6,4.68
2ykc,6.11
2ndo,3.25
2wib,4.93
5dif,6.23
5ual,3.58
5y20,4.52
6rna,8.3
4aj4,3.89
3ng4,5.43
5vdu,4.0
1svh,6.44
6hvr,6.48
1klu,7.6
6g14,5.49
4xaq,7.14
5ix0,6.28
1rnt,5.19
6fnf,7.89
3ckp,6.35
6fr0,6.84
3ms7,3.43
4jls,5.66
3r01,5.24
4lw1,3.15
2zga,6.32
3dnd,4.8
5e73,4.64
1p7m,4.38
3qtw,6.19
5bqh,8.52
6rvk,6.36
3l3x,6.15
3aho,7.05
1i80,6.41
2jdn,5.56
3k41,0.82
1cpi,7.41
1bnv,8.77
1fh9,6.43
2hmh,7.15
1o6i,3.19
2y9g,3.77
3rx8,6.21
5em5,6.58
6fmc,5.88
6p88,4.52
2i0g,9.72
5y6e,7.86
4qz2,5.21
4rfc,8.24
1p2a,7.92
2uzb,6.92
3h9o,7.15
5dqf,3.6
4jib,7.35
2er9,7.4
5nk6,6.8
3mct,4.07
3s78,6.47
2aei,7.07
1ke8,6.0
5ih5,6.3
3iuc,5.66
2w77,9.19
6ipk,5.17
1pdq,5.3
3b8h,4.2
5n7v,8.77
6h12,7.68
4mrd,3.37
4zjw,6.66
6fh3,3.07
6fyv,7.96
2vx1,6.66
6c0s,7.05
2mkr,6.27
4qz0,5.46
4xy9,5.33
6dz3,8.89
6b33,8.12
5vgo,8.7
6p5w,5.29
1nhu,5.66
4x1r,6.4
6fbv,6.52
1h01,4.66
4bg1,6.31
1cet,2.89
6hlx,7.17
5koq,9.24
2yhw,5.6
4l0l,7.27
5zty,10.12
2xkf,6.06
4mf1,9.15
5k8n,6.32
3sff,6.7
3vh9,6.24
3gs7,5.44
2hxq,6.84
1at6,4.07
6nzv,10.17
4e3o,6.51
6qrc,4.89
1d8m,8.51
1stp,13.4
5wfw,6.1
3avl,4.18
4j0a,6.8
3k5c,7.77
5all,5.57
2eg8,4.5
4jfv,6.28
3h0q,6.07
6oos,11.3
4um3,7.54
3e9b,5.35
4xv9,6.72
5vo1,8.15
5abe,3.05
1ajp,2.23
5igm,7.38
3ttm,8.52
3d1z,8.8
6hhj,7.97
1thl,6.42
6eqp,5.96
5yc1,4.34
1tt1,8.15
4hxz,6.05
4bo6,6.74
1w1y,2.62
6h13,7.23
2vci,7.68
4x3t,4.54
3tb6,5.08
3nin,4.91
1o3c,7.13
6u7o,10.81
4re3,8.57
3nim,4.75
4za0,7.21
6rn7,7.3
6qlr,4.82
6j0o,4.92
3u1y,8.67
6jio,4.55
5mxo,5.27
4pzh,8.0
5qai,3.82
5fdr,9.44
5t8r,4.29
4wkn,9.72
2qh6,6.0
6hvw,5.55
1h79,4.89
5c0k,2.92
5xii,7.12
4csd,5.91
1ddm,5.77
5t2b,8.3
3d5m,8.0
3s9t,6.82
3bgq,7.96
4rxz,6.74
2ndf,4.23
5l2s,7.08
5ief,5.28
6uyy,5.72
5oqu,3.61
3fh7,7.6
5nhl,9.52
1oxg,10.57
4idt,7.0
5ueu,7.78
6qri,4.82
6n7c,9.17
2ymt,8.0
4b9k,6.17
4gk3,7.25
4j53,8.7
2g72,6.5
3g90,6.36
6n7a,8.37
4wkc,12.68
1kqb,4.0
5uxm,5.44
3zdv,5.48
3l16,7.48
1lhv,8.91
4xg6,8.01
4jik,7.74
6g0z,5.32
6ibk,3.29
6qlt,4.04
2xdk,3.6
4hxj,4.13
6ppy,4.44
5lhg,5.6
6n9t,4.15
3dog,7.4
5fdc,7.46
2p4i,8.0
6a5e,5.49
5jhb,6.06
6fdc,5.64
1o6r,7.1
5qcl,7.96
4ty1,9.26
1ft4,6.57
5n93,8.66
4gtt,8.22
6k3l,7.22
5j82,6.0
4pct,7.15
4axd,4.43
5wvd,7.68
4lmu,7.26
3m96,7.22
2wva,10.7
5w4w,8.1
5f5z,7.07
2pg2,5.77
3oki,7.15
3uli,7.15
2vba,4.6
4ode,10.0
1bm2,6.96
4gzf,8.36
3g3d,4.74
2hai,6.28
3fv8,6.8
3n2v,7.51
5tol,7.48
3nwb,7.96
6dhu,3.13
6qqz,6.74
6nri,7.57
5w4r,7.48
6ak6,5.56
4a6v,5.72
3dej,8.0
3rxg,2.15
5wzt,6.66
1qaw,5.12
3sus,4.15
5cgd,9.3
2j4g,6.6
5hvu,7.89
4j1i,7.4
5alm,6.53
2oag,8.47
3h26,4.49
3n7s,7.7
1w6y,5.36
1lqf,8.3
6guf,6.65
3tsd,3.66
1eei,3.15
1ze8,7.68
4qmt,8.0
4oc4,6.98
4bdk,5.44
2p8s,7.68
3tao,5.14
1ad8,6.6
6un3,8.64
5jha,5.9
4c66,4.1
4q81,3.02
3mtb,4.63
3pj8,7.4
5kjm,7.19
5m5d,3.95
2w54,6.98
5n9s,8.62
4nvq,8.48
4x3h,4.23
3f38,2.62
3cr4,4.28
1w11,8.22
1a9q,6.17
6drz,9.8
1tnl,1.88
3ppk,8.85
6dk1,7.65
3b3x,3.6
3wzj,8.18
5ipc,4.89
3s43,8.6
1cil,9.43
1juf,5.85
5okt,6.03
1ijr,5.44
1me4,6.84
1mrw,9.7
5ul1,6.64
5k5s,2.69
2gsu,3.59
3el7,6.32
1q4x,9.48
3nxq,8.15
5iee,4.94
4ys7,9.0
1d8e,6.6
6eo9,6.8
6fs0,9.77
2qlm,5.64
5knv,4.87
4yv0,3.28
6pl1,7.65
3qtz,7.3
4gjd,8.52
4bti,9.7
4ybm,6.85
4ybt,7.0
1y3n,5.55
4gby,3.46
4mnw,5.76
2hwg,3.55
5ufc,5.16
1i2s,3.31
1oiu,6.68
1zm6,4.35
6ntb,5.15
5gut,6.29
6oxw,10.55
5ak2,8.41
1h3a,6.55
1h0r,3.7
4xii,6.6
5u4x,8.15
4o4g,8.05
5wyx,6.66
5ugd,6.62
3f19,7.19
5fou,3.95
4x8p,5.48
4cd4,6.58
6sfj,7.74
6en5,7.94
5ehp,4.92
5uqv,6.37
3sdk,6.8
6dj2,8.12
3atw,7.01
2vtd,4.07
4dr9,8.0
3ldq,5.36
1pye,6.41
6cgt,6.0
2zdk,6.37
4mq2,7.01
4ybj,9.28
4jog,3.72
5j1x,5.52
6ajv,5.04
1fig,6.22
4dht,4.82
6mjw,7.99
1r78,8.52
3cwk,6.6
1fj4,4.59
4gs6,7.15
3c45,9.68
2qhy,7.48
5v86,7.1
4pnl,5.52
4rt1,6.14
2cmf,7.55
5uwk,8.64
1b1h,7.03
2eh8,7.96
5khj,3.74
5h9r,6.08
4abf,4.62
3zhz,7.05
4ipf,7.74
1kv1,5.94
4mny,5.71
5k1i,8.04
5vil,8.82
3buo,6.06
6nsv,7.8
5xhs,5.05
5alr,7.07
2adm,5.7
4u03,5.77
4ykj,4.43
4jda,6.29
4rpn,6.96
6ma1,8.1
5t54,9.06
4a16,9.37
6dyo,4.49
6o4x,7.4
6mep,7.35
3k0k,5.43
1a4h,5.92
3p8p,4.55
3opm,6.62
1g2m,7.4
1tps,8.0
2qry,8.64
6oxy,9.55
4oex,5.84
3rvi,7.96
6fyp,6.84
5n8v,6.68
2xfj,7.89
2wq4,2.57
4rvm,9.0
2veu,7.0
6m8q,6.43
6qrg,5.0
6hhp,7.49
4nbk,3.87
5iz9,5.42
6g3q,7.24
5fom,5.01
3tkw,5.27
2w9r,5.32
6bqa,5.85
4pm0,7.35
5yjp,6.62
5mrm,5.03
3v1r,7.68
4ith,6.5
4jve,7.07
2xml,3.3
1qxw,5.15
2j75,6.65
6o68,4.99
3ljo,6.62
5zkb,8.7
2ha0,4.43
3dtc,7.59
5f3g,6.9
3elc,2.69
5efh,6.1
3mg7,7.89
1gqs,6.3
2c93,4.92
4p0w,5.96
3ivi,7.92
1hi5,4.04
4k5p,3.46
1gt1,6.0
2wzf,7.0
4ckr,6.98
2erz,5.66
3bh3,6.15
3wzq,6.23
1uwb,8.34
4yho,10.74
3rqw,2.7
2d3u,6.92
5d1t,5.77
6c7w,5.47
6oag,5.43
4eh3,3.53
4iz0,4.0
3b50,7.55
2nsx,7.2
3vi2,3.77
1shd,6.17
5tob,8.82
6mhc,6.43
6mbp,5.95
3o99,10.82
1o0o,5.1
5etl,4.64
2r5q,8.57
4qw1,6.11
3d51,4.15
2rcn,6.0
6fvl,6.8
5im3,5.82
4y0a,2.31
5lc0,6.7
1srg,5.3
1bzh,6.77
5oss,4.55
6c7q,9.15
6pu3,5.23
4ym2,2.85
3sd5,6.58
4cfm,4.74
5ap5,7.97
4qew,7.07
2bed,8.15
3cfv,6.05
5cin,7.74
2iws,6.36
6agp,5.05
1egh,5.7
1q1y,7.7
1hgt,6.82
6g5u,6.4
4arw,7.13
6j8r,6.12
2v85,4.46
6hk7,7.34
5gtr,7.17
5lt9,4.19
4fk6,9.7
6b31,8.44
4nrb,4.42
5t1u,7.16
4hfz,5.72
2l3r,4.66
2oj9,6.41
4o0r,7.44
5eok,3.49
4usi,4.41
5jvi,6.51
4mi3,4.12
6rw1,5.88
1wbn,6.46
4k9y,6.95
3tdz,6.82
6b1c,6.95
6i13,5.12
2w97,0.96
3hxc,5.28
2am9,8.41
4an2,9.05
6q8c,7.68
6fyk,8.52
1rhu,8.52
6uvy,6.0
3qgw,5.89
6r8q,6.92
4ohk,8.3
6bdy,5.69
4ruz,7.64
4dsu,2.82
5dv4,2.47
1mrn,4.52
2p3d,6.74
1uyk,4.77
4x63,6.77
4jp9,7.62
4etz,6.3
6qyn,7.62
1ow8,5.4
1g9c,5.3
2rib,2.82
4uu7,6.08
3ebi,7.1
6ps0,9.94
4kne,5.9
6gj5,3.36
3c2r,3.11
4xkb,6.1
3std,11.11
1g49,7.8
1c1u,8.25
2bro,5.85
3oil,5.68
2lha,5.19
1rdi,2.06
6czb,4.33
6da1,5.05
6jt3,8.3
1irs,5.22
5tqu,7.6
5tuo,6.49
4qsu,2.0
1p57,4.4
5wgq,6.48
6peg,5.16
4riu,7.3
1h28,6.52
6e92,7.46
5k51,4.8
4jlj,6.13
3kgq,2.3
4hg7,7.05
2z4w,6.01
3w2t,7.53
4qr5,7.22
4mvx,7.24
3v66,8.89
1ugx,5.91
3qrk,7.24
1zzz,5.14
5yr4,6.34
6hzy,3.92
2fs8,7.6
5ngf,5.11
4twy,3.97
5qcm,6.96
5t6f,5.8
8abp,8.0
3nii,4.23
5egm,8.62
2b1g,6.64
2zvj,5.74
4j8m,7.32
2itp,7.95
4o7b,4.7
6d6t,8.21
4yne,8.52
4kcx,4.43
3hyf,5.92
4pgd,6.92
4bo8,6.92
6b1f,8.72
5xmp,7.37
2zm1,6.66
1h2k,2.92
6moa,7.08
4zph,7.51
4fxp,4.09
4o2e,8.0
4jss,3.3
4z1e,8.24
4pf5,5.48
5mos,3.79
4fak,4.28
2bu5,7.78
5fap,8.0
6ghv,4.28
4uxj,5.42
4tk5,7.49
3efj,7.41
2ohr,4.0
4n9d,7.72
1v2p,4.73
1jlr,3.33
5nki,7.72
6nu1,4.51
2vxn,5.0
4bqt,5.79
3thb,8.7
4rra,4.87
2vie,7.48
4qtb,6.7
4u0f,5.92
4dfg,11.74
5o0b,4.18
5os7,3.69
4mvh,8.35
4knb,7.33
4g8m,7.89
6m9c,7.25
4ayv,9.17
3ine,6.77
4q1f,8.04
5cf5,8.6
3l3l,7.48
2cgr,7.28
3adu,4.14
1yhm,3.83
4cjq,3.59
4c4f,7.59
3k5u,6.51
6hp0,4.92
3b0w,5.7
6bgu,6.28
1oba,2.44
5sym,6.55
6g86,4.49
6cdc,5.6
2k4i,3.84
4pni,6.09
1o42,8.05
3pup,8.22
4zsj,5.64
3fuz,6.54
3c2u,2.9
2pk5,10.7
2rr4,4.78
1jws,4.85
5fe7,3.31
1a07,6.4
4rrf,3.62
6aol,6.27
5jsj,5.4
5t8e,9.14
6asu,5.21
4xyn,5.89
4uy1,4.7
2nn7,6.52
6ipl,3.82
5ahw,5.17
2qhz,7.28
1hqf,5.0
3rg2,4.2
4n1u,8.3
5duc,6.35
3d7k,4.6
6oou,11.3
2wpb,2.89
4jht,4.99
5jjs,7.32
6j9y,5.07
1way,3.4
4gxl,5.28
6cd9,4.42
4a7c,8.22
4qvq,5.2
4psx,6.47
6q6o,7.54
5ld8,8.05
5e8a,7.47
4f7j,5.24
6bbv,6.1
1fkb,9.7
1hxk,3.4
4uw1,7.72
5xpi,5.28
3e37,5.39
6bec,4.01
4p4b,7.85
4f4p,9.22
4g2w,8.8
6hzc,8.93
3k83,7.66
2v0n,6.3
5toe,5.6
3wqv,5.21
1gaf,8.0
6pyc,7.45
4oar,10.42
2xrw,5.15
4kln,7.7
6d6u,8.21
1bhx,6.84
3pd3,4.44
2zof,8.15
6q7h,7.68
3s9z,6.22
4b8y,8.05
1nhv,5.66
4u79,6.4
6aa4,6.33
4idn,5.24
3kjn,5.19
5afv,5.59
3zmq,6.44
5lgq,7.05
6d3y,8.7
1pzi,4.22
4l9i,4.89
1qx1,2.12
4rfd,8.05
5zhm,6.14
4mvw,7.55
4zwz,8.7
6h2z,9.3
1fmb,10.0
5zde,5.75
1a52,9.86
4c6u,4.59
3nan,8.22
2vk2,6.89
1zhl,5.0
1z4n,4.52
4k6y,4.83
2jb6,10.96
1iy7,6.19
2y7x,8.89
6ayo,8.29
3feg,4.35
1gui,6.28
2gd8,7.41
7std,10.72
1zd4,3.6
3b67,8.85
3rxb,2.66
4xnw,7.74
6nw3,7.66
6jib,5.8
3mqf,5.24
6q8b,7.53
1mmr,5.4
2gvf,7.6
5kbg,6.11
4uyn,8.4
3gy3,5.63
2bpm,8.7
6i1r,5.84
5ork,3.63
2o4n,7.82
4g0p,3.01
4qzx,6.26
4bt5,2.76
1nhg,7.3
2o65,6.19
3itc,1.6
5l87,5.07
6do4,7.68
5fck,8.22
5f61,7.46
5jiy,6.27
5c29,6.06
4pyx,6.14
1ork,8.81
5hhx,8.21
1tjp,4.42
4esi,4.15
4j1c,7.31
5yvt,3.96
10gs,6.4
1osg,7.52
6njh,3.69
4giu,5.33
5dtj,4.47
4bda,5.57
5kk8,5.84
4awf,5.57
3ejp,8.55
3wq6,4.59
5vpm,8.8
1d2e,6.0
3bxs,5.1
3msk,4.59
4a4q,9.4
3pma,5.4
3gvb,2.59
4i0s,7.44
6emh,6.08
5btx,3.55
1j17,5.22
4p44,7.8
2mps,5.41
6fe0,6.48
2of4,7.09
4ipi,5.32
5z5v,6.54
4z0d,5.3
4kz4,4.15
4r3b,6.25
3zlq,6.04
4an3,9.22
4ko8,7.15
4h4b,2.7
1zz1,6.02
5mwg,5.77
4b1j,7.3
4jgv,6.57
1dmt,8.7
4i8z,11.05
3nes,5.62
2cm7,6.68
6dy7,4.18
5ai6,4.4
6g8k,4.45
1d8f,7.74
3vtr,5.57
6oco,6.32
4cix,4.47
6r13,4.7
6h7z,10.12
4wmy,7.07
5epk,5.74
2x52,4.24
5eoc,7.52
4fod,8.92
1lag,6.3
3kvw,6.89
4n6g,5.47
1o4a,6.92
2iyf,3.75
2gvz,6.89
4q9o,5.77
6ar9,5.18
6aej,6.15
5zvw,8.62
2oz7,7.85
6jsn,8.42
3p4r,2.72
3tv5,5.32
1jyc,4.34
5iis,9.0
2e93,6.96
6jz0,7.82
6sbt,6.78
4lk7,5.04
2b53,6.22
1nnk,5.46
5oh4,4.55
6qxj,4.79
4pkr,4.82
4mxc,8.17
5l98,3.31
1n1t,3.85
2v77,5.06
4ele,7.88
1lqe,5.82
3ocb,8.3
3ujb,5.1
3h22,5.1
3wuv,5.17
3sx4,8.52
3blt,3.54
5hg1,5.2
4gw8,6.06
5jhd,4.52
4dv9,6.72
3fdn,7.48
1xbo,6.04
4kba,8.22
1tet,6.08
4pl5,4.96
4ufk,3.89
4kql,8.77
5ouh,5.67
5jmx,5.09
6eq7,7.0
4yk5,7.64
4qmw,7.07
5wg3,8.1
6gfx,7.92
5tbe,8.97
5xmt,7.58
5jr6,4.69
2bvs,4.1
5wi1,5.0
4gzx,3.19
4jff,9.22
3w2q,7.18
5wa8,6.23
5oxl,3.25
4fcq,7.0
3khv,1.85
1ftm,7.61
6c28,4.17
2fwy,6.7
4qr3,5.85
1a9u,7.32
3bwf,9.7
6hlb,10.27
4qo9,6.8
4pv5,6.54
4mc9,9.44
5t2t,6.29
3pix,7.0
5mo8,5.79
6mt4,3.82
1utp,1.44
3zpt,8.51
3qx9,4.05
1czl,9.15
6hgx,7.11
3pp1,8.49
2hm1,8.7
3krd,8.17
5t90,6.68
6awn,9.2
2aou,7.73
6beb,3.61
6eq5,4.74
5eob,9.62
4g5f,3.05
2r6w,9.36
4o12,8.7
6g4m,6.6
3qtv,4.65
6msy,7.0
5ugb,6.79
4apo,4.91
5anv,9.3
1eoc,6.05
6saf,6.64
4qir,6.95
2jb5,9.22
5wa7,6.4
6p3t,7.32
3qcj,6.3
1pw6,5.22
5ant,6.36
4j44,5.73
3dst,9.08
6cdp,8.79
4x9v,7.85
3ard,6.76
5vc5,7.96
5b4l,9.12
5alp,7.07
3udj,3.62
3h89,7.64
3v4x,6.15
6dxl,5.8
3c4f,5.72
5gmn,4.73
5cbm,7.77
5lgp,7.04
6qra,6.15
1qca,5.27
4xdo,4.08
3ask,6.43
5nar,6.3
6clv,4.88
6qs1,5.61
3r4p,7.96
5q17,5.25
5twl,7.98
3kiv,4.7
3n7o,7.14
1il3,2.55
5nwg,6.18
3cl2,7.59
4dcy,4.52
5k9w,4.59
2hwi,5.52
1gwv,2.57
1dif,10.66
2zz6,6.72
5ect,5.28
4oel,7.0
2pvk,8.3
3r21,6.74
4hxs,5.39
6eeb,5.3
2dq7,8.32
2q9y,4.44
4du8,5.37
1tow,6.24
1uy8,4.12
4gly,5.11
2q1q,8.15
6q35,4.82
4c6v,4.59
4l0b,7.17
6d4o,6.28
5ktw,7.52
3n9s,5.26
1s9v,4.0
3e90,7.39
4hod,6.1
1ksn,9.4
3k3i,5.72
1atl,6.28
2a8g,3.69
4l51,3.0
5ey9,5.41
3q44,6.31
4e8w,6.09
4yxi,6.5
4q1n,9.7
3pkn,4.66
3zv7,5.92
1xws,8.0
1dtq,8.22
5fsy,5.89
6r1c,4.92
6ghh,6.71
4jql,6.0
5dv2,2.9
5x62,6.42
6g01,7.41
1swp,11.0
5e5g,3.15
5unj,6.62
3rik,2.47
4i3z,4.29
6bkh,8.89
4ztq,6.32
4a2a,4.35
3kx1,7.0
6fn9,3.55
4g90,4.51
1szd,4.54
6s5k,7.32
2xei,10.62
3e9h,7.55
3ama,6.53
4qw7,6.28
2gmv,6.2
3hs8,5.3
4uja,9.05
4hdf,8.49
3dbs,7.12
4ym4,4.47
1x8r,6.12
5dts,3.55
5zqr,7.97
5unf,9.47
3u7n,7.95
5tq1,5.49
2d41,6.82
5am6,6.73
2vot,7.14
2cmo,6.4
5orv,2.89
3pn3,6.4
3ujc,4.59
6i3s,7.05
1bzs,8.0
4qxo,5.51
4tw9,7.7
3br9,7.21
3qsb,5.08
5hx6,8.0
1bil,9.3
5f0h,4.48
2pj2,7.92
4ybk,7.82
3u8w,9.0
2z4r,7.62
2vxa,5.6
1iq1,7.46
6seo,4.74
1py5,7.29
3vsx,8.85
6ets,5.64
2cmc,5.76
3wd9,8.08
6p8y,6.2
5zw6,8.0
3v0l,5.52
1ol1,4.68
2yiu,6.89
5jf8,5.85
4ln2,3.61
6hpg,5.5
4kon,6.48
1eat,7.82
5hh4,5.96
1phw,3.3
3cyz,7.22
3udy,5.7
5orl,4.82
5yjo,7.17
3n5h,5.7
5ef7,9.0
3i97,5.52
1lyx,4.54
6hor,4.18
5wzr,7.29
1fo0,5.59
5w92,7.7
4w97,7.1
4h3b,5.17
2wxf,6.74
2bpv,7.67
5tya,4.48
5dpw,5.37
4c1g,5.14
1ll4,7.22
6frf,7.4
4lm3,2.92
2wbd,6.64
1rpf,3.99
4r7m,7.96
4zhl,6.47
1zaj,5.1
5jmw,6.76
6i0p,4.4
3oyn,7.6
1xr8,6.7
5f37,5.77
2z7r,9.52
2wc4,5.29
1cnw,7.72
6nmb,2.7
5e0a,6.59
4dei,9.0
5vdk,7.57
4jmg,8.82
5y7z,7.81
5yfs,4.86
4r5n,7.12
2vk6,5.3
5ghv,7.92
3jqg,4.74
5t2d,9.1
3rwq,7.46
2yiq,7.9
2p4s,9.51
5xig,6.38
5awu,4.65
3ueo,4.03
1q95,7.57
2y1w,6.33
6j10,6.35
1y1z,3.08
1uvr,6.0
3ayc,4.24
2jko,8.11
5h5q,5.74
5ni5,8.05
6sge,7.51
5dd9,6.11
1dmp,9.55
1a09,6.7
6ic2,6.04
5ov9,5.66
4l2f,6.23
3lle,4.97
2ycm,3.56
1tve,5.68
5ehw,3.0
5kzi,10.0
2c6e,9.1
4ei4,8.74
5fkj,10.66
1g30,6.85
1vgc,5.92
5xyf,5.98
3vjl,8.25
5g60,6.52
5jnn,5.35
6dh6,9.93
4mm6,6.69
3kd7,3.7
2b5j,9.1
5t9u,7.6
3n49,5.15
1h35,7.54
6bh2,5.62
1k6p,7.36
5nb6,6.3
4zx9,7.39
4pvv,6.48
4i80,7.62
4mao,7.33
3igp,7.02
2jiw,4.59
5w5j,5.82
2j7b,6.62
6q7a,8.3
6e4u,7.87
3vqu,7.43
6s56,5.1
4ty9,2.05
2wc3,6.08
1jj9,5.77
6qfq,7.1
4oo9,9.07
4kn2,7.27
5oai,5.15
1ce5,4.74
1sm2,8.0
4pd5,2.86
2oph,7.8
3nba,3.41
4kqq,3.9
5c91,3.61
1ow6,5.4
6ps6,9.7
5uah,3.4
5d3h,5.1
4ks5,6.89
3zqi,7.19
1jd5,6.62
3muk,3.42
3kwz,8.4
3nnw,8.05
3pxy,5.23
1h1b,9.8
5ho7,4.77
4l1a,8.27
2clx,4.88
4j24,7.3
4uit,6.7
5i3w,9.22
3wzu,5.89
4xhe,10.3
1a94,7.85
1p93,7.72
1gar,10.0
2nn1,5.82
6q2y,5.26
6gjj,3.7
6ggv,7.54
6ftf,8.1
6bgz,6.39
3mbp,6.8
2vnn,8.7
6nsp,7.36
3nyn,6.0
1wur,6.66
3p7i,7.7
5j9k,5.85
5teh,7.55
3oka,4.72
2bza,2.8
4f6s,5.49
1f0u,7.16
6nnr,5.07
1ynd,8.44
2wi3,3.46
4qms,5.13
1f8e,4.82
3d9p,4.54
5nib,7.72
3q4b,9.33
4hvg,7.77
1zpc,6.6
6apr,7.77
4uyf,7.6
3ll8,6.4
1ofz,4.62
3zze,8.89
5hex,8.0
1h07,5.52
6oa1,4.59
1q8w,5.24
3rjm,6.61
2ql5,8.1
3pa5,8.7
1w2x,5.14
3ans,6.25
2os9,2.24
6gjw,4.96
5vnd,6.49
5w6o,6.28
3vf5,9.34
2ccu,6.13
3pkb,6.21
6fav,5.33
5m55,6.62
5dyo,10.21
3qwc,4.26
1bl7,7.72
1uxa,2.3
1a28,8.29
6g33,8.15
3smq,5.02
6oy1,10.24
2j27,3.52
4izm,6.66
3oeu,7.51
1e06,5.6
2ydi,6.82
2fs9,8.52
5ypw,4.64
4mk9,8.05
4pnc,5.43
2vvo,2.2
4ghi,7.09
5ke0,9.7
4hyf,7.6
5j5t,6.96
3upf,6.7
2avo,8.85
6g9a,7.68
6f6i,3.19
2v8w,6.82
4mdn,6.22
6oxr,10.32
3sv2,4.19
2op3,6.31
3shb,6.03
3q6z,3.72
5tq3,8.66
4tvj,7.91
2ptz,7.82
4q4s,6.95
1rst,4.43
3tl5,7.85
6nrj,7.44
5u14,5.34
6h77,7.33
1nje,3.8
1yt9,8.3
2ao6,9.28
4qyo,8.22
4zg9,7.59
5tcc,5.66
3hdk,4.76
4luo,3.24
5aen,7.22
1laf,7.85
1r0p,8.0
3djo,4.39
1yye,8.57
4isu,3.68
3s7m,8.0
3oe6,8.09
6cbf,5.17
4r3s,8.22
2wxp,8.52
2ow9,7.52
3q8h,4.15
6ohu,6.78
2qhn,6.01
6np5,4.57
4z7n,5.04
4b82,4.39
1rql,2.75
5l99,3.32
5b5g,5.25
5mw6,4.73
1e55,4.12
3btr,5.3
4jpa,8.48
1fsw,6.49
4lqy,3.89
6b5q,8.24
5w88,4.52
5vwk,5.48
3wqw,5.23
6r0v,4.96
1xmu,9.08
4y8z,10.4
2nmx,5.57
1fd0,8.4
1w7g,5.1
4kii,6.23
4tpm,8.62
3oku,6.36
1w51,6.3
6oio,6.54
4in9,4.97
6rjp,8.96
6v1c,4.19
1w2h,5.0
3g34,2.96
3lgs,4.61
3d7m,6.44
6hdo,6.6
6hmr,6.83
6f96,7.72
3tvc,7.74
4wet,3.35
2xda,6.22
4rj8,7.77
2ym8,7.89
1g3m,10.0
2w1d,6.04
5uit,8.34
3ui2,6.37
6ncp,5.74
5v37,9.47
4y79,7.96
4x6y,7.72
4hww,6.65
2w67,4.96
2y9q,6.15
1s19,9.51
4oag,6.3
3rz9,6.92
5urk,6.1
3g1d,3.48
5qa5,3.52
3tdu,5.67
3kmm,9.7
5fnd,3.49
3kcf,7.46
5uov,10.6
6mo1,6.54
4b80,4.4
4xx3,7.25
1ezq,9.05
1a7t,1.64
5f1x,6.11
3hv4,6.51
3sl8,6.54
4dtk,8.52
3twu,5.62
4wag,7.08
6rn6,6.8
4q3s,6.59
5nkb,9.12
4qlq,8.18
2kpl,6.64
3sr4,6.54
5v79,6.41
6nfi,7.05
5j47,5.31
3vhe,8.21
3c4h,5.7
3owb,7.72
5t4h,8.03
3cm2,6.47
6hv0,6.56
1uk1,7.22
4q6f,5.6
3wp0,4.99
1x8s,5.1
2f0z,4.77
4ezt,5.13
5zms,5.23
5ngb,7.72
4gye,6.85
5e2p,8.8
5w73,6.3
4i9z,7.74
5qay,3.23
4xjs,7.12
2y1x,7.57
2c9d,6.32
4lxd,7.23
4abi,8.2
5knt,4.43
5ur9,6.05
3t1a,8.37
1t7d,6.03
4os5,4.63
4e5i,5.3
6r7d,8.62
5n1r,7.95
4u82,5.72
4f20,3.29
5anw,8.52
4cmt,9.7
2qyn,6.24
3gjs,4.99
4ozn,5.4
1nl9,5.96
6dif,10.72
1e72,3.22
5xo7,6.36
1e03,9.4
4dwg,7.24
6pvy,3.19
4xg8,8.72
3srg,5.7
1q6t,8.3
5oug,2.77
4dst,2.96
3bze,6.0
2oqv,8.4
3in3,7.22
4lke,5.37
3lpp,6.22
2fx8,6.52
4x7i,7.69
6npi,5.7
6afd,5.43
5ct7,7.15
2h23,4.67
4bnx,7.7
1a4q,5.44
2fv5,11.7
2x2m,6.77
1lzo,4.54
3v6s,9.12
5i8g,7.52
6nfg,4.11
4kza,3.7
2bxt,8.52
2cej,8.62
3nex,6.0
3iwy,7.28
1h9l,3.12
4ydg,7.82
1lox,5.52
5yy4,6.43
5wh6,7.92
2w0j,6.62
2ll6,10.0
4cc2,4.33
3c79,7.2
5xsu,6.74
5w99,4.68
2fl6,7.42
5kr2,8.48
3tjc,7.51
5v7i,7.18
4ago,4.81
5f02,7.44
5urm,5.28
3llm,4.74
3v9b,9.3
2ivu,6.43
4ach,7.66
3gy7,4.52
1mnc,10.34
3v0p,6.28
5izq,8.52
5oh7,4.37
2wzs,3.85
6c0r,7.51
4x0u,7.4
1b5g,8.0
3ioc,3.68
6jid,5.08
5zhn,8.8
5zah,7.28
6ma5,8.1
4m8h,7.6
4ryd,11.26
3g45,8.36
4r5g,5.22
3ikg,7.24
5lz2,3.0
4hvh,7.72
1c50,6.48
1hiy,3.08
6ceh,7.44
4y83,7.77
6d3z,8.92
6ftw,6.49
4ui3,6.88
1m1b,4.66
6f55,4.16
5opr,5.59
1ugp,2.89
5u5k,4.02
1c3e,6.59
4c1t,7.15
2xmy,9.96
3wdc,7.92
5mnh,4.68
5ogl,4.31
3sm2,9.7
1o2q,7.68
2igx,7.27
2gh6,4.95
6aec,6.15
2rox,4.98
4kiu,3.85
2qbx,5.22
1kkq,6.62
5ngt,5.89
2jle,6.42
6jno,6.63
3zq9,6.02
3coh,8.4
1c5t,4.1
5brn,6.3
1v41,4.7
6pg5,4.96
5enk,8.1
5jss,6.45
220l,3.4
5dms,4.53
1j15,3.84
4z83,7.4
5trk,5.21
4k3q,3.94
3g4k,6.54
3rm9,4.77
6q9l,8.41
6d55,7.36
1hv5,8.3
2f35,5.4
5m34,6.82
3atl,4.76
4gd6,7.38
4a4h,2.77
6mim,5.7
6hmt,7.04
3lp0,6.96
4yo8,10.52
3q92,7.92
1aid,4.82
3sbi,7.92
2ow3,8.52
1qi0,2.35
5u8a,7.89
3uph,7.82
4hup,4.82
4pyy,7.23
5l9g,7.7
4oz1,5.62
5qb3,4.31
4nmt,4.85
1epo,7.96
4mpn,6.62
4wno,6.8
3g8e,5.35
5mtx,7.75
2x6f,4.59
2cgw,4.76
5a7c,3.74
1hkj,8.59
1ke5,6.25
5j2x,7.74
5hz6,7.8
6df7,8.0
5x9h,3.76
6hv7,5.19
1i8j,4.41
4ie3,6.01
4mwv,9.4
2ycr,7.16
3kdt,6.59
6cn5,7.7
5etj,10.18
4cpx,7.77
5tcj,7.38
4ozo,3.83
6rih,3.98
3owk,5.82
2qta,5.76
1tkb,8.0
4bh3,1.92
6afh,6.12
1ecv,4.85
4fr3,7.15
1mm7,7.7
6h3q,7.14
4nrt,6.0
4tyl,3.22
1o2x,5.85
6oyw,8.4
4p1u,8.52
2ael,6.29
3rl4,5.42
1y2b,4.09
5m04,6.34
6g1w,8.14
4he9,8.46
4gz3,5.74
2vqt,6.0
5ops,5.06
1y3v,5.64
6fil,5.85
5l8y,6.4
4x8n,6.62
1bug,4.37
2hs1,8.48
3ewu,4.62
3lqj,5.37
4n4v,8.7
2c6c,7.52
1k9s,6.52
6nk1,6.66
2hkf,6.38
1gux,6.96
6bmv,4.68
2z7g,8.95
2xpk,11.3
6f8b,5.21
5vdt,4.68
5afk,3.88
6ud2,10.21
3uwl,3.68
5bry,11.82
5vqu,5.11
1kr3,5.0
4lkf,5.37
4nhc,7.34
5nin,7.12
3tt0,9.05
6hsh,7.55
2lko,5.67
4iue,6.55
4djh,9.49
5u6b,9.89
4wz4,6.44
6cj5,5.19
4k5o,3.98
5j74,8.72
6jad,4.32
4m1d,7.64
2lyw,4.52
1d3p,7.39
1h1r,5.64
2x2c,7.72
3rdh,5.03
5jox,4.46
1xp0,9.0
3i8t,3.22
5v7t,6.21
6cjp,8.11
5du8,5.72
5e4w,4.64
3i5r,4.4
6g34,8.24
3ew2,6.67
3mv0,3.85
1pr5,3.92
3ips,7.19
1bm7,7.52
3ddf,4.66
5lj2,5.0
3hnb,5.11
2aac,2.22
2zjf,7.72
1ibc,10.25
5a6a,7.22
5jbi,6.92
3eio,6.65
3w9k,6.32
5oq6,7.56
2hzn,7.39
4k9h,7.12
6nsq,8.1
1r0x,3.83
4np3,3.3
5g6u,6.66
3h23,4.71
4hlf,6.06
4c8r,6.82
3efw,8.4
1ws4,3.0
6qeg,7.3
2wtj,6.15
6jjn,4.11
4wn5,7.41
5mi6,7.3
223l,3.4
5y0f,6.68
3fv3,9.52
5vqv,6.4
5nn5,5.47
1pq3,7.52
4yhf,8.34
4rn2,5.82
4e3h,7.05
3dv1,6.23
4aze,8.11
4qw5,6.35
3fl8,7.27
1n7i,6.59
4ef4,5.35
6naf,4.26
2yir,9.77
5dp9,6.08
3uoh,7.89
3g35,4.68
3g6g,8.55
3twx,5.26
6hu1,6.72
4aq3,7.43
4ab8,3.87
3eta,7.85
6coj,6.4
5bvd,9.8
6a80,5.9
2fwp,2.92
4ps0,4.04
3iu8,6.24
4di2,8.26
1bjr,7.68
1f3j,5.22
4zki,2.92
3fxv,7.03
3vrv,10.54
1y3a,5.41
1q7a,7.19
3nm6,1.35
6ior,4.31
2v13,7.59
3bu1,8.15
5lws,3.94
6a3n,8.06
5gx6,5.8
4wy1,5.29
3d1g,5.0
5os1,3.31
2p4j,8.96
3dyo,2.3
2q63,7.18
4x5q,9.0
4a4c,3.61
3lp1,6.92
1dy4,4.36
4ayw,4.0
2yc0,2.82
1xa5,6.5
1qj6,7.74
2c69,4.59
4k6u,4.14
6s4t,7.95
4j1h,6.11
5mgj,4.29
2hpa,4.6
1w3j,6.32
1csi,8.8
3dpc,4.36
3unk,4.82
4d2w,4.51
4py2,6.57
5kcv,8.3
1o6q,7.64
6aqo,6.11
4ikn,4.85
1lhe,9.54
2bgn,5.7
1al8,5.32
2jdu,6.72
1my8,7.46
6pve,7.37
1c5y,4.2
3d91,9.15
6er4,2.77
5b25,10.24
3m6f,8.6
2ks9,2.04
6pg7,4.66
5ncz,9.1
6g5j,6.7
3qxm,7.48
4cgi,3.12
6do5,7.16
6njj,5.99
5jmp,7.17
1rlp,5.1
2xne,6.72
5qax,3.8
1qpe,7.7
2xnm,6.8
5ea7,7.96
3db8,7.0
1p02,7.17
5l4e,4.61
1drk,6.82
3lcv,4.74
2g8r,3.99
5bwc,7.21
2hwp,7.14
5qad,3.77
3aw0,5.24
2ll7,8.8
1m13,7.57
3ad8,3.16
1d4h,10.0
4zy1,8.14
2xsb,4.96
5ktu,6.21
3byu,9.1
5axp,9.03
1m7y,10.96
1vr1,6.89
3ktr,6.15
5aae,7.46
4nh7,8.4
6rfj,8.4
6i96,6.68
6afg,4.86
1nj1,7.6
3ozj,5.11
3are,6.21
1ydk,5.89
5j41,3.7
4xmo,8.7
5v9t,7.35
6qha,5.3
2zhd,6.54
4y46,7.96
5one,7.28
5z1d,8.3
5yjf,5.74
2ity,7.27
3ti8,9.05
2psv,7.24
3i5z,8.7
4wri,9.01
4u7t,5.67
4ofb,5.43
1l8g,6.22
6nzp,9.7
5nw0,6.52
2r4f,8.82
5a1f,4.61
3mof,3.07
5tyh,2.08
3pz4,8.22
5ovr,4.57
4z2g,6.66
6qzr,7.52
6npf,5.85
1c88,5.29
5kww,8.13
5opv,7.29
1atr,6.96
3vjm,9.43
3u18,6.09
4lxk,8.4
3tct,8.52
4kmd,5.41
3be9,7.62
2haw,4.92
4qf8,7.51
1hqg,3.0
4wkb,11.57
3cst,7.41
6bsk,6.92
5op5,6.67
2f6v,4.43
4mw4,6.5
4pzx,6.0
4mnq,4.43
4x3u,5.09
1eef,2.92
1k1j,7.55
4mcb,5.82
4c35,6.25
1vik,9.52
5twj,5.25
4lyw,6.63
2iqg,8.3
4r1v,9.0
1ivp,7.52
6h37,8.59
2hdu,2.3
4loo,8.15
3hu1,6.89
5fnc,4.11
2x39,8.66
2zym,6.14
5ak6,3.49
6me3,9.38
3q3t,7.43
5xqx,6.39
4a95,5.76
1yy4,8.6
4ap7,7.96
1b9v,3.65
4crd,7.1
6gi6,6.71
4des,5.85
4urk,5.96
3ho2,6.95
4yux,3.74
3r24,5.25
3f48,6.29
3p8n,9.28
1ny0,5.85
6c7f,9.62
2ohu,5.38
3v2o,5.31
3wzp,6.82
5fso,6.09
4qg7,8.0
2r8q,3.24
4kxb,4.12
2qd7,9.1
2x7d,6.7
2btr,7.02
5iug,7.33
4hkk,5.54
3pcf,6.05
4odl,6.95
3pz3,6.85
5ukk,6.21
6d78,8.74
4g0c,7.92
6min,3.91
4cwt,6.75
4i2z,4.87
2jqk,3.4
1e4h,8.41
5lyr,7.89
4ehe,8.49
6f08,5.39
4ksp,8.8
3huc,5.99
4txe,5.62
5dh4,7.24
6dyv,10.59
2xkc,5.59
1yw7,5.85
4jk5,7.55
5q10,5.2
5a6n,4.28
3q5u,4.31
6bnl,6.96
4mra,4.47
4xiq,7.07
4utv,5.09
4lwu,8.3
2xu5,6.89
5iu6,3.89
2p3i,3.48
2cia,6.43
1b9j,5.96
2j95,8.4
5tig,4.22
1cwb,7.89
3up7,8.21
4ppb,10.0
4jft,5.46
6nzm,9.0
3vnt,8.66
2is0,6.7
6ccm,5.25
1t48,3.46
3kqo,3.85
1evh,3.22
5hdx,7.32
4rj6,7.12
3fqe,8.3
5jna,7.35
1lhd,9.62
3h5u,8.52
1ewj,7.49
1bo5,3.6
4idz,4.36
5ixq,4.7
3bgb,6.05
6mxb,4.59
6g8n,5.84
3fzc,5.39
4jal,4.6
5kqd,6.3
1n8u,6.03
3fsj,3.95
2on6,6.76
1sc8,7.44
5od5,7.74
6m8a,5.26
2tsr,7.54
2e2r,8.26
6h14,7.86
6cct,4.14
4dq2,7.52
2avi,15.22
2ha5,4.34
1gww,3.59
2ra6,4.52
4uib,9.0
6fgl,4.62
6edl,8.7
2v22,5.39
5uey,8.29
6mmc,3.61
3uqr,7.24
1g4k,5.7
6poh,2.71
1onh,8.21
4w9q,6.85
2fzz,10.52
3s8l,5.64
4q7p,4.32
2wl4,4.19
5typ,7.6
3fum,3.77
1ikt,3.4
3o88,6.37
6hmg,4.94
4eft,4.07
2fw3,6.42
1bm6,7.89
6k1q,7.46
3h2a,3.96
5ii1,5.48
4mdq,5.92
6gy1,6.3
5ci7,6.92
6jag,4.5
4uvc,6.88
4q2k,7.48
6dz2,8.85
1ogz,5.85
5xwr,5.98
1xur,5.18
6czc,4.78
5o5m,5.23
1ymx,4.85
1fls,7.48
2pqj,8.2
5kmh,4.62
5cso,6.03
6nsx,6.64
3kig,6.61
1rdn,1.84
6fo9,7.75
4wcu,8.52
6b16,7.49
4hdp,7.51
1gz9,3.51
2xas,5.89
2wap,6.64
5lsx,5.92
2xjx,9.15
3jsw,7.18
2qg2,5.4
5eto,5.57
4wef,2.59
4r5b,6.73
5vlh,6.8
6pvu,5.21
6ajg,5.78
5eq1,4.68
5a85,5.3
2wtx,2.89
4hze,6.29
3rzi,5.33
1bqn,6.22
1db5,6.82
6qk8,4.85
3qd4,8.2
6mjf,5.16
6uf0,7.14
3fuk,3.02
2er0,6.38
1v79,7.89
4gtr,8.3
4ucd,4.0
1lkl,5.81
6qyp,7.15
5ukl,6.2
6qlu,4.64
4pov,8.28
5gg4,5.82
6f6d,4.1
4pyv,6.7
6d4a,3.93
4tun,5.41
2ym3,6.0
1hmr,6.55
3ifl,8.08
3d52,3.28
4x3r,11.07
5etv,6.24
3fr5,6.35
4kfq,8.23
3dc2,3.02
2aqu,9.32
4wt2,10.42
2q55,8.69
2jds,8.2
1v2n,5.9
1a5g,10.15
5o4s,5.47
2hy0,9.19
3dz6,7.82
5bpe,5.95
2e9c,5.96
5g3m,5.66
2y8l,5.82
1abt,5.85
1tl1,6.42
1u2y,1.74
4ura,5.5
4ijl,3.87
4unr,8.7
2r3l,7.0
4aa5,7.8
4x50,7.75
3gnv,7.03
1fq7,5.43
4ge6,7.47
6eij,5.77
4bgh,8.4
3axm,5.07
5w1e,5.24
3ehw,4.82
3fwv,5.64
2bb7,5.67
4yc0,4.13
1fwu,3.7
6hm2,7.33
2i0j,8.57
1nqc,7.3
6hmx,8.89
4wh9,3.0
5znr,4.67
4tt2,4.66
4tq3,5.49
2qmf,8.52
4b5t,3.33
3lir,6.92
3l5b,3.91
1dpu,6.0
2vv9,7.77
4lww,7.54
6q3q,4.45
2vr4,5.68
2v2h,3.77
1ba8,9.0
3hng,6.74
4puz,8.11
5owc,7.59
3nlb,7.46
3hio,6.52
4kvm,5.05
3qg6,9.14
2qlq,6.63
1lb6,4.08
1hxb,9.92
4mmf,6.53
3cct,7.56
5lla,7.72
5exw,6.82
6gwe,7.38
4mg6,5.62
2f9v,7.82
1bkj,6.77
3rkb,6.42
5ogk,5.11
3vid,6.21
2f94,6.71
1agm,12.0
6g2e,5.01
5b5b,9.37
4uiv,7.8
4j52,8.52
1l6m,8.1
4ayq,7.33
6dih,2.72
6mjj,7.84
3hav,3.77
6p9e,7.17
5hn8,4.01
3kqa,4.85
2or9,6.3
1d3d,9.09
3qk5,7.74
5nz2,5.03
4yqm,7.51
1fgi,5.0
1akt,8.49
1qku,9.59
4jkt,7.09
3hvi,8.3
1nz7,7.12
5tc0,7.6
5nve,7.46
3ozr,5.15
3s22,5.46
6ajh,6.54
5i3v,7.8
5vcw,5.96
4gw6,6.2
4oma,4.17
4bb4,6.72
4rio,9.0
4zxy,6.4
2ckm,8.82
3zpq,7.17
3wv1,11.41
1q6k,7.59
2ksa,3.06
4l4m,8.0
3fjz,4.05
4knx,5.49
6qe5,5.12
2uyi,6.32
3svj,6.93
5a8x,8.19
3jpv,6.92
5jau,8.85
3nzx,5.17
5t9z,7.19
4k3l,2.96
5i86,6.28
4zsp,5.74
5mz8,2.31
3qs5,4.71
1z6j,8.03
1sdv,8.74
6pys,7.15
6hh3,6.24
5nk8,6.64
3dnt,4.74
4l33,8.15
2zyb,7.7
4ovg,3.69
4jfw,6.34
1sqo,7.46
4au7,4.76
2pzy,7.47
3lkj,4.6
1oe7,5.52
5ee8,6.89
1xh9,7.77
3ue4,8.96
3jzf,5.3
5ezg,4.92
4jof,4.17
5th4,2.85
1t2v,6.4
5edl,8.35
3k5x,6.41
4u43,4.32
1mqi,7.63
4e28,5.89
6eqw,10.65
5bmm,8.4
4zae,8.44
2xpc,3.9
3kqt,5.34
6e83,4.54
1oq5,7.68
4x11,2.22
3rvg,8.3
5o7n,6.52
4p5z,7.41
4zv1,5.24
6s1s,5.84
3gvu,8.0
1bdq,6.34
5vee,6.11
5lud,3.61
1j19,7.79
3pcc,3.62
5vp0,9.21
4j0v,7.55
3t9t,8.71
2clo,4.06
4obp,7.77
1lol,6.39
5d12,7.37
6szp,4.74
2wu7,6.28
5fyq,5.89
3iw4,8.68
5wej,4.82
2rkg,8.09
6eip,5.7
3ug2,8.25
3sm1,5.84
3g9e,7.72
5vo6,9.05
5alo,6.13
6uvv,5.18
5i2r,7.72
6pxc,6.37
3d1v,3.49
5km2,4.41
2gmk,3.23
6f9t,7.86
6fo7,7.87
4rxe,6.64
2wvz,4.02
6ggf,5.39
4iid,5.62
3rz1,8.74
2xxx,6.41
4c2v,9.0
5n24,8.92
2c4f,7.7
5g5v,6.7
5i38,3.42
4ue1,8.0
6n3w,5.81
1m0q,3.89
4gqp,9.6
3spf,3.86
3hqr,5.52
1fvt,7.22
6fqu,5.66
1g6s,5.15
4bc5,4.6
4pz5,6.92
5ai5,7.03
3dt1,8.62
5z1e,8.3
5dp4,4.2
2gst,6.07
3kdc,9.28
6hks,4.28
1u6q,5.88
5nrf,6.79
3krx,7.38
6i10,4.53
4ly9,8.15
3arg,7.26
4u0x,6.23
4tzm,6.7
3a1c,4.0
3upi,8.22
5ylv,6.82
6qqv,4.92
6dcy,5.46
2vwz,6.1
1lev,5.6
6ba7,8.15
6o5t,6.5
5zku,4.3
5iep,7.0
3hv5,7.02
5vqr,5.92
5gv2,5.65
4cl6,5.39
6e22,8.89
6qff,5.69
5hbn,4.89
4lyn,7.22
6bs4,5.55
5qj2,7.68
2mwy,6.82
3g2v,6.52
6msa,7.08
2b4m,3.53
2irz,7.92
4jlg,8.7
3o56,9.1
5ia5,7.6
1lor,11.06
3vp4,4.73
5mwh,5.74
2uw6,6.55
3cyy,4.77
6cpw,8.25
2og8,9.3
3ken,5.4
6hm7,7.1
4glx,7.8
6nu5,5.15
5fky,8.33
3hb4,9.05
6n0p,8.89
3szm,6.4
5mim,7.34
6dyy,10.55
4rrs,6.68
4z89,4.69
6miv,8.15
1dwd,8.18
5h15,5.8
3pdh,6.74
5etn,5.37
5t37,6.62
6qls,5.35
3bt9,5.71
5h0e,6.68
3udq,6.0
1him,7.7
4qiy,7.3
1you,9.06
6e1y,7.66
5wbz,6.41
5fa7,8.4
2xog,3.43
1t69,6.32
1pus,7.28
2xu4,6.47
5u7l,6.37
6n5g,7.0
4ibd,3.67
2wi6,6.64
4gzp,7.84
5hja,5.96
4zyu,5.97
6e3s,6.78
1i9o,8.42
2xba,7.63
5wa4,5.89
1joj,4.22
4ory,3.53
5eh5,5.87
3isw,4.05
3amb,6.18
5l7e,6.6
4pmt,6.0
4phv,9.17
2lct,5.14
3nuj,9.39
5l2t,6.19
4ccd,4.49
6md7,6.74
3ds3,5.22
1yfz,4.35
1n51,4.85
4drp,5.41
2xg5,4.66
2ltv,5.16
5ltn,5.27
4uco,7.0
5elv,6.8
1hvk,10.96
4ay5,6.27
3zyr,5.34
2x7u,5.27
1tlp,7.55
1tqf,5.85
3jy0,8.3
2nd0,3.2
3qti,7.85
3pce,2.0
6pid,4.54
4uix,7.3
4dwb,5.74
1y6b,7.42
1o79,6.39
4uvw,7.72
2iku,7.1
3bxh,4.03
5hzn,7.21
5akk,4.0
4ocq,4.61
3kad,5.12
5khm,8.3
4nk3,6.33
3el1,9.64
6cvx,7.68
4mwy,7.05
6dlx,3.32
6jof,4.98
6hky,9.34
1pb9,3.62
4mex,6.7
3lfs,5.6
2bw7,5.7
3aas,4.51
4x7o,8.7
3prf,8.85
5wbk,6.03
3ctj,7.46
4gja,5.92
4m3m,9.05
6npp,6.05
1i5r,8.52
5ipj,8.89
2oaz,8.7
6hk6,6.41
6i78,4.74
3m89,6.16
3pj3,5.25
2jew,6.69
2qqs,6.4
6qhr,7.72
3m93,6.62
1k9q,3.15
1hn4,3.82
4hct,7.14
5dd0,7.08
6fvn,5.3
4j77,5.47
4oak,4.22
3qup,6.32
2cbj,8.27
4fil,7.47
6fne,5.52
5a54,6.15
1ozv,1.44
6dik,5.07
4hym,8.22
6mo0,6.23
3chd,4.92
3bjm,8.3
1c84,5.0
1v2q,4.13
5jc1,6.82
4g0y,2.3
4whq,4.12
6nti,4.57
3q4l,7.26
2wd3,7.07
4hxw,8.7
1ttv,6.8
1onz,5.1
3vry,8.11
4rxd,6.52
3o4k,7.62
6dki,8.64
4b4q,5.75
3ua9,7.25
1czr,9.0
3ryz,8.62
2gv6,7.34
5ier,4.89
5wbf,3.81
4acm,6.68
4j45,5.77
5cjf,9.59
5l4j,4.28
1x76,8.72
5axi,3.92
2boh,8.52
6cyg,4.17
5x4n,4.17
1g32,6.11
2gl0,4.82
3b2q,4.55
4r3w,3.0
6qto,4.64
2gbf,7.92
5jlz,5.82
1o4r,2.41
5he3,6.55
5zjy,8.18
3dng,8.13
3tdh,4.26
3ckz,8.72
6k4r,5.84
4bhn,8.2
1hgi,2.68
1uom,7.72
4n4t,7.31
2zv9,8.05
4qhc,6.7
1n3w,6.96
3mbz,5.8
6huu,7.46
3mxd,8.83
1uwf,6.82
2pe1,8.3
5u98,9.7
1kuk,3.91
3rux,9.28
6fnr,5.59
2xez,5.82
4yur,9.8
3lpk,9.1
3uxl,5.57
4amz,9.82
5d7e,3.82
5jjr,7.8
2v11,8.52
1pwq,4.96
4ob0,5.3
4xgz,7.62
1x6u,3.22
6dil,8.12
2vwf,5.06
4muk,6.6
2w08,3.42
2p3c,7.62
4i8x,2.64
4jyc,6.7
1ywi,3.43
3mxc,6.54
5w8h,4.63
3w9r,6.18
5tzz,7.85
1h4w,4.66
1xp1,9.3
1jn2,4.09
1gsz,7.21
6chh,5.57
2puy,4.52
2phb,9.49
3ot8,8.05
4c38,7.76
4jvj,7.66
5ake,7.82
6drg,6.92
4loi,6.77
1mpl,3.77
3uok,9.1
6jn3,5.16
4gq4,7.66
4zek,5.66
4j04,4.96
5hdv,7.82
3elm,9.72
3ifp,7.61
4ep2,5.35
5w5k,8.3
2rgu,9.0
1lek,8.89
3f34,3.16
4na9,7.39
3e51,7.85
1k6v,6.92
2mg5,6.15
5abh,8.77
1iky,8.26
1j01,6.47
3rw9,5.96
1m51,4.73
5alk,6.6
5anq,5.4
4rj5,7.18
3ka2,6.62
5boy,5.6
2vhj,3.9
5w85,8.0
1swn,12.0
5g1c,6.85
4djy,8.27
5m28,4.32
3n4b,7.02
4uxh,5.96
6hti,7.01
6r1d,5.4
4u69,4.26
3wkd,3.77
5eci,3.8
4f7l,8.0
4auy,7.74
1yds,5.92
1fcx,7.19
3dek,7.57
6e7u,6.92
5z7j,6.6
2qoa,7.28
5lch,4.69
3pju,4.88
4b8o,8.4
4zba,5.51
4rvl,7.38
3v4v,7.38
4oc5,7.07
3o9g,12.3
6d07,5.28
2ydo,7.51
6bm5,5.84
1pcg,7.6
2ihj,4.59
4tkg,6.85
4rr6,6.0
4ngh,7.52
4ajl,3.8
3hha,7.9
4ask,7.22
1kv2,10.0
4gnf,3.35
4cj4,3.36
3kl6,8.46
4jjm,7.57
6ink,6.57
5nx2,8.49
3zcl,8.0
3uvk,6.8
6fi1,2.15
5q1g,3.58
4ty8,2.03
4m14,6.7
2ajd,10.8
4dum,7.02
4zim,8.62
4yv2,7.29
4k8a,4.02
1g3f,6.37
5xo2,4.03
4qvp,6.05
5ug9,8.1
6d1b,3.91
2rny,3.66
6au9,5.96
3l3z,4.87
2bj4,4.47
5gmv,6.23
2d1o,7.7
4pkw,4.65
4url,6.3
5kyk,5.8
6pt3,9.41
1ysi,7.44
6p12,5.95
2w6c,8.41
4g5y,2.77
4e5f,4.82
6szj,5.82
2p33,7.24
6e5x,6.12
3h0w,6.22
3dpd,5.78
1ywh,7.79
6n8y,5.38
5jnc,5.48
5zdp,7.18
2r0h,3.51
2b1p,8.52
1rr6,10.25
6f5l,9.19
4bqy,5.96
3gx0,3.48
5ttf,6.21
6qlp,5.28
3s75,6.82
3rdo,9.85
1lxh,7.19
1g54,8.82
2qx0,6.11
6g38,6.62
5uv2,4.4
3daj,5.54
6mll,3.62
3mta,4.3
3t2w,7.46
5ien,6.52
5efc,4.85
4lkd,5.35
5ddc,7.04
4qvn,5.1
2zg1,2.1
6d9s,5.96
4myd,4.55
5uez,6.01
4asj,7.55
4afg,8.3
3ixg,7.57
4ggz,10.18
6mdu,4.25
5i7y,7.28
2xng,7.22
3lbz,3.86
2fxu,8.15
4iuu,5.65
6fi4,5.66
6ccx,3.15
2p7g,6.53
3g2y,2.0
4qfs,6.05
3ern,1.72
6bix,6.51
2ye9,6.22
3tyv,8.1
4aza,6.99
1skj,5.15
6jap,4.8
3l6f,6.99
5l4f,5.89
3ekx,9.41
1od8,5.1
1ibg,8.55
5ads,5.67
3v30,3.74
4bdg,4.12
6mum,8.41
3cft,4.19
5jur,8.52
2vtj,5.72
5q0s,7.21
3f9w,4.72
5jv2,4.0
5y21,6.47
1cs4,5.57
5hv1,4.1
3s8n,6.21
6f2n,6.7
3uvx,4.34
5k5n,8.05
4zip,9.68
2o22,7.17
3o2m,4.8
5jgb,7.89
4cws,7.92
1k2v,4.44
3fxz,6.89
4zw7,4.72
5qim,11.22
4emt,5.3
3np9,4.4
1g53,9.04
5wf6,7.83
2ybu,6.38
4uiu,7.9
4e5j,4.73
3lfn,5.5
2a14,5.7
2n06,4.92
6cdj,11.7
3btj,5.62
3iit,8.02
1c4v,10.8
1vfn,5.6
5kx8,7.42
6eji,3.52
3mnu,7.32
4i9i,8.1
6hp5,7.27
2q11,6.05
1bb0,8.36
1shc,7.28
4acd,8.31
6b97,6.63
4ciz,7.29
6cef,3.74
4wyy,6.0
2l8r,3.92
3oyq,7.99
2zif,4.37
2p83,7.96
5xvw,5.48
5fnj,2.29
1b05,7.12
4hyb,6.46
1eld,6.7
3ccn,6.92
3av9,3.36
4b72,6.2
5y3o,6.86
1xt3,5.7
6j0g,5.64
4f1l,5.12
4e7r,7.7
5n9t,6.66
5duw,3.29
4k7n,3.48
6nfz,7.8
4afe,7.14
5mxk,3.39
3bar,5.7
2f81,10.52
3wth,6.29
1bji,8.7
5m6u,8.37
3fj7,3.71
5mtv,4.11
3hzy,7.0
5o1i,5.4
3zha,6.0
5nk9,6.14
2iw6,6.85
5wbq,5.83
6b4d,6.11
2o3z,5.7
1mv0,4.03
3mvh,9.3
1okv,6.17
2r9s,6.82
6n97,5.15
4kmz,8.57
4yz5,2.83
1uyf,4.52
2xm8,6.8
6dnp,5.18
3gk1,4.1
1ett,5.89
5cas,8.85
5myx,8.16
3hhm,7.92
4yc8,7.85
6hsz,6.94
6a03,5.25
2y6o,7.6
4dwk,6.22
4z2b,7.76
5q0r,4.57
3mpt,6.6
5kab,4.68
5vyy,6.21
4gtp,7.94
5mwa,6.82
6hop,5.62
4el5,5.37
2xaj,3.77
4zh3,4.4
4qbb,7.52
5w4e,6.46
6udt,10.0
6jaq,3.95
1pxm,7.22
5nn4,1.94
4a4o,8.05
2lsv,5.27
1csr,7.38
3o7u,7.28
1jq9,8.45
5w6e,8.04
1c1r,7.63
3fat,7.64
1mwt,1.88
1tfz,8.15
5nxi,6.66
5cf8,8.96
6myn,7.85
6g02,7.62
6u80,4.43
3cgo,5.52
3ion,8.1
6oxz,9.67
5tzx,7.28
1y19,6.77
6gn1,8.0
5abw,7.77
3oe8,8.14
6jn4,5.69
3q2a,5.3
2vo5,4.89
4wht,8.1
6bgg,4.02
6djc,6.63
4azg,7.1
6joe,7.04
3ejq,8.57
6p87,4.6
6bhe,4.62
4pin,5.4
5mky,5.7
5umw,4.23
5ap7,6.29
3e64,7.11
3wp1,4.85
4p6c,4.0
4kp4,5.17
4fl3,3.82
6inz,5.8
4qlk,3.24
4c73,4.92
5pzm,5.96
5vcy,6.57
2cbz,3.93
2bz8,5.6
3csl,7.22
2rqu,4.63
6evr,8.06
4puj,7.46
6fe5,9.3
5nk4,8.7
3bl7,8.4
5if6,7.23
2jbj,9.7
3zov,7.22
6bm6,4.68
5jyo,8.52
4mqp,4.98
1py2,7.22
4edu,3.99
2mpa,8.04
5w12,7.28
4h3j,7.05
6f8u,6.1
3v2q,6.29
5l8o,3.38
2hiz,6.95
1h3h,6.66
2x4o,4.77
2xu3,6.8
2hj4,5.37
6h9b,5.7
1izi,6.59
2vh0,8.51
4z1j,8.11
5buj,8.3
2bt9,6.19
4b4n,3.44
4bco,6.88
6m9f,8.22
5vja,6.59
6bbs,9.89
2yer,7.7
2mlm,5.21
5ap6,7.88
5jap,6.64
4jj7,6.4
3bb1,3.6
3h0a,7.48
6nzg,7.7
2xc4,8.05
4zyq,8.01
5uwp,5.8
2bvr,3.7
2v0c,5.68
3dla,3.46
4bqx,6.52
2ea2,7.8
6n3y,5.44
6c2r,9.1
5ai4,3.47
5f3i,7.1
3f3u,4.74
4rcp,5.35
5mwz,5.15
1nfs,9.92
5z1r,5.7
6g3v,6.04
6nk0,6.39
5b56,4.54
4i7l,3.99
3hkt,5.39
4dgm,5.92
3o0e,5.74
5z1t,6.2
1czk,8.82
2jdy,4.37
6cd5,6.81
6s9x,6.42
4mga,5.86
6qac,8.21
5wic,4.64
5q1i,6.24
6e7j,9.48
4nwd,5.4
2cf9,7.82
6fvm,6.6
5akh,6.59
4qme,6.52
5dls,8.36
5mes,6.47
2v59,7.74
1fzq,7.62
2ypo,4.68
4ca8,6.68
5yqx,6.96
5cav,6.67
6em7,4.53
4b5d,7.89
2x09,3.76
4cs9,2.1
5m7u,8.1
1ek2,8.2
2y6d,7.1
5vcv,6.82
4ck3,3.57
4hmk,6.1
4do3,4.1
5cuq,5.92
5mb1,6.6
4bcm,6.91
4ua8,6.26
4qlu,8.08
4cg9,6.21
4loj,6.52
5drq,10.92
4uv9,6.01
1xzx,10.22
1oe0,5.16
3iqi,4.41
5xiw,4.96
1my4,6.98
5bnr,6.28
5i2z,7.14
2xuc,4.1
4mr6,6.6
2ica,7.7
2hyy,6.77
3nw3,6.49
2wj1,8.72
6hs4,5.51
2oym,5.0
4yih,4.66
6qab,8.21
5ulp,4.61
1bmm,7.1
3t0m,3.94
5ett,6.23
6hdq,7.0
3jup,5.58
1nhz,6.08
5yc4,4.92
4qiz,8.15
4jyb,6.96
1cka,5.72
3f8w,4.08
6fgg,4.77
3eq9,7.39
4fmq,5.05
5djr,4.86
1om9,4.15
2uwd,8.35
5fum,4.74
2qbs,6.68
4gvu,7.52
6hrw,6.0
5enb,3.11
6hai,7.94
1nxy,7.19
4mk5,6.35
1at5,4.19
6hq7,6.11
16pk,5.22
1ek1,7.77
1ndy,6.17
2qju,4.1
2aqb,3.3
3s77,7.21
6s4n,6.79
1oif,7.72
1nlo,5.47
4li6,6.97
5oah,8.31
4xhv,4.3
3h0j,6.49
5v88,7.55
3hjo,6.52
5kkt,9.0
4r4o,5.82
3qo3,6.9
3hvh,8.52
3qar,6.49
2ban,9.0
3pb9,6.58
3ohf,7.03
5dh3,7.42
3l4t,5.42
3mhw,2.3
1vot,6.6
5eld,2.66
4l2x,7.41
3bym,8.22
3k39,8.08
4aro,6.8
6h7m,7.8
2mc1,4.15
6oqd,9.85
5cqt,6.91
4o7f,4.89
3qem,7.22
4bpj,6.0
2w3i,10.0
6npt,7.17
1w9u,6.09
1waw,7.89
6b8y,9.66
6cyc,7.85
2e94,8.0
2ym4,5.82
1wu1,7.74
5nwe,4.88
4py1,7.19
4rs0,6.0
5fl0,6.46
6d2o,5.3
4ohp,7.46
6f7c,5.9
5htc,6.82
3sc1,4.38
5l8c,7.0
6mo5,9.52
2zkj,5.48
5oh9,3.86
5syn,6.62
6eiq,6.42
2r7b,7.22
2ooh,5.89
1ohr,8.7
3k4d,5.11
6kzd,8.53
4ttv,6.68
1kfy,5.28
3mb7,6.7
6cck,7.43
4kju,8.22
2fgh,6.55
1uxb,2.15
3ncq,5.36
1tl9,5.52
3ctt,6.35
5na0,9.77
1m0b,8.82
1z1r,9.22
3rm8,6.15
6g2m,7.82
4r0a,4.26
2vtm,3.0
4o0t,5.54
6fu5,7.5
3eg6,5.77
3fdm,8.7
3po1,4.02
6imt,6.6
5tb6,5.82
3e2m,9.4
4qn7,9.08
4hw2,7.26
3w8o,7.62
1il9,3.4
3opr,6.59
5hor,8.22
4b5w,3.33
4dhm,3.78
4u0d,4.31
4eym,4.01
6gjd,7.66
4ggl,9.0
5du4,5.25
3kqc,8.66
4btt,8.84
3vbx,4.77
3kry,10.0
4app,7.19
3bxe,5.48
4uj1,6.52
2cmb,7.19
6fs1,7.01
6e06,4.26
3k99,7.22
5w38,7.33
3uil,6.0
1mzc,10.22
3l5e,7.57
4u45,8.0
3rjw,7.57
2r0z,5.47
1ctr,6.0
4qxj,5.9
4ag8,8.96
1jd0,8.24
3tam,8.43
3lhj,9.51
1j4r,7.72
4z3v,8.4
5mro,5.7
6d8e,6.47
6q37,6.36
4dgn,6.46
1zsr,9.82
6ay3,8.02
6gf3,4.84
5yz7,4.75
1fta,6.36
4na4,6.92
4o43,4.3
5l13,6.96
1toi,4.05
6bh5,6.6
3h1x,5.89
2vtq,6.85
5zfi,5.92
1swr,6.92
5acb,6.8
4b7p,9.46
2zx8,9.64
3cwj,8.0
4nh9,6.43
5vfd,6.44
3uhm,8.44
4xx4,7.36
3f6h,4.72
4kip,8.15
6mja,7.85
5hln,11.52
2bkz,8.15
4enx,6.26
6asz,4.72
1uml,7.52
2ayp,8.15
6kla,7.25
6cwh,7.54
4qz3,5.51
3drf,7.0
2rkm,3.9
2byi,6.34
2xf0,4.52
3ow3,6.13
4a9r,7.8
5j75,6.82
6gh9,4.48
2pcu,3.04
2qwe,7.48
2gv2,8.3
5jeo,4.8
5dus,5.53
1nj5,7.3
3mhm,7.0
2y1g,6.15
2hds,2.0
5ddb,7.09
3pa8,5.75
2vnt,8.0
6pi5,6.96
4zji,6.47
4ez5,6.52
4n8d,4.92
3msj,3.11
4p0n,8.66
6gy0,7.32
6dyr,3.66
1ke6,8.24
5o58,6.72
6m8w,6.22
6r4k,5.07
3rl7,4.74
5lgo,8.22
2oyl,6.3
6ee2,6.71
5mxx,7.51
4je7,6.4
3hf6,7.59
1gfz,4.0
5wik,6.21
5o4z,6.07
5kew,6.5
5dqc,7.34
5w5u,7.19
4dcs,5.1
6f1j,4.62
5q0f,9.89
5mf6,4.36
3d9z,8.7
6hv5,6.49
6gge,5.77
3fv7,5.64
5vkc,8.74
2we3,4.43
5c2e,8.7
3mt8,4.55
4w9x,7.4
4ke1,8.6
5qb2,4.15
4f14,4.89
4og6,6.71
2cm8,5.87
3sz9,5.27
5e2k,8.03
4c3k,4.97
6guk,6.15
6h41,7.05
1jaq,4.48
4ebw,5.06
4iu0,5.89
5nxg,8.55
6nem,7.92
3t0t,7.04
4j3m,7.68
3s56,9.62
4dgb,3.89
5uxf,7.06
2osm,6.2
3r0i,6.92
1pf7,10.14
6dq8,6.59
3l54,8.15
2p9a,5.18
4nyi,3.06
5a5z,4.08
3mho,6.49
5fl4,7.0
4b6r,5.85
1w5x,8.4
3qto,4.13
4erk,4.57
5n31,5.79
4c36,7.7
4avg,7.22
6pyr,9.0
4uj2,7.1
1s9t,6.82
6a06,8.47
5azf,4.44
2xxr,6.55
4zt2,8.0
4io8,6.64
6hgs,3.77
3cbp,5.6
2mwp,6.05
1hef,9.0
6c9n,4.78
1b42,4.01
3aje,5.03
4igt,7.89
5f3c,6.05
4p4f,6.77
4f9y,6.74
3eky,9.64
1w76,6.15
4j3e,7.06
4os7,4.62
6aad,2.79
1zog,7.15
4o1b,6.41
3f15,8.1
2v7d,6.59
4zs0,5.64
6eis,6.6
1jwu,5.34
1r6n,7.4
4gj2,8.6
5dxu,8.4
1n0t,4.91
3esj,3.03
4iku,5.75
4o1l,6.7
5he4,7.7
4re4,6.87
3otq,7.39
1z6d,2.34
4y2p,2.66
1r10,3.83
2viq,5.89
6q73,6.9
3d4y,5.7
4ufl,2.64
2avm,5.7
1ysg,3.52
3n2c,5.12
2wey,7.12
4cku,6.82
6sy7,3.33
6ami,4.52
6ee4,6.69
3wig,8.64
6dd0,5.48
6md6,5.1
5fi7,7.4
1gi9,5.22
2pql,7.28
4dpf,6.4
3rx7,6.03
3zdh,7.35
2aeb,8.3
5v42,6.62
4kb7,7.49
4n8e,7.7
3kr2,5.14
5xpo,7.08
3b4f,8.14
3r4m,5.92
5h5s,5.09
5a7j,5.2
4u54,2.06
1tv6,5.4
5g45,3.3
5ygf,6.21
4qtd,5.97
6im6,4.68
5hg7,8.4
3ti5,8.95
4o2c,8.0
5xmu,7.51
3wz6,5.96
1ta2,8.52
2xhx,6.6
3cr5,4.19
3umq,4.62
4jr3,6.66
3bfu,6.27
2xl2,5.25
6pga,4.54
6agk,5.58
3gcs,7.25
4xe0,7.72
3zvt,5.92
5n1v,6.19
2oz6,5.26
4cwn,5.59
1ghz,4.8
3lbk,6.04
4tkf,6.55
5ifu,4.47
5ggl,1.78
4pow,6.3
5cnm,6.81
6uil,7.1
3qox,6.57
6n92,4.97
3g3n,6.29
1jak,5.57
1q72,6.85
1i7z,6.4
2bmc,7.57
5kpm,7.82
3arw,6.15
5fos,5.74
1o2v,5.85
4o4k,3.7
1d7x,8.52
3rf5,5.63
4w57,4.85
4bqh,5.59
3t0x,8.0
3k1j,6.4
1xs7,7.6
1w5y,8.48
1b8o,10.64
1o4j,2.36
5kxc,5.26
1o3b,7.13
4fl2,3.66
6gf9,6.39
6pvv,5.85
3lxo,4.82
6f9u,5.13
5f08,5.52
6hq4,4.65
3lcd,7.4
3q6k,8.37
6hjj,5.77
3r5t,8.58
4hkn,5.96
3tkm,9.0
3a1d,4.12
1bnu,9.7
4l02,7.7
3lco,6.84
5g10,8.01
5m1z,4.18
5cf6,8.09
4o3t,4.37
3lj3,9.03
3h30,4.53
6bib,5.8
3nu9,9.05
6drx,9.24
5lrj,8.72
5ehy,6.09
2pj1,8.01
4loy,8.09
5bml,8.0
5e7n,6.09
1uv5,8.3
4cpu,7.53
5o1b,4.7
3nam,8.46
6ibz,7.66
3kfa,7.6
4dgg,6.1
1xgi,4.85
4pyq,5.36
3kqy,4.82
5dxe,6.41
4iu4,5.0
5aoi,3.03
2wxi,8.15
6hvv,6.67
5am0,5.88
6ckl,3.89
6do1,8.08
5usf,9.16
4zg6,6.33
3cjf,8.2
3rtm,4.42
4yat,5.03
5alz,8.22
3l17,8.28
3ty0,7.08
2ay8,2.24
2srt,6.64
1sw2,7.22
4c1e,7.14
4lte,7.22
6fsd,4.24
4r6e,7.78
5k7h,6.0
2pnx,5.1
2bmv,2.0
3v4j,5.04
1i43,3.7
4hdc,8.92
4amy,10.82
6b4n,10.55
3f0r,6.89
2oah,7.96
4hs6,7.52
5u2e,6.56
4xg7,7.49
4cpy,6.31
6c7x,7.19
1urc,4.72
3rwf,6.52
4az2,7.33
5wcl,4.52
3djv,4.55
3ce0,6.15
2jsd,7.77
6g2l,7.17
4b34,3.14
5nau,7.52
2gg8,4.6
4uwh,8.52
1o32,5.74
5iyy,4.77
2ja3,4.0
1b6p,8.52
6bbx,6.67
5wii,4.49
3c88,6.8
2ly0,4.8
2brg,5.21
4tkb,5.59
6efj,3.32
5o9o,4.89
4trc,4.52
5maj,7.46
5ll5,6.04
6n4b,10.01
3l79,2.46
4dj7,6.3
5t1i,3.92
4avh,7.23
5f60,7.37
4eb8,9.82
3p9j,7.51
4ny3,4.31
2kmx,4.08
2a4g,7.18
2oc4,7.07
5lca,4.48
3rum,5.77
5kkr,6.92
2amt,4.44
6hrx,5.1
4ufu,8.0
4ztn,7.72
6q3z,7.36
4m8t,6.43
6bny,6.4
6mla,4.38
4fri,5.55
3ked,2.44
1q63,5.85
3unn,4.4
1qq9,2.06
1o3j,6.77
2f14,9.19
4f64,7.2
3kku,5.7
4poj,8.1
6hkm,6.57
2zmm,7.6
3o57,10.1
5qtu,8.39
2cji,8.22
4q9s,3.81
2kzu,4.22
5yg4,7.37
5f25,5.04
4xv3,7.92
5m17,3.66
5kbr,6.59
6kzc,7.94
3zev,8.64
6es0,5.65
4bd3,4.54
5hz9,7.03
2e98,6.23
1jh1,4.39
2bdy,7.77
3ax5,5.85
3dg8,4.7
4k63,4.22
3c2f,2.0
3qlm,6.37
6o0k,10.74
4e3j,8.92
4lrh,9.72
4x7n,8.22
1p6d,2.94
5ajx,7.96
2gh9,6.0
1a08,5.62
3mam,4.12
1e3g,9.0
6odz,9.15
1uz8,4.96
2il2,7.1
2imb,4.22
5yyf,6.48
5wgd,7.11
6fu1,5.36
3uxd,4.41
6hay,7.01
2xz5,4.01
2r75,6.15
6gzd,8.01
6guh,7.59
4o04,6.16
4y94,6.62
6hva,6.28
3l9m,7.3
6bw5,8.25
6m8b,5.36
3wmb,5.37
5hfb,4.57
1w1p,2.3
2zx6,10.6
5vlr,8.52
1j4k,4.0
1bty,4.74
6hys,5.59
3m40,6.77
1efi,1.92
3whw,8.22
5eqe,3.88
4huo,4.7
1m2x,4.15
1zfq,7.52
1e6s,3.22
4er1,6.62
3mo0,6.81
2o2u,6.4
4lng,5.62
2yjw,5.12
5wad,8.11
3ms9,5.22
1rbp,6.72
2wd7,4.97
4mbl,8.54
6fz4,5.95
3le8,6.07
5xkm,7.62
5dhf,5.66
5km3,4.6
5dde,7.19
6det,8.22
3ukr,4.92
6g4y,8.82
5ljj,7.21
2qbu,6.19
3fh5,7.06
3h98,8.3
5xva,7.29
5diu,7.37
1qkb,7.35
2fpz,3.96
2o9k,4.11
5ldk,4.17
3zlv,3.52
5ddf,6.17
5wae,6.8
5try,7.8
4w5a,3.77
1gu1,4.52
6f23,8.3
6jb4,5.98
3pj1,7.32
6q6f,3.35
3gcu,6.78
6s89,8.07
2rcw,8.1
4deg,8.22
5lz8,6.01
2uue,6.13
4kmu,7.92
2x8d,6.1
5aer,4.4
5ku9,5.83
3c43,7.72
5x13,5.21
6pyu,8.0
4jpx,5.15
6udu,9.3
5i3a,5.05
6q9s,7.77
1x38,8.77
3km4,8.89
3arb,6.63
1xlx,7.6
2uym,5.51
3i25,8.51
5oyd,2.75
6nzr,9.3
2ohv,6.46
3ig6,7.6
6gch,4.7
6c7b,5.82
4ge5,6.57
3waw,6.24
5adq,5.7
3wcb,7.74
5dxg,5.92
1s50,7.2
4jvb,7.41
3mj1,7.82
6n96,5.42
1y98,5.43
6pge,3.62
4jh0,9.03
5q0t,4.54
3zmv,4.26
5cnj,6.84
5tzc,8.1
6fpu,6.49
5u00,8.7
5kmf,6.29
4rvt,5.72
1wn6,4.68
5j8i,8.29
4tjw,6.02
6bhd,5.03
3avb,4.07
1rjk,10.0
2i4v,11.2
5wf7,4.01
3jzp,6.6
1ec0,8.49
4yh4,4.59
3al3,5.68
2aoc,4.89
4x8s,1.89
3bux,5.63
6npv,6.8
5dgj,4.73
1ca8,9.49
1h3b,6.85
1v2k,6.19
4fnz,7.8
2jk7,7.17
4g2r,4.45
2z5o,6.0
5zr3,7.01
6ayh,5.57
4ofl,7.66
4n07,6.46
6s9c,6.57
4nxq,4.74
6eks,3.84
3hp5,7.15
4bb2,7.07
4ie0,5.08
3fsm,7.0
5up0,6.34
1btn,4.4
3ioe,3.27
6qxa,5.77
1oiq,5.54
5w3i,5.8
5amd,8.55
4hw3,6.49
3pty,5.44
6c5k,7.16
5wmg,8.21
1aze,4.22
5lcf,4.75
1if8,9.64
3kb7,8.15
5mek,5.38
2w85,5.04
4x2s,6.55
4qk4,6.6
1zkl,5.09
1lkx,5.15
1e5a,7.64
5ei6,7.0
3u6j,8.21
2a29,2.85
4exg,8.07
5h85,4.7
4p5d,5.82
2p53,7.46
5djv,7.11
1o3k,6.77
3rv7,4.85
1bux,4.85
1c3x,3.68
3zo4,6.83
4ge4,8.11
2jkq,8.11
6p3w,6.26
1fzk,8.4
4lp6,8.27
1p5e,4.81
4qp1,3.61
1inc,9.34
6bh1,7.22
5cpr,7.56
3wjw,3.87
3skf,8.3
3cfn,5.0
6b1e,7.47
5cgc,9.3
4wyz,4.3
6ary,7.6
6bhi,4.25
5oku,6.26
2i2c,4.7
4ufm,3.72
6ooy,4.66
2ay1,2.29
6hx5,5.66
5zcu,5.67
4e1m,7.26
4edz,8.08
6r8l,6.17
1rgl,4.43
2y0j,7.92
1qw7,3.6
2vtl,4.01
5y94,6.79
3wk7,3.9
6ert,5.23
6bhv,5.23
4k6w,5.35
5ods,4.33
2cvd,6.1
2p0x,6.31
3a2o,9.08
3myq,7.52
2zgx,6.74
6mj4,7.72
3hhk,8.22
3uzp,7.89
4ipn,3.39
3owl,6.17
3b5j,5.68
3ril,3.84
5wcm,4.0
1n46,10.52
6bil,6.24
1ebg,10.82
5hls,7.41
1tsi,3.48
5oy3,4.15
6ffi,8.1
2wyi,4.74
1mui,11.89
2ycf,10.52
4h3g,8.22
1w84,4.46
1qxk,5.05
2wr8,5.44
1xjd,9.48
3ocz,7.46
5a6b,8.1
4yef,5.35
2ork,2.85
1dth,8.22
5xjm,9.37
4oys,8.82
5bpp,4.8
1elc,6.66
3dne,5.22
3ixj,9.49
3bv2,9.36
5u66,3.0
1ykr,6.25
4mnv,4.94
1b3f,6.89
2z60,8.05
3m59,5.24
3hdn,7.2
3ga5,5.49
3ufl,6.82
2aq9,7.3
1kav,5.82
2fw6,2.92
6h4z,7.64
4r5t,6.1
5ap1,7.97
2wic,5.39
3lvw,2.67
1c3r,6.4
1zom,7.52
5ei3,4.25
4kqp,6.05
5tex,6.4
3mww,7.24
5q1e,6.92
4rd3,6.47
3s8x,7.3
1gvk,3.05
3f5j,4.28
5cal,7.66
2h1h,4.52
4xu1,9.49
6g85,5.21
5u7d,9.3
5edr,7.46
4xoe,5.0
2q8s,6.73
6au2,2.3
4qmu,5.89
4fiv,6.52
6s90,7.89
5e0l,6.4
3ttz,8.4
3k4q,5.34
4z16,8.32
1ka7,6.22
1z3v,4.11
4k1b,11.52
2vuk,3.9
4jbp,7.39
6h4t,7.0
3i06,9.7
3zm5,6.74
3cm7,6.57
5vfj,4.7
2r2b,4.2
4deh,6.21
2yol,6.89
5ivv,6.35
3eor,1.4
5ti5,4.39
6hvs,5.23
1ym4,7.41
6er3,3.24
5t92,7.8
2l1b,3.96
4bzs,7.12
5myo,10.53
6iil,6.17
5eom,6.39
4wki,8.3
2y77,6.6
4tky,5.7
6ffn,8.22
6i64,7.31
3kze,3.95
4fxz,7.03
4d8c,8.7
2p7z,6.58
6i76,5.07
2pj6,7.31
4lp9,6.21
1f4x,5.59
5mwo,3.21
1owk,7.63
4qer,7.54
6csf,5.44
3sap,7.59
5fcz,4.2
1u3q,8.46
4odm,6.07
3hy5,7.7
4phw,10.0
3d7f,9.3
5fpk,3.55
4hwp,7.76
6h51,6.87
4fny,7.8
4acf,5.8
4k4e,7.62
6efk,6.8
1ai5,3.72
3d7h,10.22
4z2k,5.78
5he0,6.82
5fsn,5.77
5tg1,5.82
4drn,5.24
4mk8,9.0
3ao5,2.23
2ewp,7.1
1v16,3.87
4gzt,7.77
5y7h,7.73
5l6h,6.62
4n7m,5.47
3ah8,9.82
5ei2,7.34
6eum,6.52
2wo8,6.28
4z0f,5.77
6ha4,3.97
4i7j,3.32
3mna,7.39
2hr6,4.82
3sw8,4.5
1avp,7.92
5k1d,4.68
4eev,8.33
6hth,7.12
1npa,8.7
3w2o,5.08
5eh8,3.1
4kva,3.94
4ewn,6.7
6hoy,4.48
4f6v,5.8
4ly1,7.26
5emb,5.2
4x8u,2.46
5svy,6.13
2fgv,6.12
1rdt,6.7
3pb3,6.22
1jqd,5.16
4yfi,6.3
1bky,3.84
4xek,5.66
4lkj,6.7
5etp,6.15
5uy8,8.3
4f65,8.6
2hdq,1.4
4cu8,4.47
4hy4,8.57
5y48,5.85
3s7l,7.1
5th2,4.52
5jfp,9.32
5etq,6.48
4mgv,7.12
1m7i,5.4
1f3e,6.7
5c7a,3.31
6i8y,6.74
3oqk,6.38
2xbx,7.82
3lmk,5.94
3hit,8.19
4rwl,8.1
5cu2,4.24
4y2t,3.82
3ztx,7.74
5o9y,5.34
4qwk,6.27
5cqu,6.54
5m0m,8.22
2xvn,3.95
1dzk,6.1
3ptg,7.6
4wwo,7.42
2q9m,7.21
4n70,12.0
1ths,7.54
3vfq,5.19
1ctu,11.92
3e0q,5.89
6nv7,7.92
3eqs,8.48
5i2f,6.49
5wdl,6.17
6db3,7.25
5w5v,6.1
4alg,6.3
4zs2,5.49
3pr0,9.54
5g43,3.7
2c3k,7.59
5dtt,3.51
4kin,8.32
2c1a,6.77
4k8s,7.44
6i66,6.74
5ieo,7.0
4wnp,8.1
3cf8,4.9
7prc,5.21
5t4e,5.36
3hl7,7.64
2gnf,5.22
6skc,7.1
5hpm,7.13
4fs3,7.85
1rpj,6.48
4az6,9.1
2owb,6.36
3jzs,8.1
6g1v,7.23
5jr2,7.57
5v7w,7.12
2y56,6.51
3tnh,6.46
5uwf,7.23
5f4r,7.02
5ny3,7.47
2rcx,9.0
4wov,7.14
1uk0,8.1
4zwx,8.7
3n2p,7.82
6gvz,6.4
3wde,6.91
1stc,8.1
3pxe,5.7
3pax,5.0
4jok,4.07
1jld,6.73
3hxb,5.39
3eql,5.3
1ax1,3.29
5usz,6.97
1s39,7.7
5k0c,5.96
1yrs,6.35
5wfz,8.0
4ury,2.22
4euc,6.1
3zi8,5.66
4zwy,8.7
1o9e,4.18
6c3l,4.44
1m7d,6.23
5x54,5.0
1so2,9.57
1fbm,6.22
4i6q,7.52
2uze,4.33
1bnq,9.49
2off,6.52
4av5,7.21
4j3d,8.28
5tri,5.06
1trd,5.4
1qf2,5.92
5nwd,8.0
5dah,5.3
1aaq,8.4
5xpm,7.64
5mgk,4.0
4q06,7.66
3qkl,8.05
4eh6,2.46
3vg1,7.26
4r4c,5.54
4ahr,2.19
4cc6,6.64
4bek,4.39
1ujj,6.1
1nli,3.59
3gus,6.05
6r7k,7.3
3sug,6.21
4ufi,6.2
4kfp,8.0
3t3u,8.6
3gwu,4.71
2w3l,7.52
5yqw,7.51
2w0p,6.52
5mnn,3.84
5aix,7.92
6qmr,7.92
2wkz,8.77
6tl2,5.44
4jt8,7.48
4mnp,7.34
1eol,13.42
6r7r,6.33
5als,7.72
6hld,9.21
5n0e,8.44
6c0t,7.37
4lh3,1.52
2fx6,3.7
4eny,7.05
1g6g,6.28
6eww,5.05
3kqp,3.42
1i6v,5.0
3kw9,9.0
3gep,3.75
5qah,3.84
2z9g,6.15
3gt9,3.96
6qyk,5.55
4mfe,2.27
2jg8,6.3
6np2,6.8
3lw0,6.4
4xkx,9.05
5i29,7.82
6e2o,8.54
3gww,0.45
2zlf,4.51
3qx8,2.86
3qkk,6.52
5hda,5.13
4uiy,5.6
4qpl,7.41
2pe0,7.1
4xv1,8.38
3lpr,5.96
4o2a,5.74
5orw,3.1
2yjb,7.02
6dgo,5.47
6nzk,4.3
4bnt,3.86
1xos,4.7
5etm,5.41
3su2,7.35
6euw,7.77
4lko,8.22
2joa,5.96
2c1n,4.11
1hrn,8.05
2m3o,5.3
4okp,2.7
6n78,9.68
2xl3,5.25
1n1v,3.85
2ans,5.92
6cn8,7.2
1uyi,5.39
1bl6,6.8
6mle,9.0
6bs3,5.82
6gu7,5.81
1ftl,6.0
2oc2,8.52
3vgc,5.51
1xbb,5.3
4zdu,5.77
6hub,8.1
2w8j,2.96
4uxq,7.8
6dxg,4.85
2am2,5.1
4y2j,3.1
3px8,3.64
5ni7,7.7
1lqd,8.05
5zwh,8.72
2rk7,4.05
4y7r,5.03
3v5g,7.13
4mm8,6.11
5wfj,8.89
3nef,5.94
3c3o,4.36
5urj,5.28
3s54,9.64
3rt6,7.15
4e8z,6.64
2fou,7.1
4keq,3.82
1kat,6.0
6hm4,5.67
3bl9,7.18
6c42,8.21
5q0o,7.61
3rdq,9.31
3wtm,7.0
6aan,2.75
4z2o,4.51
2x6x,3.68
4dko,6.52
2wot,7.36
3wk9,4.15
4pde,6.44
2yns,7.6
2c6o,8.22
6gg8,9.1
5ul6,8.22
1ghw,4.2
4mr4,5.94
4ntj,7.36
5ohj,10.42
3rde,7.46
6gfm,5.47
4zvi,6.33
4g3f,8.36
3g6h,8.19
2v88,4.09
5owf,5.8
2c6n,6.88
5mod,3.52
2y2i,4.59
4j0z,7.11
4joj,3.96
5vc6,7.87
5y6f,6.85
4mul,6.21
4txc,6.62
5xpn,6.99
6q30,5.52
3ibu,9.15
2yog,4.51
1af6,1.82
3pjg,3.55
1toj,3.39
1b5j,7.43
4j26,5.44
5ioy,5.22
6g9n,8.52
4zme,4.3
3wz7,5.74
5iy4,4.81
3e0p,7.92
3mxr,4.95
1wax,4.07
2wxq,7.47
2wgi,4.07
2oh0,7.74
2obj,7.3
4jfz,7.15
5wqc,8.96
4uzh,5.01
5ny6,7.87
4anm,7.55
1iep,7.0
4yl1,6.67
4o76,6.89
5swf,6.26
5epn,8.66
3zn0,4.97
3iqg,4.6
6e4f,9.07
2ncz,3.85
2xuf,14.39
3ijh,4.0
2xdm,7.49
2exc,6.63
5tdb,5.84
1r1j,8.64
6fr2,7.92
7hvp,9.62
5uex,8.82
6f3b,6.56
4c4i,7.66
2vio,4.4
4wsj,7.33
4bio,5.12
6qc0,7.24
5xpl,7.7
6dvl,7.96
5da3,7.1
4l4z,5.68
5u94,7.19
6n4e,8.0
1kvo,7.89
3tc5,5.17
4tu4,3.76
1jys,3.52
5ye8,3.0
5yj8,3.98
5i83,5.39
3x00,9.08
1v7a,8.01
6fnq,4.59
4ui5,6.78
3cyu,7.22
4ipj,4.87
3pck,6.7
5yia,5.52
4aig,6.52
3qbn,8.23
2vrj,6.3
5e8f,8.64
2oz2,5.71
3c84,7.85
3hmp,5.49
2piz,6.77
1a61,8.62
3r16,7.3
5vo2,6.81
2a25,4.62
1s5z,3.21
2ay3,3.55
5fqb,6.52
6fni,8.22
3kai,5.41
5h9s,4.06
4dk7,7.7
6esa,4.53
4zuo,6.41
2wkt,4.31
5u2j,5.92
2w1h,7.28
4op2,5.93
5zee,2.8
5mfs,6.48
1zsf,9.92
2qi7,10.21
5umz,7.12
5d26,6.09
4qmv,7.64
6fmk,4.67
1z3t,3.94
6o9d,8.7
1z3j,8.0
4k43,6.88
4oc3,8.28
5o1g,3.94
5jf1,7.19
5d6j,4.44
3hzk,6.7
4p7e,4.76
2n9e,5.05
4i6h,8.3
1azg,4.8
6dzq,7.37
5bqs,5.64
5u6v,7.68
5ix1,6.31
4tln,3.72
6hh5,4.27
3ip6,6.6
5etu,3.89
6cwf,7.54
6dry,9.43
5k4j,7.11
2q89,6.3
1e00,6.1
2q1j,9.1
2fr8,3.15
6dhc,7.96
2epn,7.22
5tyo,8.21
4qkx,7.07
3zxv,7.31
3bum,6.49
4qwu,5.51
3poa,7.0
5d7x,4.82
5e88,7.19
6g98,6.15
6c8x,12.3
2q7m,8.8
4d1c,5.7
1ox9,5.21
2hoc,9.52
5vkf,4.77
4bde,4.8
5tyk,7.65
5ytu,4.92
2c97,6.14
4ara,6.05
2j4z,7.19
3i7b,7.18
4ty6,7.52
6ng0,8.19
1bq4,5.22
5fqv,6.21
4c1y,3.6
1oz0,7.7
4whr,4.12
3fxw,5.96
4gfo,6.62
2ggd,3.8
1bzy,8.34
4cff,6.4
2wfj,7.15
3pjt,4.88
4c5d,5.4
3w37,5.18
6mkw,4.77
6qi4,4.37
3fq7,2.52
1czq,4.54
4eoy,6.49
4umn,7.2
4ptg,8.23
4mp2,5.45
6h7b,7.48
1ela,6.36
1b11,7.39
1r17,6.42
1a99,5.7
5v40,5.8
1w70,3.7
1ouy,8.37
1ayv,8.0
3oxi,5.66
5nkg,7.68
4jju,6.29
4znx,6.62
4fzj,3.15
4hy5,8.89
1w6h,9.3
5hu1,8.66
5j7p,7.28
1rsi,4.42
5hlw,7.64
6eqs,6.43
3oy3,7.45
3hqy,7.94
1gi6,6.22
3qxc,5.77
6p7q,5.36
5q0u,6.76
4gvd,4.57
4pqa,5.55
3vw7,8.1
6e4c,9.92
5isl,7.28
4mnx,4.75
3hfv,4.87
5d75,6.7
6s07,7.4
4ayp,6.12
3qd3,8.0
6qtq,3.72
6o1g,9.0
5alw,5.15
5mi3,6.84
1pum,3.05
185l,3.54
4wf4,3.11
6i67,6.7
6kdx,6.53
2qaf,5.36
4g69,5.98
6g3y,5.89
4yxu,7.24
5xzr,5.49
5qj3,7.62
1zpa,8.4
4qab,9.7
2xfi,7.82
2i19,7.8
5k6a,4.51
3suw,4.7
1br6,3.22
2h13,5.35
5ijr,3.2
1w0z,7.68
4bak,8.91
3wf8,6.63
2aez,2.46
5lvn,4.7
4j59,5.85
4fmu,6.44
1zvx,9.22
1pg2,4.96
3bu6,5.89
4zzx,6.9
1hlf,5.64
6c3u,5.4
1gsf,5.0
3grj,3.0
5igl,7.37
5ewm,7.92
3vvy,4.84
6htc,5.96
5hey,5.66
3lc5,6.57
3kec,7.24
2v2v,4.07
6c6o,8.3
4clz,4.37
2d3z,6.64
2ms4,4.82
4kww,5.55
5fni,3.48
4j8g,4.19
1ndj,12.16
4hby,5.36
2hd6,7.8
4g19,3.58
5jh6,8.48
4eu3,0.82
6njz,5.01
2jk9,6.82
5uv1,5.62
2oa0,6.92
5owh,5.92
2nsl,4.68
5zxk,5.48
5mkz,4.7
1ec9,3.1
1ydd,7.07
3lc3,5.23
4mka,9.0
1wxz,8.07
1bzj,4.66
2vqm,6.01
3dz2,4.15
1qbs,9.47
2c1b,6.4
1jjk,11.06
2ctc,3.89
5t2p,5.72
5u6d,8.59
3mz3,7.83
3uo9,7.1
1pph,5.92
3dzt,7.22
2yfa,5.07
2nm1,7.47
5fwj,7.89
3lq8,9.4
4ryl,7.28
1a1c,6.4
3g19,6.67
1avd,15.0
5dhu,6.3
5lz7,6.28
6oac,7.95
4rme,5.92
4und,8.96
6g2b,3.8
2osf,3.83
2j50,7.89
6mey,3.32
2ydt,5.52
3uo6,7.82
3mo5,6.87
5q0w,7.24
5qam,4.0
4ci1,6.6
3k54,9.0
2qrp,6.2
5fbe,4.85
6jut,8.68
6cvf,6.35
4eh5,3.09
5i3x,8.1
4eg5,8.1
5osk,5.6
3bki,5.12
5zni,4.39
5q11,5.14
4wvl,6.88
3sgv,4.46
3p8e,5.15
3vhu,7.31
6qw8,6.4
3s73,8.7
2vx9,7.44
5u51,4.92
6elo,6.29
1x7a,7.89
2z8e,8.0
1pip,5.0
5nfb,6.11
5lwm,8.87
13gs,4.62
2e7f,6.1
5w44,6.44
1doj,8.96
2glm,5.37
5nze,6.39
1dbk,8.1
6ps5,8.43
3h85,5.22
4d88,7.31
4ban,8.61
1qji,4.85
6skb,7.7
5klp,4.64
4yc9,8.89
5f1r,6.0
3vb4,4.31
6itj,7.97
2g8n,7.2
5j7w,4.89
4j93,4.7
3dhk,7.33
4j3i,5.74
1fkn,8.8
4wop,4.76
3mke,5.66
2wp1,3.6
3dx4,7.12
6hdn,4.3
4p4e,6.74
1aqj,6.47
3v2p,6.36
5nsx,6.4
2hug,5.97
6e0r,7.7
6max,4.87
4cwq,7.06
2vzr,4.28
4k10,6.92
2rcu,6.68
5ad1,7.24
5nud,7.49
5g2b,7.0
4hlk,5.96
6hcw,6.89
4mbf,5.77
3o9v,7.74
6dcg,8.15
2uwo,8.7
2jbo,8.07
6c3n,2.49
2waj,6.4
5wo4,10.0
6nng,4.23
1hbj,8.52
1kwq,9.21
6d8v,5.42
5ug8,8.7
1sri,6.08
3doy,5.82
4h4m,8.52
5f1v,6.85
5tpb,2.59
1sqc,6.85
5aqg,4.51
6g8i,5.17
6cdg,5.72
6k0j,7.89
1k1l,6.9
1oim,5.32
4hz5,5.92
3aox,9.08
5hmi,7.82
3lzs,10.96
5nhj,8.27
3g72,9.1
6n5h,6.45
1g1d,9.44
3pa3,9.0
3r0y,4.84
2r3m,8.0
5qqp,8.28
3phe,7.8
4ezr,5.2
6c2t,9.05
4yv5,6.22
4a4w,7.72
4zec,5.82
4ysl,5.8
1o7o,4.49
2z5t,5.62
3lk8,7.71
5zz2,8.85
6mrg,7.55
6hqy,6.44
6ql1,6.48
3q0z,7.7
6o6g,6.52
2hd1,3.3
3ooz,7.85
1ydb,8.24
1tka,6.1
2xp2,9.0
4qga,7.92
4ie6,5.55
2qv7,3.66
1zz3,6.54
1e8h,5.68
5l8a,4.91
6sze,4.1
5dit,6.15
6apt,6.05
6g9m,8.1
5hvy,7.76
5ndd,6.46
3fc2,9.06
4cwr,8.3
5za7,5.87
6plf,6.67
6j7e,5.04
4x48,6.77
4egk,7.72
6gjl,3.86
2bdl,7.82
5sz6,7.0
1kmv,6.95
3hxf,4.96
4dds,5.01
5b5f,5.25
4aoi,8.4
1iau,7.1
4hy0,6.7
4dma,6.19
4wwp,6.92
1caq,7.72
3f7z,7.19
3dkg,5.0
1hp0,6.7
3ud9,4.67
4my6,5.62
2oax,8.65
4ivt,6.0
5olb,7.89
5fdo,6.44
6ten,9.77
2gqn,5.35
5gj9,4.99
5wf3,5.85
5tg2,5.49
2jt5,7.74
6djd,2.14
1jrs,6.4
5or9,4.06
5jar,5.7
5v3x,6.59
2vcx,7.68
6b4u,7.68
6s8a,8.07
5c7c,5.26
6c91,6.19
2uzn,7.52
6exm,5.52
2vpe,4.94
1dhi,7.26
2p0d,7.0
1kc5,7.0
1l2s,4.59
5vr8,6.87
1fpy,6.0
3q2h,9.16
5mhp,7.82
3r9n,5.85
5ij7,8.51
6hkn,7.29
2ym7,6.89
8hvp,9.0
5tgy,7.35
6nzh,8.8
1npz,7.89
2fum,6.1
1drj,7.4
6d1a,4.35
4do5,5.83
4zl4,7.86
2j6m,7.96
2m3z,6.57
2f80,8.18
6bmi,5.05
6fnx,4.9
4rrq,5.47
4m2v,7.44
2g9v,5.92
3zcz,6.77
1pau,9.46
6irt,3.81
3efr,5.08
5mgf,4.27
3kaf,6.08
4de5,3.15
4b2d,3.7
6esy,5.59
4rqi,4.91
4a7b,7.4
5u0g,4.58
3puj,4.51
6oyh,6.98
2b1q,1.59
6nkp,6.52
4x0z,3.15
5oq8,5.85
6d50,5.05
6ex0,4.03
5jv0,5.96
4knn,7.78
1ztq,8.89
5o7i,6.09
3r2f,8.85
6p8a,3.59
4kn1,6.84
6fyi,6.7
5wxo,3.68
6cfc,3.68
5kgx,4.8
1fpc,7.0
2j9n,4.7
6a6w,5.43
3p9m,5.0
5dcz,9.3
6poq,2.57
4a9u,7.22
3rni,5.17
3jsi,8.68
1wbt,6.47
4xm6,4.05
6jaw,5.66
2wih,7.35
1axr,3.27
3olf,7.7
4ux9,5.1
5cte,7.8
2hmb,5.59
1n94,8.96
4alv,8.15
4jsr,8.4
3ipb,6.7
2wl0,7.8
5he7,8.3
4kzl,6.15
6q4q,6.82
5dia,10.46
4qnu,6.4
2azr,3.64
4cjn,4.76
4mww,3.67
4no6,6.11
4s2i,9.0
4nym,3.55
6p89,5.01
3sut,7.85
5ccl,4.77
2xaf,4.64
5d9k,8.4
1fq5,8.4
2igv,2.23
2gkl,5.35
2qoh,7.7
5tpx,6.55
2b1r,1.0
4d0x,8.1
6n7q,5.15
6bfa,9.0
5lp1,9.4
3c4c,6.8
5bvn,8.82
6pf6,4.74
4s3f,6.24
3cic,8.52
5nn0,10.96
3r5j,6.96
4oeg,5.05
6duf,8.14
6bfx,7.1
5vkm,3.55
3g2l,3.87
5t2g,8.1
6pvs,8.17
1j16,3.84
5j59,7.3
5gu4,5.47
4xkc,5.87
2ha3,3.03
4tpk,8.57
5dnu,4.11
3ogx,6.48
2c8y,4.0
3bgc,5.02
6atv,8.22
6fex,7.54
4qjw,7.8
2yb9,9.22
1dgm,5.05
6b5j,7.1
5np8,4.62
5kz0,7.66
4heu,10.01
1e1y,5.6
2w3k,10.1
5npr,4.9
4b7j,7.95
3rwg,8.55
3cf1,6.64
1owe,6.2
3rt4,8.8
4p6w,9.15
1li6,3.8
3ddu,7.4
2csm,4.3
6qzh,8.52
6jjz,8.64
2nta,4.8
5ihc,7.89
3t3g,5.49
1v2u,3.37
3tgs,5.39
6qzb,6.47
3shj,7.47
3rsv,9.15
3ryy,7.42
3mb6,7.0
3max,6.05
3ole,7.83
5fsc,2.36
3kyr,6.72
4ysi,5.7
3imy,9.7
3vbd,8.07
4muw,8.01
4std,10.33
2xiz,3.89
1gi4,7.19
4fem,4.06
4at3,8.4
2ewy,6.15
1aj6,5.92
5cf4,7.4
2w1c,8.0
3uat,6.66
4ded,7.42
4kb8,7.89
1c3i,5.8
6eb2,6.32
5tzw,6.01
4pp5,7.74
5al2,6.44
3t82,7.0
5svx,6.19
1z6s,4.34
6cv8,3.17
4ozl,4.97
2y2k,5.16
2j9l,4.0
2dri,6.89
3udd,7.1
5win,7.03
1zxv,6.1
5alg,7.52
1w10,7.55
5dyt,7.6
4ezo,6.52
5nx9,4.6
4qll,3.38
4b13,5.7
6d17,4.82
4bh4,1.49
4ca4,7.18
4k19,8.36
4j48,5.62
2zmj,7.52
6c5q,6.66
3skh,6.05
3src,3.89
1kf0,2.55
6t6a,6.7
5gid,6.11
5qil,11.52
4g0a,7.6
4og3,6.55
5ew3,8.92
3b8z,6.54
4bfp,7.82
6hgf,5.02
3l3n,8.18
2r2w,4.47
3ftv,2.93
5jk3,8.14
1m0o,2.31
2j4k,4.85
2gfd,6.28
3pdc,7.49
4oon,7.52
1n8v,6.03
1m48,5.09
5d6q,5.24
3i81,7.89
5huw,6.23
4q0a,6.48
5wg9,5.59
5qb1,4.7
1xxh,6.11
5eek,9.1
4q1e,8.17
5u7o,7.14
5htz,8.62
6qmt,6.92
4emf,7.08
5ave,5.44
5t1a,7.89
4fcb,8.54
2j4a,10.6
5gn5,6.98
1bq3,5.4
6o9x,6.05
4eoi,6.05
4zyv,7.66
6d5w,4.2
1ke0,5.38
1v2l,4.29
4m5j,4.84
5c11,6.47
5m25,8.19
5mar,4.39
2i4z,5.7
6g25,3.52
4iaw,9.63
2ri9,3.22
5egu,5.85
5mw4,11.7
4cp7,8.11
4lm4,3.04
5vqx,6.32
1xog,6.39
2qci,8.34
3r93,6.51
1xp6,9.4
1bzf,8.3
5lsg,5.4
4zz2,8.04
4ztr,8.3
3cvk,8.0
5t6j,4.93
6cse,5.6
3jzq,6.96
6gu2,5.8
5eyk,8.52
3bh9,6.93
2wzz,5.4
4qvv,5.15
3iob,3.42
2ykj,6.21
4fqo,5.16
4cwb,6.09
6gg5,3.65
5es1,8.34
3pj2,5.14
5ypp,4.64
6b95,5.15
3qrj,8.4
4bs5,8.22
3ccc,8.1
4o4y,7.81
1t4e,7.1
6css,7.6
7cpa,13.96
2ito,6.91
4uv8,6.47
2fie,5.46
6cd8,4.71
4ibg,3.97
1h9z,5.42
6dgt,7.38
4k2g,7.7
1n4k,10.05
1jq8,6.0
4c5w,5.48
3m1k,5.39
1u33,4.6
5qck,7.64
5gmm,4.54
2xeg,10.7
4xqa,4.99
4x69,7.66
3ava,4.4
4wko,9.47
6i14,5.82
4gq6,7.28
1t5f,4.22
3iad,9.0
4qz6,5.53
3tkh,7.33
1ro7,3.18
4erq,7.12
3bwj,6.5
1pk0,7.57
2qo1,5.57
1lee,7.74
1efy,8.22
3hzm,5.52
6dh7,9.88
4oc0,6.5
2uxi,7.3
4m3e,6.25
3fc8,5.39
1gzv,6.57
5q0d,9.0
4d7b,7.68
1oit,8.52
3tu9,5.12
1thr,5.38
5k0t,5.78
4mz4,7.89
6ode,8.1
5qa8,3.77
4d62,2.44
4mwe,5.91
4igk,4.55
5tpc,3.0
3diw,6.72
4bdj,5.14
5osy,7.37
3ft4,5.93
4pl4,5.27
3gxz,7.89
3ma3,7.22
4eh9,2.26
2q8h,3.0
2aq7,3.3
6fgf,3.96
4pvx,6.76
6dvo,7.22
5var,4.09
6nzt,10.2
1e2l,4.29
1i8i,7.66
6uhu,3.4
2bo4,4.61
2gg2,6.6
4o0a,6.72
5mwj,7.61
2xb7,9.19
3qt6,5.37
5y93,5.64
3g4f,4.52
4g55,4.92
3qqa,5.82
4ncg,7.96
6np4,4.44
3i0s,9.0
1qkn,8.47
4mc6,9.59
1n95,8.92
5yhl,7.74
4na7,9.7
5tz3,6.85
4qws,6.5
1fhr,4.0
1f92,6.19
1erb,8.1
1akr,9.09
2h03,7.05
5eou,5.36
4lhm,3.39
4io6,4.82
4yhq,8.77
3bqc,5.73
5htl,6.3
3qi1,7.66
4hwb,9.24
1rxp,7.14
5mih,4.19
4xtz,9.82
4ocp,6.1
2o9v,3.54
5jga,8.64
4ovh,4.85
3kgt,5.51
4e3f,2.52
4kio,6.3
2qd8,9.07
2xp7,5.77
5lpl,4.92
1v2o,4.73
2za3,3.68
5z9e,3.48
1jk7,8.52
4kiq,7.64
3sfc,8.52
4qp9,7.15
2f1a,3.14
6bj3,4.77
6fac,6.75
3ppo,5.3
4gj7,6.77
3cho,6.55
1inf,5.0
4iho,5.1
6oiq,6.57
2r3n,7.15
4jbs,7.96
6avi,5.71
5ftq,8.0
5lom,7.13
5al1,4.28
5htb,6.77
4mm4,6.37
3u4w,8.4
4ezy,5.65
5goe,4.34
3ekp,8.89
4li0,6.59
1ind,10.05
2pvl,7.62
5td2,8.66
3sov,4.21
4mib,9.7
6gj7,6.06
3pkc,6.02
3rq7,7.77
1zsb,0.6
4ktc,9.0
2w92,4.55
5ak5,7.07
6qlq,4.51
5eyd,9.0
5nfh,7.74
4csj,8.31
1mh5,9.21
6rvl,5.94
2i3h,7.4
4ob2,6.3
6fug,4.3
3rk9,6.28
4q3u,6.44
2uw3,4.1
2w1e,7.92
5nhf,9.49
3as0,4.55
3hac,8.17
2xnp,6.44
5x33,8.49
4pgb,7.48
6qfh,5.86
1tsv,4.8
6fkq,8.0
5csp,4.24
5xhz,6.49
4o15,8.7
3pka,6.27
4yll,6.92
2mwo,4.7
5vlp,6.08
2y4a,4.38
3afk,3.6
4wks,2.7
4aml,2.1
5wfd,4.58
4kjv,7.74
6maj,7.47
2vvt,5.24
2x4s,4.2
2reg,5.64
2l6j,6.26
6rni,9.4
6bw4,5.5
4pp3,7.82
6gcl,4.47
3qc4,8.7
2y8c,6.4
4fcd,9.55
5faq,5.28
5dy5,6.79
1qwe,5.92
1aj7,3.87
5kly,7.21
4prp,5.66
5vse,5.97
6d1j,4.25
4efu,6.6
4ra5,8.4
5mat,6.24
3u10,5.44
3bra,2.7
6cw4,2.82
6b2p,8.89
1p05,5.96
2xk1,5.74
5wbm,4.7
4yay,8.54
4g3e,8.38
4wlb,6.74
1pwp,6.3
6dq4,4.92
3che,5.29
3zzh,3.36
1d6w,5.96
2rjp,7.0
5dk4,8.7
2zlg,5.59
3b2w,9.22
5j9f,7.23
4elb,8.3
1h2t,7.89
2r59,8.19
1rzx,4.1
3te5,4.91
5h8b,11.31
6ela,7.59
3kdm,7.0
2i4p,5.7
3ly2,8.3
6c8c,6.38
5chk,5.39
4nbn,4.36
3mkf,4.77
2o0u,5.49
4nat,6.48
6nj0,6.61
6fjf,8.17
6ixd,9.8
1g9r,5.7
2a58,4.92
5c0m,5.85
4zyr,5.7
5fxr,7.42
4gsc,5.85
6prg,3.7
4zga,7.7
4jpy,4.43
3ry8,3.34
6ek3,6.48
2pyn,7.57
4jkw,4.16
5tfx,7.22
5k4x,6.42
6cvv,4.12
2q80,4.6
4osf,5.44
6euv,8.62
1idb,7.96
3ex6,3.66
4w9s,6.82
4j06,5.34
3gwx,5.4
3g5k,9.52
5tq7,7.67
4qqi,5.52
2r1x,4.8
5u9d,9.26
4nxo,7.22
1u71,7.48
3zrc,5.27
3ctr,5.16
5i40,4.86
2r6f,8.0
6me2,9.37
4wa9,8.42
3dz5,8.15
1p17,2.82
4xir,6.94
1sw1,7.3
4lm5,6.82
4h75,6.6
5vdw,4.0
5d48,7.52
5mlo,5.32
5alh,7.07
4hiq,8.21
3o9c,12.05
3fqs,7.39
3fhe,8.6
4m0f,8.77
4msa,3.3
4cfl,5.88
5cst,6.96
4h3a,6.29
3ho9,6.1
4np2,2.26
3pz2,6.14
1m2r,6.46
2hf8,5.47
3vje,8.01
2q70,8.08
4iks,5.14
1sm3,4.62
3iw7,5.64
4cxx,5.68
6gjb,8.1
6hvj,7.55
5wip,4.71
3eml,8.74
3bhx,9.15
5fjw,5.4
4non,5.24
1ndv,5.92
3hzv,6.52
6i74,5.47
2bqw,8.52
5zdd,5.75
1i90,8.89
5j86,8.26
2rip,7.19
1mmq,7.52
4k6v,4.63
3n5j,5.22
5un1,5.8
4zfi,6.3
1jif,6.2
3a5y,7.96
1dx6,6.19
4xy2,8.1
6dim,2.14
4o0j,4.89
5ka1,4.48
6b59,8.09
2ay6,3.11
3uoj,7.29
1j4q,6.44
4ii9,6.03
3v2w,7.11
2rc8,6.52
5bpa,9.0
5c4o,8.21
5a3u,8.32
2ylq,4.3
5ulg,6.72
5ai1,6.47
2qtr,5.49
4lts,8.36
4nbl,6.33
3zt3,2.86
3i6m,6.46
2pmc,4.19
5hg8,8.52
6q7v,5.59
5izf,9.74
6dzy,5.52
4qyh,8.89
5fjx,4.96
4y6p,7.16
3hau,6.38
3rpy,5.32
6eq6,4.82
3cd7,7.84
3nga,8.0
2yc3,6.85
5ajp,5.3
1ggd,5.8
5fqp,7.72
5tzy,8.7
4mg7,6.36
6prf,8.6
2ycs,8.87
2f4b,7.3
5qby,7.4
4cjr,3.1
1jeu,6.82
5i0b,5.06
2gfk,4.52
4ogv,8.05
5kr0,9.15
1p04,7.4
2qcd,3.4
3l5d,4.11
6b5o,8.33
2bv4,3.22
6gla,7.57
2psx,5.77
2h2h,4.98
4kz0,5.38
5am1,8.52
3g0b,8.15
5lzj,3.9
2oh4,8.46
6ct7,7.0
2j2u,7.33
6e3p,8.7
6gw1,5.14
4u6r,7.85
1d4i,8.85
2gzl,4.82
2baj,8.4
1tq4,6.19
1cgl,6.87
5d3n,5.04
5em6,8.4
2xp4,3.74
3qtf,6.96
4wr7,11.7
1dqx,11.05
3mrx,3.39
4ge1,6.43
4ctj,2.51
2q8y,3.99
2qn3,5.36
4ejl,5.14
1fq4,6.4
3gc7,9.22
4fhh,7.46
6d3g,4.7
1d6v,6.17
4fyh,4.85
4bcg,8.15
5alj,5.56
4whh,7.4
6aud,6.22
3rz3,5.76
5fi6,7.52
3ob2,4.59
1y91,7.23
4w9w,7.48
4lnw,7.04
6qm7,6.8
5v3h,8.3
4wtu,9.52
3czv,7.8
6bky,6.57
3g0f,7.66
4ufz,6.31
1w1g,7.68
5vcz,6.35
3lce,3.81
6rnt,2.37
5knr,5.85
4i9c,5.51
3iiy,4.8
1wum,5.29
6m95,6.85
1yid,5.0
4bcq,6.83
5vzu,5.57
5uc4,6.46
3oim,6.74
3zmi,5.95
3tdc,8.27
2y57,6.89
3cyw,7.77
1akw,8.59
4b1d,7.49
4h5d,7.55
1j7z,7.7
6mt0,10.3
3s1y,6.22
5etr,6.52
3igb,4.42
6c7i,9.42
2wmx,6.07
5aeh,7.43
5kbf,8.92
3nij,4.89
6r4s,6.39
3so9,8.56
3r2b,8.4
5iua,8.82
4ayr,7.0
4tju,5.44
6gxu,3.74
2pzi,6.1
3g08,8.16
4xe1,7.11
3p8h,5.3
6n77,9.24
4ycu,5.48
1r5h,6.74
2qzx,8.22
4u0b,4.3
5zae,6.81
1oh4,3.74
2g9u,6.08
6f8v,4.8
4ie5,4.82
6rr0,7.15
6pf4,4.8
3o9d,10.72
4h3f,9.0
6hzx,8.38
3nu6,9.3
6fzp,6.42
3f33,3.34
3iop,7.77
5nw7,5.77
4lwv,8.22
2cgv,4.56
9hvp,8.35
6f3e,7.15
2r5p,8.48
5btr,5.14
4p4d,5.74
1ga9,7.08
4e3k,9.1
2ddf,7.39
2ria,2.57
3r5n,5.78
3jyr,5.54
3rtp,8.15
3d2r,5.48
6dha,5.68
6d18,5.85
3v01,7.6
3ft2,7.36
3h8c,7.72
1ui0,7.06
6mln,7.54
1sps,8.52
1n4h,6.55
3d20,8.3
2zwz,7.79
1no9,7.62
2vex,6.74
4gr3,7.81
4uat,5.89
5csz,7.77
5qik,7.66
4em7,5.11
5tg5,4.01
6f5h,7.05
5vad,9.12
2uy5,5.49
4u70,5.02
3zlk,5.88
3ove,6.57
6ssy,3.19
3nyd,3.48
6ajz,4.34
4urm,8.05
3ffu,6.44
1ld8,8.46
4rse,6.4
2qrq,5.1
4mmm,3.82
1w82,6.71
6fiv,8.08
5ez0,5.8
3kr0,4.7
6arj,7.6
5t36,7.37
6izq,5.5
1q54,5.85
6k05,6.56
5est,6.52
1afl,6.28
5ybe,6.24
4hwo,8.54
1hsg,9.42
6mnf,5.89
5ku3,4.89
3qai,8.1
3ibl,7.84
4jze,8.15
1bn1,9.34
5jg1,8.72
6bik,8.19
2q54,9.01
4gu9,4.37
4c1h,4.09
1l2z,3.69
6ibx,8.7
2c02,4.04
4zy4,7.66
6dyz,9.2
4xg3,7.76
6c5t,6.97
2p59,7.3
1b6h,7.82
1noi,3.15
2l6e,6.0
5a4e,6.4
5sz0,9.1
4m8y,9.96
3u8j,8.51
3tpp,7.82
4y6r,5.48
3hbo,5.09
3ckb,2.98
3b3s,2.55
5hi7,7.85
4os2,6.7
3mdz,9.1
3dri,4.42
2ha7,3.36
6rpg,8.52
5apj,7.4
3f8f,6.63
3vd7,4.48
4mq1,7.92
6bfe,5.85
3aig,6.0
2i4x,11.72
6bgv,6.74
4r1e,7.28
5e8z,5.91
1j5i,3.64
5xxk,8.2
4zh4,4.22
3k0h,4.6
5z1c,2.86
2c8x,6.66
6eif,6.98
2w10,6.77
2bdj,9.35
2o4r,9.4
4ap0,8.0
1bxq,7.38
3b1u,5.72
1epp,7.16
4l4v,5.78
3hwn,8.7
2pax,6.74
4q1c,8.7
3wto,6.92
1uho,9.22
1rww,8.3
4zxx,8.1
2q92,5.96
4ew2,6.68
3lm1,4.7
2ylo,4.88
1k1n,6.82
4bt4,3.34
6mli,2.43
5qaw,3.4
5m4i,7.89
4rj7,7.66
2ykb,5.96
2fjm,6.85
5fwa,4.79
2pbw,8.25
3owj,6.07
2b52,8.1
5q12,5.33
1f40,6.0
5o1a,4.52
4bup,4.95
3vv7,5.34
1sdu,10.07
6ijl,7.93
3t08,3.04
5eei,9.22
6g9d,8.37
6md0,5.9
6p85,4.99
1z5m,7.52
1l6y,3.66
6cdl,10.92
5w4v,7.15
5nhp,7.64
2vw1,3.52
3pb8,5.24
2znu,8.11
1f5l,5.28
4aaw,6.3
2xht,5.96
5am5,5.74
4bt9,3.84
4gee,9.0
3buf,3.1
2pow,7.2
4lps,5.74
4yz9,7.7
4b6p,7.13
1om1,6.77
1fkf,9.4
2ohm,3.51
5mw3,6.62
4is6,6.2
2rcb,6.79
5cep,6.84
2xui,15.0
5tur,6.05
4c72,5.09
2hdx,6.26
5lgr,7.09
6nao,6.7
1iih,2.89
3o4l,5.09
5ggk,3.54
5e89,7.85
1tnk,1.49
5exn,7.64
4igq,4.52
1los,7.19
4oeu,7.66
5hlb,4.01
2flb,5.74
5hbj,8.64
6pml,3.09
3zep,7.66
4mm7,3.63
5ntp,9.15
6qae,8.52
1obx,5.72
6u8b,6.37
1siv,8.08
5neb,7.77
5jek,3.98
1al7,7.8
5ccm,8.4
2c1q,13.0
6bod,4.26
4yv9,6.4
5t19,4.49
1lt5,2.7
5ct2,2.92
2x2l,5.28
4ljh,4.71
3zps,8.3
3suu,8.52
4u6z,5.41
5kzq,8.28
2z94,5.85
2n27,6.55
6mt6,3.88
2r4b,7.18
3b82,4.43
3m5e,7.37
5idn,8.59
1u0h,6.96
1szm,5.53
2zas,7.86
4nuc,6.04
3lxl,8.3
1k06,5.34
2xwe,6.02
3kyq,4.22
3l3m,8.22
5g2n,7.03
2pj9,7.92
4e4x,8.15
5z89,6.71
2b55,7.02
6e1a,8.85
3gbe,5.0
3wci,6.57
5kma,4.71
2hmv,7.7
2hob,5.72
4bi0,4.23
3ioi,6.28
3uo5,7.41
3rxe,4.76
5cxz,6.26
4llk,3.0
4a0j,6.0
2w6m,4.67
1ct8,6.52
2h42,8.62
5cs3,2.15
2wyj,9.0
6ocq,6.7
3twv,4.76
1fo3,6.7
2vmc,2.94
5vqw,5.7
1bsk,4.12
4ok5,4.51
6bj2,5.4
5xvk,5.05
1ouk,9.89
4qp6,3.46
3ce3,8.74
2etm,6.67
4ui8,7.6
5bs4,11.0
5q0h,7.92
4bcp,6.25
3frz,8.15
4j1p,7.05
3zm9,7.42
4dem,7.55
3qxp,7.7
1pfy,8.15
4ms0,3.39
4f6w,7.52
2brn,5.26
6mom,9.52
2ff2,8.21
3wv3,7.62
2tmn,5.89
1azx,9.4
3el0,7.47
1axz,3.2
5iq6,5.26
1k03,6.0
6psb,4.1
4ks1,8.82
4pry,7.7
4rak,7.85
3vhc,8.89
4oya,6.44
2ajl,7.89
4j1k,7.89
4jfk,6.44
5d0c,5.63
6pka,5.92
4oq3,8.1
5xag,5.46
1a46,5.7
4p2t,5.43
5a3w,5.82
3ieo,6.48
5nw2,6.49
3lpt,4.91
1wdy,7.89
6dtn,6.8
6dpy,4.1
2vr0,4.42
1h0a,5.44
5v6u,2.26
1zfp,7.59
5wh5,7.19
6g6t,7.7
4itp,7.27
6g93,7.96
5kns,6.12
3dv5,7.66
2e91,6.59
2fts,7.05
5os5,3.39
5kby,8.82
5ugm,5.9
1qvt,4.38
4fe6,10.0
5m77,7.61
4i7c,8.22
3ozg,9.19
3mks,5.72
2x6k,5.64
1a4g,8.4
5fpu,6.26
4man,11.0
6egs,3.59
4azp,5.9
5isz,4.49
6chm,3.7
4nzb,4.17
3g86,8.3
6cjs,9.7
5h0b,7.96
5izk,6.72
5ey8,6.31
4ju7,6.17
5jnl,6.57
5c85,3.98
4qo4,8.3
4ayy,8.17
2wgs,5.6
3kqd,9.4
5nea,10.3
1uj0,4.57
6cc9,3.15
6aaq,2.41
1w4l,8.4
2q1l,7.91
4dmn,5.64
3q5h,6.25
6jpj,8.21
5y5w,6.1
5vp1,9.29
2boi,4.32
1ke7,8.05
4jj8,6.14
6csr,6.84
6jbe,4.7
3wnr,6.28
6dji,2.51
3ri1,5.3
5dqe,3.63
1g35,8.14
4yb5,4.71
5u4e,6.35
5hmk,7.4
3kwb,7.77
5ot8,4.2
4rce,8.7
3ikd,6.75
5nzp,2.19
6fba,4.7
3qck,5.24
3pd9,6.22
4i9s,6.79
4e1z,8.52
5cu4,6.49
1y2j,7.48
1maw,1.1
4g8l,8.0
5iz8,5.62
2ya6,5.7
2g63,8.17
2wzy,10.72
3r7r,8.74
6t1i,5.26
6ea1,6.59
3t8s,8.55
1w22,6.76
1b39,6.92
2i3i,7.3
4eop,6.05
4cmo,9.07
4g68,7.92
5tx3,8.85
3ocp,7.57
1tvo,6.85
1ao8,8.22
4pnt,5.82
4elf,8.03
3iqj,4.93
2l75,6.05
6arn,5.19
2xm1,5.07
3ob1,5.42
6eiz,6.22
4mss,6.4
3jxw,9.0
3cde,7.66
3ewh,7.16
5nih,6.87
2q96,5.92
3zmm,9.14
3qaq,7.0
4jv6,6.66
3r7b,6.15
3dxm,6.0
3rmf,4.09
3s00,4.92
3bft,6.49
1hvh,7.96
4a6b,8.38
2oi9,5.7
3qo2,6.85
5n6s,8.09
5jyy,8.1
2odd,3.96
5l4h,3.75
6mj7,2.82
5q0i,4.25
4bzr,7.6
5ur6,7.06
5zo8,8.2
3c7q,7.68
3ml2,8.05
9lpr,5.7
2f89,6.48
4ruu,7.54
1cp6,5.0
3zhx,6.68
3hp2,6.17
1rtf,3.04
5eje,5.6
2f6t,4.62
5h5r,6.21
2xoi,3.34
3d8z,3.37
3nuo,9.8
3g8i,7.42
1gt4,6.52
5akg,4.46
3in4,7.52
2w2i,6.04
5yqo,6.09
3t3c,10.23
4fmo,5.53
3vv8,4.77
2r7g,6.05
6c8p,6.7
6ps3,9.78
2osc,7.77
1a0t,1.3
5odx,6.71
4efk,2.49
4v25,7.08
4l7c,5.13
2gfj,3.82
5orz,3.36
4d1y,7.13
3nkk,4.7
4bks,3.82
6dl2,7.48
4ciy,4.57
6aom,6.2
4ufy,8.15
1f2p,1.9
4fkk,9.3
5kos,8.82
5nzo,2.24
4imz,6.92
2e9v,7.9
5ct1,1.52
3fcf,4.4
5d7r,7.89
3hnz,7.72
3pcj,7.22
2a5c,4.62
3m54,5.89
6ind,6.62
5h8x,5.51
6cq1,3.66
5ggj,1.75
3dc3,8.31
1py1,4.4
1y2d,5.7
5fsl,4.62
3dp9,9.68
5njz,7.8
4r74,8.1
4qzs,7.05
3lxe,6.6
4lwh,7.57
5f63,7.92
4jmh,8.68
4uwg,8.15
4nvp,7.57
5enm,7.15
6chq,5.36
3erk,4.74
3mt7,4.03
3nf9,3.54
3ud8,5.38
5kax,6.11
5eud,6.82
1bra,1.82
6am8,4.89
5izm,5.92
3iae,3.89
6b1k,6.67
5edq,8.7
5c3p,4.46
5hx8,10.0
2xk6,5.8
5uwi,5.8
4x2i,6.46
1f28,7.8
1y2k,7.68
1vyg,8.0
5hbh,7.31
5tdi,9.74
6dtx,8.35
2vgo,6.3
2c5x,6.6
6gjr,3.74
4ht2,6.54
1s64,8.4
4qq4,5.74
2gdo,9.49
6qg7,6.83
1ec3,9.04
1vjy,7.64
4bpi,6.17
1uu8,5.05
1e1v,4.92
5th7,5.16
4lkm,6.34
3vqh,5.92
2b07,6.43
2am4,3.72
6boy,5.74
1h5v,3.93
3nw6,8.15
6rmf,8.0
2cf8,8.1
1o0d,8.21
6dpz,3.59
3c8e,4.15
6ey8,5.81
4wv6,4.98
4uof,4.84
6gxq,7.1
5evz,6.57
4dpi,7.11
6m89,5.64
5a2k,6.35
3w2s,8.16
2e1w,7.96
1tni,4.0
4ymh,6.46
1sme,11.22
1o4q,2.49
6i0c,6.85
5g5f,5.28
3gi4,10.8
3fzs,5.82
5k05,4.96
6duh,7.42
5akz,5.26
6ugo,7.59
4p4j,6.15
2w8f,6.3
3wb4,4.44
3n4l,7.23
1g4j,8.7
5dri,7.7
1fax,7.39
5y0g,6.7
1iiq,7.48
2avv,9.26
5w6r,7.57
1bmq,7.42
11gs,5.82
1vij,9.52
3qc9,6.06
3fmr,7.97
2pgj,3.59
5auv,4.51
4ajn,7.16
5y61,1.72
2hh5,7.49
5aa8,8.07
2xae,7.3
5q13,7.04
4cmu,9.7
5aes,2.89
3ipa,6.22
1pb8,5.15
3f39,1.78
3g5v,7.8
5lhh,8.17
2k31,8.7
5a4t,5.89
3arn,5.41
3i73,5.49
6rz6,8.54
1xo2,6.07
1rhm,5.76
3hqz,9.38
1ucn,5.22
4uvu,5.92
6m87,8.1
2bub,7.05
3ggc,5.44
3m5a,4.96
6elp,6.63
6hrq,7.09
3i3d,1.99
1w13,8.7
5lyh,6.31
4dcx,4.5
2ypp,4.41
3pch,5.4
6n7z,5.55
1jmg,6.07
6nss,8.85
6b8u,9.7
6ugr,6.27
5h3q,8.22
6i41,4.21
2exm,4.11
6ghj,2.16
1gcz,5.13
5ox6,7.54
1zzl,8.3
1rti,4.77
6o0o,7.44
5t68,7.64
4flp,6.72
6pnm,5.17
3vbq,9.33
1hvy,6.54
5zeq,8.82
6bbu,7.54
4g8v,5.8
4jg8,8.6
3jq7,5.92
1fq8,6.03
4ezw,6.0
6ouv,5.55
2wk2,6.82
4ejf,5.1
6pg4,3.59
3zrk,6.89
5tdr,4.54
2g9x,7.35
1guw,5.72
1lst,7.85
3f66,6.05
6got,9.4
1nym,5.4
5emm,7.74
1l5s,3.26
4d1j,6.31
5ekh,5.95
4poh,8.0
5ak3,5.07
4rh5,6.9
4jps,8.3
3rt8,6.35
1g7v,6.4
4ehv,2.29
5t35,7.18
2xyr,6.13
4re9,4.92
1h7a,4.72
5ivs,8.21
4hxm,6.1
4mep,5.33
1i7c,6.4
5h9q,4.42
5xmv,7.68
1tyn,9.7
4yps,7.12
5epy,7.4
6d4v,6.64
4d8z,6.29
3hj0,5.71
4uro,8.4
1c83,4.85
5c4s,8.42
3p76,8.68
3f5l,3.72
6afe,5.36
1zoh,7.0
1vj5,6.92
3eax,4.92
1c2t,6.59
3qio,6.84
6h2t,4.82
5of0,8.63
4od9,7.24
5l44,4.4
1fl6,7.43
4dh6,7.77
5xst,7.57
2qq7,5.24
4lkg,6.8
3sud,9.85
2e9o,7.7
4l2k,6.44
2vtp,8.52
2r03,5.15
4ibj,4.33
4o77,5.6
1kzn,8.92
5ceh,8.0
6h7f,6.12
3tti,8.22
3k05,4.85
3kl8,6.92
1e34,2.88
3ued,4.53
3n0h,6.21
6mhm,7.54
6nvl,7.95
4z90,4.66
3uvo,7.0
2q2z,8.7
3dsz,7.77
3old,5.9
6jan,5.79
4bi6,3.95
5y24,8.34
4agm,3.98
5ufo,7.43
6ck6,9.0
4lv2,8.0
2xln,4.48
1fpp,8.0
3ayd,4.19
1qbo,7.74
5x79,4.92
1qr3,6.59
6ciy,6.7
6fmp,5.64
2yc5,7.46
1xh8,5.77
6c9r,6.71
6bid,5.54
1nw5,5.21
4o0x,7.17
4hy9,7.1
1sv3,4.35
3hvc,6.22
2g01,5.91
4d8n,5.74
5gwz,4.71
1dwc,7.41
3p9h,5.06
3qri,9.1
3m2u,7.0
2pnc,3.33
4qok,5.19
5bw4,4.17
3prz,7.59
5wxg,3.86
1rs2,4.3
5tgc,6.7
1kjr,6.06
3hwx,7.86
5eh7,3.48
4eh8,2.2
4d1b,4.44
1hpx,11.26
1qpb,1.36
3sb0,5.26
5osl,3.43
3mtw,7.04
3sur,4.15
5yji,5.3
4ddl,8.31
4leq,6.54
5wev,6.82
5ar5,6.3
4qgg,9.0
4uwk,9.0
6g24,2.77
4urw,2.8
3r4o,8.15
4rcf,8.4
3jy9,9.0
5xvu,4.65
5nu1,9.0
3wab,7.47
2oiq,5.0
1a0q,7.57
5vs6,6.98
4rsc,6.63
5efb,8.37
2g83,5.92
6o50,8.55
5iha,8.05
1xhy,6.18
2nxd,5.66
1l7x,4.04
3nyx,7.49
5j9x,7.77
4k3m,3.55
5prc,4.89
3t3y,5.47
4d1s,7.66
6n8x,5.7
1njb,5.8
4azi,7.45
4gv1,8.52
6bu3,6.55
4ah9,2.46
4j81,4.5
1uyg,4.27
4pms,8.1
2vo7,6.77
3d78,7.64
3s3i,7.8
4rqk,5.82
4qzw,5.15
5tdw,4.7
1ppx,7.28
1hk5,5.24
4qp7,5.23
4r4t,6.26
2g6q,5.82
1o48,6.35
4cc7,4.33
4p4t,4.39
4mw0,7.41
3rme,4.66
4q19,8.05
1b6l,8.3
4o07,7.38
5hcx,8.39
1ajn,2.63
3exf,6.54
5mrh,4.2
2arm,7.68
2no3,8.05
1lrt,5.64
6eeo,6.43
4io7,3.68
1zhk,4.45
6n53,7.87
5mo2,3.84
1iig,1.57
4z9l,8.8
3krj,8.96
5dgm,6.4
2y8o,5.12
5vd0,6.49
3i4y,7.05
4o24,4.3
1bv7,10.3
2olb,5.54
5jan,3.01
6dcz,7.17
4f1q,4.95
3d28,5.85
3zlw,3.7
2ya8,5.75
2ot1,4.0
6gg4,3.69
4kv9,3.84
1x8d,2.21
3uec,4.21
5a6i,7.25
5y8y,7.09
3r6c,4.72
4zpf,6.74
2qln,5.43
6ewe,5.51
5ut4,4.38
1p01,9.46
3n3g,7.24
6gx3,3.6
3u0d,10.0
4ncn,5.67
2rt5,6.72
3jzo,8.52
4qkd,4.09
3lox,8.1
3asl,5.76
1gx8,6.37
5j6m,8.57
4jyv,7.77
4eej,7.15
5kw2,9.09
3uvq,7.77
2uyq,5.68
5fot,3.17
4l3p,5.92
4m8e,7.89
5zaf,6.78
5o8t,7.13
5b1s,3.91
4fmn,6.1
2ql7,6.26
5hk2,8.59
3zmj,4.93
5yic,5.89
4hxq,7.22
5vp9,8.99
5qa7,3.96
3fzn,4.01
1gvu,9.0
4tpp,8.59
2cnf,6.62
1apw,8.0
3ow6,6.66
2jj3,9.55
5jsg,4.85
3fi3,7.92
3vv6,3.8
3jyj,5.74
4at4,7.92
2wei,8.47
4l1u,5.26
1iyl,9.0
2uy4,4.68
3q77,8.22
1lkk,6.85
4hys,7.26
5go2,3.22
5w0l,4.74
5dhh,9.18
6h4v,6.21
6ccs,3.64
4hvs,7.8
3juo,5.07
4xyc,7.51
3sx9,8.89
3pi5,6.02
1o2y,5.85
2hz4,5.47
3imc,2.96
4m6u,2.74
2q93,6.25
4ce3,3.96
6fcl,4.64
3itu,4.4
4x6o,8.72
6iae,4.7
6a30,4.89
4l58,4.68
3o3j,6.4
1rry,4.1
6iiw,5.66
2ves,7.7
5oaj,6.56
4km2,5.84
6faw,5.57
6hzd,9.17
3wd1,7.66
3d1f,5.74
4gfd,9.48
6gl9,6.87
2xye,8.34
5tyn,9.28
3miy,7.68
1nyx,7.04
3biz,7.24
5eqp,5.4
3lbj,4.96
2vf6,8.52
3kac,3.13
3vsw,6.89
1h1q,6.0
1oau,7.7
3ds4,4.19
4x1f,7.97
4wt6,7.92
4ec4,7.6
4o10,7.11
1u65,7.58
6bnh,3.8
5iop,4.54
5yvx,5.89
4loq,8.15
5jyp,7.0
4e9d,7.7
2za0,6.64
3ex3,4.44
6mqe,11.29
6j1l,6.42
6msn,4.95
5my8,7.14
2fhy,5.96
4mp7,5.74
1o2u,5.85
6suo,9.4
4q15,7.96
3tv6,8.32
6fe1,8.48
3v31,5.8
2ea4,7.34
1jmi,6.06
1okw,5.25
6mdq,3.44
6f20,4.31
6hwv,7.08
4eox,9.55
1f7b,4.6
2amv,8.8
5t27,7.1
5mt4,3.3
2v83,4.47
6phr,6.7
2b8v,7.01
3kpw,4.85
3uib,6.8
2jnw,6.11
5czb,8.0
3cqw,7.38
5a2j,5.85
4wk2,6.94
1anf,5.46
5fhn,5.9
3vha,7.4
4bw4,6.2
3dgo,6.74
2qiq,4.1
2pym,6.82
4uvx,7.96
5n1p,4.6
6mlj,7.26
2f7i,7.1
3nb5,7.74
4fhi,7.0
4wph,5.8
5moe,3.28
5uxn,4.64
4kod,5.36
4x3i,3.17
3tz0,5.04
6c1s,8.52
1bgq,8.57
4aw5,6.12
4lpg,4.25
4jmu,5.47
2fv9,7.22
4hlg,6.51
4nah,6.31
5dxh,9.0
1mqd,6.77
1zyr,5.74
5zdf,5.7
3t8v,6.59
5v8q,8.44
1ndz,8.11
1alw,6.52
1oxr,5.19
5o0s,4.24
6pnn,5.16
3ti4,6.02
3s0o,4.48
1o44,8.52
5nvw,6.77
6hzb,8.98
1yvf,7.0
5tza,9.0
3qfz,3.24
1flm,9.37
4e9c,5.96
4dcd,5.75
4uyd,4.1
5evd,5.0
4qsx,1.74
5uq9,6.15
2uzj,4.57
4btb,5.01
1bxo,10.0
3si3,4.16
5fsx,2.72
5xxf,5.74
5oxg,5.89
3t4v,6.3
5e90,7.85
4mvy,7.54
4bo7,7.0
3m8q,9.52
4fc0,7.16
5hcy,8.92
4l7d,6.12
3t6y,5.52
2vj8,8.7
3mvj,5.49
5f2s,6.7
2ggb,4.92
3fu5,4.12
6ak5,6.12
2fm5,7.37
3zmh,5.28
4gki,4.46
5d3j,5.24
4oyi,4.72
6hgr,3.46
2zoq,6.05
3irx,9.0
2gnl,7.24
1utr,8.0
4azc,5.86
4n7e,6.48
2b4l,4.77
5knu,5.55
6hd6,5.7
5aqh,2.46
6oy0,9.3
3n0n,7.3
3ro4,6.23
3b9g,4.72
1ql7,5.0
6c98,4.1
2zdz,6.15
1c8l,8.16
4bxk,7.95
4lv3,5.49
3d2e,6.42
3zc6,9.22
5ot9,4.07
6fap,2.15
1o5r,8.12
6pit,5.92
4ohm,7.55
3m6q,7.32
4b78,5.0
4usw,2.69
3wtn,7.04
5fqr,7.59
6cz4,7.12
5nxx,4.77
6mm2,5.41
3az9,6.0
5awt,4.52
4nb6,7.22
6o48,7.12
3s71,8.64
3tsz,4.46
5fdz,5.17
4hlw,5.38
2xow,5.22
4pio,5.7
3wgg,4.4
2xvd,8.7
3dsu,7.03
5osd,3.21
3kf7,7.4
6f3i,7.68
6r4v,5.76
1lhf,8.09
4yx9,5.35
5cfb,7.28
4gts,7.89
2hrm,3.56
5lgu,7.66
1x0n,7.7
4glw,6.1
4uvy,8.26
6azk,5.64
3is9,6.42
4uu8,6.54
1g7g,6.6
4gao,5.74
3gs6,6.59
1jqe,6.44
2xx2,7.3
3p9l,5.3
2pt9,4.46
5ult,10.85
4ht0,8.0
3rv9,4.92
6gvh,6.04
5kbi,5.39
1fhd,6.82
5fxq,7.85
2zq2,6.56
4cby,7.7
4jck,2.37
1y3g,7.4
4tk2,3.72
2mov,7.4
4po0,6.92
4ega,7.19
5aqp,2.68
4x1s,6.87
5e2s,9.01
2ay2,1.88
3me9,6.3
4j7i,5.06
5ayy,5.32
5wdc,6.4
5o11,6.67
3vi7,7.39
3o9a,10.7
1xoq,9.17
3qs8,4.74
3u8h,6.49
3p44,8.01
4bfy,6.92
4gdy,7.08
1hty,1.4
2viy,5.74
1np0,3.57
4f0c,6.27
3ds6,9.1
5q0n,8.06
3v5t,8.22
4wsy,7.77
3ws8,6.68
4yqv,5.71
5h1u,3.51
6cf6,5.24
6eln,6.05
3c1n,5.5
2wzx,6.0
6df4,7.64
2hrp,8.3
4j7e,4.85
5vb7,6.72
5u4d,6.33
4jhz,6.02
3udk,4.49
6mju,7.56
5ya5,6.72
5o9q,5.21
5ufp,7.37
5cp5,5.91
5wfm,6.52
2zir,8.19
5ttg,7.34
4jfi,4.74
5lbq,5.11
5mym,5.41
5o3q,5.68
4azt,4.17
4ba3,5.54
6u26,6.97
5t66,8.43
3hy7,6.97
5klt,6.76
4dfn,7.7
1qj7,8.1
6b3e,6.99
2bjm,3.7
5wyz,7.68
5u4b,5.74
5ive,7.57
6cvw,8.15
4yxd,4.34
3eht,5.17
6ft8,7.36
4mrf,1.95
3t19,8.66
2y8q,5.82
1pdz,3.7
2xk3,5.68
4m48,6.81
3hg1,4.74
4g9c,8.64
4lxz,6.74
6cje,7.22
5edc,7.66
4q1d,7.78
5x4m,2.92
5w10,6.62
2vth,3.92
3slz,6.99
1q6m,7.89
4xtv,9.27
4hzm,4.63
1q41,7.66
4m2u,8.04
3cy2,7.22
4dve,9.52
6mx3,5.14
1pgp,5.7
5dj5,5.6
187l,3.37
4led,2.3
4oc2,8.28
4elg,8.16
3fnu,6.16
1ogx,6.09
5unh,9.46
3kce,4.8
3f7u,6.61
1prm,4.23
4mzo,6.57
2a3x,6.92
5xyz,8.1
5d1s,5.02
5aaf,7.44
3l3a,6.38
2jdt,6.77
5jdi,5.37
1apv,9.0
1p03,8.19
4fm8,5.97
3o9p,6.52
6ia7,5.7
6ott,5.42
2rm0,4.03
1qpf,7.57
4x5p,8.21
1aht,6.21
5ap2,8.48
2e92,6.89
3tfk,5.01
6qmu,5.32
4ikr,6.23
3qcl,5.4
5eay,4.47
5ipa,4.7
5hh6,6.4
2y4s,6.15
1nw4,9.07
4f1s,8.7
3i9g,8.96
2pyy,4.6
6r8w,5.92
6apv,6.96
3drp,9.7
1gj4,4.07
1p4r,8.1
5nzq,2.03
2o63,6.11
2c80,5.33
1uu7,4.85
5i89,7.48
4fnn,7.57
3dbd,7.38
5tv3,8.09
5xmr,7.61
6c7r,9.0
5kya,8.22
5iw0,7.22
3zjc,5.05
1q4w,6.46
5gjf,6.59
4zw6,5.72
5x28,8.4
4mi9,3.42
3kid,3.18
3ds9,7.39
4hhz,7.72
1z2b,6.4
4g4p,6.89
6exs,3.44
1add,6.74
3t2v,6.99
6bkw,8.3
6itp,4.65
5ael,7.41
5l6i,4.35
5u7i,7.18
2bcd,10.22
4y3b,4.87
1ols,5.82
1m5d,5.04
1nq7,6.8
5nbw,8.59
5kva,5.14
3umw,8.52
4bty,7.7
5zh5,5.33
2wcx,7.6
6s55,6.2
2pfy,6.52
5lsc,4.7
4zz0,7.0
4jyu,8.0
5f1u,6.4
5i8p,6.73
4kz5,2.0
3lcu,3.52
3jdw,3.6
4b0g,7.82
6c2x,4.76
5cqx,5.33
2p3a,7.96
1amn,13.82
3o8p,6.46
2qe5,5.79
4f39,5.7
1g2o,10.55
2v3d,3.94
4j6i,8.85
5tq4,8.38
1v2j,3.25
1hiv,9.0
4rg0,7.3
6enx,6.08
2bqv,8.05
1ppc,6.16
3fhb,5.7
4bdd,4.43
3usn,6.15
6o3w,5.12
3f9y,4.49
3hku,8.3
5iwg,6.46
1bmk,7.6
3hv3,6.33
2qtt,4.32
5tkt,8.49
5mnc,1.31
4o3u,6.4
5e2r,7.06
1w7x,8.4
6n9h,4.26
5acy,8.19
1oky,8.19
1gvw,6.96
5unp,10.02
4li7,6.11
4q4o,7.46
5dhp,3.85
5mk1,3.88
2qyk,5.48
3qxt,5.22
2c8w,8.43
6i0x,6.07
2y71,7.37
3we4,7.82
1e2k,4.94
6fdq,3.95
6htp,6.8
4l7u,5.66
2fb8,9.8
4mz5,6.1
5lli,7.05
3kmx,4.82
2y76,6.36
6ht1,7.11
4j22,7.74
5f2u,8.43
3orn,9.62
4rj4,7.8
3n1c,5.22
6mhb,6.77
1wva,6.57
3met,6.0
6f4n,5.22
4op1,6.89
5jao,4.0
1ftk,4.84
5nu3,6.64
4hkp,4.55
5xn3,6.17
1zxc,8.1
4mds,5.21
5v5y,7.87
5dkn,3.69
6b1x,7.4
1x7q,6.73
3elj,5.3
5q15,8.05
4pku,4.52
1p4u,5.3
2b7d,8.7
3bcn,7.12
4m3d,5.41
1hpo,9.22
1nnb,5.0
1n7t,6.82
3hiw,8.06
3hq5,7.8
4e5g,4.67
4yoi,6.48
2yiv,2.78
3way,7.66
3fmz,8.08
6dpt,7.11
3otx,4.53
5dg6,5.07
6g8m,5.38
4u6c,5.0
1zky,6.25
6ckw,9.08
4og8,7.25
1r5g,7.52
5elw,7.85
5vc4,7.36
4mk1,4.8
5ts0,7.8
1ni1,9.05
1ckb,5.28
4ocx,11.44
3bkk,6.08
1fl3,6.8
6qr4,6.23
4xcb,5.47
4agc,10.7
5afx,5.92
6hkz,9.89
4ha5,7.24
4er4,6.8
5d1w,5.12
5nkk,5.0
2jxr,7.05
6huc,7.59
2qu6,8.52
1w6r,6.15
2bq7,7.05
3k37,8.92
1d4w,6.92
6oxv,10.7
6ccn,4.52
4v0i,6.33
4qem,7.8
6alc,7.51
6b7d,4.28
4cga,6.4
4unn,6.38
5zdc,5.75
5ypy,4.64
3az8,6.0
1tpw,3.3
3cj3,4.24
3sv8,7.91
5vgy,4.18
5v7a,6.38
2b54,7.7
3okp,4.72
5thj,2.87
2xqq,4.82
6h78,7.33
3ilq,5.21
6uh0,6.07
4eu0,6.4
6cn6,8.3
5lwe,9.96
4jln,7.78
4ufj,4.28
2ww0,5.3
3l0k,4.62
4xhl,4.43
4inu,9.26
1m5e,7.7
4jwr,6.21
4k5n,3.9
4why,8.1
3b28,8.47
4k3k,2.35
4qlt,8.6
2ccb,7.45
4riv,7.0
5oui,4.03
5mja,6.66
3ewj,6.84
6st0,5.13
6jon,4.88
5ii2,4.89
3ind,5.82
3wtk,6.53
1jyq,8.7
1qnh,6.06
2iog,8.1
1yt7,9.89
5tt7,7.89
6bef,3.98
4wq3,7.0
3rv6,4.68
3tu1,6.6
3u90,4.62
6nvg,8.07
4ylk,6.74
6d15,4.48
3dm6,7.43
3avz,7.19
6dgq,5.51
1f0t,6.0
5eym,7.6
4f3k,10.16
6os5,5.36
1nzv,6.4
4gto,7.98
5v49,7.3
1gni,8.07
5kup,8.14
1gzg,3.05
4bcd,7.48
1q6p,8.52
4q09,8.17
4c52,5.68
4z5w,5.81
4aa0,7.46
4lvt,10.36
1ppk,7.66
6c4g,8.3
3jwq,7.6
6e9l,6.04
3rl8,5.98
4hcz,4.44
3fvl,6.07
4llp,4.8
4qp2,3.03
3s2a,8.09
1q3d,7.82
5hrv,5.29
1rhk,9.11
4u5n,2.48
2xbp,5.02
4w4x,6.99
5jid,3.76
5u7k,8.15
4tn2,6.92
4aif,4.84
3jzr,7.44
4cd8,2.89
5gmh,6.31
6hro,7.3
5dro,10.59
2r3c,5.66
3u3u,6.88
2fl5,8.74
2x6e,7.82
3il5,5.8
5ehn,11.64
5zk8,8.89
4px6,8.4
3rhx,6.08
3uzd,5.05
4qjp,8.6
4lxa,8.7
6p8x,5.56
4ujb,8.0
4xas,6.59
3qiz,5.21
1mwn,6.7
4w4z,7.52
4i7p,3.5
3eyf,7.03
4j84,4.69
4l3o,6.0
1vjd,3.54
3fed,7.46
5fe9,4.68
4qyy,7.3
4rab,7.4
2fqy,6.57
3d8y,3.4
5t52,9.28
4pce,5.15
6c85,3.9
1c86,4.7
4m5r,3.0
5ags,7.4
4flk,5.25
2zxb,5.3
6mwe,9.2
1b74,1.3
6bqh,9.8
5ak0,7.68
6jam,5.23
3cn0,5.51
2xhs,6.0
5mrd,4.44
6mlo,6.1
3sbh,7.28
4r73,7.64
4uub,4.76
2cc7,8.01
4bo5,7.1
6abx,2.14
3v78,5.54
5yh8,6.78
4o7c,5.0
5er2,6.57
4e6c,4.82
3eid,6.35
4zur,7.17
6m9d,7.35
4bdh,4.11
2iu0,6.89
3muz,3.46
5eef,8.32
5uir,7.14
5qb0,3.8
4att,6.98
2nnq,8.7
5om3,4.1
5ecv,6.77
1i41,4.57
3qts,5.51
3zm4,5.96
1bgo,8.46
4ay6,5.12
2fsv,4.6
4zw8,5.96
3ful,3.7
3zlo,8.82
6udv,10.29
1g5f,2.64
5he1,6.55
3f5k,4.62
5xbt,5.14
3skc,8.8
5bv3,7.17
5kdr,8.3
5clm,7.36
6c3e,7.2
6gji,3.87
6fui,4.46
1zaf,7.7
6un1,7.89
2gj4,6.5
5w7i,4.95
2zju,5.81
6a8n,7.82
1ppi,5.01
5mn1,2.48
3hrb,7.68
3s7a,8.96
6qqt,4.23
4r02,7.41
5tw3,8.7
3ivc,4.12
3uvm,7.52
3rbq,6.27
5ktx,7.7
5ai9,6.61
6dkg,8.59
1gai,8.0
4wkp,9.55
2f7o,7.44
3bmo,5.27
5tbj,5.82
1m74,7.0
2np9,5.57
2b17,6.21
2agv,7.7
1w8m,1.6
5aom,2.9
5izu,7.27
3o96,7.24
5nev,7.36
5vd1,6.0
4zzz,7.06
3s3m,7.4
5a3n,7.72
3eyg,8.8
3cjo,8.66
4eol,6.05
3b3c,3.98
5hfu,6.89
3uix,6.82
4uac,6.54
6gmq,2.3
3zvy,5.1
4hzt,6.12
4j8t,6.77
5wdj,6.96
6aee,5.37
5m0d,6.09
4rxc,4.48
3abt,4.77
6gnm,4.26
3tk2,4.62
1vja,7.7
6f94,7.0
4nni,5.5
4ffs,10.44
1o47,8.4
4fp1,4.57
1cny,7.85
2q6h,3.6
5ngz,2.89
5kks,8.7
6d5h,6.92
4fk7,5.24
4oyb,5.8
4x21,7.44
4jt9,8.14
4mw9,7.02
1h36,7.74
1uze,8.9
4ykn,8.0
5qac,3.6
3f80,4.22
4pnm,5.85
4ab9,3.33
2ew6,4.97
4lkk,5.92
1fkw,5.05
5tw5,7.42
2f3k,7.89
2itk,7.69
5ea4,8.11
6n48,5.92
1wbs,6.2
2xv1,5.99
6hwz,5.17
5l17,9.3
5hm0,6.36
3r6g,7.6
5wzu,7.0
4qy3,6.82
4dbn,8.15
5nwi,6.16
1x70,7.74
2aov,7.04
6e1z,3.82
5h4j,6.89
1wv7,7.26
5j8u,6.47
5l6j,6.7
1it6,8.39
3aya,4.33
2xto,6.2
2ylp,4.3
2z52,5.57
5abg,8.05
1xn0,6.24
6ezi,5.31
4mdr,4.39
4xbo,4.59
5zlf,3.48
2x38,6.89
4fci,1.26
5d0r,6.37
5o0j,4.77
5nvc,6.19
6i62,6.8
5t8p,5.89
5u2f,6.71
4bnu,7.7
4muv,5.76
5ofx,3.96
1p1o,5.76
6sal,6.58
6bfd,8.3
3f6e,2.38
3ujd,4.69
5g4n,4.0
6p3v,7.02
2yis,8.77
5kzp,7.15
3lp4,4.88
5odu,3.28
1fch,7.15
4uiw,7.3
4im0,7.72
5jf5,7.2
5klz,6.37
6hgy,8.52
4m3f,5.31
3qps,5.6
5jy3,7.92
3bc5,8.3
5jm4,7.42
3rtx,3.86
1owd,8.2
4b83,5.15
2rke,4.08
5alv,4.36
3lpf,6.68
1f90,7.92
4oct,5.05
1wtg,7.03
3el9,8.4
4knj,7.95
4m5i,5.17
4gqq,2.89
3bys,9.3
3iof,5.22
6qg4,8.07
4x7j,7.39
4h39,6.68
3ehx,7.6
2j34,7.82
6ccl,3.56
2afw,4.77
2pj3,8.18
4qmm,6.34
4rlk,5.02
5mrb,6.33
4iwd,9.0
5aan,4.15
3ara,6.49
6fzg,6.55
4q4i,7.33
4q18,6.13
1c5q,6.36
2knh,5.15
5ofv,1.58
3obq,3.54
2uzv,5.87
6i5y,8.54
1d3v,6.96
4c6x,3.76
3zpu,8.38
6f3d,8.4
6idz,6.51
1fv9,5.0
6g47,2.18
4o0z,7.24
2tpi,4.31
2cnh,7.23
4clb,6.55
4edy,5.83
3h78,4.24
2hzy,7.39
5evb,5.0
6ep4,5.35
2h8h,8.57
3b8q,9.3
4e0w,7.48
4q3q,5.89
4ge7,8.15
6hd4,8.64
2xcs,7.85
2i3z,8.7
3g2s,6.22
3i28,8.22
4lm1,3.23
3m58,5.48
2y58,5.5
5ni8,7.7
6hm6,5.5
5wqj,5.52
4rpv,8.52
4wmc,8.05
5ku6,6.84
5uor,8.2
3n2u,7.84
5icz,5.3
2ydj,8.3
4h81,5.12
4d8s,6.49
4lp0,8.0
4h36,4.27
2b8l,7.82
4rss,8.77
2pqb,7.2
2xwd,6.96
1ulg,4.21
4l8m,9.0
3dgl,6.6
5uwm,6.45
4nan,4.72
4i9o,5.72
5ek0,7.68
3h0v,4.82
3d4l,7.49
5elq,5.7
2c5o,5.19
1hmt,5.79
1x7e,5.97
6oko,6.74
2pjl,6.72
4h38,6.04
5n3y,5.03
6an1,5.35
2oi2,6.3
4zo5,9.82
2jkp,4.23
5fqc,8.52
1c3b,7.57
2qmj,4.21
4h1j,5.92
7abp,6.46
4j17,7.27
5ows,8.0
3wyk,7.64
5f6u,2.52
6c4u,6.1
6j5l,8.8
5f90,4.85
1fm9,9.0
1re8,9.52
4x3k,4.56
3zvv,3.04
3e6v,6.83
4tww,4.2
4dx9,5.3
2j7e,7.32
4f5y,5.43
2jbv,3.54
1hq5,5.65
5wlg,4.72
2xp6,4.7
3cqu,6.82
4or4,4.57
6q92,6.1
2r5a,2.6
4guj,3.05
6g9h,8.4
4o55,5.3
5hjc,4.35
4x2l,4.44
3uvn,6.59
2f6z,5.32
3s0j,3.77
4akn,6.1
2j7g,7.0
3tzm,7.77
6g39,8.34
3r8i,5.35
2vx0,6.24
6pm9,8.1
2hs2,8.31
1lan,7.22
3dba,8.0
5kyj,7.89
3fei,7.7
3o6m,7.48
4tlr,8.52
6apz,6.82
5c4k,4.56
5lzg,3.1
5ctc,6.35
2cfd,7.49
5ha1,7.19
4z68,6.49
1g4o,8.25
5nhv,8.55
1h6h,5.3
1mq5,9.0
3d4q,10.52
4ca5,9.39
1ida,8.7
2obf,8.85
2pou,7.42
5ajw,6.98
6qwb,6.04
6ocw,8.15
2znt,9.3
4z0q,8.17
6dug,8.27
6mso,5.42
5zia,6.52
6oi8,7.82
1xd0,7.12
1axs,7.77
5nt4,7.77
5iz6,6.64
4l23,7.75
5am3,8.3
3pfp,6.44
4d2r,5.48
1rw8,6.76
2jdl,9.43
6enm,8.32
5fdd,4.2
3g2u,5.27
3zo2,7.1
3wv2,7.92
3zxh,8.52
4dea,6.59
3vbv,5.0
3own,7.47
6g2s,8.4
2vsl,8.4
4awp,7.09
3cso,5.77
3dya,8.52
1unl,6.7
2nxm,5.19
5i88,6.6
5kgw,4.79
1jlx,5.8
2ypi,4.82
4mhz,6.87
1wqv,6.89
1o36,5.96
4tkj,6.04
4nud,7.07
1orw,7.6
6mqc,8.28
3c6u,8.87
1vkj,4.85
5ng9,6.72
6abk,1.95
5ko5,4.57
4unp,3.23
4lkt,5.9
6ckr,7.3
2wa8,5.42
5nhy,8.64
5avf,5.49
6bke,8.35
6aro,5.15
5dht,6.0
6h7u,1.98
2io6,7.52
1prl,4.23
4pyn,4.52
1z6f,4.89
1wss,7.77
5u6j,7.64
2go4,5.15
5aqf,3.78
3bgl,8.35
6i68,4.89
2ces,7.25
4mjp,3.88
4avi,7.63
4ch2,5.99
2fwz,7.3
6gmx,2.17
4gpk,7.52
4ark,7.2
3fqh,6.24
2gvv,3.9
1c7e,6.3
4rlu,4.82
1ppm,5.8
6ufn,5.64
3cen,8.26
5ih2,5.76
5jzy,9.82
6d5g,6.6
5gof,4.05
4pqn,9.15
5f2p,4.43
2cbu,5.68
3hs4,8.0
2xag,4.55
6f6r,8.25
4a4x,7.23
2hb9,4.82
1ocq,5.19
4zzy,5.6
5aac,8.89
4q9z,7.26
2ceq,7.28
1i9p,8.41
4qw0,5.14
5i25,3.49
4xh2,8.22
6b8j,8.3
3p50,4.62
1jik,9.7
1q1m,5.16
5uvc,8.21
5uwj,5.7
2bbb,8.62
1ogu,7.47
5x4q,7.11
5ou1,6.07
3b4p,5.4
2vd1,6.86
2onb,5.57
5j1v,7.39
5qav,4.15
3umx,6.62
3r6t,5.86
5t4u,5.32
5tg6,4.55
6fuh,3.77
6j81,6.29
1ex8,6.33
4ogi,7.43
5fi2,7.15
5jq9,4.65
3lik,8.72
5lso,5.85
2hvx,7.54
1d4t,6.19
2ke1,5.3
1b8n,10.52
3t7g,5.2
5aip,2.82
2an5,5.68
6e7t,6.89
4aa4,8.05
3cj2,4.85
5tt3,6.71
3ouj,6.05
5eml,7.64
3wke,8.89
5j79,8.52
4uuq,7.54
5meh,6.32
2xa4,8.52
4pra,5.66
5ho8,5.96
5o0e,4.53
3vw0,4.67
6f7t,9.44
4az0,7.42
4u3f,8.39
2g79,6.92
6ak4,5.46
5luu,5.06
1p19,4.11
4rfz,7.4
6q4g,4.3
4a50,7.91
2r2m,7.33
5yl2,4.5
3djx,2.81
3kr1,5.74
6skd,5.8
3ds0,4.83
3f82,8.34
2vwm,7.03
5f9e,9.34
4jx7,6.91
3eu5,7.49
2bok,6.55
3h2f,4.06
2y07,6.22
3fr2,6.23
5ucj,6.36
2peh,5.96
6e7v,6.48
5kr8,6.82
4m6q,8.21
4urn,4.46
6npm,3.96
4usj,4.0
5jal,2.47
3ppm,9.54
2f3r,6.3
4tkh,5.74
1owj,7.32
6evq,2.0
2xj2,7.18
4j5c,5.52
5vgi,6.98
4p6g,8.11
4j73,4.56
5nad,8.96
2woa,5.94
3ogp,7.44
5aaa,9.42
6sfc,5.28
1bio,5.54
5hk9,6.54
4o62,5.0
4bea,8.3
4d4d,5.96
3v3v,5.34
2wmv,5.04
2f4j,5.66
4ql1,7.03
4efg,7.26
2q2a,7.41
5op2,6.62
6gl3,7.96
3o9e,11.3
6b3v,9.69
4yo6,5.66
3d9l,4.17
3v6r,6.15
1rgj,8.31
4n98,3.55
3sdi,8.33
2d1n,8.15
3u7s,8.43
3iqu,4.77
1ogg,5.19
6k1s,7.7
4oas,10.0
5cs5,1.58
4pd7,3.92
1nnu,6.82
5jq5,5.63
4iq6,7.24
4wuy,7.82
4jz1,6.7
3da9,5.51
6knh,3.55
6hb7,6.83
5j7j,5.07
5fe6,2.16
4p4s,4.94
5xij,7.3
2vin,3.0
6ej4,6.8
6ei4,5.28
4awk,6.89
5iza,5.51
2a5b,3.93
6k9u,10.05
4gpl,5.89
2opy,4.52
4xjt,5.14
1fv0,5.93
5g2g,6.05
1acj,8.09
5u49,6.14
5owt,8.17
3zly,3.52
4xmr,4.07
1nvr,8.11
1dar,4.96
6d08,5.29
4k0u,7.26
3ivq,4.12
6chp,10.12
3efk,7.85
4d63,1.64
5mwy,7.0
3p3u,6.48
5dw2,5.84
5ai0,3.69
4lbu,6.56
3mvm,8.41
6g27,3.14
3vws,3.65
2eum,6.7
5hlp,7.27
5bsk,6.22
3p5l,7.39
5ff6,5.02
5a6h,7.06
4oew,6.82
5gnk,8.28
4q8y,2.64
5wew,6.74
3k22,7.9
3hkn,5.35
6rfn,6.7
5o1h,4.85
4y2q,2.92
6n17,3.0
5iu2,7.8
1biw,6.98
4pvo,6.31
6hb5,5.83
3pgl,5.3
3oxz,8.07
3rti,7.37
5llh,10.17
5yun,5.52
5aqn,2.77
6hv4,6.23
3nwe,7.6
3zqe,4.23
5eue,6.77
5tks,7.17
2auc,4.08
4nwm,8.1
6fns,4.03
3d2t,7.12
3tfv,7.1
3doz,5.7
2x85,3.89
5adr,5.64
4occ,8.7
6iik,4.91
2w68,4.74
3t60,6.7
1oqp,7.3
3h5b,10.0
3dx3,6.52
1rwq,10.0
6fa4,7.29
4y2y,5.05
2brp,4.0
3rqf,4.41
1nu1,7.19
1c12,8.72
2hhn,7.49
3u81,4.44
6hwu,7.54
6fo8,7.74
1vyf,8.05
2b1i,6.82
1f74,3.05
5ovc,5.96
5lp6,4.76
6eq2,5.89
2ylc,7.89
1yms,5.92
5vex,4.63
4ra1,5.94
3f36,2.89
4j46,5.28
2k0g,6.97
3dcw,9.0
4jjs,6.7
1p10,6.7
4dai,6.96
5lpk,5.51
6imb,4.23
6qat,7.33
4c1c,4.97
1czc,2.82
1tog,3.22
2rio,4.69
4bxn,8.0
6f34,4.94
2duv,7.06
5wbp,4.36
1x8b,7.01
6hah,4.81
4r5w,7.13
3oj8,8.36
6k5t,4.24
1gpy,4.7
1pxo,8.7
1xap,8.7
1nd5,8.4
1q5k,7.42
3zyf,4.85
4ayu,4.73
2n14,5.33
2std,9.85
5jz9,3.57
4ztl,5.92
4eg6,7.37
4fzc,8.4
3ouh,7.1
5j27,6.74
3uvw,5.17
3osi,5.22
4awo,7.62
4l09,6.07
4nzm,6.85
3sna,4.14
4own,4.22
1gwr,6.6
1x78,7.85
3f6g,4.72
4e34,6.01
5ta2,7.96
4as9,4.79
4awm,5.72
4gtm,8.04
1hdt,7.76
2oc1,5.37
5gow,4.45
6faf,6.51
2nw4,8.68
2cn0,7.66
2y4m,6.46
5al5,7.15
1f5k,3.74
5ov8,4.74
4op3,8.15
6qz8,7.62
3wpn,4.36
3rxl,2.62
1tl7,7.92
3bea,8.15
6mdc,7.44
4xct,8.17
1a4k,8.0
3igv,7.6
6eyt,5.72
6pdj,7.38
5ocj,4.82
4f8h,4.24
1h61,4.89
3t4n,4.14
4zbi,6.51
4a6s,5.2
5iez,7.64
1yej,7.46
4uda,7.59
2pwg,4.82
6i5g,4.89
2jke,4.23
4asd,9.28
5can,6.91
6hx1,6.52
1hk3,6.59
4k5m,3.71
4yzc,8.52
6bd1,4.78
1d3q,6.54
5i7x,7.28
2o9r,1.68
2ko7,5.19
1rwx,7.37
1lxf,4.1
5ow1,4.15
5aln,6.57
6ayd,6.3
1p2g,2.13
4est,5.02
5i3m,7.4
5ml3,9.69
4e5h,6.37
4alx,7.28
3cs8,5.77
4o4r,6.06
1uef,5.49
2ha4,2.7
5hbe,8.64
4l0t,7.18
3bcs,5.21
2c5n,6.66
6g97,8.38
4i0t,7.59
2flh,3.97
3sv6,7.46
4g2l,7.49
1ke3,6.7
2nq6,5.82
2k2g,8.12
2fm0,9.4
5w6u,5.49
6pl3,8.52
6f0y,5.11
3ndm,7.96
2gc8,5.51
3v5p,8.96
6ema,4.53
3gz9,8.4
4k5y,8.17
6dqa,6.44
5ye9,6.45
4hev,6.34
1t46,6.43
3m1s,9.0
1o2k,6.92
3h0e,8.15
4yw7,6.89
3o23,6.3
2ya7,3.14
2xg9,4.15
2vur,4.52
6df2,7.24
4mgb,5.44
4a9m,6.3
5uis,6.84
3m37,9.04
1ux7,3.0
4zam,7.96
5brz,8.15
3v8s,6.19
1cnx,7.37
3k8d,5.77
2p16,10.1
6hr2,7.0
4rcd,9.15
1w5v,8.15
3r42,4.08
2fzg,3.38
5vb5,6.46
6qaf,7.42
3b1t,5.66
3uza,8.94
6miy,7.73
2xib,7.26
5idp,7.35
1mfi,5.59
4der,6.31
1iht,8.46
3rcj,6.1
1kdw,5.54
5kam,4.11
3lrh,7.35
3ffg,9.08
3qcq,6.8
4kz8,2.8
6cer,5.36
3f07,5.54
1kf6,6.7
4eos,6.05
5drt,5.36
4cfx,5.06
2zb0,6.62
5om9,4.25
2df6,5.98
3hu3,6.89
5j6d,8.22
4bah,8.7
3bti,6.14
4zx1,6.14
1qhc,7.57
6r11,4.92
2aa9,2.92
3fvk,8.82
1kel,7.28
3qvv,4.42
3ijy,6.04
3ohh,7.74
1b55,7.4
1b32,7.1
3k48,6.31
5kjk,7.92
830c,9.28
5csx,8.22
4aof,7.1
6fob,7.63
5mz3,6.66
3mrv,3.74
2qhc,8.96
4bgy,2.96
6hot,4.4
5khk,6.39
3p55,7.1
3szb,4.92
2xlc,2.3
1k4h,5.11
3sni,7.96
5db0,7.43
3nrm,8.4
4l6s,8.52
4ezx,5.8
6ay5,7.16
3chs,7.77
5hvp,7.7
1ms7,6.77
3bug,3.18
5wuu,6.09
2vwl,7.02
5j32,5.08
6qw9,6.64
2pq9,8.11
4djx,7.23
3ip9,5.62
5iay,5.8
5zc5,7.06
6pg3,3.32
4zcw,7.37
5tyr,9.59
6q74,8.2
3kwf,8.17
6m9l,7.54
2lsk,4.89
5hg5,8.7
3gqz,2.17
3ant,8.07
5otr,4.92
2ygf,5.09
1xnz,6.62
4tkn,5.89
2qmd,8.3
3o6l,7.51
5jas,5.77
2wxm,7.4
6fkz,6.05
6hbm,5.02
3sw2,8.33
1sj0,9.1
5nxq,6.49
5zo7,9.0
1jmf,5.77
6q60,5.71
2rnw,2.98
4cpq,7.74
6mo8,5.84
4jaj,5.26
1ssq,6.0
5doh,7.49
4bxu,7.0
6qas,7.74
3gtc,2.35
6p84,4.81
5u8c,7.53
5agj,6.15
1eoj,13.77
3omc,5.0
4q8x,3.57
5een,8.96
3ftw,2.78
3zlr,9.26
2y68,3.6
3oc0,6.28
3rz5,7.89
4czs,5.0
2oc9,7.96
1jiz,8.7
5l3e,6.18
5lma,6.6
6biv,6.52
1jqy,4.92
3npa,3.87
3r02,9.0
5ezx,7.06
5ura,6.4
4zy0,8.04
3w55,7.1
6q9t,7.52
3nzw,5.82
1cqp,5.62
3ekn,8.4
1sqq,7.82
5dyy,7.24
6glb,6.89
5z99,6.88
5f3z,4.54
6p10,5.22
1o2z,6.11
6mo9,5.81
4ui6,7.06
4dt6,7.23
3d9k,4.72
2y2p,4.7
4lj3,9.0
6fmj,6.12
1ciz,7.44
5h13,4.94
1u32,7.01
2ieh,6.96
4jiz,5.62
3kr4,7.6
1g74,6.52
2nwn,6.3
3u3z,5.36
1ero,8.23
3e9i,6.22
1bxr,3.4
4meq,3.6
1gi8,5.05
5k32,8.8
1w0x,5.3
2f3e,6.81
6os6,5.96
6q39,7.85
3b25,6.07
3pp0,7.96
2foy,6.92
6qgj,9.0
1x07,3.28
1clu,8.27
2g5t,9.09
3g6m,1.71
4d83,7.26
3zrl,6.8
5dyw,8.31
4o09,7.7
3gba,9.07
6oxq,11.3
5wgp,5.62
3ppq,4.55
5ejl,6.62
3i7i,6.21
4yw6,7.08
5l2o,6.12
6e13,6.7
3tyq,8.3
4g8o,7.66
4bzo,7.89
2aow,7.42
6c9s,7.32
4fxj,3.62
3gol,7.09
6qtm,5.25
5h1e,7.54
5ax3,5.92
3q7j,4.52
5g46,2.6
3b92,8.0
1tfq,7.92
1q4k,6.55
2w05,9.0
1grp,3.72
5h1v,4.0
4jc1,4.3
2bvx,8.7
3bpr,4.95
2or4,5.02
3dvp,5.0
1nu3,4.0
1ol2,6.28
2f5t,5.17
3u7l,7.28
3ipy,6.29
3ekv,9.41
6e4a,7.36
1utl,2.47
3t6b,6.36
4gg7,8.2
4uxl,10.6
3h06,3.53
3l0e,8.0
3ckr,5.3
1x1z,11.06
1hnn,6.24
2cgf,6.41
6r18,4.92
4aa1,4.12
2ewb,6.1
2fde,9.15
5i9y,8.55
4h58,6.72
6qge,5.68
3zo1,6.0
1k3n,4.99
5d6f,4.37
1htg,8.42
5a0c,9.27
5dp5,4.73
1dqn,8.0
4l7g,4.0
3co9,8.0
5wxf,4.48
4es0,6.99
3tv8,7.15
2f6y,3.87
3p4q,6.52
5lpr,6.57
4bw3,6.3
3oe9,8.18
5hog,3.64
6hpw,6.09
3oaf,8.8
5usq,7.0
3eu7,6.18
6oe1,8.51
4luz,4.7
1tuf,4.05
5nkc,7.72
5z5f,2.17
6g2c,4.66
2gde,8.24
6c99,5.62
6s0e,5.5
5e2n,9.54
3chg,3.99
4tmp,5.43
6pi6,5.66
6boe,5.54
2qu2,5.43
5zuj,4.78
3gsm,6.48
4qta,6.7
3ixk,8.18
2rgp,7.52
1k6t,7.62
2ydk,8.15
1mf4,7.99
4pr5,5.66
2xpb,5.7
4nks,7.17
3gen,9.14
5orh,4.39
2ax6,7.57
8gpb,3.6
4fxf,5.19
1ugw,3.09
4hco,4.32
2qk5,8.1
6g35,7.76
2yne,8.57
2zsc,7.06
4cdr,5.1
5q0p,7.41
6sdd,8.4
4ocv,5.08
6n0k,5.07
5svk,8.48
1snk,9.6
1yda,6.55
4gmc,7.74
2xtn,7.4
4gv8,6.49
2e2p,4.74
4ax9,9.57
5f2r,4.28
3qnd,4.85
4rx7,8.3
5mk9,4.42
5edd,5.24
3ed0,6.35
1wdr,2.52
6i61,6.24
2xn5,6.69
2dua,4.77
4yt7,8.77
5aux,5.0
1k3t,4.19
2kdh,2.96
5agu,10.0
6epa,5.95
2yz3,6.66
1is0,7.0
5k8s,8.22
2hiw,8.1
4ztm,7.6
3wc7,8.26
4euo,5.05
3hhu,7.39
2uy3,3.22
5jv1,6.07
5law,7.1
4ydn,8.64
6ayi,6.68
2p09,6.35
4ibm,5.74
5m51,4.72
6ehh,7.49
6dud,6.59
1msm,10.48
2jh5,6.44
4ycv,5.82
6as6,4.82
4x6i,8.0
4zcs,4.33
3zj6,6.66
3f69,6.0
5ujv,3.6
3jzh,3.4
1pf8,7.51
3ljz,8.14
6g15,5.37
4g3g,8.43
3mo8,3.1
6q9o,8.47
4jzf,6.76
5t8q,4.16
6n94,4.7
4uiz,4.7
2gm1,7.0
5hgq,7.34
5mnx,2.48
4b0b,3.33
6alz,10.42
6kqi,8.06
3vhd,9.28
6rml,5.82
3tlh,8.82
6dz0,9.03
5c26,6.77
1njs,7.82
6nad,9.3
5ovx,4.5
4jyt,7.4
3saz,6.1
5ml5,8.0
3iet,6.85
4frs,8.77
5nut,7.92
2e5y,5.85
1e5j,4.0
3zzf,0.4
6ql2,7.77
3fn0,4.4
4rux,7.92
4w54,4.17
4c1u,7.09
6rsa,4.4
3qw7,5.74
6b1o,8.51
3th8,6.25
4zx3,7.19
1o2h,7.17
2n7b,3.55
5dtr,4.41
3juk,4.89
2clm,3.55
3l8x,8.0
5g57,8.4
6i7a,4.26
4yp8,7.89
4jnc,8.52
5kh7,3.66
2gph,5.3
2xj1,7.55
3unz,7.8
4drm,5.24
6gva,8.22
4xu0,9.11
4z1q,7.82
6ohd,9.38
4n9b,5.28
6nrg,7.25
4um1,5.77
5jim,3.99
3umo,3.89
3uzj,5.55
5dw1,7.1
6oqb,10.3
5lxb,9.77
5wp5,5.34
3tmk,6.87
2yi7,8.32
3odl,7.21
6dkb,9.15
2gu8,8.59
2v12,9.05
4b9z,4.09
4og4,6.02
5tuq,6.35
3egt,8.9
1d2s,9.74
6oy2,9.87
2yoh,4.96
5nge,7.19
5j4v,5.85
2iok,9.0
3fuc,9.72
6oyz,6.73
6i0z,4.04
6g2a,3.79
3ldw,7.97
6af9,5.49
2ay9,2.16
4btm,5.39
2i3v,6.55
4o5g,4.3
6cj1,5.27
4b60,5.43
3o0g,6.22
5db1,7.66
2bq6,10.15
6cbg,3.95
6k5r,4.27
3msc,3.31
4av0,6.98
1o5m,8.72
3kjq,5.88
4urz,2.52
1vyw,7.43
4qmn,8.52
4u01,8.46
5tbn,5.44
4htx,8.33
4ris,6.05
4umj,5.57
3q2g,8.46
1o37,6.82
4nhx,5.72
6o5u,4.38
4byi,8.05
6ew3,7.4
4qvy,5.09
5lo5,5.87
4pxm,8.89
3zlx,3.8
5xmx,7.24
6h7y,9.46
2wcg,6.38
4wmu,6.74
4bgx,1.77
5gwy,4.95
2vwo,7.51
6h0b,4.15
6t1l,4.77
3e5u,5.85
4e4l,8.77
5voj,8.44
2qlb,5.89
5n58,6.1
3w2p,5.09
5wa5,6.72
3osw,6.15
5l2w,6.68
5oxk,2.17
6mlp,3.7
1kti,3.43
3g15,7.0
1m5f,7.83
3bhb,8.47
5fdg,6.37
4mx9,8.59
6hrt,9.0
6k2n,1.36
4o7e,5.24
3l7c,2.44
4tw6,4.21
2c2l,5.55
2dbl,8.7
3mj5,6.49
2f9b,6.52
4tmk,7.7
6fhq,2.47
5c1x,5.75
5k8o,5.96
4p75,4.1
3hk1,6.17
4qij,5.54
5eng,5.85
2p95,9.37
6iar,7.6
4f3h,6.38
6c7d,9.77
4dew,7.0
4ogt,10.0
2oic,8.4
2a3a,2.82
3d0b,6.54
2x7t,6.63
3arx,5.33
5wj6,7.57
5f1j,4.92
4gqr,3.96
5g4m,3.86
2j4i,9.0
5a5v,7.48
2toh,4.15
4xya,5.86
3lk1,4.26
5agr,5.43
2ofu,9.0
5sy3,4.37
2nmy,8.37
5laz,8.4
3uw5,7.85
6cki,7.24
2wxj,9.0
5ml8,8.1
5njx,4.15
4luv,2.85
1xh3,5.51
5wex,7.18
3s3n,7.06
4i60,5.73
2g2r,7.89
4u7v,5.49
5zyk,6.74
4a6w,5.72
1b2h,4.54
4c37,7.71
1rne,8.7
6r5f,7.7
4eqf,6.81
3uwk,4.24
3c72,4.64
5umx,5.96
5dp6,4.83
1mpa,8.04
4ifi,5.48
1n4m,6.72
6sq0,9.1
5g11,7.21
5e1s,7.92
5tho,7.64
4prj,7.14
5ho6,6.69
1b4z,5.23
1rev,7.48
5j1r,4.66
3dxk,6.33
1bap,6.85
4msc,5.96
4bbe,8.44
6fng,7.14
3dp1,5.0
4ksy,8.42
1jii,9.0
2xs0,5.15
5hz8,6.4
3tku,5.72
5zk9,7.34
5u1q,5.96
4r92,7.41
1o4h,2.44
4q83,4.19
1hi3,4.19
4rqv,5.05
2of2,6.68
2z5s,5.66
2f18,4.1
1utz,5.85
5gvm,6.73
4mo8,8.0
3ipx,6.92
4hgl,8.1
5os8,3.98
5hrx,5.29
3pz1,6.14
1moq,3.46
1vsn,9.7
5o5a,4.77
5edi,9.52
4fz3,3.73
3t0w,7.3
5in9,6.36
1bwn,7.06
6d4s,6.05
2iv9,4.34
5dhq,5.7
4n00,8.02
5o1s,3.65
3zxr,7.7
3iaw,5.8
1lhg,7.1
4ppc,9.03
1h1d,8.22
5uzj,6.78
3tic,8.87
2wxl,8.34
4p00,6.4
4iif,5.18
2pll,8.3
3o64,9.4
4tsx,4.99
6gj8,5.87
5hva,7.07
6nvj,8.28
3uyt,8.1
6czf,5.8
3m6r,7.49
3f88,8.64
5akj,5.86
6h4d,7.96
6gbe,3.5
5vtb,6.96
5j3l,4.8
2ybp,4.62
3h6z,5.82
6fzm,6.04
3f68,5.06
5f91,5.2
3ibi,8.59
6gue,8.4
2bpy,7.4
6d1k,3.13
2bz5,6.15
1mmp,6.07
6r8o,8.22
6sfi,7.59
5fnf,3.15
1x81,9.19
3ta1,3.25
1t13,7.38
1vyq,5.3
3t4p,5.19
1exv,7.35
5m0s,6.69
3img,2.96
2pu0,7.82
2xh5,7.57
5ixt,4.6
3daz,7.93
5h0g,6.95
1b40,7.28
3zke,6.8
2x5o,4.07
3uod,7.31
4lpb,8.0
6ced,5.82
3hvg,2.7
2gm9,7.39
4fxy,7.54
3mle,5.24
2fu8,4.7
1qy1,6.52
6g2o,6.77
6nrf,7.74
5o22,8.0
4y8y,9.15
1qf5,7.37
2it4,1.62
3s0n,6.74
3lxk,9.8
4dff,7.46
5t1w,7.11
4msu,5.85
3dpe,7.24
2rnx,3.4
4ibf,4.43
4bds,7.6
4joh,3.35
5lyy,4.85
6qqw,4.72
3lok,6.92
1fh7,5.24
1gt3,6.46
5aol,2.32
5eie,7.64
5d2a,5.59
1hc9,8.72
6cjv,5.66
2yg2,6.05
6ajr,4.31
6eo8,7.0
6h33,9.22
3ctq,7.4
3tf7,3.52
3mi3,5.45
3pbb,7.02
4trw,4.14
2kfg,2.92
3da6,8.7
3su5,5.58
3luo,6.95
5eb3,1.45
6r49,2.1
1j80,6.52
3oof,7.3
3g0i,3.6
3tz2,5.24
5nai,6.1
1rhr,8.1
6h7o,9.85
3oob,4.67
3l4u,7.52
5ndf,5.85
5fbo,9.51
6dyn,3.19
4m7j,6.11
4llj,3.42
6giu,6.66
1ody,8.1
6a9c,2.74
4cfv,4.63
6n3n,8.74
4n5g,5.0
1sh9,6.03
4ddm,2.46
3cj5,6.34
4z46,2.82
6erw,5.36
3lpb,7.38
3qxh,5.24
5eec,7.1
1pfu,2.72
2uzl,6.21
5dx3,7.41
1jbd,6.92
6hcu,7.82
3d1e,5.77
2j77,4.89
3cth,6.96
3gi5,11.22
5j6a,7.77
4m84,7.31
3isj,3.68
3p3g,9.74
6mtu,5.22
2qdt,5.19
5hkb,5.59
5cgj,5.22
1w2k,6.46
5u62,5.89
3h1z,4.66
6rj5,6.52
4u0s,6.8
5m53,6.21
3nww,8.15
3lpg,6.16
4mhy,6.47
5dva,3.55
2zxa,8.35
5mpz,4.07
4ql8,9.15
3nzi,5.59
2vey,7.37
3i3b,2.23
4l7l,6.0
3hb8,5.12
6c7g,7.74
4wm9,6.92
4kao,6.11
6f1n,6.26
5jxn,6.41
4tw8,5.58
5x27,9.4
4btk,6.62
4otg,7.59
6cyh,3.15
4baq,9.01
6s7z,5.66
3pxq,4.43
4pda,4.21
1g2a,8.0
5gvn,7.05
2hzl,6.57
2xhm,6.8
6gfz,5.51
3heg,6.74
3s72,6.4
3su4,6.26
3ttj,6.68
6fam,4.01
2uy0,6.92
5y97,3.6
1y2g,4.08
1v2m,4.29
2w12,4.65
5ka3,4.59
5lzh,3.1
1tou,6.0
3ex2,3.7
4y8d,8.05
2iw9,8.05
3mkn,4.12
5n9n,9.39
4m3q,7.77
3plu,5.77
4q7s,4.42
1lah,7.52
5lu2,5.2
3kgu,5.92
2vte,3.91
5kr1,9.49
6mx8,9.43
3l59,3.7
4qwi,5.36
5ee7,9.21
3ovz,8.06
4qdk,5.85
5yql,4.59
6fmf,5.88
4pd9,3.33
4yp1,5.04
2exg,4.3
3ghe,5.89
5fl1,8.49
4xtt,7.37
1mxo,9.0
1ybg,4.8
6o8i,10.0
5yg3,7.85
4j1e,7.72
1rpa,6.0
4lq9,4.85
6gih,4.36
6op0,7.86
3gzn,8.0
4iut,5.72
2wyn,5.55
1nf8,7.82
4zv2,2.93
2bfq,6.89
3mlb,4.8
3kqr,4.43
1xuo,7.16
4rll,5.02
5hyr,7.38
4e3d,2.3
5ovv,4.48
6fyl,8.15
3p7b,7.74
3qip,6.89
6b41,8.48
5m7t,5.41
3i60,8.7
3djf,6.1
2x7s,5.78
1d9i,9.11
2ybk,4.62
2x2k,6.52
2wxh,8.05
3nq3,3.78
3zpr,6.65
6i8l,6.41
6sen,5.55
5a5r,5.9
3s68,8.66
6n5f,6.86
3ati,3.73
4eg4,7.89
3d14,7.66
3pgu,6.7
5nra,6.91
6fzx,8.15
6d3x,10.29
3s45,8.49
4anv,6.36
6ce6,5.1
4yvc,5.96
5mi7,7.11
4cfw,6.29
5dgw,11.05
1fq6,7.86
3vva,9.32
5m4q,3.51
2qic,5.48
2fq6,7.1
3vzg,1.72
2fyv,3.52
6do3,8.03
6dn6,8.15
4y8c,7.96
5hrw,5.48
6cq0,4.46
4gbz,3.11
6pii,6.96
6bmx,4.72
6rvf,6.14
1hk2,6.77
5v1b,7.47
4f6x,5.09
1b5i,7.05
4r4q,5.09
5fdp,6.51
4py4,5.77
5c6v,4.8
3e73,3.15
6fym,5.07
4bci,8.22
1duv,11.8
2qcf,3.49
4j08,6.66
1cr6,8.51
1o43,5.66
1pyn,5.49
3wq5,3.85
4li5,6.26
6cze,4.03
6d28,6.7
5i22,7.62
3f3t,4.59
3e6y,5.6
1ryf,8.8
4mhs,5.29
4jai,8.4
4n7y,6.26
4mrw,3.3
2uuo,3.77
2y1d,6.82
2igw,1.31
4wy3,3.62
6g9s,8.0
2nwl,8.7
4xtx,10.57
2qi5,10.85
