PDB_code,-logKd/Ki
6j8q,5.57
4nra,4.19
6ega,6.78
1rp7,8.52
3b3w,4.19
3fc8,5.39
5jhk,4.64
5lz9,6.92
4pce,5.15
1drj,7.4
4zga,7.7
1x7q,6.73
1rt2,8.22
4cbt,7.3
1u1b,7.8
1rtl,5.59
6ary,7.6
4acd,8.31
6ilq,6.36
5hgc,8.66
6cen,5.49
5tq6,6.91
3wiy,6.21
4ceb,2.97
6s4u,7.76
2g94,9.52
1ex8,6.33
3u6w,6.92
1d4p,6.3
3uvw,5.17
5nw1,6.6
3s2a,8.09
6hy2,7.3
6g6y,6.66
5kya,8.22
2yln,7.68
1cet,2.89
4uil,7.24
5a6x,6.69
2i4v,11.2
5u0g,4.58
3std,11.11
5ece,8.05
3b25,6.07
6dgo,5.47
5fns,5.4
3src,3.89
2i72,7.43
4gm8,9.0
3mxy,6.41
6gh9,4.48
1hsl,7.19
4bup,4.95
3k5k,7.64
2g72,6.5
3f34,3.16
4awo,7.62
6cj5,5.19
3h2o,4.59
5dlv,4.98
4cfe,7.22
5h9s,4.06
1x8s,5.1
1a7t,1.64
2oc9,7.96
4ff8,6.4
1b58,6.59
3hyg,7.03
5xig,6.38
3w54,9.7
4o5g,4.3
3asl,5.76
5tg6,4.55
6f8x,4.77
6ha4,3.97
5zo9,8.2
4hzt,6.12
3a1e,2.66
4xu1,9.49
1h46,3.57
4q8y,2.64
2p53,7.46
6npf,5.85
4u6z,5.41
6afa,5.49
3sl5,7.66
6oac,7.95
6n5g,7.0
4umj,5.57
2zoq,6.05
5usz,6.97
5w88,4.52
3wf6,7.48
1egh,5.7
1w3j,6.32
5d7x,4.82
3dt1,8.62
4x48,6.77
5alr,7.07
6h5w,10.8
4ase,11.0
4k5p,3.46
1o42,8.05
3fdm,8.7
1re1,5.21
1mns,4.17
6poi,3.49
2f81,10.52
3gxt,4.74
4ko8,7.15
3rk7,6.7
5i22,7.62
5fqt,6.8
1lee,7.74
4i7j,3.32
1ni1,9.05
3p55,7.1
1vik,9.52
3rup,1.57
5idn,8.59
1q1m,5.16
5ulp,4.61
4l52,8.4
3t6b,6.36
3ut5,5.74
5tvn,9.04
2ow6,2.7
5fdo,6.44
3zqt,4.41
5q0h,7.92
5v8v,8.89
5tg1,5.82
1rhm,5.76
4b13,5.7
3qs1,7.96
5wbp,4.36
5wgp,5.62
3lkz,6.15
3s78,6.47
5w10,6.62
2e2p,4.74
4aci,2.22
5mk3,4.05
5mra,8.0
4mgc,6.32
6ibx,8.7
3pcf,6.05
4o0y,7.22
6f8b,5.21
6qeg,7.3
5naw,7.3
2ate,7.07
4j24,7.3
5th7,5.16
3aaq,3.3
3oim,6.74
5dhf,5.66
5u4d,6.33
3th9,7.7
2vmc,2.94
6bo6,7.1
5j71,6.96
3m1s,9.0
1eou,7.44
4zbf,7.13
3cx9,4.89
6otg,7.5
1gt3,6.46
5g1a,6.57
5ads,5.67
6oa1,4.59
5vsf,7.03
4whq,4.12
1k9r,3.3
5xpn,6.99
6n7b,9.22
6c8p,6.7
5jf3,7.42
3nzu,8.85
4j7i,5.06
6jav,5.76
4v01,8.11
6joe,7.04
1wzy,6.25
3kac,3.13
5yzc,5.52
4k0u,7.26
3v5q,7.4
5m04,6.34
5km0,5.31
4lkm,6.34
5xmu,7.51
6imr,5.37
1mik,6.35
1v2q,4.13
6ht8,6.72
4b1c,7.1
5t5g,5.89
2rfn,8.3
6qgf,6.0
5cnm,6.81
4hxl,5.66
1qjb,6.38
3gbb,6.9
6g46,3.73
2dri,6.89
1nw7,5.09
2qhz,7.28
5nwb,7.8
3sbi,7.92
5mxf,3.59
1uyg,4.27
4jpx,5.15
5o4s,5.47
5htz,8.62
6prg,3.7
3f9y,4.49
1mpa,8.04
3e85,5.38
6nri,7.57
2b1z,7.1
5uxf,7.06
6c5q,6.66
1aqc,5.34
6cbf,5.17
4ufl,2.64
5gwz,4.71
5fl1,8.49
3asx,7.7
2gg5,6.6
6awn,9.2
2lzg,7.77
6cq4,4.85
4mvn,5.46
4eos,6.05
5zef,1.75
3lco,6.84
2osc,7.77
3srv,7.5
3kvw,6.89
4mw4,6.5
1him,7.7
6q92,6.1
3co9,8.0
4hmh,6.21
5nfb,6.11
4cwq,7.06
5hz6,7.8
3u8d,6.33
4zij,3.25
4ym2,2.85
5mwg,5.77
6qtm,5.25
3t7g,5.2
1a50,6.7
4kiu,3.85
3aya,4.33
2qwb,2.74
6b4u,7.68
4jrv,7.54
5xpo,7.08
1cim,8.82
2jdl,9.43
4pis,7.22
2yiw,9.1
830c,9.28
4cwn,5.59
6ep4,5.35
6m8d,5.14
5abw,7.77
5fh7,6.86
2ou7,3.81
6qxd,6.02
5umw,4.23
4anu,7.68
4e96,6.66
5jf2,7.89
6gmq,2.3
4jit,6.64
6aa4,6.33
5mav,5.48
4asd,9.28
1q4k,6.55
1ur9,5.77
3wzu,5.89
5k05,4.96
5nfh,7.74
3s7a,8.96
1hn2,6.0
5lkr,5.48
2o9a,3.81
2kpl,6.64
5vgi,6.98
3dx2,6.82
2itk,7.69
5zmq,4.74
4os5,4.63
4joa,7.54
5kbg,6.11
3uxd,4.41
5y7z,7.81
4lq3,6.35
5htb,6.77
1i72,7.26
1g5s,7.32
4uvw,7.72
2qn2,4.55
5b5b,9.37
2ow1,9.0
5al3,4.96
5a8y,9.77
4puk,7.28
2xdw,8.37
4zw3,7.57
5h08,5.96
2f2c,6.35
6b31,8.44
3gvb,2.59
4ojq,3.3
5mym,5.41
2zir,8.19
5f3c,6.05
3s9i,5.7
6dd0,5.48
5kqd,6.3
5c1x,5.75
2bz6,7.09
3ip6,6.6
5ew0,6.59
5w94,4.65
6h1u,5.32
4lm1,3.23
6n0q,7.4
1kak,4.59
3vx3,7.82
3bh8,7.95
3bra,2.7
3s0n,6.74
5tco,8.19
4wym,4.0
3ewz,4.1
2ofv,9.7
4gui,3.64
3s7l,7.1
6min,3.91
4jjf,8.0
6quv,3.0
5hkh,5.09
1lxh,7.19
4mnx,4.75
1i1e,5.03
3rin,8.89
6h7f,6.12
6g9j,8.39
5cqt,6.91
5t4v,7.22
6jam,5.23
5w4e,6.46
5uwi,5.8
6phz,3.46
1nz7,7.12
4c94,5.05
6eji,3.52
4rfy,7.0
1cs4,5.57
5vom,6.1
5o5a,4.77
4p6g,8.11
2exg,4.3
4aj1,3.11
4w9o,7.77
5yh8,6.78
3imc,2.96
3v78,5.54
2wmu,4.38
2i4p,5.7
4r4c,5.54
6p12,5.95
5kdf,3.27
6ajv,5.04
4pzx,6.0
4c6u,4.59
4qrh,5.15
5ggz,7.25
2a5s,6.7
1l2s,4.59
4qf9,4.43
3eax,4.92
3tjd,9.0
3uwo,6.36
1xd0,7.12
6p85,4.99
1mv0,4.03
3nee,5.34
1g9r,5.7
3vc4,7.62
4hww,6.65
3pj1,7.32
3p3t,7.24
3v51,8.55
2f3k,7.89
4qaa,6.44
1lq2,8.77
1zd5,4.87
6fug,4.3
4kz3,2.77
2oqi,8.49
4n6g,5.47
5j59,7.3
3ith,8.1
3m36,9.82
2qtg,5.08
2k3w,5.24
6gdy,5.46
1ogx,6.09
2b9a,8.05
1gwv,2.57
5tzz,7.85
1hmr,6.55
1bnq,9.49
6h4q,5.69
3f8s,7.89
4muw,8.01
5tci,6.88
4k2f,7.4
4jaz,5.04
4p74,5.0
3mb6,7.0
5afl,3.4
1xz8,4.52
6fdq,3.95
1pph,5.92
4bt4,3.34
3egk,4.66
5cj6,8.69
1hfs,8.7
6h41,7.05
5ap6,7.88
1d3d,9.09
3ggc,5.44
3qc4,8.7
5lyw,6.15
5igk,7.38
6m7h,4.7
4i6h,8.3
3zep,7.66
3axk,4.15
5lto,5.92
6c7e,8.55
2wb5,9.13
3o1g,9.0
6h3q,7.14
3sk2,3.61
2ban,9.0
3ryy,7.42
3r21,6.74
1zh7,6.3
6gg4,3.69
4eg7,7.34
5ji8,4.63
4e5j,4.73
5yc1,4.34
1mfa,5.04
5cwa,4.77
5iez,7.64
3n46,4.3
5n21,5.96
6g7a,6.78
3k4q,5.34
2wxl,8.34
1qf1,7.32
5cp9,3.51
4y6s,5.03
5k8o,5.96
6qau,7.48
220l,3.4
6n3l,7.57
2pvl,7.62
5vzu,5.57
4o10,7.11
6qs5,6.24
4q0l,7.7
1lox,5.52
2gvz,6.89
1okw,5.25
6h7d,5.49
2z4y,6.15
6p89,5.01
6bc9,9.43
3r5m,4.34
1qng,7.89
1rth,6.4
2y7p,5.47
3iu8,6.24
6pvy,3.19
6d07,5.28
1ouk,9.89
5jm4,7.42
6dpy,4.1
6m8q,6.43
6gf3,4.84
1pzp,3.31
4uc5,5.48
3qrk,7.24
2pjb,7.72
5ggl,1.78
4u69,4.26
5irr,5.27
5ap3,7.03
5t1k,6.28
5a3r,7.78
4ks3,6.37
4uj1,6.52
4oho,7.77
3pju,4.88
2g5t,9.09
3qpp,7.92
5y80,8.79
2xk1,5.74
3hqz,9.38
3znc,7.34
4o55,5.3
5mge,4.06
3run,5.44
3wjw,3.87
1pwu,5.68
4whl,6.4
6apu,4.87
4ido,4.93
5vsj,4.02
4nhy,5.64
3lp2,6.66
1h08,4.55
3hp5,7.15
5j3s,7.72
2x8z,7.96
4y8c,7.96
3eju,6.6
5b4k,9.34
3k23,8.2
2x38,6.89
5n84,7.96
1k4g,5.85
3tfk,5.01
5dx4,6.86
2yiu,6.89
1aq7,6.05
5l72,6.8
4oym,4.96
6mmq,3.62
1cx9,6.75
2ksb,3.12
6bj3,4.77
4j5b,6.22
3q3b,7.76
1tni,4.0
1o4o,2.46
4eke,4.48
6rj6,8.52
2zym,6.14
6aqo,6.11
4oyt,2.81
4ebw,5.06
5os1,3.31
2iog,8.1
1heg,7.74
5w85,8.0
5enf,3.57
5uit,8.34
5f25,5.04
6m8a,5.26
3bze,6.0
6q6o,7.54
3r6t,5.86
5nfa,5.25
5d7r,7.89
1qkt,9.04
3mwu,8.05
5zty,10.12
2c4g,5.94
2hmu,7.7
5ddb,7.09
4rlp,8.14
6hol,5.72
5c5t,3.13
4ury,2.22
4igq,4.52
6p87,4.6
1b6m,8.4
6i41,4.21
1grp,3.72
4pp3,7.82
1alw,6.52
4k1b,11.52
5jsg,4.85
4dbm,7.62
3pd9,6.22
5a1f,4.61
5v3x,6.59
3eqr,8.7
6o5u,4.38
2clh,4.06
4dkq,6.6
2hnx,7.08
2gnj,5.22
4aqh,6.54
4gbz,3.11
5ovg,6.4
5nxy,5.05
5bqg,4.76
6br3,8.72
3uvx,4.34
2r58,2.0
4xar,6.97
3kid,3.18
5sz4,9.7
4k42,6.55
3rwj,7.8
2xwe,6.02
5qtu,8.39
5zc5,7.06
2cbv,5.48
1k1m,7.4
6hu0,6.91
2xow,5.22
4xv1,8.38
4jbl,3.27
1c88,5.29
5n9s,8.62
2pnx,5.1
3fu6,3.97
4b72,6.2
4er4,6.8
6g37,7.37
4r6e,7.78
1ssq,6.0
6djc,6.63
5g3w,7.38
5yv5,5.41
5h13,4.94
5fe6,2.16
5tp0,5.44
6ncj,7.62
4npv,7.46
5oht,6.02
6im6,4.68
2r5p,8.48
2xnm,6.8
2xae,7.3
5eyr,5.3
3n87,4.96
3ctr,5.16
6f8r,4.7
1f74,3.05
5fnf,3.15
3met,6.0
1c29,6.33
2zc9,6.74
6g92,4.12
1yye,8.57
5ar5,6.3
1q6s,7.92
3ual,5.81
6drt,4.97
4bcg,8.15
1ms6,9.52
5tyj,7.46
5fho,6.67
5vo2,6.81
2pgl,3.59
4q2k,7.48
4csy,3.06
3max,6.05
4m6p,7.27
6cn6,8.3
3k3a,7.08
3t01,4.48
3fhr,6.68
1r0x,3.83
6n3n,8.74
3nw6,8.15
1x8r,6.12
5fh6,5.92
4ymb,6.21
6qac,8.21
5o1c,3.95
3ern,1.72
6abx,2.14
3mho,6.49
4dfl,6.17
4z0e,5.3
4iu4,5.0
4zx4,7.11
1t5a,4.62
3d1v,3.49
6gu6,5.74
4ov5,7.43
4u0m,5.77
2aou,7.73
4i6f,8.3
4l7g,4.0
1q8u,5.96
5w8j,6.43
3ehw,4.82
2vr3,4.98
5khd,5.6
3ogx,6.48
1fch,7.15
3nzw,5.82
3adu,4.14
3hu3,6.89
5m9d,5.8
5xmt,7.58
2j94,6.27
4cxy,4.93
5ocj,4.82
1mtr,8.4
3ff3,3.57
3wzq,6.23
3rv9,4.92
6a1c,8.15
3c10,6.52
3rv7,4.85
4avt,8.06
4is6,6.2
2obf,8.85
4hva,5.89
3hl8,4.49
2ha6,4.32
4lng,5.62
4ob1,6.3
1hvi,10.92
4xub,5.97
5thi,3.61
5var,4.09
3efs,5.34
2wxq,7.47
4ek9,4.42
6qxj,4.79
5opr,5.59
3m6p,8.35
4o05,7.43
6gj5,3.36
3wz6,5.96
4bs4,8.22
4l6s,8.52
6ezg,7.69
5c2e,8.7
1m48,5.09
6jz0,7.82
5jcb,4.21
6np3,6.47
5kpm,7.82
4onf,8.92
4dmy,9.0
6md0,5.9
1nfx,8.52
3sh1,7.39
2pj3,8.18
2bq6,10.15
3sfi,6.4
3pdc,7.49
4q1e,8.17
5dcz,9.3
4p02,6.4
5am0,5.88
3mof,3.07
3zlx,3.8
5j75,6.82
1gyy,3.64
4m84,7.31
1vj6,5.1
3g4f,4.52
4i7p,3.5
6eiq,6.42
4hso,4.66
3m17,7.4
1xdd,6.7
2qk8,7.91
6dj1,10.51
3eqy,8.05
2y7k,4.93
3muz,3.46
6ssy,3.19
5du6,5.02
3odl,7.21
6g6w,9.7
4ezy,5.65
6gxq,7.1
6o50,8.55
3vva,9.32
1xh3,5.51
2y68,3.6
6k9u,10.05
1uy8,4.12
1gvx,7.22
6kmj,4.79
4rsc,6.63
3v7c,5.74
6q2y,5.26
2x7o,7.47
1uu9,5.4
2y0j,7.92
5t28,8.49
5n2x,6.06
4kby,6.73
2j2u,7.33
6bs5,5.7
2yc5,7.46
5ta4,7.62
1z6p,6.05
4jsc,7.13
5qap,4.0
4obq,7.19
4yho,10.74
3k5f,5.43
3i1y,8.15
5dxb,6.28
2vqm,6.01
5un1,5.8
5u13,5.41
6ayr,8.39
3jzs,8.1
3fty,3.21
1zm6,4.35
1qs4,5.64
2x2c,7.72
2fgu,9.18
4c2v,9.0
1n3z,4.2
5xw6,4.91
4kfq,8.23
2mg5,6.15
2isv,7.43
5db0,7.43
4hfz,5.72
3v5l,8.15
5oci,8.05
6ckr,7.3
6qfg,5.52
5etn,5.37
3p76,8.68
5k00,8.15
3ozs,5.33
1azx,9.4
1i9o,8.42
6bgv,6.74
4eyj,6.21
4q6r,6.68
3l3n,8.18
5ak3,5.07
4xt9,6.8
4btu,9.3
4erq,7.12
6eij,5.77
6olx,5.38
1xn3,7.4
4flk,5.25
2wc3,6.08
6oxy,9.55
5eh7,3.48
6eqp,5.96
1vgc,5.92
6q8c,7.68
2hd6,7.8
4yzc,8.52
1h25,5.74
6b7h,9.03
5ftg,6.15
5zla,4.3
4mx9,8.59
3uz5,7.22
4a4h,2.77
6dq4,4.92
2lpr,8.89
5iok,5.02
3f7z,7.19
3qzq,5.64
6i9a,10.0
4ax9,9.57
5lvq,4.14
3e63,5.8
3e64,7.11
2hvx,7.54
1ttv,6.8
4lko,8.22
4b81,4.92
1d3p,7.39
3qs5,4.71
2iwx,6.68
4bde,4.8
4hw7,7.21
2o8h,7.6
2r5a,2.6
1q83,12.39
1v1j,4.82
4x14,2.92
5ab9,6.33
1tsm,6.0
1tpw,3.3
3piz,5.46
5jmx,5.09
4eh6,2.46
1ecv,4.85
3i6z,7.3
3heg,6.74
4jx7,6.91
3ieo,6.48
1o44,8.52
4h2j,5.32
6o2p,8.18
2b1g,6.64
4zs2,5.49
3l3x,6.15
3eeb,5.89
4etz,6.3
5owf,5.8
5ttg,7.34
7abp,6.46
1qw7,3.6
4i5c,8.82
2vj9,6.74
4ryl,7.28
3cgy,3.15
4ps3,8.7
5jk3,8.14
4b77,5.1
5try,7.8
3sio,8.0
1eub,8.72
3sou,5.68
5vkm,3.55
3tsd,3.66
4ijq,7.52
4gq6,7.28
1mq6,11.15
4r3w,3.0
6c3l,4.44
4rrs,6.68
4rn2,5.82
4d0x,8.1
4tu4,3.76
5f74,5.12
1mqg,6.28
5c7d,5.11
4a9m,6.3
3l8v,8.1
1fd7,1.85
5cal,7.66
5ayt,6.77
3be2,8.7
5trr,7.39
4r3c,7.0
5unh,9.46
4je7,6.4
6esj,5.68
4y85,7.89
6pyd,6.81
5nrf,6.79
1ysg,3.52
3ejs,6.6
6mtv,5.11
6s55,6.2
5bvd,9.8
3r4p,7.96
5wre,6.41
1ydr,5.52
2p8s,7.68
1m2q,6.1
4akn,6.1
5e88,7.19
6aao,2.11
1tow,6.24
4nhc,7.34
2ay6,3.11
4mrw,3.3
2ym6,6.06
6o0p,9.96
3ddp,7.14
4hvi,7.16
5xvu,4.65
1pxl,6.05
3uod,7.31
5std,10.49
3u15,7.11
4qz2,5.21
2a3c,4.43
4heg,8.92
3sus,4.15
6g4y,8.82
3k0k,5.43
6g4m,6.6
3djx,2.81
5vdv,4.0
6qqv,4.92
3sn7,9.15
6eqw,10.65
4feq,5.96
2p2a,6.12
3ujd,4.69
1czc,2.82
4fmo,5.53
4cpw,7.5
1clu,8.27
4gql,9.59
4u0f,5.92
2g0h,7.64
1jvp,5.8
3wdc,7.92
2bw7,5.7
5ct1,1.52
1o5b,5.77
2xk4,4.77
6h4s,7.42
4abg,3.57
5hn8,4.01
3qcx,7.2
1g5f,2.64
5oxk,2.17
6df7,8.0
2z4z,5.73
2wmv,5.04
2vw2,3.3
2fzz,10.52
4z6h,6.21
2ggd,3.8
3hkq,5.34
6bsm,6.8
5sz9,4.42
3nuy,3.46
1jrs,6.4
2ojj,8.7
3kdc,9.28
3k7f,7.7
2fhy,5.96
3hha,7.9
5hl9,4.66
5m77,7.61
1udu,9.05
3c6u,8.87
2wyj,9.0
3rr4,4.55
1tr7,6.82
5klp,4.64
4lv1,7.4
5tkj,8.15
3gc4,7.6
3ime,3.0
1y2c,6.57
2b1i,6.82
6g5u,6.4
5e2p,8.8
1eix,11.06
4ztr,8.3
1xp0,9.0
5mqy,7.11
5i2e,6.64
4xg4,7.67
6ea1,6.59
6ncp,5.74
5lbq,5.11
2r3f,6.3
4giu,5.33
5mks,4.77
2b52,8.1
5gvm,6.73
3sur,4.15
4c4e,7.6
4bo7,7.0
6fa3,7.42
1g98,5.7
4pzv,5.7
3gpj,5.11
6pi6,5.66
4y5d,5.92
6h4p,6.99
4arw,7.13
5est,6.52
3clp,3.69
4w4y,6.46
5cy3,7.8
3wk8,4.31
1db4,7.24
1x7e,5.97
4zow,4.12
4f6w,7.52
5vex,4.63
4ogv,8.05
1tvr,7.48
4cjq,3.59
2ie4,10.0
3bmy,7.52
1b39,6.92
6ios,4.1
4mr6,6.6
2qcf,3.49
6mqm,9.57
3f3u,4.74
3ddq,6.68
4b73,7.21
5ylj,3.86
4a4g,2.99
4k3m,3.55
3qiz,5.21
4o09,7.7
5enm,7.15
5mm9,6.42
2ygf,5.09
3che,5.29
3gr2,2.52
4nh7,8.4
4lar,4.68
4hge,7.92
6gj8,5.87
4mmm,3.82
3ken,5.4
2er9,7.4
1qxl,7.96
6nk1,6.66
3fyk,7.4
3ijz,5.22
6h33,9.22
5v6y,8.47
2f9b,6.52
2ypo,4.68
6me5,8.78
5j1r,4.66
4pnl,5.52
1kkq,6.62
1d4k,9.22
5w6e,8.04
6rfw,6.5
5d75,6.7
5ahj,8.23
4q87,4.85
2rgp,7.52
4i7c,8.22
6en5,7.94
1ppk,7.66
3mg4,9.3
6e3z,7.76
2mip,8.46
3cbp,5.6
6ceh,7.44
6ift,4.68
4eon,6.05
2w1c,8.0
3mfv,2.52
2nn8,3.59
2eh8,7.96
5xgl,6.88
3m3o,3.6
1qq9,2.06
6npe,6.3
4pd8,6.03
5ceq,7.38
6e6w,9.96
5t8o,6.51
4nh8,8.52
4wbg,5.55
4gqr,3.96
5hdv,7.82
1uyk,4.77
6hk6,6.41
5unj,6.62
2qky,9.61
1h28,6.52
2o9r,1.68
6n92,4.97
2yns,7.6
6ggg,9.2
3zpq,7.17
6s9b,5.68
2ym8,7.89
2q8g,7.06
5o7e,8.0
4mi3,4.12
2z7h,6.94
3uri,9.0
6dyy,10.55
4prb,3.88
4caf,7.12
3dek,7.57
2l7u,3.98
2ow3,8.52
3pwk,3.35
4o28,7.54
3vhe,8.21
3tza,5.5
1ajx,7.91
4bgh,8.4
5w8v,8.22
1r9l,5.4
3ig1,6.14
5z1r,5.7
5efj,6.46
3wuu,5.14
1n1m,5.7
5kbf,8.92
1yw8,8.0
2ien,9.0
2xml,3.3
4gzt,7.77
2uyi,6.32
1jcx,5.15
6npm,3.96
1gx8,6.37
1nhv,5.66
6mzq,8.41
2ojf,6.96
1tu6,9.08
3b5j,5.68
3pd3,4.44
3v9b,9.3
3e73,3.15
2wl5,4.52
3d0e,8.4
3fqa,0.49
6f5w,3.83
2bzz,6.43
1nlj,9.8
4cjp,3.32
3r2b,8.4
1l2z,3.69
5o48,4.7
5za9,6.74
2w6t,8.57
5bnm,4.82
4xir,6.94
1sln,6.64
2bpy,7.4
6d1l,8.12
5yqo,6.09
5a3t,8.4
4hdp,7.51
5acy,8.19
5ubt,8.62
3ske,7.77
5vee,6.11
5efb,8.37
6qw8,6.4
1lfo,8.05
1a42,9.89
2g24,5.4
4m5l,4.72
1nlt,4.92
4k9h,7.12
5w7x,4.1
2oz7,7.85
3lvw,2.67
4ieh,7.85
3pcc,3.62
3st5,11.3
5ajz,5.7
2anm,8.74
3drf,7.0
2amt,4.44
1d4l,8.77
1svh,6.44
5lrj,8.72
5lz4,5.7
5gof,4.05
4j2t,7.96
1v2t,4.71
5mrb,6.33
5cqj,4.81
4n98,3.55
4z2k,5.78
2pvk,8.3
2ly0,4.8
5ohi,8.47
4a6c,7.92
6c9q,5.1
5f02,7.44
1iiq,7.48
3ns9,8.52
4jx9,8.62
2fxs,6.06
3f5l,3.72
5m6f,6.66
5t1m,5.82
2y1n,4.77
6h37,8.59
6qri,4.82
4qlq,8.18
2ci9,7.22
6k05,6.56
4hbw,5.32
1uym,6.0
2zn7,7.89
3r8u,5.3
4jik,7.74
5eml,7.64
5qav,4.15
5h3q,8.22
5z1d,8.3
6mlp,3.7
4yoj,6.39
2ews,6.62
5edr,7.46
4c66,4.1
6mod,9.15
5y86,6.1
6g6z,6.66
6u7p,11.68
6g0z,5.32
3vfb,9.04
1vwl,5.63
6pl1,7.65
3twv,4.76
3zso,5.12
4ual,8.4
5izq,8.52
4n1t,9.1
4fcm,3.94
5fao,7.96
4dce,6.76
1ypg,8.0
2q9n,6.37
3ao2,3.77
6das,8.31
5vio,8.62
1gt4,6.52
6oot,11.3
3upy,5.62
4rj7,7.66
2oq6,3.6
3av9,3.36
5muc,6.04
6ee6,6.67
6htt,6.66
3dgo,6.74
2dua,4.77
2qhd,5.38
4qfl,5.11
1pf8,7.51
5w0e,9.03
2xbp,5.02
1fd0,8.4
4qgf,7.16
6fmj,6.12
6bef,3.98
1p4u,5.3
1b8o,10.64
6ntj,6.47
3fc1,8.0
2oo8,9.0
6fmn,5.95
5ef7,9.0
4p0n,8.66
5k4i,8.51
1i8h,4.54
4mp7,5.74
5hkb,5.59
5dia,10.46
5om2,4.06
5jog,8.24
5sxn,4.96
3rsr,4.36
4zsr,4.44
6pys,7.15
5svz,5.92
3p79,5.64
1y3v,5.64
5jt2,7.47
5l8y,6.4
4gee,9.0
4rlk,5.02
1lhe,9.54
4edy,5.83
2fuu,5.57
3bel,7.85
3kxz,7.46
5moo,1.31
3ldq,5.36
4y5h,7.82
4dcy,4.52
4zyq,8.01
3ddu,7.4
3amv,7.97
3vhd,9.28
5uf0,3.8
5wlv,8.52
6p86,4.7
1pxh,8.74
5qab,3.65
2evl,6.7
5fv7,6.74
4mzs,7.92
4jr5,8.15
2cgv,4.56
4gs8,7.0
1tuf,4.05
3hng,6.74
4jzi,7.4
1gym,2.7
5kly,7.21
4ufm,3.72
2cmb,7.19
1q1g,8.57
3vd4,4.82
6qef,7.22
4qac,9.4
3q32,8.74
6dq6,5.07
4m8h,7.6
2zx8,9.64
6r7k,7.3
2v6n,5.86
4qmo,7.72
4mzj,5.8
1fao,7.37
4j7e,4.85
6jb4,5.98
2xk6,5.8
5j58,7.3
2xxw,6.41
3chq,7.7
5ct2,2.92
5swg,4.48
3m57,5.4
4o24,4.3
5cpr,7.56
3pz1,6.14
6s1s,5.84
2oi9,5.7
1uwb,8.34
1zom,7.52
3ioe,3.27
5cjf,9.59
2h6k,5.06
2rcb,6.79
5fsx,2.72
4qij,5.54
5fyx,4.16
6msn,4.95
4nan,4.72
1flm,9.37
4xjt,5.14
4j3i,5.74
3m1k,5.39
3suf,7.56
1wdn,6.3
1qja,6.38
5kos,8.82
3rdh,5.03
5i89,7.48
5ort,3.05
6j7e,5.04
5ni5,8.05
6c7r,9.0
1vjd,3.54
5qby,7.4
5h21,5.19
3uex,6.92
3ftv,2.93
5cil,7.39
5n0e,8.44
4kz7,2.49
1v2k,6.19
1o4j,2.36
2lct,5.14
5nmg,5.75
6nwl,7.37
1yyy,5.09
2wzf,7.0
5etv,6.24
4z46,2.82
4b5t,3.33
3jzk,5.91
4mi6,4.31
4lm4,3.04
3l4w,6.0
3zrc,5.27
5lws,3.94
5brz,8.15
3fee,6.64
1w6j,8.19
4agc,10.7
5xhr,5.1
5dx3,7.41
3i3b,2.23
6ap8,5.1
6py0,6.41
4b6o,7.0
3u9n,7.0
5npd,7.42
2zz2,4.54
6ayt,8.85
5qaz,3.4
1d4h,10.0
5ags,7.4
2qbr,6.33
6ntb,5.15
6rvl,5.94
4qyy,7.3
5ost,4.56
4mzo,6.57
5vdu,4.0
1okz,8.3
4j70,5.24
5als,7.72
5kde,3.89
4ezx,5.8
4rj8,7.77
4fl3,3.82
6dha,5.68
1q66,5.77
3zcw,6.19
1q3w,8.4
6hk7,7.34
3wcl,6.59
2y2k,5.16
5v8q,8.44
2r9s,6.82
6afl,7.0
5caq,8.57
3sv6,7.46
6bdy,5.69
5e90,7.85
4hy9,7.1
3l8x,8.0
3lc5,6.57
6ej3,5.93
4anx,7.74
5zyj,7.21
3c7n,6.7
5zag,6.97
5fnd,3.49
2l0i,4.82
2rnw,2.98
5k5e,6.35
6cnj,8.11
4v0i,6.33
4f8j,5.07
4ez5,6.52
4c61,8.4
2h2h,4.98
3wk9,4.15
5l2w,6.68
6no9,10.52
5dkr,5.22
4n7g,5.66
6m89,5.64
5da3,7.1
5hvu,7.89
4wkv,6.79
5uxn,4.64
6emu,5.03
4g68,7.92
1fv0,5.93
2ilp,4.82
6dqb,6.49
1fj4,4.59
5a8x,8.19
2we3,4.43
3n2e,4.96
1akv,11.59
1h8y,7.7
3gep,3.75
2uxx,3.3
4gne,2.47
6udx,8.0
6emh,6.08
3dcw,9.0
2c6n,6.88
1wbw,4.36
5knr,5.85
6szp,4.74
2i3i,7.3
1ctt,4.52
6pxc,6.37
3o23,6.3
4kba,8.22
6nsv,7.8
1h1q,6.0
1m2x,4.15
3ti3,8.74
5fsl,4.62
6ckl,3.89
4x7h,7.38
6nkp,6.52
1axs,7.77
5lgn,5.54
5kbq,7.0
4hai,8.1
3f1a,7.21
6i66,6.74
6msy,7.0
4dko,6.52
3ijh,4.0
6ibz,7.66
6apv,6.96
1moq,3.46
5l4f,5.89
5za1,7.52
3mg8,8.92
4bnu,7.7
3rz5,7.89
4r1v,9.0
1hn4,3.82
5xmx,7.24
6nfz,7.8
3poa,7.0
6hvu,6.59
3fk1,2.62
5mme,5.85
4uv8,6.47
5mrh,4.2
3cgo,5.52
4zzy,5.6
6qmd,3.77
1shd,6.17
4rcp,5.35
4znx,6.62
1w0x,5.3
5xv7,7.96
4yxd,4.34
1gmy,7.35
6q9w,6.24
5ctb,7.64
3h89,7.64
4bhn,8.2
4zt7,8.0
5zys,6.27
3t6r,5.66
4awg,5.96
2iuz,5.55
1q8w,5.24
3hg1,4.74
2uxi,7.3
2xg9,4.15
4r95,7.85
1trd,5.4
6q3z,7.36
5w1e,5.24
3ng4,5.43
1g7p,7.05
6fil,5.85
4nxv,5.42
1k6c,7.48
2j4q,4.46
6ooz,8.05
5ou2,3.22
5oq7,6.49
1fki,7.0
5op4,6.71
1o4a,6.92
1ui0,7.06
5hz8,6.4
3psd,8.52
5zjy,8.18
6gi6,6.71
3k27,4.44
2ohl,3.05
1o2g,6.12
3dcc,8.96
3kwa,4.08
1iky,8.26
4g34,7.93
3udy,5.7
4bj8,8.29
2f70,4.47
5evk,4.92
6ma5,8.1
5fjx,4.96
1b42,4.01
4fz3,3.73
3r0w,4.52
5wzv,6.68
2jb6,10.96
4qmu,5.89
1ol2,6.28
1w6y,5.36
2vr0,4.42
1ze8,7.68
5akg,4.46
5kjm,7.19
3lmk,5.94
5a54,6.15
1xoz,8.92
3cf1,6.64
1b5j,7.43
4kbi,7.49
2xx4,7.1
5km2,4.41
5whc,4.92
5i3a,5.05
4g8y,4.59
6bcr,5.26
3qlm,6.37
5q0v,7.69
4i73,6.72
6cf6,5.24
4uv9,6.01
4b9k,6.17
3u8h,6.49
2anl,6.96
3egt,8.9
4gw5,5.46
6qad,7.85
5e1m,6.72
5vja,6.59
2wyf,4.43
1hgt,6.82
4c9w,6.11
6r1w,5.3
1e1x,5.89
3ryw,6.24
6b4d,6.11
4e4x,8.15
4x7i,7.69
6q38,6.38
2rka,3.0
3gsm,6.48
3n2p,7.82
5can,6.91
2vtm,3.0
5lgq,7.05
5x72,6.33
3o9f,12.7
4amz,9.82
1owk,7.63
1mrn,4.52
1g9d,5.3
2p3b,8.48
3o2m,4.8
5hgq,7.34
6dys,4.25
3tk2,4.62
5voj,8.44
4o3a,2.59
5lgs,7.06
2ya7,3.14
2jgs,6.62
2xgs,3.28
6nfg,4.11
3n9s,5.26
5dp7,4.56
2d3u,6.92
5hbh,7.31
5mkx,4.7
5al5,7.15
2zb0,6.62
1rdl,2.24
1sbr,5.0
6qlp,5.28
5zwi,8.64
3rz0,7.55
4rx5,8.52
1xq0,6.34
3wzn,7.0
3ryj,7.8
5dif,6.23
2b55,7.02
4hym,8.22
1hwr,8.33
5gvl,7.38
5hlm,5.9
1m21,6.52
5teg,6.85
1db1,9.26
2k1q,6.22
6imt,6.6
3pi5,6.02
4di2,8.26
5odx,6.71
5tks,7.17
2lnw,5.85
2viw,7.14
6iae,4.7
4f8h,4.24
5wi0,3.44
6d4a,3.93
4xu2,9.23
1x11,6.49
5n17,5.32
5e6o,4.11
4wx7,7.4
5jao,4.0
1kpm,5.8
6o6g,6.52
1swg,7.36
4dxj,7.42
1wbs,6.2
5csz,7.77
2i0e,8.7
5tyr,9.59
3l3q,7.27
5xpi,5.28
4mm4,6.37
2qwg,3.64
3tfp,6.47
3ioi,6.28
5dtk,4.3
5znl,8.77
4yve,7.0
6cn5,7.7
5eqe,3.88
4qmm,6.34
1pxi,4.77
3rxb,2.66
5nzm,3.9
4o7e,5.24
3oki,7.15
5wae,6.8
2hfp,8.52
1o4b,5.7
5w5j,5.82
5fdi,7.73
3c45,9.68
1rtf,3.04
1c4v,10.8
1p06,6.27
1c5t,4.1
5nt0,6.55
4rkx,5.1
4y6r,5.48
4ybs,7.24
3qaq,7.0
2pe2,8.4
1me8,7.19
6oy1,10.24
4ys7,9.0
6fjm,6.24
1z3t,3.94
3feg,4.35
2ow2,8.22
4ezt,5.13
3g86,8.3
4zwx,8.7
3ttz,8.4
1r6n,7.4
4qp7,5.23
6mjw,7.99
4fz6,6.9
3e90,7.39
3owd,7.52
5gvp,6.78
3o6m,7.48
1uu7,4.85
3aav,6.62
1mfi,5.59
4omc,10.78
5d9l,7.62
4q1y,10.35
2x7t,6.63
5czm,8.32
5ci7,6.92
5yf1,3.28
6n96,5.42
4hki,6.85
2w1d,6.04
5byz,7.38
5mae,6.84
3hy7,6.97
6f3e,7.15
5u8c,7.53
4ivs,7.36
4ca5,9.39
1utl,2.47
3hig,7.89
5n8v,6.68
5mb1,6.6
3pka,6.27
2vwl,7.02
4ocv,5.08
4ppc,9.03
1o3b,7.13
4q3r,6.27
2f71,5.6
5anv,9.3
4mz4,7.89
1exw,3.9
3s6t,7.35
6gmx,2.17
2oj9,6.41
6cvx,7.68
6szj,5.82
3c1x,7.35
5vt4,4.35
1z95,7.12
5fls,3.04
1oit,8.52
3ok9,11.23
2ke1,5.3
1kz8,6.08
1ody,8.1
3s2o,5.05
1gpy,4.7
5ujv,3.6
2chz,7.8
4wvt,5.31
4q0k,4.87
6fgg,4.77
4uiz,4.7
1ag9,9.0
3sie,7.88
6bmr,4.22
2gde,8.24
4mjq,3.71
6asz,4.72
1my2,7.77
4u0n,5.77
1uj6,3.05
3at1,3.18
2xg5,4.66
4erz,7.06
6q30,5.52
2ri9,3.22
2wmw,6.41
2iok,9.0
4m5g,5.01
4bgk,6.28
3nu6,9.3
5yhl,7.74
4hkn,5.96
2cji,8.22
2ff2,8.21
5aki,6.12
6nnr,5.07
1q54,5.85
5dp8,6.36
1cyn,7.68
4aml,2.1
4f39,5.7
3npc,8.34
1v2r,3.55
5lh4,6.96
1czk,8.82
3msc,3.31
4nro,5.02
1mem,7.94
1i2s,3.31
4e93,6.93
6r11,4.92
6s4n,6.79
5ey0,2.65
5bml,8.0
4mpe,6.37
4lkd,5.35
2xii,7.2
5mxk,3.39
6upj,6.32
2ewy,6.15
5jv1,6.07
1d7x,8.52
4p6w,9.15
3t0l,4.52
1m0n,2.22
3t6y,5.52
1abt,5.85
1dbj,7.68
5ofw,2.8
3kpu,3.16
5j8m,6.8
6f5h,7.05
4io4,4.61
4b5s,3.49
4g8r,7.66
5dqf,3.6
5eay,4.47
5hbe,8.64
2q88,5.8
2yj2,7.92
3i3d,1.99
3axm,5.07
4fjz,6.29
5ayf,4.82
3kr4,7.6
4lyw,6.63
2vu3,7.33
6f6r,8.25
5v84,6.7
4aft,6.47
4ock,5.08
4bae,8.52
1z3v,4.11
6i7a,4.26
1ym2,8.0
4y24,6.66
5kxi,7.74
6h29,5.62
6qcj,5.6
3zcz,6.77
4h4e,6.68
3pn3,6.4
5loh,5.04
5xg4,5.15
1e2l,4.29
6hzv,8.22
1tkx,7.54
4j8b,4.79
2pe1,8.3
2xng,7.22
1y6q,11.7
4mvx,7.24
6bd1,4.78
5vgo,8.7
3erk,4.74
4dju,5.44
1ork,8.81
5zia,6.52
4wht,8.1
5u0f,5.47
1w8m,1.6
6exm,5.52
4dn0,5.72
4djw,6.28
5qaj,3.48
6dj2,8.12
5qay,3.23
1pig,9.15
2rnx,3.4
1c7f,9.52
3e12,5.99
6eea,6.2
5nz4,6.28
3kr1,5.74
1ke0,5.38
5dh3,7.42
1yei,7.46
1oyn,6.26
5icy,5.06
2a29,2.85
5wgd,7.11
5zkb,8.7
1ndj,12.16
4rrn,7.32
6i5j,5.85
1q0b,5.17
3w9r,6.18
1bo5,3.6
2ovy,8.4
5ajp,5.3
6ghj,2.16
4e28,5.89
2osm,6.2
5tq1,5.49
5qau,4.15
5ot3,5.23
2vtp,8.52
6eln,6.05
2boj,5.77
2zdt,8.02
4zt4,8.0
5mte,6.78
3zcl,8.0
1sqo,7.46
1ljt,5.15
2v58,9.09
5vcz,6.35
1i9m,8.48
2wk6,3.32
2a4w,8.29
4otg,7.59
4j0r,6.41
3dv5,7.66
4p1u,8.52
1rnt,5.19
4kiq,7.64
5web,8.0
1tlp,7.55
4lxd,7.23
2kdh,2.96
3oy3,7.45
3p9h,5.06
2y4l,6.3
6dn5,7.49
2hjb,4.39
5lax,5.4
4azg,7.1
3re4,7.4
6r5f,7.7
5iuh,6.4
6kzc,7.94
3pcb,2.4
2bdl,7.82
1sj0,9.1
3p23,4.42
2f7o,7.44
1mm6,7.7
3le8,6.07
6moa,7.08
6ps4,9.89
4utx,5.24
5szc,4.69
5mwp,7.5
4i7k,3.04
4ju3,7.07
4mdr,4.39
1sqq,7.82
4l50,6.06
2oz5,6.48
2r3j,8.0
6nfy,7.8
2rly,3.57
5ldp,4.17
3fql,7.15
6npv,6.8
3zkf,6.02
4n9e,7.82
4kza,3.7
4jve,7.07
3u4r,7.41
2jt6,7.6
4mu7,8.85
1xr8,6.7
3muk,3.42
4kow,4.31
6dxx,6.64
2ax9,9.52
4ucc,4.32
4cd8,2.89
4fil,7.47
4bny,7.1
1c5x,6.68
1od8,5.1
2vi5,3.96
3d51,4.15
6e3s,6.78
6f1n,6.26
5zr3,7.01
5zhl,6.72
5dk4,8.7
2bvd,6.0
3b27,5.16
4kil,6.3
4ncm,7.0
3skk,4.47
3rqg,4.64
4yhz,7.96
4djq,10.32
5a5s,5.9
2ica,7.7
5msb,7.46
5go2,3.22
6dyo,4.49
5nx2,8.49
6n53,7.87
5owl,5.92
3oil,5.68
3twr,5.19
3h9k,7.85
5jr2,7.57
4u3f,8.39
4aq4,6.17
4ona,8.15
6c4u,6.1
3wyj,6.44
6hgf,5.02
3duy,5.85
3nwb,7.96
5c83,6.8
4yb6,5.32
4k3l,2.96
2jh5,6.44
6g2l,7.17
2d2v,1.0
6b5i,5.96
1tkt,6.15
5lpk,5.51
5waf,9.35
6gjm,3.58
6mlj,7.26
4euo,5.05
3qyy,5.08
5c42,8.72
2rr4,4.78
4oow,5.37
1p5e,4.81
4w9p,7.8
6cz3,7.25
6i1r,5.84
6egs,3.59
1g1d,9.44
5fe9,4.68
4p75,4.1
2brh,4.64
3v0p,6.28
2zas,7.86
2o5d,5.15
6do3,8.03
1o9d,5.6
4xua,4.59
5jzs,3.27
6b98,4.65
3uh2,6.0
3jwr,8.07
3hlo,6.21
4u0w,3.0
4umn,7.2
2xuc,4.1
3ftw,2.78
5l8n,4.51
1uze,8.9
4p73,7.66
5alg,7.52
2flb,5.74
3o88,6.37
6mdb,7.17
4tpk,8.57
3b67,8.85
5kez,8.15
4yas,3.41
2j7f,6.35
3kqo,3.85
2yge,5.06
3p9m,5.0
6aji,4.53
5v19,3.3
3qtr,6.03
6mm2,5.41
1iwq,8.06
1w51,6.3
2zyn,5.92
5l6j,6.7
5th4,2.85
3o0u,7.92
3g9e,7.72
5hyx,6.55
6hmg,4.94
3oaf,8.8
5kr8,6.82
4n5d,3.22
5jim,3.99
5ipa,4.7
2qiq,4.1
5ar8,8.1
1mrw,9.7
4hbn,6.1
5hg7,8.4
6gip,7.38
4h3g,8.22
1hkj,8.59
3lrh,7.35
1mue,8.64
1wxz,8.07
4dy6,4.4
2ks9,2.04
6bcy,4.81
4twt,8.0
1fzm,7.7
4gtq,8.3
2wd3,7.07
3e7o,6.92
6aqf,8.67
1ke5,6.25
3ixg,7.57
1fh9,6.43
4xuh,5.73
6arv,7.34
5cte,7.8
1tl3,6.2
6fi1,2.15
1h7a,4.72
5fqs,7.36
3c49,7.15
2r9m,8.82
6oxq,11.3
4msn,4.03
3wti,5.9
4aq3,7.43
4wmc,8.05
5lck,8.1
4abu,6.28
6mdq,3.44
1pwq,4.96
5eud,6.82
6hv4,6.23
6ccn,4.52
5k1f,4.79
2x95,4.95
4myh,4.64
1pk0,7.57
6mh7,5.74
3tf6,6.4
2yc0,2.82
3gur,8.0
1zge,7.3
4tk5,7.49
3rj7,7.6
4ks2,9.34
2m0v,5.97
2ycq,9.85
1mpl,3.77
2qnz,5.42
4hvg,7.77
5tpx,6.55
4dro,5.41
6aec,6.15
3njy,5.77
5mtw,5.72
5wir,7.12
2q96,5.92
4hv3,3.94
3dz2,4.15
3tyq,8.3
1h9z,5.42
4rqi,4.91
3svv,6.94
4ikn,4.85
4sga,7.3
2vmf,5.85
2ce9,6.03
4r3s,8.22
5a4t,5.89
1zyr,5.74
3h0w,6.22
4men,3.9
6evn,4.71
3kgt,5.51
5tpc,3.0
6oio,6.54
6dq8,6.59
1ndz,8.11
4b8p,6.85
4ge7,8.15
4ajn,7.16
1oau,7.7
3jrx,9.0
2gcd,5.52
4k3k,2.35
4nym,3.55
2z50,4.95
2xm8,6.8
4ahu,2.27
2byp,9.06
1c2t,6.59
2h6t,7.22
1e1v,4.92
2x91,6.74
5i9i,7.3
4gny,4.22
2ndf,4.23
2g9r,6.08
6f05,4.47
2c93,4.92
5epp,4.16
6fgq,7.85
9lpr,5.7
4wv6,4.98
3e3u,7.89
4li0,6.59
1o0f,5.3
4fht,6.17
5jzb,3.39
4ce3,3.96
2zjv,5.14
3zly,3.52
2wyg,8.7
3e93,8.85
5zah,7.28
6afd,5.43
4owv,4.35
11gs,5.82
4rj5,7.18
4joe,3.56
1a46,5.7
4c1t,7.15
1jq8,6.0
1idb,7.96
2vh0,8.51
3nim,4.75
4c37,7.71
5kr0,9.15
4eki,10.0
5xjm,9.37
5i9z,8.05
6iyw,7.23
5zlf,3.48
2vj7,7.4
2xde,5.47
1hxb,9.92
4xbo,4.59
3v2w,7.11
3rl7,4.74
3nzx,5.17
5n4s,7.26
3hvj,8.7
2o2u,6.4
4ris,6.05
6ex0,4.03
3tjh,5.41
6e7m,6.66
5ti0,4.21
3g4l,8.24
4ogi,7.43
3vru,10.0
3v0l,5.52
4hby,5.36
2vcj,7.68
4hxw,8.7
3rx8,6.21
2gph,5.3
3que,8.82
3sqq,5.32
5nai,6.1
3biz,7.24
3g9l,6.13
3sxf,8.6
6cvw,8.15
6pvu,5.21
3v04,7.89
5g5f,5.28
4po0,6.92
6eum,6.52
5ap7,6.29
1w5y,8.48
4knx,5.49
4rj3,7.03
2v12,9.05
3ffp,7.14
2nnk,8.37
2znt,9.3
1s63,9.05
5if4,9.0
6dge,6.72
3uvl,5.69
4zyz,7.17
6ft9,6.96
3nyn,6.0
3njq,4.89
1owj,7.32
3g2z,2.36
1bq4,5.22
6g7f,5.0
6f3g,7.16
3rvi,7.96
1qku,9.59
5nih,6.87
1btn,4.4
1gfw,7.82
1eas,7.74
3f18,7.4
5ml8,8.1
5nk7,6.33
5iu8,7.74
4x1r,6.4
3aqa,4.55
2fq6,7.1
3gz9,8.4
1b6h,7.82
6hay,7.01
5kgn,9.03
2srt,6.64
4eop,6.05
3esj,3.03
5tx3,8.85
2yhd,4.64
4ir6,6.08
5vqs,5.7
3rcd,7.77
3fpm,5.05
3g2k,4.79
1o46,8.0
5l2y,9.85
2w2i,6.04
1ezq,9.05
6itq,4.69
6dnp,5.18
3qck,5.24
5fd2,7.05
3vb4,4.31
2irz,7.92
4k8o,3.77
3r5j,6.96
6rfj,8.4
6mrg,7.55
6gji,3.87
5mk1,3.88
5n25,7.78
4jn4,5.86
5ene,3.23
1hvh,7.96
1bzs,8.0
2vwo,7.51
6bh8,5.12
1t69,6.32
5l2t,6.19
4yog,5.74
6eru,4.53
2lyw,4.52
3wcb,7.74
2f3e,6.81
3mvl,7.89
6b1e,7.47
3dsu,7.03
4fcb,8.54
4oc5,7.07
6h4x,6.88
5nxq,6.49
4ibg,3.97
2n0w,6.15
4xum,4.67
3vtd,7.92
5ugh,6.77
3mww,7.24
2h1h,4.52
5hh5,6.3
1f57,5.64
2zjf,7.72
1cil,9.43
3oe5,6.88
3mo8,3.1
4kmu,7.92
3uvq,7.77
6f4w,5.53
5ih6,5.6
4x8p,5.48
4mao,7.33
2gbi,8.52
1veb,7.41
4zvi,6.33
6fmf,5.88
6cse,5.6
3hr1,9.43
4wn5,7.41
5jnl,6.57
4xs2,5.82
2bfq,6.89
6etj,6.72
6k1s,7.7
6mli,2.43
4pdk,8.22
5a5d,8.0
3pjt,4.88
5uc4,6.46
4d2s,7.7
4q1c,8.7
1rpa,6.0
2y77,6.6
3bgl,8.35
2wxm,7.4
2c1p,5.4
1j15,3.84
4qjo,7.4
6md8,2.38
4dcx,4.5
3ozg,9.19
5aqn,2.77
2wf4,7.89
4rio,9.0
5m6m,7.36
4u0c,4.31
1zxc,8.1
5k0b,6.05
1w70,3.7
6gvf,7.55
1g30,6.85
1qiw,7.74
6eq3,6.15
1hk3,6.59
3o9h,12.1
4cfl,5.88
5ct7,7.15
5aix,7.92
2pax,6.74
2oax,8.65
5fh8,6.77
4yz5,2.83
5iee,4.94
4yyn,3.96
4bcc,8.05
4bnx,7.7
4whs,4.12
1y2d,5.7
1ykp,2.96
2nnq,8.7
3usx,5.02
5jq9,4.65
6mju,7.56
1h1s,8.22
5e8w,4.39
1z6e,9.72
4d8i,6.69
6es0,5.65
5zaj,7.38
4mp2,5.45
5g57,8.4
3uvu,7.38
5t4u,5.32
4jkt,7.09
6oqb,10.3
1ove,9.13
3t4v,6.3
4alx,7.28
5ghv,7.92
2v3e,6.52
2f01,13.0
4cps,8.27
8lpr,6.62
3s3q,8.77
1qyg,6.85
3ihz,6.8
3fsm,7.0
4ajk,3.11
5wzr,7.29
5w3i,5.8
4q90,2.15
5xxf,5.74
5zg1,7.72
1efi,1.92
4nue,6.82
6bny,6.4
4wwo,7.42
6s9d,7.8
6q9h,8.11
4kb7,7.49
2y6s,6.99
5nzp,2.19
5one,7.28
4wmu,6.74
1ekb,6.0
2cbz,3.93
2hiz,6.95
2ptz,7.82
2lko,5.67
4jyc,6.7
8cpa,9.15
1ocn,6.39
4d52,3.11
6cnk,7.77
4gu9,4.37
3wv1,11.41
3mbp,6.8
5mnr,5.46
2ckm,8.82
5q0t,4.54
6h9b,5.7
6d1b,3.91
2wj1,8.72
3ui2,6.37
4g8m,7.89
5tku,9.8
6e3m,8.64
4gvu,7.52
3zo4,6.83
4j08,6.66
9hvp,8.35
1e03,9.4
5cnj,6.84
4deb,6.43
1o5a,6.42
3mjl,2.44
2hl4,7.64
5a09,8.46
2aez,2.46
4deg,8.22
2c4v,2.6
1bzc,4.92
4dzw,7.89
1nxy,7.19
2flr,6.1
2y8l,5.82
4e4l,8.77
3n7h,4.5
1i3z,6.88
4pm0,7.35
3kwj,9.3
2ozr,9.17
4qms,5.13
2fgi,7.34
5lpl,4.92
1qsc,3.68
3art,4.43
6rtn,6.63
4lwt,5.41
4ikr,6.23
4zae,8.44
3nzc,7.02
6ge0,8.68
5dw2,5.84
5tfx,7.22
4j5e,4.94
1fh8,6.89
2fou,7.1
5n53,2.55
5x4q,7.11
3rak,6.89
3g0g,8.3
2bfr,5.25
3bi1,9.92
4wuy,7.82
6ud2,10.21
1dud,4.82
6bmx,4.72
6fyp,6.84
2uw7,7.74
3t1l,3.26
3gww,0.45
3q4j,6.21
3is9,6.42
5twj,5.25
3p2e,6.22
3ikc,7.46
3thd,4.05
5duf,5.74
4nct,7.55
5unp,10.02
3evd,6.91
4m0y,6.46
5iy4,4.81
2fqy,6.57
4s1g,9.22
5abg,8.05
4kzc,8.09
1aze,4.22
3tdj,5.25
4bea,8.3
4i72,9.05
1sw1,7.3
4hvs,7.8
5ot8,4.2
3kl6,8.46
1jdj,2.3
2pu2,4.43
5w4r,7.48
3aox,9.08
6fyl,8.15
5law,7.1
2al5,8.4
4ear,9.82
1cpi,7.41
4pnc,5.43
4j8t,6.77
4o62,5.0
4erf,9.4
4mul,6.21
4y94,6.62
1o3h,7.3
1msn,9.09
3moh,2.84
2wk2,6.82
5tgy,7.35
6pnn,5.16
1pi4,7.43
6dxl,5.8
6dvl,7.96
2gc8,5.51
5nkd,7.59
6g07,4.57
2r64,7.52
6o94,8.74
5mnx,2.48
2jds,8.2
6dcy,5.46
4yh3,4.59
5u00,8.7
1nfy,8.89
4n7u,6.29
6cw4,2.82
2o9i,7.4
1nmk,8.24
3zpr,6.65
3r5t,8.58
2jkp,4.23
4ygf,7.68
5ml0,6.3
6f55,4.16
2f35,5.4
6g2a,3.79
3r4o,8.15
3kdt,6.59
4iu0,5.89
5nsx,6.4
3m67,6.74
1xzx,10.22
4hrc,8.92
3ud7,4.74
6mnc,5.8
5d3x,6.36
4wxi,8.08
4zpf,6.74
1srg,5.3
5i8g,7.52
3o6l,7.51
1ikw,8.6
1jqd,5.16
5gmp,9.1
4nbk,3.87
3jvr,5.72
6czi,6.25
6nji,6.99
1iy7,6.19
4hla,10.8
4mw9,7.02
4u5s,2.41
2vzr,4.28
1qwe,5.92
6g85,5.21
3rw9,5.96
1ilh,7.39
2qi3,10.2
4c68,6.17
3psl,6.89
4de5,3.15
3khv,1.85
3tv4,6.96
2exc,6.63
2yj9,7.02
4ohm,7.55
2zju,5.81
6pgo,4.7
1a1c,6.4
4oo9,9.07
2ei6,7.39
6qm7,6.8
1s64,8.4
5oq6,7.56
4b7p,9.46
6om4,5.45
2uw5,7.51
4r74,8.1
4ptc,8.96
6gvg,6.0
1bgq,8.57
5mxr,5.21
5akh,6.59
5wxo,3.68
4jiz,5.62
3qcl,5.4
6oyw,8.4
6fav,5.33
4ux4,7.01
3v66,8.89
5jhb,6.06
5vij,7.61
2y6d,7.1
4tk2,3.72
4ehz,8.0
4jhz,6.02
3bu1,8.15
5wlt,6.81
2lgf,5.57
4uro,8.4
4dk8,5.74
6c7f,9.62
2dwx,3.74
2jup,3.81
3pkb,6.21
4a4x,7.23
4gkc,6.82
2fs8,7.6
5q19,7.32
2l6e,6.0
6qzr,7.52
3thb,8.7
5vll,6.37
4ocz,9.18
6ocw,8.15
2oc0,7.82
3mpm,7.52
3gm0,7.77
4z2b,7.76
6qlq,4.51
6qw9,6.64
1li3,4.25
6fag,6.59
1k1l,6.9
4gdy,7.08
6erv,5.36
1d04,4.59
5xiw,4.96
4q7p,4.32
6hza,9.3
2vpo,5.42
4gg7,8.2
3hvg,2.7
3osw,6.15
3tcp,8.37
5ai1,6.47
4bjx,7.66
5yas,3.26
1yt7,9.89
5n1y,3.22
1x9d,3.96
2f89,6.48
1t7d,6.03
1pu8,3.1
2j9n,4.7
5jzn,5.96
6mll,3.62
6s9w,7.23
2nm1,7.47
3mss,4.66
1yvm,6.4
2ywp,8.15
3tjc,7.51
3s45,8.49
6fob,7.63
3dcv,8.52
5j2x,7.74
2x4u,4.32
2vtn,6.07
3udq,6.0
2x4t,5.13
5c7f,3.98
3r17,6.41
1k6v,6.92
5yjo,7.17
1stp,13.4
5zcu,5.67
4uu8,6.54
5ho8,5.96
1nnk,5.46
4kni,7.78
3dpk,8.39
6bik,8.19
2tmn,5.89
5f2k,6.16
1h6e,6.15
1hww,7.7
6hwz,5.17
5ipc,4.89
1yt9,8.3
5d6f,4.37
5ieg,5.74
4ty7,9.52
4jv8,5.85
2uw3,4.1
3udj,3.62
4fll,5.29
3hs9,6.31
1fv9,5.0
2kce,6.17
4guj,3.05
5clm,7.36
5n1s,7.99
2k46,4.58
1pwp,6.3
1thz,5.15
3f7h,7.09
1npv,8.24
2z7r,9.52
6pg6,3.7
6suo,9.4
5m0d,6.09
4emv,8.3
2qve,2.32
4gki,4.46
5nr8,6.76
5kax,6.11
4uyn,8.4
4z89,4.69
3mrt,3.7
4i71,7.74
2w70,4.92
1fq6,7.86
4prp,5.66
2f3f,6.72
3hhu,7.39
5m3b,6.92
1uyh,4.84
1ax1,3.29
5ti5,4.39
3mpt,6.6
6h78,7.33
6c2y,6.6
4hwb,9.24
5hln,11.52
6jjz,8.64
1utz,5.85
3vd7,4.48
4wr7,11.7
3iod,4.1
3bfu,6.27
6jfk,4.84
1okx,6.8
6p88,4.52
4yo8,10.52
1xs7,7.6
1ke6,8.24
5ih5,6.3
4um3,7.54
6h7l,8.97
5hbj,8.64
5kcv,8.3
5lca,4.48
2r3n,7.15
2c1n,4.11
5aae,7.46
3wuv,5.17
4nak,5.85
2ivu,6.43
4uwf,8.15
1np0,3.57
5u6j,7.64
5cbs,5.41
1yfz,4.35
4eeh,4.35
5xs8,5.41
3vtc,7.89
3a2o,9.08
6c5h,6.43
2v77,5.06
1i7c,6.4
4gj3,8.85
6hrw,6.0
4fmn,6.1
4kii,6.23
2bmv,2.0
3ikd,6.75
2vwy,7.05
3bki,5.12
4kp4,5.17
4i1r,4.65
6f90,6.0
5ezx,7.06
6skd,5.8
4dt2,4.37
5igl,7.37
5ia2,7.72
4a4o,8.05
3rt8,6.35
6dh2,10.89
4g8v,5.8
2w3o,6.72
4mwb,6.49
4zts,7.6
4qxq,5.7
4r3b,6.25
2yke,5.96
5evd,5.0
5t97,7.77
6rj3,6.4
3r91,7.04
5wa5,6.72
5wmt,5.86
1bl4,8.74
1nc1,6.12
1kvo,7.89
1mmp,6.07
4az0,7.42
2a3b,3.33
6axl,7.11
5etf,3.79
6gz9,2.13
6cyi,5.04
5fsc,2.36
1z3j,8.0
4jbp,7.39
4nld,7.7
5bpa,9.0
6r49,2.1
2vip,5.28
3i02,7.52
2ama,8.0
3w37,5.18
4awf,5.57
2bbb,8.62
2br1,5.14
5ncq,6.96
5j9y,7.24
4l4v,5.78
5ah2,10.08
2v10,9.4
2oei,3.91
4c36,7.7
6ghp,9.36
1ouy,8.37
4ryg,8.1
1p2a,7.92
1oi9,7.16
2o9v,3.54
1x07,3.28
4ie3,6.01
4re9,4.92
4oru,3.68
4j04,4.96
3uzc,9.61
4ymj,7.0
3dcq,5.23
4at5,7.42
5nu3,6.64
1sme,11.22
2y4k,5.46
4i0z,6.33
4l7d,6.12
4x5q,9.0
2wij,3.2
5v8o,3.77
6beb,3.61
5lyh,6.31
1jev,6.89
2gz2,5.22
3pa8,5.75
4lm0,3.25
3vrv,10.54
4nk9,8.51
5x33,8.49
5kv9,5.85
4edu,3.99
3zdv,5.48
6d28,6.7
3zzh,3.36
6fse,4.74
5wdl,6.17
2gpp,5.7
4ce1,4.38
2f9v,7.82
2c97,6.14
1apb,5.82
5c1y,5.9
2k2r,2.89
6hjk,7.6
1nlo,5.47
1n0t,4.91
1npw,8.7
1ynd,8.44
4rrq,5.47
4np2,2.26
4ui3,6.88
3we4,7.82
3qzt,4.0
6gfy,6.61
3qts,5.51
1hvs,10.3
2rku,8.3
5fqp,7.72
1bn4,9.31
4j59,5.85
2o64,6.47
2vot,7.14
5y21,6.47
4z7f,7.53
5z7b,4.89
4ze6,2.48
1fvv,8.0
1qin,8.0
3i7c,7.74
1olx,4.33
6htr,7.96
2oaz,8.7
4lnp,3.67
4o0j,4.89
3sl4,7.57
4zuq,6.89
3w2s,8.16
5ovv,4.48
6ffi,8.1
6ior,4.31
4mga,5.86
6ic5,8.22
6cjr,9.52
5ttu,7.33
1u9v,8.22
3ndm,7.96
5c4l,5.64
5ejv,6.69
4k1e,8.44
3kdm,7.0
5cs6,3.2
3ijg,4.27
5cst,6.96
2i0v,6.8
4c1m,7.8
4gqp,9.6
3f6h,4.72
4ojr,7.42
2jql,6.52
4xsx,5.0
4qmy,8.4
1ebz,9.4
3mzc,6.65
3anq,6.74
5jjm,7.51
4pre,3.74
4uu5,5.04
4ie0,5.08
5f1h,7.85
6hsh,7.55
5ne1,8.28
3t82,7.0
4o6w,8.52
6h4t,7.0
3lqi,5.16
4qxo,5.51
5uwm,6.45
1ttm,7.35
4e3k,9.1
4h75,6.6
4j21,7.41
3u8m,8.89
3g42,6.85
5dhu,6.3
5vlr,8.52
5vfj,4.7
3itz,8.85
4ccd,4.49
5zun,9.19
5kyj,7.89
5kgw,4.79
5heb,6.1
3q7j,4.52
1xow,9.28
2h15,5.67
5j7q,4.58
5mkj,4.31
3t70,6.3
1wdy,7.89
3g45,8.36
5ewy,4.3
2w9r,5.32
3h0a,7.48
2xz5,4.01
6qi7,6.46
1tmn,7.3
3v3q,6.6
3s9t,6.82
4o0b,8.3
5foo,2.62
3wyk,7.64
1a85,4.52
4re2,4.98
4q3s,6.59
2qd6,8.68
4ndu,2.74
6j7l,4.5
2qnn,7.15
6evr,8.06
5hjb,5.68
1o3g,7.96
1mqd,6.77
4myd,4.55
4pzh,8.0
4j73,4.56
3wi2,7.04
6njz,5.01
3erd,9.9
3dpo,8.26
4wcf,4.28
4zur,7.17
4c8r,6.82
6hai,7.94
6i96,6.68
6uil,7.1
1gi9,5.22
4iz0,4.0
4qsw,1.68
5vad,9.12
4el5,5.37
1bqm,7.35
5jxq,8.15
3nga,8.0
3bmo,5.27
4ajl,3.8
2ca8,4.66
4bkz,7.57
5ai8,3.9
6qat,7.33
3l9l,6.78
3m35,7.22
2qi7,10.21
1j37,8.96
5bqi,9.05
1v0p,6.89
3ekw,7.96
1ml1,4.28
5l6o,8.22
5lsc,4.7
2qi4,10.44
4nmx,6.18
4n6z,7.8
3tvx,4.14
1yk7,7.72
3rqw,2.7
3t3d,4.91
4kxm,5.59
5uor,8.2
6e5x,6.12
5mjb,8.52
1h1p,4.92
5cf8,8.96
2r7b,7.22
1f8b,5.4
4er1,6.62
4tyo,7.1
3g0i,3.6
4j78,4.65
3d28,5.85
1b3f,6.89
6bmv,4.68
1j81,7.1
3djq,2.98
1agm,12.0
1h1d,8.22
1rq2,2.52
4dwg,7.24
6fer,4.36
5t2l,8.2
4acu,7.39
4ruu,7.54
3f9n,5.89
2vqt,6.0
6n97,5.15
4yzu,5.05
5q0g,9.74
3vf3,5.86
6d3g,4.7
5w13,7.66
2oc7,5.85
1fiv,6.59
3t1m,3.04
5c84,6.19
1b5i,7.05
1gzg,3.05
2bza,2.8
5m4u,4.89
1fq8,6.03
5lp1,9.4
3eko,6.7
3r88,4.82
3ivv,5.43
5jyp,7.0
4k55,5.51
2rl5,8.4
5u62,5.89
3vhk,4.6
3pch,5.4
4ykn,8.0
5mwh,5.74
3qgy,7.8
5cf4,7.4
3qio,6.84
2nxl,6.27
3ej5,3.57
6few,5.85
5wzt,6.66
6fpu,6.49
3ibn,7.61
3o1e,5.74
1oxg,10.57
6rln,8.2
1f0u,7.16
2lto,3.11
4b8y,8.05
4zuo,6.41
5er4,2.76
1qxy,4.8
3k5u,6.51
3kv2,7.32
2y1x,7.57
1hv5,8.3
4pd9,3.33
4m7x,4.8
4wz4,6.44
3sjo,5.78
5l4m,5.34
1pg2,4.96
6i0r,4.35
3bbt,6.15
4rgd,3.94
4zba,5.51
5dgw,11.05
1q72,6.85
6dyv,10.59
1i8z,8.9
3ine,6.77
4q4i,7.33
2o7e,6.22
1hte,5.64
2qta,5.76
2cbs,8.22
1d6w,5.96
3sl8,6.54
1mq5,9.0
6e05,4.26
4qws,6.5
6rnt,2.37
4ptg,8.23
1y2j,7.48
2jst,2.59
3mxs,5.01
4m7c,6.12
2qrh,4.71
4i7m,4.14
3g4i,9.04
4xx9,5.08
4y62,2.95
2ihq,8.49
4a4q,9.4
6c0u,5.99
4ll3,11.57
3r0h,5.92
1lhd,9.62
6oos,11.3
4k10,6.92
4e90,8.1
5nvv,6.7
5ly1,7.53
4xrq,6.63
1g9b,5.3
3sax,6.57
6peb,8.57
4rg0,7.3
4jss,3.3
5znp,4.69
4qzw,5.15
1s19,9.51
6ajx,5.04
4q6f,5.6
6cqz,9.64
3avb,4.07
3hab,8.38
5q10,5.2
4txc,6.62
6nm4,7.06
3sad,5.96
2xd6,6.19
6i78,4.74
2v00,3.66
5mw3,6.62
3wb4,4.44
4bzn,5.84
5wew,6.74
5vtb,6.96
4yps,7.12
3fxv,7.03
4kot,5.46
4aze,8.11
4rse,6.4
5bvw,8.82
6slg,10.3
4um1,5.77
4dij,7.52
6mlf,4.28
2rol,4.62
3eid,6.35
3ft2,7.36
1x1z,11.06
1w1t,2.96
5zqp,7.74
1w1g,7.68
6f8u,6.1
6hoy,4.48
4r1y,6.4
5egm,8.62
3fa3,5.6
3hu2,7.22
3zw3,7.47
3chr,7.21
2aac,2.22
2c1q,13.0
6mji,7.29
3ovn,2.55
4k2g,7.7
3ii5,7.62
4x3t,4.54
5h63,5.92
3daz,7.93
6el5,6.88
4ksp,8.8
4q3t,6.48
4euc,6.1
6djd,2.14
6pyc,7.45
3lle,4.97
5e80,8.3
3huc,5.99
4f1s,8.7
3d62,6.1
2yoj,8.3
4ckr,6.98
2i2b,2.44
4kox,4.77
6ul8,7.52
4okg,9.32
3lk8,7.71
6iou,3.73
5eij,5.31
2y1o,5.09
5kpl,6.29
2psj,7.7
5xbt,5.14
3lf0,5.71
1qpe,7.7
4g5f,3.05
3f88,8.64
3uo6,7.82
5ahu,6.78
6qz7,6.49
4j48,5.62
2g9q,6.4
3eqb,1.82
2xye,8.34
4o3u,6.4
2hrp,8.3
2gfs,6.15
1g53,9.04
5n7b,3.77
1ngw,7.68
3igp,7.02
3ska,7.49
4o75,4.68
3zov,7.22
6ipi,5.71
3g34,2.96
4r07,5.32
3szb,4.92
5dro,10.59
2fpz,3.96
5hed,4.44
4a9t,7.15
2uup,3.98
2vgo,6.3
4gk4,7.85
5lu2,5.2
2jdh,6.51
6m9d,7.35
4to8,1.24
1kui,3.77
4lv3,5.49
4ozo,3.83
3nx7,8.1
4oas,10.0
2xck,6.15
6dxg,4.85
4ii9,6.03
3lbj,4.96
4n8r,5.0
4urk,5.96
2r8q,3.24
5edb,7.0
3obx,3.89
1y3g,7.4
1iep,7.0
4waf,5.0
4pct,7.15
6n3w,5.81
4de2,4.12
3ouj,6.05
2bge,2.8
6nk0,6.39
5j19,6.6
4qtl,6.92
1gaf,8.0
1a4h,5.92
5vo1,8.15
4dmn,5.64
6dko,5.8
6hhh,7.17
3ert,9.6
3l7b,2.4
2qt9,8.64
4iqt,6.11
1xp9,8.89
6ek3,6.48
6qtq,3.72
5ekx,2.03
3m93,6.62
6ey9,5.91
5cbr,5.74
1gbq,2.46
5h14,5.06
5alm,6.53
2xaj,3.77
1f8e,4.82
5bvn,8.82
4rd3,6.47
5m4i,7.89
2jkt,6.51
3oli,7.38
6cz4,7.12
3ppj,8.7
2xkf,6.06
2auc,4.08
3gfw,7.57
4glr,9.46
5k13,8.74
1u0h,6.96
3ikg,7.24
4crd,7.1
6qtx,4.41
6imb,4.23
4lh5,6.7
2hk5,7.34
4zo5,9.82
5hh4,5.96
3w55,7.1
4ucd,4.0
3tv7,7.52
4y2y,5.05
4jyu,8.0
5u5l,4.85
5ak2,8.41
3ppq,4.55
1zoe,7.4
4k78,4.79
6csp,8.52
4dpu,7.3
1q65,5.46
4ban,8.61
5t1u,7.16
4ci3,6.81
6ax1,9.42
4w52,3.76
3frz,8.15
2wks,6.89
4wz8,7.21
2a5b,3.93
3v2x,5.35
4j0a,6.8
2ghg,8.82
6qgh,8.15
4zsj,5.64
5elv,6.8
1hqh,6.3
4qz3,5.51
5wb6,10.7
3skf,8.3
4jjg,8.7
6pk7,4.72
4hy1,8.7
3pd8,6.46
5fe7,3.31
1hlk,5.0
2ydm,7.44
6efk,6.8
3vv7,5.34
1iih,2.89
3m96,7.22
5nwh,7.54
2qpj,6.35
4gw1,6.37
5j7j,5.07
6bqk,9.0
4yll,6.92
3mi3,5.45
3qxd,6.15
1o2s,5.47
2tpi,4.31
4zjr,7.54
1y8p,6.08
5xaf,5.77
4jq7,6.41
5dd0,7.08
5qai,3.82
3luo,6.95
1ksn,9.4
2xxy,7.89
3phe,7.8
3pcj,7.22
1d8f,7.74
3cfn,5.0
2who,7.7
5j3l,4.8
4a6l,8.0
4pum,6.73
1swp,11.0
1qbo,7.74
3d7m,6.44
5hpm,7.13
4ejl,5.14
4hwo,8.54
2bub,7.05
3b4f,8.14
1gj7,7.89
2a0c,7.3
6fbv,6.52
6ami,4.52
6iot,5.24
5g2n,7.03
4r0a,4.26
6agt,8.4
5v7a,6.38
3tsk,7.17
2zz1,4.54
3s0e,6.55
6b4h,8.52
3ti6,9.27
4afh,9.54
4yv2,7.29
1det,4.3
4s3e,6.11
4xyn,5.89
1lhc,10.4
5dp6,4.83
5adr,5.64
2itt,8.77
2itz,8.59
4mdq,5.92
1klg,7.89
1ny2,2.76
6tel,9.96
1bv9,9.96
2avv,9.26
4uvv,7.49
4f20,3.29
1h35,7.54
2ms4,4.82
6g2f,5.17
4ha5,7.24
6bgy,6.82
2x6j,7.44
1fsg,5.02
6ccs,3.64
2zis,8.55
4erk,4.57
4abf,4.62
4at3,8.4
4x63,6.77
1wu1,7.74
3wf9,6.25
3wk7,3.9
1v2n,5.9
2w8g,6.0
3suw,4.7
3lpf,6.68
5lwd,6.24
5opv,7.29
5vi6,8.52
6eya,7.48
3chs,7.77
4pqn,9.15
1k1j,7.55
1o2h,7.17
5op8,4.18
2wkt,4.31
2fzk,3.6
3ow6,6.66
1u9l,5.02
5bpe,5.95
1ahy,3.36
3gy2,5.74
1oky,8.19
3rxd,3.73
3u4h,4.25
2o4s,10.51
6gcx,9.22
6fzj,6.33
4l6t,7.49
2aia,5.41
6m9f,8.22
4d7b,7.68
3cen,8.26
5q0f,9.89
3zvv,3.04
1n1g,2.3
6qz8,7.62
4b9w,4.17
5j20,9.14
4mra,4.47
1xgi,4.85
5aqh,2.46
4bfz,6.26
3fdn,7.48
5w7u,8.05
6gjd,7.66
4dhf,7.55
6fyk,8.52
6seo,4.74
3r7o,8.36
5a0a,7.7
6jaw,5.66
3pn4,6.85
5d12,7.37
4jlh,5.4
1bap,6.85
2y59,6.44
6oxs,9.96
6bqa,5.85
5ix0,6.28
4j8r,7.7
4i4e,6.3
5k4z,6.15
5hrw,5.48
2zx7,10.49
4pfu,6.17
2drc,9.89
5nat,4.7
4utr,6.15
2g9u,6.08
5x8i,8.7
1gui,6.28
6mo8,5.84
1wva,6.57
2qe4,7.96
4k63,4.22
6pnm,5.17
6die,3.13
3cyx,8.0
1nvs,7.82
4b9h,5.35
4k9y,6.95
5l8o,3.38
2qa8,6.0
6fuj,4.3
3il5,5.8
2y55,3.87
6u5y,7.16
5knu,5.55
4i2w,3.92
4iur,5.58
2gh9,6.0
4ipf,7.74
4xkx,9.05
1vwn,5.82
5ivs,8.21
5nvw,6.77
2i0a,11.4
4odf,10.0
3nf3,6.2
2p4i,8.0
2hkf,6.38
1rdj,1.66
5oh9,3.86
5mhp,7.82
3wp1,4.85
1y2b,4.09
6fcj,7.15
2ew5,5.9
4b80,4.4
4n6y,7.04
3jvk,3.93
3o95,8.28
3t2v,6.99
5d3h,5.1
2vle,7.1
2p98,6.19
4bzo,7.89
5myg,7.51
2d1x,5.1
5a83,6.8
4jql,6.0
5w6t,7.57
5ty8,5.46
2jjb,7.92
5nn5,5.47
6te6,6.57
5t2d,9.1
5a2i,5.06
4g5y,2.77
4ah9,2.46
5vyy,6.21
6eq5,4.74
5j5d,4.68
4r4t,6.26
5bve,11.0
2xtn,7.4
5ne3,7.84
4okp,2.7
5sy3,4.37
6gue,8.4
4e26,6.4
6k04,8.04
5ti3,4.36
3gc5,7.26
5upe,8.05
3lxg,8.14
4mq6,6.47
4wk1,5.89
2xxn,6.41
1ydd,7.07
2qlm,5.64
3r6g,7.6
2zm1,6.66
5n49,6.33
6cdl,10.92
4yv1,3.08
4xg3,7.76
3ik3,8.7
6e5l,7.18
6hp9,8.25
5iis,9.0
6ma1,8.1
5km9,4.25
2w4i,6.3
3kr0,4.7
5ctc,6.35
4jrg,6.71
1gj8,6.96
2pvw,9.52
5ewj,6.89
4u6r,7.85
1pz5,5.4
3pb3,6.22
3d6o,4.11
4a7i,8.7
2xiz,3.89
1hgj,1.66
6g8m,5.38
5c5h,6.4
4xnw,7.74
4yzn,4.81
1qvu,4.46
3g70,9.4
2vio,4.4
3igg,7.18
3dvp,5.0
6if0,6.51
3f3t,4.59
3kwz,8.4
4e6c,4.82
1qnh,6.06
3u5j,5.61
1syh,6.41
4wa9,8.42
2vex,6.74
3t8w,7.54
3dbu,8.06
2qrm,4.03
1f5k,3.74
6cjw,5.74
2imd,8.3
2ow9,7.52
1fkn,8.8
1fjs,9.96
5orr,3.77
6ckx,7.89
5o1h,4.85
223l,3.4
6qgg,6.3
1c5n,4.7
5kbe,6.34
1dis,11.0
5ur1,8.97
3jwq,7.6
3gjw,8.3
5ng9,6.72
3hv4,6.51
3twd,7.74
4xxh,5.0
3dz4,6.4
6k2n,1.36
2y4m,6.46
3dab,6.68
6gev,8.7
4y64,3.1
4oem,5.3
3omc,5.0
3sgx,5.49
1b2i,5.51
1csr,7.38
4ocp,6.1
3k9x,8.4
2lsk,4.89
5mqx,5.41
6g1v,7.23
4tmr,7.22
2joa,5.96
4o7f,4.89
3dhk,7.33
1ec9,3.1
3ew2,6.67
5c4t,7.66
4u6c,5.0
6o0h,8.15
3wnr,6.28
6c7w,5.47
6am8,4.89
1qbs,9.47
4os2,6.7
5ufo,7.43
2iw6,6.85
2r3c,5.66
3qj9,7.0
5j9k,5.85
2w92,4.55
4ayq,7.33
2p8n,3.15
5nra,6.91
5yib,5.48
6bfe,5.85
4zyt,7.77
4p0w,5.96
2cbj,8.27
1fdq,7.27
2vev,6.52
4qwg,5.97
3fei,7.7
5q1d,6.12
5uk8,6.4
5o1a,4.52
4pl3,6.54
3v3l,6.43
1ftk,4.84
1k9q,3.15
5ewz,6.34
6fel,6.4
6nsp,7.36
5tzy,8.7
5fb7,7.89
1v48,7.8
1uyf,4.52
1hps,9.22
5zh3,4.67
3gk2,2.7
6h4o,6.89
1o5g,4.96
3m94,5.08
3k5v,6.3
3inh,7.7
3t3g,5.49
2cgr,7.28
3lfn,5.5
4gy5,6.82
6oou,11.3
4pzw,6.96
4d9p,3.84
5ypy,4.64
4el9,5.36
2o4h,6.52
3fkv,7.57
2wd1,7.09
2znu,8.11
6uyy,5.72
5brn,6.3
5afn,4.47
5yum,3.65
4cae,7.74
1a4k,8.0
3zn0,4.97
6n19,3.02
1o2k,6.92
3coh,8.4
1hqf,5.0
2qnb,5.34
5tts,7.25
3zs0,6.7
4o76,6.89
4l2x,7.41
1bwn,7.06
2pyn,7.57
5svl,8.55
2qcm,3.35
6iql,9.37
5e1e,7.66
6qr9,6.72
6gy0,7.32
5t6f,5.8
4n9a,4.19
1xge,4.68
3w5t,4.52
3dsz,7.77
4wq2,6.3
3c2r,3.11
5od5,7.74
4o0t,5.54
5dhr,4.64
1sl3,11.85
4ayt,3.7
1gi6,6.22
4io2,6.7
4uce,3.17
3umo,3.89
1anf,5.46
5bs0,7.12
6qqu,5.3
4apr,6.7
1rs4,7.17
4mbf,5.77
2fs9,8.52
5lhh,8.17
2bmz,3.7
4gw8,6.06
3jpv,6.92
1hxk,3.4
4muf,6.34
6ohu,6.78
3hww,7.12
3qfy,6.12
5dv4,2.47
4dtk,8.52
1af2,3.1
6qr1,5.07
5dtq,3.86
5t6g,5.96
1mn9,4.62
1mkd,6.8
1atr,6.96
5fb0,5.47
2eg8,4.5
5zqq,7.66
4g3g,8.43
4q7w,2.64
4ivk,3.85
2y9q,6.15
5fah,6.15
4eg6,7.37
6mhd,7.29
3vzg,1.72
4z84,5.82
4ht2,6.54
1p4r,8.1
6hvj,7.55
5hls,7.41
5lvr,3.6
6g34,8.24
5aqt,3.51
3u8j,8.51
4n4s,6.88
6hke,7.68
6fnj,6.85
4rwj,8.7
5e1s,7.92
4k43,6.88
4crj,5.96
3o0j,7.19
2wl4,4.19
4q99,6.28
3vh9,6.24
3veu,7.26
2avs,7.57
4ocq,4.61
3d4f,7.72
3vha,7.4
2yem,7.81
5v7t,6.21
6eks,3.84
1jm4,5.0
3mi2,7.77
3fh5,7.06
5f90,4.85
6hwv,7.08
4idz,4.36
3od0,7.92
1jlx,5.8
4z2g,6.66
5gvk,7.0
3hxi,6.33
3qo3,6.9
1p01,9.46
3zos,8.89
3g2j,4.75
4arb,5.89
2aox,7.42
4q93,4.65
5l8a,4.91
1o5p,10.0
1lxf,4.1
3vsx,8.85
1ryf,8.8
4mme,6.5
1nvr,8.11
6rj2,7.0
4bo0,6.7
3cd5,7.9
4k19,8.36
6i3u,9.22
4xyf,9.0
6nfo,5.57
2jkm,7.75
6htz,6.74
4kwf,4.82
1e72,3.22
6ipl,3.82
2w0d,8.7
2r38,7.44
2vfk,3.71
6euw,7.77
3c89,6.07
4ool,6.85
5vp9,8.99
4tyl,3.22
1at6,4.07
6g9x,3.92
1esz,6.52
4w50,5.85
3f6g,4.72
6q9o,8.47
5mz8,2.31
6bj2,5.4
1xbb,5.3
1xfv,3.89
5a5z,4.08
1zgv,6.0
4de7,4.8
4ch2,5.99
5f4u,7.02
1azm,6.1
4x6j,7.8
2mji,4.25
3u4u,8.52
3ipq,7.57
4d1y,7.13
2rin,4.0
5yjy,6.94
6rsa,4.4
2qju,4.1
5zg3,7.21
6hgg,5.42
5er5,3.67
5h0g,6.95
3kry,10.0
6bkh,8.89
1hk5,5.24
4oya,6.44
5dp5,4.73
1mwn,6.7
6aej,6.15
6n77,9.24
3b1t,5.66
6e13,6.7
1ugy,3.72
6nt2,8.82
4aia,3.66
4nmr,3.53
4keq,3.82
6b27,5.03
3wvm,5.71
6qgj,9.0
4hgl,8.1
4jia,9.22
1h37,7.23
1r1i,8.54
3n7o,7.14
1n1v,3.85
2csn,4.41
4q9s,3.81
4x6y,7.72
1f4e,2.96
6nu1,4.51
2yk9,5.09
1yc4,6.55
4o71,4.74
2rk8,3.64
3omm,7.43
4l2g,6.68
4qsh,5.1
6fvn,5.3
6eir,6.24
5ngf,5.11
5i8b,6.96
1bmb,6.15
4zun,4.59
4n99,3.67
5fsy,5.89
5wh5,7.19
4duh,5.18
5ur5,7.14
4h1j,5.92
3mhi,6.7
2bz5,6.15
2qch,3.6
3w69,7.24
2rio,4.69
6gfs,6.54
6ar9,5.18
3wdd,6.11
6b97,6.63
4rsp,5.44
1hii,7.28
4qxr,6.0
3q71,5.22
5vb6,6.37
2py4,6.7
6r8o,8.22
5nme,7.09
1wax,4.07
1gzc,3.49
3zrl,6.8
6ps5,8.43
3bcn,7.12
4jzr,7.8
1kat,6.0
2yjc,7.66
4eym,4.01
6boy,5.74
5cdh,5.37
6d1x,5.2
1v2w,4.01
2chw,4.77
5tdb,5.84
3b68,8.4
4bj9,7.35
1yly,7.82
5dxe,6.41
4bnv,7.52
3qo2,6.85
1ywh,7.79
2bts,7.7
6c7d,9.77
6hpw,6.09
2uy3,3.22
1zhk,4.45
5f5z,7.07
5dv2,2.9
4y8y,9.15
5nvf,7.8
3f7u,6.61
4zls,9.09
6mxb,4.59
4a4l,7.82
3qu0,7.7
2v59,7.74
5fpp,4.0
1m7d,6.23
3p8p,4.55
1l8g,6.22
4o2f,6.41
3e9h,7.55
1pye,6.41
6g2s,8.4
4i9u,3.86
5m6u,8.37
2z6w,7.87
5edc,7.66
3wfg,6.92
4avu,7.85
4mc2,8.19
3n2c,5.12
5tkd,8.15
4x1q,5.3
1prm,4.23
6pi5,6.96
4cr5,4.15
4mti,8.92
5xyf,5.98
5exm,8.2
1ros,8.77
6p9e,7.17
2qbu,6.19
4mm7,3.63
1osg,7.52
1yyr,6.29
4bo5,7.1
6chp,10.12
5ny3,7.47
5xyx,4.84
6ccy,8.52
6pgx,9.21
5doh,7.49
3ggj,6.0
4dq2,7.52
4eky,3.52
6bnl,6.96
2q95,5.8
5diq,5.17
4rr6,6.0
3ibi,8.59
4utv,5.09
2x7u,5.27
4c5d,5.4
2jbu,3.4
3hyf,5.92
4n5t,8.15
5b5o,5.72
1q1y,7.7
1t7r,5.96
1avp,7.92
5mwz,5.15
2xqq,4.82
4bi1,4.16
5xpl,7.7
4wk2,6.94
6bl2,7.39
2wu7,6.28
4wnk,6.42
4em7,5.11
3cf9,4.83
1qwu,3.22
3pfp,6.44
1hq5,5.65
3unn,4.4
2aie,5.66
4l3o,6.0
4yx9,5.35
1onp,7.52
5hfu,6.89
4x0z,3.15
3zm9,7.42
6om8,5.16
4inr,5.59
2wqb,6.27
3rf4,6.25
3n5e,6.82
6hzy,3.92
5zk5,8.37
2ovz,7.89
5eif,2.55
6cmr,6.61
4pyx,6.14
2qlq,6.63
3ob1,5.42
6gg3,4.21
3o8h,6.24
4hfp,7.38
5nob,8.2
4oz3,4.55
2fwz,7.3
6ebe,6.7
3b8r,9.22
3wp0,4.99
3da9,5.51
5uq9,6.15
2wxn,7.68
4u8w,11.24
2q8m,4.03
5vc4,7.36
3jy9,9.0
5hdz,7.35
5f2s,6.7
4llp,4.8
4mlx,3.19
6f2n,6.7
5ek9,7.33
3o3j,6.4
5xn3,6.17
1py2,7.22
1s3k,6.62
4i9i,8.1
6eq2,5.89
1xp1,9.3
2w73,6.52
3kc1,9.0
3l7a,4.33
4im0,7.72
5ktu,6.21
5bv3,7.17
3h5u,8.52
4wcu,8.52
4nud,7.07
2hxl,7.92
3hku,8.3
3tki,10.3
3ivg,4.3
5afx,5.92
4pda,4.21
3ddg,6.0
3oku,6.36
3oof,7.3
1jmf,5.77
4xqb,3.79
4ark,7.2
5il1,5.82
1czo,4.55
4gfo,6.62
6nvg,8.07
6rqk,2.8
4fnn,7.57
3wig,8.64
6j1l,6.42
4qem,7.8
2xwy,5.22
1w1v,2.2
3odk,3.14
1ets,8.22
3m8p,8.68
3bz3,8.82
5mgf,4.27
3fvn,6.77
5eol,9.52
1tq4,6.19
2v2q,4.15
5uv5,7.7
3fxb,5.85
4z68,6.49
1qj1,8.05
4bhf,3.46
4j8s,5.7
2r3l,7.0
5gmn,4.73
3wkd,3.77
5a85,5.3
6b7a,4.49
4jg8,8.6
6f09,5.97
4qmz,6.68
6g9s,8.0
5n1z,8.19
4g0l,5.19
1lqf,8.3
3mhl,7.25
4bqt,5.79
2zdz,6.15
2o4l,9.22
2q2a,7.41
3qkm,7.42
4gcj,7.7
2kff,3.61
4x50,7.75
1njb,5.8
3g0e,7.7
1vyz,6.54
6cgt,6.0
6j9y,5.07
4or6,5.31
1ajv,7.72
5f3i,7.1
3ik1,4.85
5cqu,6.54
1bcj,3.7
3dwb,6.19
3qpn,7.77
5a2k,6.35
4agm,3.98
2aow,7.42
4gbd,11.32
1oko,4.54
5es1,8.34
4kfp,8.0
3vw9,7.96
6g3y,5.89
1qka,5.92
7prc,5.21
3tkm,9.0
2zp0,7.6
4y0a,2.31
4qfn,4.12
5h19,6.49
3g3m,5.96
5j6n,7.77
4y2p,2.66
2r0u,9.0
5n55,5.99
1gsf,5.0
1uml,7.52
1g6s,5.15
5u0d,4.54
6rpg,8.52
4obp,7.77
4fxf,5.19
1h01,4.66
2y82,8.4
4b0c,2.07
4msk,7.2
6ajz,4.34
2qfu,4.18
6qge,5.68
6g4n,5.64
5ey9,5.41
2cet,8.02
6hgj,4.38
2c9b,5.54
4g2j,7.96
2byi,6.34
5edu,8.66
1ao8,8.22
4i9z,7.74
1kyn,5.39
3u7m,7.45
2w16,10.0
4pyy,7.23
3ws8,6.68
5a7y,4.48
1y19,6.77
5toe,5.6
5ivv,6.35
2h9t,4.7
6afe,5.36
2rg5,8.51
1v2u,3.37
6gu7,5.81
6tl2,5.44
3pty,5.44
5y7j,7.29
2w1h,7.28
5ezh,4.62
4yyl,5.01
3bzf,4.52
5kgx,4.8
3abt,4.77
2n06,4.92
2a14,5.7
5vfd,6.44
5e3a,5.44
4fzj,3.15
3jsi,8.68
6mla,4.38
6jad,4.32
4s3f,6.24
3dg8,4.7
6nfi,7.05
1a4g,8.4
2hf8,5.47
3vje,8.01
6qft,7.46
5exl,8.43
5vd0,6.49
4dfu,4.6
5x27,9.4
1imx,3.52
6hh3,6.24
2aq9,7.3
3kjn,5.19
4zy0,8.04
1my3,5.4
4q1s,4.17
5akk,4.0
3qs4,4.68
6hu2,5.9
6j10,6.35
4wkb,11.57
5w6o,6.28
4z2p,4.6
4kbk,8.18
6p3w,6.26
3bu6,5.89
6ccq,6.6
3zlw,3.7
1h3h,6.66
6sd9,9.1
3dga,4.52
3hdn,7.2
4hze,6.29
5mwy,7.0
5ewm,7.92
1y2e,6.8
3qfd,4.17
2vti,6.18
6gvi,6.82
3p3g,9.74
1vjb,7.89
3juo,5.07
5wpb,3.57
5l44,4.4
3ex3,4.44
1bmk,7.6
6f7q,8.96
5yj8,3.98
4p0x,5.92
1uz4,3.4
6u9v,7.4
4wag,7.08
5y9l,5.72
4w55,4.74
1p03,8.19
6nao,6.7
6ayn,5.04
2zlg,5.59
2w85,5.04
5iyv,3.87
6jan,5.79
1swr,6.92
1ai6,3.97
6g2o,6.77
6gwr,8.1
4fod,8.92
4msc,5.96
2z1w,4.08
5eyk,8.52
6a3n,8.06
3v3m,5.32
3d4y,5.7
4lge,8.46
4mdt,5.0
4jvj,7.66
3gxl,7.6
3lk0,3.16
6qfw,6.83
5w6r,7.57
5oh2,4.24
2rjr,1.94
3igb,4.42
1fpp,8.0
2ykb,5.96
3u8w,9.0
1xh7,6.82
5v5n,8.02
2vew,7.19
4dlj,5.92
5w2q,6.88
1lan,7.22
4kn7,7.62
1nl6,11.32
3jzj,3.61
3ujc,4.59
6dh5,11.3
4dwb,5.74
2ymd,3.16
1p7m,4.38
3owb,7.72
3bgz,6.26
3h0z,8.37
2wxv,8.7
3r6c,4.72
6f4n,5.22
1pi5,7.77
5amn,8.35
4zx9,7.39
1hy7,5.39
6g2c,4.66
4i5h,8.7
6pvz,3.47
3r0t,9.04
4x8g,6.0
6buu,5.44
5ewa,4.82
2psu,7.62
3oyq,7.99
3zln,8.47
5iua,8.82
1rd4,7.74
3i7i,6.21
3r0i,6.92
1lzq,8.39
4e1m,7.26
4nbl,6.33
5f2p,4.43
6pht,3.41
2oyk,5.3
5bqs,5.64
4m5r,3.0
2vww,6.62
4f63,6.3
4whh,7.4
2v16,8.22
2cnh,7.23
5a4e,6.4
5tq5,7.23
2q80,4.6
4b2i,3.0
6nsq,8.1
1q6n,7.64
2gyi,7.0
2oji,7.07
4nzn,6.38
4y6m,7.15
3eb1,4.79
3ctt,6.35
4nga,7.77
1y91,7.23
5aol,2.32
1met,9.4
5f4n,8.66
1g6r,4.27
6frf,7.4
4yrs,3.07
5vsd,7.24
6fnr,5.59
3px8,3.64
3atp,4.45
2uvm,7.1
6hcv,8.3
1zfk,7.92
3ctq,7.4
2pqz,5.67
5mmg,6.01
4qjp,8.6
2c3l,5.07
4u01,8.46
2x2m,6.77
3ff6,7.15
1wtg,7.03
2xxt,8.05
6edr,4.55
4li5,6.26
4mbp,5.64
2ohr,4.0
4yyt,6.38
6hop,5.62
4n9b,5.28
2vci,7.68
1t08,5.51
2y8i,5.89
4g0q,2.52
5fbe,4.85
1hbj,8.52
1t7j,8.7
1tmb,6.74
4cd1,4.89
1mf4,7.99
4oeu,7.66
5gn9,7.05
5ixq,4.7
2bdj,9.35
6s9x,6.42
3skg,8.1
3d9p,4.54
4j7d,4.7
2ycs,8.87
2igy,6.95
4efs,8.6
5mmn,6.7
5d9p,3.2
2yfe,6.63
3u0p,5.68
3gb2,7.47
4eh2,3.16
6ar2,6.41
5ubg,5.17
3hkw,8.64
5buj,8.3
1ukh,6.38
4l9i,4.89
3szm,6.4
6miy,7.73
6cbg,3.95
3cm2,6.47
5we9,7.22
1m2p,6.11
5sxm,8.54
2xno,5.93
4ea3,9.57
4b11,5.64
2pks,4.96
3pax,5.0
5czb,8.0
2fvc,7.49
4rlw,4.87
5e8r,8.7
5amd,8.55
6cn8,7.2
2vtl,4.01
5i80,7.21
3e8u,9.42
4abv,6.07
2i47,8.66
5v1d,6.7
3me9,6.3
5mlj,8.85
2ydf,7.66
3m59,5.24
4e1e,6.31
3oy0,8.0
6e5b,8.66
5o4z,6.07
3gqo,5.41
4oc0,6.5
3hhm,7.92
3mz6,7.2
3hbo,5.09
3c84,7.85
4bvb,4.48
3k41,0.82
1w82,6.71
2qw1,3.9
4mw6,5.78
3t0d,2.37
1kwr,6.6
3lxs,8.1
5ni8,7.7
6mqc,8.28
5y5n,5.76
4uvx,7.96
5oh4,4.55
5ehe,8.32
2y2h,4.57
4clj,9.15
3snb,4.38
5mli,3.9
4eo4,6.35
6ny4,8.52
5qik,7.66
2x4r,4.77
4x34,6.12
6p5o,4.54
4li8,8.12
5evb,5.0
2j7b,6.62
3s8l,5.64
2o4k,10.46
2pgj,3.59
6bw2,7.68
5ei4,4.58
1uk0,8.1
4y2b,8.36
5x26,8.3
4yfi,6.3
4lkq,3.35
1g9s,3.61
2l75,6.05
5two,8.09
4alv,8.15
1d4j,8.36
4y79,7.96
3dx4,7.12
1x38,8.77
2wr8,5.44
1iau,7.1
5iub,9.46
4m3m,9.05
1px4,3.23
5n9r,5.59
1qhr,6.89
3r7b,6.15
1x8t,7.8
3lj7,8.34
4ui5,6.78
5csp,4.24
6oqc,10.4
6gl3,7.96
5yun,5.52
4k3p,5.8
5uwn,7.87
2oag,8.47
4p4s,4.94
1lag,6.3
3ty0,7.08
5y2f,5.15
6ouv,5.55
1jii,9.0
6d5w,4.2
3fqk,7.15
1yp9,5.11
4pid,4.62
3wv2,7.92
3msj,3.11
4des,5.85
3bla,8.7
1q5k,7.42
6j9w,5.13
6ugp,6.16
1ule,5.92
5pzm,5.96
2z5o,6.0
2uwp,6.81
2hxm,5.22
4q4q,5.79
1ibg,8.55
1wb0,5.35
2ioa,5.49
4bc5,4.6
4btx,6.54
1b4d,4.81
3a5y,7.96
4u82,5.72
4kva,3.94
4p5d,5.82
3bqc,5.73
4wsj,7.33
4kp6,9.09
5h8b,11.31
5flp,3.2
3qx8,2.86
4gvm,6.11
3ce0,6.15
1hvk,10.96
6dgt,7.38
6b41,8.48
6nss,8.85
5b25,10.24
4urz,2.52
5zhj,5.0
4ogj,6.79
4i10,6.77
3sug,6.21
6hro,7.3
6esy,5.59
1iem,7.7
3myg,10.7
5aqq,3.1
3qx9,4.05
4wkp,9.55
2rkg,8.09
5yqx,6.96
4zki,2.92
2mps,5.41
3m3c,4.06
1x7r,8.05
5xqx,6.39
6d5e,6.85
4luo,3.24
4x3h,4.23
6ind,6.62
4yz9,7.7
6oxp,11.0
4lrh,9.72
1gjd,5.22
2jdp,6.6
2aux,9.3
6gj6,4.7
3kcf,7.46
1kti,3.43
4g90,4.51
5hrx,5.29
4zmf,3.96
5y1y,6.01
1c5z,4.01
5dlz,5.74
2w8y,9.09
6e59,8.67
4mc1,7.85
3czv,7.8
4wef,2.59
2x9f,7.21
2p3o,2.77
1t3t,4.96
3wd1,7.66
3dog,7.4
4u5n,2.48
2xfj,7.89
1nki,6.7
5vqz,6.39
2wed,6.1
6gx3,3.6
4mzk,5.31
3uxl,5.57
5tt8,6.5
1bdq,6.34
6hth,7.12
6ge7,6.06
4wvs,6.27
2jqi,5.0
3td4,5.66
4yy6,4.22
3zo2,7.1
3sym,4.57
6gbw,8.45
2vvv,8.22
3vyf,8.8
5qqp,8.28
6sge,7.51
4ybt,7.0
4p3h,6.0
4ryc,7.1
3pz4,8.22
3zvt,5.92
4dcd,5.75
4ydn,8.64
5gu4,5.47
1odj,4.1
4eqc,8.1
4ufi,6.2
1g6g,6.28
5zbz,4.95
5l0h,5.64
4qvn,5.1
4mcd,5.33
4p45,7.8
4dhr,4.57
4nbn,4.36
3n9r,7.15
4o4y,7.81
6oe1,8.51
2giu,8.82
1zfq,7.52
3hau,6.38
3uat,6.66
4c1f,4.63
2p2h,7.17
4xmb,7.36
5fjw,5.4
4hz5,5.92
6r1b,5.44
5fcw,6.52
5e8f,8.64
6jij,6.64
6v5l,3.65
3i9g,8.96
6ijh,7.17
3r0y,4.84
4qz6,5.53
5a00,7.52
4afj,6.4
1gny,4.14
2kfh,2.62
1a3e,8.46
4mwv,9.4
4ara,6.05
5vgy,4.18
2bes,4.24
5vfm,3.82
3s00,4.92
2wvt,6.12
6qyk,5.55
3oot,8.7
5d3j,5.24
4l1a,8.27
2ans,5.92
5av0,3.55
4xv3,7.92
5m7u,8.1
1acj,8.09
6j3o,5.62
6gcl,4.47
2ot1,4.0
6j63,8.19
4q09,8.17
4tw9,7.7
3uoh,7.89
1c12,8.72
4yb7,3.8
5egu,5.85
4deh,6.21
2g1y,7.05
3u6i,9.0
4bxn,8.0
4pgh,4.89
1ujj,6.1
5mql,5.85
5ty9,5.21
3zuk,7.46
6fe5,9.3
5orl,4.82
3wf5,7.09
4ph4,7.74
5g1p,5.2
1ka7,6.22
5nki,7.72
5d2r,5.82
3fqs,7.39
2ajd,10.8
4hpi,4.85
3n4b,7.02
1pyg,5.52
3zev,8.64
2foy,6.92
5aan,4.15
6jbe,4.7
6dy7,4.18
1b8n,10.52
4bo9,6.51
4uda,7.59
3zqe,4.23
2gnf,5.22
4gzf,8.36
5myr,4.66
2y67,3.53
5f00,6.6
4ret,7.59
4i8n,4.46
6h4y,7.11
5cf6,8.09
5lss,6.31
5hg5,8.7
5laq,9.2
4ln2,3.61
5v2p,8.29
5f1c,6.13
1cr6,8.51
6iiv,6.85
3kc3,6.8
2avm,5.7
5v2l,3.54
4b6q,7.55
5ar7,6.49
1njc,5.55
5zk3,8.74
4ca8,6.68
1ppx,7.28
3ddb,4.02
2xm1,5.07
3e6k,5.15
2q2c,6.38
2jg0,7.82
5flq,2.97
4tmf,5.48
5z4o,3.28
3shj,7.47
1h27,5.6
2a0t,4.82
2p0x,6.31
1o4e,3.3
2w17,8.7
1uz1,6.89
1lvk,5.92
3tlh,8.82
3u1y,8.67
4x21,7.44
3f3c,6.02
4mi9,3.42
1o2x,5.85
1p93,7.72
5wxf,4.48
5uy8,8.3
4qvm,6.35
1f4x,5.59
2w8w,2.12
2sim,3.42
4ksq,7.31
4pf5,5.48
6cjy,7.64
5tcj,7.38
6q74,8.2
5ism,9.15
6oxu,10.02
6hp5,7.27
4ge9,8.8
3tiw,7.67
6f34,4.94
6c99,5.62
2wzs,3.85
3l6f,6.99
5axp,9.03
5q0w,7.24
3zmh,5.28
5jmp,7.17
4qtb,6.7
4ufk,3.89
6m8e,4.85
4eh5,3.09
4rfr,6.54
1e06,5.6
5dtm,4.3
3d9m,3.48
4kio,6.3
3bb1,3.6
1xot,5.42
1kll,5.2
4hyu,8.21
4ibi,4.14
2zaz,6.4
3t2q,3.66
3fv1,9.3
4tzn,6.52
3l4y,7.0
6r4s,6.39
5t4e,5.36
4rro,7.59
5uwk,8.64
2uzb,6.92
6n3f,6.1
4e3j,8.92
2ohu,5.38
2mov,7.4
6f4x,4.97
2j75,6.65
5ajw,6.98
5xst,7.57
5ji6,7.96
5e74,4.41
3bi6,7.82
1mqi,7.63
5umx,5.96
2glp,5.01
2q63,7.18
4ib5,6.25
4a22,8.49
2p3g,6.9
5w44,6.44
2z97,6.0
2wq5,3.74
5mpz,4.07
3qaa,11.54
4zzz,7.06
4jlg,8.7
6bgw,6.68
2qu3,6.23
3of8,9.22
6dvm,8.52
3ery,5.66
1njf,6.21
4qp2,3.03
3ds9,7.39
1f3j,5.22
5hct,7.6
2jkq,8.11
6d78,8.74
5a5p,4.0
5c3p,4.46
5i9y,8.55
3az9,6.0
6eis,6.6
2r3p,6.05
5hk1,8.37
2yb9,9.22
2pe0,7.1
5fso,6.09
4ec0,6.07
5hva,7.07
4abb,4.51
3doy,5.82
6a04,5.21
1rs2,4.3
5fox,3.17
1fcz,9.22
6k5t,4.24
4lv4,5.0
3g0c,5.7
5ul6,8.22
2f6z,5.32
1z71,9.18
4qw3,6.61
3qt7,7.31
4nku,4.67
4qmn,8.52
6qqw,4.72
6b2q,8.05
3h5s,8.3
5c4o,8.21
6epa,5.95
4j44,5.73
2qwc,3.55
3ebo,4.72
4j0p,7.29
4yur,9.8
5vjn,5.06
6b16,7.49
4pul,6.84
4no6,6.11
5c4s,8.42
3hiv,8.12
3ig6,7.6
1qbr,10.57
3sdg,5.55
3bgc,5.02
3ljz,8.14
5mes,6.47
4aa0,7.46
6d8v,5.42
1ow8,5.4
2r3k,7.0
4r06,6.29
3k8c,2.92
4lp9,6.21
4zhl,6.47
1v1k,4.46
4f3i,7.44
1w2g,4.57
4e67,6.48
3q3t,7.43
3mwe,1.54
3qps,5.6
3mta,4.3
5jf4,7.19
1a08,5.62
5wyx,6.66
6g9a,7.68
3ipe,6.82
6ibs,4.96
1vot,6.6
6dz0,9.03
4je8,5.21
5c2h,11.09
3l79,2.46
3r5n,5.78
1nvq,8.25
1fpi,5.89
6fni,8.22
5yjf,5.74
6p3v,7.02
4l7r,5.02
2gg2,6.6
2hai,6.28
4d1a,4.72
4lkt,5.9
5sz2,8.7
5twz,7.87
5nhv,8.55
1f4f,4.62
6r1d,5.4
3uzd,5.05
2fx8,6.52
6ey7,4.3
5h85,4.7
5c2o,4.55
5o1e,4.48
3wha,9.32
4qtd,5.97
3mo2,6.61
4bcd,7.48
4oba,9.4
4mse,6.16
6f8t,5.15
6h7n,8.46
3ap4,3.92
4zec,5.82
5eue,6.77
3iss,6.05
4ui6,7.06
3q92,7.92
4af3,7.51
3vby,4.55
4zy1,8.14
3x00,9.08
4pax,6.4
3d9z,8.7
6hm7,7.1
1fta,6.36
6ftp,5.82
3mlb,4.8
4bcb,8.52
5wj6,7.57
5eje,5.6
3m55,6.21
1v0l,7.55
3s9e,5.13
5ii2,4.89
1wdr,2.52
6pdj,7.38
4i7l,3.99
3ejp,8.55
3i5r,4.4
6d50,5.05
5vwi,4.84
5to8,8.51
6h8c,5.85
6jdl,4.89
3m6q,7.32
3gk4,3.92
4zz3,6.0
5ef8,8.85
2v7a,8.3
4drp,5.41
4z8a,4.76
4o61,4.3
2bu5,7.78
2in6,7.64
4i0s,7.44
6ma2,5.39
5vqv,6.4
1b6k,8.74
6m87,8.1
3mj5,6.49
2bdf,7.17
2nng,5.36
3p8o,8.72
1u59,7.25
5ovc,5.96
4x69,7.66
2fgh,6.55
2clo,4.06
2bow,4.0
1pyn,5.49
6oi8,7.82
2nmz,8.37
4o2e,8.0
3eqs,8.48
4ep2,5.35
6mim,5.7
5w14,7.34
4ob2,6.3
2ayr,9.29
3sd5,6.58
3s3k,4.01
3s75,6.82
2mas,7.52
4wk7,7.13
1bug,4.37
2qoh,7.7
2h5j,7.91
6q36,7.6
1cze,2.62
1swi,3.1
5kby,8.82
4h3i,8.52
5oq8,5.85
2ayp,8.15
2xx5,6.7
4j45,5.77
6eq1,4.61
3qw5,6.45
3fqe,8.3
966c,7.64
5qae,3.62
6ck6,9.0
5n70,8.52
4x1n,6.42
6czv,6.64
6n0k,5.07
3f17,8.63
5e0j,5.21
1br6,3.22
5yjm,7.68
5q18,7.17
6gl9,6.87
5ngs,6.77
4rhu,6.16
3u2q,8.22
3gs7,5.44
4zxy,6.4
6dh7,9.88
4uuh,7.77
4rpv,8.52
3efk,7.85
3rwc,8.12
4j3d,8.28
3ppp,5.22
4azp,5.9
1sc8,7.44
3lpi,8.52
4b6u,5.11
3ms9,5.22
4p00,6.4
3zhf,3.92
4g2w,8.8
4ciw,4.82
2zmj,7.52
2c2l,5.55
4wkn,9.72
5t66,8.43
1wht,3.7
4kne,5.9
5dt2,6.82
2qm9,7.77
5yz2,4.95
3ap7,3.0
1q6p,8.52
2obj,7.3
4qw6,5.85
5w4w,8.1
3e1r,5.82
5agr,5.43
4tz8,3.3
2w1g,8.52
6s4t,7.95
2viz,6.22
5v1y,8.15
5hg9,7.46
1ec2,10.0
4tmn,10.17
1vcj,4.59
1ai7,4.09
2bmc,7.57
5os5,3.39
5wbq,5.83
3zc6,9.22
2x97,5.66
6a30,4.89
5myx,8.16
5dus,5.53
3orn,9.62
6b1j,7.37
1i43,3.7
5hng,4.03
5u2j,5.92
2yjw,5.12
6b1y,7.4
1au0,7.66
2cer,9.22
6f3d,8.4
3f3w,7.47
6h51,6.87
1ctu,11.92
5w4v,7.15
5jr6,4.69
4uyg,7.6
4o91,6.83
2vnt,8.0
5zz2,8.85
6hzc,8.93
5uwf,7.23
1a9q,6.17
4n8e,7.7
4wov,7.14
5ot9,4.07
4uru,2.22
4rs0,6.0
5eqq,8.17
5eis,5.74
3p4w,4.57
3gyn,7.21
2w0p,6.52
3at3,8.04
4os7,4.62
1d8e,6.6
6dim,2.14
2viy,5.74
4jvq,6.2
3d7b,3.69
2cm8,5.87
1h1r,5.64
1a94,7.85
2x7s,5.78
4f9y,6.74
6eo8,7.0
3gi5,11.22
4l34,6.94
5m7s,9.05
5isl,7.28
4i4f,6.19
6hub,8.1
5fsb,2.22
5u28,7.17
4eft,4.07
4daw,7.08
3u6h,9.0
1b40,7.28
6eip,5.7
4gr0,9.55
5etu,3.89
4q0a,6.48
5ml5,8.0
3k15,4.92
6bqg,8.93
2l8j,5.52
5ave,5.44
4mc9,9.44
4gmy,7.55
6cee,4.19
1w12,7.85
4y67,6.93
2q6f,5.44
4ad2,6.2
4xyc,7.51
3bl7,8.4
5qa9,3.64
4jnc,8.52
4tpw,4.69
1p6d,2.94
4fcf,8.62
5cei,8.28
2b4l,4.77
5hj9,5.85
1wvc,4.46
4j2c,5.25
4qew,7.07
1ro7,3.18
2pyy,4.6
5kx8,7.42
5yji,5.3
4i54,6.96
5a82,5.6
3q6s,6.74
4umq,5.38
6pvw,6.32
4qtc,6.4
5m55,6.62
6m8b,5.36
6inm,6.29
5mo8,5.79
3el8,7.6
4aba,3.82
4ezl,8.59
5alk,6.6
6htn,6.07
2w71,6.48
3tfv,7.1
4nat,6.48
1axr,3.27
6jsz,5.68
1njd,5.57
3ocb,8.3
6a84,8.28
3fea,7.44
3olg,7.84
4j4o,6.9
2mpm,5.89
1d5r,1.82
1aqi,5.62
4izy,8.52
4cg9,6.21
2gg9,5.46
1jij,8.52
6rvf,6.14
5x9p,6.89
3ary,6.0
5cfa,6.54
5y48,5.85
2hdr,1.72
3rv3,2.0
6cjv,5.66
5zml,8.11
5le1,4.97
3vp2,5.1
1gvu,9.0
5j32,5.08
3l5r,7.42
3rlp,7.08
6aan,2.75
6kjf,4.97
4a51,6.73
1p10,6.7
3nuu,3.77
6pvx,7.17
5obg,7.13
4ie2,5.35
6g14,5.49
4mb9,8.0
5u1q,5.96
5csw,8.4
3zpu,8.38
1bai,7.7
3wqw,5.23
5lx6,5.72
4avs,3.49
3hxc,5.28
6eku,4.28
4wx4,9.22
5j7f,7.24
6e92,7.46
2xyr,6.13
1tom,8.3
1qy1,6.52
3c3r,4.39
6bln,8.8
4yff,8.0
1apw,8.0
6qrf,4.48
3cft,4.19
5vpm,8.8
2ygu,6.49
5d6y,5.66
4x3k,4.56
3ot8,8.05
6jjn,4.11
1rgj,8.31
6ecz,6.57
2zxd,5.22
4f7j,5.24
3zyf,4.85
4q4r,6.43
1ida,8.7
3d83,8.36
6c7j,8.88
6h14,7.86
3ion,8.1
4pmp,6.4
1hqg,3.0
4bfp,7.82
6aad,2.79
4q46,3.77
5vjp,4.83
4bbf,8.66
5tdw,4.7
4bw2,5.2
4zgk,5.51
5l01,7.48
1nc6,8.0
3d20,8.3
2rgu,9.0
2wap,6.64
3fuc,9.72
3zmi,5.95
1g3b,5.74
5lo5,5.87
5xs2,8.3
2xp6,4.7
1c3r,6.4
4uiv,7.8
6cms,5.82
4esi,4.15
2jko,8.11
6mh1,5.92
4u0i,8.22
4ngh,7.52
3c1n,5.5
6q9l,8.41
4m3e,6.25
2amv,8.8
3d1x,8.66
3g2y,2.0
5goe,4.34
5i56,7.32
1maw,1.1
3l38,7.0
5db2,7.6
6dya,6.17
4ca6,6.74
5esq,5.8
1jd0,8.24
4bhi,7.05
4mg9,5.68
1mnc,10.34
4djh,9.49
3iet,6.85
6huu,7.46
4v1f,7.7
2xk7,5.82
2a58,4.92
5kns,6.12
3h8c,7.72
1lkx,5.15
2a5u,8.1
4y2t,3.82
3wc7,8.26
6guh,7.59
3vv8,4.77
6afh,6.12
4ij1,5.4
4b83,5.15
6bu0,5.96
3cs7,10.68
6au9,5.96
2qki,6.41
2vc9,8.44
5svx,6.19
5llg,11.13
4lg6,6.74
4nhx,5.72
5f91,5.2
5ael,7.41
4aof,7.1
4nkt,5.97
1zs0,6.15
5ty1,5.21
4wyy,6.0
6czc,4.78
5aeh,7.43
4ux9,5.1
1pkx,6.92
1tcw,6.02
5d1s,5.02
3ro0,4.5
1w4q,5.26
3fmz,8.08
2xj1,7.55
2k2g,8.12
6ovz,3.85
5my8,7.14
1tys,5.49
3wns,5.96
4pp5,7.74
1pf7,10.14
5kau,6.52
4b4m,6.69
3uqp,7.31
1w96,8.41
2vo4,4.94
3n2u,7.84
1sqn,9.4
3voz,6.85
5wio,5.03
5ely,7.36
5vlh,6.8
4u7t,5.67
4m3q,7.77
3m11,7.37
6d4t,6.92
6g0q,4.61
5myl,5.0
1h2u,7.89
5jjs,7.32
1zz1,6.02
5aib,3.8
5z68,5.89
1ppc,6.16
6p3u,7.02
6fu1,5.36
1w0y,6.42
1pq6,8.1
5elq,5.7
2zcs,8.22
6r4k,5.07
5nu5,6.33
5apr,7.77
4jjs,6.7
5y7k,9.18
3kgu,5.92
1s89,5.24
1qxk,5.05
3bgb,6.05
4pmt,6.0
4n00,8.02
5j5r,6.89
6afk,6.0
5wij,6.31
4hxq,7.22
5agj,6.15
2ksp,4.24
4h1m,7.11
4ok3,4.15
2ohv,6.46
5v9t,7.35
3uol,8.51
6g2b,3.8
1dif,10.66
4og4,6.02
5ntp,9.15
4aj4,3.89
4v04,8.11
6ocu,8.05
4hwp,7.76
4cmo,9.07
3zyh,4.29
1w80,4.54
6u26,6.97
6ehh,7.49
6nyv,6.51
2pj5,7.82
3oob,4.67
3cth,6.96
6sfc,5.28
2pov,7.12
5f2r,4.28
5zym,5.77
2rke,4.08
3d2t,7.12
3uyr,6.9
6fgl,4.62
1u9x,8.15
2fme,6.98
5aly,6.73
4b2d,3.7
3tdc,8.27
6iht,5.21
1m5w,4.27
5zu0,5.51
2igw,1.31
4frs,8.77
5bq0,7.82
3hb8,5.12
1k1p,7.92
1haa,8.7
5alz,8.22
2gej,6.64
1pvn,9.82
3k48,6.31
3s1y,6.22
4xo8,8.96
3mv5,6.74
1jak,5.57
4amx,2.19
2jjk,8.05
4dzy,5.62
5j82,6.0
5yhe,6.69
6dvn,7.85
1bnu,9.7
5vsc,6.29
6a9o,5.24
6c0s,7.05
5kma,4.71
5ye7,5.46
5j3v,6.98
5fqr,7.59
4wf2,8.1
1x8d,2.21
5eie,7.64
3zot,5.95
4xqu,6.07
1v2m,4.29
4wyo,6.95
2p95,9.37
4kqq,3.9
5dts,3.55
3oik,6.17
2jo9,4.28
1rlp,5.1
4rj6,7.12
1pmv,6.82
5e13,4.24
4i9s,6.79
4q1w,11.7
6c0n,8.37
4eor,6.3
5d26,6.09
3buh,3.66
3gwv,2.6
4xxs,7.28
4exg,8.07
1i48,5.7
5f4r,7.02
4nuf,5.3
4wno,6.8
2aay,2.92
3dd8,7.85
2qyn,6.24
4f14,4.89
2zb1,6.32
2rm0,4.03
4b5b,6.41
3m40,6.77
5ul5,6.97
3o9g,12.3
4jal,4.6
6jn3,5.16
2oa0,6.92
4hiq,8.21
1w1d,6.52
3f3v,7.14
2qd9,7.89
1fkf,9.4
4q06,7.66
2xl2,5.25
1zpc,6.6
6mt5,4.49
5gn7,6.05
2cmo,6.4
5ws3,8.96
4h3f,9.0
4eu0,6.4
3ow3,6.13
4b8o,8.4
1dmb,5.74
3e2m,9.4
6kla,7.25
1n4k,10.05
5kit,7.89
6b1o,8.51
1fmb,10.0
4o1l,6.7
4nvp,7.57
5q0s,7.21
6hm4,5.67
5em9,5.57
6gw1,5.14
6ugo,7.59
5a46,7.66
2n9x,6.4
4e3g,4.97
6g1u,5.61
4bdh,4.11
6i5i,8.05
5eec,7.1
2jdt,6.77
3dpc,4.36
2cvd,6.1
4pku,4.52
4p6c,4.0
3qo9,5.92
3usn,6.15
5tnt,8.31
5kkr,6.92
5nhh,8.95
4np3,3.3
5hda,5.13
6eq8,8.0
2i0d,12.1
3uec,4.21
3iny,3.66
5uz0,7.8
2x6e,7.82
2wib,4.93
2clf,3.55
5sym,6.55
5yy4,6.43
5f67,6.89
6s8a,8.07
4dld,5.82
5oah,8.31
2op3,6.31
4pri,4.03
3poz,7.64
4x68,6.57
4hcu,8.0
1aj7,3.87
1o45,9.6
4az5,5.99
4qmw,7.07
4zy6,8.3
6akw,7.22
5dva,3.55
6cbh,6.29
4yc8,7.85
2b1p,8.52
1dzp,5.44
2yaz,5.14
4his,8.09
2rjp,7.0
1hos,8.55
3nok,4.19
3ibc,4.91
1oe7,5.52
4ww8,10.17
4ra1,5.94
3l7c,2.44
2yxj,9.3
4x3r,11.07
6o9d,8.7
5a81,5.54
6pl2,8.06
5hld,4.66
4u0a,4.3
4u6y,7.08
3utu,10.92
2c9t,7.48
1g2m,7.4
2fo4,7.22
4urv,2.77
6f28,5.67
3m3z,5.73
4l2k,6.44
1lf8,5.46
2w4x,4.85
5ueu,7.78
5fnc,4.11
3eql,5.3
2h2d,5.37
5em6,8.4
3dej,8.0
2bxu,7.15
3c14,3.52
4idt,7.0
3lpj,6.92
3qcy,7.7
4cc3,4.14
5qim,11.22
6s5k,7.32
1yy6,6.07
4jps,8.3
1pmn,8.15
5h9r,6.08
3fup,7.66
3ti1,3.89
6bh2,5.62
4en4,5.52
6hmp,6.86
3djo,4.39
4p58,4.6
2prj,4.49
1y6r,10.11
5vb9,5.89
1w84,4.46
3hcm,3.3
4qfg,5.48
5ey4,3.12
4hct,7.14
2l6j,6.26
3tws,5.52
5hog,3.64
6huq,7.14
4non,5.24
3oqk,6.38
5eoc,7.52
5t1s,7.08
2bpm,8.7
1e5j,4.0
1pmx,5.14
4uau,5.89
1ctr,6.0
6a6k,7.46
1b8y,7.85
4xsz,5.6
2x6i,6.08
1w14,8.52
6g97,8.38
3pup,8.22
5dde,7.19
3hll,8.24
1d3q,6.54
5nx9,4.6
4ejf,5.1
6miq,4.55
5ops,5.06
6eq4,5.62
6kjd,5.05
1hms,6.37
4pb2,4.8
4res,7.85
3i51,7.7
4pnw,5.05
6eda,6.7
3tif,5.38
3ttj,6.68
6rk4,4.01
4k76,5.35
3h0s,6.2
3e6v,6.83
6mo1,6.54
5ksu,4.08
3gtc,2.35
3pck,6.7
5lvf,4.82
4uit,6.7
5a7b,3.57
4mx5,4.55
4lke,5.37
3b0w,5.7
4orx,3.53
4j77,5.47
4x13,3.3
3iph,7.6
5jjr,7.8
2qbp,8.4
1i9n,8.66
4meq,3.6
5tyo,8.21
4ju6,6.17
2f1a,3.14
3ovz,8.06
2zif,4.37
1rdi,2.06
2e9u,8.1
5ivj,7.34
1jao,5.92
3uyt,8.1
3qai,8.1
3h85,5.22
3zyr,5.34
6hgy,8.52
5a6k,5.95
1hmt,5.79
6f6i,3.19
5lsh,3.39
1yds,5.92
2l65,4.22
5mev,7.0
4own,4.22
4y3j,2.17
1nyx,7.04
2yak,8.7
6ba7,8.15
5ekm,6.32
2z4w,6.01
3c6t,8.68
4d2t,6.0
6g22,7.56
4obz,5.72
4zb6,6.28
4lbu,6.56
3b1u,5.72
6cvf,6.35
3u78,5.6
4whr,4.12
2c68,5.74
5f60,7.37
4imz,6.92
3g8i,7.42
3l16,7.48
6dzv,6.4
5dqe,3.63
4qjx,7.28
5u0z,6.19
4or4,4.57
6pml,3.09
4q19,8.05
1u3r,8.3
5i5x,6.7
5za2,5.77
1lcp,6.64
4aj2,2.38
5uir,7.14
3hek,8.27
2pj1,8.01
6pg8,3.85
2zdx,3.19
5ddd,6.59
4pnk,6.6
3vbg,7.48
5sz0,9.1
3vp3,4.95
3su5,5.58
4qhc,6.7
3vjm,9.43
2ajb,5.5
6d1g,4.47
3sgv,4.46
4zt3,8.0
3rjc,5.24
6h0u,6.77
5dht,6.0
2y7x,8.89
6qlr,4.82
4wop,4.76
4anb,8.18
4mx0,6.73
4ai5,2.92
3ump,2.99
5nyz,5.03
5bns,7.02
4prj,7.14
4zph,7.51
3ogp,7.44
3srg,5.7
5l2m,6.89
4m8x,10.2
4mq2,7.01
6c5k,7.16
6cdj,11.7
4m7y,5.32
3r8i,5.35
1rin,3.15
4g0c,7.92
3ifl,8.08
5vdk,7.57
6cdg,5.72
1bqn,6.22
1sz0,9.0
5aic,4.3
3f68,5.06
4uub,4.76
3nw3,6.49
3lnk,5.94
6ew7,5.54
1caq,7.72
1nnu,6.82
3fci,5.89
5igq,6.6
1jk7,8.52
2fxu,8.15
6gn1,8.0
6djj,4.1
5kab,4.68
5c4u,8.72
1t46,6.43
5lrq,5.8
1utn,3.49
3zj8,3.9
1dxp,7.57
1w5w,8.8
4cu1,4.71
3kw9,9.0
2v5x,6.66
3d8y,3.4
4mvw,7.55
5q15,8.05
5w5o,8.1
4rss,8.77
1gnj,7.04
2wkz,8.77
2iqg,8.3
1gz4,3.7
4lbl,4.96
3fi2,7.6
2nns,6.05
3og7,7.51
1bjr,7.68
4fns,6.7
5m4k,5.66
3tkh,7.33
5vkf,4.77
4r91,6.37
6ftz,3.0
3tww,5.38
2cct,5.02
1kc7,5.52
3wk6,5.2
4clz,4.37
6g86,4.49
4csd,5.91
3qd3,8.0
5hm0,6.36
6qre,4.85
5n8w,6.33
6oh2,5.2
1z6f,4.89
4f64,7.2
1inf,5.0
4mk1,4.8
1yc5,3.0
4cjn,4.76
6cd8,4.71
4eo6,8.7
3w5e,7.96
2qhr,7.39
3mfw,3.52
3ghe,5.89
5adq,5.7
6rne,8.8
4jft,5.46
2gm1,7.0
1ql9,5.35
3p4v,5.1
1jyi,4.0
4cff,6.4
3e7b,9.8
6ghv,4.28
1lhu,8.83
2zu3,6.1
6qwb,6.04
1onh,8.21
5edi,9.52
6oim,7.05
1h23,8.35
6jon,4.88
3zo1,6.0
4usj,4.0
4ebv,5.38
3zxe,3.35
1o7o,4.49
3t5u,7.59
1rhq,7.75
3so9,8.56
5ggn,3.66
5dgz,7.85
6nti,4.57
5xg5,3.48
4f08,6.6
4ctj,2.51
6apt,6.05
4m6q,8.21
1bm7,7.52
2w6n,6.9
4ufd,9.68
1nlp,4.96
5ndd,6.46
1q91,4.15
5u3b,8.82
4gtt,8.22
4zyy,8.05
6g33,8.15
6n7c,9.17
3kjf,4.87
6nzh,8.8
2zvj,5.74
6rn6,6.8
6enx,6.08
3eoc,6.64
4ee0,8.63
1jq9,8.45
6cvy,8.41
6n7d,9.52
1fhr,4.0
2fl6,7.42
4qg7,8.0
6ncn,3.05
6br2,8.72
5q1c,8.08
5eh5,5.87
4oyb,5.8
5mgx,5.59
2pfy,6.52
3atk,2.85
4xkc,5.87
2kfx,4.0
4qpa,7.43
1dfo,6.7
1fh7,5.24
4e9d,7.7
1f90,7.92
2rc8,6.52
5lne,4.76
4j1e,7.72
5aes,2.89
3peq,7.5
2fai,6.24
6afj,6.28
5hki,2.8
4k18,8.96
6bec,4.01
1ft4,6.57
5mwa,6.82
5kj0,6.89
6d1k,3.13
2j87,4.85
1eb2,6.01
2rkn,7.22
2o9j,6.92
5zee,2.8
3qiy,5.34
1xp6,9.4
1kyv,5.92
5y0z,6.34
4es0,6.99
4j0z,7.11
4x8o,6.6
6jag,4.5
6f0y,5.11
5l4i,6.59
5dtr,4.41
4w9k,6.54
6hgr,3.46
3o9c,12.05
6ps0,9.94
3t3h,5.71
1ph0,6.92
4mqp,4.98
3l3z,4.87
4lxa,8.7
3lce,3.81
3el9,8.4
2xwd,6.96
3g8e,5.35
6jax,4.42
4kao,6.11
5svk,8.48
2j7x,8.77
4aa2,3.97
1npa,8.7
2ze1,6.22
5oqw,7.4
6ic0,7.66
5if6,7.23
4iho,5.1
5apj,7.4
3d27,4.25
4g8l,8.0
1h26,5.54
3hav,3.77
6b67,5.05
6h4v,6.21
5y3o,6.86
1fq4,6.4
4i8z,11.05
4mjp,3.88
2nww,5.48
6b8u,9.7
5za8,6.29
5ai9,6.61
1oar,7.4
3skc,8.8
2krd,2.7
4dcs,5.1
4hlf,6.06
1o2j,6.92
3s2p,7.17
3l6h,5.4
2azc,6.74
3lxl,8.3
6qzh,8.52
1kug,3.8
6nzv,10.17
6jdi,5.11
6fi5,5.52
3t0t,7.04
5l6h,6.62
5wgq,6.48
4umc,3.44
5uox,8.3
6udy,7.57
3fck,4.0
2gv2,8.3
4b6p,7.13
3oy1,7.8
2w9h,6.37
3f7b,7.19
3whw,8.22
3kga,7.21
5dj5,5.6
4phu,7.92
5v7w,7.12
2wwj,4.48
1xud,8.1
3iad,9.0
1apv,9.0
5q0r,4.57
3vbx,4.77
5kjk,7.92
5ja0,5.22
3fv8,6.8
3zmv,4.26
5een,8.96
5hka,6.46
6f6d,4.1
4yab,5.07
2zdl,6.4
6qls,5.35
2y2j,4.8
4x7n,8.22
4zt5,8.0
5tza,9.0
2nmx,5.57
6c0r,7.51
4jfz,7.15
4lm5,6.82
1i5r,8.52
6mr5,7.3
4jwr,6.21
4ay5,6.27
4tky,5.7
3vrw,9.39
3kqp,3.42
5x54,5.0
4cwt,6.75
3vid,6.21
5xvw,5.48
6ebw,8.6
3gk1,4.1
5gwy,4.95
6i8t,5.75
5i25,3.49
4dea,6.59
5uc1,7.85
4xg6,8.01
3rz1,8.74
1pip,5.0
1o4d,3.52
5fwr,7.75
3fr2,6.23
5q16,7.87
2za0,6.64
3nuo,9.8
4hlw,5.38
4q8x,3.57
3lj3,9.03
4yef,5.35
3rxp,2.08
6hv0,6.56
1l0a,4.62
1dbb,9.0
1dub,5.8
4nxr,4.34
5ggk,3.54
2wik,3.18
4c6v,4.59
5sz6,7.0
1f92,6.19
6h7o,9.85
2y76,6.36
1l6y,3.66
2c5y,6.6
3kr8,8.1
5jh6,8.48
6n4e,8.0
4bd3,4.54
2yhy,5.6
2i4j,6.16
3lcu,3.52
3g2n,4.09
3a1s,4.83
1way,3.4
4mg5,5.34
2dxs,7.34
1a0q,7.57
6at0,4.04
4m5n,5.12
1f2o,1.91
4wzv,9.37
2r0z,5.47
6fu5,7.5
6idg,6.66
6n17,3.0
2wo8,6.28
4azf,6.35
2y8q,5.82
3bh3,6.15
5a3w,5.82
4m0z,5.19
6c5f,4.48
2adu,7.74
1e3g,9.0
5ijr,3.2
5n58,6.1
4fm7,7.24
3bwk,3.94
4gr8,7.83
3zya,7.0
3pkd,6.12
1awh,6.08
1ru1,4.74
1td7,4.37
4xnv,6.79
2jk7,7.17
4b3b,3.6
5uxm,5.44
4lkg,6.8
2y07,6.22
5jmw,6.76
5fp0,7.77
3qkd,8.38
5l3j,6.64
4mo8,8.0
6k4t,6.02
2b8v,7.01
3pjg,3.55
2w0z,4.03
2xab,9.27
2a8g,3.69
4eej,7.15
5a2s,7.7
3n86,5.64
4d1s,7.66
2f3r,6.3
1l6s,4.41
1xt8,6.85
6o0o,7.44
3rwi,6.94
3el5,7.72
4kzl,6.15
4n3r,6.82
4ucu,3.35
1ya4,4.82
5in9,6.36
2fys,4.36
4edz,8.08
5agu,10.0
3q2h,9.16
3nin,4.91
4ght,5.78
1zkl,5.09
3oe8,8.14
2c90,3.48
5ful,4.74
7hvp,9.62
1k1y,3.22
6r0v,4.96
3mj1,7.82
1epq,8.19
3t0w,7.3
4g3e,8.38
6i18,4.07
6ql1,6.48
2h65,8.19
4nw6,8.4
3atw,7.01
4za0,7.21
1yvx,5.1
6ee2,6.71
3ant,8.07
5syn,6.62
2oah,7.96
3ttp,9.12
6d1a,4.35
4rvk,7.87
3c43,7.72
1hyo,4.07
5q1g,3.58
5abe,3.05
4knm,8.0
4zx6,5.27
3hl7,7.64
3el7,6.32
6idb,6.4
5mnb,2.48
5ijj,6.55
3i73,5.49
5o9r,5.39
3zns,7.41
3f70,4.85
4cl6,5.39
5e91,8.4
3d1y,8.22
1t4s,2.44
1xk5,6.0
3iww,7.96
2zfp,5.17
5x4m,2.92
4pft,8.64
5zeq,8.82
5ug9,8.1
3aqt,6.72
3b7i,5.82
5uuu,7.74
4ge1,6.43
6rvk,6.36
2xp2,9.0
4bda,5.57
3p58,7.6
5cgv,6.47
5gwa,5.77
4b4g,6.76
4eh7,3.28
3zpt,8.51
4m3p,5.4
3hfj,4.44
3e7a,10.0
1ett,5.89
3bh9,6.93
1ta2,8.52
4g19,3.58
1jjt,8.05
6apz,6.82
6mbo,5.95
4m8t,6.43
2uyq,5.68
4z3v,8.4
5m5d,3.95
1l83,3.4
6gga,4.85
2q9y,4.44
4lh3,1.52
5afm,4.15
3e9b,5.35
4re4,6.87
5qaa,3.91
2pg2,5.77
3kej,7.12
4abj,7.47
5agv,9.7
3qcj,6.3
4ob0,5.3
6hrp,9.0
3qkl,8.05
6bix,6.51
4xaq,7.14
5tuy,6.35
4zv2,2.93
1tze,6.83
3u81,4.44
5am6,6.73
4ydf,5.1
5f1x,6.11
5mja,6.66
6q7w,6.85
5ih8,6.74
1nm6,10.05
5cy9,6.66
3nsq,5.21
4ylk,6.74
1zp8,8.77
2pl9,4.17
3wd9,8.08
5alx,5.48
3qnd,4.85
3f15,8.1
3aru,3.22
6ed6,7.43
1eoj,13.77
6g9k,7.4
3ql9,6.3
4oyi,4.72
1uj0,4.57
4qxt,7.8
6guk,6.15
1zea,5.22
5yc2,4.94
4tqn,6.11
6h2z,9.3
2wi6,6.64
2zdm,6.41
4djv,6.72
5hfb,4.57
5ans,5.69
3twu,5.62
4z90,4.66
4pkv,5.25
5ku9,5.83
4hzw,8.88
5lgr,7.09
6t1n,5.46
4urx,2.89
6g3o,9.24
5uac,8.3
1t1s,5.15
1u32,7.01
3byu,9.1
5n8t,5.74
3s3r,8.68
5kv8,4.84
6fvo,5.55
3unj,4.96
4c35,6.25
4e8y,6.09
3dow,4.94
4ehm,5.85
6dry,9.43
1rhj,8.04
2ydt,5.52
4av0,6.98
4cr9,4.1
1df8,9.7
4pov,8.28
5d24,5.24
2xk3,5.68
3rni,5.17
4m7b,6.7
3qj0,5.2
4bdi,3.64
1kc5,7.0
2poq,4.42
3vi5,5.68
3qch,5.48
3p2h,5.44
4rcg,5.03
1rpf,3.99
1oay,5.92
1nzv,6.4
2w77,9.19
5kw2,9.09
4urn,4.46
5tjx,6.82
4zz0,7.0
2i4x,11.72
6dlj,5.55
4px6,8.4
5wqk,6.3
2vl1,1.35
5tus,4.43
2w5g,6.07
2gek,7.52
1fhd,6.82
5al1,4.28
4ds1,4.75
1ndy,6.17
4tk3,5.1
6oqd,9.85
3zm5,6.74
3ttn,7.84
4o44,7.85
3ps6,7.74
2ydo,7.51
6epz,7.14
3puk,4.74
2bdy,7.77
3n5u,5.92
2x9e,6.74
2boh,8.52
3g08,8.16
3dm6,7.43
6aum,9.1
6evq,2.0
5ov8,4.74
1hp5,6.55
1x70,7.74
4bfr,7.64
5ep7,5.4
2pri,2.91
3q0z,7.7
5kam,4.11
3eml,8.74
3uw5,7.85
2vwu,6.46
5k1d,4.68
1gja,5.42
4xtp,4.26
5j4v,5.85
1i7m,9.64
6ma4,7.35
2web,5.12
1f1j,8.8
6i5y,8.54
3o87,7.6
1ebg,10.82
3zh8,6.47
6dsp,6.09
5o1g,3.94
1efy,8.22
3vp1,5.48
4lgh,8.7
6fng,7.14
3a4o,8.89
1ayu,9.15
2xup,12.39
5kx7,7.44
2ntf,6.52
1ycm,8.0
4qmv,7.64
4f9v,6.03
4fgy,6.3
4a4w,7.72
5flt,2.89
6j0g,5.64
5mod,3.52
5hcy,8.92
2x81,8.3
5ox6,7.54
1r78,8.52
6g9i,3.93
1cj1,8.8
1vij,9.52
3f48,6.29
4i6q,7.52
4pg3,7.85
4r02,7.41
4yik,6.89
3tv8,7.15
4m5i,5.17
2xas,5.89
2wej,6.08
5kad,4.43
6azl,4.93
5aqg,4.51
6rfn,6.7
5wuk,7.85
2j7d,7.13
4m2w,7.28
6u7o,10.81
1ucn,5.22
5kdr,8.3
5u6c,10.3
5nu1,9.0
4os4,4.87
2d41,6.82
6f1w,7.96
2vvc,8.52
4y83,7.77
6b5r,8.77
1ung,6.8
4dgm,5.92
3ryv,7.07
4o2b,5.74
3dng,8.13
4ynk,8.3
2a2g,7.0
4kyh,5.92
2z7i,7.0
1o2z,6.11
5a14,7.3
5vew,5.15
2z4r,7.62
1tsl,6.15
6hs0,5.5
6gg5,3.65
3hj0,5.71
5hip,6.05
1fzo,7.89
6biv,6.52
1hvl,9.95
5zxi,9.15
5tg5,4.01
5g11,7.21
3lpp,6.22
2iu0,6.89
3o9p,6.52
5awj,9.68
1dzm,5.41
4cli,8.89
3l4v,6.72
4f5y,5.43
3liw,7.6
5gub,6.2
6e8x,6.22
1wbv,3.79
2pv3,5.25
1xmu,9.08
2h02,6.49
1rst,4.43
6etg,4.66
2zv2,6.3
1fl6,7.43
3u2k,7.52
3kqa,4.85
6hot,4.4
5vl2,8.42
2zx5,12.33
2b7f,7.3
1j4q,6.44
4wj7,4.89
3o64,9.4
4bw3,6.3
3f5j,4.28
5t2b,8.3
3i7g,6.37
5tw2,7.3
5xvg,8.05
6ql2,7.77
1ivp,7.52
3u51,5.51
5fap,8.0
1oe8,5.52
5oq4,7.6
5f5b,3.95
2w6q,4.6
2f6y,3.87
4ucv,2.88
2pvh,6.59
5e1b,4.84
6dql,7.89
2yi5,7.41
1d7i,3.6
3dct,6.95
2uwl,8.4
5nvh,7.82
3msl,5.15
6tld,5.35
3p2k,4.7
4bky,7.92
2qtr,5.49
1gux,6.96
1f9e,8.7
4fny,7.8
2pql,7.28
4xh2,8.22
2phb,9.49
6a93,8.16
6jwa,4.96
3ry8,3.34
3k84,8.52
2qi5,10.85
1o2y,5.85
2w8f,6.3
4ok5,4.51
6f9u,5.13
2j79,5.96
1k27,9.0
6ez9,7.77
2n3k,6.8
4z9l,8.8
6eeb,5.3
6cis,6.87
4xoc,8.52
6bvh,9.15
6oah,5.82
5y6d,7.26
6g9b,3.24
4b7z,4.31
6jtc,5.07
4uvb,5.49
3ued,4.53
3opm,6.62
2byr,8.55
3sl0,2.7
4lkl,6.09
2y4s,6.15
3qsd,7.19
4z16,8.32
4yk6,5.7
1drv,6.54
3zy5,6.64
3cst,7.41
5gja,5.55
3d2r,5.48
3f39,1.78
4c7t,6.4
4qw5,6.35
4a9i,4.9
6axk,6.52
1puq,7.28
3ws9,7.04
6d3y,8.7
1f8a,5.0
4yx4,5.97
4kpx,7.3
4jfd,4.44
4hs8,7.92
5b5p,9.7
4ffs,10.44
3bft,6.49
3rpy,5.32
4wup,9.82
3sx9,8.89
4d85,6.85
2vhq,3.85
4raq,6.72
6hk3,7.5
4lnf,2.62
4osf,5.44
3arx,5.33
6e22,8.89
4wz6,5.6
4jfl,4.98
5eg4,7.68
1q5l,3.22
6fgc,5.48
2wos,3.9
4mqu,8.4
5q0q,6.11
5lvd,2.62
1y2g,4.08
5jf5,7.2
6dud,6.59
6i0c,6.85
6f3f,4.52
4pry,7.7
6fv1,5.97
5dls,8.36
2w08,3.42
4tn2,6.92
6uyx,6.0
6h5x,10.82
2q72,2.68
1q41,7.66
3np9,4.4
4ipj,4.87
3rl8,5.98
5e7r,7.6
3p3j,7.92
3h1x,5.89
3fzr,7.96
1hsg,9.42
5g10,8.01
4l02,7.7
3ryz,8.62
5fpk,3.55
1ghw,4.2
6q9t,7.52
4kab,4.03
5cyi,5.88
3vw7,8.1
5ap5,7.97
1ux7,3.0
5vii,7.29
4i9r,6.95
1b74,1.3
4f7v,5.38
6g8j,4.76
3nrz,5.34
3nq3,3.78
5nb7,8.22
3g2s,6.22
1pme,9.4
4idn,5.24
2n7b,3.55
1lvc,6.0
5knx,6.1
3p4q,6.52
4tyt,7.7
2fdd,8.32
5u8a,7.89
2vcb,5.26
6e7w,6.52
1y3p,4.82
5djp,5.15
5tdi,9.74
4i33,8.33
4b2l,3.24
1zzl,8.3
5aln,6.57
6odz,9.15
4wy1,5.29
5dp4,4.2
2r1w,4.6
2xnb,6.83
3cz1,7.26
5id1,6.25
4btm,5.39
2w54,6.98
4der,6.31
1bnt,9.8
5hvs,7.15
2j4i,9.0
2c6l,6.57
2qhm,6.18
4jai,8.4
2oxn,7.44
1w5v,8.15
5dhq,5.7
1wqv,6.89
3vb7,4.31
3iub,4.54
4dfb,4.6
4zsp,5.74
1qj7,8.1
5emk,7.89
4muv,5.76
4u0g,5.29
5i29,7.82
1gqs,6.3
5t1l,6.62
5zyl,7.06
2aoh,4.44
1iht,8.46
2ph8,5.74
6pek,6.52
3su1,6.68
3blu,3.46
5a0c,9.27
2qzk,7.57
4zhm,8.05
6hv5,6.49
2gv7,7.85
6ia7,5.7
4qps,6.52
5mim,7.34
1gu3,4.32
6ps3,9.78
5oxg,5.89
3kmx,4.82
2ha4,2.7
5nev,7.36
2oc2,8.52
3fqh,6.24
4ijp,7.8
3gcp,7.82
6n8x,5.7
1k1n,6.82
4b3d,2.68
3kvx,6.83
4aom,7.07
4riv,7.0
3cm7,6.57
2oi0,7.55
6dtn,6.8
6e7u,6.92
3iux,7.6
2r23,3.72
1mzs,5.15
3hxe,5.33
4n4t,7.31
4rrv,7.4
3ppr,2.82
3oy8,3.66
4bqw,7.48
2fu8,4.7
3e3b,7.96
5nxp,7.99
1g7v,6.4
5ai5,7.03
5tl9,9.0
1akw,8.59
1mau,11.3
4hdb,8.05
3tu9,5.12
2f6v,4.43
3l5d,4.11
5jfp,9.32
5kpk,8.3
5i5z,9.05
1usk,6.4
2a3i,6.05
1c50,6.48
4mk0,5.2
4azi,7.45
4py2,6.57
3itu,4.4
4yth,8.7
5lyx,7.42
5gic,6.48
4cpq,7.74
2azr,3.64
1rej,8.3
3th8,6.25
1i5d,8.0
4rux,7.92
4ysi,5.7
6fcl,4.64
5a4q,5.54
1mmq,7.52
5c7b,3.0
4kn2,7.27
1j07,7.68
4jin,5.64
3m8u,4.89
3r1v,6.92
1rt1,8.1
3d7k,4.6
4i9h,7.17
1q8t,4.76
2q5k,11.3
5jar,5.7
5mqt,5.7
3h2n,3.67
5k51,4.8
4al4,6.89
3fat,7.64
4o0v,8.48
6dl9,6.0
2zkj,5.48
2xel,3.9
4trc,4.52
5h5s,5.09
6hrx,5.1
5tbe,8.97
5f3t,3.68
4aig,6.52
1thl,6.42
2khh,6.56
5d21,8.38
4zy4,7.66
5m2v,5.4
5f2u,8.43
4nja,6.22
4wyz,4.3
1ibc,10.25
5ywx,9.85
3grj,3.0
1igb,6.4
5fus,4.68
1sbg,7.74
3qtx,7.15
5lzh,3.1
2gnh,6.83
6g29,4.33
1zog,7.15
1nq0,10.32
5xff,8.21
6mu1,8.1
3eyh,7.7
4pjt,9.24
3l6x,4.4
1bl7,7.72
5hzn,7.21
5iep,7.0
6udt,10.0
1xlz,6.02
3arw,6.15
4ui7,7.36
3q1x,5.33
2c1a,6.77
1d2e,6.0
1a8i,5.52
1ype,8.1
4abk,5.72
4muk,6.6
6euv,8.62
5jy3,7.92
4m8e,7.89
5zuj,4.78
6pya,6.82
3v8t,9.52
3unk,4.82
1kl5,5.99
5xsu,6.74
5mys,4.3
1nw4,9.07
3n5j,5.22
3jq9,6.4
6g2m,7.82
4jsr,8.4
6pg4,3.59
5jgi,4.3
5fng,2.96
6d4q,6.08
3sfh,7.05
3m8q,9.52
2p59,7.3
6a03,5.25
2vk2,6.89
4hp0,6.12
4g8n,7.2
5aqp,2.68
5e2k,8.03
5jat,6.64
3qfz,3.24
6hgz,5.97
3cp9,7.32
6fgf,3.96
1m5d,5.04
4e3o,6.51
5er1,6.02
4k0y,7.82
5va9,7.84
4tpt,7.04
5obr,5.36
4qn9,4.41
4qnb,6.59
6fvl,6.8
5cp5,5.91
3w9k,6.32
5a3s,8.68
1o5m,8.72
2p4y,9.0
5ea4,8.11
2imb,4.22
5tg2,5.49
6ewe,5.51
5a7c,3.74
1q63,5.85
2f5t,5.17
5kup,8.14
2xhs,6.0
3cib,7.85
3gw5,9.33
6pt3,9.41
6fzx,8.15
4nj9,6.97
6gxg,5.24
3gzn,8.0
6aol,6.27
5avf,5.49
2pwd,4.4
4jda,6.29
6eyt,5.72
4ufz,6.31
3agl,7.8
5mfr,4.3
5j9f,7.23
2nqg,6.48
3b65,9.27
5l2z,10.22
5wp5,5.34
4o2c,8.0
2yer,7.7
5olk,6.0
3nc4,4.58
1nhw,4.84
4x7l,8.05
4uwg,8.15
3ujb,5.1
5e0l,6.4
6ibl,9.31
3efr,5.08
3lzu,10.06
5lav,6.09
1q6m,7.89
3qbn,8.23
6fs1,7.01
4l0b,7.17
1ej4,7.3
4ijh,4.33
2xlc,2.3
5zgg,5.0
5ikb,8.72
4r6v,7.45
3bm8,3.54
3lpg,6.16
4x5p,8.21
4ztq,6.32
5vse,5.97
6ccu,4.45
4eol,6.05
4wiv,6.26
5fa7,8.4
2auz,9.46
4k6w,5.35
5epk,5.74
1wss,7.77
5ief,5.28
3eou,7.01
4zsh,7.05
5jnc,5.48
3s5y,7.41
5trf,9.06
3bv3,9.34
1olu,4.41
5mzg,6.86
6b59,8.09
3hb4,9.05
1nzl,7.15
5yr5,6.74
4gzx,3.19
4wkc,12.68
4cfm,4.74
3iqq,5.54
3s8n,6.21
6bee,4.66
2k7l,6.15
5auy,5.8
4aph,5.4
5o5m,5.23
6mxe,4.26
5fl5,8.19
2qbq,7.44
4g69,5.98
4y4v,3.65
3krj,8.96
4pnm,5.85
4nka,6.51
3mvh,9.3
5sy2,4.96
4jj8,6.14
3lzb,7.2
2w47,4.98
4j0s,6.42
4i11,4.57
4qvq,5.2
5ye8,3.0
4f65,8.6
5o9p,5.09
6eqs,6.43
4os6,6.44
5mz3,6.66
3q4b,9.33
6cco,7.29
5drt,5.36
2bkt,7.64
4p2t,5.43
5dw1,7.1
2yg2,6.05
5h8x,5.51
5nk3,7.42
4phw,10.0
1v3x,7.62
2gzl,4.82
2i4t,9.0
5hu1,8.66
5uvc,8.21
1rmz,8.0
4jr3,6.66
4xhk,8.3
4inu,9.26
6ap7,5.34
4xiq,7.07
3byo,8.15
3mxe,10.01
6mum,8.41
5t8p,5.89
4pl4,5.27
4url,6.3
3atl,4.76
4rj4,7.8
5n6s,8.09
2w7y,6.08
2bpv,7.67
2i1m,7.62
3cj3,4.24
4cst,8.89
6pm9,8.1
3cho,6.55
3obq,3.54
1xka,6.88
3o4l,5.09
5jsm,6.59
4y5i,3.52
5aqr,3.0
5o0s,4.24
3st6,3.62
4n7h,5.48
4kij,4.3
5i13,5.08
5z89,6.71
4ts1,4.94
5y8z,6.21
1zyj,5.82
4emf,7.08
2vey,7.37
2whp,4.51
4wn0,3.22
6efj,3.32
3gcs,7.25
1o4p,2.6
4ot6,5.92
3r01,5.24
5d6q,5.24
5drq,10.92
4ibj,4.33
6dh1,10.58
6abp,6.36
6nlj,4.82
1mfg,4.3
3elc,2.69
1o9e,4.18
6os5,5.36
3rz9,6.92
5u66,3.0
5izk,6.72
3q4l,7.26
1yqj,8.14
4pg9,7.8
4lmu,7.26
2zda,8.4
2xyt,6.29
2zva,7.96
2q9m,7.21
5zdb,5.75
4ivd,9.52
5dkn,3.69
3arq,6.4
3hit,8.19
5qat,3.85
5hcx,8.39
4nwc,5.76
4tx6,5.59
2ynn,5.17
2yix,8.48
3isw,4.05
3v6s,9.12
5he0,6.82
4ovf,4.13
5ml4,8.7
5hh6,6.4
1pus,7.28
6fmp,5.64
6qc0,7.24
3l0e,8.0
4bdd,4.43
4hbm,7.92
4twc,7.4
1aht,6.21
1rw8,6.76
2q54,9.01
3bgm,7.41
5ufc,5.16
4l7u,5.66
3g0w,9.52
1azg,4.8
3qtw,6.19
3kku,5.7
4xkb,6.1
1b3h,6.21
3hdk,4.76
5lxd,8.5
2aeb,8.3
5k5c,1.62
1y8o,5.89
4x1f,7.97
3o84,7.24
3d4q,10.52
6f9r,4.97
3wgg,4.4
6ueg,4.71
3uza,8.94
3p8n,9.28
3mf5,5.36
2r1y,4.51
2y81,8.7
4lmn,10.3
2hha,6.91
3mp1,6.1
5fdr,9.44
5n2z,5.31
1unl,6.7
2opy,4.52
2i3v,6.55
6o5a,6.29
2p7z,6.58
2uym,5.51
6e7v,6.48
5v41,6.15
3k3g,2.85
2a4l,6.4
4jp9,7.62
3zi0,7.4
2zgx,6.74
3b82,4.43
4h3b,5.17
3ksq,9.42
4yhp,8.7
2clv,7.88
2hyy,6.77
1zhl,5.0
4ode,10.0
5l87,5.07
4dh6,7.77
3er3,7.09
4hld,9.3
4ymg,4.68
5dg6,5.07
1dhj,6.55
2jq9,4.48
4zg6,6.33
5nbw,8.59
5zyh,5.57
5h09,5.88
4dfw,7.85
5c7c,5.26
5cs3,2.15
4n8q,3.42
4lzs,4.8
6oag,5.43
1g4j,8.7
5lyy,4.85
6nwk,7.7
5ien,6.52
5e1d,5.39
3f7g,7.37
3isj,3.68
6exs,3.44
3hd3,7.0
6n0m,5.82
3wt7,8.75
4yqv,5.71
4tww,4.2
5nqr,7.15
1bwa,8.6
4led,2.3
3iqi,4.41
2n0u,6.22
5m3a,5.7
4yuw,5.77
1vyq,5.3
5i7u,8.77
4w9i,5.96
1dl7,6.49
6u8l,6.91
4kp0,8.65
6ayo,8.29
3o7u,7.28
2ole,7.25
4avg,7.22
5ezg,4.92
2wih,7.35
2weh,5.95
6hwu,7.54
3fzc,5.39
4u0x,6.23
3rsv,9.15
6hky,9.34
3s8o,6.85
5i83,5.39
4ivb,8.72
6g35,7.76
4a9s,7.21
1sgu,5.37
4x60,9.0
2ogz,7.08
1uvu,5.0
3mt9,4.59
5zoo,5.65
4mre,2.19
2rf2,8.44
3zk6,6.34
5yof,5.82
2fx7,7.7
6bhe,4.62
1pxo,8.7
3sap,7.59
4b7r,9.64
5f37,5.77
1szd,4.54
4jn2,11.68
5zwh,8.72
4usw,2.69
4pz5,6.92
5aad,6.67
1gjc,6.35
2p3a,7.96
4fcr,9.4
3mkn,4.12
3u9q,4.38
4nxs,7.37
1hee,5.34
4x5y,8.03
1enu,5.08
3v31,5.8
6gu3,5.36
6iqg,8.0
4e7r,7.7
3dp0,5.85
1m0b,8.82
3rde,7.46
5wyr,6.39
5mts,7.15
2ovv,7.92
2zyb,7.7
1ugx,5.91
3d52,3.28
5kbh,6.26
1nf8,7.82
5ucj,6.36
6fa4,7.29
6guc,7.6
4b84,4.66
4do3,4.1
4mxc,8.17
5aiv,6.19
3cph,6.48
1xbo,6.04
4fsl,7.7
2h5d,8.19
4b3u,5.33
4qf8,7.51
4msu,5.85
4zy5,7.59
5enk,8.1
3d8z,3.37
2fqt,6.14
5icx,6.96
5n9l,7.82
3wcg,6.85
5t2i,8.7
4o9s,6.55
3iae,3.89
1lqe,5.82
6d4v,6.64
2hmb,5.59
1amw,4.54
4ynl,4.62
6ak5,6.12
6mt6,3.88
1nfw,8.96
1sr7,10.1
6u6w,5.33
5wad,8.11
1t37,4.35
4pqa,5.55
2y8c,6.4
4jfk,6.44
6oht,6.45
4twp,10.0
3miy,7.68
1o2p,4.85
6jid,5.08
6o3y,4.42
2ydj,8.3
2f8g,8.7
3rik,2.47
3e92,8.0
1xo2,6.07
4gwk,3.34
3o56,9.1
1ndv,5.92
6aee,5.37
5c8k,7.7
3vfj,7.04
4lps,5.74
2r2b,4.2
2wo9,7.21
3mag,4.07
4kmz,8.57
5jg1,8.72
3okv,6.23
2chm,8.26
6axq,4.0
6pg9,4.92
6itj,7.97
2p8h,7.15
1w0z,7.68
4uxj,5.42
5j6d,8.22
6n5h,6.45
5ofi,4.2
4l10,7.15
3ivc,4.12
5yr4,6.34
2yhw,5.6
3o9i,11.82
5tc0,7.6
1o3d,7.13
5akj,5.86
6r1c,4.92
6eqx,10.47
2vth,3.92
4nrc,3.62
1m13,7.57
5n9t,6.66
2llo,5.82
5f6u,2.52
6jsf,8.48
6p1d,7.41
2d06,4.08
5b6c,3.66
4xii,6.6
1b05,7.12
1a30,4.3
3l5f,6.22
3mj2,7.82
5hvy,7.76
4jhq,7.74
3m6r,7.49
6idz,6.51
4m48,6.81
6f1j,4.62
6t1i,5.26
3c7q,7.68
5ha1,7.19
1owd,8.2
6cus,4.89
2xx2,7.3
2etr,6.82
1kzn,8.92
3wch,7.05
5d25,6.3
4dkp,5.72
1q3d,7.82
3rk9,6.28
5qas,3.72
5wr7,8.96
3q72,5.8
1ws4,3.0
3e6y,5.6
2vwx,7.4
1avd,15.0
5q0i,4.25
5ee7,9.21
4tju,5.44
6qwi,4.29
5iz6,6.64
6q8a,8.01
5q1f,7.14
6f8g,4.18
6ibv,5.23
4mcv,8.89
2xzq,6.59
2jc0,4.7
2woa,5.94
6do1,8.08
2fw3,6.42
5he2,6.89
3krr,9.32
4nw7,6.63
5tpb,2.59
5h22,7.44
2yk1,8.13
4itp,7.27
1tft,8.3
3bxe,5.48
5kls,6.71
6rhe,4.13
2nq6,5.82
6dgq,5.51
5wxp,3.35
4y8x,8.43
6gy5,4.86
4b1d,7.49
5wep,6.36
3ip5,6.22
2z52,5.57
5o0b,4.18
4pvy,6.71
5f41,4.17
6aox,4.82
4z8d,5.22
6i76,5.07
3qbh,6.82
6rz6,8.54
3zs1,6.4
6au2,2.3
3f82,8.34
6nzm,9.0
4yhq,8.77
1p19,4.11
5ukk,6.21
5f20,7.52
1nhg,7.3
3wk4,5.13
1txr,7.74
6e7x,6.76
4mr4,5.94
3d1z,8.8
1vj9,7.55
1me3,7.19
3rdo,9.85
6d6u,8.21
1uu8,5.05
6nfh,7.15
4d88,7.31
6eb1,5.33
4qzx,6.26
5jeo,4.8
4nq6,4.28
3fhe,8.6
1qi0,2.35
3ckp,6.35
4fe6,10.0
4ozn,5.4
5g0q,10.0
1fe3,7.33
6ixd,9.8
6aqq,6.55
4uw1,7.72
5o87,6.61
1fzk,8.4
5ylt,6.39
2v25,5.72
3owl,6.17
1j80,6.52
4r92,7.41
1z6d,2.34
2ada,13.0
5ukl,6.2
2xcs,7.85
5k32,8.8
3ta1,3.25
3wcf,7.28
1d9i,9.11
2pja,8.66
5g3n,7.92
1o2v,5.85
2a4z,6.6
4mwc,5.87
3w33,7.44
3vjl,8.25
4hmk,6.1
3a3y,9.15
1qaq,4.74
6g3q,7.24
6qz5,6.08
3iw5,6.08
4nrl,8.62
5x62,6.42
4y8d,8.05
4egh,3.26
6qzb,6.47
6f94,7.0
2uy5,5.49
4nnn,6.57
5tmp,7.47
3gnv,7.03
6f20,4.31
5btv,3.85
4n9c,3.9
3vfq,5.19
3new,5.0
5jy0,5.55
3vf8,6.82
2pog,9.54
3m3e,4.43
3eov,7.2
1i6v,5.0
5t90,6.68
6f5u,3.54
2q7q,5.3
5qad,3.77
3k2f,7.2
2e2r,8.26
2wpa,8.1
2xln,4.48
4n4v,8.7
6n48,5.92
5llp,9.24
1mto,6.96
4ayu,4.73
4lkj,6.7
1c3e,6.59
4w9d,4.99
4jv7,6.0
6fex,7.54
2xyn,8.4
4zy2,7.22
1tmm,6.64
4h71,4.45
1qhc,7.57
1y0l,9.0
1my8,7.46
5elw,7.85
3bxg,4.96
4kax,4.77
5zob,5.96
4qfr,8.13
5dbm,6.46
4jht,4.99
4io3,6.06
2vxn,5.0
4g0k,5.37
3jzh,3.4
5f1z,8.68
1zky,6.25
6gxb,7.46
1mm7,7.7
6ic2,6.04
3hmm,7.6
1b3g,6.7
3uo4,6.52
3hqh,4.2
4zyf,8.64
2btr,7.02
5jau,8.85
3fc2,9.06
5eng,5.85
6ar4,6.24
5a3x,6.1
6h7y,9.46
5zwe,8.96
6fqu,5.66
6dvo,7.22
5vp0,9.21
3vtb,9.3
5jal,2.47
1z6s,4.34
3jzr,7.44
4mep,5.33
5zw6,8.0
3krx,7.38
6nel,7.96
3rey,8.0
3ot3,8.3
1ftj,6.09
1hvy,6.54
4nrm,3.2
3kr2,5.14
5wrs,5.52
5v4q,2.57
3kce,4.8
4ztm,7.6
3gwu,4.71
5sys,7.36
5l26,5.35
1rv1,6.85
5l2i,7.4
4cc5,4.42
2pvj,8.1
2ogy,4.48
2r7g,6.05
4klv,3.78
4iva,7.16
3uvk,6.8
5qag,3.7
6o9c,7.55
3aw0,5.24
3eht,5.17
2ank,7.33
3shy,7.04
2ydi,6.82
5w7i,4.95
4pgc,5.88
1z34,3.38
4aa1,4.12
5a3q,8.6
1di9,5.3
5wg3,8.1
4leq,6.54
2piz,6.77
6pyr,9.0
4wy3,3.62
6frj,3.71
1zz2,5.22
5xo2,4.03
2az5,5.27
5jq5,5.63
1bxo,10.0
6myn,7.85
6p11,6.05
2ha3,3.03
1au2,7.89
2fm0,9.4
3sjf,7.64
3hxd,5.05
2g9x,7.35
6n55,7.87
4x11,2.22
5tcy,7.66
1n8v,6.03
5hjc,4.35
4g17,7.54
1r5h,6.74
6goo,5.67
4oeg,5.05
3a1t,4.83
1sdv,8.74
1d6n,4.5
5aqk,3.65
2glm,5.37
4a7c,8.22
6imi,4.58
6i74,5.47
5ehr,7.14
6pg7,4.66
5cau,8.8
1v2s,4.17
3ka2,6.62
5hmi,7.82
4nwm,8.1
3mtb,4.63
4g16,6.85
4lqy,3.89
4r75,7.24
4ayv,9.17
6g47,2.18
4e9c,5.96
6mia,2.6
6nsx,6.64
1yqy,7.62
3c7p,10.0
2w6o,4.22
3g5y,7.46
1wcc,3.46
3hf8,6.51
2r3h,4.7
4gvd,4.57
4uua,5.24
5ety,7.51
4zzd,6.6
7cpa,13.96
2c8x,6.66
2xct,4.51
1a28,8.29
6iuo,7.79
5kzq,8.28
5nk8,6.64
6d1m,8.2
4lch,10.62
2qmd,8.3
5jgd,7.96
2g71,7.46
4xjs,7.12
5vc5,7.96
2p4s,9.51
5t27,7.1
2vjx,4.96
3ahn,7.05
2c8w,8.43
3rxm,3.63
4ifh,5.21
5ny1,6.44
2wf1,8.7
4bdt,8.96
5qao,3.62
2vo7,6.77
2iws,6.36
6d1u,5.44
3wtm,7.0
2e9v,7.9
5wf7,4.01
5j8i,8.29
6mo9,5.81
5m25,8.19
6aud,6.22
1c5q,6.36
5okt,6.03
5mpn,7.07
4ywa,7.55
6d6t,8.21
3bbb,7.0
3fz1,7.92
4azt,4.17
5hm3,5.17
2z7g,8.95
2xp7,5.77
5jur,8.52
5ei2,7.34
3fcl,3.5
1sre,3.85
2y1w,6.33
4hra,10.1
6aps,6.66
4ayy,8.17
2fov,7.55
4l19,6.1
6au5,5.57
1jg0,5.3
2f2h,5.7
3pj2,5.14
3haw,6.0
6g3a,8.38
1llb,6.05
1ba8,9.0
3gjq,5.33
1usi,6.74
4e8w,6.09
5ugm,5.9
5kr2,8.48
2xbv,8.43
2ggu,3.03
6qln,4.66
3lzv,10.59
5tbm,7.31
6o1g,9.0
6exi,5.05
5acw,3.84
1z2b,6.4
5em7,7.72
5vqw,5.7
1a4q,5.44
3c8e,4.15
3olf,7.7
3tib,6.89
5khh,4.31
3mg0,9.25
5t4h,8.03
5ufi,8.4
5a7i,5.26
3coj,5.28
1nu3,4.0
3fr4,6.19
4q1d,7.78
4rhy,5.95
3r04,6.92
4abd,4.4
1q6j,7.8
3b92,8.0
3qip,6.89
3ffu,6.44
3rlq,7.4
4crf,9.3
3kad,5.12
3vp4,4.73
1rhk,9.11
4cj4,3.36
1rww,8.3
6ey8,5.81
3h30,4.53
4ci1,6.6
2eum,6.7
2c4f,7.7
3cj5,6.34
6dgl,5.52
2r05,5.15
4zcw,7.37
4ivc,10.0
3fzt,6.2
4drn,5.24
3c3q,4.32
2o65,6.19
6un3,8.64
4h3q,5.1
5vb5,6.46
6esn,8.05
3zlq,6.04
6oie,6.15
1bux,4.85
6fkp,6.52
2wm0,4.52
1xmy,7.3
2vd7,5.38
5wf6,7.83
3qw7,5.74
4fn5,6.76
4gw6,6.2
1aku,6.13
6oyt,8.23
4cgj,2.84
4wt2,10.42
3dkg,5.0
4au8,6.26
2kaw,4.97
4egi,3.82
5t8r,4.29
6h77,7.33
1rti,4.77
2ea4,7.34
3uo9,7.1
5u6b,9.89
1c87,4.2
6f29,5.49
4loh,6.96
4xoe,5.0
1ga8,1.8
3ukr,4.92
1m9n,6.92
3kwf,8.17
6p5w,5.29
1hti,5.13
2p99,5.94
5e2l,4.03
3g2h,3.82
5dp9,6.08
6n3k,7.54
6qyp,7.15
4e5f,4.82
1k06,5.34
3kbz,6.91
6c91,6.19
6phr,6.7
6e4t,8.05
2wtj,6.15
4nvq,8.48
4rvr,6.87
1gvk,3.05
5mw2,8.52
5cf5,8.6
5wf3,5.85
4aaw,6.3
4da5,6.44
4hod,6.1
1bky,3.84
5cqx,5.33
2byh,6.59
2vvs,7.34
4k2y,3.33
3ezv,5.98
2ipo,5.06
6gmd,3.69
4efk,2.49
5nge,7.19
5n9k,9.34
2r5q,8.57
5nn4,1.94
5ulg,6.72
1x6u,3.22
2wn9,8.52
3s43,8.6
5ld8,8.05
4hcv,6.4
5cin,7.74
6cyd,8.7
6d4r,5.96
4gqq,2.89
4ery,7.27
4bek,4.39
6hks,4.28
4m5k,5.23
2jke,4.23
3mke,5.66
4aoc,4.27
2xe4,7.16
5kew,6.5
1lcj,9.0
2uze,4.33
4bjb,6.66
4o3c,2.59
3da6,8.7
1cp6,5.0
4qlu,8.08
1ujk,6.57
2y80,8.05
5yfs,4.86
1jgl,8.7
1kr3,5.0
1cwb,7.89
1h3b,6.85
4zjc,8.96
6ets,5.64
1tnh,3.37
4do4,7.29
3lxe,6.6
3zjc,5.05
3mbz,5.8
4bkt,3.62
2hb9,4.82
1jt1,3.4
5qac,3.6
5mkr,4.77
6o8u,8.28
4d1d,5.74
6dk1,7.65
5opu,7.28
5ugd,6.62
4d3h,6.43
2gg7,5.76
6gxw,3.36
6nvl,7.95
1g3f,6.37
3g6h,8.19
1a52,9.86
4mnv,4.94
2y54,4.7
6mj4,7.72
4dgr,5.04
3db6,6.14
3zvy,5.1
4b4q,5.75
6gjr,3.74
4py1,7.19
4l7n,4.84
5jfu,8.07
6gzh,8.27
1bm2,6.96
6clv,4.88
5j47,5.31
4nnr,7.26
2pix,4.3
2wtx,2.89
3u4o,7.28
3rxa,2.85
3ai8,3.81
6b2c,7.03
3nhi,8.43
3m2w,8.52
1o5r,8.12
3d04,6.05
4gfn,8.3
3ggv,10.85
6alc,7.51
3k98,9.0
4jj7,6.4
5gut,6.29
5xo7,6.36
2p8o,4.85
3chp,5.27
4hv7,3.52
3v30,3.74
5cep,6.84
4l4l,8.3
2xdm,7.49
5f63,7.92
5ugg,6.42
6i0k,4.89
4kp5,6.08
3n5h,5.7
5ofu,4.2
4kzb,2.89
3uhm,8.44
5ccl,4.77
4oon,7.52
6b22,7.38
4cwf,4.49
5lo6,7.27
2cll,4.3
4zpe,6.35
3kqy,4.82
6d4s,6.05
4rqk,5.82
4z22,6.24
3sww,8.4
2zxb,5.3
2z92,9.1
3ti4,6.02
4ncn,5.67
6bxy,8.05
4u5j,5.53
2p33,7.24
4q1n,9.7
4eqf,6.81
5y24,8.34
3zzf,0.4
5oug,2.77
4hdf,8.49
4c70,3.52
5i88,6.6
3gjt,6.77
6iik,4.91
6bfn,8.03
3d3x,4.16
2igx,7.27
1cnw,7.72
3v2o,5.31
4lyn,7.22
1xb7,6.22
5v0n,7.17
2ydw,7.34
5chk,5.39
5aag,7.34
4djx,7.23
3ioc,3.68
1uvt,7.64
4lov,7.77
3ika,7.85
6st0,5.13
3g6m,1.71
3kmy,4.49
4r5t,6.1
5y59,5.29
5ytu,4.92
5gsw,5.94
5x9h,3.76
6i64,7.31
2hr6,4.82
5vih,7.49
4hwr,6.74
5nzn,3.66
7std,10.72
4i7d,7.0
4j9a,8.22
1xuc,7.14
4nmp,4.04
3fgc,3.92
1zc9,3.22
6b4w,8.3
1jet,7.25
5svi,5.17
1loq,3.7
3m37,9.04
2p93,8.82
5f32,4.94
3eyf,7.03
6dh6,9.93
1v0m,5.1
1bv7,10.3
3zdg,7.1
6ckc,8.22
4hf4,8.62
5wfd,4.58
2i0j,8.57
2r2l,9.0
5tyh,2.08
6np5,4.57
6agk,5.58
4aa5,7.8
2weg,6.5
3fwv,5.64
4xit,7.27
5v5d,5.27
4css,8.46
2e9d,5.89
4qmx,4.96
5vnb,5.3
5trk,5.21
6od6,8.21
6hgx,7.11
2v2h,3.77
4rme,5.92
4nie,7.7
6af9,5.49
4baq,9.01
6r18,4.92
5w8h,4.63
5mft,7.47
5c2a,8.32
2f94,6.71
4bdj,5.14
4uzh,5.01
3tfn,6.57
2xeg,10.7
1db5,6.82
1sps,8.52
6jut,8.68
4io8,6.64
4uxh,5.96
2arm,7.68
5u5h,5.89
4acg,9.66
1fkb,9.7
6nng,4.23
1mu8,9.0
3u6j,8.21
6cho,6.78
5ee8,6.89
6fiv,8.08
1h62,4.77
1c5o,3.49
6huc,7.59
1dgm,5.05
5d1n,5.57
5izc,3.95
4ovh,4.85
1yq7,7.09
3l3m,8.22
4yad,5.6
4cik,6.43
5l30,9.14
2b7d,8.7
3n3g,7.24
6dcg,8.15
3f3d,7.16
2xn7,10.0
2rkd,2.72
3hmo,7.52
3kig,6.61
3rse,7.0
5i2r,7.72
4dpt,7.3
5uqx,6.21
3sna,4.14
3opr,6.59
5etk,5.82
5zzw,5.51
2cej,8.62
5u49,6.14
4zek,5.66
1b9v,3.65
2ccc,7.76
2iyf,3.75
2vte,3.91
1tnl,1.88
2am9,8.41
6hu1,6.72
3lok,6.92
5ku3,4.89
2qf6,6.49
2f0z,4.77
4he9,8.46
4cws,7.92
5i9x,7.52
1gvw,6.96
6nrf,7.74
3jdw,3.6
5yy6,7.62
5b0x,7.7
6hkm,6.57
5llm,5.35
5ks7,5.32
5aqz,5.48
1nje,3.8
6me1,7.92
4iti,6.36
3sov,4.21
3dx3,6.52
6j81,6.29
6drz,9.8
3tdu,5.67
4rn0,6.59
4hlc,6.76
4zsm,2.4
4pv0,9.07
4aw5,6.12
4oaz,5.77
4nnw,6.61
2xm2,4.62
5nxi,6.66
3pxz,5.23
5oh7,4.37
3ds0,4.83
5win,7.03
5wlg,4.72
4ngr,7.55
5e4w,4.64
2vcw,3.05
6f6s,2.89
2y5h,5.79
4daf,7.12
6bqh,9.8
3jzf,5.3
3q7q,5.65
3f80,4.22
1f9g,1.28
6oh3,3.32
2y06,6.1
1lev,5.6
5ect,5.28
3fu0,2.28
6o3x,6.25
5uwj,5.7
2vkm,8.74
4wy7,6.78
2c94,6.82
3bxz,6.72
1o3k,6.77
2l8r,3.92
2n14,5.33
3hfv,4.87
4zim,8.62
5l3a,4.89
3f5k,4.62
3rwq,7.46
2cem,7.92
6g3v,6.04
1w3k,4.3
2uue,6.13
5eqy,8.0
5fwj,7.89
5qb3,4.31
4d4d,5.96
5xvk,5.05
4m5m,4.74
3sw8,4.5
3v6r,6.15
3sv7,6.08
1o3e,7.96
4nrb,4.42
6ay5,7.16
4k3r,3.59
3sb0,5.26
4w54,4.17
4qwr,5.93
6e7r,6.83
4tun,5.41
2e93,6.96
1rm8,9.0
5mi5,6.77
1unh,7.0
4fxq,5.77
4wmy,7.07
5tri,5.06
1hi5,4.04
4cqg,9.39
3mp6,5.96
4a4e,3.32
6c4d,9.04
6eed,6.09
4ega,7.19
3ifp,7.61
4ny3,4.31
1csh,7.55
3fum,3.77
5l4j,4.28
1hge,2.27
4m12,6.05
3nsn,7.19
3ml4,5.33
4few,5.21
4auj,7.74
6hti,7.01
6bw8,9.0
5k0j,7.12
1wbn,6.46
3lnj,6.66
3bxs,5.1
2hj4,5.37
4bie,6.6
6ccl,3.56
2hb3,11.35
3eka,3.0
1uj5,3.05
2hrm,3.56
5itf,5.74
4m1j,9.7
4ggl,9.0
5l6p,7.26
2avo,8.85
4hlk,5.96
3vtr,5.57
4epy,3.47
3hzk,6.7
5ttv,7.54
3p50,4.62
1zd4,3.6
2qk5,8.1
3d6p,3.75
3u8l,8.05
6d40,9.85
5j7s,7.3
4ktu,6.16
5wkf,3.87
4km2,5.84
2xvn,3.95
4m3b,6.4
5jqb,2.22
6i10,4.53
3gxz,7.89
1qca,5.27
1mes,7.7
1xhm,6.33
2doo,7.17
1dwd,8.18
4tw6,4.21
3pvw,7.27
4f9g,5.62
4krs,6.52
5xkm,7.62
5ljq,9.0
3mtw,7.04
3ole,7.83
5etm,5.41
4puj,7.46
5ymx,6.92
5t8j,9.0
4dmw,4.94
4qr3,5.85
5ekn,5.72
3lkj,4.6
4j8m,7.32
5prc,4.89
3d14,7.66
4fri,5.55
5u4e,6.35
1o3i,7.3
2onc,7.89
5tkt,8.49
3hqw,7.46
3p8z,6.09
4av4,7.03
6cze,4.03
4az2,7.33
5iu6,3.89
5v82,10.15
5kva,5.14
6dyn,3.19
2wic,5.39
3kwb,7.77
3rzi,5.33
4rt1,6.14
3kqe,8.09
1af6,1.82
4x7j,7.39
3vbw,5.22
3iej,6.66
6h7j,8.62
6pka,5.92
6qaf,7.42
2yoh,4.96
5qcl,7.96
6orr,9.3
5toz,9.46
3skh,6.05
6cck,7.43
4acm,6.68
5v83,5.16
5up3,7.9
2o4j,10.1
4nru,6.94
1r5w,5.54
4yw2,2.8
1h2t,7.89
3qlb,8.43
4yoz,6.8
4l33,8.15
5zjz,7.37
2pmn,5.2
4klb,4.16
1h4n,4.92
4uvy,8.26
3kqt,5.34
4g31,9.4
5x02,9.85
4ael,7.92
2c6g,3.37
4xta,5.43
3ckb,2.98
3ex6,3.66
4ddk,2.29
4ipi,5.32
4pp9,7.37
5t31,6.96
2j95,8.4
2r9x,4.85
1ft7,5.18
4x61,9.0
2ccu,6.13
6hv2,4.28
5dpw,5.37
2gfj,3.82
4x9v,7.85
6fii,8.02
5fnr,4.23
3d1e,5.77
2hah,8.0
2idw,8.89
1j16,3.84
3ipu,7.32
2wky,8.59
4z7o,5.04
6chh,5.57
6haj,4.97
6dzq,7.37
3adv,3.03
2bjm,3.7
3i0r,8.52
4ixv,6.62
1oh4,3.74
6ocz,8.52
1i8j,4.41
4yw7,6.89
4ggz,10.18
1g48,8.41
3kf4,9.3
5osl,3.43
5nwi,6.16
4b05,7.58
6mnf,5.89
4f49,6.09
2y2i,4.59
6nzr,9.3
3u9c,5.89
2bvx,8.7
3l4t,5.42
2vur,4.52
4ewr,6.27
4qjm,8.17
2pq9,8.11
5k5s,2.69
3v7t,7.21
6erw,5.36
4uwk,9.0
6b7f,3.87
4hws,9.1
2h6q,5.11
2xrw,5.15
5g2g,6.05
4inb,6.05
4tkh,5.74
4yt6,7.96
3bl0,6.92
3c4e,4.0
5dh5,9.64
4azy,6.7
4kod,5.36
5tv1,7.24
4qw7,6.28
2jfz,5.24
5myo,10.53
5iql,4.56
1wc1,4.0
4wmx,4.85
5e73,4.64
4unr,8.7
4fvr,6.0
5nmf,7.42
6f8j,7.07
5o0j,4.77
2pzy,7.47
2kgi,6.12
6n9l,6.7
2br6,2.96
5wqc,8.96
5e7n,6.09
5vqe,1.49
3zxz,8.4
5lch,4.69
5l15,9.57
1o0h,5.92
1nnb,5.0
1d4y,11.1
4er2,9.3
4tn4,6.33
1gzv,6.57
3q43,7.37
1hk2,6.77
1h0r,3.7
6s57,5.1
4i67,6.35
2y2p,4.7
4lhv,10.0
3vrt,8.57
3efw,8.4
2il2,7.1
4ztn,7.72
4fob,8.3
3igv,7.6
4ie5,4.82
5uci,5.37
5d2a,5.59
5du8,5.72
2b07,6.43
1f3e,6.7
4odk,3.8
2duv,7.06
2xdl,3.1
4tyb,1.7
4qmq,6.59
3d78,7.64
6sal,6.58
1h8s,5.81
3l08,10.22
5yvx,5.89
6qmk,7.46
5xpm,7.64
1yy4,8.6
6a8g,6.61
6q4q,6.82
4eg4,7.89
1htg,8.42
2vrj,6.3
5l17,9.3
3t07,7.8
1pfy,8.15
4jyv,7.77
4kc4,3.23
3l3l,7.48
3rlb,9.92
6p1l,8.7
6k4r,5.84
5c0k,2.92
4o78,5.34
5lz7,6.28
2iiv,8.18
2pcu,3.04
3shc,5.72
4mwy,7.05
5ll9,6.08
2qzx,8.22
6nrj,7.44
5kjn,7.77
5nve,7.46
3hvk,8.52
5ggj,1.75
3mtd,3.47
4uu7,6.08
2ewb,6.1
2owb,6.36
4ynd,8.55
3iob,3.42
1nja,6.31
1mai,6.68
5oaj,6.56
1s9v,4.0
2v13,7.59
6chq,5.36
4d8n,5.74
3nxq,8.15
6ipm,3.69
2fle,7.85
6g6x,4.88
5byi,7.51
6k0j,7.89
2itp,7.95
6d49,3.93
4mbc,6.4
1bzf,8.3
2nmy,8.37
2xu1,7.66
4a9c,4.61
3pdh,6.74
4qmp,7.85
6gw4,5.92
1tl9,5.52
3pyy,6.86
2wor,3.9
2xyu,5.35
5yea,8.3
4dma,6.19
1rbp,6.72
1oim,5.32
1o2t,7.85
5ayy,5.32
2o4z,6.25
6fzf,6.82
6hvh,7.33
4pge,7.77
4ixu,7.64
5eto,5.57
4j53,8.7
4cpz,7.68
4j93,4.7
4bkj,8.72
3ivx,5.74
1rne,8.7
6ck3,7.35
4dds,5.01
2lty,5.38
3nba,3.41
4x5r,7.85
4hy4,8.57
3ms4,3.28
5fb1,5.92
3v7s,7.05
4rxd,6.52
3ppk,8.85
4rvl,7.38
6faw,5.57
4xhv,4.3
3zc5,7.13
1y6b,7.42
2yof,4.6
4p4t,4.39
4op1,6.89
3vf7,9.1
6qyl,6.08
4z1n,8.23
5wi1,5.0
2wgj,8.7
4c1c,4.97
3u10,5.44
6c6o,8.3
4q83,4.19
3rz7,8.96
1xoq,9.17
4fs3,7.85
4zv1,5.24
4i74,6.72
3wci,6.57
3pp1,8.49
3daj,5.54
4pv5,6.54
1d09,7.57
2oc1,5.37
3rf5,5.63
2hoc,9.52
3inf,7.4
9icd,3.9
2xhm,6.8
3ecn,3.16
5nqe,6.15
3rkb,6.42
5nn6,5.52
4r5v,6.15
1bmq,7.42
6dkb,9.15
5aqf,3.78
3mxr,4.95
6tyz,6.88
4oel,7.0
3r6u,4.52
1ony,6.77
3in3,7.22
1izh,7.7
4c16,4.96
2b1q,1.59
2yay,6.1
2og8,9.3
6h38,8.11
2o4p,10.72
2vnf,5.52
3d2e,6.42
3ati,3.73
5fq9,6.48
3oui,4.9
3p5o,7.26
3t4p,5.19
6co4,7.57
1b32,7.1
3pm1,5.93
3s0o,4.48
6qfe,7.1
5nhj,8.27
3e37,5.39
3e3c,5.62
1elr,4.96
4h38,6.04
4btt,8.84
5bqh,8.52
4bjc,7.85
2hw2,2.97
5sz3,8.6
4qjw,7.8
3hnz,7.72
1zhy,6.52
5fom,5.01
1i32,5.7
5u4a,6.36
3acw,4.76
4qy3,6.82
1cbr,9.4
4cl9,7.3
5l7k,10.37
6cjp,8.11
1l5s,3.26
1t49,4.66
3k8o,11.07
2yi7,8.32
4j03,7.59
6gbx,7.7
2w06,7.08
5ko1,6.64
4tte,3.69
2ll6,10.0
4xcu,8.22
3eyu,7.62
4o7a,4.72
4bgm,6.21
1hi3,4.19
5trg,7.82
2h96,6.64
5nn0,10.96
5ygf,6.21
6oxw,10.55
5ad1,7.24
3t19,8.66
6e91,6.62
5gmv,6.23
5khj,3.74
5l2o,6.12
6beh,4.09
3hk1,6.17
5izf,9.74
2yek,7.21
4mvy,7.54
5op6,4.68
5ekh,5.95
4aoi,8.4
2vxj,4.17
5y8c,6.8
4pkr,4.82
1x8j,6.96
1u71,7.48
4kqr,3.9
5i59,6.95
6qmu,5.32
2i3h,7.4
3iqv,5.18
4bw1,5.9
4ng9,7.12
4ofl,7.66
1vyf,8.05
5owa,5.46
4fak,4.28
4w97,7.1
2vwf,5.06
4i80,7.62
5vsk,5.74
2on6,6.76
5i24,7.42
1m2r,6.46
6nze,8.89
4e1k,6.3
3umw,8.52
6h2t,4.82
5q0l,5.36
2fdp,7.59
2c69,4.59
6o48,7.12
5q0o,7.61
3k05,4.85
4uin,7.62
3wdz,6.92
4civ,4.95
3shb,6.03
5c8m,7.19
4a4f,2.88
2h21,6.54
2j4k,4.85
2fr8,3.15
6ajh,6.54
6r9s,2.15
3sbh,7.28
5e0a,6.59
1a99,5.7
6fmc,5.88
5y0f,6.68
5trj,5.92
2am1,6.0
2rcx,9.0
4xsy,5.3
3lbl,7.44
1nny,7.66
5j41,3.7
5tr6,8.49
1icj,2.22
4qf7,8.6
6e4v,6.29
4jze,8.15
4wwn,6.07
5wg9,5.59
4hyh,9.0
3eg6,5.77
2xke,5.38
3d91,9.15
3sh0,5.66
4bb9,6.0
3bv2,9.36
5icz,5.3
4zl4,7.86
4tkb,5.59
2zg1,2.1
6jn5,5.15
1s5q,5.28
6j5l,8.8
5zni,4.39
6jbb,5.99
5opb,7.62
1afk,6.62
5zjf,4.54
1inq,6.27
2fl5,8.74
2fxv,5.35
5mri,4.4
3mbl,7.74
3sm0,6.13
4txs,3.0
6g25,3.52
3d45,5.68
2csm,4.3
6h3k,7.96
2wu6,7.53
4s2i,9.0
1w8l,0.49
5nxg,8.55
3efj,7.41
4hcz,4.44
3v4t,4.11
6dub,4.74
5xmp,7.37
4qll,3.38
3pe1,9.65
4cpr,7.46
5zz4,9.17
3gjs,4.99
3svj,6.93
6uwp,7.55
4wm9,6.92
1utp,1.44
1c5s,6.0
3dcs,7.94
2d1n,8.15
4wrb,6.19
4uy1,4.7
5drs,8.96
5ni0,5.74
6hys,5.59
5c20,6.41
4isi,8.14
3pn1,6.96
6hp0,4.92
3s7b,6.3
5q0y,5.73
5alt,4.88
5zyk,6.74
2xez,5.82
5m34,6.82
1afl,6.28
4elb,8.3
3pvu,6.54
4rx9,7.89
3ebh,6.32
4bdc,4.93
5laz,8.4
1iew,4.59
5myv,7.51
2reg,5.64
2qcd,3.4
3nth,4.32
1g3c,5.8
4wh9,3.0
5ni7,7.7
2xf0,4.52
5x4o,4.06
2ql9,9.03
1dzj,5.89
6mvu,2.89
3t64,6.7
1urc,4.72
1mj7,8.35
5eyc,8.52
3h0y,8.22
5g61,6.4
1ax0,3.13
4jg0,6.76
1leg,7.95
5yfz,6.96
6df1,6.56
6fky,6.49
5j7b,8.3
6npt,7.17
2gvd,7.0
3ekq,6.75
1xpz,7.08
4z5w,5.81
5hn7,3.92
3qpo,6.61
1g4o,8.25
2v87,4.6
2h03,7.05
5osd,3.21
1rev,7.48
6mso,5.42
6g8n,5.84
4xmr,4.07
6oqn,8.0
6g8k,4.45
1jsv,5.7
3qkk,6.52
3dei,7.4
3diw,6.72
6pf5,4.96
5g4n,4.0
1o0o,5.1
5ypo,7.1
3b2t,5.21
4q08,6.3
4agl,3.65
5l98,3.31
4r4i,6.27
6bs4,5.55
2nmb,6.28
1akr,9.09
5vd1,6.0
5y8y,7.09
2aod,5.66
6q89,9.85
1rlq,5.1
1hkk,7.4
6fkz,6.05
2flh,3.97
4emt,5.3
5yto,4.48
5fwa,4.79
4m14,6.7
3bbf,5.28
4hdc,8.92
4w9g,5.26
4o15,8.7
2aoj,4.66
6f6u,4.8
2i5j,6.3
6haz,7.0
6rn7,7.3
6bfw,6.66
4de0,5.89
3gjd,7.33
6udi,10.0
4wf4,3.11
2or4,5.02
6fhu,2.64
4fse,7.4
3vg1,7.26
3km4,8.89
2z5t,5.62
3uib,6.8
4py4,5.77
4w57,4.85
3u5l,6.19
6bbv,6.1
6edl,8.7
2fvd,8.52
5nuu,8.2
2x0y,4.6
4f3h,6.38
6afi,6.2
6ct7,7.0
5adt,5.65
4r0i,6.52
6fhk,7.51
3zmu,4.3
5ifu,4.47
5cks,5.51
5tw3,8.7
6nvj,8.28
2ddf,7.39
1nfu,7.74
4zam,7.96
6nem,7.92
4b7n,8.78
1tka,6.1
3i6m,6.46
6f1x,7.7
3g58,9.28
5j8z,8.3
5ake,7.82
3qsb,5.08
3t83,6.98
6qmj,7.36
1tqf,5.85
4o77,5.6
6ode,8.1
2ha2,4.66
4hhz,7.72
1err,8.11
3lir,6.92
1b6j,7.92
4mbi,8.15
3uwl,3.68
5lz8,6.01
5o3q,5.68
3qtq,5.51
5xxk,8.2
2a4r,7.82
5aa9,8.19
4i47,6.92
1e66,9.89
6me4,9.92
4qz0,5.46
6mlg,5.05
3ccn,6.92
6dh4,11.3
6ayd,6.3
4zup,6.77
4uat,5.89
2bcd,10.22
5db1,7.66
4b3c,2.68
3ixj,9.49
4gly,5.11
1xff,4.82
5ke0,9.7
6qho,6.2
4x2i,6.46
5all,5.57
2wi2,3.46
6u8b,6.37
4gjd,8.52
3hf6,7.59
4wz5,5.51
1eei,3.15
1g54,8.82
5dry,7.7
2p9a,5.18
5t1a,7.89
1zpb,6.07
3dy6,6.9
5ywg,8.34
6ays,9.19
1fo2,4.7
4r5x,5.26
4qwx,6.27
1ew8,2.26
3a29,7.89
6ce8,3.41
4op2,5.93
3s7m,8.0
6e2o,8.54
3kck,9.1
4qab,9.7
2vh6,9.7
3cvk,8.0
2vnm,8.52
3hs8,5.3
4egk,7.72
4nzo,6.77
5a4c,8.24
4fem,4.06
5f2w,3.98
4c4g,8.22
2ym3,6.0
2a4g,7.18
4tkj,6.04
3ft5,4.82
6dq5,5.19
4xg9,9.15
4yvz,5.52
6nfn,7.7
2p3c,7.62
2x6f,4.59
2aa9,2.92
1ayv,8.0
5t18,9.3
4wbo,4.2
6qz6,6.49
1my4,6.98
1ykr,6.25
1hpx,11.26
6hhr,7.01
1aq1,8.15
3ocz,7.46
5z95,6.55
1gj6,7.0
6imd,4.23
4qlk,3.24
3u7l,7.28
5fhm,5.09
6bvb,6.71
2uy4,4.68
2y6c,5.0
3k37,8.92
4jv9,5.74
2fts,7.05
1tps,8.0
5dxg,5.92
4dem,7.55
2zm3,6.21
3bxh,4.03
5hk9,6.54
2h44,5.77
3u4w,8.4
1n9a,8.66
3fpd,6.15
6dpx,5.89
5v88,7.55
4avw,7.62
2er6,7.22
2afx,5.15
2cli,4.3
6esm,5.53
5uex,8.82
4xc2,5.37
1lgw,4.0
4abi,8.2
4b0g,7.82
6c67,5.92
5lyn,5.04
2oht,5.04
6e3n,8.7
1a5g,10.15
3ekn,8.4
3uvo,7.0
1tok,2.47
3w2t,7.53
3bc5,8.3
5yg4,7.37
6mub,7.0
2yc3,6.85
1pdq,5.3
4pee,8.32
6cdp,8.79
5jss,6.45
1n43,10.55
1a2c,6.3
4od7,5.08
6g24,2.77
5qj3,7.62
1kzk,10.39
2ybu,6.38
3chd,4.92
4ono,5.19
4dj7,6.3
4h1e,8.52
3qto,4.13
3nrm,8.4
2g5u,8.49
3ma3,7.22
6gfz,5.51
1tpz,6.19
3pkc,6.02
5x28,8.4
4uzd,9.22
4pvx,6.76
4mh7,5.23
2wqp,5.51
5ak6,3.49
4e81,5.24
6d08,5.29
4uvc,6.88
2nnp,8.37
5llc,9.52
4ycn,7.77
4bzr,7.6
4i0t,7.59
3h0b,5.49
4iax,9.56
4qnu,6.4
4i7b,5.7
5osy,7.37
6qr4,6.23
5n34,4.63
6csr,6.84
1kdk,9.05
3uvp,7.46
5vqy,6.29
3n1c,5.22
3qx5,4.2
3cda,7.58
6aah,8.41
5ax9,8.1
6ftn,6.7
3mks,5.72
3iog,5.52
5ai6,4.4
1pxm,7.22
1g37,10.0
1yz3,8.81
1tl7,7.92
4myq,7.49
4bpi,6.17
1ugp,2.89
4prn,5.66
4hxm,6.1
4yat,5.03
2gj5,8.32
6hrt,9.0
3cyu,7.22
4psq,6.36
2ha5,4.34
3pd2,5.47
3zlr,9.26
5ow8,5.16
6a5e,5.49
6anl,8.27
4dht,4.82
2vvo,2.2
2exm,4.11
1b0h,6.7
6c9r,6.71
4nmq,4.49
1y6a,7.66
4y59,5.24
2qyk,5.48
1d4i,8.85
4oc3,8.28
6gnw,4.99
1jwm,3.57
1lpg,7.09
4zla,7.3
6pgb,4.6
1yid,5.0
5cls,6.66
1ybg,4.8
3qar,6.49
1joc,4.62
5x74,8.64
5b6g,7.44
3ejr,8.57
4oyk,6.74
4alu,7.77
4btw,7.15
3rum,5.77
5ntq,7.47
3kmc,6.4
6ms1,5.22
4a9n,5.82
6ne5,10.52
2e27,9.35
6cf7,7.91
3l13,7.82
5bwc,7.21
1oe0,5.16
1bdr,6.68
3ms2,3.72
1tjp,4.42
3afk,3.6
4lvt,10.36
1f73,2.39
1t29,6.05
6ndl,7.19
4ih3,4.82
5k48,6.6
3rq7,7.77
2ooh,5.89
2i4u,11.57
5bjt,6.3
6bw4,5.5
4tk4,5.1
4ouj,2.86
3gol,7.09
2g2r,7.89
5z5v,6.54
4awi,6.0
5gj9,4.99
4tjw,6.02
4z0q,8.17
1qpl,8.51
2opb,8.74
5d1t,5.77
4kz5,2.0
3rl3,7.17
1dwc,7.41
6mt4,3.82
2cgx,4.81
1mxo,9.0
1y1m,1.82
4uac,6.54
5mxo,5.27
3elm,9.72
6s56,5.1
4uxb,7.96
5n24,8.92
1tet,6.08
5v4b,6.0
4eev,8.33
6g1w,8.14
3lhg,7.7
5f1j,4.92
5k76,8.3
6npu,6.4
2fgv,6.12
3zt2,2.84
3fzs,5.82
1ie9,10.19
4lwu,8.3
6dih,2.72
4x8u,2.46
4na4,6.92
4ezj,8.42
5t2m,9.2
4luv,2.85
4ufg,8.15
4hni,7.49
2fj0,7.66
4ea2,6.44
5qa7,3.96
5q17,5.25
2ydk,8.15
2r4f,8.82
4jkw,4.16
5y61,1.72
6bbx,6.67
3b5r,8.77
3rwp,9.22
6chl,8.05
2wec,3.96
4qgh,9.0
5cxa,8.05
4lm3,2.92
5orx,3.51
4hlh,5.96
4uva,5.75
1ps3,2.28
5ll5,6.04
5ihh,6.41
3bls,5.14
2qaf,5.36
4anv,6.36
2bxt,8.52
6csq,6.39
1fwu,3.7
3q6w,7.57
5ejw,3.3
4ibc,2.98
3ama,6.53
5fyq,5.89
3r9n,5.85
4clp,1.27
2jnp,6.89
1e55,4.12
3rt6,7.15
1ypj,7.02
6bbu,7.54
2zns,6.54
2jkh,8.05
1fsw,6.49
1oiu,6.68
5hcv,8.7
2qcn,5.0
3ess,6.39
5zop,4.73
4pl0,4.4
5lxp,6.12
3il6,6.57
6gzl,5.14
1yys,6.33
5f29,5.05
3oeu,7.51
4ede,7.38
1a1b,6.4
6ppy,4.44
5w99,4.68
5l8c,7.0
4qye,5.92
1ad8,6.6
5oei,5.8
2yjb,7.02
2vb8,4.6
2qtu,9.28
4j47,4.92
1h0a,5.44
3qup,6.32
3cgf,6.57
3qd0,8.5
5w38,7.33
4uwh,8.52
1b5g,8.0
4u2w,6.0
2cbu,5.68
6poq,2.57
5mi6,7.3
6ijl,7.93
4ewh,9.52
3axz,3.43
6hld,9.21
5gs4,7.07
5agi,4.34
2waj,6.4
4hbx,5.72
3fuk,3.02
3rqf,4.41
5gp7,5.15
6fzm,6.04
5aut,5.17
3ezr,5.0
4cix,4.47
2jle,6.42
4yqh,8.05
2c02,4.04
2loz,4.06
5mng,4.68
4f9w,6.94
6czf,5.8
1b56,6.1
2f4j,5.66
4eoi,6.05
2i0g,9.72
5oxl,3.25
1vea,7.52
4zly,5.46
2jaj,4.6
5nad,8.96
4na7,9.7
4jlm,7.64
2f18,4.1
4aac,8.17
5j4n,4.25
2oz6,5.26
2lk1,4.09
4yux,3.74
2nd0,3.2
5g5v,6.7
1sld,6.57
2gsu,3.59
5k9w,4.59
6d4o,6.28
5h9p,7.17
3mv0,3.85
5i58,6.92
2j9h,3.39
4bo6,6.74
2x8d,6.1
5dnu,4.11
5ei8,8.1
6j0o,4.92
4l1u,5.26
4avh,7.23
2x85,3.89
2aoe,7.62
5h1u,3.51
3p8e,5.15
2c5n,6.66
1msm,10.48
3w8o,7.62
4xt2,7.15
2jsd,7.77
5ztn,8.3
1p02,7.17
3fyj,8.3
3hxb,5.39
5h1t,3.8
4wki,8.3
1pop,9.0
5mih,4.19
1pot,5.49
6hq7,6.11
4awp,7.09
2lbm,6.57
1o4f,3.52
1uxa,2.3
4c38,7.76
1tcx,6.95
6fmk,4.67
1w76,6.15
3o6t,5.22
2buv,4.0
2zgm,1.79
4zj8,9.26
2cfg,7.44
3iiy,4.8
5wh6,7.92
6mob,8.15
2x6w,7.1
4zk5,8.43
3w32,7.12
4pgb,7.48
5fat,6.96
4psb,4.64
4rrf,3.62
4j86,3.77
3va4,4.4
6ei5,7.42
1sdt,9.27
5bry,11.82
3p3h,7.44
5mar,4.39
6hdo,6.6
4yjl,5.96
1uwu,5.98
2qwe,7.48
5yql,4.59
3l5e,7.57
5mkz,4.7
1nhx,5.68
4at4,7.92
1tsy,4.96
5i7x,7.28
5hi7,7.85
1a61,8.62
1cbx,6.35
3s22,5.46
3nwe,7.6
3mle,5.24
1e6s,3.22
2za3,3.68
3ksl,4.52
3nkx,5.12
4j1f,7.92
4qt2,6.32
2xp5,3.44
1mqj,5.32
2xj7,6.66
2xb8,7.59
4qfo,4.27
6c9p,5.64
3sv8,7.91
6mo7,5.03
6nwc,7.74
2ay1,2.29
6ft4,6.63
4ps1,6.66
3hkn,5.35
2gdo,9.49
3lcv,4.74
3w07,3.38
3sfc,8.52
5dtj,4.47
5qqo,7.77
2np8,7.38
1b4h,5.46
4hw3,6.49
4agq,5.01
4obo,7.11
4og5,6.52
5etq,6.48
3ens,8.05
3n5k,9.7
6g3c,6.91
3hub,8.09
1v1m,3.94
5j7g,7.24
4deu,5.64
1nax,6.43
2i4d,11.68
3ds4,4.19
4fgz,2.87
1g4k,5.7
6gnp,4.55
6fo5,6.72
3ovx,7.51
4j3m,7.68
4aje,3.68
3wde,6.91
3vye,8.11
4zyr,5.7
4g0a,7.6
4e0x,7.12
5fnj,2.29
1mxu,5.4
5j5t,6.96
6evp,4.53
3pe2,9.76
5mgk,4.0
5fdp,6.51
5acx,5.05
2rcw,8.1
6fbw,4.78
4ej8,5.39
1d2s,9.74
1bwb,8.42
2ovx,8.7
2psx,5.77
5lpm,5.56
2a4m,4.52
3arb,6.63
6s9c,6.57
6fdc,5.64
4mcb,5.82
2r6f,8.0
4mnp,7.34
6gge,5.77
5ktw,7.52
2ez7,4.36
1i9q,8.41
6bed,4.72
1njj,2.1
4zx3,7.19
5d3s,5.89
5n7x,5.24
6pgc,5.35
6fau,5.44
4r6t,7.52
5khm,8.3
5ehq,10.48
5ovh,6.55
4ele,7.88
1rwq,10.0
2vpn,6.72
1xur,5.18
5o9h,6.62
4p4f,6.77
1uv6,5.12
6d3x,10.29
3buo,6.06
3anr,6.46
5ehp,4.92
1qx1,2.12
1sje,8.22
2d0k,5.02
4lph,5.04
1utj,3.84
4cpy,6.31
1w31,3.6
4k66,3.26
4q1x,11.15
3i06,9.7
3p3s,7.59
3nzi,5.59
3g90,6.36
1j19,7.79
5ale,5.95
5yie,5.25
1v0o,5.26
1os5,6.85
5ieo,7.0
2dq7,8.32
3g2t,7.0
2o4n,7.82
3b3x,3.6
5ur6,7.06
3tia,8.51
5khi,6.77
1z6q,6.7
5uig,7.95
4cig,3.67
5o11,6.67
2fde,9.15
6ggv,7.54
1bqo,7.74
3nc9,6.48
5lub,6.15
4q6d,7.36
5ckr,7.76
1a4m,13.0
1lrt,5.64
2uyw,13.0
2xs0,5.15
1ov3,6.72
5qan,3.96
2c6k,6.14
1f0r,7.66
6naf,4.26
1o3p,6.66
5ttf,6.21
4ty8,2.03
6exj,4.33
5eeq,5.82
3ip8,2.28
5wou,6.18
1k9s,6.52
4efg,7.26
4nyi,3.06
2vw1,3.52
6ftf,8.1
2azb,7.19
6g93,7.96
2cgu,4.87
4ew3,6.74
4qvw,5.38
5o9y,5.34
5tw5,7.42
2pwc,6.57
2lo6,3.95
4qk4,6.6
4gzw,4.52
3vf5,9.34
3k5x,6.41
2cng,6.96
2bgd,5.0
5swf,6.26
2ay5,2.59
6uhv,6.92
3fi3,7.92
5wdc,6.4
3h22,5.1
3m53,5.31
3n7r,7.7
2hmv,7.7
4rrr,4.44
3qd4,8.2
16pk,5.22
4f70,5.74
1q4l,7.4
2g1r,7.7
2r3o,6.22
185l,3.54
1l5q,3.97
4qvv,5.15
1mfd,5.31
4mpn,6.62
4zs0,5.64
1kv5,4.22
4qta,6.7
1e02,6.15
3kaf,6.08
4li6,6.97
2br8,7.49
1z4o,4.52
3pd4,4.48
5eq0,5.92
5n1p,4.6
4q81,3.02
4tpp,8.59
5lp6,4.76
3imy,9.7
4c4n,6.1
2va7,6.7
1pdz,3.7
2v96,4.54
1vyw,7.43
2k00,4.62
3fyz,5.8
2qpq,6.37
3cd0,7.57
4d8a,3.42
3h5b,10.0
1tou,6.0
3bwj,6.5
3e9i,6.22
4hs6,7.52
6c9n,4.78
1k2v,4.44
6fod,8.15
2erz,5.66
5ll7,5.61
3qci,5.42
5d1j,7.32
4fbe,6.99
4ok6,4.85
5vfc,9.05
5dlx,5.7
4kwp,7.49
5cfb,7.28
4de3,5.52
5wev,6.82
4rz1,7.4
6ffs,7.2
5hzx,8.55
5qin,10.4
5aqu,2.98
4asj,7.55
1r2b,4.94
3dz5,8.15
2w3l,7.52
4k5l,4.96
4f3c,11.82
5knv,4.87
5he4,7.7
5nq5,5.0
5tef,5.4
5knt,4.43
4ibm,5.74
4y46,7.96
3kab,3.2
5j9l,7.47
6fn9,3.55
1tnj,1.96
4gzp,7.84
5nkk,5.0
2vd0,4.94
4qz1,5.44
3ds6,9.1
1jws,4.85
5yg3,7.85
4nwd,5.4
2viq,5.89
6abk,1.95
1h61,4.89
4o0z,7.24
3oaw,8.15
5n8e,5.33
6mja,7.85
3zsx,3.28
2avq,4.39
2xo8,4.33
3h06,3.53
1h1h,5.22
4m3g,6.26
5ew3,8.92
4bty,7.7
2x7x,5.7
6i4x,4.9
5oss,4.55
2idk,5.54
4op3,8.15
4bds,7.6
5tln,6.37
5kzp,7.15
2peh,5.96
3bf1,2.52
4mnw,5.76
4bg1,6.31
3dln,6.6
3bl1,5.6
3uzj,5.55
2xl3,5.25
6df2,7.24
2zq1,6.62
5y5w,6.1
3vd9,4.0
2oyl,6.3
4ue1,8.0
2wxo,7.05
1bzj,4.66
3c88,6.8
4lbo,5.77
6n0j,5.37
6hva,6.28
2g0g,6.29
5tg4,3.32
5zqr,7.97
5fas,7.47
6jap,4.8
5dgu,11.35
5y6e,7.86
4bco,6.88
3kqb,9.3
4owm,2.96
5w73,6.3
3qxc,5.77
3kfa,7.6
3ao5,2.23
6ovc,6.52
4aza,6.99
1dy4,4.36
4jc1,4.3
2ww2,4.85
3hs4,8.0
4av5,7.21
2ym4,5.82
5fxr,7.42
3ow4,7.66
5g43,3.7
5ivy,6.44
3uph,7.82
5e8z,5.91
3obu,4.3
3sue,9.08
6m9t,7.7
6d56,8.05
2cle,3.55
3oys,8.05
3b8h,4.2
4pop,8.13
5upj,7.12
5hbs,7.73
3hv6,5.64
1o37,6.82
5izl,5.73
1l5r,4.77
3dcr,8.2
6oz6,7.28
4anq,6.22
4mf0,8.08
3fhb,5.7
1xqc,7.2
5ul1,6.64
4rad,7.1
1lzo,4.54
3p9t,6.2
5t52,9.28
4kif,4.84
3dne,5.22
2adm,5.7
5u7j,6.41
1hih,8.05
2g00,9.74
3c4f,5.72
2gz7,6.52
6i67,6.7
6qqt,4.23
5lif,5.87
3fnu,6.16
1it6,8.39
4gk3,7.25
3cso,5.77
5yhg,6.02
5hdx,7.32
3h6z,5.82
2ccb,7.45
1v41,4.7
4br3,5.72
3qfv,5.77
6knh,3.55
4or0,7.46
1lf9,12.0
4xgz,7.62
2uy0,6.92
5uhi,8.04
4nyf,7.31
5mnn,3.84
1s38,5.15
4r5g,5.22
1tfz,8.15
2vqj,6.44
4qn7,9.08
5f4p,7.33
5ets,5.91
1jp5,9.22
4qna,4.64
1qxz,4.72
3qtu,7.15
1xgj,6.0
2q7o,7.92
3bkk,6.08
5emm,7.74
3si3,4.16
1bq3,5.4
2rny,3.66
4hmq,8.24
5kre,7.23
4z2l,5.85
6ce2,6.3
4ie4,5.48
5ut0,5.88
5ybe,6.24
4c72,5.09
5aa8,8.07
4ym4,4.47
6dj5,8.14
1s26,3.07
2iv9,4.34
6faf,6.51
3ud8,5.38
4ixh,8.21
3hvc,6.22
4lsj,9.57
2wa8,5.42
4gby,3.46
5f08,5.52
2q8i,3.4
4ivt,6.0
4j52,8.52
5jox,4.46
5gn5,6.98
4kcg,8.3
1htf,6.83
5hfc,5.72
3k8d,5.77
4qir,6.95
6f08,5.39
3gc7,9.22
5twl,7.98
6r8w,5.92
5w9g,6.82
2xc0,6.72
4obv,0.75
6fui,4.46
1utr,8.0
5wic,4.64
1cny,7.85
1zsh,7.07
5nk4,8.7
4ach,7.66
5c0m,5.85
5l2s,7.08
1dbk,8.1
3own,7.47
4uff,7.96
1nfs,9.92
5n2d,8.22
2qp8,8.1
2i7c,5.07
4ps8,9.0
1c1r,7.63
3ipb,6.7
5qa5,3.52
4zyc,6.42
4io7,3.68
2fm2,8.15
5zh5,5.33
4r5n,7.12
2xaq,5.96
3avf,3.53
4b6r,5.85
5mnh,4.68
4hnf,6.15
6g2r,9.46
4fp1,4.57
1ftm,7.61
5v42,6.62
4mlt,2.85
6fqo,6.85
3eq7,9.09
2xej,8.87
3ho2,6.95
4z1k,8.33
1eed,4.79
5huw,6.23
1pl0,8.22
4mz5,6.1
6gop,9.15
6i12,5.57
2f80,8.18
2v83,4.47
5fxq,7.85
2xch,6.43
5aei,8.96
3iw7,5.64
5eob,9.62
1y57,5.79
2hm1,8.7
5u2e,6.56
1tg5,7.92
3zki,5.92
5ult,10.85
4uvu,5.92
3ds1,5.7
1yda,6.55
5lcf,4.75
1jq3,6.7
6c2t,9.05
3ce3,8.74
1qf0,7.38
5wcm,4.0
2f9u,7.39
1jlq,8.15
4m1d,7.64
2rt5,6.72
5ap2,8.48
3lea,9.1
6g28,3.64
5hmy,6.3
4hys,7.26
4og6,6.71
4alg,6.3
3hvh,8.52
2cv3,6.57
5v7i,7.18
5gn6,6.92
3vi7,7.39
6n0p,8.89
1drk,6.82
5n9n,9.39
6p83,7.1
5c91,3.61
6dpz,3.59
4fgx,7.14
5u7i,7.18
5of0,8.63
4k67,3.43
4xv9,6.72
5ows,8.0
2feq,8.86
1lgt,6.1
4mds,5.21
1jmq,4.4
3et7,7.77
2bt9,6.19
3rwd,8.0
6bfx,7.1
3t2w,7.46
6en4,8.3
4hxr,5.39
3faa,8.15
6d5j,6.34
1c5y,4.2
3gcq,6.47
4hw2,7.26
1fax,7.39
4tjz,5.97
3mrv,3.74
3ehx,7.6
3ob0,3.0
2gga,1.96
3su2,7.35
1tvo,6.85
5ier,4.89
3wb5,4.57
4f1q,4.95
5mrd,4.44
1jyc,4.34
6pia,4.96
6m88,5.96
3d9v,8.22
5ml2,7.89
3udk,4.49
3wyx,8.37
3hqr,5.52
2e92,6.89
2wxi,8.15
6ej2,7.8
3ay0,3.04
5i8p,6.73
4fpf,4.41
2wly,6.6
4ibk,4.3
1r5g,7.52
5lgp,7.04
1owi,7.55
1ezf,7.25
2w10,6.77
3ohi,4.85
5k6s,6.26
1owe,6.2
4oc2,8.28
2v22,5.39
5j6l,7.89
1wdq,1.98
6qae,8.52
6dhc,7.96
6eeh,6.54
6k3l,7.22
4qwk,6.27
1t4e,7.1
2wey,7.12
6h96,8.68
6dn6,8.15
3sv2,4.19
3vzd,6.3
4oti,7.37
5tbn,5.44
4amw,1.55
3hfb,7.52
3ge7,8.7
4jyb,6.96
5i8c,7.6
6r1a,4.35
1o2w,5.85
1gjb,6.35
6n94,4.7
4pnq,5.0
3sx4,8.52
3up7,8.21
3ehy,5.85
1o6r,7.1
5nvc,6.19
4est,5.02
3cn0,5.51
5vd3,5.55
2wzz,5.4
5os3,2.43
2g6p,6.22
2xpa,5.39
6f23,8.3
2e2b,7.96
3dgn,6.21
3q6z,3.72
2g8r,3.99
5ftq,8.0
6hb7,6.83
1xom,7.96
1agw,4.7
3uew,6.31
4qge,9.3
2xuf,14.39
2rqu,4.63
4clb,6.55
3f3a,4.19
2fqw,6.68
4b32,3.34
3r7q,6.97
2v85,4.46
1gyx,2.48
2vwz,6.1
1qfs,9.48
6nd3,4.59
2nqi,6.11
5d3n,5.04
4an3,9.22
5fwg,6.72
1w9u,6.09
3ts4,8.72
5ij7,8.51
2wzy,10.72
1n1t,3.85
3bcs,5.21
5w2s,7.33
4zt8,4.39
6i17,6.6
6ftw,6.49
2o0u,5.49
3c72,4.64
3le6,7.46
2zu5,7.0
6fnx,4.9
1fl3,6.8
5hlw,7.64
1kqb,4.0
2j9l,4.0
3wkb,4.21
5umy,6.97
3wzj,8.18
4az3,8.3
3be9,7.62
2w6z,2.82
1me4,6.84
4c1w,9.41
3rvg,8.3
5yjk,6.09
5aen,7.22
4v27,6.66
2w1f,8.23
5jha,5.9
4msa,3.3
3wff,6.18
2xu4,6.47
6oe0,8.92
1n95,8.92
2boi,4.32
4odn,6.74
2jdv,8.2
5ofx,3.96
3wav,6.74
1hef,9.0
3nuj,9.39
4hu1,7.54
3mkf,4.77
6do5,7.16
2jiu,7.56
4eh4,2.81
4mss,6.4
5jhd,4.52
4mg7,6.36
5nea,10.3
2pu1,5.85
5uis,6.84
4zw8,5.96
4u7v,5.49
6cha,4.4
5vdw,4.0
6oy0,9.3
4pni,6.09
2rjs,2.28
2gh6,4.95
1b6l,8.3
4qok,5.19
4yqu,6.66
1t5f,4.22
4hg7,7.05
5xih,7.15
4dho,3.93
3ogm,7.32
4q4o,7.46
5unf,9.47
3w1f,8.44
1w9v,6.34
1qpf,7.57
3tf7,3.52
1ek1,7.77
4a6w,5.72
3wpn,4.36
2jew,6.69
6n3o,8.62
3kdu,6.46
1ff1,4.92
4qh7,5.94
6bsk,6.92
5iza,5.51
5th2,4.52
4o72,6.0
6hm2,7.33
5ou3,6.21
3avz,7.19
3hdm,7.4
5mw4,11.7
5gty,7.72
4knn,7.78
2c5o,5.19
2rvn,6.77
6hah,4.81
4pyo,4.52
2xys,7.42
3m54,5.89
3prz,7.59
2ovq,7.15
4jz1,6.7
5v35,6.96
3wq6,4.59
1g42,3.01
6nyw,6.64
3n76,6.85
1gx4,4.28
3gnw,9.1
1dg9,2.74
1v0n,7.55
4k7i,2.82
1ws5,3.03
3eta,7.85
6h0b,4.15
2pj7,7.77
5t6p,6.06
3dp4,7.37
6nw3,7.66
1ocq,5.19
3n7a,3.7
4ddh,3.3
1gu1,4.52
5ufs,8.49
5k4x,6.42
4dhm,3.78
2yjq,5.28
3wix,6.27
3v3b,7.26
2ow7,4.85
2zwz,7.79
5tb6,5.82
2z3z,4.31
4yv5,6.22
4bi0,4.23
3dyo,2.3
5tyi,6.89
5ehy,6.09
1qwf,6.35
3hwn,8.7
5yid,5.4
2gd8,7.41
5q11,5.14
2wji,5.02
1ofz,4.62
4llk,3.0
6cmj,8.3
4tzm,6.7
3ebi,7.1
4ere,8.38
3wz7,5.74
4lys,4.34
4lqg,8.89
2qnp,6.41
3ekv,9.41
1rsd,6.52
3p4r,2.72
2xne,6.72
3nik,3.45
5wuu,6.09
2etm,6.67
3exf,6.54
4ahr,2.19
1qvt,4.38
1dkd,5.7
6sbt,6.78
1n7i,6.59
4ntj,7.36
3zmq,6.44
5ahw,5.17
2agv,7.7
4pp7,7.96
2lsp,3.56
4k4e,7.62
3dux,7.0
5xyy,5.04
5d45,6.92
5o8t,7.13
2cn8,5.46
1std,10.33
4flp,6.72
1lb6,4.08
5q14,7.68
5div,6.85
4jk6,7.19
4jzd,8.3
1bio,5.54
1we2,4.36
3g5v,7.8
1sqt,6.2
6fdu,3.69
2xpb,5.7
5cao,7.42
2j77,4.89
2qlj,5.36
5t3n,8.04
5v9p,6.14
1ggd,5.8
2ewa,7.94
1sm2,8.0
4imq,5.82
4y6p,7.16
6d9s,5.96
6maj,7.47
6mul,8.2
5e0m,5.28
4ei4,8.74
1juy,7.66
2piy,7.7
4cku,6.82
4p0v,5.92
3fr5,6.35
2hiw,8.1
5c7e,5.0
3soq,4.57
3tfu,3.28
1ntv,5.82
1laf,7.85
5alj,5.56
6o7g,5.96
5mw6,4.73
5vc3,7.11
2ad5,3.96
1fcy,8.52
4i7f,7.0
5lli,7.05
1zvx,9.22
2ydv,7.86
2yit,9.54
2w05,9.0
6ow7,9.0
4r4q,5.09
2wxd,5.48
5zwf,8.74
3iaw,5.8
4uiu,7.9
3iok,7.96
4o70,4.72
3tyv,8.1
6ht1,7.11
3dnt,4.74
6hm6,5.5
3kze,3.95
6jb0,7.24
1sh9,6.03
1re8,9.52
6e1y,7.66
1ek2,8.2
2qnq,6.11
6equ,6.38
6afg,4.86
5itd,6.58
6jof,4.98
5mty,8.89
4io6,4.82
3o0e,5.74
1x81,9.19
6f5l,9.19
6o5x,7.66
6mck,7.92
6e7t,6.89
5d9k,8.4
1al7,7.8
1lke,7.52
4m0e,6.22
5kxc,5.26
1ym1,6.24
1czl,9.15
5m29,7.4
2hzi,7.15
4dvi,6.72
3ns7,8.33
5u51,4.92
4meo,3.6
1y3a,5.41
5i43,7.2
2xg3,4.74
5oyd,2.75
3mrx,3.39
5aab,9.06
6q8p,7.74
1n7j,6.43
6rih,3.98
1g2k,7.96
2hdx,6.26
4oc6,7.07
4amy,10.82
1abf,5.42
5nk6,6.8
6duh,7.42
1upf,4.6
5v6u,2.26
3hp2,6.17
2ynd,7.49
3shz,7.44
3g15,7.0
2v8w,6.82
4tki,6.38
4bqx,6.52
5ajc,4.24
3t85,7.95
2l12,4.26
2cbr,6.85
2q8h,3.0
2vcx,7.68
4k6i,6.2
2fum,6.1
1u2y,1.74
1z1h,8.4
2ndo,3.25
3t3y,5.47
1usn,7.74
2j4z,7.19
1koj,6.7
2ph9,5.89
2ay9,2.16
4lc7,4.93
5otz,5.19
5t1w,7.11
6qs1,5.61
6hgi,6.22
3t2p,3.6
3i4a,4.28
3c9e,8.0
1ebw,9.05
2h23,4.67
6dgx,11.3
1szm,5.53
5ea5,8.06
4lbp,4.94
4a95,5.76
5o1b,4.7
2xni,7.37
4h42,3.47
4ag8,8.96
5ory,3.45
4ej2,2.49
5cuq,5.92
4y2u,3.24
4yv9,6.4
3os3,6.63
4tsz,7.0
1p05,5.96
6nzg,7.7
4p10,8.1
3eq8,9.06
4btb,5.01
4kb8,7.89
4fxp,4.09
1g9t,3.28
1ywi,3.43
3ful,3.7
2vx9,7.44
1ik4,7.41
3bet,5.82
5f6v,2.24
3iue,5.82
3r42,4.08
5mrm,5.03
5drc,5.98
4hnc,3.17
3fh8,6.74
1v2o,4.73
5lso,5.85
3a6t,7.28
3ztc,4.56
1qaw,5.12
3ue4,8.96
6kqi,8.06
2q2y,8.8
2uxu,4.74
5efh,6.1
1b11,7.39
5znc,7.52
5h7h,3.77
6gzd,8.01
2ltw,4.22
2wcx,7.6
4k3n,7.96
2oic,8.4
3mmf,7.43
2xh5,7.57
1zkk,4.48
3cfv,6.05
5c7a,3.31
3pxe,5.7
1onz,5.1
3fmq,7.95
5ota,5.74
2gfk,4.52
3spk,8.52
6gbe,3.5
5wa4,5.89
4cc6,6.64
3mxf,7.31
4uia,6.72
3lq4,5.22
3ibu,9.15
4nmt,4.85
1skj,5.15
3iu9,6.62
1mcz,3.0
4l51,3.0
3eos,8.4
4k6u,4.14
5m44,7.4
3vzv,8.04
5j5x,11.02
3u1i,5.25
4nh9,6.43
4tjy,6.44
4x9r,7.82
5boy,5.6
5ue4,6.36
1g45,8.64
2rkm,3.9
4yxu,7.24
6bgg,4.02
1pun,7.28
4u0e,6.92
5ti7,4.96
6avi,5.71
5ime,8.34
2brm,5.89
5eu1,7.81
4psh,8.89
1rri,5.82
4qyg,8.39
5nne,4.71
4n8d,4.92
5lny,7.38
4ruy,7.89
5oae,4.6
4mro,7.06
4r5w,7.13
4f0c,6.27
4bqs,4.21
1fbm,6.22
4a50,7.91
6hbn,6.22
1c83,4.85
3v2p,6.36
1nwl,2.39
5llh,10.17
4l70,5.66
4w9f,5.49
3jzb,9.01
2v0z,9.22
2w12,4.65
5ho6,6.69
3n8k,4.05
5z66,6.69
4m4q,7.96
4m5h,4.54
2xxx,6.41
4hj2,2.53
2fzc,2.7
5oq5,7.7
1zkn,4.51
4o36,6.36
1rgl,4.43
1ez9,5.1
5g60,6.52
1uw6,7.34
5vr8,6.87
4qmt,8.0
2ay8,2.24
6dcz,7.17
5kq5,8.05
5t78,7.37
4c52,5.68
3dpf,7.24
6o5t,6.5
2i3z,8.7
2iw8,6.99
5g4m,3.86
6ayi,6.68
5kh7,3.66
4kqo,6.78
3t1a,8.37
6hrq,7.09
2ok1,6.26
3ru1,4.85
6gvz,6.4
3ncq,5.36
2wer,7.05
2r6n,9.0
5a0b,8.3
6nv7,7.92
3o0g,6.22
3bl2,5.8
5wyq,4.84
2rg6,8.66
6hgs,3.77
5etj,10.18
2q6b,9.52
2cma,6.73
2rcu,6.68
1w11,8.22
1uho,9.22
3ms7,3.43
3vw1,4.67
6fh3,3.07
5h0b,7.96
1oq5,7.68
6gr7,5.5
4rn1,5.0
3h2m,3.67
6mdc,7.44
3cid,8.3
6di1,6.74
4g93,3.52
4uib,9.0
1g74,6.52
3elj,5.3
1o5e,5.74
6e5g,5.37
1wcq,6.26
4kp8,5.48
4trz,5.03
3coz,5.57
4ncg,7.96
1dmt,8.7
2gvj,9.52
1gz9,3.51
5jaz,6.55
4euv,6.3
6alz,10.42
5ia4,7.28
3rtn,7.13
4fk6,9.7
4us4,5.32
3f35,3.16
4nzb,4.17
5c85,3.98
4d89,8.7
2qdt,5.19
2y2n,4.57
5ap0,8.26
2f10,3.48
3kqc,8.66
2puy,4.52
1b6p,8.52
1o0d,8.21
3pz3,6.85
5l9o,5.4
6qr3,6.44
2qic,5.48
1d4w,6.92
3bt9,5.71
3hy5,7.7
5jt9,6.63
6gla,7.57
4fys,4.82
1m51,4.73
3exh,4.88
4avj,7.44
1o6i,3.19
2pk6,10.89
1o86,9.57
1g3e,5.38
5t7s,4.1
2w67,4.96
2won,6.2
5nhy,8.64
2bak,7.43
4yne,8.52
4pxm,8.89
5ofv,1.58
3uu1,5.2
4bbh,7.1
6qmr,7.92
6dj7,8.72
4pcs,7.85
6c2r,9.1
5oa2,5.01
5om3,4.1
1a86,4.0
5idp,7.35
5vwk,5.48
2j7e,7.32
5kz0,7.66
6dyw,10.44
1c4u,10.37
4i32,7.24
2qln,5.43
5k0x,8.36
4e8z,6.64
5jgb,7.89
6p10,5.22
4xh6,5.57
5bvo,8.3
5ts0,7.8
3f0r,6.89
3f33,3.34
5od1,5.96
2y5f,8.7
2ay7,2.3
2h4n,8.7
4w4s,5.02
4us3,5.32
3arz,6.0
5his,4.71
6bin,6.34
3arg,7.26
4crc,8.72
4p90,7.19
4q3q,5.89
5agt,7.12
1g3d,5.55
6qhc,5.2
1mhw,7.35
3ifo,7.26
4d1c,5.7
6cki,7.24
2hqu,5.14
6e86,5.09
1wur,6.66
4ew2,6.68
4xy2,8.1
3zmt,4.55
5ldo,3.75
2qe2,7.77
5anw,8.52
4wj5,6.29
1qk4,4.21
5u48,6.33
3iaf,2.92
6qhb,6.3
4i8w,10.9
4x2l,4.44
4kn1,6.84
5ipj,8.89
2zjw,7.7
5vo6,9.05
2uzd,6.74
5e2n,9.54
5y13,5.94
3eyd,9.7
6jn4,5.69
5aqv,3.43
4nus,8.3
2x39,8.66
3rth,5.21
4o43,4.3
4mwq,9.1
3cwk,6.6
5ekj,6.0
5ow1,4.15
2gqn,5.35
6d1i,4.09
3io7,7.77
5ea3,8.77
4cpx,7.77
6qh9,5.0
1h36,7.74
1l7x,4.04
1xn0,6.24
5nhp,7.64
2zhd,6.54
2e9c,5.96
5orz,3.36
1opi,7.3
2aqu,9.32
5lxb,9.77
5etp,6.15
2i80,5.4
4jju,6.29
3fuz,6.54
5drr,11.46
8abp,8.0
3khj,7.55
1xos,4.7
3tge,10.15
1uz8,4.96
4bnt,3.86
6qr7,7.15
5uln,7.85
5wik,6.21
3nb5,7.74
5i7y,7.28
2e99,6.16
5wac,7.42
5n69,6.54
4yhm,9.76
1jld,6.73
4jk5,7.55
5lsx,5.92
1lkk,6.85
1w6h,9.3
4bcj,7.96
3tti,8.22
4ad3,4.62
4ehr,7.89
1lqd,8.05
5hor,8.22
2yjx,5.12
5eqp,5.4
3l9h,8.1
2e7l,7.54
5t8q,4.16
1kds,5.77
4pyq,5.36
1i37,9.57
2ow0,6.7
1ch8,7.0
3o99,10.82
6bh0,6.66
5z1t,6.2
3ove,6.57
2pjc,8.72
4c1y,3.6
1ikt,3.4
186l,4.85
3o9a,10.7
2clx,4.88
5u7o,7.14
5eak,9.3
3p9l,5.3
5axi,3.92
4ks5,6.89
6g2e,5.01
5xhs,5.05
5nar,6.3
4k0o,3.0
6ilz,6.47
1dva,8.07
5gsa,7.09
2qry,8.64
4jpe,7.32
3uoj,7.29
3g4k,6.54
4i60,5.73
4kz6,3.1
3vqs,7.75
5ap4,6.46
4bb2,7.07
4cft,4.95
2oym,5.0
5zdg,5.42
4e5d,6.22
1rdt,6.7
4izm,6.66
5tq3,8.66
2qfo,4.7
1ndw,5.23
4lhm,3.39
2qo8,8.47
5txy,5.46
4huo,4.7
1jil,8.4
4f3k,10.16
3nij,4.89
2w2u,4.46
4yyi,4.19
6prc,4.77
3i7b,7.18
3nlb,7.46
4zwy,8.7
5bot,4.41
6c7x,7.19
1idg,7.19
4jaj,5.26
3t84,6.97
5kmh,4.62
6i63,7.01
3mn8,6.17
5cbm,7.77
4mzl,5.62
2cnf,6.62
5wfz,8.0
6hjj,5.77
5ttw,5.96
3gba,9.07
6qts,4.8
1i41,4.57
2vxa,5.6
3fw3,7.37
1k3t,4.19
4f6v,5.8
4mgd,4.69
3lbk,6.04
1soj,6.62
1joj,4.22
1kf0,2.55
4ge2,6.05
4prh,4.6
1irs,5.22
5uzk,6.74
1py1,4.4
1bkj,6.77
1p6e,2.92
2b1r,1.0
4whz,9.0
5z1e,8.3
5orw,3.1
2w78,8.57
3oxz,8.07
2qnx,5.62
1qtn,7.3
4q18,6.13
5g17,6.7
2z4o,9.57
1wn6,4.68
2ybp,4.62
2evc,6.54
5ia1,6.28
2v54,4.6
1pro,11.3
3kpv,3.74
2weq,5.9
5g1c,6.85
3cwj,8.0
5ku6,6.84
3lhj,9.51
1fpc,7.0
5zae,6.81
4rfc,8.24
4mvh,8.35
2vhj,3.9
5tt7,7.89
3ccw,7.87
5ll4,8.4
4u70,5.02
6epy,6.46
4rpo,7.64
5tq8,7.64
2axi,6.85
6iso,4.6
1vja,7.7
5gjf,6.59
6iji,9.36
4uja,9.05
1h0w,4.89
3fxw,5.96
3i8t,3.22
4kv9,3.84
1ke8,6.0
5j6m,8.57
5mfs,6.48
6fyz,7.41
5tqg,9.62
4zcs,4.33
5wa8,6.23
1ppi,5.01
5ito,4.16
3qxv,8.4
4mww,3.67
1w3l,6.28
2c3k,7.59
4ud7,8.13
4buq,8.14
4nrp,4.59
3ml2,8.05
1add,6.74
1q84,11.05
4d63,1.64
1j14,4.49
4m13,6.7
1ohr,8.7
2gm9,7.39
2pmc,4.19
2gbg,7.25
5uv2,4.4
5ovr,4.57
5ylv,6.82
2be2,8.7
3wiz,8.36
4ia0,7.11
3npa,3.87
1y20,5.32
5vb7,6.72
2xef,9.84
2j6m,7.96
3u7s,8.43
4nl1,3.89
5jdc,3.98
2hu6,3.81
6k1q,7.46
5e8a,7.47
6pl3,8.52
5uv1,5.62
4ly9,8.15
3ob2,4.59
1xon,10.68
3qi4,3.93
3mnu,7.32
2vd4,4.74
2hwp,7.14
5mjn,8.54
6ml9,5.3
3csl,7.22
1r58,6.96
4dr9,8.0
3i4y,7.05
5aph,7.22
4kom,7.0
3ao1,2.26
1yvf,7.0
4a6s,5.2
6kzd,8.53
5wej,4.82
4x9w,6.85
5n20,4.21
6ten,9.77
3bm9,6.72
1v2v,3.37
2y34,7.1
2b1v,5.74
3g2v,6.52
5jn9,7.79
4xty,9.21
6sze,4.1
1gfz,4.0
3twp,3.92
2a4q,7.18
4lxm,7.06
4ibd,3.67
5bw4,4.17
1s9t,6.82
4bak,8.91
2yiq,7.9
6ety,8.05
3ta0,3.47
5kqg,5.15
1wum,5.29
6n82,5.96
6ei4,5.28
3rk5,5.4
2igv,2.23
2vvt,5.24
3fcq,2.77
5diu,7.37
6iam,6.85
1czr,9.0
5f4l,7.62
6msa,7.08
6e9w,6.55
4gue,5.24
5wl0,9.17
1ilq,4.89
5nho,9.52
4qpd,7.82
5ev8,5.22
5alp,7.07
2wou,7.14
2qe5,5.79
1pr5,3.92
5qam,4.0
6hhp,7.49
3my1,5.45
2gtk,6.6
1pxp,6.66
5alc,8.13
5wa6,6.36
6fzu,3.67
6o6f,7.4
6h9x,9.74
5mlo,5.32
5xsr,7.69
1ha2,5.54
6eif,6.98
2wmx,6.07
4jt8,7.48
4uxq,7.8
4w9q,6.85
5d0r,6.37
5npr,4.9
6guf,6.65
2uw0,7.7
4hzm,4.63
6eqm,7.96
6inz,5.8
5fpi,4.14
4yv0,3.28
3nox,8.66
3k99,7.22
5o22,8.0
6cjs,9.7
4o74,7.6
2jh6,7.77
5uoy,7.57
2qbw,7.25
6e4u,7.87
2las,5.74
4uyh,6.3
4exz,7.54
4j3u,6.34
3o1d,5.74
3s74,8.4
4erw,8.15
2xdk,3.6
4loi,6.77
6q9u,5.89
3bxf,5.54
4la7,6.57
2xht,5.96
4rhx,5.8
3tnh,6.46
1kl3,5.86
3c4c,6.8
4u2y,3.99
3jsw,7.18
3su4,6.26
4j1h,6.11
1ajn,2.63
6cec,4.35
1os0,6.03
2vj6,7.89
2hwg,3.55
5dwr,11.22
3ava,4.4
5tob,8.82
5cu2,4.24
1zaj,5.1
2r2w,4.47
6pf4,4.8
6o4w,8.47
4nau,9.06
5h8e,11.2
4axd,4.43
5k0i,8.7
5hn9,4.3
2x8i,6.72
6cj1,5.27
6izq,5.5
6o68,4.99
2z4b,9.36
5fpu,6.26
4ngm,10.35
3kmm,9.7
2yim,3.92
1bnv,8.77
6cq5,4.24
3arn,5.41
6pvs,8.17
6mjj,7.84
5vqt,5.74
6r7d,8.62
4oi6,5.0
1c4y,7.92
3dx1,3.58
4j3j,7.51
5d7a,7.68
6mm5,4.54
3i6o,10.35
5xzr,5.49
2h5a,5.1
1j5i,3.64
4xtz,9.82
1c8k,6.0
3iwy,7.28
5ecv,6.77
5x79,4.92
6fdp,5.26
3cke,6.1
4g0z,2.21
3cjo,8.66
4k6z,8.7
1ws1,9.55
3rxf,2.6
3nif,5.1
5nk2,6.74
3oay,1.7
3l17,8.28
4jg7,6.92
5iz8,5.62
3ri1,5.3
6gvh,6.04
6g9d,8.37
4tzq,6.52
3mb7,6.7
6hdn,4.3
1riw,7.55
1g46,8.8
2qtb,8.32
6o9x,6.05
2x00,11.33
1zxv,6.1
4ju7,6.17
1jpl,5.0
3aid,6.86
1h5u,6.75
6b3e,6.99
3fv3,9.52
2pmk,5.92
5nba,7.3
4dhn,3.89
5f39,5.1
4qlv,7.85
2f7i,7.1
3rm9,4.77
6gj7,6.06
1ydk,5.89
2xzc,5.64
4z07,7.99
2cn0,7.66
4k60,3.24
4a4c,3.61
5x4p,5.03
3qqk,4.82
6dkg,8.59
6lpr,7.3
1yon,4.21
2xzw,5.29
3gfe,8.49
1zaf,7.7
3chf,5.37
4lwi,7.64
3e0q,5.89
3o9b,12.3
2ves,7.7
5wbm,4.7
3g1d,3.48
2p2i,7.42
2cmc,5.76
3v01,7.6
5moe,3.28
5icv,5.62
3qmk,6.1
4awq,6.32
3t3i,4.77
4agp,4.69
2pyi,3.75
4q4s,6.95
6cks,7.82
5dxt,9.7
5hja,5.96
1hi4,4.49
4h2o,5.52
4mic,5.3
2oxd,6.82
4frk,8.1
3plu,5.77
4ktc,9.0
6hb5,5.83
3qw6,3.52
4ovz,6.31
4a6v,5.72
3i0s,9.0
2ycf,10.52
2wsx,2.41
5l9g,7.7
2oxx,6.7
4cfw,6.29
1cin,8.73
6bjo,6.29
3g9n,5.74
5jsq,4.67
5yls,5.29
6c5j,7.16
4n07,6.46
5u06,6.66
2yga,4.61
6r1k,5.05
3kme,6.14
2wcg,6.38
6bhi,4.25
1a1e,6.0
3djp,4.2
3frg,8.4
6as6,4.82
4bid,8.1
6uwv,8.0
4flj,5.13
2fqx,7.15
3jzo,8.52
3kai,5.41
5ose,3.17
3pa4,8.52
1eld,6.7
3fzn,4.01
6g2n,7.14
4loj,6.52
6aqs,7.55
5tzw,6.01
2g97,6.82
5ml6,9.45
3e51,7.85
3n7s,7.7
2m3z,6.57
3rt4,8.8
1vso,4.72
3evf,6.77
4gtp,7.94
6h9v,0.66
5ut6,4.24
4de1,5.96
3iw8,4.87
2fqo,6.43
6klk,3.88
5alw,5.15
2yne,8.57
3zmz,4.74
3c79,7.2
2r6w,9.36
5m0m,8.22
2usn,6.51
5ngr,4.62
4oef,4.76
2xj2,7.18
1pau,9.46
1zgi,5.34
1nqc,7.3
1uyc,4.39
5c13,6.1
5vil,8.82
3t3v,8.52
5kr1,9.49
4gs6,7.15
5l3f,6.33
5jfd,9.54
5jo0,7.3
5n8j,5.54
5zk9,7.34
3k3b,6.7
2g5p,8.42
3mna,7.39
5opc,4.54
3fv2,8.11
5q0n,8.06
3c2o,3.35
5knj,6.94
5ovx,4.5
3n3j,8.48
3nu5,8.35
2wtv,8.74
3dzt,7.22
4qyh,8.89
5zo7,9.0
6n3e,4.72
1tv6,5.4
3m3x,6.82
1lor,11.06
5lj0,8.0
6b5t,8.66
2rok,4.35
6qfx,7.7
5yzd,6.7
1mqh,6.52
3el4,7.17
5qb1,4.7
3iop,7.77
5m7t,5.41
1dx6,6.19
5dxh,9.0
4b6c,6.16
4i3z,4.29
3bqn,8.6
5tzc,8.1
1f0s,7.74
4fev,5.42
4ahs,2.19
5u5t,5.41
4nj3,6.52
3pcg,2.3
2nxd,5.66
6m7i,3.41
3nnv,7.57
1uyi,5.39
6msc,7.68
5dyo,10.21
5lpr,6.57
3e8n,7.72
2q2z,8.7
5myn,4.52
6gpb,4.85
4hnn,5.7
6ma3,8.3
2y1d,6.82
3d7f,9.3
4d8e,7.01
1w4o,5.22
3lik,8.72
1vkj,4.85
1n7t,6.82
6qas,7.74
5tzh,6.17
3s1h,4.77
4qt1,8.15
2ity,7.27
1o6q,7.64
4x49,4.53
4axm,7.89
6ott,5.42
6i0b,8.04
4ya8,6.1
3b9s,5.3
4hgs,8.3
4cra,7.22
6f22,8.7
1m74,7.0
6ert,5.23
2g63,8.17
4yhf,8.34
2euk,6.6
3eys,5.52
6phx,3.32
4z93,7.35
1u0g,6.15
4jmu,5.47
6q7h,7.68
6t1j,4.74
1ftl,6.0
5ka9,4.41
5ny6,7.87
3zeb,6.13
3lxk,9.8
4ezo,6.52
2oiq,5.0
4j0t,6.74
4jr0,8.2
3g4g,9.04
4pkt,4.83
1jj9,5.77
5vlp,6.08
4r1e,7.28
2y4a,4.38
2ha7,3.36
6c2x,4.76
5ab0,7.59
1xh6,7.32
4b82,4.39
5jiq,5.4
6o57,6.29
4qoc,9.92
5hyq,6.82
4mg6,5.62
4l6q,6.27
2q89,6.3
5afk,3.88
3eq9,7.39
4lh7,4.47
5icp,8.42
2xi7,5.14
3e8r,9.74
4ewn,6.7
2wpb,2.89
2xm9,8.05
5amg,8.22
4dk5,8.4
4wvl,6.88
4hyf,7.6
2uz6,8.77
6da1,5.05
1kjr,6.06
4w9j,6.23
1jbd,6.92
2wtc,6.51
3o9e,11.3
5f0h,4.48
5y6f,6.85
2vl4,6.01
3pgl,5.3
5a2j,5.85
4yp1,5.04
4qb3,5.47
5faq,5.28
1vwf,6.51
4gxl,5.28
3nht,7.01
5lmb,7.8
5h5r,6.21
2i2c,4.7
4x3i,3.17
6b7c,5.14
3hkt,5.39
3old,5.9
2vto,6.85
4rcf,8.4
3hu1,6.89
1izi,6.59
4nwk,8.7
6nj0,6.61
5wex,7.18
1jqy,4.92
4kql,8.77
5k6a,4.51
6dif,10.72
4cqf,4.3
3cj4,6.51
1uh1,5.48
5u5k,4.02
5wfm,6.52
2nwn,6.3
2p94,9.17
3zxv,7.31
5htc,6.82
6rot,6.32
6e4w,6.7
6oja,9.7
5tig,4.22
5v13,7.63
1bcu,3.28
4jzf,6.76
4na8,8.82
4oct,5.05
5duw,3.29
3m6f,8.6
6ee4,6.69
1gai,8.0
1lf2,7.52
2w1e,7.92
5n2t,5.08
6bs3,5.82
1ppm,5.8
6bid,5.54
3ekt,10.59
4o0r,7.44
3v8w,8.07
5t4f,8.0
4bf1,8.62
3rkz,7.08
5lsg,5.4
6d3z,8.92
3u8k,8.66
6q6f,3.35
3okh,5.24
5oje,5.21
5inh,6.0
4wn1,8.29
3nex,6.0
5hu9,7.62
4y2x,6.29
1inc,9.34
1ylv,2.7
3ls4,6.3
6ep9,6.84
4ck3,3.57
2wfj,7.15
2j83,4.21
5fi6,7.52
4esg,5.56
2qrl,4.0
1i9l,8.48
1k22,8.4
4bt5,2.76
6qyn,7.62
5jop,9.41
6cwi,7.54
3gbq,5.46
6r0x,8.7
4qt0,6.29
4mma,6.04
6njj,5.99
6h4d,7.96
1tsv,4.8
3kgp,2.57
6f3i,7.68
6bu1,7.22
1r5y,6.46
2xjj,6.51
5alh,7.07
3l8s,7.0
6ev0,5.74
5q0z,5.85
3atv,5.34
6mdu,4.25
4qq4,5.74
2kbs,5.0
5fto,8.21
6kdx,6.53
5n3y,5.03
3g30,2.51
2wc4,5.29
1c5f,6.07
4m3d,5.41
4f7n,7.1
4lkk,5.92
1gag,6.12
3el1,9.64
6hy7,5.57
1tbz,9.8
4aua,5.14
5qcm,6.96
1xa5,6.5
4dff,7.46
3g2l,3.87
1wbt,6.47
1i8i,7.66
6md6,5.1
4inh,6.25
5nf5,6.82
5owc,7.59
4cnh,8.4
5am1,8.52
6arm,4.97
6eiz,6.22
5awt,4.52
2ceq,7.28
2aqb,3.3
4hxz,6.05
1ec3,9.04
4qht,4.94
4b71,5.89
2j7h,7.19
4fai,6.99
5c4k,4.56
1hs6,5.38
5o0a,3.24
4zt6,8.0
3wt5,9.54
5jrs,8.4
3chc,4.09
5ccm,8.4
5elf,2.34
5fl6,7.36
6a05,4.89
4mha,8.28
1em6,8.22
2psv,7.24
3q7p,5.8
5qck,7.64
3n51,7.82
4e20,8.22
2vwv,4.8
6rfi,7.43
5jas,5.77
4fgt,5.41
3uxg,3.96
4ec4,7.6
1n3i,8.89
3apc,7.44
3kqr,4.43
4ht6,6.21
6f9v,6.76
2p3d,6.74
6hgv,5.55
5dey,8.43
4lk7,5.04
1qf4,6.18
6hni,4.03
2hwh,5.7
1c3x,3.68
4k9g,5.82
3m9f,11.15
4rlu,4.82
4gtv,7.42
2zz6,6.72
5byy,7.01
4f1l,5.12
5q0d,9.0
4qxj,5.9
6gxy,5.24
2vts,7.52
3rxj,3.06
4ufj,4.28
5ti2,4.62
2v95,8.3
5eb3,1.45
1xxi,5.52
4yxo,7.04
1b3l,5.89
6mlo,6.1
4lwc,6.72
4puz,8.11
1los,7.19
1sw2,7.22
5iu7,8.96
5ais,6.24
2xb9,6.77
4afg,8.3
2qd8,9.07
6b5o,8.33
4up5,2.6
6b8y,9.66
6pf6,4.74
6fe1,8.48
6fjf,8.17
1m7i,5.4
4qvy,5.09
3iqj,4.93
6h52,7.17
1xoe,7.39
1sm3,4.62
4x0f,7.0
5am3,8.3
5z4h,3.02
6hck,4.6
5aia,5.2
3udv,5.59
4jq8,8.1
5qcn,8.22
6f6n,3.02
4i0r,7.85
4u0d,4.31
3rwh,7.4
4zud,8.16
5arg,7.57
5hlp,7.27
2i0y,7.62
2zg3,2.06
4u4s,2.92
1hgi,2.68
3gn7,8.3
3vry,8.11
4ezq,5.2
5na0,9.77
6i61,6.24
3lp1,6.92
5wa9,6.76
4ks4,7.14
1a5v,3.1
2vj1,5.3
5nwc,6.15
2lsr,5.24
4ifi,5.48
3s9y,6.44
3bc4,5.35
6qff,5.69
5h1e,7.54
5mwo,3.21
3l1s,8.7
5lla,7.72
3stj,4.8
6mhm,7.54
6mxd,5.23
4rqv,5.05
6e9a,11.92
3vvy,4.84
6qe5,5.12
3g8o,7.8
6fa5,6.75
3er5,9.0
1li6,3.8
3hw1,3.06
6rni,9.4
6c3n,2.49
2xei,10.62
1a09,6.7
3agm,9.09
5nwe,4.88
5m0s,6.69
3tz2,5.24
3rv4,2.3
2hwo,6.9
4nxq,4.74
4ago,4.81
2j4g,6.6
4qwi,5.36
6p8a,3.59
4mk7,6.36
5t6j,4.93
3rqe,4.77
4twd,5.08
4bgg,7.82
5d3t,4.92
4dhp,4.44
3hqy,7.94
5izu,7.27
5ove,6.35
3hc8,8.54
5d0j,5.31
3t0m,3.94
5emj,7.48
2vyt,2.74
5lt6,5.41
4c3k,4.97
1xr9,7.15
3pbb,7.02
4mm6,6.69
1u2r,5.41
1d4t,6.19
2epn,7.22
5tys,10.72
2cf9,7.82
5mlw,5.03
6czd,3.85
4kw6,3.43
4iaw,9.63
1fgi,5.0
6i0p,4.4
3tg5,4.7
6fa2,6.66
4xj0,9.52
6pi1,3.8
3hv3,6.33
4ow0,6.82
5alf,6.69
3n1v,3.3
6afc,6.03
5w5k,8.3
4r59,7.96
6e23,10.0
1i7g,6.0
3zv7,5.92
2c6m,6.46
6hmt,7.04
5ual,3.58
5kqy,9.29
4msl,6.15
4knr,5.74
1t48,3.46
6udu,9.3
4gng,3.54
3n35,3.37
3bim,5.88
2uuo,3.77
1gno,7.7
2vo5,4.89
3ind,5.82
4kju,8.22
3ldp,5.62
5bui,7.05
4k77,6.63
3sdi,8.33
3juq,4.91
6nco,4.52
6o5g,5.7
1q6t,8.3
6sde,10.2
3tne,5.72
1rsi,4.42
6qfq,7.1
3tdh,4.26
4yzm,5.27
3oz1,8.7
3k5d,7.28
4tln,3.72
2cia,6.43
2ay4,2.91
4ofb,5.43
5mxq,5.72
5lay,7.47
6fuh,3.77
5x5o,8.3
6rw1,5.88
5w6u,5.49
6ce6,5.1
5o1i,5.4
3hmp,5.49
2o63,6.11
5z5f,2.17
2zx6,10.6
4mw2,6.7
5nlk,7.46
3juk,4.89
5sxk,4.7
1xm6,6.38
5ech,3.8
4j0y,6.36
5ez0,5.8
1ll4,7.22
1gwm,4.1
6hmy,7.24
5o83,7.96
3vv6,3.8
3dtc,7.59
1bhf,4.38
1bmn,8.44
3dkj,5.7
5wap,6.52
5xva,7.29
6s7z,5.66
5ceh,8.0
3l0n,2.77
2jmj,5.04
3irx,9.0
5wys,6.7
4dx9,5.3
5w6i,6.9
2xbw,8.0
2obo,7.24
2ndg,4.71
1amk,4.3
3ck7,4.05
3rme,4.66
3po1,4.02
5lz2,3.0
6n78,9.68
1bm6,7.89
5m39,4.62
1iig,1.57
3sfg,6.06
1gwq,7.12
2y6o,7.6
3l2y,4.49
3uev,5.89
5mwd,5.72
1pqc,7.0
6biz,6.57
1s5z,3.21
4udb,9.15
3lpu,5.86
2xk9,10.15
2r43,6.0
4tya,2.39
2ofu,9.0
4x1s,6.87
4cjr,3.1
6hqy,6.44
1y1z,3.08
4od9,7.24
5nf9,5.33
2jiw,4.59
4ef4,5.35
1ong,8.05
2e5y,5.85
5mi3,6.84
4fmu,6.44
3zrm,6.89
4tmp,5.43
1zfp,7.59
4lpb,8.0
4mk8,9.0
3h0j,6.49
2jfh,3.06
3k4d,5.11
3zze,8.89
2xba,7.63
6awp,7.16
4mrg,2.96
5mn1,2.48
2qn3,5.36
5ol3,5.36
4j09,4.77
2q55,8.69
4jnm,8.52
2nsj,4.79
5uiu,9.7
1lek,8.89
3fdt,4.52
3cii,6.1
5djr,4.86
4pvt,6.52
4bcf,8.15
4olh,8.3
3s4q,8.4
3jzq,6.96
1g3m,10.0
6aro,5.15
3bwf,9.7
5mka,4.31
4mz6,5.02
3s0b,6.49
3a9i,4.15
3pxf,4.43
4wey,3.5
2xpc,3.9
6egw,5.57
2vf6,8.52
4os1,5.6
1c85,4.64
5tol,7.48
3kiv,4.7
2wxp,8.52
4u03,5.77
5j31,6.51
4hkk,5.54
5dhs,5.22
6r9u,2.12
3h2f,4.06
4qdk,5.85
4rsk,4.32
4l4m,8.0
5yij,3.42
3r16,7.3
5dit,6.15
6cqt,9.64
3fal,6.78
2lya,4.19
2ylp,4.3
4ozj,5.4
4yti,7.89
3dp2,5.82
4rll,5.02
5xof,4.01
5abf,4.85
5m17,3.66
3ayc,4.24
5tq7,7.67
1bn1,9.34
3su3,9.13
4e3d,2.3
4qxs,5.96
3v5p,8.96
4z83,7.4
5kqx,8.44
3e62,4.39
5dyw,8.31
1n9m,10.96
4hkp,4.55
4bi7,4.58
6qgk,6.7
4k3q,3.94
2iko,5.45
3gbe,5.0
6m8y,6.38
1g9a,5.3
1m7q,8.59
4r8y,6.19
2h4k,5.49
3kr5,7.89
3nu3,9.82
2h9m,4.46
4wsk,6.43
5j87,8.05
5itp,5.0
4jfj,5.68
5w19,5.3
6n7a,8.37
5zdp,7.18
6e1a,8.85
3zp9,7.82
4lnb,6.56
2fci,7.15
5ods,4.33
2fx6,3.7
2xjg,7.82
3sz1,4.66
4dei,9.0
1q7a,7.19
1css,6.1
3ewh,7.16
4wvu,5.71
2nxm,5.19
1nu1,7.19
4eqj,5.6
2ohq,4.6
2y71,7.37
1k6p,7.36
4eok,5.07
2f1g,7.54
4l7l,6.0
2off,6.52
6ipk,5.17
4ufe,8.15
4mmf,6.53
5q0x,7.35
2j2i,6.7
2c3j,6.18
2wxf,6.74
4dfg,11.74
2isc,8.42
6cyh,3.15
4kov,3.75
5hcl,2.22
3nmq,9.7
3ohh,7.74
4o7c,5.0
4f6u,6.15
4z2h,5.08
3kd7,3.7
1mui,11.89
2w5i,4.54
6gl8,8.61
5mon,2.48
6qyo,7.52
4dpy,5.37
4ln7,7.39
4cp5,3.34
4xpj,5.09
4h2m,5.21
3ay9,8.34
3k1j,6.4
5gs9,5.26
3kag,5.18
1bnw,9.08
3kc0,7.92
6h8s,4.42
3hec,4.47
6qlo,5.06
5dqc,7.34
1ao0,4.96
5m1z,4.18
6aeh,5.75
3w0l,7.02
6dik,5.07
3tu1,6.6
1ydb,8.24
5qj2,7.68
3hhk,8.22
2hzl,6.57
5tx5,7.8
6ffh,6.34
4qo9,6.8
5oxn,1.96
6mle,9.0
4e1z,8.52
6ng0,8.19
2g96,4.28
1r4w,4.05
6b95,5.15
2pze,6.08
3bvb,5.49
3avl,4.18
2gv6,7.34
6un1,7.89
4omk,4.4
1fcx,7.19
3pjc,7.57
2q7y,4.3
6det,8.22
1rbo,12.72
2mwo,4.7
2cne,8.77
5mgi,5.95
1urg,5.82
1snk,9.6
5trs,8.0
1om1,6.77
2gni,5.64
1uvr,6.0
5k0m,8.82
5mtv,4.11
4uwl,8.57
5vcv,6.82
6cyc,7.85
6hvi,6.42
6arj,7.6
4yo6,5.66
5eok,3.49
2jdk,6.54
6g36,7.79
6bl1,6.96
5j9x,7.77
1nhu,5.66
3u92,7.48
6oa3,6.4
1y98,5.43
4bps,2.99
3mg6,7.89
4kpz,2.71
6i13,5.12
1rwx,7.37
4jof,4.17
3oe4,7.47
1w6r,6.15
5u4x,8.15
2vk6,5.3
3uvm,7.52
4qfp,4.23
1c86,4.7
4f9u,6.03
3gy7,4.52
1f7b,4.6
3hio,6.52
2i40,5.8
3hv7,7.92
4wkt,3.26
5ehg,3.43
5qil,11.52
5td7,5.77
2uxz,8.48
3al3,5.68
4ybk,7.82
2ff1,8.21
2vrx,7.35
3l5c,5.15
5otr,4.92
3s68,8.66
2pbw,8.25
2qyl,6.19
5mf6,4.36
1fyr,5.62
4re3,8.57
6atv,8.22
4kup,5.22
6oxt,9.95
6npi,5.7
2hug,5.97
3n0h,6.21
6pu3,5.23
6ajr,4.31
3ga5,5.49
3cow,6.9
3jya,6.89
5vc6,7.87
4u0b,4.3
4ezk,8.2
2bj4,4.47
3tzm,7.77
2g1q,7.36
2veu,7.0
2yfa,5.07
6ee3,6.86
2wtd,6.68
4qip,5.15
4um9,8.07
5iw0,7.22
3o9d,10.72
3r92,7.02
5alv,4.36
4ez3,4.35
3ah8,9.82
5lrg,8.82
5i86,6.28
5t23,5.8
1m4h,9.52
1g7g,6.6
4bbe,8.44
3fbr,4.82
4zx1,6.14
3zbx,8.22
6mq3,8.77
6hh5,4.27
2ylc,7.89
6prf,8.6
1siv,8.08
2uzl,6.21
4q1b,8.72
5sz7,9.7
3u0t,9.52
1bty,4.74
3rjm,6.61
5c3k,3.96
3gws,10.09
2fw6,2.92
2esm,6.28
1tl1,6.42
4man,11.0
5kbr,6.59
5wf5,7.65
1fm9,9.0
2xoi,3.34
4yec,7.6
5e0g,5.8
4l7o,4.88
3cd8,8.05
6hdq,7.0
5ko5,4.57
3t60,6.7
6h7m,7.8
5lrk,8.82
3bva,6.52
6apr,7.77
6hzu,8.26
5ugc,7.89
5aoi,3.03
1t4j,5.1
5kqf,6.51
3s3v,6.23
4o5b,8.3
2wev,8.0
6qfu,7.46
4kn4,7.24
4y87,7.24
4joh,3.35
6biy,6.66
3lq8,9.4
3oct,8.3
2wgs,5.6
6flg,7.52
4oc4,6.98
2z94,5.85
4jvb,7.41
6o0m,9.34
5uff,4.24
4p4i,7.46
4ysl,5.8
3q2j,4.18
5he5,6.47
5dsx,8.0
5gx7,5.56
5o1d,4.66
1d6v,6.17
2xn3,5.92
5vqi,6.25
2e95,7.1
3rxi,3.06
1g32,6.11
4d62,2.44
5olb,7.89
4dgn,6.46
3rsb,6.4
5wg8,5.74
6eds,8.77
2wez,7.64
2gst,6.07
3d7d,7.85
3nil,3.46
6p5v,6.7
6m9l,7.54
6mtu,5.22
2wfg,4.42
2lbv,7.59
5i3m,7.4
4xqa,4.99
1eve,8.24
3u8n,10.17
6mvx,5.14
3ubd,5.54
6e3o,8.7
1ikv,6.28
4nrk,7.62
3ha6,5.68
1i80,6.41
5f9e,9.34
3ftq,5.33
4dow,5.02
6p8z,4.7
3f66,6.05
4y2q,2.92
4vgc,6.9
1ols,5.82
4gah,6.1
6ugr,6.27
3qi1,7.66
5wfw,6.1
6b5a,7.94
1pxj,4.89
1kmv,6.95
5al2,6.44
2yex,10.0
1d3v,6.96
1zdp,5.74
2xru,7.51
6dh8,9.84
3atu,8.3
4exs,4.41
6c98,4.1
6fr2,7.92
5trh,5.08
5fhn,5.9
6ft3,6.42
5i38,3.42
4c4i,7.66
1oyt,7.24
1ajq,4.31
456c,9.77
2y5k,6.66
3snc,4.39
2cex,4.7
3rz8,8.17
1ceb,6.0
3a2c,6.9
2nw4,8.68
4yb5,4.71
2q1l,7.91
3oe6,8.09
4ocx,11.44
2kzu,4.22
6i0x,6.07
4qtn,6.85
1xt3,5.7
6dzy,5.52
2wxk,9.3
3q8h,4.15
3ro4,6.23
6h4r,7.03
5c11,6.47
2wp1,3.6
1noj,3.15
6t1l,4.77
3t4n,4.14
2wxg,9.15
2b54,7.7
6b8j,8.3
1yms,5.92
3u90,4.62
3zha,6.0
4ahv,1.82
5wxg,3.86
1n3w,6.96
4x6o,8.72
4ui8,7.6
2fl2,8.7
5l7g,7.8
2zbk,5.7
3hxf,4.96
3hvi,8.3
6got,9.4
5fdc,7.46
1ec1,8.92
6irt,3.81
5l8t,3.55
5mt0,3.3
4z88,5.39
4ajw,5.86
6bgx,6.33
1els,10.82
3rxe,4.76
5flo,3.15
2oxy,6.52
3h78,4.24
3zrk,6.89
6pii,6.96
5xpp,7.44
4mm8,6.11
1uom,7.72
3wi6,5.33
4pd6,4.44
1n4m,6.72
5ai0,3.69
6mo2,6.68
4ikt,6.17
4lw1,3.15
5z99,6.88
4gtm,8.04
2qlf,8.85
1zgb,8.06
5d6j,4.44
1c1v,7.64
1vyg,8.0
6qaa,7.66
6q39,7.85
2c92,5.68
2ggb,4.92
1k6t,7.62
4wmv,4.03
4j8g,4.19
4yc9,8.89
4kyk,4.74
2za5,8.43
3fed,7.46
4zji,6.47
5cxh,8.3
4fut,6.51
5fdg,6.37
5v5y,7.87
3ncz,7.82
6i77,4.96
3uo5,7.41
3nes,5.62
4yrt,2.78
4wke,8.1
2qu2,5.43
6f8v,4.8
5nsp,6.47
1mdl,3.09
4urw,2.8
6rmf,8.0
6np4,4.44
5u8f,7.96
3lzz,3.84
2qtt,4.32
4rac,7.52
2r0h,3.51
5om9,4.25
4jjm,7.57
1ajp,2.23
4c6x,3.76
4nah,6.31
3h52,4.85
5kzi,10.0
6ak4,5.46
4kln,7.7
1bil,9.3
3qcf,5.6
6c7q,9.15
3qin,6.87
5mrp,5.52
1r0p,8.0
2v2v,4.07
5xfj,8.22
1nkm,7.3
2qq7,5.24
1nms,6.7
4nrq,3.46
5or9,4.06
6mhc,6.43
4jbs,7.96
5tyn,9.28
4k6t,4.1
5l9h,6.4
4yk0,3.74
4wr8,6.23
1c9d,6.3
4hco,4.32
4ca4,7.18
4unp,3.23
6cv8,3.17
6k4x,6.66
4og7,6.94
6bir,7.52
3lp7,5.44
4bfd,7.02
4gfm,7.22
5ngz,2.89
5tt3,6.71
4flh,9.0
3zvw,3.9
2qc6,7.0
4yha,6.65
4ewo,7.36
5mek,5.38
1sfi,10.0
3c1k,9.44
4zqt,5.64
2az9,7.66
3cqu,6.82
4hlm,6.77
3ueo,4.03
1r6g,9.21
4u93,7.89
5jz9,3.57
4qwl,6.18
4pb1,2.82
6qab,8.21
4ly1,7.26
3bpr,4.95
1o3c,7.13
6qhg,3.13
4g55,4.92
1o0n,4.09
5l7h,7.3
6duf,8.14
6ox0,4.85
3ug2,8.25
4bgy,2.96
4z6i,6.31
5khk,6.39
6hzx,8.38
1rzx,4.1
2xn6,8.8
3lk1,4.26
3t09,3.8
6qlu,4.64
3bex,5.57
3d1g,5.0
2vgp,6.85
4hpy,9.92
5u0y,6.08
4zme,4.3
2ye9,6.22
4hlg,6.51
3twj,7.84
4ura,5.5
3zbf,7.52
2wgi,4.07
2wzx,6.0
5tz3,6.85
2wuu,7.16
6iiu,7.96
1jh1,4.39
4ykk,2.77
6eee,7.54
4aif,4.84
4fl1,3.28
1f8d,3.4
3f07,5.54
2nsx,7.2
1km3,4.91
2fyv,3.52
4qbb,7.52
4lte,7.22
5w0f,7.8
6mnp,3.71
2wvz,4.02
4loo,8.15
1f5l,5.28
4l7c,5.13
2v7d,6.59
6ft8,7.36
3oka,4.72
4pd5,2.86
4q15,7.96
1e3v,4.34
4ciz,7.29
3rhk,6.26
1x78,7.85
5l7e,6.6
2pcp,8.7
2fie,5.46
5yqw,7.51
4aa7,5.7
5e28,7.91
6dz3,8.89
4kai,7.3
5fun,7.59
3e16,5.24
3neg,5.94
3wth,6.29
4ory,3.53
2mnz,5.19
4axa,8.0
4wku,5.68
3bpc,4.8
3wka,4.54
2vcg,5.77
5hjd,5.24
4awk,6.89
4hxs,5.39
3mz3,7.83
5ak0,7.68
1hvj,11.4
2aoi,4.01
1w2h,5.0
4unq,6.62
6hzd,9.17
2baj,8.4
5mi9,8.35
5ewh,3.77
1b5h,6.01
1k03,6.0
4fci,1.26
3ccb,4.52
5i4v,8.52
1meu,6.1
1f4y,6.08
4dxg,7.06
6hhj,7.97
2qi0,7.38
6apw,6.17
3le9,8.22
3r4m,5.92
3dbd,7.38
3vw2,4.75
1o47,8.4
2zmd,7.01
3rx5,6.27
3k16,5.8
5f1r,6.0
2bal,6.31
5lc0,6.7
3ckr,5.3
5vsb,5.12
6iph,6.66
6g9f,6.23
5j7p,7.28
5wxh,6.15
5ypw,4.64
4h3a,6.29
4x8s,1.89
2z5s,5.66
3rxl,2.62
4dcv,4.59
5eh8,3.1
4zsq,5.65
3wqm,6.25
1yvz,5.36
2xbx,7.82
3p0g,10.08
6cq1,3.66
5y94,6.79
3as1,4.02
2wi4,5.81
2hb1,3.8
5jcj,4.42
1g7f,5.47
5uov,10.6
3g0f,7.66
1biw,6.98
2vpe,4.94
6ema,4.53
3nsh,6.33
6gub,7.64
5exw,6.82
4acc,7.7
2i4w,11.59
4phv,9.17
4i8x,2.64
5igm,7.38
1uef,5.49
1wvj,6.73
6skb,7.7
5dhj,6.7
3i81,7.89
6ekd,6.44
4xv2,8.27
1etz,7.24
5eth,7.25
3s1g,5.19
5nb6,6.3
5etx,6.81
4mn3,5.75
6st3,7.03
5dri,7.7
3ctj,7.46
1uou,7.7
4yl3,8.15
2cc7,8.01
2z60,8.05
3eky,9.64
5jzi,4.8
3kdd,8.46
2pl0,7.21
5huy,5.03
2q70,8.08
4z0d,5.3
6qw7,6.33
5jek,3.98
6s43,5.4
3q3k,8.13
2ieo,8.49
5teh,7.55
1r1h,8.92
4og3,6.55
6d1h,3.72
5vdt,4.68
4dv9,6.72
6ikm,8.57
5ajv,6.24
6d5h,6.92
3wv3,7.62
2gmk,3.23
2fmb,8.7
3puj,4.51
6iez,6.52
4ogt,10.0
4oee,5.76
5csx,8.22
1csi,8.8
5cas,8.85
4oys,8.82
6uvy,6.0
3okp,4.72
3as3,3.8
2onb,5.57
3tll,4.39
2o3z,5.7
4x8v,6.89
4jxv,4.51
4dv8,9.24
3hpt,8.19
4bib,6.6
5hmh,8.15
3ex2,3.7
4yvc,5.96
1oiy,7.19
5kap,4.23
2wi7,7.24
4elf,8.03
6jn6,7.15
4kiw,5.12
1jyq,8.7
1tkz,6.62
1gcz,5.13
2qu5,8.06
3pgu,6.7
2euf,7.82
6s07,7.4
3iof,5.22
5fiv,7.66
6j3p,6.98
4u44,8.1
184l,4.72
5i12,5.92
4cd4,6.58
4zyw,7.17
1p04,7.4
3po6,7.06
4r6x,5.27
5auz,4.01
3eig,7.68
3my5,4.19
3btj,5.62
3vw6,7.85
6i65,6.41
4wt6,7.92
6mo5,9.52
4gsc,5.85
4p5e,5.55
1tsi,3.48
1ol1,4.68
2ajl,7.89
5zk7,6.71
5l3g,6.23
1ntk,10.49
4uco,7.0
3vap,8.4
2ggx,3.49
6gzm,8.26
4hev,6.34
3lvp,8.7
6cfc,3.68
5xij,7.3
5lhu,4.66
1ci7,7.05
6h7u,1.98
4j82,4.35
2ieh,6.96
5dyt,7.6
2wq4,2.57
1b55,7.4
1wv7,7.26
6gxu,3.74
2pv2,5.91
5ugb,6.79
5u4c,6.0
2v86,4.46
5aep,7.17
4yw6,7.08
1m1b,4.66
1nt1,8.89
3hq5,7.8
3kjq,5.88
6cwh,7.54
1rt9,10.25
2j4a,10.6
5epn,8.66
5ixt,4.6
4g9c,8.64
5em8,5.96
2wd7,4.97
6ic7,7.11
5ii1,5.48
4an0,10.7
4jsa,4.96
5ali,7.07
3kdb,9.85
4x8t,2.05
2fwy,6.7
4bic,7.3
4mm9,5.68
5nzo,2.24
1u9w,8.46
6hs4,5.51
3dxm,6.0
2xk8,5.62
6ggb,5.39
6ke0,7.55
4l2l,5.7
1yi3,5.4
3udd,7.1
3s0d,7.05
2gg8,4.6
6g9n,8.52
5k8n,6.32
4b14,6.22
6oip,6.92
5j1v,7.39
5n1r,7.95
1pzi,4.22
4rn6,5.1
1f4g,6.48
4fli,5.44
4fm8,5.97
3ppm,9.54
5n3w,6.3
2vj8,8.7
1i7z,6.4
5yvt,3.96
3jzp,6.6
5joh,5.96
4ljh,4.71
5ivc,5.92
2f9k,7.07
3bgs,9.42
3ayd,4.19
2wj2,8.33
4qer,7.54
4fab,8.06
6bsl,9.0
1ecq,3.0
2p16,10.1
4iuv,5.72
4lnw,7.04
1ga9,7.08
5mwj,7.61
3s9z,6.22
3brn,8.7
4fvq,6.0
3zdh,7.35
4fs4,6.57
6gch,4.7
4u7q,9.74
4cxw,6.09
4q1f,8.04
1e5a,7.64
4ba3,5.54
4ucs,4.21
5uzj,6.78
4wp7,6.1
2y57,6.89
1nhz,6.08
5jfr,8.3
1pr1,5.3
5nvz,6.77
5upz,9.2
3hx3,8.0
3ao4,2.07
4ab9,3.33
5tuz,7.4
6ggd,5.59
1o4q,2.49
4zlo,4.92
2yq6,7.35
2ria,2.57
6nrg,7.25
2lwi,3.11
4g2l,7.49
2eep,7.06
6jse,8.77
1om9,4.15
2eg7,5.89
2vaq,8.52
4g95,7.61
5z1s,6.16
6bhh,3.76
3s3i,7.8
1o1s,7.31
4pf3,7.29
3nzk,9.27
4hvh,7.72
3i6c,4.92
5d1u,5.96
6p3t,7.32
2e9o,7.7
4i0d,6.21
6ajg,5.78
6bgz,6.39
4l7b,5.64
5zqo,7.71
6enm,8.32
5ylu,8.62
5usq,7.0
1qft,8.77
4c1h,4.09
3m58,5.48
5t2p,5.72
2e91,6.59
3zst,1.72
5eq1,4.68
4uye,8.02
6eaa,6.09
2h5i,8.89
6s0e,5.5
1c70,10.3
4mw1,7.72
1ct8,6.52
4bis,5.85
4mhs,5.29
1ai5,3.72
6g01,7.41
5dfp,7.66
6bkw,8.3
3fun,6.72
4l0v,6.63
3rwf,6.52
4mt9,10.0
1cps,6.66
1yw7,5.85
1fig,6.22
2w0j,6.62
1xkk,8.52
6n3x,5.09
5lg3,3.8
3u7k,7.07
4ufu,8.0
1o3l,6.54
1svg,8.7
6hoi,5.1
4lh2,1.24
6d1d,4.47
3fkt,5.55
5ema,5.23
3q5h,6.25
5vm0,8.8
5wal,8.77
2w7x,7.62
6moo,9.17
1toi,4.05
2qtn,3.42
5n8b,7.37
5qar,3.77
4k8s,7.44
3pma,5.4
2ceo,10.0
5ddf,6.17
2bz8,5.6
3tic,8.87
4qw1,6.11
5op5,6.67
4mnq,4.43
4k5y,8.17
6dne,7.48
3l3a,6.38
1oai,5.0
1b46,5.28
5t54,9.06
3mam,4.12
2vtr,5.82
3fh7,7.6
5t9u,7.6
1bji,8.7
4qkd,4.09
6en6,7.94
3twx,5.26
4btk,6.62
1yhm,3.83
4unn,6.38
3ua8,7.85
5yu9,6.74
1bxl,6.47
3d8w,8.15
2jqk,3.4
1oz0,7.7
4zs3,5.18
5g22,7.0
3ud9,4.67
3fxz,6.89
3mhw,2.3
1gnm,6.25
5jna,7.35
3hfz,4.89
3tt0,9.05
5u0e,5.11
5xup,5.25
5fdd,4.2
1owh,7.4
1jvu,5.15
6d9x,3.49
3arp,7.15
1il4,2.85
5j0d,6.87
5owh,5.92
3hwx,7.86
6tim,3.21
1zeo,6.68
5n1v,6.19
4app,7.19
1o0m,5.15
5gow,4.45
4kin,8.32
1c3i,5.8
5qaq,3.54
2cen,8.3
4xwk,4.63
4qqc,7.34
4fzg,7.72
3bmq,5.49
5nib,7.72
4lxz,6.74
4und,8.96
2v3u,3.0
5dtw,5.46
4awm,5.72
4c1u,7.09
5dgj,4.73
3r2a,6.12
4acx,7.11
5ka3,4.59
3ljo,6.62
3f6e,2.38
6mep,7.35
5cs2,8.4
5qb0,3.8
3rx7,6.03
3gwx,5.4
3bkl,6.17
4iku,5.75
6dyu,10.26
5nkg,7.68
6awo,8.7
1k21,8.38
6iiw,5.66
4jpc,7.03
3ara,6.49
1bl6,6.8
4n1z,9.14
2xs8,4.61
2pqc,5.74
5akz,5.26
6cq0,4.46
4cwb,6.09
5e2v,6.08
1h5v,3.93
5thj,2.87
1jqe,6.44
6ghh,6.71
4bah,8.7
1rjk,10.0
4yih,4.66
1orw,7.6
2e9a,6.04
4in9,4.97
2q93,6.25
4mzh,7.18
5w86,8.7
1sdu,10.07
3rtm,4.42
6uhu,3.4
5mmp,7.52
3pdq,6.74
3cic,8.52
1nd5,8.4
3ejt,7.36
6d17,4.82
5dda,5.78
2zx9,10.27
5mhq,6.96
1o3j,6.77
5fcz,4.2
6gjw,4.96
2nnv,7.52
3uqr,7.24
5e2m,7.23
2f6t,4.62
4x6i,8.0
5m2q,7.52
3ocp,7.57
4occ,8.7
4xuc,5.96
3slz,6.99
5wei,5.7
3c6w,5.62
5o07,7.47
6ahs,5.82
6gcr,8.33
1uys,3.6
5ug8,8.7
2yki,9.46
5f1u,6.4
5g53,6.37
1kdw,5.54
5v3o,7.22
6q7v,5.59
2vl8,4.52
3ig7,7.2
6qi4,4.37
6saf,6.64
1g27,8.15
2bro,5.85
1hrn,8.05
1fq7,5.43
1h24,6.3
6fs0,9.77
3lm1,4.7
3ewu,4.62
2wf2,7.59
5vfn,3.52
5xmr,7.61
2i1r,5.01
5orj,4.77
2p0d,7.0
4qsv,2.0
5wg5,7.18
4b33,3.37
2wl0,7.8
5wcl,4.52
6jno,6.63
5urk,6.1
5orv,2.89
3tb6,5.08
3ffg,9.08
4qh8,4.89
4l2f,6.23
6g15,5.37
4ab8,3.87
6fe0,6.48
3otx,4.53
4k4f,6.7
1ax2,3.99
1xm4,10.39
5arf,6.27
4iid,5.62
4y16,7.43
4c4f,7.59
6ai9,6.74
5ick,5.01
6dgz,11.3
1qm5,5.82
3krl,9.1
3tz4,5.49
4qz7,5.65
4x8n,6.62
1nh0,9.74
2yiv,2.78
6ekn,6.29
4u5o,2.42
4hrd,8.82
6qtw,5.52
5q0u,6.76
2ito,6.91
5u2f,6.71
2x8e,7.85
2aa6,9.41
3rbm,6.57
1jwu,5.34
3iqu,4.77
6oxv,10.7
5er2,6.57
3nq9,4.03
1wm1,6.3
3uh4,7.96
3ljg,7.73
2vnn,8.7
3ies,9.92
5k8s,8.22
2fjp,8.37
1n8u,6.03
2ra0,7.8
5iop,4.54
4pkw,4.65
4zg9,7.59
5lgt,6.51
3p7c,7.66
1v79,7.89
4exh,6.15
5dpa,4.65
2aw1,7.37
4iic,4.85
6qrc,4.89
2vtt,7.36
1tlo,4.0
4ymx,7.1
4j1p,7.05
1rxp,7.14
5ehn,11.64
3ur9,6.31
3r2f,8.85
6ezq,4.66
5hoa,7.19
4rwk,7.19
3bys,9.3
5n93,8.66
4agd,8.41
1slg,3.9
5gtr,7.17
2xib,7.26
1v0k,5.1
5f9b,4.26
2r03,5.15
5vrp,8.89
5yqn,4.03
3bug,3.18
4bh4,1.49
5lqq,7.09
4an9,7.36
4cxx,5.68
5ufr,8.7
2zzu,7.41
2ybt,4.7
4qwf,6.0
3qzv,4.16
4qbm,4.58
4rfz,7.4
5ze6,3.35
3vjk,9.43
2ll7,8.8
6fyv,7.96
4u54,2.06
5ogl,4.31
6hmr,6.83
4mf1,9.15
4lgu,8.68
4ykj,4.43
4qr4,6.6
4g2r,4.45
6do4,7.68
5vqq,5.28
5ywy,7.23
3px9,3.42
5hey,5.66
4iut,5.72
6gjn,6.22
5t35,7.18
4ea1,6.44
1nc3,5.0
3vqu,7.43
4zyv,7.66
4qyo,8.22
6qxs,7.13
2vd1,6.86
2vfz,3.61
1c3b,7.57
4n1b,5.96
4eoy,6.49
5i4o,7.28
3arf,7.19
4gih,8.32
4rab,7.4
4ge4,8.11
2i5f,5.12
4xuz,7.36
5f0f,6.0
6hcw,6.89
4y2s,4.28
2aov,7.04
6gjl,3.86
4mw0,7.41
6ccx,3.15
6eqv,6.62
3k5i,4.7
2ath,6.82
2hdq,1.4
3rm8,6.15
1pbk,9.05
4d8s,6.49
4ksy,8.42
3n6k,6.74
2ima,6.52
3fj7,3.71
5xwr,5.98
5ar0,6.14
6o3w,5.12
6gf9,6.39
5wbz,6.41
3h9f,7.92
1erb,8.1
3sxu,5.05
5ml3,9.69
1ew9,3.22
3fsj,3.95
4w4v,6.94
2ya6,5.7
1kav,5.82
5b5g,5.25
2qzr,7.26
6elp,6.63
2vie,7.48
6ps6,9.7
6j06,6.59
6gnm,4.26
3iqg,4.6
4uiw,7.3
4azc,5.86
2vx1,6.66
3jq7,5.92
1elb,7.15
3vws,3.65
6aam,8.32
5ya5,6.72
6q3y,7.27
4w9e,5.15
2cgf,6.41
3ehn,1.92
2xcn,6.92
3zim,8.17
3zls,4.4
5zdd,5.75
5k03,4.74
6b1w,7.37
1czq,4.54
3sut,7.85
1if8,9.64
6h13,7.23
2jdo,6.64
6i75,4.64
2bqv,8.05
5tqf,8.3
4km0,6.04
1oiq,5.54
1m5f,7.83
6fns,4.03
2jal,4.82
3fv7,5.64
5jrq,6.77
2f4b,7.3
5x73,6.74
3ewc,7.7
1zrz,5.24
2osf,3.83
1juf,5.85
5k0c,5.96
5k0s,8.22
3tv6,8.32
5hrv,5.29
2nn1,5.82
5u98,9.7
1avn,3.9
4b6s,6.01
3nf6,3.53
3pp0,7.96
3jqg,4.74
4p7e,4.76
3hl5,4.47
2uw6,6.55
2gl0,4.82
2mwy,6.82
4qev,7.66
5jzy,9.82
2isw,7.43
1rql,2.75
3tvc,7.74
2jld,10.4
4zyu,5.97
3p5k,7.12
6b5j,7.1
6f96,7.72
6dm8,7.28
2vx0,6.24
6ez6,7.4
5xii,7.12
5i3v,7.8
1al8,5.32
3qw8,5.1
3ipa,6.22
5lsy,6.54
2mc1,4.15
3s2v,6.8
2ohp,4.03
5vcx,5.55
6uh0,6.07
5typ,7.6
4cpu,7.53
6ocq,6.7
3fjg,3.73
1ahx,3.92
6dhu,3.13
2gg0,5.77
2qcg,4.0
3l0k,4.62
4odm,6.07
3eu7,6.18
2n8t,3.37
2p7a,6.1
4j5d,5.96
3kfn,4.74
5ly2,7.92
4lq9,4.85
6eqa,4.85
1uto,2.27
4xjr,5.32
6bbs,9.89
1xug,7.05
5m63,6.96
5u7l,6.37
1h3c,6.51
6cd4,5.34
3sow,5.14
1qf2,5.92
3ixk,8.18
5g5z,5.66
2bvr,3.7
4xhl,4.43
4mr3,5.94
5ula,7.11
4lwe,7.15
3dd0,9.0
6mey,3.32
2w3i,10.0
1dpu,6.0
4z1q,7.82
3ft8,7.52
6fsy,6.61
1n2v,4.08
3dla,3.46
4nmo,4.83
1is0,7.0
2b17,6.21
4n70,12.0
4zzx,6.9
5aux,5.0
5nud,7.49
4d83,7.26
4y7r,5.03
3fui,6.8
5yia,5.52
5yc4,4.92
3a1c,4.0
6hq4,4.65
4ttv,6.68
4ozl,4.97
5vqu,5.11
2ybk,4.62
3te5,4.91
2x2l,5.28
6oe3,8.32
1hsh,9.42
5tv3,8.09
6gjj,3.7
1lhf,8.09
4jln,7.78
3nw9,9.0
4hgt,7.4
2izx,9.4
3qqs,5.82
6qme,4.36
5ka7,4.35
6hkn,7.29
6a94,7.4
5al4,6.52
1xnz,6.62
5ivn,8.85
4qgg,9.0
1nu8,5.42
2ycm,3.56
3ads,5.01
1r10,3.83
3roc,8.19
2nt7,6.52
2r3m,8.0
4x24,9.78
5hes,7.54
1o48,6.35
3nnu,7.32
1t1r,5.4
4rxe,6.64
2odd,3.96
4jzb,6.47
6pg5,4.96
1ow6,5.4
3tay,3.38
4ju4,6.47
3eyg,8.8
4zip,9.68
3gcu,6.78
6c42,8.21
3vfa,9.19
4efu,6.6
4h5d,7.55
4q7v,3.59
4glw,6.1
3t0x,8.0
1ulg,4.21
6baw,5.38
2j27,3.52
4aa4,8.05
6jpj,8.21
3bux,5.63
4bcs,6.99
1lhv,8.91
5umz,7.12
6pvv,5.85
4e70,5.28
3bun,6.21
4pow,6.3
3wtj,6.53
2q6c,7.78
6c3u,5.4
2pk5,10.7
6hu3,6.3
5l99,3.32
2p4j,8.96
5cvd,6.41
2c9d,6.32
5moq,4.68
5epy,7.4
1r1j,8.64
3ugc,6.02
3osi,5.22
3tgs,5.39
3znr,7.44
1yvh,7.37
1w7g,5.1
5v2q,8.28
4crb,7.57
1bxr,3.4
6g0w,5.28
5ti6,4.68
1sqb,7.95
2fzg,3.38
1lah,7.52
2emt,6.7
4dew,7.0
3vhv,6.29
2c80,5.33
2xuz,7.4
3tu7,8.09
2x2i,8.7
5zyi,7.07
2zof,8.15
1ymx,4.85
1osv,3.48
1zoh,7.0
2xb7,9.19
5mny,1.31
5o55,4.7
4kip,8.15
1uod,3.11
1nyy,4.68
1eol,13.42
1oxr,5.19
5m9w,2.24
1tt1,8.15
2o4r,9.4
4mib,9.7
1oss,4.79
4h4m,8.52
1a0t,1.3
1y2a,7.34
3kyr,6.72
6o4x,7.4
1o9k,6.47
5d11,7.55
5nps,5.89
6ful,4.92
2hxq,6.84
6gih,4.36
5uga,6.79
1j01,6.47
5iwg,6.46
6h1d,5.6
3ip9,5.62
1u6q,5.88
6bau,4.51
1xh5,5.47
6h76,7.52
1gt1,6.0
6h7b,7.48
3k02,5.0
6jki,6.39
5aoj,4.68
1ktt,5.82
5a5v,7.48
5tex,6.4
5yc8,8.19
1j1a,7.54
4iie,2.34
1dar,4.96
5lt9,4.19
5yg2,6.89
3s8x,7.3
2brp,4.0
4ce2,3.84
6q37,6.36
6aff,5.41
5iug,7.33
5jv2,4.0
3fue,2.82
5q0j,6.62
4nyj,3.49
4qwj,5.77
2qg0,5.72
5k0t,5.78
5ntw,9.22
6ffe,6.1
2rip,7.19
2zu4,7.42
3c2u,2.9
4yht,9.22
2vsl,8.4
6fap,2.15
6ipj,5.79
6fr0,6.84
4yoi,6.48
4c1e,7.14
5i3y,9.4
5dpx,4.46
3zyb,5.38
6euz,4.18
2g79,6.92
5c1m,10.8
2xa4,8.52
6pz4,9.4
4pde,6.44
3f9w,4.72
3tcy,4.62
4mhz,6.87
1hpv,9.22
4x6k,5.31
2kbr,4.6
3hdz,7.29
3oyp,8.7
2gss,4.94
6c3e,7.2
1hiy,3.08
3v3v,5.34
1k08,5.34
5exn,7.64
3bgp,7.04
5fol,3.67
5koq,9.24
4zt2,8.0
1n7m,5.71
5l6i,4.35
3s54,9.64
3f37,2.62
5el9,7.64
4rwl,8.1
3t4h,5.28
3ti5,8.95
1y2h,7.25
1s50,7.2
4ayp,6.12
4pl5,4.96
5e0h,5.62
5u12,5.07
1q6k,7.59
4jvi,5.3
6sdc,8.9
4l0t,7.18
6np2,6.8
3ask,6.43
2zcr,6.87
4rfm,10.05
2hds,2.0
5dy5,6.79
6f9g,5.7
2hhn,7.49
3f5p,6.85
3qt6,5.37
6c9v,6.92
6hf5,5.17
3nf7,3.47
3qti,7.85
3g5d,7.96
3zlo,8.82
2ra6,4.52
4jff,9.22
6cvd,4.0
4mfe,2.27
4fxj,3.62
4bsq,9.15
5j27,6.74
6qwa,6.59
3ccc,8.1
6fzp,6.42
1ggn,5.51
5eds,5.54
1azl,8.62
5oh1,4.41
3fvk,8.82
6d16,5.08
4o97,8.52
5oku,6.26
1bb0,8.36
6g91,5.49
6ezi,5.31
6df4,7.64
6fyi,6.7
4lkf,5.37
4fhi,7.0
1ke7,8.05
1ydt,7.32
4lj3,9.0
5y97,3.6
1lt6,3.3
4gvc,4.71
1f8c,7.4
1qj6,7.74
2y8o,5.12
2fxr,7.6
2c5x,6.6
6ezh,7.04
3i28,8.22
6mqe,11.29
5hx8,10.0
4kwo,6.45
6qra,6.15
1uy9,4.82
5uah,3.4
2azm,5.66
1xsc,4.3
4ge5,6.57
2ww0,5.3
1x7a,7.89
1uk1,7.22
3pj3,5.25
5ega,5.06
2bed,8.15
3ft3,7.36
3f8f,6.63
5m7m,6.45
4b74,7.66
2f7p,6.6
4fhh,7.46
4mk9,8.05
3cj2,4.85
6hlx,7.17
3v4v,7.38
2q92,5.96
5kmf,6.29
5ljj,7.21
4oth,8.05
4pte,7.13
4zjw,6.66
6fx1,3.98
3ppo,5.3
4cu8,4.47
3d3p,8.5
6acb,9.41
2r1x,4.8
5g3m,5.66
1g52,9.54
5f2f,6.92
4qjr,7.1
4cfx,5.06
2w66,4.05
5vs6,6.98
6f7t,9.44
3g0d,8.3
5otc,4.71
4bh3,1.92
6da4,6.34
2z9g,6.15
4m2u,8.04
3qcs,6.5
4gh6,7.68
5np8,4.62
6cpa,11.52
5w5u,7.19
3wmb,5.37
5ea6,7.41
3r8z,4.31
1axz,3.2
5gvn,7.05
4yc0,4.13
4j17,7.27
6n54,7.75
4yax,5.82
4fkk,9.3
1y2f,4.92
4wnp,8.1
6i8z,7.8
4i5m,8.06
3fvh,6.35
4mwu,8.49
3lpk,9.1
1e9h,7.46
1rek,6.7
5eei,9.22
3u3u,6.88
4j06,5.34
6dlx,3.32
7kme,4.4
6euc,3.77
4wyp,3.36
2brb,4.86
2ov4,4.74
3spf,3.86
1vzq,7.44
5w2p,6.88
3ans,6.25
4b00,8.61
2r3w,6.89
5jsj,5.4
5fou,3.95
2yme,7.66
2olb,5.54
5ti4,4.59
5ixf,5.52
4g0y,2.3
1z6j,8.03
5zku,4.3
4i2z,4.87
5hna,4.23
4x7q,7.85
5m28,4.32
3rwe,7.37
5eko,4.8
1kwq,9.21
4n6h,9.28
3p5l,7.39
2bqw,8.52
1sjh,8.05
3i60,8.7
1nju,7.3
6kdz,8.54
1mjj,8.74
6qto,4.64
6qqq,5.17
4og8,7.25
1oir,7.49
5b56,4.54
3bzi,5.74
2cm7,6.68
4rxz,6.74
5e2s,9.01
6fne,5.52
2of4,7.09
1n4h,6.55
4irx,6.12
6gfm,5.47
2b5j,9.1
2zdn,6.25
5hwv,5.07
4rx8,7.46
5k09,6.0
6h36,9.35
4w9h,6.73
4jg1,6.63
5dyy,7.24
5e89,7.85
3dc3,8.31
1obx,5.72
4l0i,6.57
4dwk,6.22
3btc,5.75
6qcg,5.14
4d09,8.77
1ih0,5.0
4eb9,8.27
4dpf,6.4
5cgc,9.3
4ajo,7.03
4m0r,5.21
3wax,7.89
4pyn,4.52
3q44,6.31
5cuu,4.37
5duc,6.35
4qsm,7.41
3pcn,3.66
5wef,6.44
3mhm,7.0
1rnm,3.07
7lpr,7.18
4cq0,5.09
5f1l,7.68
2wbg,4.45
5etr,6.52
4ibf,4.43
4b35,2.89
3cfs,5.96
1bcd,8.7
4jfx,6.44
5cgd,9.3
1x7b,8.39
4e6q,8.36
6drg,6.92
2n1g,5.64
3hv8,6.98
1vsn,9.7
1aw1,1.05
4apo,4.91
5ngu,7.44
5u11,5.35
2xkd,5.64
4fcd,9.55
5bue,8.52
4djs,7.89
5k5n,8.05
1qbn,5.85
4z1s,6.1
4d0w,7.7
5zdc,5.75
3ozt,4.13
3cwe,6.92
5b4l,9.12
5t1t,7.24
1vfn,5.6
6p84,4.81
6qdx,4.52
6b7d,4.28
3qvu,3.55
5vqx,6.32
4ovg,3.69
4igr,7.2
3nu4,8.82
5eek,9.1
5lvn,4.7
1ld7,8.96
6hk4,8.55
5ygd,7.27
3rul,6.85
4wnm,7.59
2xbj,8.52
3f69,6.0
4gj6,5.12
5nxv,8.46
2ai8,6.8
3i4b,8.15
5fqc,8.52
3c8b,6.1
6c7b,5.82
3as2,3.44
1e1y,5.6
5tho,7.64
6b5q,8.24
6nrh,7.26
1phw,3.3
2xc4,8.05
6hx8,5.89
2gfd,6.28
3lmp,6.21
6bu3,6.55
4gj2,8.6
3bym,8.22
5anu,9.4
6uf0,7.14
4qls,7.44
4bzs,7.12
2h42,8.62
6g5l,7.62
6nvi,8.59
3tzd,4.28
2oh4,8.46
5a6a,7.22
5tca,7.72
3nfk,3.8
5i94,7.52
3vnt,8.66
3abu,5.62
3deh,6.83
6qed,7.13
6htd,8.0
4yym,3.62
6j0k,5.64
3p78,6.96
1qti,6.44
3qqu,8.62
6byz,8.37
2fjm,6.85
1a5h,6.3
1tng,2.93
2liq,5.85
5mby,3.51
6cd9,4.42
1n51,4.85
5lce,8.04
5eta,5.8
4u73,5.18
4ddl,8.31
5l9i,7.0
6u5m,6.29
2nsl,4.68
5oua,5.57
4x47,2.85
3bti,6.14
5i1q,7.92
3iuc,5.66
5y5t,6.68
2pvm,6.44
5u94,7.19
4bb4,6.72
4cts,5.0
5y7h,7.73
2std,9.85
5fgk,8.77
1mq1,6.59
6czb,4.33
3rtp,8.15
1lyx,4.54
4ith,6.5
3djk,10.59
3bjm,8.3
1swk,12.0
5a6i,7.25
5m23,8.9
4kz0,5.38
5akw,6.39
5g45,3.3
4z2i,7.44
4hvd,8.85
3ilq,5.21
2qp6,6.68
5jq7,4.8
2koh,5.22
3rxo,4.08
4zyx,8.15
6hax,7.59
2viv,6.28
6plg,7.82
3nnw,8.05
1gx0,4.22
5llo,9.4
3s72,6.4
2wuf,4.29
6ckw,9.08
5vqr,5.92
6i62,6.8
6n3y,5.44
5xag,5.46
1ysi,7.44
2jf4,8.15
6m9c,7.25
4ycu,5.48
5gmm,4.54
3owj,6.07
1nl4,9.41
1aqj,6.47
4gfd,9.48
4eny,7.05
1ms7,6.77
1ru2,6.49
3o8p,6.46
4e3h,7.05
5k0h,7.09
5ggo,3.1
6hvw,5.55
5eel,6.08
4zei,5.88
4eb8,9.82
5j79,8.52
4m5u,7.96
6p14,6.66
1g2l,7.24
3cbs,7.24
1gi7,4.51
2k62,4.7
3tku,5.72
6oyh,6.98
6pf3,4.55
4kxb,4.12
6hq3,6.11
5km1,6.18
4e34,6.01
6hhg,7.76
4rak,7.85
6gva,8.22
4qhp,8.05
6cgp,7.12
5d48,7.52
2wti,7.04
1uwh,7.66
1atl,6.28
1o32,5.74
6ffg,7.2
3tct,8.52
4ydg,7.82
3ggw,5.54
2rd6,8.3
3cs8,5.77
6bgu,6.28
4bt3,3.12
5eef,8.32
2v88,4.09
1h9l,3.12
1kv2,10.0
4ci2,6.75
4mo4,4.22
3jup,5.58
1p1o,5.76
4knj,7.95
5t36,7.37
2wbd,6.64
4zed,5.12
6nv9,8.19
5am2,5.01
3ouh,7.1
5yr6,5.34
2lyb,4.46
5ygi,7.05
4nzm,6.85
1qb9,7.44
2ypi,4.82
5thn,4.02
2m3m,5.02
4tpm,8.62
2nno,6.4
1c5p,4.68
4c9x,7.32
2evo,7.17
5dxu,8.4
3ktr,6.15
5oai,5.15
5xms,8.14
6bnh,3.8
5khx,7.85
4bdf,4.09
4do5,5.83
2xj0,2.82
3d1f,5.74
2bks,7.43
4cmu,9.7
3b66,8.6
1oba,2.44
3l4x,6.89
4ie6,5.55
4byj,6.57
2alv,4.15
5vzy,8.49
2o1v,5.3
3sn8,5.65
6f9t,7.86
6eol,7.43
1jn4,4.95
3bhb,8.47
5xgh,5.99
4tkf,6.55
6hx5,5.66
2kmx,4.08
4fxy,7.54
6n93,4.69
3lxo,4.82
4jxs,4.74
2p7g,6.53
6ayh,5.57
5t9z,7.19
5k1v,5.7
4j1i,7.4
4cy1,6.74
3lc3,5.23
5vrl,7.11
5ceo,9.3
1q9m,6.48
5alb,10.71
3w2o,5.08
4qp6,3.46
5mo0,4.68
2zft,6.52
6mny,8.82
4ih7,5.24
2vwn,8.0
3sgt,3.82
4r5y,7.64
5mob,4.05
6f7c,5.9
4dbn,8.15
4l58,4.68
6pge,3.62
5ktx,7.7
2xpk,11.3
3k5g,8.6
3k3i,5.72
6i5g,4.89
6ak6,5.56
1ow7,5.4
2mwp,6.05
2mkr,6.27
2wjg,7.1
5f3g,6.9
3oap,6.26
3f19,7.19
5i2f,6.49
5wdj,6.96
6jmf,8.59
4ynb,10.37
5nkn,9.92
3el0,7.47
4qd6,8.64
5nt4,7.77
3a4p,7.55
4zb8,6.03
2va5,4.07
5jbi,6.92
2xkc,5.59
3n23,8.52
6hsz,6.94
1j4p,4.99
2k4i,3.84
4qvx,11.0
4mpc,6.15
3pix,7.0
1sqp,8.2
2chx,7.74
1i5h,4.28
5ia5,7.6
4d2w,4.51
1g1e,7.54
2kfg,2.92
5izm,5.92
1w22,6.76
5h17,6.05
3gs6,6.59
3nw7,8.28
4bqy,5.96
1gsz,7.21
5km5,6.92
5v37,9.47
6e6v,7.77
6cyg,4.17
6css,7.6
5alo,6.13
4bfy,6.92
5nwd,8.0
2ypp,4.41
4hyi,8.52
5fni,3.48
3mt7,4.03
4oag,6.3
1wc6,4.0
3upv,5.3
5xyz,8.1
3fe7,7.12
6ic6,7.82
4gpl,5.89
3r93,6.51
1at5,4.19
3h3c,6.85
3ivi,7.92
4eyr,6.63
5hex,8.0
5eps,4.42
2j7g,7.0
3kl8,6.92
3ook,8.4
4k69,7.4
4r5b,6.73
3qg6,9.14
4ekg,8.77
1lhw,9.08
3az8,6.0
2pll,8.3
5u7k,8.15
3drr,9.4
4qgd,7.43
4uj2,7.1
3ui7,9.0
3f7i,7.34
6dji,2.51
1pmu,6.23
4jne,5.86
5jid,3.76
5ioz,4.96
4bio,5.12
2x6y,4.59
1dhi,7.26
3br9,7.21
6nmb,2.7
1bnm,10.0
5hz9,7.03
3ejq,8.57
4yxi,6.5
2haw,4.92
3l59,3.7
5m6h,6.82
5k4j,7.11
3jzc,8.53
3h03,3.87
6bx6,6.48
5o0e,4.53
3ml5,8.52
6hr2,7.0
4pks,4.82
1p28,5.42
4lww,7.54
2brc,5.05
2o7n,7.82
4dai,6.96
5axq,10.1
3qc9,6.06
3h1z,4.66
5ajx,7.96
6qpl,7.04
1h3a,6.55
4hzx,9.3
5n87,9.25
7gch,5.7
5k1i,8.04
4gye,6.85
4len,7.4
4qz4,5.01
5n3v,4.34
5j74,8.72
3snl,9.15
2p09,6.35
3dp1,5.0
5fl0,6.46
6h50,6.81
5f94,8.47
3wbl,4.64
3wto,6.92
4ytc,7.89
6dki,8.64
3jy0,8.3
5nxo,8.31
1igj,10.0
5gx6,5.8
3drp,9.7
5u7d,9.3
4o3b,6.09
2xu5,6.89
3zhz,7.05
5w84,6.44
6cef,3.74
4d2p,5.68
6f8w,4.64
3emg,8.05
5u6v,7.68
5lle,10.22
3wkc,3.71
2ds1,8.47
6rtw,6.43
2v11,8.52
1qcp,7.52
1gi1,5.47
4g2f,6.8
2frd,4.54
5g1n,7.77
4i31,9.32
6hbm,5.02
4rdn,5.92
4gjc,7.05
4zg7,8.7
3pwh,8.72
3oyl,6.7
2xn5,6.69
1q4x,9.48
4rvm,9.0
4dt6,7.23
2b53,6.22
2bmg,7.74
4zw5,4.43
6eyz,8.1
2z8e,8.0
4j84,4.69
2qi1,7.3
4w5j,7.24
2j3q,6.15
1fzj,8.1
1tog,3.22
3ti8,9.05
3d25,7.66
5fqb,6.52
1ca8,9.49
1gfy,5.08
3bl9,7.18
4rrg,2.81
5ei3,4.25
3g1v,3.19
3g2w,5.66
2vtq,6.85
1jmi,6.06
4yh4,4.59
5iha,8.05
4b9z,4.09
6cjj,3.9
5tg7,4.53
1lf3,7.0
6rr0,7.15
1d8m,8.51
6qg4,8.07
5wle,5.72
6fv4,2.92
4mgv,7.12
4gb9,6.27
1thr,5.38
4cu7,7.59
2lkk,6.7
2a2x,7.69
3acx,5.7
6r8l,6.17
6ufn,5.64
3vs3,9.37
6nzk,4.3
3w2r,7.72
5o3r,5.0
3ncr,4.11
5tcc,5.66
6omu,8.7
1xog,6.39
5d1r,4.84
3dda,3.88
3b28,8.47
2e1w,7.96
6mj7,2.82
1sqi,7.7
4bnz,6.59
4jlj,6.13
3d9n,4.05
2qhc,8.96
4tk0,5.55
5l2n,5.55
6g38,6.62
3vhc,8.89
1mxl,3.81
6d4w,5.25
5q0e,9.16
1u3q,8.46
4x3e,5.47
6ugn,6.12
2zmm,7.6
3dxj,6.22
4j26,5.44
1pyw,7.7
4lwv,8.22
5o58,6.72
6gon,5.67
5f01,6.38
5jiy,6.27
5kyk,5.8
5kkt,9.0
5ux4,7.05
4zw7,4.72
4iwd,9.0
3ck8,3.84
4hy5,8.89
3eyl,6.6
4joj,3.96
1nw5,5.21
4xy8,6.4
5lwn,7.77
3p1d,2.64
4cd0,9.7
1s39,7.7
2clm,3.55
3zi8,5.66
2is0,6.7
1w2x,5.14
5w5s,7.77
6i14,5.82
5t2t,6.29
3h98,8.3
2gh7,13.0
5abp,6.64
3kec,7.24
3lw0,6.4
2np9,5.57
6boe,5.54
5swh,7.59
3eu5,7.49
5wb3,7.22
1sv3,4.35
5tur,6.05
6cwf,7.54
6hoq,6.39
5aer,4.4
1v11,3.98
6hkx,9.34
4i1c,8.1
5ukj,7.16
5wip,4.71
3vqh,5.92
5odu,3.28
5mpk,8.52
4jfs,5.27
4rpn,6.96
2j9a,5.89
4wtu,9.52
5jer,3.7
5fos,5.74
4h36,4.27
4cqe,8.43
4qiy,7.3
4gk2,8.8
2uzo,4.57
2on3,9.0
1b2h,4.54
3nww,8.15
3coy,6.02
5wmg,8.21
6bh1,7.22
6f7b,8.89
4umr,3.8
3gqz,2.17
4qga,7.92
5j1x,5.52
2zq0,6.82
2fwp,2.92
4x5z,7.63
3f2a,7.24
4bqh,5.59
5i23,7.29
3d6q,3.76
3udr,4.96
2zfs,6.54
2hzn,7.39
4e3n,10.3
2am4,3.72
2weo,6.93
5wfc,4.9
1p0y,1.0
6mlh,3.67
2fb8,9.8
6a73,6.48
5oax,7.57
1gz3,3.7
4ye3,8.37
1pb8,5.15
2afw,4.77
1iup,2.54
6fi4,5.66
2qd7,9.1
188l,3.33
5x9o,5.3
4k8a,4.02
1h60,4.7
3syr,5.1
3u93,6.31
1kfy,5.28
1okl,6.03
6drx,9.24
6n9p,8.4
4llj,3.42
4kn0,7.4
4rxc,4.48
6g8q,4.72
1fo0,5.59
2bpx,9.4
2j47,5.41
4hbp,8.42
5h2u,8.15
6e83,4.54
5ukm,7.52
4ra5,8.4
4fxz,7.03
5ngb,7.72
3kf7,7.4
2ycr,7.16
3ua9,7.25
3otf,6.08
4gv8,6.49
4lgg,8.52
3t1n,6.1
1gt5,6.1
5za7,5.87
6stl,8.8
3w2p,5.09
5aaf,7.44
1waw,7.89
4e5g,4.67
2vt3,4.15
2qm7,5.89
5cyv,4.96
3gta,4.28
5jnn,5.35
5cgj,5.22
2b7a,9.0
5eci,3.8
6c7g,7.74
5ypp,4.64
2xog,3.43
3q4c,6.43
6hvs,5.23
2g70,7.77
6mnv,3.37
4del,7.68
5d7c,6.85
4bqg,6.22
2c1b,6.4
2vin,3.0
1jjk,11.06
6hsk,7.03
4m5o,6.42
1h00,4.42
4y2j,3.1
4zxx,8.1
6n5f,6.86
5ncy,9.4
4hhy,8.72
2xtk,3.79
2zga,6.32
4rlt,4.96
6g6t,7.7
5c8n,7.55
5w0l,4.74
6n7z,5.55
2gmx,7.11
6sfi,7.59
3hky,7.1
1hvr,9.51
2bet,2.77
2pwr,6.59
4x6h,7.66
5hvt,7.26
2nn7,6.52
2pqb,7.2
3ni5,7.55
1jif,6.2
1il9,3.4
3ubx,7.6
4j46,5.28
2r02,5.1
5jga,8.64
6om2,7.75
3piy,6.54
3lfs,5.6
2yog,4.51
2r2m,7.33
1str,4.77
2xyd,6.82
1sqa,9.21
5kj2,7.82
1u1w,5.85
4aro,6.8
1h4w,4.66
1xk9,6.85
6axp,5.07
4lxk,8.4
4lh6,4.11
4zx5,6.19
4as9,4.79
5wkh,3.85
6f26,7.62
1hdt,7.76
3b7u,7.74
4p72,4.09
6pg3,3.32
6cdc,5.6
1lvu,5.32
4tvj,7.91
3v2n,6.1
5ant,6.36
5ei6,7.0
5mro,5.7
1py5,7.29
2bgn,5.7
1fq5,8.4
5wqa,7.96
4h3c,5.72
3vdc,4.92
4lpg,4.25
6q6y,6.0
4zz2,8.04
1gbt,2.0
6hkj,9.0
3gss,5.82
1kv1,5.94
3kn0,3.6
5y62,1.74
4oak,4.22
3opp,6.28
2ew6,4.97
4gk7,7.9
2x6d,7.92
3fej,6.13
4bci,8.22
5bnj,8.7
1noi,3.15
4gto,7.98
1dth,8.22
5ura,6.4
1k3q,6.52
5f8y,4.24
3t3c,10.23
6q4g,4.3
6qhr,7.72
1ewj,7.49
4loq,8.15
4std,10.33
6jsg,8.34
6qr2,5.49
6axb,6.3
6dug,8.27
5wtt,6.6
1ciz,7.44
2pvu,6.31
4o2p,6.7
3t9t,8.71
2bv4,3.22
4kon,6.48
5zh2,6.54
4e3f,2.52
4wci,5.05
5w4s,4.03
5zde,5.75
6isd,8.24
6r7r,6.33
5cc2,4.1
3h9o,7.15
3b3c,3.98
4mrh,1.9
6d15,4.48
6e5s,6.44
1o30,6.77
