PDB_code,-logKd/Ki
1w4p,4.74
4ju6,6.17
3m96,7.22
4eym,4.01
3in4,7.52
4cj4,3.36
4da5,6.44
3vb4,4.31
5zlf,3.48
2an5,5.68
5elv,6.8
4gj7,6.77
5m28,4.32
6e4a,7.36
2kwn,5.13
5mb1,6.6
5tyh,2.08
4xip,6.63
3wiz,8.36
3dpk,8.39
4io3,6.06
5l7k,10.37
1okv,6.17
2bve,3.67
5nwz,9.1
1wur,6.66
4oiv,5.08
6ow2,8.52
5f67,6.89
2o4n,7.82
2bqv,8.05
5akg,4.46
6rvk,6.36
5dp5,4.73
1o2w,5.85
5nud,7.49
1o0n,4.09
5umz,7.12
5laq,9.2
4yrs,3.07
5h1u,3.51
4zjw,6.66
2pj7,7.77
3prf,8.85
3p2e,6.22
4qp1,3.61
5nt0,6.55
4n7e,6.48
3hfj,4.44
6c5k,7.16
4bt9,3.84
3d27,4.25
3s3n,7.06
6f2n,6.7
3btl,5.96
2ydj,8.3
6fr0,6.84
4own,4.22
5yid,5.4
6u8b,6.37
2ddf,7.39
3t0d,2.37
3t8w,7.54
4mvy,7.54
1gx4,4.28
6cyd,8.7
1ol1,4.68
4b0g,7.82
4yve,7.0
5tus,4.43
4xpj,5.09
2o5k,7.82
5eif,2.55
5i23,7.29
2xn6,8.8
4lkt,5.9
1ecv,4.85
1jm4,5.0
2imb,4.22
2pj8,7.74
1xot,5.42
1fcz,9.22
6qyp,7.15
2xpk,11.3
1o86,9.57
5ly2,7.92
2w6p,6.48
3zlo,8.82
4mm5,7.74
4jr0,8.2
4fyo,7.33
2kdh,2.96
4au8,6.26
4yyl,5.01
4bzr,7.6
4qtn,6.85
2vk6,5.3
1g5f,2.64
5n20,4.21
3q4j,6.21
1zsh,7.07
3qkk,6.52
4fse,7.4
4e1m,7.26
1qbq,8.3
5tqe,6.72
4lwc,6.72
3hmv,7.3
5o87,6.61
1azg,4.8
1heg,7.74
2uw5,7.51
5j4v,5.85
6f28,5.67
4gy5,6.82
3iiy,4.8
5orr,3.77
4e5d,6.22
5qai,3.82
3e3u,7.89
2q7y,4.3
3hs4,8.0
2fj0,7.66
3mkf,4.77
2vqt,6.0
3gjt,6.77
1ow4,5.68
4hhz,7.72
3q0z,7.7
3ckr,5.3
4kfq,8.23
3ob1,5.42
4xu0,9.11
6d3x,10.29
6ex0,4.03
6mlf,4.28
4egk,7.72
1rry,4.1
4wvl,6.88
6c8x,12.3
4azc,5.86
4jju,6.29
5tx5,7.8
4gqr,3.96
4xhl,4.43
5os8,3.98
5mpz,4.07
4zjj,8.0
4wym,4.0
3cr5,4.19
6q36,7.6
4h36,4.27
5vd2,7.1
5dgj,4.73
4zwy,8.7
4cs9,2.1
3kvw,6.89
5nk6,6.8
3khj,7.55
1tvo,6.85
6f7i,7.85
1lst,7.85
2azm,5.66
4elg,8.16
3dcv,8.52
5zaj,7.38
2i0h,8.05
4djo,11.52
1xt3,5.7
5kbq,7.0
4l1a,8.27
1q1m,5.16
2a4l,6.4
2a3c,4.43
1x76,8.72
4mwy,7.05
3n7o,7.14
1qfs,9.48
4leq,6.54
5i3m,7.4
3l5e,7.57
2iw6,6.85
6dat,5.05
2i0y,7.62
3rlr,7.52
6b27,5.03
3nin,4.91
2z5o,6.0
1sb1,6.89
6miv,8.15
5l2o,6.12
4u1b,5.31
4jt9,8.14
3p79,5.64
5uv5,7.7
5uzj,6.78
5q0g,9.74
3tkz,5.92
6i64,7.31
2zkj,5.48
5ot9,4.07
6ayh,5.57
1lrt,5.64
2wmx,6.07
4ucc,4.32
5fiv,7.66
4uvb,5.49
4j4n,6.88
4msl,6.15
6g93,7.96
5tyk,7.65
2x91,6.74
3bzi,5.74
2fw3,6.42
3qwc,4.26
4q18,6.13
5edb,7.0
6qri,4.82
4zro,6.16
3b1u,5.72
4g0c,7.92
2oax,8.65
5avf,5.49
4aif,4.84
5aqz,5.48
1x7b,8.39
5g1z,5.32
6n7b,9.22
5wbp,4.36
4bvb,4.48
5n0f,6.05
5n31,5.79
5zjz,7.37
3g34,2.96
1qng,7.89
3bi6,7.82
5gg4,5.82
1s38,5.15
4nra,4.19
3hiw,8.06
5c29,6.06
2xu1,7.66
4zw7,4.72
1gt3,6.46
4pxm,8.89
5vad,9.12
5teh,7.55
5zaf,6.78
4ran,7.15
4dkt,4.8
5lca,4.48
4kz3,2.77
5y7h,7.73
2srt,6.64
4jin,5.64
5abf,4.85
3l9n,8.07
3f17,8.63
3igp,7.02
5d24,5.24
5cbr,5.74
3s4q,8.4
6nnr,5.07
3eql,5.3
6sdc,8.9
1pa9,4.6
4zup,6.77
2x85,3.89
3g2k,4.79
5m44,7.4
1kel,7.28
3q2g,8.46
1svg,8.7
3uvq,7.77
5uvc,8.21
5n9l,7.82
5nx9,4.6
4x0z,3.15
2xzw,5.29
1bmb,6.15
4e5g,4.67
3uil,6.0
5tmn,8.04
6gbe,3.5
5aa9,8.19
1c8k,6.0
3dab,6.68
3kdd,8.46
1p5e,4.81
4cgj,2.84
5th7,5.16
4amz,9.82
4d63,1.64
4zly,5.46
4rj8,7.77
5wyr,6.39
2xeg,10.7
6r11,4.92
4j78,4.65
1jyq,8.7
1il5,2.66
1qsc,3.68
6egw,5.57
1b74,1.3
5nw7,5.77
5wcl,4.52
6s88,6.17
5h0g,6.95
3ckt,6.32
6mt5,4.49
1m5b,8.01
1oxr,5.19
2i4w,11.59
5ap4,6.46
5ggp,3.3
3guz,4.38
6gxu,3.74
3r0w,4.52
5xyx,4.84
6b1x,7.4
5aly,6.73
3tkh,7.33
1kvo,7.89
3ert,9.6
2vle,7.1
4b1c,7.1
4r5v,6.15
2y71,7.37
6mo8,5.84
4a95,5.76
4g0a,7.6
5n8j,5.54
4pyv,6.7
2bdj,9.35
4a23,5.89
4f49,6.09
6g5u,6.4
4ea2,6.44
5mw4,11.7
3udk,4.49
6n8x,5.7
2vev,6.52
5fq9,6.48
5may,6.48
3ozp,6.62
6g37,7.37
4ufj,4.28
3dp2,5.82
5am7,7.19
6d4a,3.93
3nif,5.1
6fky,6.49
5u12,5.07
4qw6,5.85
3s78,6.47
2nq6,5.82
4l0l,7.27
2uzd,6.74
4mu7,8.85
1yt9,8.3
4uv9,6.01
5qas,3.72
3bbt,6.15
6mm5,4.54
1p1n,6.8
1zs0,6.15
6eo9,6.8
1fv0,5.93
6q9w,6.24
2oa0,6.92
8abp,8.0
2bza,2.8
2on3,9.0
5t9w,5.59
2is0,6.7
6d19,6.61
6fgy,7.15
6b1w,7.37
6exj,4.33
2pre,6.65
3s0j,3.77
5a3x,6.1
1fzk,8.4
2pk5,10.7
4ty6,7.52
5alr,7.07
4jfi,4.74
1o2j,6.92
5zz2,8.85
4kpz,2.71
3mmf,7.43
3zrc,5.27
2wb5,9.13
1ele,6.85
6fmc,5.88
1jfh,2.05
2qtb,8.32
1csi,8.8
4x5z,7.63
6p3w,6.26
4yux,3.74
4f9u,6.03
1qy2,5.74
4l2l,5.7
5d7x,4.82
6j0o,4.92
2y5g,6.84
5j7s,7.3
3prz,7.59
5vcx,5.55
4x3i,3.17
3uod,7.31
5hu1,8.66
6gfs,6.54
1oiq,5.54
6np2,6.8
4muw,8.01
5ixq,4.7
3ewj,6.84
4qvp,6.05
6czu,6.32
4zsp,5.74
3cr4,4.28
5hdu,9.0
1ih0,5.0
1x1z,11.06
3nfk,3.8
5ku3,4.89
3oys,8.05
1lhw,9.08
2bbb,8.62
6phr,6.7
1o5e,5.74
1bqm,7.35
3hdm,7.4
3pb8,5.24
3wkc,3.71
6e6j,8.1
1m7d,6.23
2k31,8.7
4mk2,6.14
4l19,6.1
3hc8,8.54
3hk1,6.17
2ow1,9.0
6esm,5.53
5u4f,6.33
6n97,5.15
4k60,3.24
6mso,5.42
2y76,6.36
3uyr,6.9
2gh6,4.95
5ajp,5.3
2j4q,4.46
5svk,8.48
5kzi,10.0
4fcb,8.54
1ql9,5.35
3f3v,7.14
5fni,3.48
1p6e,2.92
4ceb,2.97
5owl,5.92
1tyn,9.7
4ng9,7.12
4al4,6.89
5oxg,5.89
4xe0,7.72
4y32,4.05
2aou,7.73
3tl5,7.85
4htp,5.62
6i74,5.47
2clx,4.88
3b8r,9.22
5ant,6.36
6eyb,5.37
6b2c,7.03
4abf,4.62
6f3f,4.52
2w5i,4.54
4llx,2.89
2bkz,8.15
2zgx,6.74
5ivs,8.21
1izh,7.7
3sdg,5.55
1x7e,5.97
5k0s,8.22
1kc7,5.52
3wk4,5.13
2imd,8.3
4kcx,4.43
4xy8,6.4
4bcd,7.48
3r21,6.74
4twc,7.4
5nho,9.52
3ip6,6.6
3e2m,9.4
6exm,5.52
3kdm,7.0
2ohv,6.46
4d3h,6.43
3le6,7.46
4why,8.1
1zxv,6.1
6i97,8.18
5y3n,7.1
4nzo,6.77
6qk8,4.85
5hlw,7.64
5mwp,7.5
4ek9,4.42
6iou,3.73
1zgi,5.34
1a28,8.29
3as3,3.8
8hvp,9.0
4drm,5.24
4whh,7.4
3k3a,7.08
5v3y,6.72
1zpa,8.4
6gnw,4.99
2qhy,7.48
1mwn,6.7
5yvt,3.96
5efa,4.83
4poj,8.1
4akn,6.1
4ux6,5.92
3u3f,5.1
6oah,5.82
4l4l,8.3
2y68,3.6
5g46,2.6
5bvf,9.72
3nuu,3.77
4dhf,7.55
2fo4,7.22
3zze,8.89
4aa2,3.97
5v8q,8.44
3cwk,6.6
5lvr,3.6
3pwh,8.72
1s3k,6.62
3su1,6.68
5ti6,4.68
3zv7,5.92
1o36,5.96
1juy,7.66
6cbf,5.17
4jql,6.0
4wiv,6.26
1g7p,7.05
4tn2,6.92
6uyx,6.0
6pz4,9.4
4cgi,3.12
3o75,6.68
4y8z,10.4
3g08,8.16
4byi,8.05
6ej2,7.8
1o4b,5.7
4l9i,4.89
5l9h,6.4
1eed,4.79
3thd,4.05
2rjs,2.28
4m3e,6.25
6fa4,7.29
2hdr,1.72
1nq0,10.32
5d2r,5.82
3k97,8.0
2r0z,5.47
6pyd,6.81
5gow,4.45
3zke,6.8
6p3p,6.84
3nex,6.0
3agl,7.8
3at4,8.1
5dry,7.7
5ia2,7.72
4ovf,4.13
3fcf,4.4
5mym,5.41
5c7d,5.11
2wj2,8.33
3d83,8.36
3sna,4.14
6ftp,5.82
3spf,3.86
4q0l,7.7
2l7u,3.98
4ee0,8.63
4nkt,5.97
1li2,4.04
1tv6,5.4
2qt9,8.64
6mle,9.0
5v19,3.3
4o7a,4.72
4qsh,5.1
5jox,4.46
4aqh,6.54
1xn3,7.4
1l7x,4.04
2vvs,7.34
5ndb,4.66
1xzx,10.22
4nks,7.17
3tz2,5.24
6aej,6.15
3d4f,7.72
4a7i,8.7
2l98,3.61
2ole,7.25
3d3x,4.16
4nj9,6.97
5wr7,8.96
5hg8,8.52
2vx0,6.24
4mjo,6.22
6pf5,4.96
5e0j,5.21
4ezq,5.2
6cb5,5.37
5ddc,7.04
2iwu,5.92
6n4b,10.01
4oti,7.37
2l8j,5.52
5oei,5.8
2wk2,6.82
3hyg,7.03
2zgm,1.79
6mrg,7.55
4rkx,5.1
1gt5,6.1
4ztr,8.3
3wv3,7.62
6ft4,6.63
4kc2,3.31
4kab,4.03
1t31,8.64
1wbn,6.46
1ga8,1.8
1gvx,7.22
1uu9,5.4
4h85,5.15
5u6d,8.59
5mw2,8.52
3sus,4.15
2xoi,3.34
4bs4,8.22
4kwg,6.0
4l31,6.79
2yek,7.21
1tmb,6.74
3b1m,8.48
6c7q,9.15
1kll,5.2
6npf,5.85
5bnr,6.28
5xzr,5.49
4ymq,5.8
3r88,4.82
4urk,5.96
4tjz,5.97
5tzc,8.1
6c9r,6.71
2zxg,8.82
3mj5,6.49
4p4f,6.77
5oq7,6.49
4dhl,4.48
4myh,4.64
6bj2,5.4
3uol,8.51
3o9h,12.1
6i10,4.53
3ske,7.77
5twx,7.52
4ocp,6.1
3arg,7.26
2wjg,7.1
1ow7,5.4
6oxq,11.3
4nj3,6.52
4knb,7.33
4za0,7.21
5sz7,9.7
4jia,9.22
1zky,6.25
4b5w,3.33
1xur,5.18
5lma,6.6
4y46,7.96
5eml,7.64
3f3u,4.74
3zj8,3.9
4yrd,4.57
2p95,9.37
1yej,7.46
6mo0,6.23
1tjp,4.42
5ixf,5.52
2qtu,9.28
5jn8,7.3
4uda,7.59
1i72,7.26
2hzn,7.39
5ohi,8.47
5kcb,6.0
3ujd,4.69
6peu,5.89
4o44,7.85
4lqy,3.89
3sxf,8.6
4f9y,6.74
1kv1,5.94
1apv,9.0
4a9s,7.21
3hp9,4.59
5vr8,6.87
4idn,5.24
6i8z,7.8
3ejp,8.55
5o1s,3.65
4dv9,6.72
3img,2.96
1owj,7.32
5ejw,3.3
2wec,3.96
4ui6,7.06
6e1a,8.85
5lvx,7.25
5he0,6.82
3alt,2.92
3uza,8.94
6fu4,6.19
4xxh,5.0
4zt8,4.39
3tt4,8.28
1oar,7.4
6dub,4.74
2h65,8.19
2b1r,1.0
2vd7,5.38
1prm,4.23
5osl,3.43
3atw,7.01
2p8h,7.15
2bt9,6.19
4xrq,6.63
1x8s,5.1
4ieh,7.85
3uvm,7.52
1ga9,7.08
1f0u,7.16
3vw1,4.67
6r8q,6.92
6d5h,6.92
2ff1,8.21
5o1h,4.85
6bw4,5.5
3q6z,3.72
3hv5,7.02
2gz7,6.52
4djh,9.49
4y2v,4.04
2g1y,7.05
7hvp,9.62
6eiz,6.22
2jfz,5.24
4cc3,4.14
3ddg,6.0
1o4p,2.6
3qin,6.87
4eh7,3.28
1q1y,7.7
3ft4,5.93
2y2j,4.8
8gpb,3.6
5etj,10.18
5thn,4.02
3qt7,7.31
3lnk,5.94
4mrd,3.37
3pup,8.22
5t2i,8.7
2sim,3.42
5cf5,8.6
1dmt,8.7
3veh,4.96
4kp5,6.08
4ts1,4.94
3rwg,8.55
3sov,4.21
4amw,1.55
1yly,7.82
4ei4,8.74
1pun,7.28
1r5y,6.46
4yje,4.84
4fli,5.44
5t7s,4.1
3m9f,11.15
4lj8,5.82
2yiv,2.78
6t1n,5.46
2xdw,8.37
4nbk,3.87
5csx,8.22
3kqm,3.77
2pqc,5.74
3sw8,4.5
4umq,5.38
2k46,4.58
1qnh,6.06
3rhk,6.26
5xyy,5.04
4rdn,5.92
1ucn,5.22
4yyi,4.19
6hgg,5.42
5tz3,6.85
1wbv,3.79
3rdh,5.03
6g9n,8.52
2jsd,7.77
1onh,8.21
1xr9,7.15
1sqi,7.7
4jps,8.3
6d4q,6.08
4yik,6.89
1k1o,6.17
2q95,5.8
1ao0,4.96
2d0k,5.02
1dhj,6.55
6ami,4.52
5lsh,3.39
1g36,7.17
1eol,13.42
5ioy,5.22
2jdo,6.64
4zom,8.52
1jmq,4.4
5jlz,5.82
1joc,4.62
4re9,4.92
2viv,6.28
5tuz,7.4
3i0r,8.52
3fh7,7.6
1pb8,5.15
4ezr,5.2
4aze,8.11
3iad,9.0
5iw0,7.22
3ioc,3.68
1w8m,1.6
5m4i,7.89
6bm6,4.68
2jqk,3.4
2ews,6.62
3r6t,5.86
1yon,4.21
6e6v,7.77
3ual,5.81
1ikx,8.15
1vjy,7.64
6e9a,11.92
5nwb,7.8
1fj4,4.59
5ho7,4.77
1jwt,7.85
1oky,8.19
5kww,8.13
3fl9,1.11
4h39,6.68
5zo7,9.0
2qnp,6.41
5cei,8.28
3qrj,8.4
5t8r,4.29
3gt9,3.96
4b13,5.7
1q4x,9.48
4hws,9.1
6cgp,7.12
6cnj,8.11
6mim,5.7
4lp9,6.21
4b8y,8.05
1v2h,5.3
4rcd,9.15
5wa7,6.4
1uu7,4.85
6cjh,5.42
5kqx,8.44
5ayt,6.77
4m5g,5.01
4d1a,4.72
1hk5,5.24
3e6v,6.83
5yjo,7.17
4jne,5.86
5gx7,5.56
3qpn,7.77
2r23,3.72
4eg4,7.89
2cfg,7.44
5e0h,5.62
4pd7,3.92
4lq3,6.35
1d6s,4.11
2f9k,7.07
3wq6,4.59
3rz9,6.92
2jup,3.81
3kqs,5.2
5flq,2.97
4a7c,8.22
5l2z,10.22
5i88,6.6
4uxq,7.8
5o45,8.05
1bxl,6.47
3qel,6.49
5acx,5.05
2wer,7.05
5zni,4.39
5j6n,7.77
4lp0,8.0
5qb2,4.15
4deh,6.21
3u4w,8.4
4rrr,4.44
5abh,8.77
5njx,4.15
5ihh,6.41
4aua,5.14
5lne,4.76
3i8t,3.22
2qo1,5.57
1ebz,9.4
6ccx,3.15
3tt0,9.05
3u7l,7.28
2dw7,4.7
3hnz,7.72
1tq4,6.19
5lsc,4.7
4acf,5.8
4x11,2.22
3n46,4.3
4j3l,7.8
6ghp,9.36
6b31,8.44
1meu,6.1
2vgc,5.24
6mjq,7.88
1m6p,5.1
3nzc,7.02
3pkc,6.02
3wzk,7.24
5gjg,6.21
6fbw,4.78
3gur,8.0
4v11,6.49
2nxm,5.19
3aig,6.0
4ks3,6.37
3mhw,2.3
4uyh,6.3
4kzc,8.09
5bns,7.02
3uvk,6.8
6eq4,5.62
5iez,7.64
5u5t,5.41
5j59,7.3
1o3f,7.96
2kfh,2.62
6hdq,7.0
2w2u,4.46
5nka,5.46
1d4k,9.22
5a5s,5.9
2or9,6.3
2w1c,8.0
5jr6,4.69
3nnx,7.96
3ugc,6.02
6bky,6.57
2fle,7.85
4hzt,6.12
4z8d,5.22
5otc,4.71
4aaw,6.3
3mof,3.07
6gj8,5.87
2hds,2.0
4ir6,6.08
5ta2,7.96
4r1y,6.4
4zts,7.6
5dw2,5.84
5fls,3.04
1ypj,7.02
3uo6,7.82
2xaf,4.64
1uyk,4.77
4r0a,4.26
5afj,4.38
2b9a,8.05
6q74,8.2
4hz5,5.92
1cil,9.43
6keb,4.39
4cwt,6.75
2r02,5.1
1u0g,6.15
2uzj,4.57
6jwa,4.96
2j7d,7.13
6a06,8.47
5ksu,4.08
1siv,8.08
4fkk,9.3
6hk6,6.41
3fvn,6.77
5ggk,3.54
6oa3,6.4
2yc0,2.82
3wgw,5.89
4nro,5.02
5nra,6.91
2qe5,5.79
4i0f,6.35
3dne,5.22
3eyl,6.6
4zh4,4.22
4abk,5.72
4xg8,8.72
3vyf,8.8
4y94,6.62
2vi5,3.96
4dgn,6.46
2i19,7.8
4gxl,5.28
6pnn,5.16
6nem,7.92
4ipj,4.87
3ehy,5.85
2vzr,4.28
1al8,5.32
2ynd,7.49
5izu,7.27
1o9d,5.6
4m2w,7.28
4pcs,7.85
4o2a,5.74
1rsd,6.52
6ct7,7.0
6ayt,8.85
4bw4,6.2
5c4l,5.64
3m5a,4.96
3coy,6.02
3cfv,6.05
5eom,6.39
6jmf,8.59
4r0i,6.52
5v7a,6.38
2bba,7.15
6n83,6.27
5tt8,6.5
3zha,6.0
3pz3,6.85
4jjm,7.57
5t52,9.28
6ccy,8.52
5axq,10.1
2oyl,6.3
6hti,7.01
2pze,6.08
1sqb,7.95
1iem,7.7
1bp0,5.4
4b7j,7.95
3d7f,9.3
2ohu,5.38
1u71,7.48
5kup,8.14
3ueu,5.24
2mwo,4.7
5eto,5.57
4k3q,3.94
2ykc,6.11
3ohi,4.85
1zz2,5.22
5icv,5.62
3b67,8.85
4d2t,6.0
6a8n,7.82
5lg3,3.8
5c8n,7.55
5wb6,10.7
4zqt,5.64
2bxu,7.15
2c9b,5.54
6gdg,8.74
3i4y,7.05
5xst,7.57
5c4t,7.66
2n0u,6.22
6s90,7.89
2f3e,6.81
6hwv,7.08
4nmq,4.49
5w19,5.3
1p1q,4.89
1e4h,8.41
3wf6,7.48
2gvv,3.9
1x39,9.22
3ed0,6.35
1bma,4.59
3mw1,9.09
2mwy,6.82
3nam,8.46
3iqi,4.41
4fci,1.26
4clz,4.37
2z8e,8.0
220l,3.4
5tyo,8.21
3h0w,6.22
4rxa,5.74
3ft3,7.36
5foo,2.62
3d78,7.64
4nxs,7.37
6ezh,7.04
6nzv,10.17
2hxm,5.22
2q7q,5.3
4udb,9.15
6qcg,5.14
4kzl,6.15
5i7u,8.77
3daj,5.54
5hvp,7.7
6jdl,4.89
3pwd,6.66
6fv4,2.92
6o3x,6.25
6h7y,9.46
3su5,5.58
2clk,3.79
3g5d,7.96
5llm,5.35
3r93,6.51
1nzv,6.4
4krs,6.52
4y2u,3.24
4p72,4.09
2xxn,6.41
6suo,9.4
5wuk,7.85
4lp6,8.27
1lt5,2.7
1hef,9.0
2xpc,3.9
3ncq,5.36
2wtv,8.74
5fbn,9.57
2ltx,5.39
5qcn,8.22
5ewj,6.89
1e5a,7.64
6boe,5.54
1m0n,2.22
2e1w,7.96
6dq6,5.07
4mse,6.16
4lop,8.15
2c80,5.33
4wpn,6.68
4u5t,6.7
6pg6,3.7
4e4a,2.05
3wth,6.29
4u0m,5.77
3frg,8.4
5xgh,5.99
4erz,7.06
1o47,8.4
4x21,7.44
6hv7,5.19
4z7h,6.66
5epk,5.74
4iur,5.58
1ppk,7.66
3c2o,3.35
3p8o,8.72
6bw3,5.53
5l2s,7.08
4aoc,4.27
5jmx,5.09
6mmq,3.62
2xg5,4.66
4hdf,8.49
5dhp,3.85
5fqp,7.72
6b97,6.63
3mrx,3.39
6nzt,10.2
6o4x,7.4
4o4y,7.81
4hki,6.85
4wuy,7.82
3p78,6.96
4j0y,6.36
5iyy,4.77
2ow9,7.52
6en6,7.94
5w6e,8.04
2qrl,4.0
3n3g,7.24
4i9r,6.95
5c2e,8.7
5t1u,7.16
4a2a,4.35
6hvv,6.67
4g2r,4.45
4ish,8.72
2e5y,5.85
4jq8,8.1
6ugp,6.16
3w2o,5.08
6qxj,4.79
6m8d,5.14
2bq6,10.15
3bwj,6.5
4uxj,5.42
1kdk,9.05
1mai,6.68
3iqv,5.18
6gfz,5.51
4q15,7.96
4lys,4.34
5th4,2.85
6jpj,8.21
5j75,6.82
4c4i,7.66
1c8l,8.16
1ch8,7.0
2rcb,6.79
6sbt,6.78
4a9n,5.82
6f5m,6.3
1bcj,3.7
6bil,6.24
6i77,4.96
5btv,3.85
3pck,6.7
1i7m,9.64
5wlo,10.82
6bik,8.19
1nt1,8.89
4tw8,5.58
4obp,7.77
1yt7,9.89
6pl1,7.65
1gjb,6.35
2j7g,7.0
1a99,5.7
2rkf,9.08
5eei,9.22
4rrq,5.47
4mpn,6.62
5iz6,6.64
6cks,7.82
2qrm,4.03
5u5h,5.89
6csp,8.52
4r6t,7.52
3v2o,5.31
5hmi,7.82
5nap,7.95
2gmx,7.11
2k0x,5.68
1t4e,7.1
1syi,5.44
5anu,9.4
4der,6.31
3pcg,2.3
2web,5.12
3ryj,7.8
4r5n,7.12
6drz,9.8
3moe,4.3
5mwz,5.15
1ai5,3.72
4pzw,6.96
6ft3,6.42
3idp,8.8
4qh7,5.94
5gn9,7.05
6d5e,6.85
6ckc,8.22
4yxi,6.5
3txo,8.05
3gba,9.07
6jid,5.08
2c3i,7.6
4d4d,5.96
5w6r,7.57
1rbp,6.72
2yak,8.7
6bqk,9.0
5aml,9.15
3t08,3.04
5o1a,4.52
1ghw,4.2
6c5j,7.16
3ovz,8.06
1o48,6.35
1fq6,7.86
5vsd,7.24
3zls,4.4
4ezz,5.19
5hrv,5.29
6fzm,6.04
1kl5,5.99
2j4i,9.0
2kbs,5.0
4jyu,8.0
5yqx,6.96
3fty,3.21
1rs4,7.17
4eky,3.52
4i1c,8.1
6c7i,9.42
3efr,5.08
3lgp,8.7
3ejr,8.57
6r4s,6.39
4g31,9.4
5xpi,5.28
5x8i,8.7
1swr,6.92
3chg,3.99
6biv,6.52
4b0c,2.07
4e3f,2.52
1htf,6.83
6dak,5.14
4mpc,6.15
1fzj,8.1
4az2,7.33
1r5h,6.74
5gmp,9.1
3ipb,6.7
5jvi,6.51
5n4t,5.97
4yur,9.8
4ozo,3.83
3kek,8.36
1elr,4.96
4gr8,7.83
6evn,4.71
5fnd,3.49
5g3m,5.66
3q3k,8.13
5lyn,5.04
6nrf,7.74
6hh5,4.27
2frd,4.54
1apb,5.82
5iep,7.0
6dyu,10.26
1kqb,4.0
2l65,4.22
3fkt,5.55
1r78,8.52
5aeh,7.43
3gi5,11.22
4gue,5.24
3ehn,1.92
3nzs,7.12
6g3q,7.24
3lir,6.92
3cen,8.26
3kaf,6.08
3str,8.4
4ipn,3.39
4c68,6.17
4o3f,5.56
6mo9,5.81
5ivt,9.1
4agc,10.7
2hkf,6.38
2flh,3.97
1o2v,5.85
2oxy,6.52
3fk1,2.62
3f18,7.4
2lkk,6.7
4m8y,9.96
3ovx,7.51
4e90,8.1
4eok,5.07
3h9f,7.92
6i0c,6.85
5ekm,6.32
1h61,4.89
5kej,5.11
3ds0,4.83
6bee,4.66
4acx,7.11
4bch,7.66
2y9q,6.15
2w6t,8.57
4m0r,5.21
4wcf,4.28
6e0r,7.7
4daf,7.12
1yye,8.57
6mhd,7.29
4k5m,3.71
5xvg,8.05
3ppk,8.85
6msn,4.95
6g3a,8.38
3cct,7.56
6g2e,5.01
6bqg,8.93
5kk8,5.84
5zdd,5.75
3ftu,3.61
3vbw,5.22
4cwq,7.06
4lkm,6.34
1jg0,5.3
4rqk,5.82
5ehn,11.64
2w8w,2.12
5ygd,7.27
2xiy,2.44
5j6d,8.22
3pa4,8.52
5tq8,7.64
3cyw,7.77
4ojq,3.3
1npz,7.89
3e4a,8.77
1rr6,10.25
1aq7,6.05
5iy4,4.81
4wy6,5.97
3eq7,9.09
5k0t,5.78
3hb4,9.05
3el1,9.64
5j82,6.0
3ken,5.4
1w84,4.46
4kz7,2.49
2aie,5.66
1x07,3.28
4gsy,6.92
6fdq,3.95
1way,3.4
2nn7,6.52
5diu,7.37
4jls,5.66
5mev,7.0
5ijp,7.15
5j4y,6.05
4pow,6.3
1g4k,5.7
6ela,7.59
5sz3,8.6
5aan,4.15
3qpp,7.92
5qb1,4.7
5mme,5.85
5wvd,7.68
6gzh,8.27
2rcx,9.0
6rz6,8.54
5vd3,5.55
4oex,5.84
2p09,6.35
3p0g,10.08
4qjr,7.1
4ijl,3.87
6i5y,8.54
4i9u,3.86
5owc,7.59
5n8b,7.37
1zzl,8.3
1q8u,5.96
6cbg,3.95
6hai,7.94
4ohp,7.46
2pu1,5.85
6da1,5.05
5oha,4.89
6s57,5.1
4cqf,4.3
4fgz,2.87
4rn1,5.0
5upz,9.2
2w67,4.96
6qme,4.36
4lte,7.22
1v0p,6.89
3m3c,4.06
5dxu,8.4
6beh,4.09
5ldp,4.17
6mhm,7.54
1sqa,9.21
6hs4,5.51
3bzf,4.52
5b5p,9.7
4bkt,3.62
1fkn,8.8
6dpx,5.89
6hx8,5.89
3vjs,6.19
5yft,5.0
5d21,8.38
2qd8,9.07
4hw3,6.49
5khi,6.77
1bxr,3.4
5afl,3.4
6bid,5.54
6uil,7.1
1mau,11.3
3zcw,6.19
5o4f,6.68
1u9v,8.22
4io6,4.82
1mem,7.94
4dhr,4.57
3rxf,2.6
5ll5,6.04
2k62,4.7
6axp,5.07
4dvi,6.72
2zmj,7.52
4qlq,8.18
2fjn,7.41
6aad,2.79
1fl6,7.43
4hbm,7.92
3gdt,7.19
6eyz,8.1
4d09,8.77
2bzz,6.43
5nk9,6.14
3wto,6.92
1nhz,6.08
6h52,7.17
3i5r,4.4
4ocx,11.44
6equ,6.38
4pnm,5.85
3bxh,4.03
3t3e,5.99
4x1n,6.42
4rlp,8.14
4bh4,1.49
3e7o,6.92
2i0j,8.57
1l6y,3.66
6oxp,11.0
4yh4,4.59
3kab,3.2
5i3y,9.4
4l70,5.66
4b2i,3.0
6c28,4.17
1o0m,5.15
4k9h,7.12
3rme,4.66
6fob,7.63
4llj,3.42
4xuh,5.73
3c52,7.3
4mm9,5.68
4m7c,6.12
3fu0,2.28
5xp7,4.42
3q6w,7.57
5b25,10.24
2ajl,7.89
2e95,7.1
4er1,6.62
5izf,9.74
3p17,4.48
4av0,6.98
5c83,6.8
4xqb,3.79
5v13,7.63
2oym,5.0
4xuc,5.96
2pvk,8.3
5uah,3.4
3hnb,5.11
3bcs,5.21
4gtm,8.04
4ryl,7.28
3rup,1.57
1mwt,1.88
5ism,9.15
1yp9,5.11
5mte,6.78
5jek,3.98
2w6z,2.82
5uis,6.84
2tmn,5.89
1g7g,6.6
1w83,7.19
6qlp,5.28
5mrp,5.52
4i80,7.62
5t68,7.64
4rs0,6.0
3nuj,9.39
3nw6,8.15
5wg9,5.59
5i83,5.39
2zyb,7.7
5lvl,5.9
1y91,7.23
4nh9,6.43
5b0x,7.7
1pau,9.46
4prb,3.88
4agm,3.98
4mwc,5.87
4xsx,5.0
5mwo,3.21
2j4z,7.19
4ge2,6.05
2h2d,5.37
5hg5,8.7
1u9l,5.02
3ifo,7.26
4ia0,7.11
3vtb,9.3
4b74,7.66
4og6,6.71
1hi3,4.19
6r13,4.7
4ap0,8.0
1aj6,5.92
2ay8,2.24
3olf,7.7
4ju4,6.47
3hxf,4.96
5m4f,7.89
7cpa,13.96
1cin,8.73
5oot,7.55
3oxz,8.07
1p93,7.72
2rcw,8.1
3r6c,4.72
4deb,6.43
4cwo,5.21
5vb5,6.46
3g2t,7.0
1haa,8.7
3wdd,6.11
1aht,6.21
4d83,7.26
1slg,3.9
1nnu,6.82
1sv3,4.35
5fxs,8.05
2jbp,8.07
5tyn,9.28
3tpp,7.82
3mtb,4.63
3bug,3.18
1lev,5.6
2i0v,6.8
6iar,7.6
4jss,3.3
5i5x,6.7
5yg2,6.89
3udh,2.85
3ctq,7.4
2v87,4.6
4xm8,3.02
6mul,8.2
3lbl,7.44
4qqi,5.52
5gvm,6.73
6f94,7.0
4od9,7.24
4x8o,6.6
1sps,8.52
2oyk,5.3
1oe8,5.52
3sjf,7.64
4rse,6.4
5odu,3.28
5q0r,4.57
3bh8,7.95
2ity,7.27
3nga,8.0
5ieo,7.0
3qps,5.6
3o5n,4.76
1pu7,3.1
4gng,3.54
6acb,9.41
1fwv,3.72
3lpt,4.91
4cjr,3.1
3dcr,8.2
3acw,4.76
4oq5,6.3
1pl0,8.22
4dxj,7.42
3hav,3.77
1qj1,8.05
6o0m,9.34
3e8u,9.42
1h39,6.54
5zoo,5.65
4a9c,4.61
1ntv,5.82
5w85,8.0
3zns,7.41
4ycn,7.77
2r5b,8.6
1vj6,5.1
3zvy,5.1
5u7l,6.37
5jsm,6.59
2vot,7.14
4prd,4.6
4zh3,4.4
4lwt,5.41
4uwg,8.15
5nut,7.92
6tim,3.21
5n69,6.54
1b6h,7.82
3o64,9.4
6p3v,7.02
3ro0,4.5
5ew0,6.59
4a4v,6.54
2yq6,7.35
2ccb,7.45
4lxm,7.06
1pum,3.05
4bcp,6.25
4o04,6.16
6chh,5.57
4d8s,6.49
2rol,4.62
1nzl,7.15
4qna,4.64
5ayf,4.82
5etl,4.64
4m5h,4.54
5hdx,7.32
3wnr,6.28
5kv8,4.84
4l7b,5.64
3o3j,6.4
2jq9,4.48
2uzn,7.52
4ynd,8.55
4x7q,7.85
3po1,4.02
4bfr,7.64
2yof,4.6
1esz,6.52
1c85,4.64
4gah,6.1
2pix,4.3
3l0k,4.62
6nss,8.85
3qj0,5.2
6gr7,5.5
3d9z,8.7
5umy,6.97
2aq9,7.3
5k4x,6.42
1mn9,4.62
6udt,10.0
3k5k,7.64
6ck3,7.35
1l83,3.4
1r2b,4.94
2e7l,7.54
6peg,5.16
6hvw,5.55
6pg9,4.92
6dgz,11.3
5wae,6.8
6oy0,9.3
5qau,4.15
6bgg,4.02
3ril,3.84
1xm4,10.39
4i0r,7.85
5cal,7.66
3bl2,5.8
1rt2,8.22
4d9p,3.84
1il9,3.4
2xtn,7.4
4n00,8.02
2gvz,6.89
3kf7,7.4
1zz1,6.02
1lkx,5.15
6b1j,7.37
4twy,3.97
4csj,8.31
5kya,8.22
3h91,3.73
1igb,6.4
3bz3,8.82
5di1,7.68
3pr0,9.54
3nrm,8.4
1v0o,5.26
5tg1,5.82
4bcq,6.83
6clv,4.88
4bw2,5.2
5azg,5.54
5wyx,6.66
3cbp,5.6
6do3,8.03
6s1s,5.84
5wbm,4.7
4ln2,3.61
1n5z,4.36
1h1p,4.92
1wum,5.29
6e5x,6.12
4pp9,7.37
5q1e,6.92
3vzv,8.04
6fgq,7.85
6qfw,6.83
4y5s,3.73
1lvu,5.32
5lom,7.13
4tk0,5.55
3h6z,5.82
2ycm,3.56
1q6n,7.64
4r07,5.32
4qjo,7.4
1c5x,6.68
2wic,5.39
4wt2,10.42
5mgx,5.59
4jg0,6.76
3kgp,2.57
5vt4,4.35
4zx5,6.19
3ggw,5.54
6hm7,7.1
2fs9,8.52
2uwo,8.7
3o8p,6.46
3cm2,6.47
2xzg,4.74
3hig,7.89
2boh,8.52
6ssy,3.19
5gtr,7.17
5eek,9.1
5lpd,10.15
4x7i,7.69
1kl3,5.86
3kig,6.61
6jof,4.98
3as2,3.44
1uv5,8.3
5hjd,5.24
6f1n,6.26
6rot,6.32
5hff,6.3
5kj2,7.82
4uac,6.54
2osc,7.77
2ha3,3.03
6ipk,5.17
6gg5,3.65
1a69,5.3
3f5k,4.62
4qjm,8.17
3rbm,6.57
4pg9,7.8
5o22,8.0
2n06,4.92
2qbq,7.44
6g4n,5.64
4nan,4.72
3tki,10.3
4ej2,2.49
5g61,6.4
5ylv,6.82
4rce,8.7
5h15,5.8
5typ,7.6
4uit,6.7
1uu3,6.12
1y2d,5.7
5dp4,4.2
6g3y,5.89
4o7c,5.0
1ft4,6.57
1o39,7.13
1j1a,7.54
4qc1,4.99
3u6i,9.0
6ayd,6.3
6h4y,7.11
4meq,3.6
4gg5,9.03
6v5l,3.65
6fut,4.7
4fhi,7.0
4egh,3.26
2ohl,3.05
1ggn,5.51
4lnw,7.04
4ui4,7.35
4lpb,8.0
6mjf,5.16
2pj1,8.01
4iwz,7.29
5cs5,1.58
5maj,7.46
5m4k,5.66
4tz2,3.46
3ia6,8.52
1aw1,1.05
5tqf,8.3
4rd3,6.47
6iph,6.66
5jbi,6.92
5g5z,5.66
2wc3,6.08
5ajw,6.98
5wyz,7.68
1cze,2.62
2auc,4.08
5gwz,4.71
2g2r,7.89
1q54,5.85
1tom,8.3
2gnl,7.24
6nzg,7.7
5t4e,5.36
4m5k,5.23
5t4h,8.03
6dcy,5.46
3d6q,3.76
3c2r,3.11
1rxp,7.14
1tow,6.24
1qbr,10.57
5zyl,7.06
2hiz,6.95
4wx6,9.0
3m55,6.21
3pd9,6.22
3sv7,6.08
4a4q,9.4
4igr,7.2
4j24,7.3
4e6q,8.36
6qi4,4.37
1jiz,8.7
2puy,4.52
6f22,8.7
2jiw,4.59
1b8o,10.64
3u5j,5.61
5kq5,8.05
2iiv,8.18
4bdh,4.11
2q96,5.92
3pcn,3.66
5jt9,6.63
3hzv,6.52
3dm6,7.43
5c2h,11.09
1czc,2.82
3bh9,6.93
3blr,8.19
2ewp,7.1
3kqd,9.4
1fwu,3.7
6i5n,5.85
2ntf,6.52
3ecn,3.16
3cgy,3.15
5a54,6.15
3n1v,3.3
4hxm,6.1
2f81,10.52
3ipq,7.57
2f6v,4.43
4w9k,6.54
2uze,4.33
5ng9,6.72
5q0j,6.62
5ot8,4.2
3lhj,9.51
5op4,6.71
4ab9,3.33
4ty7,9.52
4ebv,5.38
2v11,8.52
3lxs,8.1
3d1v,3.49
3mjl,2.44
1l0a,4.62
5zjy,8.18
4fob,8.3
5n7x,5.24
3zlq,6.04
6g8l,5.0
1oqp,7.3
1x8d,2.21
5zdp,7.18
2oz5,6.48
5qaf,3.51
3nhi,8.43
4qxj,5.9
2hug,5.97
1oay,5.92
6css,7.6
5hfu,6.89
6ajx,5.04
2wf3,7.72
1yk7,7.72
5wfc,4.9
4xg6,8.01
4jfm,5.48
3wzj,8.18
188l,3.33
6czf,5.8
5o1e,4.48
5mae,6.84
3pa3,9.0
4x3r,11.07
3o56,9.1
5htb,6.77
3mvm,8.41
6gy1,6.3
1kjr,6.06
4uvx,7.96
6nzp,9.7
5xg4,5.15
3ivx,5.74
4es0,6.99
4yzn,4.81
4fhh,7.46
1o4r,2.41
4u0x,6.23
4q90,2.15
3mke,5.66
3pcf,6.05
3cwe,6.92
4x6k,5.31
1bsk,4.12
6qau,7.48
6ce8,3.41
1ywi,3.43
4crl,9.71
5g53,6.37
5v42,6.62
5mnb,2.48
3dc3,8.31
1zdp,5.74
6b5i,5.96
6mdb,7.17
5b56,4.54
1xow,9.28
4qpl,7.41
4gzw,4.52
2bow,4.0
3o0e,5.74
4x13,3.3
4oru,3.68
1k6c,7.48
2pyn,7.57
4lgu,8.68
6b5j,7.1
6f9v,6.76
3bpc,4.8
5dq8,4.14
4qsw,1.68
6djd,2.14
6hlz,7.33
2c1p,5.4
3rbu,9.43
3g0i,3.6
4hmq,8.24
6htn,6.07
5hd0,8.4
4ynb,10.37
1jlq,8.15
1z3c,4.0
2bxt,8.52
3gbb,6.9
6eq3,6.15
1qs4,5.64
4raq,6.72
3c56,7.89
4muk,6.6
5mw6,4.73
2f6y,3.87
5e91,8.4
4e3d,2.3
3blt,3.54
3jyr,5.54
5edi,9.52
4anw,7.74
3d1z,8.8
1bdq,6.34
1qvt,4.38
5en3,6.21
5t9z,7.19
4hup,4.82
6oip,6.92
6szj,5.82
4b34,3.14
5l8a,4.91
1l2s,4.59
4x6m,8.24
4tx6,5.59
6q6o,7.54
3tyq,8.3
2i2b,2.44
4y2j,3.1
5x9o,5.3
4zy2,7.22
5u1q,5.96
3ns7,8.33
2x6x,3.68
1p06,6.27
5mi9,8.35
6pf6,4.74
2sfp,1.7
4orx,3.53
3l58,8.1
4q6f,5.6
2w4i,6.3
4bam,8.94
2ei6,7.39
5c6v,4.8
4ntj,7.36
6e49,4.72
4zpf,6.74
5mja,6.66
1o38,6.82
4yc8,7.85
6gw4,5.92
2vxj,4.17
2zdx,3.19
5eob,9.62
4b4g,6.76
3nsh,6.33
4w9q,6.85
6d4o,6.28
4kp6,9.09
4oc4,6.98
5ura,6.4
5cgv,6.47
2ad5,3.96
3dp9,9.68
1gz4,3.7
3ubd,5.54
4no1,7.57
2vw2,3.3
5sz9,4.42
6rmf,8.0
1sc8,7.44
6rvf,6.14
6pve,7.37
5uq9,6.15
4epy,3.47
3m53,5.31
1ao8,8.22
2mpa,8.04
4fk7,5.24
4os5,4.63
2eep,7.06
1ro7,3.18
2er0,6.38
6fac,6.75
4mwb,6.49
2hvc,8.82
4yxu,7.24
1vjc,3.58
6hy7,5.57
3qpo,6.61
4oc1,6.6
4n7h,5.48
3ot3,8.3
3ie3,6.68
1hs6,5.38
1pzp,3.31
5ax9,8.1
3arq,6.4
4do4,7.29
1ndj,12.16
2wgs,5.6
3l8s,7.0
5ku9,5.83
4jzf,6.76
5v4q,2.57
5arf,6.27
4jof,4.17
3ik3,8.7
5bw4,4.17
4twt,8.0
1kwq,9.21
3hmp,5.49
5hbh,7.31
6n7q,5.15
1f7b,4.6
1nzq,7.96
4uau,5.89
3ex6,3.66
6e7s,7.18
3iit,8.02
1hvh,7.96
5cfb,7.28
1jak,5.57
3aho,7.05
5kbg,6.11
4oym,4.96
3v5q,7.4
5win,7.03
5tzw,6.01
5jxn,6.41
3oli,7.38
4nru,6.94
4kb7,7.49
2v57,7.1
6gg4,3.69
6p88,4.52
5mk3,4.05
6md7,6.74
4drp,5.41
4pmp,6.4
2jke,4.23
3l8x,8.0
5ekh,5.95
6gfy,6.61
5j9z,7.8
5ia1,6.28
3qs4,4.68
5q0s,7.21
3eyg,8.8
3m67,6.74
2pwd,4.4
5nhv,8.55
3m3x,6.82
4m1j,9.7
3mo0,6.81
3new,5.0
4i8x,2.64
2c8x,6.66
1zp8,8.77
3djk,10.59
2mov,7.4
5ml2,7.89
3fc2,9.06
4ie5,4.82
6br2,8.72
3q2j,4.18
6nrj,7.44
4j3u,6.34
2ypi,4.82
3ozt,4.13
2vtj,5.72
4idz,4.36
5h9r,6.08
1q8t,4.76
3cd8,8.05
1ny0,5.85
1oe7,5.52
6i0p,4.4
5mxq,5.72
1z6p,6.05
4wvu,5.71
2oqv,8.4
6f8b,5.21
6h4z,7.64
4pd5,2.86
1hk3,6.59
4p90,7.19
3anq,6.74
1ths,7.54
4civ,4.95
3u2k,7.52
4qt0,6.29
1c4y,7.92
1kmv,6.95
2am4,3.72
5ut0,5.88
2idw,8.89
1y0x,8.7
6cdl,10.92
5xsr,7.69
4y87,7.24
2lk1,4.09
4b84,4.66
4nrk,7.62
4auj,7.74
4u5l,2.4
4k3l,2.96
1y3y,5.64
2vmd,3.02
4b2l,3.24
1phw,3.3
5tg7,4.53
4m5l,4.72
1jtq,8.07
3ekt,10.59
2g79,6.92
1xlz,6.02
3ewu,4.62
3msk,4.59
1f4y,6.08
3bxg,4.96
5c1w,5.06
6cis,6.87
5m0s,6.69
3c6t,8.68
3zm6,6.52
1kmy,5.1
4cpy,6.31
3k2f,7.2
4ui7,7.36
1o2s,5.47
5a82,5.6
5akh,6.59
6n4e,8.0
3ao4,2.07
6r8i,6.03
6q35,4.82
1csr,7.38
5f25,5.04
2w47,4.98
5f2w,3.98
3src,3.89
3zbf,7.52
5j8m,6.8
3rv8,4.92
4hyi,8.52
6mh1,5.92
5dey,8.43
3k1j,6.4
3eq8,9.06
3cn0,5.51
1qi0,2.35
3ckb,2.98
3gwv,2.6
6m9c,7.25
4ih7,5.24
3nwe,7.6
2xef,9.84
4waf,5.0
2b8l,7.82
2aez,2.46
2wzy,10.72
5xyz,8.1
3btc,5.75
3dx1,3.58
4ibd,3.67
3pix,7.0
4ci2,6.75
3kbz,6.91
1c88,5.29
1h00,4.42
4xyf,9.0
4nrm,3.2
6rjp,8.96
5f1v,6.85
4ayr,7.0
5yjb,7.54
4c4f,7.59
2jdu,6.72
1css,6.1
6edr,4.55
2fie,5.46
2qn1,4.77
5km9,4.25
5vkm,3.55
3lpu,5.86
5t1a,7.89
6m8a,5.26
6eqp,5.96
3hku,8.3
2reg,5.64
3n35,3.37
1br6,3.22
4msn,4.03
3rf5,5.63
4fqo,5.16
2h02,6.49
3piy,6.54
6gji,3.87
4tjw,6.02
3uh2,6.0
5j5d,4.68
2v88,4.09
5wlg,4.72
3zlx,3.8
3hv3,6.33
4msu,5.85
4u6w,4.21
2e91,6.59
2b1p,8.52
6r49,2.1
3pww,7.32
1u3q,8.46
6ba7,8.15
4obo,7.11
1o49,6.36
3p2h,5.44
5ygf,6.21
5x79,4.92
4x50,7.75
4e3j,8.92
5cuh,4.62
5anw,8.52
3bum,6.49
4zxy,6.4
1tve,5.68
3t6j,6.36
6gx3,3.6
3kf4,9.3
4ju7,6.17
4x3e,5.47
3cd7,7.84
4lxa,8.7
6bic,5.62
5dx3,7.41
3u3z,5.36
3jzq,6.96
5ny1,6.44
1avn,3.9
3kqb,9.3
4ciy,4.57
6fo8,7.74
4x8u,2.46
6pic,3.39
5t1w,7.11
3qfd,4.17
4erf,9.4
5ug9,8.1
1zzz,5.14
3eeb,5.89
5kpm,7.82
6j81,6.29
1njf,6.21
6q9h,8.11
3iej,6.66
4jyc,6.7
6dry,9.43
4pd8,6.03
1w8l,0.49
3pp0,7.96
3bmy,7.52
4wyo,6.95
2qk8,7.91
5xhr,5.1
1c5p,4.68
3juq,4.91
4o0y,7.22
4gnf,3.35
6e6w,9.96
2ymd,3.16
5a09,8.46
2qwf,5.67
1i41,4.57
3ax5,5.85
5c20,6.41
1irs,5.22
6mi6,4.54
3rxm,3.63
3dxh,3.19
4mwr,9.39
5w7i,4.95
1pi4,7.43
1p4u,5.3
1dy4,4.36
6eed,6.09
2n1g,5.64
4h71,4.45
5li3,7.28
4x6j,7.8
4ajk,3.11
6ntj,6.47
6c7b,5.82
4b8o,8.4
5i8c,7.6
4mha,8.28
2mg5,6.15
4eh5,3.09
6en4,8.3
4hlh,5.96
2d3u,6.92
4nq6,4.28
4k3m,3.55
4i11,4.57
1ce5,4.74
2dxs,7.34
3rw9,5.96
2pgl,3.59
1rne,8.7
6agp,5.05
4uu7,6.08
4rcp,5.35
3lpr,5.96
4c4g,8.22
6f26,7.62
2pvv,3.36
3zm9,7.42
3r2a,6.12
3hbo,5.09
1a8t,5.8
5db1,7.66
4o0z,7.24
4oag,6.3
4c9x,7.32
1vjd,3.54
3g31,2.89
3h8c,7.72
5fbi,2.8
6d3g,4.7
4y2x,6.29
4wmc,8.05
4ayy,8.17
1qhc,7.57
5w4v,7.15
3njy,5.77
1bai,7.7
3qnd,4.85
3qtx,7.15
3bxs,5.1
3ifp,7.61
2zy1,7.4
5km1,6.18
2xjx,9.15
1b4d,4.81
6nj0,6.61
5wef,6.44
1kwr,6.6
4oas,10.0
4pzx,6.0
5m56,7.89
3hzm,5.52
5o83,7.96
2nxl,6.27
4g5f,3.05
5er5,3.67
5htz,8.62
2fky,8.59
1zgb,8.06
2wgi,4.07
1bzh,6.77
6ffg,7.2
3deh,6.83
6dkb,9.15
1hn4,3.82
5wij,6.31
5z9e,3.48
2f01,13.0
1utl,2.47
1k06,5.34
1v1j,4.82
1amn,13.82
6qc0,7.24
4gzx,3.19
6ghj,2.16
2pvh,6.59
3ds6,9.1
1uz1,6.89
3ouh,7.1
4o77,5.6
4gsc,5.85
2oc1,5.37
4lxk,8.4
4flk,5.25
5yhe,6.69
2azc,6.74
2n0w,6.15
5knj,6.94
4jpx,5.15
2xru,7.51
5e0l,6.4
4r75,7.24
1izi,6.59
2ow0,6.7
5vse,5.97
1lnm,8.7
1fh7,5.24
6uim,6.74
6te6,6.57
4od7,5.08
3aw0,5.24
6k05,6.56
4yee,6.49
5agr,5.43
2ot1,4.0
1hee,5.34
1jut,7.32
1gpk,5.37
3t07,7.8
3czv,7.8
3o87,7.6
4d8a,3.42
6coj,6.4
6efj,3.32
5vjp,4.83
4r91,6.37
3sv6,7.46
6a30,4.89
5tnt,8.31
4ivk,3.85
5npb,7.09
2c3j,6.18
5n8t,5.74
6i5j,5.85
3wsy,6.36
3p5o,7.26
3co9,8.0
1ndw,5.23
2p98,6.19
5ofi,4.2
6jsf,8.48
3ttj,6.68
5iug,7.33
4nja,6.22
2hb9,4.82
3b7r,7.7
2a29,2.85
5ap6,7.88
1f0q,6.0
4qg7,8.0
5jq7,4.8
4ca7,7.36
6hlx,7.17
3b4p,5.4
2kff,3.61
1nl9,5.96
4hvd,8.85
4ggl,9.0
6uvv,5.18
4hzw,8.88
3g2l,3.87
5t27,7.1
4jwk,8.32
6g0z,5.32
1f4e,2.96
2hpa,4.6
3ibl,7.84
3uo4,6.52
4asj,7.55
3srg,5.7
4j52,8.52
5ejl,6.62
3q77,8.22
4dy6,4.4
3vh9,6.24
5zde,5.75
4ql1,7.03
5aab,9.06
4lch,10.62
3c72,4.64
1f8e,4.82
4u01,8.46
4bc5,4.6
4nvp,7.57
1ec3,9.04
1koj,6.7
3tkm,9.0
6bin,6.34
4p45,7.8
5mim,7.34
6rj2,7.0
2pja,8.66
6iup,7.64
3k3g,2.85
5hg1,5.2
2xng,7.22
4nbn,4.36
1akr,9.09
5tkb,7.89
1yw8,8.0
3fxb,5.85
3d52,3.28
1xn0,6.24
5xva,7.29
1e5j,4.0
3ekv,9.41
2i2c,4.7
5e2v,6.08
4pb1,2.82
6ffi,8.1
1gjc,6.35
5i8b,6.96
2rnx,3.4
2vtq,6.85
4c38,7.76
5j2x,7.74
5opr,5.59
4drk,5.08
5lz8,6.01
5hjc,4.35
3bl7,8.4
5ah2,10.08
2xxw,6.41
4b6q,7.55
4cy1,6.74
6oxt,9.95
3sni,7.96
5vlp,6.08
5ko5,4.57
1jjt,8.05
4p4d,5.74
6o94,8.74
1a4k,8.0
5qa8,3.77
6kjd,5.05
4yy6,4.22
2gtv,5.15
2zjw,7.7
2vie,7.48
1jlx,5.8
1m0b,8.82
4dzw,7.89
1sl3,11.85
5akw,6.39
3e37,5.39
4avw,7.62
6c9n,4.78
1tvr,7.48
5qam,4.0
2h6t,7.22
5i3a,5.05
6h7z,10.12
6j8r,6.12
6f08,5.39
1urw,8.52
5k0h,7.09
3r7b,6.15
5kks,8.7
6d9s,5.96
4nzn,6.38
6d5j,6.34
3gs6,6.59
5vlh,6.8
4est,5.02
1kc5,7.0
5jo0,7.3
1nfx,8.52
2a5s,6.7
5dqf,3.6
4j7i,5.06
1o2n,6.09
5aqr,3.0
6fvl,6.8
4jmu,5.47
2y7z,8.7
1mq1,6.59
2c6g,3.37
6qr1,5.07
6dtx,8.35
6nng,4.23
3sm0,6.13
4txc,6.62
6c3n,2.49
1d4j,8.36
3c1n,5.5
6j7e,5.04
2w16,10.0
3mxd,8.83
5hyq,6.82
6kmj,4.79
4kyk,4.74
1wm1,6.3
6o6f,7.4
6oco,6.32
3ocp,7.57
5tdr,4.54
2fzg,3.38
1s19,9.51
4jlm,7.64
3rwi,6.94
5x74,8.64
5gic,6.48
6b1k,6.67
5hbe,8.64
1uom,7.72
4pf5,5.48
1v1m,3.94
3h21,4.7
1gu1,4.52
1stc,8.1
6fap,2.15
2z3h,4.64
1uw6,7.34
4cix,4.47
3tv4,6.96
4xyc,7.51
1gwm,4.1
2zdn,6.25
6h75,4.38
4hdc,8.92
4c1t,7.15
1vgc,5.92
5ei6,7.0
2xb9,6.77
3zp9,7.82
2ea4,7.34
4zo5,9.82
5twz,7.87
4qev,7.66
2c6m,6.46
4ede,7.38
1z9y,7.19
3o9g,12.3
3fzr,7.96
4ufd,9.68
5tdw,4.7
5i58,6.92
2vo4,4.94
5acb,6.8
6alz,10.42
4mq6,6.47
3qtz,7.3
3wp1,4.85
5mra,8.0
4hwb,9.24
4h5e,6.07
3kmc,6.4
5e6o,4.11
5cbs,5.41
3f6g,4.72
2avo,8.85
3fq7,2.52
6hu3,6.3
2vx1,6.66
4oys,8.82
5izq,8.52
5gn7,6.05
1etz,7.24
3oot,8.7
3qs1,7.96
4ps8,9.0
5oh1,4.41
3ska,7.49
5izm,5.92
5abp,6.64
4ie3,6.01
3h5s,8.3
6afd,5.43
5n1x,3.16
4ps5,6.54
4i5h,8.7
3fqe,8.3
4u79,6.4
4mpe,6.37
4o13,7.82
4aqc,9.05
3m17,7.4
1q6m,7.89
2zz1,4.54
3b9s,5.3
3c1x,7.35
2i3i,7.3
6gu3,5.36
2fx8,6.52
2pu2,4.43
5x4p,5.03
4k4f,6.7
5f20,7.52
5cfa,6.54
3fmr,7.97
6eeh,6.54
4kz8,2.8
5m2v,5.4
2v8w,6.82
1icj,2.22
4caf,7.12
3dz4,6.4
4zji,6.47
5h8x,5.51
3s3i,7.8
1e3v,4.34
5t5g,5.89
3l5c,5.15
4int,5.8
3qtw,6.19
1yid,5.0
1gmy,7.35
1m0q,3.89
5j1w,6.72
3wtl,7.04
5u4b,5.74
3wyy,8.49
3krx,7.38
5l4i,6.59
3pab,4.7
4ygf,7.68
6nwl,7.37
2oc0,7.82
1b3h,6.21
5vij,7.61
5ttu,7.33
6r1c,4.92
5wl0,9.17
1nc6,8.0
6o0k,10.74
5l9i,7.0
4qfl,5.11
3u10,5.44
5cnj,6.84
5yea,8.3
2hl4,7.64
5sz6,7.0
4kql,8.77
4prh,4.6
3hfz,4.89
2bcd,10.22
4wov,7.14
4h3j,7.05
3hr1,9.43
2pcp,8.7
5ar7,6.49
2e7f,6.1
2kup,6.7
4mwu,8.49
3fxv,7.03
5ewa,4.82
3jqb,6.02
4kb9,11.0
1ke3,6.7
5hu0,6.23
3dp4,7.37
1o42,8.05
4b5d,7.89
5een,8.96
6knh,3.55
5afk,3.88
2bz5,6.15
6hzc,8.93
5z7j,6.6
6s5k,7.32
6hjk,7.6
4mr3,5.94
4yih,4.66
1uz4,3.4
1fmb,10.0
5nkg,7.68
6nvh,7.95
2wti,7.04
3msl,5.15
2wqb,6.27
4mp7,5.74
4gtt,8.22
2o1v,5.3
2p0d,7.0
3nq3,3.78
4mw0,7.41
6nk1,6.66
3nc9,6.48
2v2h,3.77
3g9n,5.74
2fgh,6.55
5h9s,4.06
5nob,8.2
4flp,6.72
6phx,3.32
3nyd,3.48
5d9p,3.2
3d3p,8.5
1a1c,6.4
1bzy,8.34
2kfx,4.0
4gmy,7.55
5adt,5.65
2ath,6.82
1bap,6.85
5zia,6.52
1mj7,8.35
6bo6,7.1
6h34,9.3
2fmb,8.7
1akq,9.1
3qxh,5.24
3bel,7.85
1o2k,6.92
1hxk,3.4
4ppc,9.03
2jdl,9.43
1y3p,4.82
5om7,5.74
6guf,6.65
5vfc,9.05
2p53,7.46
2fjp,8.37
1gi7,4.51
5bpa,9.0
6m8e,4.85
4bdk,5.44
4j3m,7.68
2hwp,7.14
6eww,5.05
3oaf,8.8
4jzb,6.47
6cje,7.22
5n1v,6.19
5eec,7.1
2fxs,6.06
4o76,6.89
5npd,7.42
2bb7,5.67
1dmb,5.74
5ody,8.4
2nmx,5.57
3zj6,6.66
5ak6,3.49
4ylk,6.74
3mhi,6.7
1bn1,9.34
3t70,6.3
5ndd,6.46
3e63,5.8
5m4u,4.89
6gxa,4.22
6p84,4.81
3dp3,5.82
2ndf,4.23
1np0,3.57
6fa5,6.75
4m5m,4.74
2fv5,11.7
5flp,3.2
4k55,5.51
6j63,8.19
6n3x,5.09
2mkr,6.27
1g32,6.11
4ljh,4.71
1ent,6.96
3m93,6.62
3s9e,5.13
2yhd,4.64
6dyv,10.59
3u6w,6.92
5ap5,7.97
6k9u,10.05
5na0,9.77
5vdw,4.0
5jyp,7.0
1qw7,3.6
5e0m,5.28
3ur9,6.31
5bqi,9.05
4bg1,6.31
2wos,3.9
2ay4,2.91
4u5s,2.41
6qed,7.13
5exm,8.2
1ysi,7.44
6awn,9.2
6hv2,4.28
5fnj,2.29
6nmb,2.7
6ezq,4.66
3n87,4.96
5l4e,4.61
6ffh,6.34
6m9t,7.7
5lce,8.04
2wyn,5.55
4qyg,8.39
2bj4,4.47
1usk,6.4
5c0k,2.92
6q9s,7.77
1om9,4.15
2wou,7.14
1h4n,4.92
3lpp,6.22
5zuj,4.78
2f94,6.71
5i9z,8.05
3mpm,7.52
4ibe,4.15
3mv5,6.74
6bgw,6.68
5cqx,5.33
5znc,7.52
3uf9,2.11
5a5v,7.48
4qw0,5.14
5ntw,9.22
2wzm,5.22
2xpa,5.39
4ckr,6.98
1mfg,4.3
1uu8,5.05
5tts,7.25
5ji6,7.96
5if6,7.23
5d3t,4.92
4y83,7.77
4rt1,6.14
1add,6.74
4lv2,8.0
5eis,5.74
5akz,5.26
3jyj,5.74
2pjt,6.07
3p58,7.6
4fck,1.26
1g3d,5.55
3p4v,5.1
5nad,8.96
5fom,5.01
5tv3,8.09
4hge,7.92
4f9v,6.03
5kgw,4.79
3hjo,6.52
2wc4,5.29
4gj2,8.6
1q4k,6.55
5q1f,7.14
4a6b,8.38
5h0b,7.96
6i0b,8.04
4mrg,2.96
5d12,7.37
4iid,5.62
5ect,5.28
6dd1,4.65
3uxd,4.41
4j1i,7.4
4kmu,7.92
4xtx,10.57
1mjj,8.74
5aen,7.22
4ztm,7.6
2isc,8.42
4zun,4.59
4yhz,7.96
2nwn,6.3
2j87,4.85
3qqu,8.62
4r5t,6.1
4jym,5.04
4y0a,2.31
2uzl,6.21
4lg6,6.74
4vgc,6.9
4q1y,10.35
1y8o,5.89
1xgj,6.0
3wf8,6.63
3pj1,7.32
6d6u,8.21
3kqe,8.09
6dya,6.17
3cso,5.77
1y3a,5.41
4ncn,5.67
3buo,6.06
4gzp,7.84
5dv2,2.9
1o4d,3.52
3zps,8.3
4c6v,4.59
4c1g,5.14
1pkx,6.92
2ael,6.29
4yff,8.0
1o5m,8.72
4nxr,4.34
2q93,6.25
3r42,4.08
1zgv,6.0
6rfn,6.7
2i7c,5.07
4hra,10.1
6das,8.31
2mas,7.52
3umw,8.52
5f4p,7.33
3va4,4.4
6gev,8.7
3lkh,6.1
5prc,4.89
1rdn,1.84
6qz8,7.62
5i3v,7.8
1bnm,10.0
5ee8,6.89
4iu4,5.0
3tyv,8.1
5f2f,6.92
5ioz,4.96
4j8t,6.77
6cd5,6.81
5yij,3.42
4res,7.85
4zcs,4.33
2qd6,8.68
1ftj,6.09
3cgf,6.57
4rio,9.0
1tou,6.0
4z1j,8.11
1n1m,5.7
5alb,10.71
1m7i,5.4
1gz9,3.51
6cq1,3.66
6hkj,9.0
4j5e,4.94
2jnp,6.89
2hny,5.93
5t19,4.49
3m8q,9.52
4x49,4.53
5nr8,6.76
3gnv,7.03
5mz3,6.66
1o2u,5.85
2xxr,6.55
5ezh,4.62
5t2y,5.66
4z0e,5.3
4ea3,9.57
3nlb,7.46
3qx5,4.2
2bqw,8.52
6g2a,3.79
5mli,3.9
4lk6,5.2
1o2g,6.12
4r5a,8.7
5ngu,7.44
3hfb,7.52
2gvj,9.52
3nu6,9.3
5u7m,6.74
4j8s,5.7
1dqn,8.0
1gzv,6.57
6dcz,7.17
1oeb,6.93
4lxz,6.74
5fb7,7.89
1h27,5.6
4r4o,5.82
3hf6,7.59
5nmf,7.42
5cao,7.42
4cq0,5.09
5u2f,6.71
3c8a,6.18
4dx9,5.3
4tya,2.39
2w2i,6.04
5ags,7.4
6q9u,5.89
4b05,7.58
4j3d,8.28
3kn0,3.6
5d3n,5.04
6g3c,6.91
4g5y,2.77
3dz2,4.15
5e89,7.85
5f00,6.6
1ekb,6.0
3ds4,4.19
2wbb,6.04
4y2t,3.82
5alp,7.07
1x7a,7.89
4zij,3.25
3td4,5.66
1f8c,7.4
5usq,7.0
2anl,6.96
4ura,5.5
2cn0,7.66
6hwu,7.54
4mul,6.21
4l2k,6.44
1tog,3.22
6abk,1.95
6pgb,4.6
3ut5,5.74
1rt1,8.1
5lay,7.47
6iyw,7.23
2c9t,7.48
2q8m,4.03
2gdo,9.49
3wax,7.89
4ztn,7.72
3kqw,4.01
4ca8,6.68
2oqi,8.49
6ncj,7.62
3fuk,3.02
1d7x,8.52
1xk5,6.0
3m59,5.24
6nsv,7.8
3v2w,7.11
3mo5,6.87
6duk,9.59
1k22,8.4
3dz6,7.82
2xaq,5.96
3ck7,4.05
1efi,1.92
3t4n,4.14
3i06,9.7
2zp0,7.6
1cps,6.66
3ck8,3.84
6f90,6.0
4yl1,6.67
5j20,9.14
2wez,7.64
2ajb,5.5
4tq3,5.49
4f70,5.74
1exw,3.9
3q4l,7.26
4x0f,7.0
1njc,5.55
1xbc,7.92
2qic,5.48
4hbn,6.1
3ng4,5.43
5hgc,8.66
2k0g,6.97
6upj,6.32
5vrl,7.11
4x61,9.0
5ie1,6.85
2vpo,5.42
1u9x,8.15
6gue,8.4
3ls4,6.3
4y6p,7.16
6nt2,8.82
6au9,5.96
2zx6,10.6
4mdr,4.39
3anr,6.46
1a85,4.52
6cgt,6.0
5knt,4.43
4cpt,7.7
1a1e,6.0
2qp8,8.1
4nw6,8.4
2yig,7.1
1b3g,6.7
2zdt,8.02
4hxs,5.39
4yvz,5.52
4umb,4.0
2gv2,8.3
3oe4,7.47
6fjm,6.24
3efs,5.34
1yvz,5.36
3ig6,7.6
4x8s,1.89
4j8g,4.19
4jc1,4.3
5jid,3.76
4p02,6.4
3fue,2.82
6pg3,3.32
6nrh,7.26
2f3f,6.72
1w1d,6.52
5mgf,4.27
1ghv,4.35
5g1p,5.2
1yvm,6.4
2p3d,6.74
5u94,7.19
4nie,7.7
4aw8,7.66
2wey,7.12
4io2,6.7
3hy7,6.97
4awo,7.62
4uuh,7.77
5vm0,8.8
6imi,4.58
5nb7,8.22
4gkh,4.67
5o55,4.7
4kil,6.3
3st5,11.3
4gw5,5.46
2r9b,6.57
2f9b,6.52
4wk1,5.89
1nq7,6.8
3b27,5.16
5ivc,5.92
2y06,6.1
4o3u,6.4
6bxy,8.05
6mq3,8.77
1lbf,7.85
2ooz,5.15
3pcj,7.22
4iu1,4.3
3k8c,2.92
5q0z,5.85
3dtc,7.59
3pjt,4.88
6c5t,6.97
5mgi,5.95
1axz,3.2
2gss,4.94
5wa6,6.36
2hiw,8.1
2aox,7.42
3vtc,7.89
1g2k,7.96
5nhp,7.64
6fzp,6.42
6npt,7.17
2gbg,7.25
2jkr,6.07
3ljg,7.73
2hs1,8.48
5vzu,5.57
4c1y,3.6
4l7o,4.88
2rc9,7.4
1e34,2.88
1xap,8.7
5lz2,3.0
5fus,4.68
6dj5,8.14
3fsj,3.95
1eat,7.82
2xda,6.22
1yyr,6.29
5nlk,7.46
2ioa,5.49
4pqn,9.15
5ahw,5.17
5orh,4.39
2xc0,6.72
5o91,6.46
3sap,7.59
1fe3,7.33
1ppl,8.55
2w87,4.65
4umr,3.8
5yyz,4.18
4tvj,7.91
5dyo,10.21
5f1c,6.13
6qha,5.3
4zei,5.88
4n5d,3.22
6ny4,8.52
5ml5,8.0
2lnw,5.85
5btx,3.55
4bdt,8.96
2ovy,8.4
6pii,6.96
6s56,5.1
4rxc,4.48
5mks,4.77
1o0h,5.92
6rw1,5.88
6eds,8.77
4o3c,2.59
3zmj,4.93
1gj5,4.96
4z89,4.69
4m6p,7.27
1tqf,5.85
1ru2,6.49
4elf,8.03
3i7g,6.37
2j9a,5.89
6h4u,6.16
3f9y,4.49
4q1x,11.15
5fdp,6.51
4i9o,5.72
1o3l,6.54
6ocz,8.52
2ou7,3.81
2kmx,4.08
6dys,4.25
1kfy,5.28
5h08,5.96
6ox0,4.85
3kc3,6.8
5hx6,8.0
6d1k,3.13
2jkh,8.05
6htr,7.96
6u7o,10.81
6eol,7.43
1i90,8.89
3ouj,6.05
3lpg,6.16
5i9x,7.52
5mts,7.15
4hla,10.8
2v83,4.47
5n53,2.55
6mo4,8.34
5fyq,5.89
4li7,6.11
6i63,7.01
4lh3,1.52
5qay,3.23
2cne,8.77
1fhd,6.82
2i1m,7.62
5tcc,5.66
4hkn,5.96
3ql9,6.3
3bi1,9.92
2chm,8.26
3rjc,5.24
2q8s,6.73
2wxv,8.7
4qpa,7.43
5f94,8.47
6ftw,6.49
1r6n,7.4
3tv6,8.32
6oou,11.3
3uok,9.1
4afg,8.3
1j19,7.79
6prg,3.7
4j9a,8.22
4jlj,6.13
6bqa,5.85
4lov,7.77
4fyh,4.85
1ec1,8.92
4mbf,5.77
10gs,6.4
4l0v,6.63
4hai,8.1
11gs,5.82
5e2p,8.8
5mqe,5.4
4nrq,3.46
2vpe,4.94
6ai9,6.74
1yys,6.33
4nmx,6.18
4m0e,6.22
6t1i,5.26
2e2r,8.26
6gxw,3.36
1m5c,6.3
4zyr,5.7
2ai8,6.8
3fjg,3.73
4j47,4.92
4qp2,3.03
1kzn,8.92
5zhm,6.14
1b42,4.01
3t3i,4.77
4qtd,5.97
6ps9,4.62
5hbn,4.89
1hlk,5.0
3erk,4.74
6szp,4.74
4h4m,8.52
1e9h,7.46
3u92,7.48
5tc0,7.6
6hb5,5.83
4a6l,8.0
5ul6,8.22
3eqb,1.82
5u13,5.41
6htc,5.96
6hp0,4.92
5t28,8.49
3lox,8.1
1hvi,10.92
2jdk,6.54
1t5a,4.62
2k4i,3.84
2q11,6.05
4w9x,7.4
5wik,6.21
4r5b,6.73
4gid,10.77
1li3,4.25
1nlt,4.92
2o63,6.11
6gmq,2.3
3cfs,5.96
3s9z,6.22
5xs2,8.3
4qmw,7.07
3iaf,2.92
1z4u,7.15
2pu0,7.82
4tki,6.38
4ddk,2.29
6gxq,7.1
4b0j,2.15
1alw,6.52
4ona,8.15
6few,5.85
1hdt,7.76
4mti,8.92
4txs,3.0
5ceo,9.3
1a30,4.3
3lk0,3.16
5ml4,8.7
3zki,5.92
4tyt,7.7
4p1r,8.39
4qsx,1.74
3ms2,3.72
1fkh,8.15
5ipj,8.89
4x9w,6.85
4a4f,2.88
6bfn,8.03
3qto,4.13
4cpr,7.46
6b7e,4.55
5jgd,7.96
3hiv,8.12
5dtt,3.51
6v1c,4.19
5q19,7.32
5f4u,7.02
2gfk,4.52
5tp0,5.44
4hgt,7.4
4ofb,5.43
4z2h,5.08
4hp0,6.12
2e27,9.35
2wji,5.02
5ajc,4.24
5cyi,5.88
2e93,6.96
2f0z,4.77
3fv7,5.64
3ty0,7.08
5kly,7.21
4bdc,4.93
6pf3,4.55
1fq5,8.4
2f35,5.4
3g2n,4.09
1b3l,5.89
4d1s,7.66
6aa4,6.33
2wnj,6.48
4wbo,4.2
6a84,8.28
6dzy,5.52
2pnc,3.33
5qj2,7.68
1awf,6.01
4h2m,5.21
5he4,7.7
3u0d,10.0
1h36,7.74
3o9f,12.7
2wd7,4.97
3hb8,5.12
4h3b,5.17
2yfa,5.07
5nyh,7.73
5iu4,9.28
2w97,0.96
5dts,3.55
4i31,9.32
5t8j,9.0
4jzd,8.3
6h5x,10.82
2zwz,7.79
2onc,7.89
4x63,6.77
1zaf,7.7
5g5v,6.7
5qb0,3.8
3rxb,2.66
4xiq,7.07
2ql7,6.26
6hu2,5.9
3d1y,8.22
2cc7,8.01
3ad8,3.16
2z4o,9.57
6mnc,5.8
3sji,5.69
1ewj,7.49
1d3v,6.96
6cvf,6.35
5oug,2.77
2wkt,4.31
1h1s,8.22
6ixd,9.8
3qc4,8.7
5t92,7.8
4amx,2.19
5ml0,6.3
6aaq,2.41
4i0s,7.44
3g4l,8.24
5wlv,8.52
4oc6,7.07
1qb9,7.44
2ltw,4.22
2ybs,4.59
3b8z,6.54
3iph,7.6
5mnc,1.31
2xcs,7.85
2h03,7.05
3g6z,9.7
6f8r,4.7
5y5n,5.76
2yge,5.06
1ws4,3.0
4hgc,10.0
4pry,7.7
6pml,3.09
3zqt,4.41
2fs8,7.6
4j77,5.47
6bs4,5.55
4imz,6.92
2xv1,5.99
5nkc,7.72
5fnr,4.23
3mvl,7.89
1j7z,7.7
2r1w,4.6
3od0,7.92
4kqq,3.9
5ll9,6.08
4p4j,6.15
6czc,4.78
4oq3,8.1
4kp8,5.48
5he7,8.3
5gx6,5.8
2r3i,6.0
3fw4,9.4
1o6h,6.73
5wag,5.21
5ytu,4.92
3eb1,4.79
3hv6,5.64
5fwg,6.72
3hhu,7.39
3my1,5.45
3unj,4.96
5lmb,7.8
5d3h,5.1
2jt6,7.6
4i6h,8.3
4o7d,3.0
6co4,7.57
2o5d,5.15
5xo7,6.36
5jf1,7.19
2z3z,4.31
1oz0,7.7
3arb,6.63
5dbm,6.46
5e0a,6.59
4loi,6.77
6dn5,7.49
4y79,7.96
3iny,3.66
2gbi,8.52
1uho,9.22
3fat,7.64
1std,10.33
3rzi,5.33
2ms4,4.82
4wx7,7.4
1i7g,6.0
3nnw,8.05
3qcx,7.2
5cp9,3.51
4cft,4.95
4bi1,4.16
5js3,6.73
3hv4,6.51
1f73,2.39
5lhg,5.6
1ftl,6.0
6o5x,7.66
5wqa,7.96
4prg,7.15
3vuc,9.05
3adu,4.14
5ehq,10.48
1b8n,10.52
5ech,3.8
4q2k,7.48
4yt7,8.77
2cfd,7.49
6eqs,6.43
4qpd,7.82
1c5q,6.36
6g2l,7.17
4uu8,6.54
5d6y,5.66
5tkt,8.49
4cxw,6.09
3q2h,9.16
6ayq,8.19
6cjv,5.66
3mf5,5.36
2yc5,7.46
2yfe,6.63
6o48,7.12
5n9s,8.62
4r76,7.85
4hwo,8.54
6mzq,8.41
4fic,4.7
5q11,5.14
4r95,7.85
4pri,4.03
4qga,7.92
5y94,6.79
2xag,4.55
3asl,5.76
5dt2,6.82
5ap1,7.97
6f5h,7.05
3ej5,3.57
5aoi,3.03
5tfx,7.22
6st0,5.13
4pda,4.21
5em6,8.4
6edl,8.7
4pyq,5.36
1ryf,8.8
4dlj,5.92
4ap7,7.96
3jrs,4.28
4msk,7.2
4f3h,6.38
5u5l,4.85
2pmk,5.92
2izx,9.4
3b66,8.6
6hys,5.59
1jbd,6.92
6tl2,5.44
5jf3,7.42
2x2r,7.12
3pdq,6.74
1ni1,9.05
3qw6,3.52
5joh,5.96
3ni5,7.55
1b40,7.28
5o3q,5.68
1dif,10.66
6cyh,3.15
4mm8,6.11
4a4c,3.61
2uxx,3.3
4k67,3.43
5w3i,5.8
6o57,6.29
2ay7,2.3
1my2,7.77
4x8v,6.89
4nnn,6.57
4fe9,3.0
4oc2,8.28
5usz,6.97
2nxd,5.66
1vzq,7.44
5dtm,4.3
3k22,7.9
1om2,4.7
4o75,4.68
2bv4,3.22
3mz3,7.83
5f3e,6.86
3lp7,5.44
4c8r,6.82
4e3b,6.05
5dtk,4.3
6dh2,10.89
5ods,4.33
5kls,6.71
1sme,11.22
4w7p,7.49
5efh,6.1
1e55,4.12
5ehe,8.32
4lv4,5.0
3msc,3.31
1p7m,4.38
4pkr,4.82
5d2a,5.59
3zrm,6.89
4uv8,6.47
4or6,5.31
4elh,8.09
4pl0,4.4
4i5c,8.82
2wxi,8.15
5n9r,5.59
6bmr,4.22
3fv1,9.3
1h3b,6.85
1xug,7.05
3h06,3.53
3fi2,7.6
3wk9,4.15
1m5w,4.27
5v82,10.15
3lcd,7.4
5sz4,9.7
4u0i,8.22
2o0u,5.49
1zvx,9.22
6g4m,6.6
5eds,5.54
3m58,5.48
1elb,7.15
1nl6,11.32
2p3o,2.77
5jiq,5.4
1tfz,8.15
5etn,5.37
4e5w,7.66
3wiy,6.21
6c98,4.1
1h1b,9.8
4uxl,10.6
1hvj,11.4
2veu,7.0
4qmv,7.64
5tzh,6.17
1sld,6.57
4d7b,7.68
2zxa,8.35
2jg0,7.82
4p7e,4.76
5wir,7.12
4l3p,5.92
6bh1,7.22
1jqe,6.44
4j46,5.28
3nth,4.32
4q9z,7.26
4ybm,6.85
1clu,8.27
1fyr,5.62
4h4b,2.7
6b7b,2.89
4np9,5.03
1v79,7.89
6u6w,5.33
1hps,9.22
6bhh,3.76
1o3b,7.13
2a4z,6.6
2fys,4.36
3qri,9.1
5t35,7.18
1n51,4.85
4b6c,6.16
6cki,7.24
3gyn,7.21
3c7p,10.0
4pct,7.15
4n9d,7.72
1a52,9.86
4xuz,7.36
5k5s,2.69
2xu5,6.89
6kdi,6.72
5l3g,6.23
3oyw,4.11
3r01,5.24
1ctu,11.92
3r0y,4.84
5wbf,3.81
6s4n,6.79
1jpl,5.0
3nsq,5.21
5lt9,4.19
2vci,7.68
6jon,4.88
1c12,8.72
6hm4,5.67
5ofw,2.8
1w2x,5.14
4csd,5.91
1z1h,8.4
4e3n,10.3
5tw3,8.7
5moc,4.63
4a9r,7.8
6mt4,3.82
5eak,9.3
1w2k,6.46
4ij1,5.4
2aay,2.92
4uiz,4.7
6iql,9.37
3wk8,4.31
5jqb,2.22
5mi6,7.3
2rku,8.3
6hjj,5.77
4f0c,6.27
5dd0,7.08
3f5p,6.85
3pxq,4.43
6g0w,5.28
2y59,6.44
2ay1,2.29
4wnm,7.59
4eos,6.05
4x3k,4.56
4o9w,7.16
5os3,2.43
4zzy,5.6
4hyb,6.46
830c,9.28
5lrq,5.8
5g4m,3.86
6mg5,4.69
3gcs,7.25
1gui,6.28
5nme,7.09
4hbw,5.32
3c49,7.15
5hlb,4.01
3w2s,8.16
5ew3,8.92
4wrs,9.4
3w5t,4.52
3cth,6.96
2qyl,6.19
4qwf,6.0
6sde,10.2
3juo,5.07
5kab,4.68
6gxy,5.24
4pte,7.13
2ydt,5.52
1vcu,3.85
2uw3,4.1
4d85,6.85
2y4a,4.38
2lbm,6.57
1a08,5.62
4c66,4.1
4rhx,5.8
4jmg,8.82
5ajv,6.24
6h7j,8.62
4j82,4.35
4j81,4.5
3jq7,5.92
3oct,8.3
3mhm,7.0
4u73,5.18
3oki,7.15
2nsj,4.79
3uxg,3.96
3vyd,6.39
6dpt,7.11
3l3l,7.48
5h21,5.19
5ug8,8.7
3t3d,4.91
6uyy,5.72
456c,9.77
5uoo,8.85
1v2w,4.01
6e4w,6.7
1nd5,8.4
4dfw,7.85
4occ,8.7
4bxk,7.95
3b68,8.4
6nfy,7.8
3bvb,5.49
6dik,5.07
3g0e,7.7
2o48,6.01
5zwi,8.64
3lzs,10.96
2gv6,7.34
6s0e,5.5
5ne3,7.84
1r5w,5.54
5nyz,5.03
5aqq,3.1
5q1b,7.31
4ymj,7.0
3vb7,4.31
4m14,6.7
5etp,6.15
4hva,5.89
4nak,5.85
3wz7,5.74
1ppc,6.16
3gv9,2.12
2qi7,10.21
5ddf,6.17
1t48,3.46
3tpx,9.35
5c4u,8.72
5xfj,8.22
4qbm,4.58
2qw1,3.9
2xel,3.9
6sq0,9.1
4bqg,6.22
4n6y,7.04
5o9q,5.21
2nm1,7.47
4fm7,7.24
4v25,7.08
3sx4,8.52
6c3e,7.2
6f3e,7.15
4qfn,4.12
5etm,5.41
4nud,7.07
2x8d,6.1
5enk,8.1
2ozr,9.17
6cd8,4.71
1m21,6.52
6md4,6.16
2lsp,3.56
2cgf,6.41
5q12,5.33
5f1l,7.68
4man,11.0
3qmk,6.1
4cd1,4.89
1cim,8.82
6gh9,4.48
4uj1,6.52
5y0x,5.11
4fiv,6.52
6mhc,6.43
3aas,4.51
2x97,5.66
4cga,6.4
6me1,7.92
1n1v,3.85
4b5t,3.33
5k4z,6.15
5ux4,7.05
5ugh,6.77
1g3f,6.37
3l6x,4.4
4or4,4.57
4ya8,6.1
5y7k,9.18
3rcd,7.77
1e1v,4.92
4h1j,5.92
5alm,6.53
6rrm,6.84
5ufc,5.16
5z5v,6.54
4nhx,5.72
5yr5,6.74
1n3z,4.2
6ic0,7.66
3h2n,3.67
4ou3,4.41
6mjw,7.99
3ith,8.1
6qe5,5.12
1nj1,7.6
2y8o,5.12
2weo,6.93
2q70,8.08
1o4h,2.44
3wix,6.27
3bl0,6.92
5t1s,7.08
5doh,7.49
4g3g,8.43
5jmw,6.76
2aov,7.04
2rgp,7.52
1uwh,7.66
3ua9,7.25
4zsa,7.82
6n3w,5.81
6dh0,10.59
4qhc,6.7
6oxy,9.55
1wcc,3.46
4kxm,5.59
4qyh,8.89
4cki,5.96
3kku,5.7
2e99,6.16
5edr,7.46
1oyq,6.96
2yit,9.54
1mtr,8.4
4bic,7.3
5a5r,5.9
2y6o,7.6
2ogz,7.08
1czq,4.54
6h7o,9.85
1t1r,5.4
2x6y,4.59
3vbx,4.77
2ivu,6.43
2jiu,7.56
5ke0,9.7
3gfe,8.49
5wip,4.71
6nfg,4.11
3exe,6.96
6mwe,9.2
6dyn,3.19
3zmq,6.44
6hoy,4.48
6b1o,8.51
3gsg,2.7
3uat,6.66
4dus,8.3
2jdt,6.77
5dkr,5.22
5lmk,7.43
2bub,7.05
6dzx,5.46
1xge,4.68
4e70,5.28
1qbn,5.85
6bvh,9.15
3vid,6.21
4gbd,11.32
4f08,6.6
6pvs,8.17
5aic,4.3
1yet,5.92
3g8i,7.42
5waf,9.35
2i3v,6.55
1jik,9.7
3efj,7.41
2zjf,7.72
6fdu,3.69
2zft,6.52
1fkf,9.4
3fur,8.0
3tsd,3.66
6ohd,9.38
6b8j,8.3
4lbu,6.56
3lbk,6.04
3dux,7.0
4lwv,8.22
1h79,4.89
5j41,3.7
4u03,5.77
5zwh,8.72
6hmt,7.04
3qak,8.32
6n9h,4.26
1tkx,7.54
5lqf,6.6
5l2y,9.85
3lnz,9.31
5ukk,6.21
4l58,4.68
3l79,2.46
4flj,5.13
2w6m,4.67
3u7n,7.95
1l8g,6.22
6ooy,4.66
6r9s,2.15
1v2v,3.37
4ayp,6.12
5cte,7.8
4ms0,3.39
5nhh,8.95
5dhg,9.14
1cyn,7.68
6c85,3.9
4q6d,7.36
1oe0,5.16
3d2r,5.48
6axl,7.11
3re4,7.4
1bm6,7.89
4fys,4.82
3e0p,7.92
1sdt,9.27
1y20,5.32
5mnn,3.84
5vdp,4.05
5a2s,7.7
3tl0,6.59
5q0u,6.76
5n7b,3.77
6rj3,6.4
5dkn,3.69
5mmp,7.52
5wxg,3.86
5uxf,7.06
4fjz,6.29
4qsv,2.0
4rz1,7.4
5l2t,6.19
5lh8,7.72
3r5t,8.58
3iob,3.42
4gfm,7.22
3dhk,7.33
4wr7,11.7
2lct,5.14
4bpi,6.17
3u8l,8.05
5jnn,5.35
3pd2,5.47
2zof,8.15
6rk4,4.01
5gn5,6.98
4j5p,7.92
1bkj,6.77
5yqo,6.09
1kv2,10.0
1bnu,9.7
1j14,4.49
4q4o,7.46
5ipa,4.7
4owo,4.47
4jpa,8.48
5aoj,4.68
1utz,5.85
4qq4,5.74
1uy8,4.12
4hy5,8.89
4az6,9.1
3io7,7.77
5xmr,7.61
2kfg,2.92
2oaz,8.7
4whq,4.12
4llp,4.8
3kck,9.1
1mxo,9.0
3hp2,6.17
5lsy,6.54
2ito,6.91
2a0t,4.82
4ycu,5.48
5a0b,8.3
6qts,4.8
2xde,5.47
5lrg,8.82
6hgf,5.02
5fhm,5.09
1yrs,6.35
2j83,4.21
4g8o,7.66
1pdq,5.3
1iky,8.26
2p7z,6.58
3t9t,8.71
2r7g,6.05
3jxw,9.0
1gar,10.0
3u1i,5.25
1lah,7.52
2f89,6.48
5wev,6.82
5jf8,5.85
3m54,5.89
6qw7,6.33
5f60,7.37
3uo5,7.41
5d6f,4.37
4abi,8.2
5klt,6.76
4wkv,6.79
5eta,5.8
4l7n,4.84
5uez,6.01
2xhs,6.0
5niy,4.22
2gkl,5.35
4kn1,6.84
6fs1,7.01
5kez,8.15
4k4j,6.12
3qxt,5.22
4otf,8.22
4fl1,3.28
4qt1,8.15
5l2w,6.68
4fzg,7.72
6exi,5.05
2vl8,4.52
5yy6,7.62
5ive,7.57
2ywp,8.15
4mlt,2.85
5wh6,7.92
4qfg,5.48
4zt4,8.0
6gj6,4.7
3e8r,9.74
3u7s,8.43
4k63,4.22
5mxx,7.51
4w9p,7.8
2qve,2.32
6ul8,7.52
3i60,8.7
1o4o,2.46
1gfw,7.82
2yac,8.7
5wfm,6.52
1qq9,2.06
1w1g,7.68
4drn,5.24
3rg2,4.2
2xdx,6.46
3b8h,4.2
1s63,9.05
5za7,5.87
3cs7,10.68
2agv,7.7
5ijj,6.55
4mgv,7.12
5ez0,5.8
2whp,4.51
5gub,6.2
4pl3,6.54
3aqt,6.72
2ql9,9.03
5qaj,3.48
5obr,5.36
2jg8,6.3
4ael,7.92
6qlo,5.06
6sfj,7.74
5os2,2.74
5dgw,11.05
2xbj,8.52
3ryx,8.14
3k3i,5.72
5nxx,4.77
1erq,7.89
6buv,4.74
6faf,6.51
6h2z,9.3
4hbx,5.72
4btu,9.3
2fix,6.24
3e16,5.24
4dcd,5.75
3og7,7.51
6gy5,4.86
6erw,5.36
6aaj,8.3
1ddm,5.77
3oy1,7.8
3vhd,9.28
2euf,7.82
1bdr,6.68
1o2o,6.36
2q8y,3.99
6oqd,9.85
6fcj,7.15
4zl4,7.86
2aqu,9.32
4bcn,7.92
1tl9,5.52
5m3b,6.92
4x6i,8.0
1wok,7.48
4fl2,3.66
5q0v,7.69
6htd,8.0
2e9d,5.89
5emb,5.2
2wpb,2.89
2v6n,5.86
3kyq,4.22
6n53,7.87
2xe4,7.16
6eir,6.24
5izc,3.95
4osf,5.44
3exo,4.62
3g2z,2.36
5d1t,5.77
2vd1,6.86
2wyg,8.7
6cen,5.49
3e6y,5.6
1xka,6.88
6r4k,5.07
4po0,6.92
4igt,7.89
4m8x,10.2
4qgi,3.9
4n8e,7.7
4zyw,7.17
3b26,6.64
4in9,4.97
3hvk,8.52
3fyz,5.8
1b6p,8.52
2za0,6.64
2aqb,3.3
2ceq,7.28
4mvx,7.24
2jal,4.82
4xek,5.66
3p3h,7.44
4oel,7.0
1q6k,7.59
5ans,5.69
5lm6,5.11
3zst,1.72
6j7l,4.5
4af3,7.51
5ap2,8.48
4k7o,4.3
2gmk,3.23
4ppb,10.0
4qlt,8.6
4o0b,8.3
3e01,7.52
1d8e,6.6
3iw5,6.08
4tkg,6.85
4gk4,7.85
3a3y,9.15
2p3g,6.9
5nk7,6.33
3aav,6.62
2w17,8.7
2x6f,4.59
4alw,7.57
3fu6,3.97
1ll4,7.22
2cf9,7.82
4m5o,6.42
4eny,7.05
2xx2,7.3
4eg6,7.37
5efc,4.85
3qfv,5.77
1uwb,8.34
1a4g,8.4
4z8a,4.76
3rv6,4.68
1h62,4.77
4xv9,6.72
6dvm,8.52
2fr3,8.7
3puj,4.51
3sdi,8.33
4yoi,6.48
2zpk,7.76
3r8u,5.3
4u0a,4.3
5m57,4.92
4cpx,7.77
5ct1,1.52
3k23,8.2
5kw2,9.09
1fcy,8.52
2wvt,6.12
4xk9,9.07
2gsu,3.59
2f1a,3.14
4p0n,8.66
3el0,7.47
1r17,6.42
1caq,7.72
5up3,7.9
1tkz,6.62
1pr5,3.92
2qzr,7.26
3oob,4.67
5olk,6.0
5y20,4.52
5eqq,8.17
4gb9,6.27
3poz,7.64
3ta0,3.47
5np8,4.62
5bnm,4.82
2w1g,8.52
3bm8,3.54
1xh5,5.47
5hbs,7.73
1ayv,8.0
5uwf,7.23
4qt2,6.32
2yjq,5.28
5fpk,3.55
2xhx,6.6
2std,9.85
1dl7,6.49
3uzj,5.55
4ozl,4.97
5v40,5.8
1pb9,3.62
4q8x,3.57
6ezi,5.31
1ogd,3.03
2c5y,6.6
3u7k,7.07
1tft,8.3
5ald,5.97
5szb,5.11
2qf6,6.49
5jur,8.52
2krd,2.7
2jew,6.69
2x2l,5.28
4pl4,5.27
6qpl,7.04
2rd6,8.3
1det,4.3
1fbm,6.22
3e9i,6.22
4q9m,7.18
6e92,7.46
4a51,6.73
3tao,5.14
4usj,4.0
4yps,7.12
5cqj,4.81
4dpf,6.4
2y36,6.42
3d9l,4.17
1mxl,3.81
4d88,7.31
5nwe,4.88
2pt9,4.46
5ea5,8.06
5yas,3.26
5amg,8.22
5ea6,7.41
4gtv,7.42
2xp6,4.7
3qa2,6.68
5wuu,6.09
4xm7,3.57
4jrg,6.71
5ifu,4.47
4mbc,6.4
3spk,8.52
1i8i,7.66
4btk,6.62
2q5k,11.3
5vqt,5.74
1h60,4.7
6ode,8.1
6ic7,7.11
2xkf,6.06
2koh,5.22
3ijy,6.04
6ega,6.78
5nhl,9.52
3mg7,7.89
5f9b,4.26
3uxl,5.57
3kx1,7.0
6dq8,6.59
3sm2,9.7
3w1f,8.44
2xmy,9.96
2hm1,8.7
5aqv,3.43
3wt7,8.75
3udr,4.96
4ge4,8.11
4dmw,4.94
6g29,4.33
6b5a,7.94
6g24,2.77
6a1c,8.15
5ea7,7.96
4b6p,7.13
4tyb,1.7
4ijp,7.8
3fvh,6.35
5fto,8.21
6e0q,8.1
4inu,9.26
5y8y,7.09
2rfy,5.22
4f6u,6.15
5zee,2.8
4x1p,4.2
4dk8,5.74
4y3j,2.17
6k2n,1.36
3u93,6.31
4x1s,6.87
3d6p,3.75
3ind,5.82
6fel,6.4
5ur6,7.06
5nin,7.12
4clb,6.55
3pj3,5.25
4yxd,4.34
3n0h,6.21
5orv,2.89
2c3l,5.07
5u0z,6.19
6dug,8.27
4j45,5.77
5aom,2.9
5pzm,5.96
2vwo,7.51
3ern,1.72
5yr6,5.34
5ia4,7.28
5dro,10.59
5idn,8.59
6n7a,8.37
3bv3,9.34
6i0x,6.07
2y7w,4.98
3uz5,7.22
5ofv,1.58
3p3t,7.24
4qr3,5.85
3hkq,5.34
4fht,6.17
5d7a,7.68
2hmu,7.7
4l3o,6.0
5jt2,7.47
6gge,5.77
4qmp,7.85
5mkj,4.31
6ccq,6.6
6msc,7.68
5trr,7.39
1rnt,5.19
4wyy,6.0
5oq6,7.56
4h5d,7.55
3fmq,7.95
4gfn,8.3
4yz9,7.7
4avg,7.22
1t49,4.66
4b6u,5.11
1ai4,2.5
5cbm,7.77
5a2i,5.06
6hza,9.3
4jal,4.6
1b8y,7.85
5vfm,3.82
2oi3,6.64
5o48,4.7
2q7o,7.92
2wyj,9.0
6mvx,5.14
1utp,1.44
4a1w,7.3
3d20,8.3
5clm,7.36
3i7c,7.74
3as0,4.55
2lo6,3.95
6ety,8.05
5inh,6.0
3vqu,7.43
5u11,5.35
4uru,2.22
3rul,6.85
5g0q,10.0
6fzg,6.55
1sqc,6.85
6p10,5.22
1qj6,7.74
4cst,8.89
4acu,7.39
5nea,10.3
6m7h,4.7
2xow,5.22
4zxx,8.1
2og8,9.3
2x4o,4.77
3zcl,8.0
2o7n,7.82
5ka3,4.59
3n5j,5.22
6ow7,9.0
5awu,4.65
5v0n,7.17
1x38,8.77
4qmq,6.59
6gxg,5.24
3jpv,6.92
5kqy,9.29
5e3a,5.44
4xg3,7.76
6cho,6.78
4el5,5.37
3d7k,4.6
5yji,5.3
4wt6,7.92
6oxr,10.32
2l75,6.05
3d91,9.15
2khh,6.56
1ek1,7.77
2l6e,6.0
2yxj,9.3
3che,5.29
1j17,5.22
6h3k,7.96
3r9n,5.85
3kqo,3.85
5f8y,4.24
4b3u,5.33
1bdl,5.85
5aa8,8.07
5v7i,7.18
5x02,9.85
6gvf,7.55
6oqb,10.3
1ksn,9.4
4dbn,8.15
5fh7,6.86
4ju3,7.07
5jrq,6.77
4y2q,2.92
3cde,7.66
3r8v,5.54
3tgs,5.39
2hfp,8.52
6g9h,8.4
5n2f,7.1
1wdr,2.52
4nbl,6.33
1syo,9.0
3cf1,6.64
6ib0,7.4
3k99,7.22
5eol,9.52
5x33,8.49
5hz9,7.03
1oir,7.49
6mnp,3.71
3ekq,6.75
1me8,7.19
5d7e,3.82
1w7x,8.4
3ral,7.0
3zt3,2.86
5zys,6.27
5wi0,3.44
5wkm,5.12
4az0,7.42
4k1e,8.44
1gnm,6.25
4ci3,6.81
2xht,5.96
4jkw,4.16
1o9k,6.47
5jal,2.47
3wz6,5.96
3sm1,5.84
2xck,6.15
1msn,9.09
5d3x,6.36
5y7j,7.29
3i5z,8.7
2uw8,4.11
5xn3,6.17
3fx6,6.8
2a8g,3.69
1kti,3.43
4pp0,4.4
4anq,6.22
4r5w,7.13
1j4p,4.99
1n0s,7.45
4ok5,4.51
3m3o,3.6
3d32,6.45
2x7d,6.7
2aof,4.55
3vd4,4.82
5w5u,7.19
6ind,6.62
4mmf,6.53
2wxg,9.15
1ft7,5.18
6d07,5.28
6dyw,10.44
3g9e,7.72
6e2n,7.9
5zah,7.28
3t4h,5.28
1swn,12.0
1nvq,8.25
5ntq,7.47
1c4u,10.37
1hpo,9.22
1pu8,3.1
1rhk,9.11
2vtd,4.07
2op3,6.31
6otg,7.5
4jk6,7.19
6dgo,5.47
6e3g,7.36
3gy4,5.1
2g01,5.91
1d8m,8.51
6qzb,6.47
3sr4,6.54
4qmu,5.89
4bjc,7.85
4ejn,8.3
6prt,2.67
1b57,8.0
5ier,4.89
2vd0,4.94
1zhy,6.52
6i12,5.57
3fcq,2.77
6b1f,8.72
6hcv,8.3
4b0b,3.33
4qy3,6.82
6hu1,6.72
3bgm,7.41
1amk,4.3
4d8c,8.7
5t2d,9.1
2b1v,5.74
6q7a,8.3
3n49,5.15
6q89,9.85
5zgg,5.0
4hld,9.3
4li0,6.59
5lch,4.69
3dej,8.0
5axp,9.03
2nnq,8.7
6jaw,5.66
1uy9,4.82
3s3q,8.77
1vij,9.52
6h50,6.81
3qd3,8.0
2c02,4.04
2zu3,6.1
2r0h,3.51
3w33,7.44
4ps7,7.41
1h22,9.1
6hth,7.12
3wv1,11.41
4fl3,3.82
1at6,4.07
5vqq,5.28
3zll,6.4
3t03,6.8
1yy6,6.07
6ajz,4.34
4o3t,4.37
2ycr,7.16
1p2a,7.92
6cyi,5.04
4yzm,5.27
5wal,8.77
4jzr,7.8
5llh,10.17
4kvm,5.05
3n86,5.64
5mmn,6.7
2aoi,4.01
3t3h,5.71
5mqx,5.41
4xya,5.86
4tw9,7.7
2r59,8.19
5moe,3.28
3mp6,5.96
4xx4,7.36
5igq,6.6
3nzk,9.27
4wkp,9.55
2bdf,7.17
6jbe,4.7
3ked,2.44
5uwm,6.45
1g48,8.41
4rsp,5.44
4d2p,5.68
5dah,5.3
6qft,7.46
3fej,6.13
6jij,6.64
5j8x,8.8
6qat,7.33
2dua,4.77
1k08,5.34
3s73,8.7
4lm5,6.82
5eg4,7.68
5uqx,6.21
6f6s,2.89
3grj,3.0
4tpw,4.69
1w6r,6.15
2q2a,7.41
3we4,7.82
1nlj,9.8
4o7e,5.24
2c2l,5.55
5os4,2.78
3tu9,5.12
5tur,6.05
5fqb,6.52
1vj9,7.55
4fev,5.42
4hxz,6.05
4s3e,6.11
2x4z,8.57
5oh7,4.37
3cdb,7.02
1a5v,3.1
5ox6,7.54
4m7j,6.11
1sle,6.17
1m2p,6.11
5xpo,7.08
5czm,8.32
5nxg,8.55
6mlw,3.74
5nfh,7.74
2oh0,7.74
1jaq,4.48
4f6v,5.8
4gao,5.74
6o9c,7.55
4owv,4.35
4xua,4.59
4uvy,8.26
3l81,4.53
5y9l,5.72
1jld,6.73
5vc5,7.96
5v1d,6.7
1r58,6.96
2iu0,6.89
3nsn,7.19
5jzs,3.27
5q0f,9.89
6j10,6.35
6nsp,7.36
5aqn,2.77
1nu8,5.42
3pi5,6.02
3u8h,6.49
4lph,5.04
5tpc,3.0
3p4q,6.52
5vd0,6.49
3f3e,7.7
5unp,10.02
3ejt,7.36
6np5,4.57
5exl,8.43
2ym6,6.06
2jbl,5.89
4w50,5.85
3ga5,5.49
3f07,5.54
4g8r,7.66
6nwc,7.74
2bge,2.8
1xp1,9.3
1pmu,6.23
5fsx,2.72
4pgd,6.92
4usi,4.41
3ioe,3.27
5y97,3.6
3ebh,6.32
3muf,6.49
5hfc,5.72
3k3h,7.06
1u6q,5.88
2nq7,5.54
5hmk,7.4
1ajv,7.72
5var,4.09
3dkg,5.0
4m3f,5.31
6f3d,8.4
4ie6,5.55
1i7i,6.7
4qmn,8.52
4ca5,9.39
1oth,7.0
3evf,6.77
4bid,8.1
6a80,5.9
3g1d,3.48
5dqc,7.34
4cdr,5.1
6qfg,5.52
4ydq,6.52
1ai7,4.09
4c1w,9.41
2i0a,11.4
5mys,4.3
5le1,4.97
3f7z,7.19
5fl1,8.49
4jib,7.35
1jn4,4.95
5mfr,4.3
4m3m,9.05
3e1r,5.82
3ikd,6.75
5dhf,5.66
3ccz,7.29
4afj,6.4
5ey9,5.41
2qzl,8.1
4yfi,6.3
1cbx,6.35
1bky,3.84
6c4g,8.3
6ib2,8.0
4na8,8.82
6k4r,5.84
5nai,6.1
2flb,5.74
1mfa,5.04
6oyw,8.4
3omm,7.43
2mlm,5.21
6e9w,6.55
5mby,3.51
2brg,5.21
5l9g,7.7
5t9u,7.6
5yf1,3.28
1q3d,7.82
5g1a,6.57
1jvu,5.15
3rlp,7.08
5ohy,5.17
4ory,3.53
5e1e,7.66
4c35,6.25
3qxv,8.4
4a9t,7.15
6q54,6.49
5tyr,9.59
6eij,5.77
5zdg,5.42
6qxd,6.02
1g2m,7.4
6h4t,7.0
3g70,9.4
3e73,3.15
4tk1,3.72
4heg,8.92
5llg,11.13
5osd,3.21
5akk,4.0
6bl2,7.39
4qvv,5.15
4cwb,6.09
2h9t,4.7
4u0f,5.92
4ucs,4.21
3v5p,8.96
5uxm,5.44
5hlp,7.27
2w8y,9.09
6hhj,7.97
3o1e,5.74
1h6e,6.15
4eg5,8.1
5zo9,8.2
2hog,9.52
6akw,7.22
4fcd,9.55
6ggv,7.54
5ab0,7.59
3q43,7.37
1ro6,6.46
4nzm,6.85
2oic,8.4
6pi1,3.8
1zge,7.3
4qkx,7.07
5vex,4.63
5w8j,6.43
3fbr,4.82
6hb7,6.83
4ibi,4.14
1dtq,8.22
4bcc,8.05
4wko,9.47
5ugg,6.42
5alt,4.88
5jn9,7.79
1k1y,3.22
4nmt,4.85
4nw5,7.7
4qtc,6.4
3kv2,7.32
2zg1,2.1
5hz8,6.4
4rcf,8.4
3w2r,7.72
3ztc,4.56
2zas,7.86
2xrw,5.15
4os4,4.87
1pz5,5.4
4zx4,7.11
3sv8,7.91
1c5f,6.07
4kni,7.78
4btw,7.15
3owk,5.82
4e9u,5.82
5a7y,4.48
2wzf,7.0
4bkj,8.72
3o0g,6.22
2vth,3.92
4ciw,4.82
2f9v,7.82
3k05,4.85
5hz6,7.8
4v01,8.11
2wcg,6.38
4yc0,4.13
3twx,5.26
5b6g,7.44
2vxn,5.0
3kqc,8.66
5d1r,4.84
4gjd,8.52
2vba,4.6
3oag,9.51
4el0,4.49
2glp,5.01
4dt2,4.37
3zot,5.95
5kbr,6.59
6ps0,9.94
3e64,7.11
6hk3,7.5
3wcf,7.28
1r1h,8.92
6afa,5.49
6ma2,5.39
4lm0,3.25
5qar,3.77
4jog,3.72
6glb,6.89
3a4p,7.55
5nev,7.36
2vte,3.91
3cm7,6.57
3n6k,6.74
3pdc,7.49
4yb7,3.8
3rwe,7.37
1amw,4.54
3kdu,6.46
3mvh,9.3
6kqi,8.06
4l53,7.55
6max,4.87
1bux,4.85
2rjr,1.94
5vkc,8.74
1rsi,4.42
4qf9,4.43
4alx,7.28
1y6a,7.66
1no9,7.62
2wtc,6.51
4trw,4.14
5jao,4.0
5mxk,3.39
5k0f,6.07
5u4d,6.33
5qag,3.7
4mdt,5.0
6c42,8.21
2uyq,5.68
3r7o,8.36
5ai6,4.4
3i3d,1.99
3mxs,5.01
1em6,8.22
3imy,9.7
2psj,7.7
3iqu,4.77
3v3b,7.26
4jk5,7.55
3q2m,3.8
3ps1,10.17
1bgq,8.57
3k02,5.0
3d1e,5.77
1u32,7.01
3s0e,6.55
6i75,4.64
3s9i,5.7
2r4b,7.18
5edd,5.24
5fsn,5.77
5ybi,3.49
5l0c,6.15
4hwr,6.74
2jkm,7.75
5j9x,7.77
6eum,6.52
3h0z,8.37
5dms,4.53
2jkq,8.11
4hkk,5.54
1k2v,4.44
1prl,4.23
5yun,5.52
3qx9,4.05
4x9v,7.85
5khj,3.74
3nb5,7.74
6cwf,7.54
2zyn,5.92
4m6q,8.21
5vyy,6.21
4wnp,8.1
1ax1,3.29
6g1u,5.61
6udu,9.3
4hlm,6.77
6me4,9.92
3vws,3.65
6g8m,5.38
5nps,5.89
4e0w,7.48
1o46,8.0
3k3e,7.66
4inh,6.25
1hii,7.28
3t3v,8.52
5a83,6.8
1pqc,7.0
4hxl,5.66
6pgp,7.0
1els,10.82
5sz5,7.7
4ymg,4.68
2g97,6.82
3uvn,6.59
6arn,5.19
4u0e,6.92
3lqi,5.16
2ych,3.0
5ktw,7.52
4rwk,7.19
1nki,6.7
3ccn,6.92
2r4f,8.82
5aqg,4.51
5ek9,7.33
2vtn,6.07
5u8c,7.53
3gm0,7.77
6hay,7.01
3qw8,5.1
3wp0,4.99
4n6z,7.8
2p15,10.3
1kf6,6.7
3qw5,6.45
5l87,5.07
1qku,9.59
3opp,6.28
6ckr,7.3
2br6,2.96
4o2c,8.0
1a7t,1.64
6dai,4.07
5w13,7.66
5oaj,6.56
5mn1,2.48
4dce,6.76
1i48,5.7
6ibx,8.7
3s71,8.64
2pzi,6.1
3rt8,6.35
2y1x,7.57
4std,10.33
3rv7,4.85
1v2t,4.71
6ggg,9.2
1nu3,4.0
1q5l,3.22
6dh3,11.3
3tdh,4.26
3o8h,6.24
1j81,7.1
5agi,4.34
1pzi,4.22
4loo,8.15
5qck,7.64
5yof,5.82
4k3o,4.44
4fai,6.99
5ory,3.45
6g38,6.62
5ito,4.16
2e98,6.23
3b9g,4.72
5y1y,6.01
6cn6,8.3
3gss,5.82
4nyi,3.06
5tq1,5.49
4bah,8.7
5d3l,6.06
6q8c,7.68
1no6,4.41
4a6v,5.72
2q72,2.68
2knh,5.15
4o9s,6.55
1sw2,7.22
5ivy,6.44
4rww,5.85
3o0j,7.19
6r4v,5.76
4lw1,3.15
4w9i,5.96
1cka,5.72
4jve,7.07
6q6m,6.89
4p6c,4.0
4tk5,7.49
3el8,7.6
1rs2,4.3
5n16,5.3
4amy,10.82
3hqh,4.2
1g9t,3.28
4jze,8.15
3k5u,6.51
2upj,7.39
3f3t,4.59
3zxe,3.35
3d4z,4.89
3ew2,6.67
3lle,4.97
6e5l,7.18
5fl5,8.19
4bcm,6.91
2avv,9.26
2iuz,5.55
3sud,9.85
4oth,8.05
5tzy,8.7
1o4k,2.92
6gfm,5.47
5wf3,5.85
5trj,5.92
6f6r,8.25
2x96,4.03
1q0b,5.17
6pge,3.62
5ha9,5.78
1rti,4.77
4uhg,6.27
6dz2,8.85
5g3n,7.92
6iam,6.85
4lwu,8.3
2ydf,7.66
2gni,5.64
3hu2,7.22
3p8e,5.15
1m2q,6.1
5za2,5.77
5aaa,9.42
4l32,6.84
4ybi,6.6
3ud9,4.67
6g1w,8.14
4lm4,3.04
1ind,10.05
4kwf,4.82
4fut,6.51
5av0,3.55
6m8y,6.38
5wbk,6.03
1idb,7.96
4dj7,6.3
4b4n,3.44
4jaj,5.26
3da6,8.7
3evd,6.91
2r8q,3.24
1bq4,5.22
6bm5,5.84
6hv5,6.49
3l5r,7.42
6pvz,3.47
1guw,5.72
2bz6,7.09
1zub,6.57
5umw,4.23
6dar,6.66
6hoq,6.39
3fv8,6.8
6ma4,7.35
3eft,7.92
3axk,4.15
1d7i,3.6
5wxp,3.35
3uri,9.0
1lqf,8.3
3eky,9.64
4jlh,5.4
5qqp,8.28
1ydd,7.07
3pwm,9.1
5qax,3.8
1grp,3.72
4odk,3.8
4n98,3.55
5eef,8.32
1eb2,6.01
3mj1,7.82
1bim,8.92
2q8h,3.0
4qoc,9.92
4pnl,5.52
5tig,4.22
1hp0,6.7
4hev,6.34
6n9l,6.7
5lgn,5.54
2rcu,6.68
1gbq,2.46
4jln,7.78
1l5r,4.77
3r4p,7.96
2x2k,6.52
2vyt,2.74
5i9i,7.3
6bw2,7.68
5mgj,4.29
2piz,6.77
3qk0,8.7
4jg1,6.63
4cnh,8.4
1kkq,6.62
1b6l,8.3
3cic,8.52
5kva,5.14
6pga,4.54
3k83,7.66
5l17,9.3
6cmr,6.61
3b82,4.43
5n2z,5.31
3qci,5.42
4i9c,5.51
4bb4,6.72
2f7o,7.44
3g1m,6.3
3smq,5.02
6i0k,4.89
2evc,6.54
4deg,8.22
4xv2,8.27
3zhf,3.92
5boy,5.6
6od6,8.21
2ycq,9.85
1d04,4.59
1usi,6.74
5nk3,7.42
3bgz,6.26
2wa8,5.42
1a09,6.7
5i89,7.48
6df4,7.64
5nz2,5.03
6do1,8.08
5idp,7.35
6nji,6.99
4aph,5.4
2g63,8.17
5a3w,5.82
3w0l,7.02
1ssq,6.0
4a50,7.91
6mub,7.0
1b6k,8.74
4o0a,6.72
1gvk,3.05
4iwd,9.0
2i6b,7.17
5kyj,7.89
1i8z,8.9
2gh9,6.0
4d2r,5.48
5yu9,6.74
5i24,7.42
3vtd,7.92
6tel,9.96
5fxr,7.42
2xk4,4.77
4u6r,7.85
5myg,7.51
3vw0,4.67
1w3l,6.28
5zk9,7.34
6nzf,9.04
6mod,9.15
6ibs,4.96
2nng,5.36
2g71,7.46
6f20,4.31
5fpp,4.0
4ge6,7.47
3k4d,5.11
5ut6,4.24
6ax4,8.22
3mg8,8.92
2x8e,7.85
4ca4,7.18
1hiy,3.08
5aol,2.32
4o09,7.7
3l3z,4.87
3ov1,5.2
6gvz,6.4
3ob2,4.59
2mnz,5.19
5jf5,7.2
3u4o,7.28
2h2h,4.98
3c39,3.96
1szm,5.53
3chc,4.09
1nnb,5.0
5f1h,7.85
4aof,7.1
4mep,5.33
2wf4,7.89
3t5u,7.59
5nw0,6.52
3rxp,2.08
4ybj,9.28
4ozj,5.4
4ght,5.78
1b39,6.92
4myd,4.55
4jpc,7.03
3gz9,8.4
4yl0,8.22
5vfj,4.7
4att,6.98
4isi,8.14
5dxe,6.41
6g35,7.76
6eqm,7.96
2a3x,6.92
2gpp,5.7
4bxn,8.0
6hsz,6.94
3e85,5.38
3c88,6.8
3q8h,4.15
3n4b,7.02
3r9d,4.15
6htp,6.8
3uo9,7.1
4mro,7.06
3qkm,7.42
1jzs,6.6
3w2p,5.09
4h7q,5.06
4fnz,7.8
4k6i,6.2
4bo8,6.92
6ei4,5.28
3c3r,4.39
4cfe,7.22
5oae,4.6
5wqk,6.3
1k21,8.38
5ld8,8.05
2pj9,7.92
5z7b,4.89
2oji,7.07
3br9,7.21
3qyy,5.08
4pms,8.1
1g98,5.7
5ty8,5.46
4mzh,7.18
4v24,8.37
4gk2,8.8
4i33,8.33
3f3a,4.19
1oxg,10.57
6b7h,9.03
6d59,7.0
2qi3,10.2
1df8,9.7
3cbs,7.24
5mi5,6.77
2h5d,8.19
3f34,3.16
6n95,5.12
5e90,7.85
4a4x,7.23
5elz,6.34
6e1y,7.66
6axb,6.3
1bm7,7.52
4n3r,6.82
2igy,6.95
4n4v,8.7
6n54,7.75
4umu,6.19
2vj9,6.74
3wqv,5.21
4unn,6.38
4mm7,3.63
5epl,7.03
3lf0,5.71
2vj1,5.3
2aoj,4.66
4mbi,8.15
5oq5,7.7
4j1f,7.92
4cby,7.7
4bo6,6.74
4cpw,7.5
3vvz,4.58
3d0b,6.54
4jxw,4.72
1fo3,6.7
2xke,5.38
2igv,2.23
6r8r,7.07
4uwk,9.0
5q1i,6.24
5ylu,8.62
6aum,9.1
2qlj,5.36
6eux,5.92
3zso,5.12
4bnz,6.59
2ony,6.68
4bzs,7.12
3b2w,9.22
4knn,7.78
1x6u,3.22
4fcm,3.94
6ouv,5.55
6phz,3.46
6o1g,9.0
6i14,5.82
3g6g,8.55
6i11,4.53
5zh3,4.67
3o9c,12.05
5jha,5.9
2ph9,5.89
1w51,6.3
5h1t,3.8
6miq,4.55
4zs3,5.18
6n5c,6.43
3cft,4.19
3f78,3.1
4abj,7.47
1k1l,6.9
3gp0,7.44
5lxb,9.77
4non,5.24
3ge7,8.7
4qip,5.15
1soj,6.62
6ea1,6.59
3zh8,6.47
6i4x,4.9
3atk,2.85
2qwg,3.64
4km0,6.04
4c1u,7.09
5t2g,8.1
5yve,6.48
6p3u,7.02
4mc2,8.19
2r6n,9.0
1e00,6.1
4j48,5.62
6gu7,5.81
1bju,4.8
4f3k,10.16
6itq,4.69
5l0h,5.64
4eu0,6.4
5el9,7.64
2fkf,2.92
2iws,6.36
4rj3,7.03
4zz1,7.89
1lxh,7.19
2cct,5.02
5gut,6.29
1xh6,7.32
5eqe,3.88
2pg2,5.77
4hy9,7.1
2vqj,6.44
5khg,4.69
5xbt,5.14
5em8,5.96
6h76,7.52
6djc,6.63
5tgc,6.7
187l,3.37
4b6s,6.01
3tfp,6.47
2fgu,9.18
2q6c,7.78
3que,8.82
1o6r,7.1
1g4o,8.25
1xnz,6.62
3v7x,8.57
2fou,7.1
2x8i,6.72
4l2g,6.68
2rfh,6.82
3psl,6.89
5ngb,7.72
2qoa,7.28
1cet,2.89
5cj6,8.69
6jsn,8.42
3pkd,6.12
5j9f,7.23
3bze,6.0
5iha,8.05
1nw7,5.09
2jbu,3.4
3qck,5.24
3cd5,7.9
3e9h,7.55
6jfk,4.84
5a6h,7.06
4qr4,6.6
6ap8,5.1
1noj,3.15
4xnw,7.74
6alc,7.51
6gg8,9.1
4bea,8.3
3ip9,5.62
4eyr,6.63
2bpv,7.67
2d06,4.08
3wig,8.64
1af2,3.1
5vpm,8.8
4oz3,4.55
2p4s,9.51
2waj,6.4
1tx7,4.6
2gg5,6.6
6fil,5.85
6h4p,6.99
3f8c,7.68
1fkb,9.7
4mhs,5.29
3f88,8.64
2olb,5.54
2pjc,8.72
1f5l,5.28
4x8g,6.0
3zqi,7.19
5hfb,4.57
2vtp,8.52
4xcu,8.22
3oy3,7.45
5svl,8.55
3vdb,2.52
6ilq,6.36
4i7l,3.99
2v59,7.74
5ti4,4.59
6mmc,3.61
2ay9,2.16
1wbt,6.47
6b7d,4.28
6awp,7.16
4n9a,4.19
5lgq,7.05
6f6u,4.8
1o2z,6.11
4xkb,6.1
5myo,10.53
6h36,9.35
3gr2,2.52
4crb,7.57
4jai,8.4
6bfd,8.3
2h1h,4.52
6e05,4.26
6cbh,6.29
5k5n,8.05
3nti,5.22
4fmo,5.53
2azr,3.64
3ifl,8.08
5os7,3.69
5f1r,6.0
1q6s,7.92
6qsz,7.15
1vyf,8.05
1zeo,6.68
3iod,4.1
3w2q,7.18
5hey,5.66
6er4,2.77
4lpf,3.51
4gfd,9.48
2wlz,4.6
3e90,7.39
3rpv,7.15
6aud,6.22
1syh,6.41
4i47,6.92
5cp5,5.91
4d8n,5.74
1rwx,7.37
4uvv,7.49
3ocg,8.52
4gki,4.46
4puz,8.11
2oxd,6.82
1aze,4.22
5ti7,4.96
2y80,8.05
4ksy,8.42
5z1c,2.86
2aj8,6.2
1b52,7.12
2vvn,7.3
5cep,6.84
5f6u,2.52
2vsl,8.4
4axm,7.89
3wqw,5.23
1ela,6.36
4bt3,3.12
6f23,8.3
1bil,9.3
2lty,5.38
3ldq,5.36
1h6h,5.3
5yso,7.4
4qf8,7.51
5vsk,5.74
5lzj,3.9
3zm4,5.96
1ikt,3.4
5dpa,4.65
3krj,8.96
5ei4,4.58
2exc,6.63
2w10,6.77
3mxr,4.95
6n48,5.92
5lj2,5.0
5zr3,7.01
2ovz,7.89
4zum,6.57
4eej,7.15
2xas,5.89
6h41,7.05
2v2c,3.41
3mho,6.49
5zdf,5.7
6hks,4.28
4od0,9.04
6o4w,8.47
5h8g,10.32
1qti,6.44
1hi5,4.04
2wev,8.0
2cvd,6.1
3rm8,6.15
3rz8,8.17
4pmm,7.57
3p44,8.01
6ovz,3.85
2wtd,6.68
3dcw,9.0
1f0s,7.74
5j5r,6.89
6k5t,4.24
5jnl,6.57
6f9r,4.97
5yvx,5.89
1z1r,9.22
4zyt,7.77
1ydb,8.24
1h5u,6.75
2fqy,6.57
1ahy,3.36
3djp,4.2
4e28,5.89
3wav,6.74
5hn8,4.01
5ofx,3.96
5t1i,3.92
4css,8.46
6d8v,5.42
4zeb,6.52
5t6p,6.06
3jwq,7.6
5tgy,7.35
4hvb,9.95
2nnv,7.52
3p7a,6.28
4jft,5.46
3lp1,6.92
4rn0,6.59
1k2i,3.11
4mk1,4.8
6jaq,3.95
5fnu,8.89
6pu3,5.23
4np2,2.26
3zhx,6.68
2i1r,5.01
5d1s,5.02
1db1,9.26
2q6h,3.6
3oe9,8.18
6h12,7.68
5v49,7.3
1s89,5.24
5a3n,7.72
2pk6,10.89
4kn0,7.4
5qim,11.22
3kba,7.8
5zg0,7.09
3are,6.21
5mxv,4.92
6gub,7.64
1jd5,6.62
2j95,8.4
5htc,6.82
4gtp,7.94
4oow,5.37
1rp7,8.52
1g3m,10.0
1qk4,4.21
3olg,7.84
5kad,4.43
3atl,4.76
3g5y,7.46
4j5c,5.52
4x5p,8.21
2ceo,10.0
6pno,5.32
5ftq,8.0
4bjb,6.66
3mi2,7.77
6itp,4.65
4a0j,6.0
5nrf,6.79
3coz,5.57
3arr,5.4
1o3p,6.66
4urn,4.46
6me2,9.37
6nyh,7.68
5w8h,4.63
2i5f,5.12
4kc4,3.23
2wf0,6.68
2zv9,8.05
6fa2,6.66
1epp,7.16
5ngz,2.89
4o7f,4.89
2hah,8.0
1bnn,10.0
4tim,2.16
4lwh,7.57
3f15,8.1
5to8,8.51
1gcz,5.13
4mny,5.71
5f6v,2.24
4mcv,8.89
1eix,11.06
4e67,6.48
5ad1,7.24
3oad,9.62
2hjb,4.39
6cd9,4.42
3qti,7.85
4hdb,8.05
5jjm,7.51
4re3,8.57
5tyi,6.89
4mo8,8.0
1fgi,5.0
4g2f,6.8
3li2,9.0
2wr8,5.44
3efw,8.4
3wdz,6.92
5u48,6.33
6fnr,5.59
4heu,10.01
1bnv,8.77
3t3g,5.49
6hvr,6.48
5wpb,3.57
4cpq,7.74
4n5g,5.0
3ard,6.76
4na7,9.7
6min,3.91
2vf6,8.52
5hlm,5.9
1o6q,7.64
5wew,6.74
6afc,6.03
2pzy,7.47
4uma,5.41
4pm0,7.35
3zc6,9.22
6uwv,8.0
1yqy,7.62
5h0e,6.68
3rqw,2.7
4pnr,6.34
6f09,5.97
2wvz,4.02
4i5m,8.06
2lpr,8.89
3u8n,10.17
3c9e,8.0
3p9h,5.06
4wp7,6.1
4oba,9.4
1mqg,6.28
6a8g,6.61
6n7y,5.11
4oks,4.48
3o9e,11.3
6cpw,8.25
5odx,6.71
4oaz,5.77
4c3k,4.97
3f68,5.06
4x6n,8.82
6det,8.22
3r00,5.07
2ha4,2.7
3s8l,5.64
5eb3,1.45
6pek,6.52
6mu3,6.15
4fpf,4.41
4e8z,6.64
5hda,5.13
3kid,3.18
5dw1,7.1
4e3m,9.7
2xnb,6.83
4qrh,5.15
6d6t,8.21
1rtl,5.59
3k8d,5.77
4rd6,6.28
4bdd,4.43
4wvt,5.31
4zud,8.16
5fwa,4.79
4prp,5.66
2nmz,8.37
1g7f,5.47
4exz,7.54
6fam,4.01
1pmn,8.15
4xxs,7.28
3skh,6.05
4ib5,6.25
1jqd,5.16
5u9i,7.31
5iee,4.94
5wa4,5.89
4efg,7.26
3k0h,4.6
4lh2,1.24
1h46,3.57
3dx0,7.44
3tct,8.52
6bfa,9.0
2a4w,8.29
3qdd,8.77
4ag8,8.96
4z88,5.39
2xnm,6.8
6dgr,4.91
6oy2,9.87
5ggz,7.25
5eqy,8.0
5e8a,7.47
5k1d,4.68
6ohu,6.78
1z95,7.12
4mnp,7.34
6dl2,7.48
1k1n,6.82
4b1d,7.49
3h89,7.64
1vru,7.0
4ehz,8.0
3efk,7.85
5mf6,4.36
1f92,6.19
5ew9,11.0
5a85,5.3
2byi,6.34
6gl3,7.96
4kyh,5.92
2a3b,3.33
5w0f,7.8
1vyg,8.0
5csd,7.89
6j9w,5.13
1nfw,8.96
4iqu,6.24
3bls,5.14
2p3b,8.48
1ezf,7.25
3aid,6.86
1ztq,8.89
3syr,5.1
6s9x,6.42
5fbo,9.51
5cjf,9.59
2zx8,9.64
6qfq,7.1
2j77,4.89
4e4n,9.05
6qfh,5.86
3fuz,6.54
5mhq,6.96
4utn,6.15
4lj3,9.0
6oyz,6.73
6mtv,5.11
5ze6,3.35
4o91,6.83
1ocn,6.39
6qhc,5.2
3pa8,5.75
3p7b,7.74
6n93,4.69
3jzk,5.91
4tpm,8.62
4wn1,8.29
1pyn,5.49
1af6,1.82
5k00,8.15
2jc0,4.7
4az5,5.99
5d7c,6.85
4n7m,5.47
2j94,6.27
1nox,7.05
2zxb,5.3
3rz3,5.76
6fmj,6.12
2eh8,7.96
1c1r,7.63
2y2n,4.57
4knr,5.74
2bua,4.52
3h52,4.85
6d1u,5.44
4joj,3.96
5w2q,6.88
6eb1,5.33
6n96,5.42
2xn3,5.92
4hnn,5.7
3s3k,4.01
3g4f,4.52
1ph0,6.92
4yht,9.22
3rv3,2.0
5a4l,5.41
4tju,5.44
6fni,8.22
2xl3,5.25
3dpc,4.36
1mns,4.17
3n4c,8.02
1l2z,3.69
5wqj,5.52
4ajl,3.8
3rqg,4.64
1lt6,3.3
5yzc,5.52
3pn1,6.96
5ue4,6.36
4rro,7.59
6h5w,10.8
5xms,8.14
5ar8,8.1
1lhd,9.62
5n1s,7.99
5l8c,7.0
3bc4,5.35
1csh,7.55
5luu,5.06
3vp3,4.95
4wef,2.59
4g0l,5.19
2zsc,7.06
4lps,5.74
1pq6,8.1
4mn3,5.75
4z6i,6.31
6qw9,6.64
3hky,7.1
1a94,7.85
1ze8,7.68
5hrx,5.29
4rn2,5.82
3snl,9.15
4e9d,7.7
5z95,6.55
5khm,8.3
6mku,7.15
4eol,6.05
6rnt,2.37
1j4k,4.0
6bau,4.51
4e9c,5.96
6n77,9.24
4f6s,5.49
4uyf,7.6
3srv,7.5
1yyy,5.09
5l4h,3.75
2osm,6.2
5ih8,6.74
1gyx,2.48
2qi5,10.85
4kiu,3.85
4qlv,7.85
3cs8,5.77
4r5g,5.22
4ovz,6.31
1opi,7.3
3jy9,9.0
5yh8,6.78
3e0q,5.89
5kns,6.12
2p8n,3.15
6e5b,8.66
6b4h,8.52
6mh7,5.74
5trh,5.08
4kne,5.9
2f5t,5.17
6h4q,5.69
1u59,7.25
5kbe,6.34
2c5x,6.6
4yh3,4.59
4dn0,5.72
2o4s,10.51
3e12,5.99
6chl,8.05
1o2x,5.85
5w94,4.65
5m0d,6.09
5mi3,6.84
4er2,9.3
1gx8,6.37
2wi5,6.05
4asd,9.28
1g4j,8.7
2uy3,3.22
3v2n,6.1
3eg6,5.77
5hjb,5.68
6bmx,4.72
5j18,9.15
5u7j,6.41
3tlh,8.82
4w4s,5.02
2g6p,6.22
5eh0,7.74
3so6,5.39
1aku,6.13
2w6c,8.41
6giu,6.66
2y1d,6.82
4ufk,3.89
5ung,9.47
4ec4,7.6
3mam,4.12
1lhe,9.54
6aam,8.32
4d1b,4.44
5ov9,5.66
4el9,5.36
2xui,15.0
6npu,6.4
2gph,5.3
1fpc,7.0
3ekp,8.89
2uuo,3.77
2aow,7.42
1m48,5.09
3h0s,6.2
1os5,6.85
3tdc,8.27
4ngh,7.52
4ktc,9.0
4azy,6.7
3av9,3.36
4i4f,6.19
4nyt,2.39
5kbh,6.26
5o5m,5.23
5xyf,5.98
5zqo,7.71
3kai,5.41
3jvk,3.93
6mlp,3.7
2gbf,7.92
4g8n,7.2
6peb,8.57
5dhs,5.22
5sym,6.55
5u4g,6.1
3b3x,3.6
3nyn,6.0
4piq,7.1
5u0d,4.54
3waw,6.24
4uuq,7.54
2vo5,4.89
2rkn,7.22
3cj5,6.34
2qoe,7.6
4d8z,6.29
3lka,2.82
4dk5,8.4
4ezt,5.13
5u0e,5.11
3gjs,4.99
1ywh,7.79
3h26,4.49
5mno,3.84
5g4n,4.0
6bu0,5.96
3fsm,7.0
5i13,5.08
2a2g,7.0
4ohk,8.3
5zym,5.77
6pia,4.96
4r4q,5.09
5o0s,4.24
6j3o,5.62
5orz,3.36
4ucu,3.35
4de7,4.8
3k16,5.8
1fzq,7.62
5yj8,3.98
5w88,4.52
4y6s,5.03
4nk9,8.51
4tw6,4.21
4ge5,6.57
5mtx,7.75
4j59,5.85
2h96,6.64
2cet,8.02
1nhw,4.84
5fck,8.22
2y2h,4.57
4n5t,8.15
6f8u,6.1
2jj3,9.55
1ujj,6.1
5mft,7.47
5czb,8.0
6fkq,8.0
6bnl,6.96
6cwn,6.65
2gg0,5.77
6b96,7.84
4uro,8.4
4xm6,4.05
1ylv,2.7
5tkk,8.28
2jbk,6.4
4ufg,8.15
1u9q,8.33
6oio,6.54
4l4v,5.78
5myl,5.0
4k0u,7.26
4etz,6.3
5ovg,6.4
6flg,7.52
2j2i,6.7
5j5t,6.96
2c68,5.74
4xmo,8.7
3ooz,7.85
4ajo,7.03
2bvs,4.1
5m55,6.62
6h7d,5.49
1ozv,1.44
5o7e,8.0
4uat,5.89
1k1m,7.4
5emm,7.74
5ehy,6.09
4qhp,8.05
5ale,5.95
1fd0,8.4
1w96,8.41
4zdu,5.77
3v6r,6.15
2wig,3.43
6b7c,5.14
5lrk,8.82
6pit,5.92
2cf8,8.1
6gcx,9.22
6myn,7.85
3g9l,6.13
2c90,3.48
3gws,10.09
4olh,8.3
2ce9,6.03
3gk2,2.7
3hdz,7.29
2dwx,3.74
4iqt,6.11
5ny6,7.87
5d25,6.3
1o6i,3.19
2i4z,5.7
1pxj,4.89
4bg6,7.16
4uiv,7.8
5d10,7.14
5q0h,7.92
1o35,5.0
3nuo,9.8
5hip,6.05
3dbu,8.06
6i8y,6.74
4keq,3.82
6a73,6.48
2q92,5.96
1h28,6.52
4duh,5.18
1cw2,6.15
2a3w,5.42
5mrb,6.33
6qr4,6.23
6ey9,5.91
5opc,4.54
4av4,7.03
1xuo,7.16
2vqm,6.01
2itp,7.95
4lkf,5.37
6e13,6.7
1nhg,7.3
3m6p,8.35
2zq0,6.82
1tnl,1.88
6aol,6.27
2ja3,4.0
3t82,7.0
1nmk,8.24
3uxm,4.7
1gnj,7.04
5n17,5.32
5dl1,5.0
3ogq,7.52
6mln,7.54
5i3w,9.22
1x8j,6.96
5cs3,2.15
3omg,4.72
3rxe,4.76
2avm,5.7
2k1q,6.22
4uwf,8.15
5ael,7.41
5vnb,5.3
5n4s,7.26
3rsv,9.15
4pku,4.52
4pl5,4.96
1v2r,3.55
5f4r,7.02
4mzk,5.31
6gj5,3.36
3eu7,6.18
1jif,6.2
1f28,7.8
1laf,7.85
4g8v,5.8
3bhb,8.47
4b5b,6.41
1q4l,7.4
3f69,6.0
3gcv,7.13
5cin,7.74
5op8,4.18
2vwx,7.4
6c7j,8.88
3l6h,5.4
3d1g,5.0
1w13,8.7
2wf2,7.59
4mhz,6.87
3lpk,9.1
5itp,5.0
4qz0,5.46
6aec,6.15
2xib,7.26
4o43,4.3
4wwo,7.42
4alu,7.77
2xyt,6.29
3ctr,5.16
4e5h,6.37
2ql5,8.1
6ntb,5.15
4jp9,7.62
5byy,7.01
1azl,8.62
1iy7,6.19
1jr1,8.22
4ogt,10.0
1dbj,7.68
2yb9,9.22
2oag,8.47
3vfb,9.04
4b00,8.61
4u5o,2.42
3eig,7.68
2qry,8.64
6huq,7.14
4gcj,7.7
1f2o,1.91
5wi1,5.0
2wmw,6.41
5k7h,6.0
2qlb,5.89
5f0f,6.0
5f39,5.1
4hj2,2.53
3pwk,3.35
6inm,6.29
3vw6,7.85
4djw,6.28
2qyk,5.48
3tzm,7.77
6bw5,8.25
2rt5,6.72
2xct,4.51
5xpl,7.7
5dtr,4.41
1c3e,6.59
4bdb,4.07
3sqq,5.32
3p4r,2.72
4w5j,7.24
2jdh,6.51
4nk3,6.33
3dcq,5.23
5ksv,5.22
5myn,4.52
1g1e,7.54
4ze6,2.48
4o1l,6.7
3n2c,5.12
1g7v,6.4
5d26,6.09
4nmp,4.04
2hai,6.28
6n3o,8.62
1qj7,8.1
4oz1,5.62
3su4,6.26
4aba,3.82
3ip5,6.22
6ic6,7.82
5o1d,4.66
5kr8,6.82
4z2k,5.78
1nl4,9.41
1nf8,7.82
5uwl,8.03
1jyc,4.34
4q09,8.17
6a9c,2.74
5ks7,5.32
2c0o,5.91
4olc,6.19
6h38,8.11
1iau,7.1
6ufn,5.64
1m74,7.0
3n7r,7.7
3wtj,6.53
6dtn,6.8
4fz3,3.73
3aza,5.13
4wn5,7.41
4mjr,3.55
2vio,4.4
6hlb,10.27
6gop,9.15
1d6n,4.5
3hy9,7.77
1rgk,4.31
4tlr,8.52
2yex,10.0
3pb7,5.74
5hm0,6.36
1sj0,9.1
3oj8,8.36
2i4j,6.16
5j9l,7.47
5nkd,7.59
1dbb,9.0
5yia,5.52
1qan,4.48
2yol,6.89
4du8,5.37
6dkp,7.44
4eqf,6.81
1utn,3.49
3wnt,6.28
4k0o,3.0
5ldo,3.75
1ejn,5.62
5iz9,5.42
2bpm,8.7
3er5,9.0
6drt,4.97
5ff6,5.02
3shz,7.44
1cs4,5.57
6do4,7.68
3ehw,4.82
2jkt,6.51
4at3,8.4
3wym,9.52
4oak,4.22
5div,6.85
5hjq,4.72
2hw2,2.97
3e3c,5.62
6u80,4.43
4yat,5.03
1wu1,7.74
5l99,3.32
6bbu,7.54
2xj7,6.66
5tho,7.64
5fpi,4.14
3wqh,8.48
2fxr,7.6
2gd8,7.41
3zcz,6.77
4k18,8.96
3sou,5.68
3h23,4.71
2v58,9.09
3ddu,7.4
6m89,5.64
5vsb,5.12
4edy,5.83
3wd1,7.66
6jz0,7.82
3gta,4.28
3iok,7.96
1ag9,9.0
2w1e,7.92
2b52,8.1
5wb3,7.22
1inh,2.3
5iu6,3.89
5kxc,5.26
1fd7,1.85
5mxf,3.59
3tjc,7.51
4b6r,5.85
1p4r,8.1
1auj,8.25
4xtv,9.27
4ea1,6.44
3ml2,8.05
4zga,7.7
5arg,7.57
4bis,5.85
5lzg,3.1
3ixj,9.49
2iku,7.1
5khk,6.39
4eo4,6.35
4ido,4.93
5uch,6.01
4ny3,4.31
1z4n,4.52
2y6s,6.99
2kce,6.17
4bps,2.99
1nw5,5.21
5c26,6.77
3vru,10.0
5iok,5.02
2x0y,4.6
6eog,5.8
4e5j,4.73
1t37,4.35
5uov,10.6
4o6w,8.52
2x6j,7.44
4jfk,6.44
1axs,7.77
4ty1,9.26
4z0f,5.77
2joa,5.96
5a3q,8.6
5kjn,7.77
4zt6,8.0
5g6u,6.66
6pl2,8.06
4fvq,6.0
6rn6,6.8
3iae,3.89
1z5m,7.52
2gg9,5.46
3h9k,7.85
3k27,4.44
5wei,5.7
1ym2,8.0
5uiu,9.7
5his,4.71
3oe8,8.14
1b46,5.28
3k5f,5.43
5mo2,3.84
4w9w,7.48
2haw,4.92
6csq,6.39
2opb,8.74
1om1,6.77
1b9j,5.96
2pqz,5.67
4zb6,6.28
2ivz,6.04
2itz,8.59
1utj,3.84
5lh4,6.96
3u9c,5.89
1mu8,9.0
4q4r,6.43
5db2,7.6
1b6m,8.4
1xdg,7.3
5ai8,3.9
5d3s,5.89
2ez5,5.52
3v4v,7.38
4rss,8.77
5vqz,6.39
4cjq,3.59
1gja,5.42
3t64,6.7
3g0f,7.66
6b5m,12.0
4dwb,5.74
4cmo,9.07
5hct,7.6
3svv,6.94
5avi,6.06
6hq3,6.11
4p4t,4.39
6fdc,5.64
4us4,5.32
5wgd,7.11
2y5h,5.79
5wzw,5.91
3psd,8.52
6g86,4.49
6mx8,9.43
1u1w,5.85
4o3b,6.09
6bod,4.26
3c4c,6.8
4q1f,8.04
5t6g,5.96
2j34,7.82
4agl,3.65
4m48,6.81
2f2h,5.7
4r4i,6.27
5bwc,7.21
6e3s,6.78
6aqo,6.11
5hex,8.0
5u0g,4.58
5kx8,7.42
1zrz,5.24
3zyf,4.85
3ijh,4.0
5y8w,6.64
3udp,5.22
6er3,3.24
4hlk,5.96
4ow0,6.82
2j9l,4.0
4avt,8.06
2f71,5.6
3nba,3.41
6aeh,5.75
5ya5,6.72
4b35,2.89
3igg,7.18
5x4m,2.92
3n7h,4.5
5j0d,6.87
1jws,4.85
3fv2,8.11
3cke,6.1
4z84,5.82
1oiu,6.68
3zkf,6.02
4qz1,5.44
4oeg,5.05
1c50,6.48
2fyv,3.52
2qpq,6.37
6rml,5.82
3l7c,2.44
1thr,5.38
5kkt,9.0
2ccu,6.13
4k75,4.25
6njj,5.99
2c3k,7.59
5un9,7.68
1t4v,7.68
1u33,4.6
4qgh,9.0
3dst,9.08
5l7f,9.05
4n6g,5.47
2fpz,3.96
5ops,5.06
4kx8,7.13
3adt,4.55
4yhp,8.7
5u0w,4.24
3blu,3.46
4wq2,6.3
2we3,4.43
4g0q,2.52
1utm,3.01
3jzr,7.44
4i5p,6.42
5ef8,8.85
2ydi,6.82
6gjm,3.58
3zsq,4.96
6prc,4.77
4kqr,3.9
6h14,7.86
4zme,4.3
6epy,6.46
3jzo,8.52
4p75,4.1
6rtw,6.43
5n3v,4.34
3emg,8.05
5mhp,7.82
4my6,5.62
2pbw,8.25
1h3a,6.55
5fp0,7.77
4ghi,7.09
1fax,7.39
1f4x,5.59
6el5,6.88
1bty,4.74
5em7,7.72
4im0,7.72
2x38,6.89
2drc,9.89
5iua,8.82
3jwr,8.07
6jno,6.63
1cwb,7.89
4y64,3.1
4u0s,6.8
2j9n,4.7
6ep4,5.35
3l4t,5.42
2q80,4.6
4wxi,8.08
5nn4,1.94
4wf4,3.11
6ap6,5.37
6bhd,5.03
6fby,5.03
2wzs,3.85
6qlt,4.04
2fqw,6.68
6o3y,4.42
4j44,5.73
1lgw,4.0
3oxc,8.41
6apt,6.05
4zhl,6.47
4lkj,6.7
6afg,4.86
4prn,5.66
5hu9,7.62
5ivn,8.85
1hge,2.27
4o74,7.6
5dls,8.36
1h08,4.55
3eyf,7.03
2z5t,5.62
6oy1,10.24
6nti,4.57
4b9w,4.17
4qsm,7.41
3kfa,7.6
4r6e,7.78
2e2b,7.96
6gu6,5.74
4tz8,3.3
6q73,6.9
1d4w,6.92
4del,7.68
3lfs,5.6
3i51,7.7
2va6,6.17
3lj3,9.03
1n0t,4.91
2vwv,4.8
2xwe,6.02
4tmn,10.17
4h3i,8.52
1o7o,4.49
6kjf,4.97
2ovx,8.7
4ah9,2.46
6axq,4.0
5xhz,6.49
2ban,9.0
2vr4,5.68
2xkd,5.64
4jx7,6.91
3ihz,6.8
6c1s,8.52
1u2r,5.41
6ha4,3.97
5tzx,7.28
4v1f,7.7
3ok9,11.23
3dog,7.4
2h2j,5.38
5wrs,5.52
4whl,6.4
2vcx,7.68
5v37,9.47
2ofv,9.7
5g10,8.01
4a7b,7.4
6b98,4.65
6cef,3.74
1fkw,5.05
1uj0,4.57
4og7,6.94
3p50,4.62
4dem,7.55
3ha6,5.68
5c7c,5.26
6md0,5.9
2ww0,5.3
3o9v,7.74
5c28,5.66
5nwi,6.16
3qs8,4.74
4oty,7.4
2yix,8.48
5dxg,5.92
4clp,1.27
1tlp,7.55
6eqx,10.47
4xx9,5.08
6mqe,11.29
4mi3,4.12
5j7b,8.3
3kme,6.14
3ary,6.0
2wuu,7.16
2qcf,3.49
5ogb,7.47
4z7q,4.29
1ebg,10.82
4p58,4.6
4qdk,5.85
3uev,5.89
5alv,4.36
3r4n,6.89
5vio,8.62
4ez5,6.52
2ybu,6.38
4jv8,5.85
1yci,4.08
3bt9,5.71
2xa4,8.52
6fyp,6.84
5vom,6.1
4ep2,5.35
3aje,5.03
4rlu,4.82
3uw5,7.85
4cws,7.92
2afw,4.77
3i6z,7.3
1rhq,7.75
4qsk,5.1
5sys,7.36
6bh2,5.62
1w14,8.52
2uy0,6.92
1b1h,7.03
4bo5,7.1
6h1i,7.36
4yec,7.6
3iw7,5.64
4bhz,4.27
3mss,4.66
3oe0,8.6
4mdq,5.92
5qb3,4.31
3hwn,8.7
2qcm,3.35
6bij,6.05
3v31,5.8
3h30,4.53
4loq,8.15
4nzb,4.17
6hf5,5.17
4os7,4.62
1uvt,7.64
2wgj,8.7
6fgf,3.96
1mkd,6.8
2zns,6.54
5a6n,4.28
2qnq,6.11
6cdg,5.72
4jv9,5.74
6bw8,9.0
3mv0,3.85
2xbv,8.43
6dil,8.12
3i4b,8.15
5c11,6.47
5vqe,1.49
1odi,4.21
2c5n,6.66
2qtg,5.08
4gs9,5.66
5toz,9.46
1zpb,6.07
2m3z,6.57
6nyw,6.64
6gz9,2.13
3mn8,6.17
1f8d,3.4
1bnw,9.08
1q1g,8.57
3gtc,2.35
3f35,3.16
5a0c,9.27
2h6b,5.39
6jam,5.23
5jss,6.45
4alv,8.15
3r02,9.0
4o2p,6.7
5wfz,8.0
4ynk,8.3
4okp,2.7
6hh3,6.24
3gcq,6.47
6u5y,7.16
3mj2,7.82
2uvm,7.1
3f39,1.78
4qab,9.7
5f2k,6.16
1c7f,9.52
1s4d,6.49
4fr3,7.15
6qtm,5.25
3fee,6.64
4mgb,5.44
4hxq,7.22
2i0g,9.72
6aps,6.66
6eku,4.28
4kif,4.84
5wzt,6.66
5nzf,4.03
3u7m,7.45
4kmd,5.41
4nuc,6.04
2vfk,3.71
3vfj,7.04
6o0o,7.44
5i94,7.52
3nx7,8.1
3jsw,7.18
6fiv,8.08
6ndl,7.19
1zsf,9.92
5kkr,6.92
6ncp,5.74
4bh3,1.92
1z6d,2.34
4ycm,7.72
5trg,7.82
3iu7,4.8
5jm4,7.42
3r91,7.04
3hll,8.24
2ybp,4.62
6h51,6.87
3otq,7.39
1nfs,9.92
4y8x,8.43
3chr,7.21
5ttv,7.54
4l6s,8.52
6fns,4.03
1jeu,6.82
3r2b,8.4
3d9v,8.22
6eeo,6.43
2zc9,6.74
1uyh,4.84
2cnf,6.62
5vcy,6.57
5zyh,5.57
5mfs,6.48
4rab,7.4
4b5s,3.49
5tci,6.88
1ogx,6.09
6asz,4.72
3ex2,3.7
4qmz,6.68
4wy1,5.29
5d1j,7.32
2ow6,2.7
4xy9,5.33
6r7d,8.62
3lpf,6.68
6mu1,8.1
6e83,4.54
6j9y,5.07
4ux9,5.1
5wa9,6.76
5hzx,8.55
2vcg,5.77
4u44,8.1
5ufi,8.4
4ylj,8.22
6qls,5.35
4fc0,7.16
2iqg,8.3
1ej4,7.3
4zyy,8.05
6imd,4.23
3o9l,9.66
3bxe,5.48
1p2g,2.13
5ake,7.82
4mzj,5.8
6oht,6.45
4y85,7.89
5pzn,7.39
1yvh,7.37
2fm2,8.15
3n2e,4.96
1kpm,5.8
5znr,4.67
3ms9,5.22
3ri1,5.3
6ckw,9.08
2fwp,2.92
1rv1,6.85
5z89,6.71
4p4i,7.46
6e7m,6.66
5a8z,7.55
2in6,7.64
4ayw,4.0
3lxk,9.8
5f41,4.17
3ibn,7.61
4btx,6.54
5mwa,6.82
4d89,8.7
1qiw,7.74
3fed,7.46
3i81,7.89
1my8,7.46
4ob2,6.3
6qqw,4.72
4k5p,3.46
6esn,8.05
4hcu,8.0
6ugq,7.55
4az3,8.3
4x3h,4.23
3jvr,5.72
4jfw,6.34
4qwr,5.93
3ftq,5.33
3kyr,6.72
6i7a,4.26
2x8z,7.96
5f3g,6.9
3gxl,7.6
6md8,2.38
4w9e,5.15
6duh,7.42
1y3w,5.77
6ob0,4.96
4abu,6.28
1k03,6.0
4umn,7.2
1b32,7.1
2o22,7.17
1uyg,4.27
4pr5,5.66
2jo9,4.28
1lf9,12.0
3nil,3.46
5nf9,5.33
6hgv,5.55
2nww,5.48
2uw6,6.55
3elc,2.69
6nu1,4.51
6dyz,9.2
3eax,4.92
3lcv,4.74
6c9s,7.32
6qqq,5.17
3soq,4.57
5er2,6.57
4cmu,9.7
5l7g,7.8
1hos,8.55
4j1k,7.89
4zyf,8.64
3vp1,5.48
6f8g,4.18
5ymx,6.92
4dfb,4.6
3sl0,2.7
1o0o,5.1
1wun,7.21
5db0,7.43
5e2m,7.23
5u49,6.14
2n3k,6.8
2pem,3.64
4zlo,4.92
6b1y,7.4
3wci,6.57
5zyi,7.07
4a4h,2.77
4lxb,8.15
2go4,5.15
5id0,5.77
4g0z,2.21
3udy,5.7
2peh,5.96
2ie4,10.0
2x4s,4.2
4arb,5.89
6dh8,9.84
3arz,6.0
6ahi,3.6
6dzv,6.4
5mob,4.05
5wqd,4.77
6qtq,3.72
6i8b,8.0
5u66,3.0
4crc,8.72
3kdb,9.85
5j8z,8.3
5qaw,3.4
3bi0,7.85
3o23,6.3
1k9s,6.52
4h5c,7.55
4yb5,4.71
4cps,8.27
6qac,8.21
6qg7,6.83
3ggu,9.77
1rpf,3.99
3ewh,7.16
4cbt,7.3
2hxl,7.92
3bl1,5.6
2emt,6.7
3wk6,5.2
2wij,3.2
5ekx,2.03
6rqk,2.8
2f80,8.18
6mdq,3.44
2r6f,8.0
5uci,5.37
3bx5,8.46
2ggx,3.49
6g9u,6.43
2ax9,9.52
6buu,5.44
3s8o,6.85
1b4z,5.23
4hct,7.14
4bcg,8.15
1oj5,6.1
3ff3,3.57
4gtr,8.3
6jan,5.79
2xuz,7.4
1hih,8.05
6gn1,8.0
4y5d,5.92
2nns,6.05
1h23,8.35
8a3h,4.06
5m34,6.82
5fi7,7.4
4tkb,5.59
2rl5,8.4
1xoz,8.92
1ff1,4.92
3fck,4.0
4xv1,8.38
1ka7,6.22
2cia,6.43
5mt4,3.3
4n9b,5.28
4hgl,8.1
5fqv,6.21
2wxn,7.68
4z0d,5.3
2fm5,7.37
5a4c,8.24
4fnn,7.57
6saf,6.64
6dh4,11.3
2n7b,3.55
3c89,6.07
3bmq,5.49
4ogj,6.79
4z68,6.49
5k9w,4.59
4inr,5.59
2c6o,8.22
4cik,6.43
4ibf,4.43
3jzc,8.53
1fiv,6.59
5hv1,4.1
6elo,6.29
5lif,5.87
1n1t,3.85
3fdn,7.48
6f8x,4.77
5xjm,9.37
5t54,9.06
1mqi,7.63
6d3q,8.47
2arm,7.68
4b3d,2.68
5h5f,4.43
4djy,8.27
4eki,10.0
2zoq,6.05
4ke0,7.77
2vts,7.52
4erw,8.15
6nzm,9.0
5swg,4.48
5xv7,7.96
4j1p,7.05
5jcj,4.42
5tys,10.72
6c4d,9.04
4ks1,8.82
1rhj,8.04
1qf1,7.32
4ezo,6.52
4f14,4.89
6b4l,6.47
5bqh,8.52
3sh0,5.66
2hdx,6.26
5z1r,5.7
5jgb,7.89
6o50,8.55
6fhu,2.64
3ah8,9.82
6qi7,6.46
2ksb,3.12
4gwk,3.34
1zhl,5.0
6jki,6.39
3udm,4.48
4dpi,7.11
6n94,4.7
4mqu,8.4
5ehv,3.08
6ajv,5.04
4jxv,4.51
2no3,8.05
4yz5,2.83
2xs8,4.61
4qfr,8.13
6dj2,8.12
6mm2,5.41
3ft8,7.52
5ggn,3.66
3gy2,5.74
3ccc,8.1
3uqp,7.31
4dei,9.0
4gby,3.46
3ta1,3.25
4jmx,7.21
3lqj,5.37
5hwv,5.07
2pyi,3.75
3iue,5.82
4nw7,6.63
6idg,6.66
4kbk,8.18
6etj,6.72
5gvl,7.38
6q4q,6.82
4gqq,2.89
4urv,2.77
3rz5,7.89
1nhv,5.66
2w3i,10.0
3hha,7.9
5t8p,5.89
2qfo,4.7
3nok,4.19
3s7a,8.96
6f6n,3.02
1n9m,10.96
1obx,5.72
6g9m,8.1
5k4l,7.3
4fm8,5.97
5gj9,4.99
6oe0,8.92
6bhe,4.62
4umj,5.57
5ei3,4.25
3k3b,6.7
1lhv,8.91
3tdj,5.25
3rdo,9.85
1ryh,7.56
1k6t,7.62
6agk,5.58
2ilp,4.82
2iyf,3.75
2b54,7.7
1v1k,4.46
6iji,9.36
4q6r,6.68
4wz8,7.21
5aac,8.89
2hmb,5.59
3v51,8.55
6gbx,7.7
2v3e,6.52
1zp5,2.92
3upx,8.12
2pvj,8.1
2o64,6.47
3ewz,4.1
5ml8,8.1
4ijh,4.33
6s7s,4.77
2wmv,5.04
2viq,5.89
1y3g,7.4
3mpt,6.6
6iae,4.7
2ica,7.7
4l09,6.07
3sbi,7.92
6fdt,4.3
5zhl,6.72
2lsk,4.89
5egu,5.85
3zlv,3.52
6s9c,6.57
5ma7,3.47
3cyz,7.22
3h2a,3.96
3zmm,9.14
2zdm,6.41
3m89,6.16
4knm,8.0
1pxp,6.66
4oem,5.3
4djv,6.72
5wo4,10.0
5j1x,5.52
2uyi,6.32
5eb2,1.11
3uh4,7.96
6f4n,5.22
4z0q,8.17
1xxi,5.52
2pvl,7.62
5w92,7.7
3ipa,6.22
6b1c,6.95
5kqd,6.3
5h6v,6.68
5aba,2.98
2q2z,8.7
1d6v,6.17
6moa,7.08
6mbo,5.95
5ai5,7.03
5c84,6.19
5k05,4.96
6g6y,6.66
1c3r,6.4
4er4,6.8
3diw,6.72
1z9g,5.64
1wvc,4.46
4f8h,4.24
3fwv,5.64
4ysl,5.8
1tlo,4.0
2vhj,3.9
6mum,8.41
1qb6,6.06
2xk9,10.15
2xyr,6.13
2k2g,8.12
5bpe,5.95
3dsz,7.77
1g2o,10.55
5es1,8.34
5lz7,6.28
3jzg,4.4
6f9u,5.13
4bo3,6.52
6qlu,4.64
5w8v,8.22
2epn,7.22
1ew9,3.22
5g60,6.52
3i3b,2.23
5e2l,4.03
3kqt,5.34
6q9l,8.41
4n7g,5.66
2wsx,2.41
5wxf,4.48
6hkz,9.89
6fzj,6.33
6jad,4.32
4rhy,5.95
6r8p,4.48
2fzk,3.6
4awk,6.89
4ksq,7.31
4exh,6.15
1igj,10.0
1c2t,6.59
2z4w,6.01
1lkk,6.85
6euv,8.62
1g50,6.28
3krl,9.1
5ema,5.23
6fnj,6.85
1k4h,5.11
5hl9,4.66
4yoj,6.39
6pgo,4.7
6om2,7.75
6d18,5.85
1nde,7.82
1li6,3.8
2wed,6.1
1mq6,11.15
2lsr,5.24
1q5k,7.42
2qoh,7.7
4lhm,3.39
3qem,7.22
4ymh,6.46
2jk7,7.17
3d8z,3.37
1ajn,2.63
4ql8,9.15
1o30,6.77
5ye8,3.0
5l6o,8.22
2p7a,6.1
4xii,6.6
2xii,7.2
3qqk,4.82
2vl4,6.01
4qfs,6.05
5jaz,6.55
4b4m,6.69
6qhb,6.3
3tic,8.87
3slz,6.99
4eh8,2.2
6c7r,9.0
4bj9,7.35
3ogx,6.48
3s43,8.6
1ez9,5.1
3oyq,7.99
4rj6,7.12
6fym,5.07
2q2c,6.38
4hwp,7.76
1drk,6.82
4ded,7.42
5zwe,8.96
4m13,6.7
5ehp,4.92
2w08,3.42
4ef4,5.35
4mrf,1.95
6e99,6.0
6dh6,9.93
4iku,5.75
5w73,6.3
5kax,6.11
5enb,3.11
2p7g,6.53
4qir,6.95
2fsv,4.6
3kpw,4.85
3hio,6.52
4w55,4.74
4nus,8.3
6f96,7.72
6mlg,5.05
3juk,4.89
3w37,5.18
4wkt,3.26
3jrx,9.0
1yda,6.55
6os6,5.96
4mvw,7.55
2ykj,6.21
5gvp,6.78
5opu,7.28
4ebw,5.06
3ika,7.85
4zbf,7.13
6n78,9.68
5k6a,4.51
2w9h,6.37
3ljo,6.62
3wd9,8.08
6qho,6.2
2i4d,11.68
3w8o,7.62
2r3o,6.22
3vby,4.55
3r16,7.3
6beb,3.61
2f8i,7.26
5l7h,7.3
6bt6,5.91
2ri9,3.22
4dru,8.62
3gjq,5.33
1zom,7.52
2x4t,5.13
2xxx,6.41
4gjc,7.05
3hvj,8.7
4u6y,7.08
3ufl,6.82
5z4o,3.28
6r1w,5.3
6orr,9.3
6jjm,2.85
1fpp,8.0
3g8o,7.8
4dve,9.52
6gi6,6.71
3f7h,7.09
1ghz,4.8
3std,11.11
4bup,4.95
1afl,6.28
4djq,10.32
1g49,7.8
3ohh,7.74
6fyz,7.41
3b50,7.55
2y67,3.53
3c7n,6.7
4zow,4.12
1a61,8.62
2jt5,7.74
5kjk,7.92
2gcd,5.52
6mny,8.82
6aji,4.53
4q7w,2.64
3pcu,5.29
3pn3,6.4
4qr5,7.22
2usn,6.51
5jim,3.99
4dwk,6.22
4qn7,9.08
4eoy,6.49
2c6e,9.1
1o3k,6.77
4bti,9.7
3tf7,3.52
6dhc,7.96
4kw6,3.43
5vcz,6.35
1sz0,9.0
5y12,6.23
2df6,5.98
5izk,6.72
1f74,3.05
6u8o,6.54
1q84,11.05
4yo8,10.52
5y86,6.1
1mfd,5.31
4klb,4.16
5xhs,5.05
5tri,5.06
3pxz,5.23
5fng,2.96
1him,7.7
2w3o,6.72
1cgl,6.87
3b7j,5.17
6fpu,6.49
6g7f,5.0
4o7b,4.7
5aut,5.17
3bva,6.52
4ra1,5.94
2c1a,6.77
1rst,4.43
6fbv,6.52
5e73,4.64
3ery,5.66
1jjk,11.06
4jiz,5.62
1tsv,4.8
2l1b,3.96
3ii5,7.62
4ayx,3.7
5jr2,7.57
4dfg,11.74
3vd9,4.0
6mqm,9.57
1swp,11.0
1i37,9.57
5ct7,7.15
2jb5,9.22
3k4q,5.34
6cer,5.36
6fff,7.3
5jzb,3.39
3ekr,7.52
4bi6,3.95
1z6j,8.03
6ed6,7.43
2zfp,5.17
6bg5,6.0
2hha,6.91
6hgz,5.97
2z52,5.57
3qcl,5.4
3agm,9.09
3chq,7.7
5ttw,5.96
3wab,7.47
6lpr,7.3
3if7,7.21
2a8h,7.17
5os5,3.39
5ccm,8.4
6cus,4.89
3f33,3.34
6c7d,9.77
3owd,7.52
3q71,5.22
5nq5,5.0
4aj4,3.89
3kqy,4.82
2hy0,9.19
1hgt,6.82
5efb,8.37
2x2c,7.72
2ybt,4.7
4mwx,7.12
3g72,9.1
1gag,6.12
4x1f,7.97
2v5a,6.82
5y62,1.74
5zun,9.19
6ek3,6.48
1kds,5.77
2woq,2.88
3mg4,9.3
1gt1,6.0
2oiq,5.0
3sad,5.96
4tkn,5.89
1nlp,4.96
3ig1,6.14
5txy,5.46
1avp,7.92
4i7c,8.22
6by8,6.91
5c85,3.98
5f2p,4.43
4qta,6.7
3hdk,4.76
3rvg,8.3
2o9v,3.54
5q0d,9.0
4i71,7.74
2pe2,8.4
3ayc,4.24
1uz8,4.96
3tdu,5.67
3twj,7.84
5yy4,6.43
6mbp,5.95
5el2,4.47
6c7x,7.19
6f5u,3.54
4xt9,6.8
4loy,8.09
4r6x,5.27
3drr,9.4
3fnu,6.16
2a5c,4.62
1q83,12.39
5v6y,8.47
6hot,4.4
6ecz,6.57
3hqy,7.94
1olu,4.41
2wo9,7.21
4ggz,10.18
6aqs,7.55
2zx7,10.49
4joh,3.35
4lar,4.68
5orj,4.77
3pj8,7.4
6gf9,6.39
3sie,7.88
5hln,11.52
4odl,6.95
3axz,3.43
4kby,6.73
4fz6,6.9
4dfu,4.6
2rnw,2.98
3rde,7.46
4cpu,7.53
5v86,7.1
1i91,8.94
1jqy,4.92
1g3c,5.8
4dld,5.82
5du4,5.25
1s17,8.3
6eya,7.48
3cz1,7.26
6e2m,5.66
3r0h,5.92
1hww,7.7
5enh,3.72
5ads,5.67
6qav,8.31
2i4t,9.0
3oku,6.36
4ez3,4.35
3mbl,7.74
4zla,7.3
2xm9,8.05
1oif,7.72
2zir,8.19
4k3p,5.8
4ngm,10.35
2qn2,4.55
1msm,10.48
1oyt,7.24
3gc7,9.22
3wf7,6.69
6euw,7.77
6eab,6.37
3mrv,3.74
6gga,4.85
6epz,7.14
1oim,5.32
6i1r,5.84
6n3e,4.72
4j0p,7.29
1iq1,7.46
3pju,4.88
1u9e,8.24
5svx,6.19
4bo2,7.3
5kzq,8.28
5two,8.09
4qmm,6.34
6f92,6.4
4g16,6.85
1uxa,2.3
2zif,4.37
2wib,4.93
5f74,5.12
6cyg,4.17
4zsh,7.05
3ncr,4.11
1ld7,8.96
2qaf,5.36
4idt,7.0
6jtc,5.07
4fll,5.29
4rlw,4.87
4ctj,2.51
5e8w,4.39
3az9,6.0
4ehg,7.19
2oc4,7.07
1tg5,7.92
2wi7,7.24
5fsb,2.22
5z68,5.89
4i7m,4.14
3wke,8.89
6ge7,6.06
4wks,2.7
5z99,6.88
3ny3,4.71
3unk,4.82
2feq,8.86
4kin,8.32
1qbu,10.24
1l6m,8.1
4xtt,7.37
4cts,5.0
6oiq,6.57
2p4j,8.96
1owi,7.55
8lpr,6.62
3dgn,6.21
3dpf,7.24
2am2,5.1
5c13,6.1
3b4f,8.14
5aph,7.22
5lyr,7.89
6g22,7.56
1n7i,6.59
6r7j,7.4
4nmv,4.95
4usw,2.69
5d9l,7.62
6cfd,7.86
6o9x,6.05
3mt7,4.03
4wn0,3.22
5ulp,4.61
4lkg,6.8
4puj,7.46
1f8b,5.4
6gla,7.57
3c2f,2.0
1bcd,8.7
2oht,5.04
4bhn,8.2
4ty9,2.05
5hor,8.22
4tpk,8.57
3piz,5.46
4jnj,9.07
4f6x,5.09
5h22,7.44
3si3,4.16
2hvx,7.54
3lq5,6.96
6c2r,9.1
2fu8,4.7
4bgx,1.77
4uyg,7.6
4ok3,4.15
4cd5,6.71
4lk7,5.04
5dp6,4.83
1a1b,6.4
4nal,5.66
5est,6.52
1wxz,8.07
13gs,4.62
4qvl,6.53
5dtq,3.86
2onb,5.57
4e96,6.66
6d4r,5.96
3oev,8.13
1m13,7.57
2gvf,7.6
4aza,6.99
4yym,3.62
4knj,7.95
4p0w,5.96
4aj2,2.38
5hmh,8.15
5ggl,1.78
5h8e,11.2
5zma,5.52
4mr5,6.6
1m9n,6.92
2ork,2.85
4c94,5.05
5i25,3.49
3kpv,3.74
3vw2,4.75
4knx,5.49
4xtm,4.57
4q1n,9.7
1ydt,7.32
3g0w,9.52
3usx,5.02
2zmd,7.01
1w12,7.85
3wuv,5.17
4qvm,6.35
6p8y,6.2
5eh5,5.87
6guk,6.15
4fe6,10.0
4pnt,5.82
3qce,5.6
5amd,8.55
6qcj,5.6
3v0p,6.28
1pxi,4.77
5hes,7.54
1zh7,6.3
2g9v,5.92
5alx,5.48
5ml3,9.69
3bra,2.7
5ekj,6.0
4yhf,8.34
5ka9,4.41
3uug,4.51
3gbq,5.46
5w44,6.44
2ov4,4.74
1lyb,11.42
6cjy,7.64
3dk1,9.74
4qps,6.52
5xff,8.21
1d09,7.57
3ff6,7.15
2or4,5.02
2toh,4.15
6cq5,4.24
6g9i,3.93
1xh3,5.51
3ddb,4.02
1jev,6.89
5fl0,6.46
3t09,3.8
1hvk,10.96
3g2s,6.22
1eas,7.74
5etx,6.81
4zsr,4.44
3lq4,5.22
6i78,4.74
5cau,8.8
5yc4,4.92
2evo,7.17
4bqx,6.52
4ie4,5.48
4qo4,8.3
4h2j,5.32
5ka7,4.35
5hyr,7.38
1zxc,8.1
4kqo,6.78
1zog,7.15
6hrt,9.0
1nnk,5.46
2h15,5.67
3vva,9.32
2h9m,4.46
3gvb,2.59
2wik,3.18
1tsm,6.0
3t0l,4.52
4ywa,7.55
3c10,6.52
6h4d,7.96
2r2b,4.2
5xmp,7.37
1dmp,9.55
5lpr,6.57
4x48,6.77
2h8h,8.57
5osy,7.37
1y1z,3.08
4jje,7.64
5kgn,9.03
1cnx,7.37
5f2u,8.43
4lke,5.37
1g9b,5.3
5naw,7.3
1p17,2.82
1nm6,10.05
1a7x,9.7
5etu,3.89
6h37,8.59
3cii,6.1
5uyu,9.51
3d5m,8.0
4oew,6.82
3a29,7.89
4e4x,8.15
4yuy,3.34
2cv3,6.57
4rll,5.02
3gus,6.05
4hf4,8.62
3g19,6.67
2r3p,6.05
4yqh,8.05
4unq,6.62
4lbl,4.96
5e2q,5.79
5h5o,6.56
4i2w,3.92
2vv9,7.77
6ggb,5.39
2pvw,9.52
4djs,7.89
5b1s,3.91
4qp6,3.46
1o44,8.52
6gvh,6.04
3g30,2.51
3abu,5.62
3cid,8.3
3t3y,5.47
3oyl,6.7
4glx,7.8
5qa5,3.52
4bf1,8.62
1uod,3.11
6rih,3.98
3faa,8.15
4g3f,8.36
2e9a,6.04
3k00,5.77
1mzs,5.15
2pym,6.82
6hd6,5.7
3uzd,5.05
5ztn,8.3
3npa,3.87
4og8,7.25
2c6k,6.14
4kjv,7.74
1wbw,4.36
5v1b,7.47
1mcz,3.0
1e1x,5.89
5i2e,6.64
4nyf,7.31
5a7j,5.2
4pce,5.15
5tg2,5.49
3shb,6.03
4aa4,8.05
2ofu,9.0
6g33,8.15
6n4t,8.09
5l8n,4.51
3fvg,6.89
3f48,6.29
2uwd,8.35
2xml,3.3
6hax,7.59
5fog,3.67
4u7v,5.49
5zzw,5.51
1o0d,8.21
5wap,6.52
3e51,7.85
6ckx,7.89
1ym1,6.24
4lmn,10.3
4tln,3.72
4xgz,7.62
4ybk,7.82
1gaf,8.0
2vrx,7.35
2oh4,8.46
5vc3,7.11
1qft,8.77
4daw,7.08
5k5c,1.62
6b5q,8.24
4hkp,4.55
4bbh,7.1
3skk,4.47
3wbl,4.64
6rtn,6.63
3q44,6.31
2wej,6.08
4xnv,6.79
6db3,7.25
3uwl,3.68
4p4e,6.74
6pya,6.82
3n4l,7.23
3pvu,6.54
3n2v,7.51
5uit,8.34
1bo5,3.6
2rf2,8.44
4o9v,8.0
4jfe,4.51
5qal,3.46
3hvg,2.7
6bnh,3.8
3vf3,5.86
3bpr,4.95
4apr,6.7
6ocw,8.15
4l23,7.75
6hx5,5.66
3uvo,7.0
5u8a,7.89
1dzk,6.1
4lno,2.62
5kby,8.82
2wxm,7.4
3ads,5.01
6q60,5.71
1fv9,5.0
6g9k,7.4
3py1,6.89
6d16,5.08
4qwi,5.36
5mlo,5.32
6fvn,5.3
6hhh,7.17
4ty8,2.03
4eke,4.48
2xlc,2.3
5q0l,5.36
5ieg,5.74
2v7d,6.59
3dxg,2.4
4ciz,7.29
4jg8,8.6
1lcp,6.64
5ai9,6.61
2prj,4.49
6hv4,6.23
6fhq,2.47
4auy,7.74
1r4w,4.05
1hsh,9.42
4gvm,6.11
3gep,3.75
1sbg,7.74
3wti,5.9
5fjx,4.96
4bkz,7.57
3gvu,8.0
4o4g,8.05
6gmd,3.69
4np3,3.3
1gvw,6.96
5u7d,9.3
2o7e,6.22
4txe,5.62
3pdh,6.74
2vtl,4.01
2p4y,9.0
4ybt,7.0
2xk8,5.62
2vj8,8.7
3m36,9.82
2qtr,5.49
3at3,8.04
3p3g,9.74
6g4y,8.82
4a6s,5.2
2gc8,5.51
4p1u,8.52
2g9x,7.35
5htl,6.3
4bky,7.92
2x4r,4.77
3kjd,8.54
1dwc,7.41
2chx,7.74
2v3d,3.94
5bvo,8.3
2vrj,6.3
5fjw,5.4
4kox,4.77
4ymb,6.21
4iaw,9.63
2cer,9.22
5auv,4.51
1n4h,6.55
5bvw,8.82
5gvk,7.0
4k2y,3.33
6ccl,3.56
4hl5,6.35
3ddp,7.14
6ocu,8.05
3nrz,5.34
6g8n,5.84
3u1y,8.67
3gsm,6.48
5a5q,4.68
6h4v,6.21
4mib,9.7
3mlb,4.8
3ove,6.57
2zbk,5.7
3qbc,4.97
2jql,6.52
3ujb,5.1
4pnk,6.6
5aaf,7.44
4uvw,7.72
3art,4.43
1mhw,7.35
3rqe,4.77
5byi,7.51
6fsd,4.24
1h1q,6.0
1ms6,9.52
4ufm,3.72
3lzb,7.2
4uyd,4.1
1m2x,4.15
3coj,5.28
5mng,4.68
3vzd,6.3
4qmx,4.96
4um1,5.77
4j04,4.96
2qzk,7.57
4rxd,6.52
3tku,5.72
4m12,6.05
1i9m,8.48
1bzj,4.66
5kmf,6.29
5usy,7.51
6gva,8.22
1zuc,8.77
3aaq,3.3
4djr,11.52
6eqv,6.62
2jxr,7.05
3fum,3.77
6am8,4.89
2ao6,9.28
3ilq,5.21
6r8o,8.22
4nah,6.31
6ets,5.64
5nqe,6.15
1ynd,8.44
4kom,7.0
4q1b,8.72
5etb,4.54
2c4v,2.6
6gj7,6.06
4zv2,2.93
4j3i,5.74
5ucj,6.36
1kyn,5.39
6qs1,5.61
2qrk,4.26
4gye,6.85
4hzm,4.63
2etm,6.67
2wk6,3.32
2xg3,4.74
6ift,4.68
3fup,7.66
4wke,8.1
3dg8,4.7
4pv7,6.63
5nxw,7.24
1f1j,8.8
2v16,8.22
6nfn,7.7
3x00,9.08
2j7x,8.77
1ayu,9.15
6iil,6.17
4mbp,5.64
3tmk,6.87
3kl6,8.46
1cea,4.96
1o2t,7.85
5u14,5.34
2c4w,4.7
5kyk,5.8
6g0v,3.78
4itp,7.27
4y8d,8.05
4oi6,5.0
2xg9,4.15
5jiy,6.27
3cj2,4.85
5kew,6.5
4cjn,4.76
4lyw,6.63
5b2d,4.25
3lpb,7.38
5iub,9.46
2vd4,4.74
1o32,5.74
5zw6,8.0
3zyb,5.38
3f7b,7.19
4j53,8.7
5drc,5.98
5jy3,7.92
4a9i,4.9
4qvw,5.38
5lxp,6.12
6nk0,6.39
5gjd,7.92
2xwd,6.96
3c2u,2.9
1c5y,4.2
3zzh,3.36
4b73,7.21
2ieo,8.49
1ros,8.77
3apc,7.44
3fts,3.67
2w85,5.04
5wp5,5.34
4wv6,4.98
4mw4,6.5
3v78,5.54
4e7r,7.7
5fe9,4.68
5h8b,11.31
4yjl,5.96
4cxy,4.93
2gv7,7.85
5lyx,7.42
2xu4,6.47
2xjg,7.82
3vvy,4.84
5vtb,6.96
4gw6,6.2
4ys7,9.0
6ayi,6.68
4anb,8.18
2fzc,2.7
4i54,6.96
6hni,4.03
4xaq,7.14
5mkr,4.77
3nu5,8.35
2p16,10.1
6bu1,7.22
3mnu,7.32
6ocq,6.7
6iby,7.82
5fi6,7.52
2yay,6.1
6ciy,6.7
2xvd,8.7
5f95,8.01
5hed,4.44
1joj,4.22
3mt8,4.55
4mxc,8.17
6nvj,8.28
5klr,7.72
5ni5,8.05
3nes,5.62
2yfx,8.09
3djv,4.55
1njt,4.82
3adv,3.03
4i32,7.24
5f62,8.17
4qem,7.8
6grp,5.48
2xfk,8.52
5wmt,5.86
3eka,3.0
2weg,6.5
5bnj,8.7
2odd,3.96
4idv,7.4
2q38,5.23
3oe6,8.09
3fui,6.8
6eyt,5.72
3zuk,7.46
6ayn,5.04
5c42,8.72
5n1p,4.6
4gne,2.47
1oit,8.52
1i9o,8.42
3r17,6.41
2f9u,7.39
3sxu,5.05
4q81,3.02
1rej,8.3
1ktt,5.82
5yqw,7.51
3o9i,11.82
1xb7,6.22
3kze,3.95
4m2v,7.44
3rsr,4.36
6qlq,4.51
3u8d,6.33
1eld,6.7
6pvw,6.32
6qw8,6.4
2ccs,5.7
4bqt,5.79
4fgx,7.14
3as1,4.02
3pz4,8.22
6iso,4.6
1klu,7.6
5h9p,7.17
3mi3,5.45
5wkh,3.85
4mwv,9.4
6n3l,7.57
6bfw,6.66
3udn,5.15
1re1,5.21
4zki,2.92
5icy,5.06
4ii9,6.03
3ow6,6.66
5lz9,6.92
4cfl,5.88
3qj9,7.0
6a6k,7.46
4f7l,8.0
6i5g,4.89
966c,7.64
6b30,7.22
3o57,10.1
5ylt,6.39
6r1d,5.4
6d4t,6.92
6ajy,5.28
6hvu,6.59
3bea,8.15
6n19,3.02
5llp,9.24
3el9,8.4
1pyw,7.7
4kod,5.36
6fmf,5.88
3rxg,2.15
4yyn,3.96
1h07,5.52
6t1l,4.77
1a8i,5.52
6hcu,7.82
2wyf,4.43
5oss,4.55
1bxq,7.38
5fpu,6.26
4uxb,7.96
3zc5,7.13
1e02,6.15
6ccn,4.52
4xmb,7.36
4ew2,6.68
1drv,6.54
3ips,7.19
4uy1,4.7
6hhr,7.01
6cz3,7.25
3chp,5.27
3l1n,5.63
2kpl,6.64
4z93,7.35
2xh5,7.57
2hb1,3.8
3zev,8.64
4lm1,3.23
2q7m,8.8
1qm5,5.82
3mdz,9.1
6h3q,7.14
1maw,1.1
1bzc,4.92
2xbw,8.0
6f8v,4.8
5q13,7.04
5hg9,7.46
3vc4,7.62
3wch,7.05
1nym,5.4
2h4n,8.7
5e2s,9.01
5n1z,8.19
6cd4,5.34
3bgc,5.02
4rfd,8.05
4jsc,7.13
6g28,3.64
3l08,10.22
2np9,5.57
4apo,4.91
5wre,6.41
4cae,7.74
5ti5,4.39
6gvg,6.0
2c57,3.43
2xvn,3.95
6i62,6.8
5jf2,7.89
5g3w,7.38
3dxj,6.22
6i76,5.07
1wva,6.57
4a22,8.49
1c3x,3.68
6esj,5.68
4j0r,6.41
1tys,5.49
1n2v,4.08
2won,6.2
2qg0,5.72
4j7e,4.85
5eyr,5.3
6plf,6.67
5v8p,4.99
4c4e,7.6
3sym,4.57
3nzx,5.17
3az8,6.0
2qm7,5.89
3b24,4.38
4uiy,5.6
1tkb,8.0
4dum,7.02
5tbj,5.82
6mnf,5.89
4gm3,9.0
6gin,7.49
4oon,7.52
4aa5,7.8
6bsm,6.8
2mc1,4.15
2vwc,6.62
5am1,8.52
3hj0,5.71
3gpo,5.3
2vwn,8.0
1bmq,7.42
4pre,3.74
2las,5.74
2zlg,5.59
3fn0,4.4
6oa1,4.59
6ffn,8.22
3qtr,6.03
4gw8,6.06
4b72,6.2
2o4j,10.1
2y4k,5.46
4py1,7.19
5abw,7.77
3fdm,8.7
1rww,8.3
4nrt,6.0
5j32,5.08
6n87,5.66
3ip8,2.28
2yi5,7.41
4umc,3.44
4oeu,7.66
3suw,4.7
5xih,7.15
5ev8,5.22
5ar0,6.14
4nh7,8.4
4qnu,6.4
1xud,8.1
4n8q,3.42
1rin,3.15
6ggn,10.1
3ioi,6.28
6aqq,6.55
5mtw,5.72
4yqu,6.66
4k6v,4.63
6q8a,8.01
6py0,6.41
6bkw,8.3
3bet,5.82
5j6a,7.77
4cra,7.22
5jcb,4.21
4aji,3.55
2hrm,3.56
6jse,8.77
2b53,6.22
6i18,4.07
3qs5,4.71
6qln,4.66
3g45,8.36
4gr3,7.81
6fqo,6.85
3l7b,2.4
2f1g,7.54
4u2y,3.99
6r9u,2.12
6q4g,4.3
4dh6,7.77
4qo9,6.8
3g2u,5.27
1tni,4.0
6ipm,3.69
1tmn,7.3
1mqj,5.32
5als,7.72
1ghy,8.1
2ze1,6.22
4u93,7.89
4eyj,6.21
5jc1,6.82
4en4,5.52
5o5a,4.77
5bmm,8.4
3kr2,5.14
4ele,7.88
4f1s,8.7
5qaa,3.91
5t2p,5.72
3ama,6.53
1jgl,8.7
6g2s,8.4
3r8z,4.31
2jjk,8.05
6hgi,6.22
5v41,6.15
1c1v,7.64
2hu6,3.81
1qja,6.38
2ylq,4.3
2w4x,4.85
4tun,5.41
4kju,8.22
4qht,4.94
2n9e,5.05
4lts,8.36
1c5o,3.49
3ikc,7.46
1me4,6.84
5x27,9.4
6d4v,6.64
4rg0,7.3
3hyf,5.92
4rx5,8.52
4ffs,10.44
5kam,4.11
4x1r,6.4
2wfj,7.15
1yc1,6.17
1m1b,4.66
6m9l,7.54
3ghe,5.89
3o0u,7.92
5q0q,6.11
1c3b,7.57
6pyc,7.45
3zmz,4.74
2c6i,4.96
3qxm,7.48
4mg7,6.36
4btt,8.84
5hi7,7.85
1ohr,8.7
1d4y,11.1
3fkv,7.57
5ws3,8.96
3mww,7.24
3mxf,7.31
4ha5,7.24
2wkz,8.77
4whz,9.0
3h8b,6.29
2p59,7.3
2etr,6.82
2cm8,5.87
6hkm,6.57
3kqa,4.85
1swi,3.1
6mdu,4.25
2buc,7.0
5fqr,7.59
5q0m,8.1
6r18,4.92
3l3m,8.22
3n2p,7.82
3p8h,5.3
1kyv,5.92
5mih,4.19
6e5t,6.55
3e5a,8.23
3krw,7.38
4xv3,7.92
5kpl,6.29
3lik,8.72
3udd,7.1
2ooh,5.89
2ydm,7.44
5hdv,7.82
4rvl,7.38
3afk,3.6
2dri,6.89
1i2s,3.31
4q19,8.05
1hsl,7.19
1qkb,7.35
3v3q,6.6
1w1t,2.96
6ays,9.19
4kn4,7.24
4hfp,7.38
4rme,5.92
6hke,7.68
1n43,10.55
2h6q,5.11
5am0,5.88
2ym4,5.82
4gzf,8.36
1v0n,7.55
1mfi,5.59
4q07,8.14
1dzm,5.41
3eio,6.65
1r0x,3.83
5wg4,7.0
1e3g,9.0
4d08,8.0
6e7r,6.83
5ne5,7.41
6un3,8.64
4xt2,7.15
5x9h,3.76
3wut,6.49
6bs3,5.82
5etv,6.24
3orn,9.62
5j6l,7.89
1hty,1.4
5yjy,6.94
2xz5,4.01
1cp6,5.0
4ogi,7.43
1mpl,3.77
6g6z,6.66
5vee,6.11
6d17,4.82
5v9t,7.35
5j71,6.96
1ca8,9.49
3t1m,3.04
2bys,9.52
6h78,7.33
5eoc,7.52
4zt5,8.0
5ntk,8.01
5j9y,7.24
3bjm,8.3
4ac3,3.96
3ujc,4.59
2xcg,8.05
1w4o,5.22
4avi,7.63
6oqc,10.4
4csy,3.06
5tq3,8.66
1t46,6.43
3p9j,7.51
4e0x,7.12
1gzc,3.49
1gsz,7.21
5xof,4.01
5km0,5.31
4utr,6.15
4uw1,7.72
4up5,2.6
1wuq,8.27
6klk,3.88
1xz8,4.52
1adl,5.36
2xsb,4.96
2qwd,4.85
6hmb,6.56
4zh2,5.0
5u0y,6.08
4o3a,2.59
5ljq,9.0
1d4p,6.3
1t29,6.05
6n7z,5.55
6k1q,7.46
6ay5,7.16
4bj8,8.29
3ipe,6.82
5iq6,5.26
4xit,7.27
3k5v,6.3
4nxu,5.54
3pn4,6.85
6f34,4.94
5aki,6.12
4znx,6.62
6h0u,6.77
3wb4,4.44
4utv,5.09
4c4n,6.1
5swf,6.26
5wkl,6.15
6ibz,7.66
2y58,5.5
4pyn,4.52
4qwj,5.77
1qwf,6.35
5go2,3.22
3l4w,6.0
4eh9,2.26
1mzc,10.22
2ay5,2.59
3dow,4.94
4bjx,7.66
5gp7,5.15
4psb,4.64
5ty9,5.21
2l3r,4.66
1c87,4.2
1j37,8.96
2lha,5.19
4tzm,6.7
5kmh,4.62
4mlx,3.19
6i66,6.74
1y6r,10.11
2p2i,7.42
4jmh,8.68
1qx1,2.12
6ej3,5.93
6qgf,6.0
2o4k,10.46
1qkt,9.04
1a4m,13.0
1lag,6.3
5dp9,6.08
1c4v,10.8
3vv8,4.77
1qwe,5.92
2w70,4.92
3po6,7.06
6nwk,7.7
6etg,4.66
6ink,6.57
3eyd,9.7
4lzs,4.8
1inf,5.0
6rln,8.2
1pfu,2.72
4tww,4.2
4x69,7.66
4xg9,9.15
3dpe,7.24
6br3,8.72
2xto,6.2
3iss,6.05
3cf9,4.83
4jn4,5.86
4ury,2.22
2pvu,6.31
3fr5,6.35
5a5z,4.08
3s75,6.82
4y2p,2.66
6h7m,7.8
4qvx,11.0
5yhg,6.02
4bae,8.52
5ivj,7.34
1xor,6.41
3lxg,8.14
3e5u,5.85
4odf,10.0
3uhm,8.44
4b32,3.34
4c4h,8.22
1uwf,6.82
3c8e,4.15
4qp8,6.55
5a6x,6.69
5d75,6.7
4mg9,5.68
5zk3,8.74
1xd0,7.12
2j7f,6.35
4rx9,7.89
3lfn,5.5
2wi2,3.46
5kr2,8.48
5hn9,4.3
4dk7,7.7
3e6k,5.15
6e1z,3.82
4g69,5.98
4j86,3.77
4cwp,6.77
2xjj,6.51
4hco,4.32
1o4j,2.36
4y38,2.4
6hq7,6.11
1owh,7.4
5qtt,8.47
5ncq,6.96
6dh7,9.88
6qh9,5.0
1g9r,5.7
2qqs,6.4
4dxg,7.06
5du6,5.02
4lpg,4.25
4aro,6.8
1mto,6.96
4pgc,5.88
3v1r,7.68
6ax1,9.42
3pjc,7.57
4eo8,8.15
1is0,7.0
6ten,9.77
5gr9,7.48
3qai,8.1
4a4e,3.32
4ara,6.05
3ekw,7.96
3g4g,9.04
6enm,8.32
4whs,4.12
6hzu,8.26
4io8,6.64
2ra6,4.52
2z4y,6.15
1v16,3.87
6oqn,8.0
4e34,6.01
6pka,5.92
5o58,6.72
2oz2,5.71
5ewm,7.92
4ddm,2.46
5ap0,8.26
5ybe,6.24
6ma5,8.1
1g6r,4.27
3mp1,6.1
4yuz,5.04
1uxb,2.15
3fu3,2.84
6fdp,5.26
6i8t,5.75
4zim,8.62
5wys,6.7
4dma,6.19
3d14,7.66
1xh8,5.77
5dyy,7.24
3d6o,4.11
2p2h,7.17
5xwr,5.98
4hyh,9.0
4dli,5.62
4hv3,3.94
2qky,9.61
6eqa,4.85
3haw,6.0
2jbj,9.7
1gvu,9.0
4dow,5.02
1h3c,6.51
6j06,6.59
1dpu,6.0
2bok,6.55
5wh5,7.19
5sz1,8.92
1njd,5.57
6mob,8.15
4mrz,3.52
5kap,4.23
4b14,6.22
5g1c,6.85
3er3,7.09
4anu,7.68
3eov,7.2
4x5r,7.85
6g39,8.34
3fj7,3.71
3h0v,4.82
4xc2,5.37
5cso,6.03
4p5e,5.55
3fuj,3.63
1fdq,7.27
1y2k,7.68
1tfq,7.92
5orl,4.82
5f29,5.05
5m25,8.19
4ajw,5.86
3lmk,5.94
6qlr,4.82
5eeq,5.82
6b5o,8.33
7kme,4.4
4j21,7.41
5bjt,6.3
5zg1,7.72
1odj,4.1
4klv,3.78
1a86,4.0
3cyy,4.77
2r64,7.52
6hrw,6.0
3u4r,7.41
2va7,6.7
5jga,8.64
6q30,5.52
5d6p,5.6
2esm,6.28
1o5a,6.42
1akt,8.49
2vtt,7.36
1hbv,6.37
2d1n,8.15
3veu,7.26
1c83,4.85
3k84,8.52
1jje,8.43
5vil,8.82
3e92,8.0
1m2r,6.46
4gql,9.59
3q4c,6.43
5tya,4.48
6bny,6.4
5edu,8.66
4i7p,3.5
4j2t,7.96
4w9j,6.23
2zcs,8.22
4uiw,7.3
4tmk,7.7
6c5h,6.43
5hg7,8.4
6cf6,5.24
2gm9,7.39
5e2n,9.54
3zxh,8.52
6qz5,6.08
4q1c,8.7
3wz8,5.82
5lax,5.4
5w38,7.33
4z7i,8.11
1q41,7.66
6npe,6.3
3m6f,8.6
2c4f,7.7
3il5,5.8
3kw9,9.0
6anl,8.27
1a4w,5.92
3szm,6.4
4jpe,7.32
1pph,5.92
2qcg,4.0
6d9x,3.49
4zfi,6.3
5ywg,8.34
5hvs,7.15
3muk,3.42
4yes,8.02
6fuh,3.77
1gfy,5.08
6dl9,6.0
3ekn,8.4
4hso,4.66
3tti,8.22
2wxh,8.05
3dt1,8.62
4avh,7.23
5ett,6.23
3ddq,6.68
6hqy,6.44
4isu,3.68
3buf,3.1
6ueg,4.71
3vv6,3.8
4app,7.19
5ctc,6.35
3iop,7.77
5eng,5.85
3fhe,8.6
4hby,5.36
4q8y,2.64
6g2n,7.14
5e8f,8.64
1q7a,7.19
2ybk,4.62
2q3z,7.22
5trk,5.21
5k0m,8.82
3qt6,5.37
3uzp,7.89
2of2,6.68
2pe1,8.3
4pp7,7.96
5afv,5.59
2xl2,5.25
4pd6,4.44
1gj8,6.96
3my5,4.19
5wf5,7.65
5uox,8.3
6rne,8.8
5q1h,5.1
4ew3,6.74
5he1,6.55
3bgl,8.35
4fzc,8.4
6g97,8.38
4odn,6.74
4hmh,6.21
6dyy,10.55
3fw3,7.37
3obu,4.3
2rr4,4.78
2fgi,7.34
5twl,7.98
5ea4,8.11
6f7c,5.9
3tvw,4.43
1jys,3.52
2br8,7.49
3qxd,6.15
1xp9,8.89
5lyy,4.85
1g27,8.15
4hvg,7.77
6bbv,6.1
6jb0,7.24
2jdp,6.6
6ayr,8.39
1czl,9.15
3sb0,5.26
5wtt,6.6
1xom,7.96
4tpp,8.59
5ual,3.58
3fcb,5.31
4tjy,6.44
3hq5,7.8
1mm6,7.7
2tsr,7.54
5in9,6.36
2csn,4.41
5jar,5.7
4jvq,6.2
2piy,7.7
4re4,6.87
4a4o,8.05
3jsi,8.68
4ra5,8.4
1b2i,5.51
2h13,5.35
3twu,5.62
4oyt,2.81
5hld,4.66
5i29,7.82
3dba,8.0
3owb,7.72
3fr4,6.19
1qxz,4.72
4xs2,5.82
5tq4,8.38
1uyf,4.52
4eon,6.05
1epo,7.96
4rsk,4.32
5t4f,8.0
6fmi,5.03
2vw5,8.52
3zs0,6.7
4mdn,6.22
4xir,6.94
5ula,7.11
5jmp,7.17
4pg3,7.85
4u0w,3.0
2hd1,3.3
6k3l,7.22
5t37,6.62
3r24,5.25
1ida,8.7
3b25,6.07
1hnn,6.24
4us3,5.32
2i4p,5.7
6dvl,7.96
4edz,8.08
1x8b,7.01
2y9g,3.77
6naf,4.26
4j1h,6.11
4j08,6.66
6eaa,6.09
2qfu,4.18
1rd4,7.74
5a69,8.96
5jy0,5.55
5ort,3.05
6r5f,7.7
6q9y,5.43
3l13,7.82
6hzp,1.98
4mgc,6.32
4ym2,2.85
8cpa,9.15
2flr,6.1
2ym5,6.37
6jio,4.55
4n1b,5.96
1xnx,6.38
4zba,5.51
1vj5,6.92
5jsj,5.4
3v30,3.74
1m83,3.4
6fnf,7.89
1gj6,7.0
5n93,8.66
3n5k,9.7
3cqw,7.38
4iz0,4.0
6n5f,6.86
3m6r,7.49
4j51,6.59
6i3u,9.22
1iiq,7.48
5w5o,8.1
5eel,6.08
5knx,6.1
3exh,4.88
3coh,8.4
4jck,2.37
1lol,6.39
5y24,8.34
4acm,6.68
3i73,5.49
3iqg,4.6
4k8o,3.77
5ur1,8.97
2oo8,9.0
1fvt,7.22
2lgf,5.57
1rtf,3.04
2j4g,6.6
4aq4,6.17
5qab,3.65
1lpz,7.6
6qfx,7.7
4u6c,5.0
5yov,7.68
3v5j,7.96
6d1i,4.09
1bbz,5.82
3lhs,9.0
6bln,8.8
2q1q,8.15
5llc,9.52
3rk5,5.4
4qyy,7.3
3ui2,6.37
5aqf,3.78
2aac,2.22
5mkz,4.7
1jq8,6.0
2vcj,7.68
1bzs,8.0
4jvb,7.41
3arf,7.19
1xoq,9.17
5i59,6.95
4npv,7.46
3wk7,3.9
3mfv,2.52
1a0q,7.57
3lcu,3.52
2i80,5.4
4ewn,6.7
3hxd,5.05
3bqc,5.73
2x95,4.95
4b95,4.28
3h0y,8.22
5wcm,4.0
3kc0,7.92
4l0s,6.84
4q9o,5.77
4av5,7.21
3vf8,6.82
4h4e,6.68
3wfg,6.92
6olx,5.38
6pyb,5.38
1qyg,6.85
5tx3,8.85
5wbz,6.41
4hcz,4.44
1n7m,5.71
3wtk,6.53
4kxl,6.22
5ult,10.85
2y7p,5.47
4hpi,4.85
5wac,7.42
5agv,9.7
3ies,9.92
4ear,9.82
3be2,8.7
3dd0,9.0
3wyl,8.85
3g0g,8.3
3tvl,4.0
2qnz,5.42
3zk6,6.34
4kzu,6.5
4qiz,8.15
1d3p,7.39
3hub,8.09
1jrs,6.4
1lqd,8.05
4bnx,7.7
3q4b,9.33
4wkb,11.57
2nnk,8.37
6a6w,5.43
4tsz,7.0
4r3c,7.0
4io5,5.03
3qar,6.49
3fei,7.7
3bv9,5.36
2x9f,7.21
5wjj,6.62
3mtd,3.47
5e1m,6.72
1uj5,3.05
6iuo,7.79
4wz4,6.44
5i2r,7.72
4b11,5.64
3zmu,4.3
3umx,6.62
3f8s,7.89
5egs,6.01
1mqh,6.52
3v2q,6.29
1apw,8.0
6bke,8.35
4lwi,7.64
4y73,9.52
2hzl,6.57
4ad6,4.78
2p33,7.24
3ueo,4.03
4ks5,6.89
4puk,7.28
5nkh,7.59
3byo,8.15
6guc,7.6
5x4q,7.11
3c4h,5.7
4i9s,6.79
5ho6,6.69
3cy2,7.22
1uyc,4.39
3dga,4.52
3f66,6.05
3g1v,3.19
1zkn,4.51
3dcc,8.96
3iaw,5.8
2obf,8.85
4dst,2.96
4z2p,4.6
6dlx,3.32
7abp,6.46
5j1v,7.39
4l34,6.94
2ria,2.57
5ij7,8.51
5zfi,5.92
1bxo,10.0
4ejf,5.1
4zv1,5.24
6dih,2.72
1g52,9.54
5jyo,8.52
5lvf,4.82
5ar4,6.7
6mo5,9.52
6g2o,6.77
5j8i,8.29
6au5,5.57
5jau,8.85
3heg,6.74
4i6q,7.52
4mw5,7.35
6dd0,5.48
3p3j,7.92
4p3h,6.0
2phb,9.49
6pk7,4.72
4zw8,5.96
1t08,5.51
3eko,6.7
1qca,5.27
1h2t,7.89
1owk,7.63
2aq7,3.3
3tia,8.51
3dsu,7.03
3f7i,7.34
5k5e,6.35
6dvn,7.85
4mwq,9.1
3vjc,7.72
6oac,7.95
2zu5,7.0
3q2a,5.3
1fh8,6.89
5nmg,5.75
3s6t,7.35
3neg,5.94
3evc,6.91
3dkj,5.7
3ivv,5.43
2ha7,3.36
4j73,4.56
6ke0,7.55
3f16,8.23
3ezr,5.0
3st6,3.62
4i0d,6.21
5cap,7.28
5otz,5.19
4xu2,9.23
4bb9,6.0
4mga,5.86
6dgq,5.51
5gsw,5.94
4e26,6.4
5nwk,6.57
1kf0,2.55
3f5j,4.28
3arx,5.33
3opm,6.62
2wi6,6.64
1e6s,3.22
4dhm,3.78
4wno,6.8
6qmr,7.92
5kh7,3.66
3sgx,5.49
3bgp,7.04
3q1x,5.33
1ijr,5.44
2ien,9.0
3kcf,7.46
6gon,5.67
6d1d,4.47
3hw1,3.06
3eid,6.35
4qmy,8.4
4b78,5.0
3bkl,6.17
5e4w,4.64
1qcp,7.52
6eo0,6.43
5jat,6.64
2nn8,3.59
6czi,6.25
4jit,6.64
1h2k,2.92
1gi6,6.22
5fv7,6.74
4rrs,6.68
1agw,4.7
2aod,5.66
4os6,6.44
3vw7,8.1
3o5x,5.28
4hdp,7.51
3w9k,6.32
5m7u,8.1
6jap,4.8
5ajo,4.96
2j4a,10.6
1k6v,6.92
2uyw,13.0
4z46,2.82
6bmv,4.68
4f63,6.3
4his,8.09
5oqu,3.61
4d2v,7.43
6b3v,9.69
2ynr,5.77
4k0y,7.82
3wff,6.18
4q1a,9.3
2h21,6.54
3m5e,7.37
4qw7,6.28
6bj3,4.77
2pj6,7.31
4fri,5.55
4dko,6.52
3l6f,6.99
4qw3,6.61
4c4j,8.52
2bro,5.85
1pmx,5.14
2q54,9.01
2xhr,8.32
4xu3,9.5
5ywx,9.85
5a9u,10.1
2r3c,5.66
5uac,8.3
5obg,7.13
3ftw,2.78
3fl5,7.28
5wg3,8.1
3pb3,6.22
4frj,6.55
4yas,3.41
3t19,8.66
2fzz,10.52
1ux7,3.0
4ih3,4.82
3q5h,6.25
3fzt,6.2
4b82,4.39
3qi1,7.66
6bfe,5.85
4oc0,6.5
2zg3,2.06
5bot,4.41
5tb6,5.82
5wdw,6.54
3qgw,5.89
3cj3,4.24
6qff,5.69
1rpa,6.0
6q2y,5.26
1tkt,6.15
1x78,7.85
6r0v,4.96
3uj9,4.63
6n3v,5.61
5c4o,8.21
3btr,5.3
2nyr,4.66
6hwz,5.17
6irt,3.81
6ftn,6.7
6fnx,4.9
1xo2,6.07
2g78,6.92
4bda,5.57
1lv8,5.46
2e9c,5.96
4ekg,8.77
3d04,6.05
2g5t,9.09
5brn,6.3
5fow,4.03
6ggf,5.39
3tws,5.52
1eb1,10.43
4ppa,9.1
4gzt,7.77
5bvd,9.8
3ixk,8.18
2e94,8.0
6dj1,10.51
5vi6,8.52
2vgo,6.3
5jg1,8.72
1elc,6.66
5v88,7.55
5evb,5.0
5gso,6.96
2cbu,5.68
3zxz,8.4
2jkk,8.2
1pro,11.3
6emu,5.03
6nrg,7.25
3owl,6.17
2fr8,3.15
5yie,5.25
4lge,8.46
3bhx,9.15
2a25,4.62
1xh9,7.77
4o2e,8.0
1yw2,6.85
4jfv,6.28
1nw4,9.07
6ep9,6.84
4nku,4.67
4yzc,8.52
4wag,7.08
3s1y,6.22
5aag,7.34
6iin,6.08
4d62,2.44
2q55,8.69
2vwf,5.06
2qi4,10.44
5n49,6.33
4os1,5.6
3f70,4.85
1bl6,6.8
4fmu,6.44
4nxv,5.42
3s45,8.49
3hf8,6.51
3bm6,7.59
5fqt,6.8
6qzr,7.52
4fs3,7.85
4z1s,6.1
4u5u,2.89
2w06,7.08
6gjn,6.22
2obj,7.3
3zxr,7.7
4k66,3.26
3fv3,9.52
4xtw,9.03
5nzq,2.03
1t32,7.42
4ivc,10.0
5ick,5.01
4p2t,5.43
3myq,7.52
4n70,12.0
3b5r,8.77
2pe0,7.1
4i9z,7.74
3h2o,4.59
3u90,4.62
4xo8,8.96
5obj,4.78
5c0m,5.85
6hhg,7.76
1ru1,4.74
1shc,7.28
4dhq,4.49
4ai5,2.92
5xvq,5.05
4bfz,6.26
4g4p,6.89
5mqt,5.7
6eb2,6.32
2clo,4.06
5lpj,5.0
2gek,7.52
4bw1,5.9
4esi,4.15
2a4r,7.82
4tt2,4.66
4rvt,5.72
2a3a,2.82
3wjw,3.87
4rvr,6.87
5mwy,7.0
5g57,8.4
3c8b,6.1
1y2f,4.92
2w0p,6.52
4zec,5.82
1ps3,2.28
5e2k,8.03
3zep,7.66
3ktr,6.15
5x13,5.21
3umo,3.89
3rdv,4.91
5mkx,4.7
5n8v,6.68
5fa7,8.4
5em5,6.58
4w4w,7.46
4yho,10.74
4pni,6.09
6oot,11.3
3eks,5.7
5c1y,5.9
5o7i,6.09
1qbv,5.39
3qk5,7.74
3vjl,8.25
5q0y,5.73
5wzv,6.68
6e6m,5.75
5oh4,4.55
6nv9,8.19
5orx,3.51
6ey7,4.3
1ecq,3.0
5fkj,10.66
3mfw,3.52
5a7i,5.26
3kmy,4.49
6ql3,7.0
4zt3,8.0
5tcy,7.66
1juj,6.96
4ufu,8.0
1mu6,8.38
6ud2,10.21
6ex1,7.31
5ezg,4.92
1xmu,9.08
2xk6,5.8
5adr,5.64
3hlo,6.21
5dxh,9.0
3itz,8.85
1ong,8.05
3wde,6.91
1uj6,3.05
2y6c,5.0
5tbm,7.31
5dsx,8.0
6ovc,6.52
2d41,6.82
2vfz,3.61
4i4e,6.3
4ckj,4.84
2bks,7.43
3th0,4.12
4yuw,5.77
3r04,6.92
2r3n,7.15
6s9w,7.23
5mxo,5.27
1lor,11.06
1d6w,5.96
4zsj,5.64
5q18,7.17
4eft,4.07
6c0r,7.51
6faa,6.75
5loh,5.04
6pdj,7.38
1ew8,2.26
2b1q,1.59
3qfz,3.24
3ppj,8.7
1f0t,6.0
5csp,4.24
3lxo,4.82
4b12,4.99
6c0u,5.99
4p5d,5.82
5eth,7.25
2wor,3.9
3kmm,9.7
3krd,8.17
2wxk,9.3
2zdk,6.37
5hn7,3.92
1nhu,5.66
5hh6,6.4
6q39,7.85
3hx3,8.0
5qa7,3.96
3ikg,7.24
4wop,4.76
3f8e,7.23
4qge,9.3
3s5y,7.41
6biz,6.57
3n75,7.89
1uef,5.49
4n9e,7.82
4cig,3.67
3zy5,6.64
1c3i,5.8
5znp,4.69
4jr3,6.66
4a4l,7.82
5iza,5.51
3sfc,8.52
5oku,6.26
4yp1,5.04
3ayd,4.19
4zx6,5.27
4gm8,9.0
6qef,7.22
4xtz,9.82
4bzo,7.89
1u8t,4.26
5y8z,6.21
3ozg,9.19
5z4h,3.02
5v5d,5.27
4yth,8.7
1rth,6.4
5oah,8.31
1uto,2.27
6hu0,6.91
1aqi,5.62
2qdt,5.19
6mey,3.32
2zo3,10.0
2fxv,5.35
4phw,10.0
4ikr,6.23
6oxu,10.02
5eou,5.36
3nij,4.89
3g35,4.68
3u51,5.51
3k9x,8.4
4oyk,6.74
2nnp,8.37
5k0x,8.36
5fum,4.74
4fvr,6.0
3p3s,7.59
2vcb,5.26
2zxd,5.22
3nox,8.66
4d0w,7.7
2cej,8.62
3c4e,4.0
5ows,8.0
2b07,6.43
5qil,11.52
3iof,5.22
3sff,6.7
4y3y,2.35
1dzp,5.44
6hly,7.33
4ehv,2.29
2fts,7.05
2brn,5.26
5amn,8.35
2o9i,7.4
2wxo,7.05
5flt,2.89
3ckz,8.72
6gfx,7.92
1vrt,7.1
5kma,4.71
3gk1,4.1
5ko1,6.64
2pwc,6.57
1gah,12.0
4z6h,6.21
6eks,3.84
5nzn,3.66
1tpw,3.3
4qxs,5.96
4i8w,10.9
6q9t,7.52
5dex,7.65
6psb,4.1
3lzz,3.84
1o3h,7.3
5u2c,6.63
2y1o,5.09
3kvx,6.83
5ece,8.05
3ebl,6.3
6evp,4.53
6fcl,4.64
4tn4,6.33
6apw,6.17
1bl4,8.74
1eou,7.44
5a3t,8.4
6oh2,5.2
4awf,5.57
5x5g,5.83
4uua,5.24
2psu,7.62
2z7g,8.95
3eys,5.52
6d1l,8.12
5ylj,3.86
1a42,9.89
4ge1,6.43
5ceh,8.0
2az9,7.66
6rvl,5.94
2qp6,6.68
4a6w,5.72
6hgr,3.46
4kow,4.31
2xfi,7.82
4kn7,7.62
6pgc,5.35
3lvp,8.7
2wap,6.64
5nuu,8.2
2oi0,7.55
1stp,13.4
6erv,5.36
6dsp,6.09
1uv6,5.12
4q1e,8.17
4cu8,4.47
6dcg,8.15
6ft9,6.96
1olx,4.33
5v7w,7.12
6eg9,7.17
3zya,7.0
1urg,5.82
4exs,4.41
2vh0,8.51
2xm1,5.07
1sts,5.0
5lc0,6.7
5hvu,7.89
2cji,8.22
3dgq,4.92
2ohq,4.6
3oik,6.17
4l0b,7.17
6st3,7.03
3qlb,8.43
4afh,9.54
5fbe,4.85
6cc9,3.15
4gny,4.22
3uib,6.8
2ff2,8.21
6bl1,6.96
4hmk,6.1
6h7u,1.98
2ewb,6.1
6ew3,7.4
6eqw,10.65
6aro,5.15
1y2e,6.8
5oua,5.57
1sm3,4.62
3fuc,9.72
6hhp,7.49
4rgd,3.94
2qd9,7.89
1ngw,7.68
1wbs,6.2
1y3x,5.14
1hy7,5.39
6ml9,5.3
6p8a,3.59
6nco,4.52
5j3s,7.72
3ime,3.0
5yls,5.29
5cs2,8.4
4f7j,5.24
5ti2,4.62
1ilq,4.89
5km3,4.6
4riu,7.3
1pdz,3.7
1kug,3.8
3wzq,6.23
5dy5,6.79
4z2g,6.66
3upf,6.7
4xoe,5.0
3u8j,8.51
2bes,4.24
6evq,2.0
5a8y,9.77
2bfq,6.89
4ucd,4.0
5e5g,3.15
1z34,3.38
4q1s,4.17
2y57,6.89
4w9h,6.73
2y77,6.6
4c61,8.4
4bgh,8.4
3zdg,7.1
4cr9,4.1
5wzr,7.29
6mja,7.85
6cms,5.82
1cqp,5.62
1ppm,5.8
3lp2,6.66
4ban,8.61
1g05,8.51
6fi4,5.66
6oe1,8.51
3ma3,7.22
4pid,4.62
4x3u,5.09
1o5c,5.22
3f37,2.62
3s22,5.46
1xmy,7.3
5kdr,8.3
3v04,7.89
2cmo,6.4
3dz5,8.15
3e7a,10.0
4uj9,8.7
1j5i,3.64
3pkb,6.21
5ulg,6.72
3dxm,6.0
5nu5,6.33
6da4,6.34
6g6w,9.7
6ccs,3.64
4x7n,8.22
4d2d,3.47
4d1c,5.7
4x68,6.57
4yef,5.35
6i5i,8.05
4uix,7.3
2qzx,8.22
5eu1,7.81
4m8e,7.89
4gto,7.98
6dha,5.68
5ia5,7.6
3pch,5.4
3hww,7.12
3d94,6.8
6dki,8.64
6g8j,4.76
1o43,5.66
6gbw,8.45
2xbx,7.82
3rxk,2.68
5ef7,9.0
4uof,4.84
3lce,3.81
1gsf,5.0
1zhk,4.45
4hn2,6.89
1pxm,7.22
4p6x,7.04
1p03,8.19
6apr,7.77
3oxi,5.66
4j4o,6.9
4b9z,4.09
4fcr,9.4
6b4n,10.55
6o3w,5.12
5klp,4.64
3avf,3.53
1o4f,3.52
3ozj,5.11
1vcj,4.59
1fsg,5.02
5ais,6.24
6dzq,7.37
5mty,8.89
3m1s,9.0
3rwj,7.8
2hwh,5.7
5ahu,6.78
3gf2,1.7
3wkd,3.77
3m40,6.77
3bh3,6.15
3uu1,5.2
2r2m,7.33
4jv7,6.0
5l01,7.48
3rjw,7.57
3t6r,5.66
4rwl,8.1
3a1c,4.0
6e3p,8.7
3c5u,8.19
5a2k,6.35
1tcw,6.02
5jin,5.64
6o5u,4.38
3dbs,7.12
5bml,8.0
4ch2,5.99
3ibi,8.59
4s1g,9.22
3l59,3.7
3gi4,10.8
3tcg,5.87
2aux,9.3
5t2m,9.2
3tpr,7.7
5vll,6.37
4pkt,4.83
1vkj,4.85
3ahn,7.05
3dpd,5.78
3wdc,7.92
1s9t,6.82
1ha2,5.54
4azt,4.17
4c70,3.52
4kz4,4.15
5l2m,6.89
5yib,5.48
5o9o,4.89
4hyu,8.21
4igq,4.52
5csz,7.77
4u0n,5.77
5eiw,2.05
5m6m,7.36
6hky,9.34
4f1l,5.12
3nnu,7.32
3jup,5.58
4wyz,4.3
6aan,2.75
5ipc,4.89
6hhi,8.17
3eu5,7.49
6agg,4.07
6dpy,4.1
5kat,4.1
5uwk,8.64
3np9,4.4
5zhj,5.0
6s8a,8.07
5tcj,7.38
1wdq,1.98
4rfc,8.24
6e7v,6.48
5d45,6.92
5uf0,3.8
6gvx,7.62
1w1y,2.62
4jik,7.74
3ud7,4.74
2xk1,5.74
5e13,4.24
6iiw,5.66
4yad,5.6
5fot,3.17
5xs8,5.41
1wc1,4.0
6miy,7.73
4xdo,4.08
4xyn,5.89
3l4u,7.52
1r1j,8.64
3ap7,3.0
6qgh,8.15
5or9,4.06
4f6w,7.52
5qtu,8.39
2aa9,2.92
6f29,5.49
4wsy,7.77
4p10,8.1
4jzi,7.4
4j03,7.59
6hpg,5.5
2cn8,5.46
5mrm,5.03
6cv8,3.17
5iay,5.8
3o4k,7.62
4oee,5.76
1xdd,6.7
1hte,5.64
3rsx,4.41
1i6v,5.0
6bh0,6.66
4crj,5.96
6pht,3.41
1gt4,6.52
3eos,8.4
6op0,7.86
5ak3,5.07
1dbk,8.1
6fuj,4.3
3mo2,6.61
6cct,4.14
1qwu,3.22
5w12,7.28
3ens,8.05
4uyn,8.4
6e4v,6.29
6qhr,7.72
5h1e,7.54
2wbg,4.45
4zbi,6.51
3szb,4.92
4gmc,7.74
3gwx,5.4
4bgg,7.82
5vja,6.59
2zdz,6.15
6c67,5.92
6ic2,6.04
2w1h,7.28
2xxy,7.89
4w4x,6.99
4ark,7.2
4emv,8.3
5qcm,6.96
1qf2,5.92
2bak,7.43
3ebi,7.1
4ryc,7.1
3k37,8.92
1ndz,8.11
4b1j,7.3
3c45,9.68
3cvk,8.0
3jzf,5.3
4f39,5.7
3inh,7.7
1b2m,3.73
4m7x,4.8
5egm,8.62
1yfz,4.35
4b2d,3.7
3u6j,8.21
3fpd,6.15
6ckl,3.89
3sz9,5.27
4i8z,11.05
6uii,6.43
3rtx,3.86
3rmf,4.09
5i5z,9.05
5tbn,5.44
3dv5,7.66
4wx4,9.22
1p28,5.42
2rin,4.0
2qnn,7.15
2yb0,3.85
1v2u,3.37
6eox,6.85
2ayp,8.15
4q1d,7.78
5ny3,7.47
4qf7,8.6
4lww,7.54
6bsl,9.0
3ljz,8.14
4alg,6.3
6g2m,7.82
3b8q,9.3
3ixg,7.57
3fz1,7.92
5gs4,7.07
1wv7,7.26
4pvv,6.48
3ljt,6.89
4m5n,5.12
4cku,6.82
2ajd,10.8
4psh,8.89
2vtr,5.82
7upj,8.49
1owe,6.2
3fy0,5.96
5jhd,4.52
4mex,6.7
3rm4,5.77
3su6,6.02
1w1p,2.3
1jn2,4.09
3qgy,7.8
6bfp,7.7
6q7v,5.59
2wcx,7.6
5vqr,5.92
5f5i,6.02
5i3x,8.1
3nzw,5.82
3i6o,10.35
2jst,2.59
5dh3,7.42
4j93,4.7
2pv3,5.25
1hrn,8.05
5dgm,6.4
4jvi,5.3
4to8,1.24
2viw,7.14
2r75,6.15
4a4g,2.99
3mna,7.39
3vv7,5.34
1ur9,5.77
3qtf,6.96
3sdk,6.8
2a0c,7.3
4kiq,7.64
3v8s,6.19
4ptg,8.23
5eh8,3.1
4clj,9.15
5v83,5.16
6k4x,6.66
3bgb,6.05
5lrj,8.72
4dtk,8.52
1g6s,5.15
4yax,5.82
2h5e,8.25
5ypy,4.64
5l2n,5.55
4ibk,4.3
4r4c,5.54
2zb0,6.62
4zg6,6.33
2a2x,7.69
6b1e,7.47
4pqa,5.55
1szd,4.54
4mnx,4.75
4ahr,2.19
4q7v,3.59
1gpy,4.7
5jzn,5.96
6qad,7.85
3rl8,5.98
6cn8,7.2
1nyy,4.68
4pnw,5.05
5vsf,7.03
5oax,7.57
4py4,5.77
1dth,8.22
4zek,5.66
3s68,8.66
2pqb,7.2
2wzx,6.0
2kaw,4.97
6rj5,6.52
4ci1,6.6
1h35,7.54
2r6w,9.36
4efu,6.6
6eda,6.7
4p00,6.4
5m6u,8.37
1dhi,7.26
5ejv,6.69
2v0c,5.68
5m6f,6.66
4gu6,7.36
5xpm,7.64
5lss,6.31
1atl,6.28
3gqz,2.17
6izq,5.5
6hou,4.27
6d1m,8.2
5duf,5.74
3tcp,8.37
4um3,7.54
6h1d,5.6
1osg,7.52
5esq,5.8
4k1b,11.52
6b16,7.49
5e8z,5.91
6pvx,7.17
5wqc,8.96
4e3k,9.1
3iu8,6.24
4o4k,3.7
4jjg,8.7
3is9,6.42
4frs,8.77
6nfz,7.8
6q37,6.36
5nxp,7.99
6eji,3.52
2yjx,5.12
4kcg,8.3
4yv9,6.4
4wcu,8.52
6i5p,4.32
4mx5,4.55
2hh5,7.49
4k2g,7.7
4eev,8.33
2va5,4.07
2fda,6.3
5f1u,6.4
5jh6,8.48
1me3,7.19
4rx8,7.46
5cqu,6.54
3v4t,4.11
6un1,7.89
1pgp,5.7
4uu5,5.04
4kba,8.22
1fzm,7.7
6fav,5.33
4i67,6.35
4g8y,4.59
5hva,7.07
3f6e,2.38
4yw2,2.8
5xag,5.46
6hmr,6.83
5i7y,7.28
3d4y,5.7
4w7t,6.05
2ank,7.33
3iqj,4.93
4nau,9.06
4hze,6.29
5o11,6.67
4bxu,7.0
5vnd,6.49
2j7b,6.62
6q9o,8.47
1gym,2.7
4kpx,7.3
5nn5,5.47
1zd4,3.6
1me7,7.19
6o21,8.46
6rj6,8.52
2g00,9.74
1z4o,4.52
6oir,7.77
2w5g,6.07
4yb6,5.32
5ttg,7.34
4zyq,8.01
4w4v,6.94
4rcg,5.03
4rak,7.85
2zdl,6.4
4qsu,2.0
5a0a,7.7
3stj,4.8
6nvi,8.59
5jfd,9.54
3rz7,8.96
4jq7,6.41
1xh7,6.82
5he2,6.89
1yms,5.92
3qxc,5.77
5nfb,6.11
4ddl,8.31
6rn9,8.2
6fgc,5.48
4z2l,5.85
2xyd,6.82
6qdx,4.52
3q7p,5.8
5u62,5.89
5usf,9.16
6hkn,7.29
4uxh,5.96
4gwi,3.69
6dgx,11.3
4jfj,5.68
6bgu,6.28
3tpu,4.32
4tk2,3.72
4eop,6.05
6afh,6.12
2c8w,8.43
3ud8,5.38
5ey4,3.12
4h3c,5.72
6q3y,7.27
1gz3,3.7
5zhn,8.8
3h5b,10.0
3m11,7.37
3f7g,7.37
4ase,11.0
4f4p,9.22
2who,7.7
2x9e,6.74
3uec,4.21
5id1,6.25
5e0g,5.8
2xx4,7.1
5eld,2.66
3hxe,5.33
1azx,9.4
6bgv,6.74
1kr3,5.0
5vqy,6.29
5ccl,4.77
2opy,4.52
3vje,8.01
3ggv,10.85
3b3s,2.55
4z1e,8.24
2ovq,7.15
3twd,7.74
3t2v,6.99
5x72,6.33
6o8i,10.0
5fso,6.09
5svi,5.17
4bo4,6.89
4men,3.9
4urx,2.89
3m8p,8.68
5mql,5.85
4qz4,5.01
4iks,5.14
4qkd,4.09
2xkc,5.59
1ugx,5.91
2m0u,6.44
6kla,7.25
5mgk,4.0
1rt9,10.25
2yel,7.28
2llq,5.82
6ikm,8.57
2r3t,5.85
3dv1,6.23
5yhl,7.74
2bed,8.15
3rhx,6.08
1sri,6.08
2ke1,5.3
3nzi,5.59
3e93,8.85
4glw,6.1
3zn1,4.54
6mdc,7.44
4xum,4.67
1d3q,6.54
4dcy,4.52
4mr6,6.6
2o9j,6.92
6rfw,6.5
6om8,5.16
1ec2,10.0
5fb1,5.92
2g1q,7.36
4c7t,6.4
5yg4,7.37
4wzv,9.37
4x6p,8.3
1vea,7.52
5e88,7.19
3du8,6.84
4pyy,7.23
4nh8,8.52
2h44,5.77
2qhc,8.96
2k3w,5.24
4dds,5.01
4lgg,8.52
3erd,9.9
4ui5,6.78
3m35,7.22
3h0b,5.49
6dvo,7.22
4uj2,7.1
5os1,3.31
2fl2,8.7
6oxw,10.55
6fi1,2.15
1awi,4.05
3x1k,3.59
3f38,2.62
4urm,8.05
4hrc,8.92
5e1o,5.43
5n2d,8.22
4mz6,5.02
4qtb,6.7
3ftv,2.93
1h9l,3.12
4gih,8.32
3gjd,7.33
6db4,7.31
3qcq,6.8
2jmj,5.04
1h2u,7.89
5lgo,8.22
3plu,5.77
4ega,7.19
1yds,5.92
3dda,3.88
6nvg,8.07
3ap4,3.92
3t2c,4.6
2j4k,4.85
1i5d,8.0
6do5,7.16
3ow3,6.13
4ahs,2.19
4bnv,7.52
4ufz,6.31
3ryw,6.24
2vww,6.62
1los,7.19
5lso,5.85
2xx5,6.7
4mjq,3.71
4k3k,2.35
3fci,5.89
3hwx,7.86
4euv,6.3
5lws,3.94
3okc,4.44
6f86,7.43
5c3k,3.96
5vii,7.29
5ork,3.63
3qxp,7.7
3hkt,5.39
4q99,6.28
5vfd,6.44
1zm6,4.35
1fh9,6.43
4fgy,6.3
1mq5,9.0
1r9l,5.4
5ye9,6.45
6fui,4.46
6pi5,6.96
5qad,3.77
5mmg,6.01
3oay,1.7
4l10,7.15
4hg7,7.05
3fcl,3.5
6di1,6.74
3unz,7.8
2x4u,4.32
5aqk,3.65
6fse,4.74
3oqk,6.38
6ia7,5.7
6qtr,4.64
3nxq,8.15
3sl4,7.57
4d0x,8.1
4ww8,10.17
5t8q,4.16
2gnj,5.22
1bgo,8.46
1orw,7.6
4hww,6.65
2bvd,6.0
4hej,4.62
4nhc,7.34
2brm,5.89
2xk3,5.68
1l5s,3.26
3bbb,7.0
6hor,4.18
4lqg,8.89
4eh4,2.81
185l,3.54
5ni0,5.74
5uor,8.2
3odu,8.14
2qhm,6.18
5xvu,4.65
1trd,5.4
4j2c,5.25
5j47,5.31
2on6,6.76
5iql,4.56
5ocj,4.82
1rdi,2.06
1pfy,8.15
4nms,4.94
5ow8,5.16
3f3c,6.02
4yv2,7.29
2bdl,7.82
1ke9,6.18
1gny,4.14
5ii2,4.89
4tmr,7.22
3vi7,7.39
4ask,7.22
3irx,9.0
6mji,7.29
5z1e,8.3
5dhu,6.3
3p7i,7.7
4bt4,3.34
5he5,6.47
3gc5,7.26
6k1s,7.7
5mes,6.47
5tvn,9.04
4okg,9.32
2xp2,9.0
4ux4,7.01
4mf0,8.08
5cuu,4.37
4hbv,4.64
3qc9,6.06
2y4m,6.46
4mx9,8.59
3g15,7.0
3kqp,3.42
4fsl,7.7
2eg8,4.5
5tpg,7.85
2qrq,5.1
1tl1,6.42
5c1x,5.75
3q96,8.54
5zmq,4.74
2kp8,4.0
4jz1,6.7
3gol,7.09
3q6k,8.37
4zyi,8.1
4rlt,4.96
4qfo,4.27
2r38,7.44
5mlj,8.85
4xkc,5.87
6eq7,7.0
6a87,3.15
5auw,5.05
4ewh,9.52
4lgh,8.7
5lav,6.09
4x2l,4.44
5jog,8.24
3hfv,4.87
1j07,7.68
4u5j,5.53
6h4w,6.97
4h42,3.47
4aa1,4.12
5tg4,3.32
2y7i,5.54
2nw4,8.68
4q4s,6.95
4xar,6.97
5g2g,6.05
1w11,8.22
6cdo,8.97
6qg4,8.07
6bgz,6.39
5ur9,6.05
5khh,4.31
2ca8,4.66
1q9d,4.6
3l3q,7.27
3vfq,5.19
2pyy,4.6
7prc,5.21
4fxf,5.19
4jrv,7.54
6g8k,4.45
5qa9,3.64
2y2p,4.7
4des,5.85
2l1r,3.57
3mhc,7.96
1vyw,7.43
4djx,7.23
4y2b,8.36
1tze,6.83
1sve,8.3
5dia,10.46
3gpj,5.11
4kp0,8.65
1c1u,8.25
5lpm,5.56
5auz,4.01
5j3v,6.98
6oyh,6.98
4c52,5.68
5b5b,9.37
3d2e,6.42
3fal,6.78
6fyi,6.7
3hl5,4.47
3p8n,9.28
1f47,4.67
3jzi,5.3
2yz3,6.66
4pxf,3.1
3p8p,4.55
1o1s,7.31
3ldw,7.97
2xxt,8.05
5wkf,3.87
5wlt,6.81
4uub,4.76
6o5a,6.29
4j8m,7.32
1gi9,5.22
5eq1,4.68
3gzn,8.0
4iif,5.18
1ork,8.81
6mkq,6.16
3dct,6.95
3uuo,7.96
3pj2,5.14
1jk7,8.52
4aft,6.47
6p7q,5.36
1sje,8.22
3rxh,1.8
3cf8,4.9
3dnt,4.74
6haz,7.0
6c0t,7.37
1gwr,6.6
1qtn,7.3
4gs8,7.0
3kga,7.21
6cjj,3.9
1nc3,5.0
3ryy,7.42
4q3s,6.59
6e3z,7.76
5eqp,5.4
6r1k,5.05
4jda,6.29
5okt,6.03
1fsy,6.82
3ijg,4.27
5zeq,8.82
1kdw,5.54
6qtw,5.52
3lp0,6.96
5nu1,9.0
4eqj,5.6
2uw4,5.28
3tiy,4.77
3l3a,6.38
2cle,3.55
2vwy,7.05
4x7o,8.7
5zml,8.11
1qvu,4.46
4k6y,4.83
3lxl,8.3
1h24,6.3
5uff,4.24
3rlb,9.92
3hy5,7.7
5xaf,5.77
3s7b,6.3
1tnh,3.37
4nct,7.55
4zcw,7.37
2jle,6.42
4z3v,8.4
5nx2,8.49
2hs2,8.31
3skg,8.1
1pq3,7.52
1hv5,8.3
4o4r,6.06
2lcs,6.7
5hkh,5.09
4ndu,2.74
3ttn,7.84
4joa,7.54
4oc5,7.07
4ruu,7.54
3m37,9.04
5g45,3.3
3vap,8.4
4kax,4.77
2jnw,6.11
5v5y,7.87
4qjw,7.8
6eq8,8.0
2lh8,4.18
5g5f,5.28
4o2f,6.41
4p7m,7.41
5emk,7.89
4w4z,7.52
3vp2,5.1
4x6s,5.24
5kqf,6.51
3ro4,6.23
4j0a,6.8
1evh,3.22
5nzm,3.9
1yy4,8.6
6gjl,3.86
2b1i,6.82
6imo,6.19
3lj7,8.34
5vc6,7.87
2n8t,3.37
2uup,3.98
1p05,5.96
4cd8,2.89
2v22,5.39
5axi,3.92
6kdx,6.53
2qmd,8.3
5znl,8.77
2mpm,5.89
4qxr,6.0
6ps5,8.43
4luz,4.7
6iiu,7.96
1idg,7.19
5ykp,7.05
4fgt,5.41
3zly,3.52
2oxx,6.7
2nmy,8.37
1z6e,9.72
6afe,5.36
2wj1,8.72
6d49,3.93
5u69,6.22
5ahj,8.23
2zx5,12.33
3qiy,5.34
1waw,7.89
4e1e,6.31
6mt6,3.88
4u6z,5.41
1s5z,3.21
5ety,7.51
3le8,6.07
3h03,3.87
4f7v,5.38
3u4i,3.89
3wc7,8.26
2wei,8.47
4bib,6.6
4yne,8.52
4ool,6.85
4abe,3.4
6o0p,9.96
4ahv,1.82
6gcr,8.33
4k2f,7.4
4yl3,8.15
3fas,6.77
4j3j,7.51
3th8,6.25
1w7g,5.1
3bm9,6.72
3wtn,7.04
5mk9,4.42
1xa5,6.5
2w77,9.19
3obx,3.89
6mli,2.43
5ut4,4.38
4qw1,6.11
3cd0,7.57
4o15,8.7
2b4m,3.53
3hii,6.54
5ogk,5.11
4msg,10.0
4yx4,5.97
1ppw,4.3
4pfu,6.17
1rgl,4.43
5jf6,7.21
5m39,4.62
4lyn,7.22
5oci,8.05
3p3r,7.25
6mck,7.92
5yjp,6.62
4cqg,9.39
1npw,8.7
6s7k,4.24
4hlg,6.51
4mk8,9.0
1di8,6.0
1nfu,7.74
2w0x,3.2
2pj3,8.18
6faw,5.57
5oui,4.03
2c69,4.59
4ytf,8.15
5i43,7.2
6b4d,6.11
5o3r,5.0
5mg2,7.77
5ncz,9.1
4joo,4.43
5mka,4.31
2y2k,5.16
3rk9,6.28
6eee,7.54
4c16,4.96
2qo8,8.47
2c1q,13.0
4na9,7.39
1dg9,2.74
4zx9,7.39
4feq,5.96
2gde,8.24
2gg8,4.6
5lwn,7.77
4eoh,4.3
1g45,8.64
5cgc,9.3
3bu6,5.89
5uwj,5.7
1ett,5.89
6r1b,5.44
4b8p,6.85
3t84,6.97
3ldp,5.62
5yjk,6.09
4mrw,3.3
4j06,5.34
4flh,9.0
5kbf,8.92
4hnc,3.17
3o6t,5.22
3ti5,8.95
2uzv,5.87
2g6q,5.82
1ttm,7.35
3q3t,7.43
3hkn,5.35
5nr7,6.02
3b5j,5.68
3ej1,6.92
4efk,2.49
3poa,7.0
2hj4,5.37
3lbj,4.96
4abb,4.51
6csr,6.84
4luo,3.24
3oyp,8.7
4cg9,6.21
1s50,7.2
6oja,9.7
6n3n,8.74
2zcq,8.82
3qkv,7.44
5m29,7.4
2cma,6.73
3pp1,8.49
4fmq,5.05
5hpm,7.13
5zz4,9.17
1zkl,5.09
6npv,6.8
3wzn,7.0
5myd,4.86
4ds1,4.75
1os0,6.03
1o3e,7.96
2xpb,5.7
3ctj,7.46
6huc,7.59
5tl9,9.0
3zmi,5.95
5c4s,8.42
3nwb,7.96
1jcx,5.15
4nwm,8.1
6j0g,5.64
3ocb,8.3
4wmy,7.07
5oqw,7.4
4d1d,5.74
5w7u,8.05
4foc,8.52
1zd5,4.87
3ffp,7.14
4bsq,9.15
3uix,6.82
2gg7,5.76
2qi1,7.3
6ee3,6.86
4erk,4.57
3jy0,8.3
1ofz,4.62
3opr,6.59
3sug,6.21
5nvf,7.8
1xos,4.7
3ag9,8.05
6uvy,6.0
1k3q,6.52
1w76,6.15
5wxo,3.68
1inq,6.27
223l,3.4
4mot,7.3
3atp,4.45
2chw,4.77
5lhu,4.66
4wkn,9.72
1tuf,4.05
2mow,5.96
4n8d,4.92
6euz,4.18
2byh,6.59
1uvr,6.0
2v0z,9.22
2bvx,8.7
3ttz,8.4
2jaj,4.6
1bwb,8.42
2vh6,9.7
5f1x,6.11
4l4m,8.0
5hmy,6.3
3n7s,7.7
3ppr,2.82
5k1f,4.79
4tw7,7.59
3drf,7.0
5aux,5.0
6qxu,8.15
5y0z,6.34
4owm,2.96
4nwc,5.76
1k3n,4.99
2m0v,5.97
4ago,4.81
4z16,8.32
3uxk,4.93
3v3l,6.43
3o9a,10.7
1xhy,6.18
4aoi,8.4
4x5q,9.0
6b4u,7.68
1fvv,8.0
1nwl,2.39
4igk,4.55
1h1h,5.22
5dhh,9.18
3q5u,4.31
5elf,2.34
5evk,4.92
1xpz,7.08
2wyi,4.74
5knu,5.55
2nnd,6.06
4jht,4.99
1bv7,10.3
2cgv,4.56
5eue,6.77
5n1y,3.22
4ga3,7.52
4ef6,2.92
2ax6,7.57
4c1m,7.8
4nga,7.77
1q91,4.15
2qnb,5.34
2eg7,5.89
4tmf,5.48
6eif,6.98
4wr8,6.23
3rv4,2.3
4l0t,7.18
3rxd,3.73
3arv,5.64
6mxd,5.23
4h1e,8.52
4zyv,7.66
1efy,8.22
5lli,7.05
3ti1,3.89
5dtw,5.46
5m5d,3.95
2ydk,8.15
6e06,4.26
3ti6,9.27
5hm3,5.17
1fig,6.22
3nf7,3.47
1v2l,4.29
1y3n,5.55
6d28,6.7
5nb6,6.3
5n7g,4.58
5y0g,6.7
2v77,5.06
4phv,9.17
3gxy,5.59
4i1r,4.65
3f9w,4.72
2o3z,5.7
5fh6,5.92
6o0h,8.15
3t6y,5.52
1bji,8.7
5jer,3.7
3run,5.44
6hgy,8.52
4uoh,4.77
5csh,3.57
1y4z,7.24
6o7g,5.96
4jgv,6.57
4bf6,8.35
5nya,6.38
4i10,6.77
4nrl,8.62
3wyx,8.37
5mri,4.4
4bt5,2.76
5k13,8.74
2gfd,6.28
1bmk,7.6
4zmf,3.96
1nfy,8.89
1sh9,6.03
4dgm,5.92
6cdj,11.7
3ksl,4.52
6im6,4.68
5i86,6.28
4cqe,8.43
3ue4,8.96
4x2s,6.55
2oc7,5.85
4b70,5.2
4cl6,5.39
6mj7,2.82
6qgg,6.3
4li6,6.97
3f8f,6.63
4hyf,7.6
4an2,9.05
4q87,4.85
1jao,5.92
1nh0,9.74
4mi9,3.42
1xxh,6.11
5w10,6.62
4qac,9.4
5teg,6.85
6cz4,7.12
4je7,6.4
3ug2,8.25
3hrb,7.68
5w5k,8.3
3t7g,5.2
4km2,5.84
3tn8,6.13
3zdh,7.35
1yc5,3.0
6df2,7.24
2h42,8.62
4wwp,6.92
4jnm,8.52
4fbe,6.99
3gw5,9.33
4u0u,5.82
3rse,7.0
4bo0,6.7
6oim,7.05
5oxn,1.96
4gtq,8.3
2nqg,6.48
5oht,6.02
1mqd,6.77
4ixu,7.64
2isv,7.43
3n76,6.85
3uqr,7.24
1nju,7.3
4wvs,6.27
2wmr,4.28
6f4x,4.97
3r7r,8.74
2hmh,7.15
2xey,5.19
4uwl,8.57
6gjd,7.66
6k4t,6.02
3vjm,9.43
3hkw,8.64
1bv9,9.96
3d7m,6.44
4emt,5.3
4z7n,5.04
3rl7,4.74
4xsz,5.6
6c2x,4.76
4em7,5.11
4kfp,8.0
5om3,4.1
6fqu,5.66
4b83,5.15
1i32,5.7
2xez,5.82
1so2,9.57
3kwb,7.77
5cls,6.66
4z0k,6.34
3ati,3.73
5ali,7.07
2y81,8.7
6ilz,6.47
1g9a,5.3
6bef,3.98
2i3h,7.4
2q2n,6.48
2xej,8.87
6q3z,7.36
4qlk,3.24
6n7d,9.52
4gvu,7.52
6jn5,5.15
1lhg,7.1
4e3g,4.97
2vto,6.85
3koo,7.82
6bbx,6.67
3qd4,8.2
3uyt,8.1
2v10,9.4
4lxd,7.23
5fsy,5.89
4ks2,9.34
3u15,7.11
6agt,8.4
3g6m,1.71
4m3b,6.4
1e2k,4.94
1eby,9.7
3k5i,4.7
3r92,7.02
1yvx,5.1
4wz6,5.6
1n7t,6.82
5cwa,4.77
3ncz,7.82
4kmz,8.57
4qzs,7.05
3rxa,2.85
3gxt,4.74
4cwf,4.49
3wv2,7.92
5fov,2.8
3brn,8.7
2ydv,7.86
2xni,7.37
4ktu,6.16
2x6d,7.92
6plg,7.82
2bdy,7.77
3t0w,7.3
1i9p,8.41
3fzs,5.82
2q1j,9.1
5vs6,6.98
4muv,5.76
3up2,7.4
3d28,5.85
3lea,9.1
4rfr,6.54
1i8j,4.41
2euk,6.6
3twv,4.76
5u5k,4.02
6c2y,6.6
4hvs,7.8
1t13,7.38
4bzn,5.84
3qaa,11.54
4zae,8.44
1cny,7.85
1pye,6.41
5t97,7.77
2qc6,7.0
4f2w,11.3
186l,4.85
3rtm,4.42
4jn2,11.68
3cx9,4.89
5xii,7.12
3uvl,5.69
1h4w,4.66
2dbl,8.7
5q0t,4.54
1i00,6.34
4u43,4.32
4l52,8.4
4mw1,7.72
6rmm,4.69
4mma,6.04
2wxf,6.74
4jyb,6.96
5ouh,5.67
1iig,1.57
3rt6,7.15
2d1x,5.1
1bn4,9.31
3h5u,8.52
3qo3,6.9
1yz3,8.81
2w73,6.52
2mip,8.46
3hqz,9.38
4y24,6.66
3pxy,5.23
3nw9,9.0
6mlo,6.1
3s54,9.64
2y34,7.1
1kat,6.0
6cfc,3.68
2rk7,4.05
5qqo,7.77
4ce3,3.96
3zjc,5.05
5lto,5.92
6g7a,6.78
1udu,9.05
1fl3,6.8
3fpm,5.05
2vj7,7.4
3dya,8.52
4q3u,6.44
1c84,5.0
2xba,7.63
5f01,6.38
1lxf,4.1
5ufp,7.37
5d0c,5.63
4x6h,7.66
5o9h,6.62
5q1g,3.58
4qz6,5.53
5wdc,6.4
2qh6,6.0
2er6,7.22
5ox5,5.59
2gz2,5.22
5nvx,7.05
6hrq,7.09
3be9,7.62
6csf,5.44
3igb,4.42
6nfh,7.15
1pus,7.28
4qgd,7.43
1zc9,3.22
5w5j,5.82
1ax0,3.13
5y5u,7.75
6a3n,8.06
3sur,4.15
5hh4,5.96
6dif,10.72
3ejq,8.57
1oss,4.79
5vqv,6.4
4pkw,4.65
2xc4,8.05
2fes,9.01
2j27,3.52
1qkn,8.47
4kzq,6.1
3ogm,7.32
5jv2,4.0
2y1w,6.33
4b76,4.54
5mqy,7.11
3f7u,6.61
5lsg,5.4
1py2,7.22
4op3,8.15
3t0x,8.0
5vlr,8.52
4b85,4.06
6dgt,7.38
6hm1,6.04
4tyo,7.1
6ajg,5.78
5w4w,8.1
4b4q,5.75
3vrt,8.57
1o2q,7.68
4kip,8.15
4ttv,6.68
1oko,4.54
2xbp,5.02
2wly,6.6
4f7n,7.1
2zjv,5.14
3pbb,7.02
2wl5,4.52
5ywy,7.23
4ifi,5.48
5mat,6.24
3tza,5.5
6ced,5.82
1hgj,1.66
1ppx,7.28
1htg,8.42
4lkq,3.35
6ps3,9.78
3clp,3.69
6d1a,4.35
2vta,3.73
4onf,8.92
4ufy,8.15
1ets,8.22
1c8v,6.33
4x3t,4.54
4uc5,5.48
5cxz,6.26
6fo9,7.75
6qrf,4.48
3n9s,5.26
4r6v,7.45
5o4z,6.07
5lvn,4.7
1lpg,7.09
1b58,6.59
4kbi,7.49
4wmx,4.85
2zz2,4.54
2zm3,6.21
4bw3,6.3
5k48,6.6
3qfy,6.12
5o1c,3.95
5vdv,4.0
5j7p,7.28
2fhy,5.96
1tok,2.47
2gj5,8.32
5wfw,6.1
6imr,5.37
3eqr,8.7
6qe0,4.6
3fc8,5.39
5nf6,7.46
2x6e,7.82
3own,7.47
3fqs,7.39
5f3t,3.68
2p83,7.96
3g32,3.71
6u8l,6.91
4jfs,5.27
5qin,10.4
1vfn,5.6
6ql2,7.77
2qa8,6.0
4fn5,6.76
5h63,5.92
2xu3,6.8
1xqc,7.2
5lub,6.15
1o37,6.82
5n99,4.21
1m5f,7.83
4hy1,8.7
1au0,7.66
5kau,6.52
3tjd,9.0
2cnh,7.23
4c1e,7.14
2evm,6.16
6s9b,5.68
1dkd,5.7
4dhs,4.8
1xgi,4.85
5uwp,5.8
2qiq,4.1
3pd3,4.44
4mcc,6.25
5ehg,3.43
1sfi,10.0
5f08,5.52
1dzj,5.89
2y8c,6.4
4mk9,8.05
6n17,3.0
4uct,3.12
4qwg,5.97
2qyn,6.24
5om9,4.25
1czk,8.82
2g0h,7.64
5bvn,8.82
4wk7,7.13
6mia,2.6
2ylc,7.89
1fq4,6.4
4mjp,3.88
4og3,6.55
5ia0,6.73
4z5w,5.81
5o0j,4.77
4btm,5.39
2ltv,5.16
5vsj,4.02
3l3n,8.18
5uir,7.14
5etf,3.79
4anm,7.55
5ofu,4.2
1gi4,7.19
4ad2,6.2
5ubg,5.17
5un1,5.8
6nzr,9.3
4ge7,8.15
1ezq,9.05
4c1c,4.97
3g4i,9.04
4m4q,7.96
6fii,8.02
2ndg,4.71
4fak,4.28
2fum,6.1
1fpy,6.0
4pdk,8.22
2p3c,7.62
2gga,1.96
6if0,6.51
2xuc,4.1
3s1h,4.77
4qok,5.19
4wyp,3.36
2d1o,7.7
3wd2,6.24
2zx9,10.27
3nim,4.75
2zb1,6.32
2vew,7.19
1ek2,8.2
2ph6,7.57
1db5,6.82
4fxy,7.54
6p83,7.1
5wa5,6.72
2yog,4.51
3oim,6.74
6uh0,6.07
1jd0,8.24
3lzv,10.59
4fxz,7.03
3qcy,7.7
6ccu,4.45
3ogp,7.44
5wxh,6.15
5vk0,9.74
6ar2,6.41
5nxv,8.46
4huo,4.7
6ftf,8.1
4hys,7.26
5urk,6.1
3arw,6.15
3hu3,6.89
4xtp,4.26
1fwe,5.6
6iyv,5.88
1ftk,4.84
4ksp,8.8
1hlf,5.64
6eq6,4.82
2wa4,4.74
1ybg,4.8
5moq,4.68
4omc,10.78
4rlk,5.02
3zo2,7.1
5yql,4.59
3r22,7.77
3puk,4.74
6b4w,8.3
5qac,3.6
3itc,1.6
5lx6,5.72
2mwp,6.05
5ewy,4.3
6h4r,7.03
3sue,9.08
2uym,5.51
2g9u,6.08
5eps,4.42
3oaw,8.15
4psx,6.47
2np8,7.38
2wfg,4.42
4mss,6.4
4pz5,6.92
6cjr,9.52
3pz2,6.14
2bmc,7.57
1xs7,7.6
6ugo,7.59
1g7q,6.06
5n34,4.63
3m3e,4.43
3bcn,7.12
2itt,8.77
5vih,7.49
3b78,4.1
5yjm,7.68
4os2,6.7
5vfn,3.52
4nrb,4.42
5t36,7.37
5h5q,5.74
5n6s,8.09
4y2s,4.28
1o2r,5.21
4euc,6.1
3pgu,6.7
6fx1,3.98
1wtg,7.03
4pnu,4.89
5k51,4.8
6sy7,3.33
4v0i,6.33
2r3g,6.1
2nwl,8.7
6bt0,5.68
1puq,7.28
5u06,6.66
5oq4,7.6
3wkb,4.21
4o5b,8.3
6mju,7.56
3b7i,5.82
2gst,6.07
5ou2,3.22
4c6u,4.59
5if4,9.0
1z3t,3.94
3hs8,5.3
4fmn,6.1
2b7d,8.7
4und,8.96
5f02,7.44
5mw3,6.62
3moh,2.84
6dtw,8.26
5n8e,5.33
1oyn,6.26
4i7k,3.04
3ezv,5.98
2jbo,8.07
4ayu,4.73
5nn0,10.96
4ycl,8.15
3kej,7.12
2g96,4.28
2oc9,7.96
4unp,3.23
3tf6,6.4
2ci9,7.22
1q66,5.77
4ris,6.05
5u7k,8.15
4gbz,3.11
5ovx,4.5
3qiz,5.21
3ntp,4.92
2qe4,7.96
5y93,5.64
2bmk,5.62
6ma3,8.3
2xb8,7.59
1j36,7.74
5ugm,5.9
1nj5,7.3
6ck6,9.0
4jfl,4.98
4q0a,6.48
4ps0,4.04
6ce2,6.3
2f6z,5.32
5yz7,4.75
4gpl,5.89
2wu7,6.28
4qz2,5.21
3tv5,5.32
2pvn,9.46
3l16,7.48
5bsk,6.22
1jj9,5.77
5a81,5.54
1n3i,8.89
3t01,4.48
2of4,7.09
4q7s,4.42
5fi2,7.15
4ej8,5.39
6bjo,6.29
6j6m,9.52
5szc,4.69
6e3o,8.7
3c1k,9.44
5am5,5.74
6ewk,3.77
6mtu,5.22
3cib,7.85
3uew,6.31
1h9z,5.42
1o3j,6.77
6e4u,7.87
5xkm,7.62
5j4n,4.25
3eyh,7.7
5q0i,4.25
1a4h,5.92
2nt7,6.52
3d25,7.66
2wnc,6.32
3h2f,4.06
6fvm,6.6
2z97,6.0
2uwl,8.4
5v2p,8.29
4u7t,5.67
1riw,7.55
4ob0,5.3
1qjb,6.38
2r5p,8.48
6p14,6.66
5y6e,7.86
4i9h,7.17
4phu,7.92
2ow7,4.85
6ee6,6.67
3muz,3.46
2i40,5.8
4h81,5.12
5w0i,8.85
1c70,10.3
5nhy,8.64
3fc1,8.0
3sut,7.85
5nvz,6.77
2rkm,3.9
3iu9,6.62
4oar,10.42
4aje,3.68
3ry8,3.34
1o3d,7.13
2xei,10.62
4xg4,7.67
6fmn,5.95
6cze,4.03
5g2b,7.0
3thb,8.7
4w52,3.76
4eo6,8.7
4j6i,8.85
2l11,4.82
6ibv,5.23
6r0k,7.92
4c36,7.7
2ow3,8.52
6bbs,9.89
5u7o,7.14
5wou,6.18
2vur,4.52
4joe,3.56
4dfn,7.7
3f3d,7.16
4ay6,5.12
5iaw,4.81
1e1y,5.6
4xjs,7.12
6h7f,6.12
1z71,9.18
1afk,6.62
5m23,8.9
4bak,8.91
3u3u,6.88
5up0,6.34
5o9r,5.39
5diq,5.17
5sy3,4.37
4q93,4.65
4j28,5.7
2bw7,5.7
6cjp,8.11
4qxo,5.51
5akj,5.86
2f18,4.1
5epn,8.66
1e37,3.7
5vsc,6.29
3vd7,4.48
1mmq,7.52
3e7b,9.8
5wfj,8.89
2xqq,4.82
2ylp,4.3
3bxf,5.54
4cli,8.89
4o61,4.3
1g37,10.0
6bkh,8.89
1n8u,6.03
5owf,5.8
4i7f,7.0
6hrx,5.1
1thl,6.42
6e7t,6.89
4jbl,3.27
6e23,10.0
4lm2,3.03
1fki,7.0
5nbw,8.59
3k5g,8.6
2q6f,5.44
1b56,6.1
9hvp,8.35
3nf9,3.54
1y6b,7.42
2wca,5.6
4pd9,3.33
4mme,6.5
5aep,7.17
3l5d,4.11
1x0n,7.7
4qp7,5.23
5jop,9.41
5xpp,7.44
1sjh,8.05
5h09,5.88
5mpn,7.07
4y29,6.25
4ydg,7.82
2aoe,7.62
5aad,6.67
5aqu,2.98
1j15,3.84
2pax,6.74
3ibu,9.15
6czv,6.64
6s55,6.2
5vd1,6.0
4nrc,3.62
1c9d,6.3
1a5h,6.3
6dm8,7.28
6o5g,5.7
2w0z,4.03
6ios,4.1
3p9l,5.3
2q6b,9.52
6j3p,6.98
3b65,9.27
1hk1,5.64
5h1v,4.0
4y4v,3.65
4pvo,6.31
6h1h,6.17
5ajz,5.7
4lng,5.62
3jzs,8.1
3fqa,0.49
1ke7,8.05
3npc,8.34
3l4y,7.0
1m0o,2.31
1g42,3.01
6h7n,8.46
4r3b,6.25
4uco,7.0
1rql,2.75
5mnx,2.48
2igw,1.31
4aq6,4.8
1t7j,8.7
4gj3,8.85
5ktu,6.21
1xp0,9.0
5l9l,7.1
5v24,6.4
6ayo,8.29
4zip,9.68
3hv7,7.92
3dy6,6.9
5c3p,4.46
4ayt,3.7
6poh,2.71
3nkx,5.12
4z1k,8.33
4li8,8.12
4cwr,8.3
3mkn,4.12
5yc3,4.85
6ugr,6.27
3s3r,8.68
5oa2,5.01
5y6f,6.85
3bex,5.57
4de1,5.96
5u2e,6.56
4l33,8.15
1tnj,1.96
1nu1,7.19
2a58,4.92
4hy4,8.57
3osi,5.22
6u9v,7.4
5v8o,3.77
3ppo,5.3
6m8b,5.36
5ayy,5.32
5z1d,8.3
2ieh,6.96
3qn7,6.8
6dkg,8.59
5gmu,3.32
6hpw,6.09
1w2h,5.0
5tkd,8.15
5j7f,7.24
6hp5,7.27
5wgq,6.48
6hrp,9.0
3doz,5.7
5oh9,3.86
1nax,6.43
1jq9,8.45
5jq5,5.63
3ti3,8.74
5kos,8.82
6drg,6.92
3pxe,5.7
1gqs,6.3
4x7l,8.05
1e66,9.89
1bio,5.54
4cxx,5.68
2pov,7.12
2vip,5.28
4gs6,7.15
2qi0,7.38
4xmr,4.07
1ogu,7.47
4xkx,9.05
3lxe,6.6
3mle,5.24
2zm1,6.66
5igl,7.37
5wad,8.11
4gd6,7.38
5k1i,8.04
1ydr,5.52
4pgb,7.48
4kp4,5.17
1lox,5.52
4ivs,7.36
3kag,5.18
2glm,5.37
3rik,2.47
2f8g,8.7
2yoh,4.96
5ugb,6.79
3znr,7.44
1pwy,4.05
4e8y,6.09
5nvv,6.7
1d4t,6.19
5xsu,6.74
5tca,7.72
5t90,6.68
3zvt,5.92
4rqv,5.05
6aa5,7.28
2ccc,7.76
1mue,8.64
4bcj,7.96
5owt,8.17
3njq,4.89
4wy7,6.78
5zh2,6.54
4aia,3.66
4h3a,6.29
1mrn,4.52
5tex,6.4
1q9m,6.48
6n92,4.97
1il4,2.85
3buh,3.66
3d7b,3.69
4at4,7.92
6qwi,4.29
6qyo,7.52
5hka,6.46
4ryg,8.1
4j3e,7.06
2qta,5.76
4bcs,6.99
4mg6,5.62
3udq,6.0
3gwt,11.1
2fb8,9.8
4b3c,2.68
1ym4,7.41
4dro,5.41
5ta4,7.62
3mzc,6.65
4gpk,7.52
6n5h,6.45
3rm9,4.77
3kb3,6.82
3hhk,8.22
3uvp,7.46
4zz3,6.0
6b2q,8.05
1n1g,2.3
5tyj,7.46
6ior,4.31
2gnh,6.83
1lcj,9.0
6pys,7.15
2wxd,5.48
4z83,7.4
6qrc,4.89
5hrw,5.48
3wpn,4.36
6uf0,7.14
1toi,4.05
3rv9,4.92
1ikw,8.6
5wbl,6.44
1err,8.11
1ie9,10.19
1v0m,5.1
2qwb,2.74
4j17,7.27
3m6q,7.32
6pg7,4.66
5qan,3.96
4x1q,5.3
2xno,5.93
5j6m,8.57
6dqb,6.49
1x7r,8.05
3sjo,5.78
1if8,9.64
5zc5,7.06
5wg5,7.18
6md6,5.1
2i4v,11.2
4ysi,5.7
2qu5,8.06
5std,10.49
5w7x,4.1
5f63,7.92
3gc4,7.6
2aia,5.41
6qas,7.74
4n8r,5.0
3pm1,5.93
1p57,4.4
2hzy,7.39
4oef,4.76
3zhz,7.05
2jqi,5.0
4qmt,8.0
5dd9,6.11
1ukh,6.38
5h2u,8.15
4ye3,8.37
1bb0,8.36
1zfq,7.52
1sdu,10.07
2cgu,4.87
1d2s,9.74
5vdu,4.0
4ocv,5.08
3ns9,8.52
2w6o,4.22
6fv1,5.97
1xff,4.82
6guh,7.59
3tfv,7.1
4ijq,7.52
5e28,7.91
4prj,7.14
2xah,3.55
2vwz,6.1
3gjw,8.3
6cvy,8.41
2rka,3.0
6f8w,4.64
1xws,8.0
5q15,8.05
4l7l,6.0
4xbo,4.59
4jhq,7.74
3peq,7.5
4l2x,7.41
4a16,9.37
3q7q,5.65
6d1b,3.91
2w7y,6.08
2yir,9.77
5kz0,7.66
2vvu,8.1
5q0x,7.35
4x14,2.92
2f3k,7.89
6mxc,5.56
6p8z,4.7
5jsg,4.85
4eh3,3.53
3n23,8.52
4g8l,8.0
2vuk,3.9
5tzz,7.85
1bra,1.82
4zzx,6.9
4yc9,8.89
3di6,7.0
4x7h,7.38
6ekd,6.44
6iik,4.91
4i9i,8.1
1qxw,5.15
6oxv,10.7
6cdp,8.79
4lhv,10.0
3ua8,7.85
3mxy,6.41
5drq,10.92
5jhk,4.64
3ddf,4.66
5cy3,7.8
4g2j,7.96
4q0k,4.87
1qbo,7.74
1jvp,5.8
4d1j,6.31
3d50,4.77
1ttv,6.8
4xqa,4.99
1njj,2.1
4ibb,3.57
5owa,5.46
2pl0,7.21
6hkx,9.34
2vvv,8.22
3vrv,10.54
4iax,9.56
1ke5,6.25
5tol,7.48
1lq2,8.77
3f19,7.19
5kit,7.89
2f70,4.47
1m5d,5.04
5ls6,9.0
4ptc,8.96
1hmt,5.79
3vbt,4.43
2dq7,8.32
6mo7,5.03
4cp5,3.34
1awh,6.08
3tib,6.89
2ynn,5.17
2hzi,7.15
5u6v,7.68
4cc5,4.42
6sge,7.51
3vx3,7.82
6e7j,9.48
1xn2,10.52
2qu2,5.43
2qtt,4.32
4qls,7.44
5zu0,5.51
2q8g,7.06
3p5k,7.12
3fnm,4.71
5oyd,2.75
1dis,11.0
3a1d,4.12
1e8h,5.68
1nxy,7.19
3zn0,4.97
5j86,8.26
2irz,7.92
4m84,7.31
4abd,4.4
3a1t,4.83
1w5y,8.48
3g3m,5.96
5wg6,4.54
6eiq,6.42
6h96,8.68
6a04,5.21
6d78,8.74
4qh8,4.89
2g24,5.4
4ps1,6.66
6c7g,7.74
4wki,8.3
5im3,5.82
5jfp,9.32
6m87,8.1
6nsq,8.1
6jn6,7.15
5fnt,6.17
4emf,7.08
4q83,4.19
3ion,8.1
5iis,9.0
3vsx,8.85
3ine,6.77
3q4k,7.05
2v0n,6.3
2qju,4.1
3nw3,6.49
5erg,4.35
5f3z,4.54
3sv2,4.19
4hxr,5.39
2xo8,4.33
1yxd,5.3
6e91,6.62
6g01,7.41
4ezw,6.0
3vb6,4.41
5x9p,6.89
5jz9,3.57
4yx9,5.35
3m3r,6.32
1b6j,7.92
1zsb,0.6
4is6,6.2
3db8,7.0
4acg,9.66
2yim,3.92
2nsx,7.2
5op6,4.68
6t1m,5.21
4poh,8.0
4j8b,4.79
6ott,5.42
1b5i,7.05
1xlx,7.6
5w6u,5.49
2a14,5.7
3atu,8.3
2vgp,6.85
1epq,8.19
3sow,5.14
1noi,3.15
3lp4,4.88
3vsw,6.89
4zz2,8.04
2fxu,8.15
6n3f,6.1
2oq6,3.6
4p0v,5.92
5q0w,7.24
4tzn,6.52
4dv8,9.24
2uxz,8.48
3hac,8.17
3whw,8.22
3ao1,2.26
1str,4.77
6o8u,8.28
3lrh,7.35
1qf4,6.18
4ykk,2.77
3eht,5.17
3kqr,4.43
3n1c,5.22
4l7c,5.13
4lbp,4.94
3ffu,6.44
1nvs,7.82
1wht,3.7
1rrw,4.55
4b80,4.4
5iyv,3.87
2aa6,9.41
4j70,5.24
5eok,3.49
2cgr,7.28
4cpz,7.68
3nus,3.51
1o2y,5.85
4j26,5.44
7std,10.72
5j64,6.85
6r8w,5.92
4xct,8.17
2wo8,6.28
5ol3,5.36
1onz,5.1
4kva,3.94
3k15,4.92
2ojg,5.64
6cqz,9.64
2xy9,9.19
5g1n,7.77
4dcv,4.59
3s3o,7.57
3sk2,3.61
3daz,7.93
3v9b,9.3
3d9m,3.48
4pyx,6.14
2c6l,6.57
2jbv,3.54
5urj,5.28
5awt,4.52
5nvc,6.19
2pj0,8.09
5wyq,4.84
1b55,7.4
1fjs,9.96
5o9p,5.09
3ozs,5.33
2j3q,6.15
2fdd,8.32
6die,3.13
6c7w,5.47
6qto,4.64
3bkk,6.08
5nhz,5.33
3rkz,7.08
6e2o,8.54
4qvy,5.09
6fkp,6.52
2xb7,9.19
5tmp,7.47
1lan,7.22
3udj,3.62
4f64,7.2
4wh9,3.0
1njs,7.82
3si4,3.88
4fpk,4.24
4u71,5.22
1jp5,9.22
5yzd,6.7
4ks4,7.14
3rk7,6.7
4m0z,5.19
4pzh,8.0
6o9d,8.7
3g86,8.3
1ogz,5.85
3jya,6.89
1bwn,7.06
5dyw,8.31
5tkj,8.15
3ryv,7.07
1pg2,4.96
4mzs,7.92
1qy1,6.52
2vc7,3.36
6i41,4.21
6h7l,8.97
5g22,7.0
5tks,7.17
3o1d,5.74
3kwf,8.17
3l9l,6.78
4u4s,2.92
1udt,9.3
6nfi,7.05
3fu5,4.12
4k5l,4.96
2y5f,8.7
3k41,0.82
4j1e,7.72
5d1w,5.12
5ndf,5.85
6ay3,8.02
5w99,4.68
1fzo,7.89
6au2,2.3
4y4j,2.47
2wq5,3.74
6d4s,6.05
5ai0,3.69
6cq4,4.85
3ds3,5.22
2kzu,4.22
5n87,9.25
3mhl,7.25
4z1q,7.82
1qpf,7.57
4k5o,3.98
2qu3,6.23
3nww,8.15
5x5o,8.3
3kfc,8.55
3drs,9.3
4gts,7.89
3vye,8.11
6ghv,4.28
1xk9,6.85
2ghg,8.82
4q4q,5.79
3ob0,3.0
1o3c,7.13
3qcj,6.3
1kv5,4.22
2qbw,7.25
1q63,5.85
4l7u,5.66
4rn4,6.94
6cnk,7.77
1sln,6.64
4uff,7.96
2j6m,7.96
2ohr,4.0
4hrd,8.82
1d4i,8.85
4ff8,6.4
4ual,8.4
4y63,3.58
6g8q,4.72
3bf1,2.52
5juz,5.52
3zsy,3.23
6eeb,5.3
4xhe,10.3
6nsx,6.64
4gj6,5.12
3tfk,5.01
5agu,10.0
4zt2,8.0
3pqz,4.46
1rdj,1.66
1klg,7.89
5l4m,5.34
6fvo,5.55
5ega,5.06
4bdi,3.64
1mv0,4.03
5ost,4.56
3c84,7.85
3bb1,3.6
3o9p,6.52
1ai6,3.97
4urz,2.52
5unh,9.46
1xbb,5.3
3upk,4.3
4tqn,6.11
5kre,7.23
2f14,9.19
2byp,9.06
5ts0,7.8
2gyi,7.0
2w0s,3.3
6baw,5.38
4w9o,7.77
2p0x,6.31
5npf,4.24
1ivp,7.52
4gqp,9.6
4glr,9.46
4f09,6.7
2weh,5.95
6p9e,7.17
5dda,5.78
5m17,3.66
2yi7,8.32
2rip,7.19
6hv0,6.56
3iux,7.6
1uml,7.52
3djq,2.98
6e5g,5.37
5gwa,5.77
1qpl,8.51
1d3d,9.09
4ab8,3.87
5ttf,6.21
6qqu,5.3
3r5m,4.34
4o5g,4.3
4bi2,4.03
6bq0,7.34
4rh5,6.9
4lv3,5.49
3k7f,7.7
2a4q,7.18
5u51,4.92
3hzy,7.0
3bv2,9.36
5f4l,7.62
5ai1,6.47
6hvh,7.33
6dud,6.59
5ihc,7.89
4q3t,6.48
3fvl,6.07
3dla,3.46
3ekx,9.41
3v7c,5.74
5bve,11.0
3ti4,6.02
4jff,9.22
3bft,6.49
1zoh,7.0
1o2p,4.85
5nz4,6.28
4ovg,3.69
3u9n,7.0
4p5z,7.41
2boi,4.32
3ly2,8.3
1o4q,2.49
5neb,7.77
5ypw,4.64
3s0n,6.74
1p04,7.4
1zkk,4.48
1gni,8.07
4b9k,6.17
6f4w,5.53
5nxq,6.49
2jkp,4.23
5sy2,4.96
4lh5,6.7
3l0e,8.0
4ouj,2.86
4n7j,5.47
5nvw,6.77
4zg7,8.7
1dar,4.96
1qin,8.0
3bu1,8.15
5svy,6.13
6bed,4.72
4r4t,6.26
6hol,5.72
2pmn,5.2
6en5,7.94
5nvy,6.12
1qhr,6.89
1p19,4.11
2y8l,5.82
1ov3,6.72
3l9h,8.1
4mc9,9.44
1a9u,7.32
5wii,4.49
1py1,4.4
3fqh,6.24
4mnv,4.94
1pzj,3.49
3b92,8.0
6ipj,5.79
1rjk,10.0
4zur,7.17
1pmv,6.82
5unj,6.62
6rfi,7.43
6h33,9.22
1kav,5.82
4uwh,8.52
3h59,7.89
3tk2,4.62
4yll,6.92
2gj4,6.5
2znt,9.3
4kio,6.3
5tqg,9.62
2bgd,5.0
4gja,5.92
3duy,5.85
6fug,4.3
6chm,3.7
3of8,9.22
2yaz,5.14
4eoi,6.05
1pot,5.49
2wf1,8.7
1tcx,6.95
5abg,8.05
4o0j,4.89
6iez,6.52
2al5,8.4
3ik1,4.85
6et8,8.25
2vjx,4.96
3t2w,7.46
1ppi,5.01
5ljt,8.92
5bwb,5.3
5ufr,8.7
5km2,4.41
2qcn,5.0
5y8c,6.8
4gr0,9.55
4gv8,6.49
4o07,7.38
5ot3,5.23
3otf,6.08
6cec,4.35
2z7i,7.0
4pmt,6.0
5vwk,5.48
3kec,7.24
1q6t,8.3
4ufi,6.2
3wf5,7.09
6u26,6.97
5vo2,6.81
5ha1,7.19
4dkr,6.52
1zoe,7.4
6qyn,7.62
1g9d,5.3
3uli,7.15
1z9h,3.0
2vex,6.74
4an3,9.22
5zk8,8.89
1bmm,7.1
6pfj,6.41
2bet,2.77
1loq,3.7
1aj7,3.87
4j0z,7.11
1o4a,6.92
4k7i,2.82
5uk8,6.4
6nao,6.7
3k98,9.0
6qr2,5.49
3bmo,5.27
4zj8,9.26
1c5s,6.0
6c7e,8.55
1tps,8.0
2i6a,9.05
4jsz,2.3
5fdi,7.73
3sw2,8.33
4ly1,7.26
3hg1,4.74
3rpy,5.32
2qhd,5.38
1u2y,1.74
5c7e,5.0
6qxs,7.13
2zq1,6.62
1p02,7.17
3nu9,9.05
6q5b,5.89
6udi,10.0
5fas,7.47
4qag,5.32
4pv0,9.07
5ak0,7.68
1lhf,8.09
5t8o,6.51
4de5,3.15
3n8n,4.57
3ejs,6.6
3o1g,9.0
5dwr,11.22
4nxo,7.22
6q9q,6.84
1fta,6.36
4rpv,8.52
4j7d,4.7
4rxh,5.91
3c7q,7.68
4n99,3.67
5dxt,9.7
2c93,4.92
3eta,7.85
4kao,6.11
2y56,6.51
2pou,7.42
2h5j,7.91
5dri,7.7
3jq9,6.4
3nuy,3.46
9icd,3.9
1e72,3.22
4qvn,5.1
5fho,6.67
5iu7,8.96
2y1g,6.15
4ibg,3.97
2r3w,6.89
4pax,6.4
4bgk,6.28
3u4h,4.25
3gfw,7.57
3vhe,8.21
5ggj,1.75
2fci,7.15
5aib,3.8
5cks,5.51
2byr,8.55
4mww,3.67
4gq4,7.66
5tdi,9.74
6poi,3.49
1g30,6.85
3d62,6.1
4jg7,6.92
5fdg,6.37
4agq,5.01
5edl,8.35
3u6a,6.49
6r1a,4.35
1avd,15.0
5u98,9.7
1pr1,5.3
5apr,7.77
5alu,7.66
4aq3,7.43
2zym,6.14
4yjn,7.92
6gcl,4.47
2lyw,4.52
2ll7,8.8
4zx0,8.0
2nn1,5.82
4bo7,7.0
5ddd,6.59
4jyv,7.77
4wj7,4.89
5d29,7.01
4brx,6.49
3pgl,5.3
3mct,4.07
2jdn,5.56
5f37,5.77
4h58,6.72
3shc,5.72
2cex,4.7
5n84,7.96
5q1c,8.08
1bjv,5.54
1rlp,5.1
1k9q,3.15
1bcu,3.28
5i0l,7.74
1vyz,6.54
1b9t,5.1
6q7h,7.68
2p8o,4.85
5mjn,8.54
4cff,6.4
4l7g,4.0
4fzj,3.15
1h3h,6.66
3b28,8.47
5a6i,7.25
6fe5,9.3
3p55,7.1
6ugz,7.72
4lv1,7.4
5tdb,5.84
4avu,7.85
6em7,4.53
5cu4,6.49
1i9n,8.66
4fcf,8.62
5ceq,7.38
5w4e,6.46
1pxo,8.7
4jx9,8.62
5ih6,5.6
3s56,9.62
5tw2,7.3
4jhz,6.02
3tge,10.15
6efk,6.8
6hva,6.28
2w6n,6.9
5myr,4.66
1pf7,10.14
4yzu,5.05
4wpf,6.6
6boy,5.74
6gmx,2.17
5qa6,3.76
4mw2,6.7
4o0r,7.44
1u1b,7.8
3hvi,8.3
2adm,5.7
6n0j,5.37
4mm6,6.69
6fmk,4.67
6np4,4.44
1duv,11.8
6of5,5.35
5y5t,6.68
4dai,6.96
3lpi,8.52
5n18,5.68
5lgu,7.66
3ewc,7.7
4lj5,6.29
1x81,9.19
4lh7,4.47
6dql,7.89
6jay,5.7
6i17,6.6
2r2w,4.47
1hvy,6.54
3ebp,5.91
6fba,4.7
5wg8,5.74
4mcd,5.33
5cy9,6.66
2xaj,3.77
4ivt,6.0
6nkp,6.52
2z5s,5.66
6ezg,7.69
3n5h,5.7
3azb,4.92
6eea,6.2
4uiu,7.9
5aiv,6.19
4ih5,4.11
2x09,3.76
2ayr,9.29
5fos,5.74
4k3h,6.85
6p5w,5.29
1uyi,5.39
5ni8,7.7
1ouk,9.89
4x34,6.12
4exg,8.07
2exg,4.3
2xne,6.72
2avs,7.57
5vc4,7.36
6iht,5.21
6kzd,8.53
6bsk,6.92
4xwk,4.63
3lhg,7.7
3ipx,6.92
2oqs,5.89
4yml,8.35
4c73,4.92
6p5o,4.54
3djx,2.81
3dln,6.6
6qae,8.52
5qak,3.66
4ret,7.59
4ce1,4.38
5caq,8.57
6as6,4.82
2g1r,7.7
3iub,4.54
5vp9,8.99
2hdu,2.3
4i6b,5.93
3upi,8.22
5eq0,5.92
1u0h,6.96
5vdk,7.57
3srb,4.19
1k6p,7.36
2v54,4.6
3twp,3.92
3iw6,5.48
1ols,5.82
1dtt,8.3
4ezj,8.42
1gww,3.59
6u5m,6.29
4rxe,6.64
1uk1,7.22
5w9g,6.82
3ant,8.07
4b3b,3.6
4wet,3.35
3hvh,8.52
1x8r,6.12
2xcn,6.92
6qfv,7.31
3abt,4.77
4y67,6.93
5kv9,5.85
6n0p,8.89
5h7h,3.77
5j87,8.05
1g2a,8.0
6ijh,7.17
6fod,8.15
1xog,6.39
1ljt,5.15
6o6g,6.52
2h4g,6.52
4ok6,4.85
6g2r,9.46
5lgp,7.04
3sc1,4.38
6dj7,8.72
3luo,6.95
5f4n,8.66
5we9,7.22
3ai8,3.81
5e2r,7.06
2zzu,7.41
5n58,6.1
5km5,6.92
6gih,4.36
5yg3,7.85
3eqs,8.48
6n3y,5.44
5f3c,6.05
5ubt,8.62
3ask,6.43
1g85,5.48
2g8n,7.2
3iww,7.96
6b3e,6.99
1r1i,8.54
2clh,4.06
4k4e,7.62
4c1f,4.63
5kjm,7.19
1hkm,8.72
4jfd,4.44
3nkk,4.7
4mc6,9.59
4eu3,0.82
5d1u,5.96
3hcm,3.3
4s2i,9.0
2wp1,3.6
2xnp,6.44
3gb2,7.47
3p76,8.68
5w1v,4.43
3l7g,3.3
2o1c,4.72
1txr,7.74
1o9e,4.18
4axa,8.0
6f9g,5.7
5iz8,5.62
1k4g,5.85
4g3e,8.38
3kgu,5.92
3ful,3.7
6njz,5.01
5j19,6.6
2bvr,3.7
4u45,8.0
5c7f,3.98
1gwv,2.57
3fl8,7.27
5fky,8.33
2z7h,6.94
4wgi,5.35
2vpn,6.72
3qrk,7.24
5oq8,5.85
6gip,7.38
1rpj,6.48
4wtu,9.52
5fb0,5.47
4f20,3.29
4mo4,4.22
3n7a,3.7
4uye,8.02
5fnc,4.11
4u69,4.26
2h5a,5.1
4y6m,7.15
6r7r,6.33
3chd,4.92
6n3z,6.59
4qb3,5.47
4kln,7.7
2kgi,6.12
3nzu,8.85
1re8,9.52
1oba,2.44
4yvc,5.96
6nel,7.96
2fl6,7.42
4jfx,6.44
3ump,2.99
4enx,6.26
3biz,7.24
3iut,6.34
4nat,6.48
3ibc,4.91
4yv0,3.28
1fao,7.37
1e06,5.6
3g0d,8.3
1w3k,4.3
3kpu,3.16
5i40,4.86
3i9g,8.96
6mla,4.38
1dxp,7.57
2xzc,5.64
2ygu,6.49
3vp4,4.73
4hxj,4.13
4c71,3.42
3nan,8.22
3qip,6.89
4r5x,5.26
5z1t,6.2
2fdp,7.59
5bs0,7.12
5vqi,6.25
5aqo,2.85
5g2n,7.03
4jlg,8.7
3ppq,4.55
3ee2,4.19
1r6g,9.21
3u8k,8.66
5m77,7.61
1hk4,5.31
4p74,5.0
4few,5.21
4wmu,6.74
4a4w,7.72
2w8g,6.0
2g70,7.77
2cmc,5.76
1gca,6.7
3qtq,5.51
6mll,3.62
3c6u,8.87
1pzo,3.32
1f5k,3.74
3qbn,8.23
1it6,8.39
3t1a,8.37
3t2q,3.66
4o37,6.16
4ad3,4.62
6fi5,5.52
2gl0,4.82
6es0,5.65
3p4w,4.57
5d47,7.0
4dcs,5.1
5am4,6.95
1o3i,7.3
4frk,8.1
3d1x,8.66
4d2w,4.51
4de2,4.12
3wtm,7.0
2yiw,9.1
2ksp,4.24
5whc,4.92
5a5p,4.0
2xj0,2.82
1lvc,6.0
4nrp,4.59
4cp7,8.11
4f5y,5.43
5tku,9.8
3s00,4.92
6nv7,7.92
2rke,4.08
4au7,4.76
4n07,6.46
2w7x,7.62
4aac,8.17
1f9e,8.7
3dkf,8.57
4cjp,3.32
6np3,6.47
3rvi,7.96
4pzv,5.7
4r1v,9.0
3pz1,6.14
3t8v,6.59
3bgs,9.42
4an9,7.36
4ko8,7.15
3p8z,6.09
3so9,8.56
5w4s,4.03
2qtn,3.42
3kjf,4.87
4bnu,7.7
2v95,8.3
5abe,3.05
6p12,5.95
3cho,6.55
1ke6,8.24
4p6w,9.15
5l44,4.4
3sx9,8.89
1hq5,5.65
2zda,8.4
4jok,4.07
3v2x,5.35
5hk2,8.59
4yoz,6.8
2cbz,3.93
1f0r,7.66
5a3h,4.57
2y5k,6.66
1d4h,10.0
4nxq,4.74
6h8s,4.42
6jdi,5.11
5kx7,7.44
3t85,7.95
4jyt,7.4
4bks,3.82
5q1a,8.02
5nk2,6.74
3hik,6.35
1o5b,5.77
1qbt,10.62
2a4g,7.18
6oag,5.43
2qg2,5.4
5c4k,4.56
3hl8,4.49
2gh7,13.0
4kb8,7.89
6hm2,7.33
6i0r,4.35
2xp8,4.82
5oxk,2.17
5dg6,5.07
3ljj,6.52
4i7b,5.7
3rtf,7.35
6hgj,4.38
1w1v,2.2
4db7,6.56
2wi3,3.46
5nib,7.72
3qcf,5.6
4pv5,6.54
5fwr,7.75
1exv,7.35
3sha,5.59
5l8t,3.55
3dp1,5.0
6cjs,9.7
1m5e,7.7
1hbj,8.52
5ur5,7.14
4len,7.4
1q4w,6.46
1n46,10.52
3aau,5.05
6pg8,3.85
4wup,9.82
1y98,5.43
1pwu,5.68
5mrh,4.2
5alo,6.13
5j79,8.52
1c86,4.7
6f8t,5.15
5b5f,5.25
1atr,6.96
2avi,15.22
6b7f,3.87
5xiw,4.96
3ts4,8.72
4md6,7.77
2ltz,5.35
5fap,8.0
6udy,7.57
6fsy,6.61
2ycs,8.87
3gqo,5.41
5bqg,4.76
3lgs,4.61
6oi8,7.82
5wbo,4.21
6cwi,7.54
3sz1,4.66
6tyz,6.88
6g91,5.49
2wtw,8.19
2m3o,5.3
1g3b,5.74
1lb6,4.08
5tuo,6.49
3ipu,7.32
5tbe,8.97
3vi5,5.68
2r3h,4.7
4elb,8.3
1f9g,1.28
1p6d,2.94
3zyu,7.0
2giu,8.82
5w0l,4.74
3zmv,4.26
6msy,7.0
3tc5,5.17
3os3,6.63
3lkz,6.15
4riv,7.0
3cpj,4.72
3ohf,7.03
6qra,6.15
2gz8,5.52
6oh3,3.32
1tr7,6.82
5a00,7.52
3csl,7.22
3vdc,4.92
4mcb,5.82
2vb8,4.6
3miy,7.68
6ffe,6.1
3fh5,7.06
3fgc,3.92
3v6s,9.12
5enf,3.57
2qki,6.41
2r3k,7.0
4lsj,9.57
5cc2,4.1
3o95,8.28
3pyy,6.86
3l5b,3.91
6dxl,5.8
5c1m,10.8
4dr9,8.0
4o24,4.3
6czd,3.85
4o71,4.74
2vo7,6.77
5nwd,8.0
1j4q,6.44
3qch,5.48
4fod,8.92
4l0i,6.57
4zph,7.51
5xpn,6.99
5j58,7.3
3zvw,3.9
6ar9,5.18
6i9a,10.0
4e81,5.24
3bki,5.12
4bdf,4.09
1ugw,3.09
2ay3,3.55
3rin,8.89
1njb,5.8
5eyk,8.52
4mhy,6.47
5hog,3.64
5ose,3.17
2wqp,5.51
2rjp,7.0
3t60,6.7
2az5,5.27
4mt9,10.0
2xm8,6.8
5a6k,5.95
6czb,4.33
4ixh,8.21
4abg,3.57
3ptg,7.6
5jgi,4.3
5a4q,5.54
6g2c,4.66
6a03,5.25
2gg2,6.6
3dd8,7.85
2ya6,5.7
5db3,7.92
5m4c,7.4
3zy2,6.46
5thi,3.61
5aqt,3.51
4qwk,6.27
4y7r,5.03
1uvu,5.0
3o6m,7.48
6pgx,9.21
5jjs,7.32
5q0n,8.06
4fxq,5.77
4re2,4.98
3cyu,7.22
4yv5,6.22
1zfp,7.59
4tv3,8.72
2pv2,5.91
5zxi,9.15
5aes,2.89
5ly1,7.53
3axm,5.07
4qer,7.54
6g2b,3.8
2v86,4.46
3pma,5.4
2p4i,8.0
5u6c,10.3
5w6t,7.57
2cgx,4.81
1sm2,8.0
6b5r,8.77
1jsv,5.7
4l2f,6.23
1ndy,6.17
1ajx,7.91
3umq,4.62
6ak5,6.12
4bqy,5.96
4ynl,4.62
6aoy,4.97
5zg3,7.21
4yk0,3.74
3mt9,4.59
5ntt,5.75
4acd,8.31
2z50,4.95
1fo2,4.7
6fnq,4.59
5aei,8.96
3fe7,7.12
4nhy,5.64
6mnv,3.37
5f0h,4.48
3itu,4.4
1il3,2.55
5zdb,5.75
4uia,6.72
1x8t,7.8
6ht8,6.72
6q6f,3.35
1dgm,5.05
5er1,6.02
2ohp,4.03
5a3u,8.32
6oxx,10.01
1ms7,6.77
2g72,6.5
1abf,5.42
1t7r,5.96
3myg,10.7
1lvk,5.92
6gzd,8.01
5acw,3.84
2qmf,8.52
3owj,6.07
4gkm,5.17
1ajp,2.23
2foy,6.92
3krr,9.32
4gz3,5.74
6euc,3.77
4ym4,4.47
6qrd,7.0
5fdd,4.2
3n5u,5.92
6dz0,9.03
3lvw,2.67
5m1z,4.18
2qft,5.26
5itf,5.74
5o1f,4.52
2clf,3.55
6fu5,7.5
3i6c,4.92
2oz6,5.26
4anx,7.74
4rrn,7.32
2k2r,2.89
6h9b,5.7
4w53,3.99
6quv,3.0
5mos,3.79
3fa3,5.6
2yis,8.77
4bcb,8.52
4cfx,5.06
5h7g,9.24
5kh3,4.22
4b71,5.89
4uns,6.7
3rwh,7.4
1sr7,10.1
3zpu,8.38
5uzk,6.74
4wri,9.01
4ohm,7.55
6dqa,6.44
5o1i,5.4
3v01,7.6
6ggd,5.59
3f3w,7.47
5d11,7.55
6oin,6.0
2yme,7.66
2b8v,7.01
6bu3,6.55
3sn7,9.15
3sh1,7.39
3vgc,5.51
2z4z,5.73
1a2c,6.3
4u68,4.31
4rhu,6.16
1egh,5.7
5heb,6.1
4e5i,5.3
6d2o,5.3
3lkj,4.6
5n0d,8.48
4yyt,6.38
5zqr,7.97
2fl5,8.74
3mta,4.3
2gtk,6.6
2y54,4.7
3b0w,5.7
6pvy,3.19
6h4a,7.38
1rw8,6.76
2viy,5.74
2qln,5.43
4rvk,7.87
2fqo,6.43
4qtl,6.92
5jan,3.01
3b1t,5.66
1b7h,8.02
3fqk,7.15
3i1y,8.15
6cdm,9.09
6oxs,9.96
4yha,6.65
4ycw,5.68
2hnc,7.22
3tjh,5.41
4ofl,7.66
2y0j,7.92
6d15,4.48
6f3i,7.68
5ml6,9.45
1ggd,5.8
5fdr,9.44
3vqh,5.92
3zim,8.17
1ol2,6.28
1mf4,7.99
3v5g,7.13
3g2j,4.75
4u0g,5.29
6d08,5.29
5sxm,8.54
5vo6,9.05
3ksq,9.42
1y19,6.77
5ukj,7.16
1iih,2.89
2ksa,3.06
16pk,5.22
6cvv,4.12
2am1,6.0
5o9y,5.34
4ua8,6.26
6nu5,5.15
3n2u,7.84
4xh2,8.22
4zs9,4.57
1zyj,5.82
4zlz,7.0
5auu,4.68
5iuh,6.4
4xjr,5.32
1sqt,6.2
3w07,3.38
4z22,6.24
2vin,3.0
4efs,8.6
4oq6,5.48
3m8u,4.89
6fzf,6.82
3egt,8.9
6apz,6.82
2vx9,7.44
2vnf,5.52
1h01,4.66
2fjm,6.85
5m63,6.96
6hop,5.62
2ly0,4.8
4m5i,5.17
6a9o,5.24
4rj4,7.8
1di9,5.3
6omu,8.7
5aer,4.4
1kuk,3.91
4o70,4.72
4ehm,5.85
4erq,7.12
2wky,8.59
4zjc,8.96
4o62,5.0
5fun,7.59
2m41,5.1
6q8k,6.54
4g95,7.61
1kz8,6.08
4yab,5.07
4b6o,7.0
6azl,4.93
1d7j,3.3
1ykr,6.25
3km4,8.89
1mui,11.89
5lp6,4.76
3rx7,6.03
3feg,4.35
4mic,5.3
3s7m,8.0
2xf0,4.52
4qz5,5.26
4wkc,12.68
6fn9,3.55
3r7q,6.97
1i9l,8.48
1f3e,6.7
1lee,7.74
2w1d,6.04
5cav,6.67
5fyx,4.16
3ml4,5.33
5edc,7.66
2ay6,3.11
4k6z,8.7
3obq,3.54
4zs0,5.64
5x4o,4.06
5zdc,5.75
3h3c,6.85
3le9,8.22
6p89,5.01
5c2a,8.32
2z4b,9.36
2fov,7.55
3arp,7.15
2qci,8.34
3dx3,6.52
4loj,6.52
5o0b,4.18
6ewe,5.51
1jwu,5.34
1rlq,5.1
3hzk,6.7
5n2x,6.06
1oai,5.0
5alh,7.07
1pwp,6.3
4yk6,5.7
5lp1,9.4
6axk,6.52
6cha,4.4
4obv,0.75
5ji8,4.63
2am9,8.41
4zzz,7.06
5nze,6.39
3hec,4.47
3d1f,5.74
3pb9,6.58
3isw,4.05
1uze,8.9
5vp1,9.29
5one,7.28
3kr8,8.1
4iic,4.85
4ahu,2.27
3vbv,5.0
6hro,7.3
6mxb,4.59
2wxp,8.52
6a94,7.4
5ty1,5.21
2r0u,9.0
6eq2,5.89
4dpu,7.3
6joe,7.04
6b2p,8.89
3t1n,6.1
5x73,6.74
6q4e,3.46
1yi3,5.4
5vl2,8.42
4uvc,6.88
6eo8,7.0
6fr2,7.92
3ubx,7.6
4zgk,5.51
4hw2,7.26
4zw6,5.72
3zmg,7.64
2rib,2.82
4wj5,6.29
2o9r,1.68
5tiu,8.3
1jmg,6.07
1o5f,6.07
5mjb,8.52
3ued,4.53
4buq,8.14
4z9l,8.8
4jfz,7.15
5tq5,7.23
6k04,8.04
4qxt,7.8
4cc6,6.64
5tuq,6.35
2fx6,3.7
3drg,7.0
4pgh,4.89
1pbq,6.27
4z07,7.99
1h1r,5.64
3fxw,5.96
3djf,6.1
6nw3,7.66
4hv7,3.52
1j4r,7.72
4na4,6.92
6n7c,9.17
1n94,8.96
2jko,8.11
4kbc,7.85
3px8,3.64
6djj,4.1
5t66,8.43
6cvx,7.68
5jk3,8.14
2o4z,6.25
4ejl,5.14
5ypo,7.1
6e22,8.89
3oz1,8.7
6dh1,10.58
4h3f,9.0
5w6i,6.9
3o6l,7.51
3vf7,9.1
2q94,6.43
1hqh,6.3
4an0,10.7
4mbl,8.54
5f61,7.46
4c1d,5.36
2xgs,3.28
6idb,6.4
1xt8,6.85
1nkm,7.3
2itk,7.69
5ey0,2.65
2x52,4.24
1fls,7.48
3v3m,5.32
2fq6,7.1
3cp9,7.32
5i2z,7.14
1qb1,6.77
4gv1,8.52
6fnt,4.68
5vgy,4.18
5u7i,7.18
5a0e,6.53
4e35,4.62
2iok,9.0
2vhq,3.85
6g9j,8.39
6g9x,3.92
3vfa,9.19
6i68,4.89
5za9,6.74
3uoj,7.29
3jqg,4.74
6g2f,5.17
1ugy,3.72
3l3x,6.15
6hmy,7.24
3oka,4.72
3kjn,5.19
5m53,6.21
5cf4,7.4
1inc,9.34
2uzb,6.92
4r02,7.41
5om2,4.06
5gn6,6.92
2ydw,7.34
1ydk,5.89
6inz,5.8
6nad,9.3
3w5n,3.87
3qkd,8.38
5am6,6.73
1i5h,4.28
6i96,6.68
2bz8,5.6
3wc5,8.7
5nhj,8.27
1fq8,6.03
2xj1,7.55
1ntk,10.49
4b7p,9.46
4k77,6.63
3su0,6.79
3pe1,9.65
4x47,2.85
6h0b,4.15
1tsy,4.96
5n3y,5.03
4xhk,8.3
3q7j,4.52
3p1d,2.64
2boj,5.77
1hvs,10.3
4m5u,7.96
4bds,7.6
1rhm,5.76
3mag,4.07
2a3i,6.05
5ets,5.91
2wu6,7.53
5mm9,6.42
2afx,5.15
5ia3,7.34
4ehr,7.89
4xhv,4.3
2nd0,3.2
1hti,5.13
1v0l,7.55
1q6j,7.8
4gg7,8.2
5ey8,6.31
6m7i,3.41
3ll8,6.4
1b4h,5.46
2cm7,6.68
6d1g,4.47
3g58,9.28
6sfc,5.28
4g8m,7.89
3p3u,6.48
1q95,7.57
3mg0,9.25
3vi2,3.77
6qr7,7.15
1onp,7.52
3hd3,7.0
5td7,5.77
4e6d,8.92
1hyo,4.07
5isz,4.49
4qy8,7.19
4kzb,2.89
1tyr,7.0
4k42,6.55
4wsj,7.33
6jax,4.42
6n55,7.87
3twr,5.19
4tky,5.7
1o5r,8.12
4qyo,8.22
1fsw,6.49
6npi,5.7
2n9x,6.4
6n3k,7.54
2nv7,8.3
4nym,3.55
4kij,4.3
4e4l,8.77
5nk8,6.64
4zy4,7.66
5bms,6.34
3mg6,7.89
3i25,8.51
4r1e,7.28
4j0t,6.74
1bqo,7.74
4c2v,9.0
5cpr,7.56
6g9f,6.23
6bh8,5.12
6evr,8.06
2l12,4.26
5yyb,6.56
4zy6,8.3
3qqs,5.82
2xys,7.42
1nz7,7.12
6rni,9.4
4qzw,5.15
5jf7,6.04
5k4j,7.11
5uv1,5.62
3v66,8.89
4ibc,2.98
3nii,4.23
4r06,6.29
4rwj,8.7
1nlo,5.47
2xp5,3.44
1pop,9.0
5lu2,5.2
4g2w,8.8
4gfo,6.62
5gof,4.05
2pri,2.91
4ymx,7.1
5hk1,8.37
5mqv,8.1
2aw1,7.37
4hxw,8.7
1y0l,9.0
4muf,6.34
2r3l,7.0
3exf,6.54
5bq0,7.82
1vwn,5.82
2xwy,5.22
1r10,3.83
2gqn,5.35
6uhv,6.92
6fe0,6.48
4twp,10.0
5l2i,7.4
2ha5,4.34
4xta,5.43
3rxi,3.06
2ohs,4.4
5ivv,6.35
2xp7,5.77
4mji,4.09
1xbo,6.04
1xq0,6.34
1vyq,5.3
1rhr,8.1
6d3z,8.92
2qbp,8.4
5uig,7.95
3s76,5.05
3nee,5.34
4wci,5.05
3vhc,8.89
5knv,4.87
5buj,8.3
6bir,7.52
2f7p,6.6
2z92,9.1
5u4c,6.0
2x6k,5.64
6tld,5.35
3tnh,6.46
5vp0,9.21
2m0o,5.38
4gvc,4.71
4yxo,7.04
3vf9,8.72
5wa8,6.23
2poq,4.42
4ww6,10.21
3qqa,5.82
4u8w,11.24
2ya8,5.75
2pcu,3.04
5ab9,6.33
1s9v,4.0
3t3c,10.23
2amt,4.44
2c8y,4.0
4dea,6.59
3o9b,12.3
5n55,5.99
3nu3,9.82
1tet,6.08
2qlf,8.85
3ckp,6.35
1ahx,3.92
4otg,7.59
3r4o,8.15
5dk4,8.7
5wex,7.18
6bg3,4.92
5b5g,5.25
4yrt,2.78
4x7j,7.39
6kzc,7.94
2a5u,8.1
5ovi,7.68
2r9s,6.82
3a2c,6.9
6fhk,7.51
2cbv,5.48
3gst,6.72
4ayv,9.17
3kc1,9.0
5lo6,7.27
3o8g,5.13
3sww,8.4
5hdz,7.35
1d2e,6.0
6m95,6.85
1wb0,5.35
4q4i,7.33
1xpc,8.77
5ovp,5.04
3wyj,6.44
5k1v,5.7
4n7y,6.26
4bs5,8.22
2br1,5.14
2xj2,7.18
5zag,6.97
5v3r,5.3
4f9w,6.94
3rj7,7.6
4ikt,6.17
4giu,5.33
6f6i,3.19
5u4a,6.36
5xup,5.25
3kad,5.12
2hk5,7.34
1dqx,11.05
4g0y,2.3
2hwi,5.52
6goo,5.67
5l26,5.35
2x00,11.33
4deu,5.64
4k9y,6.95
4hnp,6.78
5toe,5.6
4ozn,5.4
5t2l,8.2
6eip,5.7
3r2y,8.07
1o34,5.74
4hod,6.1
2cni,7.68
6d8e,6.47
5cvd,6.41
6h7b,7.48
6p11,6.05
3f2a,7.24
3e62,4.39
4ayq,7.33
1okx,6.8
6mr5,7.3
4twd,5.08
3nyx,7.49
6d4w,5.25
1yhm,3.83
5c7b,3.0
2rcn,6.0
2erz,5.66
4wku,5.68
5h4j,6.89
6gpb,4.85
5zh5,5.33
1y1m,1.82
1wc6,4.0
6jn3,5.16
1qpe,7.7
5kzp,7.15
5osk,5.6
2v2q,4.15
1a4r,6.66
3acx,5.7
4ikn,4.85
3qu0,7.7
4fs4,6.57
6d40,9.85
6chn,7.96
5x28,8.4
1hpv,9.22
1ype,8.1
2a5b,3.93
4qz7,5.65
6maj,7.47
5mz8,2.31
2iit,8.59
4ydf,5.1
4guj,3.05
3rtn,7.13
5w84,6.44
4gq6,7.28
4p44,7.8
4omk,4.4
5j5x,11.02
4kz6,3.1
5sz0,9.1
4i72,9.05
6im4,7.4
4djp,10.55
5m04,6.34
4cd4,6.58
4o78,5.34
4g19,3.58
4e20,8.22
6gwe,7.38
5w4r,7.48
7lpr,7.18
1v2k,6.19
3cwj,8.0
5fhn,5.9
2zvj,5.74
1b05,7.12
1ujk,6.57
5t1t,7.24
2gzl,4.82
3u81,4.44
4zpe,6.35
1o8b,2.68
6abp,6.36
6ez6,7.4
6mo1,6.54
6ic5,8.22
4k19,8.36
1aq1,8.15
3me9,6.3
2axi,6.85
4aig,6.52
4o0x,7.17
2n27,6.55
4ruy,7.89
1mdl,3.09
2amv,8.8
3vry,8.11
5zk7,6.71
3ctt,6.35
4e8w,6.09
4u82,5.72
4lq9,4.85
3jvs,6.54
3uzc,9.61
5ow1,4.15
4ncm,7.0
4dgr,5.04
1you,9.06
6d56,8.05
5uga,6.79
2w66,4.05
6hsh,7.55
5hls,7.41
5kbi,5.39
3t3u,8.6
4qj0,7.32
1e6q,3.15
4kot,5.46
6df1,6.56
6nm4,7.06
3c3q,4.32
5t6f,5.8
3nal,8.1
1axr,3.27
2v00,3.66
5svz,5.92
5iop,4.54
6chp,10.12
2l6j,6.26
1gux,6.96
5lwe,9.96
1pf8,7.51
5a8x,8.19
4hu1,7.54
4mk5,6.35
6aox,4.82
5afm,4.15
5dif,6.23
3ffg,9.08
4jv6,6.66
5zwf,8.74
2e9o,7.7
4x7k,8.4
4bb2,7.07
3unn,4.4
5tuy,6.35
6g46,3.73
3vs3,9.37
2cbj,8.27
5dv4,2.47
4ach,7.66
5tza,9.0
1iew,4.59
5kxi,7.74
1mrs,3.96
5l8o,3.38
2vj6,7.89
3d45,5.68
2wm0,4.52
1bzf,8.3
1qf5,7.37
5lxd,8.5
1xh4,7.47
5tw5,7.42
3wmc,6.51
1bug,4.37
4nka,6.51
6hmx,8.89
5lvd,2.62
3ebo,4.72
2xs0,5.15
5nxy,5.05
6ei5,7.42
5c7n,6.57
4bck,8.4
1gbt,2.0
1eub,8.72
4p7s,7.42
5qa4,3.77
4rfm,10.05
5u9d,9.26
4hlf,6.06
3mwe,1.54
1o33,5.74
2brb,4.86
5huy,5.03
2o2u,6.4
5gv2,5.65
5llo,9.4
6qz7,6.49
5etr,6.52
1kzk,10.39
5uex,8.82
5cuq,5.92
3sn8,5.65
3ws9,7.04
5swh,7.59
2f7i,7.1
6jao,4.86
2qlq,6.63
5he3,6.55
4ytc,7.89
1hdq,5.82
1jd6,7.39
5tco,8.19
1w9v,6.34
4no6,6.11
3lok,6.92
5lsx,5.92
3bim,5.88
3mks,5.72
5mzg,6.86
4gw1,6.37
2iog,8.1
3sl5,7.66
3wzu,5.89
4mi6,4.31
6f5w,3.83
3inf,7.4
1lfo,8.05
5ax3,5.92
6h13,7.23
4yv8,7.96
5dp8,6.36
4e3h,7.05
5agj,6.15
1v7a,8.01
4w4y,6.46
6f6d,4.1
1b38,6.6
3v7t,7.21
3o2m,4.8
5mod,3.52
6s89,8.07
2osf,3.83
1jii,9.0
5dhq,5.7
1ctt,4.52
2r1x,4.8
6rna,8.3
5al5,7.15
5c2o,4.55
5lud,3.61
2w71,6.48
3al3,5.68
4anv,6.36
5ajy,6.3
3zpt,8.51
6b1h,8.72
5ehr,7.14
5uiq,4.26
6bhi,4.25
2gfs,6.15
1f3j,5.22
1qbs,9.47
6f5l,9.19
2rok,4.35
1f4f,4.62
3h2m,3.67
3oui,4.9
4pvx,6.76
2xi7,5.14
4byj,6.57
4l1u,5.26
1jmf,5.77
4d8e,7.01
2hmv,7.7
3s0d,7.05
6huu,7.46
3rwc,8.12
4m0f,8.77
4um9,8.07
5hfj,4.39
6qm7,6.8
4ipf,7.74
4azp,5.9
4htx,8.33
2rfn,8.3
1dub,5.8
3g0b,8.15
3vo3,8.85
4fab,8.06
6ey8,5.81
3f9n,5.89
3dx4,7.12
4at5,7.42
4ln7,7.39
2zn7,7.89
3dcs,7.94
5zob,5.96
3fzn,4.01
5ful,4.74
3mb6,7.0
3qo9,5.92
3rz1,8.74
3cda,7.58
6n82,5.96
2wq4,2.57
1pbk,9.05
1ero,8.23
2qq7,5.24
5xij,7.3
4xcb,5.47
4zyc,6.42
4qye,5.92
2ces,7.25
4dpy,5.37
6c8p,6.7
3wmb,5.37
2cen,8.3
3r0t,9.04
4no9,7.82
5ap3,7.03
6gjr,3.74
2vr3,4.98
2wks,6.89
5fnf,3.15
3v4x,6.15
3jzj,3.61
5nk4,8.7
3f36,2.89
6fer,4.36
4r3w,3.0
4ht0,8.0
4ud7,8.13
5e7r,7.6
6bmi,5.05
2ra0,7.8
4qw4,6.95
1h5v,3.93
4yhm,9.76
5y61,1.72
5nee,10.7
6g5j,6.7
5ajx,7.96
1pvn,9.82
4o1b,6.41
3c6w,5.62
3pxf,4.43
3w32,7.12
4lko,8.22
4tpt,7.04
6o5t,6.5
2qn3,5.36
4azf,6.35
5alg,7.52
6qfu,7.46
3gk4,3.92
3vnt,8.66
4pnc,5.43
5wzu,7.0
5qby,7.4
3ivc,4.12
2zq2,6.56
1qk3,5.15
1urc,4.72
4agp,4.69
1xp6,9.4
1t2v,6.4
1f90,7.92
6sfk,7.15
4b81,4.92
6afr,7.15
4yhq,8.77
3d7z,7.92
5myv,7.51
3roc,8.19
3dc2,3.02
5uxn,4.64
1g1d,9.44
4ddh,3.3
6om4,5.45
5can,6.91
2zva,7.96
2eum,6.7
6mkw,4.77
2jh6,7.77
3ivh,7.33
2wtx,2.89
1sqp,8.2
6imt,6.6
1ta2,8.52
4ddy,5.62
2yjw,5.12
5qaz,3.4
5v1y,8.15
1i80,6.41
3kfn,4.74
3s0o,4.48
3rqf,4.41
3tzd,4.28
4yv1,3.08
2oz7,7.85
4qz3,5.51
2yns,7.6
1ql7,5.0
3voz,6.85
6cdc,5.6
3dgo,6.74
5o1g,3.94
5ta6,8.82
4ht2,6.54
2p3a,7.96
3g3n,6.29
2brp,4.0
2qrg,5.18
4qjx,7.28
2gfj,3.82
3bys,9.3
5cgj,5.22
4cfw,6.29
5ngf,5.11
5jv0,5.96
4mxa,8.92
2i0d,12.1
4b7z,4.31
4abh,4.15
5mwj,7.61
3qcs,6.5
3rey,8.0
4qjp,8.6
4hcv,6.4
5oy3,4.15
5vzy,8.49
5alc,8.13
4uva,5.75
3i28,8.22
3b2q,4.55
6pvv,5.85
3w9r,6.18
3p9m,5.0
3tfn,6.57
5fut,6.45
5yic,5.89
4kup,5.22
3tz4,5.49
5etk,5.82
6s4t,7.95
3w54,9.7
2jh0,8.7
1srg,5.3
2ohm,3.51
4rrv,7.4
1tl3,6.2
4eb8,9.82
4mx1,3.68
2yne,8.57
5fl6,7.36
2fme,6.98
3sfg,6.06
6hm6,5.5
4lm3,2.92
6c5q,6.66
3hqr,5.52
3gl6,4.68
2x7x,5.7
2c9d,6.32
3sgt,3.82
3te5,4.91
1ung,6.8
3ttp,9.12
4q06,7.66
5hk9,6.54
6n8y,5.38
5n9n,9.39
6m8q,6.43
5c5h,6.4
4y2y,5.05
4x6x,8.64
5m0m,8.22
5fqc,8.52
3p9t,6.2
3eq9,7.39
5mnh,4.68
6hvj,7.55
3psb,8.52
5kcv,8.3
4llk,3.0
3lc5,6.57
3a2o,9.08
5w1w,5.52
5t3n,8.04
3rxo,4.08
6j5l,8.8
5twj,5.25
1uti,5.62
5vcv,6.82
4pci,5.12
4li5,6.26
5ldk,4.17
3ij1,4.7
3zlr,9.26
3gcu,6.78
5opb,7.62
1vot,6.6
5igk,7.38
3n8k,4.05
6qgj,9.0
2bfr,5.25
5m7m,6.45
6g15,5.37
3qzv,4.16
4q3q,5.89
2ggb,4.92
1w3j,6.32
3gy7,4.52
5c91,3.61
5h85,4.7
2za5,8.43
5od1,5.96
5c5t,3.13
1gyy,3.64
5t78,7.37
4z2j,6.43
5k03,4.74
5ljj,7.21
5mge,4.06
5lwm,8.87
3u4u,8.52
4rqi,4.91
6n9p,8.4
1vr1,6.89
4x24,9.78
5sxk,4.7
2rly,3.57
4lwe,7.15
6dhu,3.13
1ad8,6.6
4j84,4.69
6mj4,7.72
1a5g,10.15
1ihy,3.74
5jzy,9.82
1mes,7.7
2auz,9.46
2hb3,11.35
2viz,6.22
1lhu,8.83
6hcw,6.89
3hhm,7.92
5v2l,3.54
4wy3,3.62
2uxu,4.74
1d5r,1.82
2jjb,7.92
5boj,7.0
5f32,4.94
2ph8,5.74
1ui0,7.06
4lnb,6.56
4lkl,6.09
3fea,7.44
5w86,8.7
4sga,7.3
5v5e,5.52
2llo,5.82
5l13,6.96
4r59,7.96
2q88,5.8
6f05,4.47
6p86,4.7
6d1h,3.72
4qgg,9.0
6dyo,4.49
3ryz,8.62
6ehh,7.49
4qzx,6.26
2wa3,3.0
6mhb,6.77
3nq9,4.03
4w9d,4.99
6b8y,9.66
6g07,4.57
5tbp,5.18
3zi8,5.66
5uhi,8.04
6odz,9.15
3loo,6.07
4bi0,4.23
5u6b,9.89
6dn6,8.15
4p6e,5.89
4xe1,7.11
5faq,5.28
6e4t,8.05
5dlx,5.7
5h17,6.05
2iw9,8.05
2x5o,4.07
3r6g,7.6
4j1c,7.31
3rkb,6.42
6iqg,8.0
5flo,3.15
2duv,7.06
2ypo,4.68
1a07,6.4
6e3m,8.64
6dpz,3.59
5evz,6.57
5b4w,8.46
3rlq,7.4
6aak,9.15
6af9,5.49
3w5e,7.96
4xh6,5.57
3fun,6.72
2y7x,8.89
3t4p,5.19
5i22,7.62
2yk9,5.09
6bc9,9.43
5dnu,4.11
4ue1,8.0
1lzq,8.39
4yo6,5.66
4d2s,7.7
4iti,6.36
5yum,3.65
5vb6,6.37
1xjd,9.48
4m3q,7.77
2vcw,3.05
3s9y,6.44
5hcx,8.39
5fdo,6.44
2zu4,7.42
4ob1,6.3
6e7x,6.76
4tkf,6.55
5mro,5.7
2qch,3.6
2doo,7.17
6pf4,4.8
3doy,5.82
6q8b,7.53
3fhr,6.68
6nri,7.57
2f1b,3.0
5jap,6.64
5hh5,6.3
5try,7.8
2lp8,7.52
5ckr,7.76
6oos,11.3
3jzp,6.6
3kjq,5.88
3nik,3.45
4imq,5.82
4bbf,8.66
3d9p,4.54
5org,8.4
1mh5,9.21
4e3o,6.51
2i72,7.43
5l3f,6.33
5m6h,6.82
5ldm,3.86
4nmr,3.53
5oa6,5.51
2z9g,6.15
2ha6,4.32
3nef,5.94
5btr,5.14
3c43,7.72
4mq2,7.01
1w2g,4.57
5zku,4.3
6rhe,4.13
5j7j,5.07
1d9i,9.11
3omc,5.0
5dva,3.55
6mx3,5.14
5vjn,5.06
3cst,7.41
5yv5,5.41
4pf3,7.29
3da9,5.51
6r9x,2.96
5jdi,5.37
1jyi,4.0
5fah,6.15
4kwo,6.45
3wb5,4.57
6e5s,6.44
3g3d,4.74
5y21,6.47
6dy7,4.18
1t4s,2.44
4obz,5.72
3usn,6.15
4i8n,4.46
4r8y,6.19
6ghh,6.71
2uy5,5.49
5u3b,8.82
4zy1,8.14
4rfy,7.0
1h7a,4.72
6exs,3.44
5lhi,8.11
1ld8,8.46
2x7o,7.47
1ckb,5.28
2h3e,5.7
