PDB_code,-logKd/Ki
6gl8,8.61
5ipc,4.89
5zjf,4.54
3c72,4.64
4j52,8.52
6c3e,7.2
3tsk,7.17
1rlq,5.1
4kby,6.73
2rcu,6.68
5y0g,6.7
5cj6,8.69
4hyf,7.6
2z3z,4.31
5ty8,5.46
2ql5,8.1
4ohp,7.46
4wiv,6.26
3hu1,6.89
3cgo,5.52
1ols,5.82
1kpm,5.8
2o4z,6.25
5c8k,7.7
6f96,7.72
3gep,3.75
2op3,6.31
1mpa,8.04
2rio,4.69
2afx,5.15
6b4l,6.47
3ws8,6.68
4mrf,1.95
5n0d,8.48
3ms2,3.72
3c56,7.89
6ikm,8.57
5kam,4.11
3srg,5.7
4zud,8.16
1ymx,4.85
5yyb,6.56
4bhn,8.2
1bbz,5.82
1k3n,4.99
2emt,6.7
5ovg,6.4
6q4e,3.46
4ztn,7.72
2m3m,5.02
2xni,7.37
4pgb,7.48
4re9,4.92
6cf6,5.24
4tim,2.16
1nmk,8.24
3h06,3.53
3tdu,5.67
4qvl,6.53
1e66,9.89
5hdv,7.82
5k0i,8.7
6npp,6.05
1pig,9.15
4awq,6.32
6pl2,8.06
5idn,8.59
6dn6,8.15
4ah9,2.46
1cgl,6.87
3nan,8.22
4ge6,7.47
3kmy,4.49
4f7l,8.0
3kmx,4.82
4mbj,7.21
3iaf,2.92
1ppw,4.3
4pvx,6.76
1xt8,6.85
3ej1,6.92
3btj,5.62
2sfp,1.7
3aav,6.62
5tt3,6.71
1uv6,5.12
4fak,4.28
2oh0,7.74
5luu,5.06
1azx,9.4
6hhg,7.76
5l4i,6.59
4nk3,6.33
4kln,7.7
4io7,3.68
4c36,7.7
2cgv,4.56
5vb7,6.72
3kme,6.14
1ofz,4.62
4ode,10.0
4xh2,8.22
6arm,4.97
1mv0,4.03
4zga,7.7
6nss,8.85
4uxl,10.6
1w5v,8.15
1ycm,8.0
6pl1,7.65
5oh3,3.87
2qt9,8.64
5i3y,9.4
2loz,4.06
4xuc,5.96
4ea3,9.57
4cfl,5.88
2zdk,6.37
5edc,7.66
4q6d,7.36
4f64,7.2
2zgm,1.79
4dht,4.82
3fv7,5.64
5kjk,7.92
2cnh,7.23
4rwl,8.1
1me8,7.19
4b78,5.0
5g10,8.01
3bmo,5.27
1f7b,4.6
5vd1,6.0
4cpt,7.7
4wvu,5.71
1yw8,8.0
3t1n,6.1
4p4e,6.74
3lq5,6.96
3sjt,6.06
5tz3,6.85
1wb0,5.35
6en5,7.94
5k0f,6.07
3l58,8.1
2xii,7.2
2xnm,6.8
5t8p,5.89
5zqr,7.97
6c2t,9.05
5nib,7.72
4x6i,8.0
1rsd,6.52
2ha6,4.32
1ebz,9.4
5ai9,6.61
5jc1,6.82
2eg7,5.89
3eid,6.35
6fnj,6.85
5e3a,5.44
5vk0,9.74
2ynd,7.49
4nbl,6.33
6d1b,3.91
4k2g,7.7
2pv2,5.91
4wr8,6.23
3e8u,9.42
2is0,6.7
5mgi,5.95
5htl,6.3
1w9v,6.34
4hxz,6.05
6i1r,5.84
5knr,5.85
6gip,7.38
3i0r,8.52
4enx,6.26
3u4o,7.28
3vb4,4.31
1vjy,7.64
3kjf,4.87
3d27,4.25
3twr,5.19
5ajo,4.96
5nzn,3.66
5thi,3.61
5bue,8.52
3s0d,7.05
3eks,5.7
1swk,12.0
3ivg,4.3
3sfh,7.05
4n00,8.02
1qq9,2.06
4w4s,5.02
4rse,6.4
2vvt,5.24
5q12,5.33
6a87,3.15
2ynn,5.17
6q6m,6.89
6b7c,5.14
3ta1,3.25
3fdt,4.52
4mhy,6.47
3su1,6.68
5v8q,8.44
1o5r,8.12
2wj2,8.33
2uzl,6.21
3wiy,6.21
4p02,6.4
6eq2,5.89
1ohr,8.7
1w3k,4.3
2cne,8.77
3efj,7.41
6mtu,5.22
1q65,5.46
6sy7,3.33
4deg,8.22
4zx9,7.39
3td4,5.66
3v8s,6.19
6n19,3.02
3irx,9.0
5xff,8.21
5sxm,8.54
5x5g,5.83
4rvt,5.72
5mim,7.34
3f7z,7.19
3ro4,6.23
4mb9,8.0
3va4,4.4
4a0j,6.0
1sgu,5.37
4p2t,5.43
5f61,7.46
3qcx,7.2
3dp4,7.37
4yv1,3.08
5lqf,6.6
2p7z,6.58
5ut6,4.24
6g2f,5.17
5e8a,7.47
2q6c,7.78
6ffi,8.1
3osw,6.15
4lw1,3.15
3exo,4.62
2qnb,5.34
5l87,5.07
6agt,8.4
3iit,8.02
2jxr,7.05
6f7t,9.44
4e35,4.62
3twp,3.92
5yea,8.3
3ayc,4.24
1ind,10.05
4g8n,7.2
5m4c,7.4
5am5,5.74
6g98,6.15
3bgb,6.05
1gcz,5.13
4d4d,5.96
3hqw,7.46
6qrf,4.48
4cwo,5.21
3tv8,7.15
4zwx,8.7
2ym6,6.06
5d6q,5.24
3s5y,7.41
1p1n,6.8
3bxs,5.1
1syh,6.41
1k6t,7.62
4pyv,6.7
6mlw,3.74
5d3n,5.04
4w9g,5.26
3nam,8.46
1tl1,6.42
4tz2,3.46
2ans,5.92
2y4l,6.3
3ip9,5.62
5oxk,2.17
5o9p,5.09
1f47,4.67
4w55,4.74
5v8v,8.89
3wk9,4.15
1uj5,3.05
1x7a,7.89
2g63,8.17
6std,8.64
5mob,4.05
3lxe,6.6
6oja,9.7
1b5j,7.43
1uto,2.27
4kz4,4.15
3esj,3.03
2zir,8.19
5yvx,5.89
6fii,8.02
4uoh,4.77
4hs6,7.52
4c4f,7.59
1me7,7.19
1pzo,3.32
1s38,5.15
3uph,7.82
3d14,7.66
4oct,5.05
4zzy,5.6
1xxe,5.41
4ab9,3.33
4awi,6.0
5ea6,7.41
1rri,5.82
5t1w,7.11
3p3h,7.44
6r1a,4.35
2v83,4.47
6ea2,6.55
6p3w,6.26
4ehg,7.19
1y2h,7.25
3cho,6.55
3qck,5.24
4hg7,7.05
4twp,10.0
4mvn,5.46
4afj,6.4
3bh9,6.93
4bcg,8.15
6eru,4.53
6hoi,5.1
3buh,3.66
6d5h,6.92
5nw2,6.49
2bks,7.43
1h61,4.89
4o7b,4.7
4an0,10.7
5j5d,4.68
1gj5,4.96
1p57,4.4
2b53,6.22
6gmq,2.3
4frk,8.1
1u9e,8.24
4qw6,5.85
3c14,3.52
2cm7,6.68
3fyk,7.4
1xuc,7.14
6aa4,6.33
6fnt,4.68
2p83,7.96
4u6z,5.41
3gfe,8.49
4tkn,5.89
4je8,5.21
6oy1,10.24
5ety,7.51
3lbl,7.44
3d3p,8.5
3zs1,6.4
6gji,3.87
1klg,7.89
2ica,7.7
4k60,3.24
2viy,5.74
5brz,8.15
3gkz,8.0
5w1v,4.43
4qxq,5.7
3o9i,11.82
1v0n,7.55
3abt,4.77
5of0,8.63
4u79,6.4
2hd1,3.3
3rin,8.89
4mw1,7.72
1jmg,6.07
5ick,5.01
1x76,8.72
4i9r,6.95
6nrj,7.44
4uj1,6.52
3ppj,8.7
5xyx,4.84
6g2e,5.01
2a14,5.7
3fmr,7.97
4j86,3.77
1r5n,5.42
4nhx,5.72
1apv,9.0
4p7e,4.76
2wib,4.93
3qel,6.49
2w6m,4.67
5ngr,4.62
2hm1,8.7
6cz3,7.25
2ovv,7.92
1svh,6.44
3nrm,8.4
4nuf,5.3
2fdp,7.59
1r2b,4.94
6sbt,6.78
2xpc,3.9
5t1i,3.92
4gye,6.85
5op6,4.68
5qaq,3.54
6dcg,8.15
5tkd,8.15
6sfi,7.59
5xva,7.29
1gny,4.14
5wxg,3.86
2w3k,10.1
4aza,6.99
3e64,7.11
5q0n,8.06
6pf3,4.55
1ym2,8.0
3n51,7.82
1w6r,6.15
5gn9,7.05
1ocq,5.19
1o2r,5.21
6q9y,5.43
3gjq,5.33
4oc0,6.5
5z5f,2.17
3rk5,5.4
5dt2,6.82
1bnm,10.0
3hy9,7.77
5a3r,7.78
4jk5,7.55
3zls,4.4
5zz4,9.17
4yb6,5.32
4aba,3.82
3bwf,9.7
5dex,7.65
1inf,5.0
2vcj,7.68
1w1d,6.52
2hfp,8.52
2ieo,8.49
4xe0,7.72
6faa,6.75
6cve,6.8
3uzp,7.89
2aq7,3.3
5m4q,3.51
6e4f,9.07
3fqk,7.15
2r05,5.15
2c5x,6.6
5u8c,7.53
2k7l,6.15
2hob,5.72
4h1m,7.11
5z1e,8.3
3rqf,4.41
5myr,4.66
6hbn,6.22
5wlt,6.81
4kil,6.3
6ajz,4.34
2nq6,5.82
3mzc,6.65
1lqd,8.05
4itp,7.27
6p89,5.01
3rxd,3.73
4iwd,9.0
4el5,5.37
2y6s,6.99
5t27,7.1
2xeg,10.7
5elq,5.7
4i7b,5.7
5eom,6.39
6k1s,7.7
5o7i,6.09
6qyk,5.55
5x13,5.21
5qay,3.23
3k99,7.22
4q99,6.28
4kba,8.22
1ql9,5.35
4xmo,8.7
6ma1,8.1
4oc3,8.28
3kig,6.61
2nnp,8.37
1l7x,4.04
3tfv,7.1
2nno,6.4
3d6o,4.11
1axz,3.2
3eoc,6.64
5zni,4.39
3g0i,3.6
3bx5,8.46
4exg,8.07
5ew3,8.92
2ew5,5.9
6qhb,6.3
5wa9,6.76
2j50,7.89
4x3r,11.07
6oi9,7.19
4yo6,5.66
5ol3,5.36
6mzq,8.41
5ia4,7.28
1o36,5.96
2gg3,6.24
1u2r,5.41
3ps1,10.17
1r5h,6.74
6phr,6.7
3hy7,6.97
6gl3,7.96
1o47,8.4
4u0m,5.77
3ncg,6.82
1xoz,8.92
4g90,4.51
4k0y,7.82
1ml1,4.28
5ovx,4.5
1tkc,4.85
4hv7,3.52
5eud,6.82
6eb2,6.32
6atv,8.22
1ndv,5.92
3u4r,7.41
2fl6,7.42
5aqk,3.65
2jnp,6.89
5d45,6.92
6aol,6.27
3ual,5.81
1v2r,3.55
6dh5,11.3
6qfx,7.7
1o0d,8.21
2o7e,6.22
1vr1,6.89
5myn,4.52
4o7c,5.0
6afe,5.36
3udj,3.62
6hq4,4.65
4bi2,4.03
5ect,5.28
2ypp,4.41
1o4f,3.52
3n4c,8.02
6nu1,4.51
1ouy,8.37
5x5o,8.3
3ivq,4.12
1iau,7.1
2xej,8.87
4zs2,5.49
1fsw,6.49
2won,6.2
4k10,6.92
2fmb,8.7
5ek9,7.33
1yda,6.55
5vr8,6.87
4mot,7.3
2ph9,5.89
3pdh,6.74
5m17,3.66
2x8e,7.85
5em7,7.72
2c6c,7.52
3hy5,7.7
2zmd,7.01
5mqy,7.11
2jld,10.4
3kqo,3.85
1uwt,5.97
3uza,8.94
3qi3,3.78
6o7g,5.96
6iql,9.37
3kjn,5.19
3g1v,3.19
2j77,4.89
1fh8,6.89
1qr3,6.59
4ztr,8.3
6klk,3.88
2wi4,5.81
5un9,7.68
4bw2,5.2
1w76,6.15
5vqy,6.29
1mrw,9.7
3ds9,7.39
2i40,5.8
4qjw,7.8
3zxr,7.7
4y16,7.43
3gnw,9.1
1xud,8.1
4aqc,9.05
5i8p,6.73
4uv9,6.01
4i8n,4.46
2p33,7.24
6d1a,4.35
4a7b,7.4
1qf0,7.38
1ik4,7.41
5mqt,5.7
6f9u,5.13
5a6b,8.1
3ozt,4.13
4f6v,5.8
5kgw,4.79
3zsy,3.23
4hxr,5.39
5ukm,7.52
3o88,6.37
2wxi,8.15
3h52,4.85
2o9a,3.81
5g2b,7.0
6n3k,7.54
4nka,6.51
5mnh,4.68
2xae,7.3
2d1x,5.1
6edr,4.55
3b2t,5.21
4u45,8.0
3b65,9.27
3dcw,9.0
6bhd,5.03
2o9i,7.4
5unp,10.02
4ibb,3.57
4n9e,7.82
3hvi,8.3
4wnp,8.1
1nw5,5.21
3tam,8.43
5i9i,7.3
2wei,8.47
6o95,8.29
1vyq,5.3
6e9a,11.92
1v2u,3.37
6gj8,5.87
3chg,3.99
4u93,7.89
3kxz,7.46
5k4i,8.51
2pqz,5.67
1yon,4.21
3i02,7.52
3kqy,4.82
4jq8,8.1
4tyo,7.1
1ajp,2.23
2jg8,6.3
2itp,7.95
3thb,8.7
4uvu,5.92
5ybe,6.24
4ruy,7.89
4wcu,8.52
1km3,4.91
1s63,9.05
1epq,8.19
1g42,3.01
5ncz,9.1
5ne3,7.84
5xyz,8.1
1qs4,5.64
2rc9,7.4
4psb,4.64
2wxm,7.4
6csq,6.39
6ipk,5.17
4dei,9.0
1jq9,8.45
3sym,4.57
5j1v,7.39
4qt0,6.29
5vh0,4.52
2ydf,7.66
4piq,7.1
5ie1,6.85
1gpy,4.7
2wi3,3.46
3hxf,4.96
5hjb,5.68
1q1m,5.16
3hng,6.74
5uox,8.3
2wmv,5.04
3up7,8.21
4rd0,6.62
3ouh,7.1
5gid,6.11
1b5g,8.0
2oag,8.47
4a4o,8.05
5q0i,4.25
1gx4,4.28
2fqx,7.15
3s0j,3.77
3vbv,5.0
1zvx,9.22
4zsp,5.74
5iz6,6.64
5j6a,7.77
3bv2,9.36
3zmm,9.14
4lkq,3.35
4z0d,5.3
1jpl,5.0
4fgz,2.87
4lch,10.62
4yth,8.7
2uy4,4.68
5odx,6.71
4p00,6.4
4myd,4.55
4l1a,8.27
4pxf,3.1
4heg,8.92
1v48,7.8
4mp7,5.74
2j9l,4.0
4bgk,6.28
2ie4,10.0
3dc3,8.31
2q55,8.69
5nhy,8.64
5t8q,4.16
3ekv,9.41
5a5z,4.08
3zhx,6.68
5y6e,7.86
4b60,5.43
6q35,4.82
1ydb,8.24
1q6k,7.59
3ugc,6.02
3vzg,1.72
3qox,6.57
5h1e,7.54
3g6m,1.71
1fpp,8.0
2f3k,7.89
4x21,7.44
4wkn,9.72
5bvf,9.72
4idz,4.36
4lv3,5.49
4xxh,5.0
6die,3.13
5fqc,8.52
1d2s,9.74
2zu4,7.42
6cho,6.78
1h8s,5.81
4qvx,11.0
2ycf,10.52
1db4,7.24
3vbt,4.43
4oee,5.76
4bah,8.7
5wef,6.44
2xuc,4.1
5oq7,6.49
5wcm,4.0
4m2w,7.28
4wp7,6.1
4eu3,0.82
6h7u,1.98
4us4,5.32
3ebi,7.1
2o65,6.19
5qar,3.77
5yc8,8.19
6gfz,5.51
1j37,8.96
3t19,8.66
5n9l,7.82
5l2s,7.08
4hz5,5.92
2fx7,7.7
4dq2,7.52
4zfi,6.3
6nt2,8.82
3vzd,6.3
3u93,6.31
6oot,11.3
4bxn,8.0
2onc,7.89
1ksn,9.4
2a4m,4.52
3kwf,8.17
6ajg,5.78
2ot1,4.0
6skb,7.7
6ocu,8.05
4zzd,6.6
2ay1,2.29
1dqn,8.0
5hcl,2.22
3uf9,2.11
5nkd,7.59
6n4e,8.0
1q4x,9.48
2rk7,4.05
5ulg,6.72
4foc,8.52
4lkm,6.34
4p3h,6.0
3qw7,5.74
1nu3,4.0
1i7g,6.0
4x1s,6.87
1m48,5.09
6bhe,4.62
6bny,6.4
2y5k,6.66
6ib0,7.4
6alc,7.51
6gvg,6.0
6imb,4.23
1b4z,5.23
5ahw,5.17
4yk6,5.7
6npv,6.8
2w6p,6.48
1dl7,6.49
1msm,10.48
3krw,7.38
4od0,9.04
1wbs,6.2
2ylp,4.3
3ov1,5.2
6n78,9.68
5kbq,7.0
1x0n,7.7
4yz5,2.83
2xyu,5.35
5klr,7.72
3lcu,3.52
3b24,4.38
3q4c,6.43
5yof,5.82
5wei,5.7
3s9t,6.82
5ula,7.11
5if6,7.23
4hup,4.82
1hk4,5.31
3cgf,6.57
4r8y,6.19
3ebo,4.72
4anm,7.55
4lxb,8.15
3qtq,5.51
1xo2,6.07
5yto,4.48
4hvd,8.85
1udu,9.05
3cft,4.19
4b00,8.61
3i7c,7.74
4hzz,8.08
5h22,7.44
4pkt,4.83
4nrb,4.42
3g1d,3.48
4qw0,5.14
1pxk,5.66
1odi,4.21
4g0c,7.92
1ph0,6.92
5ta4,7.62
6bh0,6.66
4xcu,8.22
2x96,4.03
1ebw,9.05
5nvc,6.19
1aw1,1.05
4cfm,4.74
3k3e,7.66
4amx,2.19
4x3h,4.23
6gge,5.77
5gof,4.05
4cst,8.89
6c5t,6.97
5unh,9.46
1qkn,8.47
4gr3,7.81
4r7m,7.96
3f36,2.89
2wgi,4.07
2xhm,6.8
2vww,6.62
3snl,9.15
5ahu,6.78
2iw8,6.99
1k06,5.34
4o12,8.7
4l34,6.94
4xu0,9.11
6m8y,6.38
4orx,3.53
1d8m,8.51
1v11,3.98
6kzd,8.53
2x4z,8.57
1rdt,6.7
6tld,5.35
4utv,5.09
6fmn,5.95
3msk,4.59
4muw,8.01
6ffe,6.1
2k2g,8.12
6dd1,4.65
6mjw,7.99
1yys,6.33
3wzq,6.23
5dpx,4.46
2lty,5.38
1tl7,7.92
5vew,5.15
3o5n,4.76
5ekj,6.0
3wf5,7.09
1il4,2.85
2o1c,4.72
1o7o,4.49
2br8,7.49
4b7q,9.74
5lny,7.38
4y24,6.66
3cfv,6.05
5h8x,5.51
1qhc,7.57
4is6,6.2
6iiu,7.96
5e2k,8.03
6np3,6.47
2zpk,7.76
5jf8,5.85
4cd1,4.89
5lh8,7.72
6msn,4.95
3uh4,7.96
3rwi,6.94
1c5n,4.7
5tcc,5.66
3e92,8.0
3k0h,4.6
5qim,11.22
4nld,7.7
6c7x,7.19
4yti,7.89
5du6,5.02
1jys,3.52
4g8r,7.66
3moh,2.84
4ql1,7.03
6nw3,7.66
4aj4,3.89
3bm9,6.72
3ti6,9.27
6g0q,4.61
5hng,4.03
5l44,4.4
1q9d,4.6
3zha,6.0
3pce,2.0
4luo,3.24
5yjb,7.54
4iu1,4.3
1ke5,6.25
2jmj,5.04
4nro,5.02
3uwl,3.68
5wi1,5.0
3uvq,7.77
3qcy,7.7
2gm9,7.39
6eq1,4.61
3qc4,8.7
5tdr,4.54
5cfa,6.54
6cco,7.29
4xg4,7.67
5dp9,6.08
6fkq,8.0
2ovx,8.7
6h76,7.52
6d56,8.05
1qwe,5.92
5el9,7.64
1ydt,7.32
2bj4,4.47
4ipf,7.74
1g53,9.04
3gbq,5.46
1q6n,7.64
3qg6,9.14
5cgv,6.47
4c4n,6.1
5lso,5.85
4j3l,7.8
5h7h,3.77
1w3l,6.28
5dtm,4.3
1e5a,7.64
6itj,7.97
4y5s,3.73
4oag,6.3
2ymd,3.16
4l7f,6.8
3aw0,5.24
6o57,6.29
3iad,9.0
2y58,5.5
6c8c,6.38
5ogb,7.47
4bdb,4.07
1tv6,5.4
1h26,5.54
2mpa,8.04
4xbo,4.59
3vw2,4.75
1v3x,7.62
4tw8,5.58
3vp1,5.48
3n9r,7.15
5gr9,7.48
3c3q,4.32
6mi6,4.54
2p53,7.46
3v4v,7.38
1w2x,5.14
1xgj,6.0
3u8j,8.51
3lpr,5.96
4rn2,5.82
2pvj,8.1
6nvj,8.28
5c7d,5.11
5mo8,5.79
3u3z,5.36
1zdp,5.74
4fns,6.7
3ai8,3.81
2xo8,4.33
1gj4,4.07
2pmn,5.2
6g1u,5.61
2i4d,11.68
2yjc,7.66
1iiq,7.48
5flo,3.15
2qtt,4.32
6oyw,8.4
3v5g,7.13
5dhr,4.64
4mbp,5.64
4wke,8.1
2vwm,7.03
4h4e,6.68
3lrh,7.35
2ra6,4.52
2qlm,5.64
1aqi,5.62
5n21,5.96
1jeu,6.82
5o1h,4.85
6mia,2.6
1d7i,3.6
2xvn,3.95
2x4o,4.77
6nao,6.7
4c1e,7.14
5lrq,5.8
6hou,4.27
4jzi,7.4
6bg3,4.92
6hh3,6.24
4q4s,6.95
6r11,4.92
1f8a,5.0
4x0z,3.15
6q5b,5.89
2hwp,7.14
4zg7,8.7
2zym,6.14
6dyz,9.2
4w53,3.99
1n3z,4.2
4esi,4.15
3o9a,10.7
5t92,7.8
4gue,5.24
5t5g,5.89
5u9i,7.31
5drc,5.98
1ftj,6.09
4loi,6.77
1yfz,4.35
1odj,4.1
6o0o,7.44
5ul6,8.22
1hdt,7.76
1i5d,8.0
4dmw,4.94
3az9,6.0
4civ,4.95
5tbm,7.31
2oxn,7.44
3mww,7.24
3l0k,4.62
3d4z,4.89
4yh3,4.59
5m04,6.34
3jzo,8.52
5kx8,7.42
6abx,2.14
6fag,6.59
2e9n,8.21
3kvw,6.89
1j14,4.49
1rt2,8.22
6b7e,4.55
5f1u,6.4
3gdt,7.19
1amk,4.3
1fzo,7.89
4aa1,4.12
6ghh,6.71
5j79,8.52
4gao,5.74
2x7o,7.47
2kup,6.7
1ld8,8.46
1z6f,4.89
6dh6,9.93
3jzf,5.3
5fpu,6.26
1qft,8.77
2vot,7.14
6ahs,5.82
4de7,4.8
6a80,5.9
4hmq,8.24
4iue,6.55
4p73,7.66
2ltz,5.35
5yyf,6.48
2jdk,6.54
3n35,3.37
3iob,3.42
2f7o,7.44
5tqf,8.3
6ehh,7.49
1tka,6.1
2y68,3.6
4m14,6.7
2bal,6.31
5lgn,5.54
1h62,4.77
5zms,5.23
1q3w,8.4
6c4u,6.1
3q4l,7.26
1yxd,5.3
4odf,10.0
5j9z,7.8
5ur1,8.97
4n7j,5.47
5klt,6.76
3brn,8.7
2cm8,5.87
4zsr,4.44
5wkf,3.87
4wq3,7.0
2r23,3.72
1xqc,7.2
5olb,7.89
3g72,9.1
6fsd,4.24
4ona,8.15
5a7b,3.57
4nq6,4.28
1nvr,8.11
1pf8,7.51
2ohu,5.38
4xip,6.63
6q3z,7.36
2w5i,4.54
6hwu,7.54
6njz,5.01
1ntk,10.49
3ujb,5.1
5nwd,8.0
3r17,6.41
6h8s,4.42
4iqt,6.11
2g9q,6.4
4qwx,6.27
4no9,7.82
5iq6,5.26
3w33,7.44
1y2d,5.7
1tvo,6.85
3ckz,8.72
4ux6,5.92
2bts,7.7
4bo8,6.92
5mwp,7.5
2yb9,9.22
5zh4,5.14
1k1l,6.9
5q1g,3.58
2qwe,7.48
5aol,2.32
2yge,5.06
2j62,11.34
4z7q,4.29
6elp,6.63
1hxb,9.92
5vgi,6.98
3zs0,6.7
5hrv,5.29
1al7,7.8
1qti,6.44
4rlw,4.87
3jrx,9.0
4ec0,6.07
6fi5,5.52
6e92,7.46
4bi1,4.16
2h9t,4.7
5e0h,5.62
3chs,7.77
4yax,5.82
6iph,6.66
1pdz,3.7
3tgs,5.39
1ftl,6.0
4yfi,6.3
4xy2,8.1
2h6q,5.11
5bvd,9.8
4wef,2.59
4ra1,5.94
4jsr,8.4
4cu1,4.71
1ha2,5.54
4uvx,7.96
3qn7,6.8
4bcd,7.48
3wt7,8.75
1o2j,6.92
5l0h,5.64
6h2t,4.82
6cct,4.14
2zsc,7.06
4joh,3.35
5nwc,6.15
4mg6,5.62
5lzg,3.1
3k5u,6.51
6ev0,5.74
6rml,5.82
2gss,4.94
4rj3,7.03
6bq0,7.34
5abe,3.05
4uwh,8.52
1g3c,5.8
5jgd,7.96
4d8n,5.74
1jm4,5.0
3h5u,8.52
4tkg,6.85
4do4,7.29
4c1t,7.15
4deh,6.21
1rs2,4.3
4eh9,2.26
6hvj,7.55
5wf5,7.65
5kxc,5.26
2l3r,4.66
4kql,8.77
6s89,8.07
4riu,7.3
2xu4,6.47
4za0,7.21
3f0r,6.89
2nnq,8.7
4dh6,7.77
3bgq,7.96
1cqp,5.62
2pv3,5.25
1t13,7.38
5xp7,4.42
3vv6,3.8
5w73,6.3
1mcz,3.0
3kyr,6.72
5ti7,4.96
6hd6,5.7
3s56,9.62
5juz,5.52
5zoo,5.65
6ufo,4.46
1ej4,7.3
5edl,8.35
5c7c,5.26
2pj5,7.82
5wio,5.03
4aa5,7.8
5vqt,5.74
3h5s,8.3
2fl2,8.7
6c7i,9.42
2hjb,4.39
5v7a,6.38
1str,4.77
3p9l,5.3
6itq,4.69
1g6g,6.28
4tk0,5.55
2lp8,7.52
3c2r,3.11
4ael,7.92
3s68,8.66
6slg,10.3
3rtm,4.42
4msa,3.3
5ti2,4.62
4xgz,7.62
3bf1,2.52
4h1e,8.52
3ejq,8.57
3b3s,2.55
4bie,6.6
3dct,6.95
5njz,7.8
6fu4,6.19
5yc4,4.92
3hhu,7.39
3ckr,5.3
4ui6,7.06
2ogy,4.48
2ajl,7.89
2ll6,10.0
1tnl,1.88
1ett,5.89
4obo,7.11
6qe5,5.12
5bvo,8.3
5u4g,6.1
5c5t,3.13
1mm6,7.7
6ibs,4.96
2ez7,4.36
1fao,7.37
1ewj,7.49
4fhh,7.46
4x6m,8.24
4e5i,5.3
4h38,6.04
2bdy,7.77
6fo7,7.87
6pt3,9.41
5qav,4.15
5ou1,6.07
1w31,3.6
4ptc,8.96
2w1i,8.92
5j9k,5.85
6n3o,8.62
2yjq,5.28
2alv,4.15
1npv,8.24
2xzc,5.64
1xh3,5.51
3hvc,6.22
4bfz,6.26
2qhd,5.38
5fh8,6.77
5cbm,7.77
2xct,4.51
2rfn,8.3
6fs1,7.01
5cy3,7.8
1ypg,8.0
3qci,5.42
5szb,5.11
4hiq,8.21
5o1e,4.48
4wvt,5.31
2vd7,5.38
6bfd,8.3
6hk7,7.34
5oxn,1.96
1rlp,5.1
6r9s,2.15
5fqp,7.72
5dxe,6.41
7prc,5.21
6q9u,5.89
6j0o,4.92
4iuu,5.65
2uvm,7.1
4lov,7.77
5kew,6.5
6qhg,3.13
4bw1,5.9
4djp,10.55
2w0p,6.52
3d7h,10.22
4mwy,7.05
3ik3,8.7
3wf9,6.25
5cso,6.03
5ggp,3.3
2jaj,4.6
1acj,8.09
2iiv,8.18
4kmu,7.92
2xfk,8.52
3pkc,6.02
4f9y,6.74
4cjq,3.59
3wha,9.32
1v2t,4.71
4rxa,5.74
2o3z,5.7
6j8r,6.12
6dne,7.48
2y07,6.22
5tq8,7.64
5x9o,5.3
5xig,6.38
6om8,5.16
4usj,4.0
6avi,5.71
5dk4,8.7
6eed,6.09
2xcn,6.92
4uxb,7.96
6n0q,7.4
5e2r,7.06
5alj,5.56
6fni,8.22
4zom,8.52
4xx3,7.25
2ceq,7.28
2ccs,5.7
2wxh,8.05
4qyy,7.3
2kvm,3.96
4pnu,4.89
1nj1,7.6
4wn1,8.29
1qi0,2.35
1x07,3.28
2pvv,3.36
2a8h,7.17
5vcy,6.57
1tsl,6.15
1xhm,6.33
3lco,6.84
6qed,7.13
6nk1,6.66
5gwy,4.95
3cfn,5.0
3hmv,7.3
1v0o,5.26
3uug,4.51
5dv4,2.47
4oym,4.96
5dey,8.43
3h0a,7.48
4uiu,7.9
4uma,5.41
2r3k,7.0
4a2a,4.35
3zps,8.3
3nyx,7.49
1ghv,4.35
3zc5,7.13
5o0b,4.18
5a7i,5.26
3que,8.82
6ibz,7.66
5k8o,5.96
5y12,6.23
5bv3,7.17
4uat,5.89
5l6j,6.7
2x00,11.33
5ayy,5.32
6uhv,6.92
1h2k,2.92
2bz5,6.15
3d4f,7.72
5am7,7.19
1ysg,3.52
1w7x,8.4
2y2p,4.7
5ez0,5.8
4ye3,8.37
4l2l,5.7
2ym5,6.37
3pe2,9.76
4q0k,4.87
5c4t,7.66
3gst,6.72
4y2s,4.28
6gl9,6.87
4b34,3.14
1j16,3.84
5n55,5.99
2zcr,6.87
3b26,6.64
3rpv,7.15
2qrh,4.71
4gw5,5.46
1n4h,6.55
5c85,3.98
3bym,8.22
3tkm,9.0
4o09,7.7
4cxw,6.09
1b6l,8.3
6eln,6.05
5mwz,5.15
1bmq,7.42
3l8s,7.0
1i9n,8.66
3wkb,4.21
1tjp,4.42
5zvw,8.62
3dxj,6.22
5usz,6.97
6f09,5.97
3cl2,7.59
3c7n,6.7
5ezh,4.62
4gfm,7.22
3lp2,6.66
4hwr,6.74
2ltw,4.22
5fv7,6.74
2y6c,5.0
5fsc,2.36
1nyy,4.68
5alz,8.22
5os5,3.39
6dyy,10.55
3bl9,7.18
2ylc,7.89
3umw,8.52
4bdh,4.11
2vxa,5.6
4bgm,6.21
1jlq,8.15
4fhi,7.0
3p7c,7.66
1n2v,4.08
4o1d,7.62
1hkk,7.4
3ixg,7.57
4li7,6.11
1oe7,5.52
5zwe,8.96
4wt2,10.42
6jid,5.08
6h51,6.87
3r93,6.51
5jm4,7.42
5a5d,8.0
3ejt,7.36
5avf,5.49
5k4x,6.42
3o3j,6.4
4jv6,6.66
5ml4,8.7
1fwv,3.72
6qyo,7.52
5vp9,8.99
4wym,4.0
5knx,6.1
5w6o,6.28
4qp7,5.23
1qf5,7.37
2wf0,6.68
2c9d,6.32
1owk,7.63
4rsp,5.44
4nwd,5.4
4ag8,8.96
3oe0,8.6
6qeg,7.3
1f1j,8.8
6jay,5.7
4h3j,7.05
5ypo,7.1
1g7g,6.6
4iks,5.14
6bl1,6.96
4luv,2.85
3kb7,8.15
2qe4,7.96
4x1r,6.4
3olg,7.84
6oqn,8.0
5ofv,1.58
5v1b,7.47
6f4x,4.97
1bqn,6.22
4xek,5.66
2am1,6.0
1b4d,4.81
6upj,6.32
4i7j,3.32
2gga,1.96
1css,6.1
3dx2,6.82
3dyo,2.3
2gg0,5.77
6mo2,6.68
6c5k,7.16
4h58,6.72
1eat,7.82
4a4f,2.88
2ork,2.85
4l6s,8.52
5zmq,4.74
2r1w,4.6
1w1g,7.68
2wxo,7.05
4bbf,8.66
6apu,4.87
3fj7,3.71
5alb,10.71
1srg,5.3
4dwg,7.24
3ppo,5.3
3pj8,7.4
3wp0,4.99
4al4,6.89
3odu,8.14
1oi9,7.16
4h39,6.68
4y32,4.05
3wjw,3.87
2j4q,4.46
4io4,4.61
4mk7,6.36
5t8e,9.14
5wf3,5.85
5ix0,6.28
4z7n,5.04
5ak2,8.41
5nvv,6.7
4x63,6.77
2p95,9.37
3v66,8.89
4ge5,6.57
6cki,7.24
2h3e,5.7
1gj7,7.89
4bb4,6.72
2aoj,4.66
6fu5,7.5
6br2,8.72
3t0t,7.04
4q3r,6.27
6c4g,8.3
3hw1,3.06
5jfd,9.54
1owe,6.2
4ps1,6.66
1pyw,7.7
1o9k,6.47
4pl4,5.27
6ct7,7.0
4qwg,5.97
3t0x,8.0
5iok,5.02
2y54,4.7
4mfe,2.27
2gg9,5.46
4ucv,2.88
3qw5,6.45
5n1x,3.16
6g85,5.21
5etm,5.41
1m9n,6.92
3kbz,6.91
4c61,8.4
1ciz,7.44
4xoc,8.52
1pfy,8.15
6fuh,3.77
3g90,6.36
1no9,7.62
3axm,5.07
2ewa,7.94
1pu8,3.1
6pf6,4.74
2g01,5.91
3wig,8.64
3ebp,5.91
3wyy,8.49
2rt5,6.72
2g9u,6.08
4qsv,2.0
5xpn,6.99
6das,8.31
1l5s,3.26
2l1b,3.96
5afm,4.15
3g2n,4.09
2vwu,6.46
5u4c,6.0
4k3r,3.59
4mcd,5.33
1hc9,8.72
3kcf,7.46
3km4,8.89
4pax,6.4
3n86,5.64
5cep,6.84
1hk2,6.77
4itj,6.42
5fol,3.67
2v59,7.74
6ayr,8.39
3ovn,2.55
2ypo,4.68
4fll,5.29
4jpc,7.03
1r5g,7.52
3sad,5.96
5ot8,4.2
5i0l,7.74
1if7,10.52
1g74,6.52
5t2t,6.29
4cxx,5.68
5lav,6.09
5iub,9.46
5gj9,4.99
3c1n,5.5
1qka,5.92
4qpd,7.82
4ucd,4.0
4gqq,2.89
5f8y,4.24
3hqr,5.52
5nk6,6.8
4umu,6.19
5f1j,4.92
6h1u,5.32
4ymh,6.46
4ue1,8.0
6ajj,6.8
4zs9,4.57
3ifl,8.08
3be2,8.7
3ch9,3.3
5t78,7.37
4gwk,3.34
4k3h,6.85
6q9o,8.47
3kku,5.7
2b4m,3.53
1y3w,5.77
1m83,3.4
4d1b,4.44
5qah,3.84
5tyj,7.46
5l30,9.14
1nlo,5.47
2ov4,4.74
6o0m,9.34
2pre,6.65
2lkk,6.7
4x3u,5.09
4qsx,1.74
2vie,7.48
1ms0,2.91
3kl8,6.92
5fh6,5.92
5nqr,7.15
1j4r,7.72
5tbj,5.82
5ei4,4.58
5q15,8.05
3l3n,8.18
1juj,6.96
5ayf,4.82
4eki,10.0
5mys,4.3
5fah,6.15
1ssq,6.0
3suu,8.52
4bi6,3.95
1kjr,6.06
6nsp,7.36
1lf8,5.46
3t64,6.7
5uv5,7.7
2z4z,5.73
4fob,8.3
4jz1,6.7
5kz0,7.66
5k5e,6.35
1s3k,6.62
1b6k,8.74
4pvo,6.31
3ara,6.49
1vjd,3.54
5npb,7.09
5drr,11.46
3lmk,5.94
5gmv,6.23
2hog,9.52
3aid,6.86
6i11,4.53
1sfi,10.0
6rj6,8.52
3l3z,4.87
5i38,3.42
5hdu,9.0
5nbw,8.59
2c5n,6.66
6p7q,5.36
4b4q,5.75
3muz,3.46
6jad,4.32
2i5f,5.12
2g24,5.4
6md0,5.9
5j87,8.05
4h5d,7.55
3sn8,5.65
3evf,6.77
2yb0,3.85
5l6i,4.35
5yc2,4.94
6bm6,4.68
5a5p,4.0
6fz4,5.95
5eje,5.6
2bpy,7.4
1ogg,5.19
6gvi,6.82
3e5u,5.85
5ia0,6.73
1qxy,4.8
1ftk,4.84
1x78,7.85
1inc,9.34
6rjp,8.96
1bio,5.54
6q9w,6.24
5nn6,5.52
4ucu,3.35
3imc,2.96
5y97,3.6
4lh5,6.7
1qbt,10.62
3sax,6.57
3ml2,8.05
3ful,3.7
3mct,4.07
2i47,8.66
6p3t,7.32
4zed,5.12
3zso,5.12
5ceq,7.38
1hty,1.4
2vmf,5.85
3pcg,2.3
5a6k,5.95
6mhm,7.54
4uau,5.89
6hcu,7.82
4okg,9.32
1y0x,8.7
1j17,5.22
4i7m,4.14
5wh6,7.92
1m0o,2.31
4puz,8.11
4cd0,9.7
6g3y,5.89
1zzz,5.14
2nt7,6.52
4nku,4.67
3djf,6.1
6eeb,5.3
4u0s,6.8
1a28,8.29
5jin,5.64
4hlh,5.96
3k98,9.0
3sue,9.08
3oj8,8.36
5eyk,8.52
1m5w,4.27
5kr2,8.48
6rna,8.3
3le8,6.07
4qsm,7.41
2az9,7.66
1csi,8.8
1o2p,4.85
3ocg,8.52
3opm,6.62
5hfj,4.39
3udq,6.0
4j5p,7.92
1yq7,7.09
3oy8,3.66
5f5i,6.02
1is0,7.0
2oht,5.04
3u8l,8.05
2nwl,8.7
1lfo,8.05
6jof,4.98
5aab,9.06
5maj,7.46
6i64,7.31
4bs5,8.22
3rak,6.89
5eok,3.49
5q0p,7.41
6nkp,6.52
5hh5,6.3
3r5j,6.96
4ui7,7.36
2ha3,3.03
5g53,6.37
3mz3,7.83
2ojf,6.96
4qfg,5.48
4pms,8.1
4ybs,7.24
1hwr,8.33
2bdl,7.82
4q9m,7.18
4dvf,6.89
5byz,7.38
6eq7,7.0
1uvu,5.0
2d41,6.82
4fz3,3.73
5gx6,5.8
3pb7,5.74
4zij,3.25
6qcj,5.6
6udy,7.57
5yhg,6.02
2ihq,8.49
4b5b,6.41
6df4,7.64
5xii,7.12
1jut,7.32
1gt3,6.46
2pzy,7.47
4kp5,6.08
5ofu,4.2
6qpl,7.04
4l50,6.06
3c4h,5.7
3w32,7.12
2xcs,7.85
3qd4,8.2
5nk8,6.64
3q4k,7.05
1c84,5.0
3e4a,8.77
3wk4,5.13
6r13,4.7
1awi,4.05
4e9c,5.96
3hlo,6.21
6haj,4.97
5glu,4.02
5lyy,4.85
6n4t,8.09
4er1,6.62
1p03,8.19
6f0y,5.11
6ays,9.19
3f78,3.1
2rip,7.19
4g2w,8.8
1pus,7.28
4l31,6.79
5eqq,8.17
5gs4,7.07
4gfd,9.48
3ui7,9.0
4q90,2.15
6aec,6.15
4bgg,7.82
2ayr,9.29
1avn,3.9
5z1t,6.2
1vkj,4.85
6guh,7.59
5nuu,8.2
6i62,6.8
5os0,2.55
3krj,8.96
4f7n,7.1
3zh8,6.47
6hub,8.1
5cnj,6.84
6mlf,4.28
5y7h,7.73
5f4p,7.33
1a1e,6.0
4j3i,5.74
4djy,8.27
2xde,5.47
3l2y,4.49
1xm4,10.39
1lol,6.39
1c5s,6.0
3pr0,9.54
1pzj,3.49
4pmt,6.0
4ifh,5.21
1b55,7.4
6n82,5.96
6b1w,7.37
6eeh,6.54
4std,10.33
2fvd,8.52
2csm,4.3
5izl,5.73
3m3z,5.73
4na9,7.39
4j45,5.77
1z6s,4.34
4fys,4.82
6hor,4.18
2bfr,5.25
3umq,4.62
4o4k,3.7
6p87,4.6
2a5c,4.62
4ykj,4.43
4o7e,5.24
3ftq,5.33
3lxk,9.8
1sm3,4.62
5ke0,9.7
5oci,8.05
3rw9,5.96
2r02,5.1
4w57,4.85
4wrs,9.4
6min,3.91
5o9h,6.62
6sfj,7.74
4mx1,3.68
1swn,12.0
1zpb,6.07
1u3r,8.3
1eby,9.7
1vgc,5.92
1xws,8.0
2j47,5.41
4bdt,8.96
6npe,6.3
3bsc,4.48
5tur,6.05
6gjn,6.22
3n2c,5.12
1ljt,5.15
6e05,4.26
6afr,7.15
6q39,7.85
5dtt,3.51
4q7p,4.32
3cgy,3.15
3qgy,7.8
2opb,8.74
2w1e,7.92
3zm9,7.42
4z0f,5.77
5owt,8.17
3kqc,8.66
2c8x,6.66
3qlm,6.37
2ftd,10.39
3l6f,6.99
3el1,9.64
4pge,7.77
4w50,5.85
6mlg,5.05
4j82,4.35
6h7z,10.12
3c6t,8.68
4qew,7.07
1nok,3.15
5uc1,7.85
2o9j,6.92
3upf,6.7
4hai,8.1
2lk1,4.09
3ies,9.92
4ktc,9.0
5d0j,5.31
3ms7,3.43
4b9h,5.35
1tyr,7.0
3h6z,5.82
4mbf,5.77
1zm6,4.35
4caf,7.12
5fpp,4.0
1ec2,10.0
1k1j,7.55
3vw9,7.96
5wmt,5.86
3hqz,9.38
6qmu,5.32
5xof,4.01
5nvx,7.05
6hy2,7.3
5lz7,6.28
5fbo,9.51
3qvu,3.55
1e1v,4.92
4kp0,8.65
1b9j,5.96
6ooy,4.66
1ajq,4.31
4tky,5.7
1od8,5.1
3ldw,7.97
2vd4,4.74
3k4d,5.11
5kh7,3.66
1lb6,4.08
3ao2,3.77
5b6c,3.66
5nt0,6.55
5ggj,1.75
5hk1,8.37
2f80,8.18
4kiw,5.12
6k0j,7.89
1pxp,6.66
2las,5.74
5fls,3.04
6bij,6.05
5d3s,5.89
2rkn,7.22
3ldp,5.62
3su2,7.35
5isl,7.28
4wa9,8.42
5ey0,2.65
3arf,7.19
4ef4,5.35
1elc,6.66
4xum,4.67
3s7m,8.0
3kyq,4.22
4rfm,10.05
2pv1,7.14
4k5p,3.46
4q3t,6.48
2ypi,4.82
4hev,6.34
2ccc,7.76
4mk2,6.14
2pnc,3.33
5yqw,7.51
2fpz,3.96
4ci2,6.75
3nfk,3.8
4lm5,6.82
5wzu,7.0
4nuc,6.04
5du4,5.25
2bmc,7.57
5nih,6.87
4d62,2.44
5ofi,4.2
3bc3,6.81
2gl0,4.82
4q1w,11.7
5ueu,7.78
4b32,3.34
4b1j,7.3
1qj6,7.74
4lpg,4.25
2rkg,8.09
4ura,5.5
6c7e,8.55
1guw,5.72
5bml,8.0
1hp5,6.55
3rah,7.92
4p75,4.1
3sh0,5.66
4tkj,6.04
5t68,7.64
6ela,7.59
5aqp,2.68
3msl,5.15
2hmv,7.7
4tki,6.38
4r4t,6.26
4xar,6.97
5ka7,4.35
5mxx,7.51
4wmc,8.05
1izi,6.59
5db0,7.43
6en6,7.94
1yi3,5.4
3qch,5.48
2bro,5.85
1mmr,5.4
6er3,3.24
1pkx,6.92
1zeo,6.68
4dfn,7.7
3tlh,8.82
3b7i,5.82
6g07,4.57
4ufm,3.72
1j4k,4.0
2xn3,5.92
4n5t,8.15
3d9l,4.17
2ce9,6.03
5wuk,7.85
6fne,5.52
3n5e,6.82
5ar5,6.3
3mj5,6.49
6exi,5.05
5znr,4.67
5t66,8.43
2gnf,5.22
1auj,8.25
2nd0,3.2
2xru,7.51
2uw4,5.28
4f1s,8.7
5i40,4.86
6c7r,9.0
1lbk,3.18
1i43,3.7
3ess,6.39
3ind,5.82
1h1p,4.92
2yex,10.0
5u94,7.19
5mkx,4.7
2uw5,7.51
6a9c,2.74
3qrk,7.24
4d2r,5.48
6nfn,7.7
6djj,4.1
2ow1,9.0
5ehv,3.08
3lj3,9.03
5mm9,6.42
1b5i,7.05
1ctu,11.92
3sl4,7.57
4u01,8.46
2ggu,3.03
5qcl,7.96
4u5o,2.42
2fsv,4.6
3kd7,3.7
5ovr,4.57
4nh7,8.4
1k1n,6.82
6s4t,7.95
4eny,7.05
3kr0,4.7
5cas,8.85
6hmb,6.56
5h4j,6.89
2mlm,5.21
3drr,9.4
5wh5,7.19
4kyh,5.92
3vp2,5.1
5kad,4.43
2wo8,6.28
2cmf,7.55
6oa3,6.4
2fm0,9.4
5tya,4.48
4ayy,8.17
2gu8,8.59
2pj2,7.92
10gs,6.4
4kva,3.94
1pwu,5.68
4y2y,5.05
3cic,8.52
1kl5,5.99
1e2l,4.29
6fzx,8.15
6do1,8.08
1ru2,6.49
5ikb,8.72
6htp,6.8
5qb1,4.7
5f37,5.77
6udi,10.0
1o4d,3.52
5mks,4.77
4ln2,3.61
3uvk,6.8
2oi3,6.64
4b0c,2.07
3fqa,0.49
5tc0,7.6
5uz0,7.8
3cjf,8.2
3rxi,3.06
3hp9,4.59
1qaq,4.74
5ewm,7.92
1b58,6.59
5xwr,5.98
6n3w,5.81
5f0f,6.0
5wys,6.7
6g01,7.41
5u7k,8.15
6f3g,7.16
4j1p,7.05
2fx9,7.77
6dar,6.66
5aqr,3.0
4kqr,3.9
2vfk,3.71
2qk5,8.1
1qvu,4.46
3emg,8.05
3elj,5.3
3oil,5.68
5dqf,3.6
3ot3,8.3
6jaq,3.95
2ydv,7.86
2r0z,5.47
4jn4,5.86
3btc,5.75
1a4k,8.0
3sbh,7.28
5zae,6.81
4q1f,8.04
1ai5,3.72
2pgj,3.59
4j1h,6.11
5mk3,4.05
3kjd,8.54
1afk,6.62
3bb1,3.6
1ule,5.92
4yoz,6.8
1o2w,5.85
3hvg,2.7
5hbh,7.31
2wd7,4.97
1e55,4.12
1mq1,6.59
1rhu,8.52
7cpa,13.96
5obr,5.36
2vur,4.52
3ioi,6.28
1x81,9.19
4qmp,7.85
4k6w,5.35
1nfs,9.92
3tu9,5.12
5eq0,5.92
4bo0,6.7
1gni,8.07
2ww2,4.85
4kyk,4.74
2bkt,7.64
4mme,6.5
6i13,5.12
3ddq,6.68
4k3k,2.35
2peh,5.96
1vik,9.52
5e2o,8.7
1wbn,6.46
6erw,5.36
6n93,4.69
4ju3,7.07
4o70,4.72
5zaf,6.78
3v31,5.8
5ehy,6.09
2vwo,7.51
3rz5,7.89
5n0e,8.44
6n9p,8.4
5lvq,4.14
6j81,6.29
2xch,6.43
5h63,5.92
6ex0,4.03
3l5r,7.42
4gk7,7.9
3gp0,7.44
5uvc,8.21
5kcb,6.0
4agc,10.7
4jjg,8.7
2evl,6.7
3rth,5.21
6n79,9.68
2pj0,8.09
4rdn,5.92
2lsk,4.89
4gvm,6.11
3qc9,6.06
3uyr,6.9
2vtl,4.01
4huo,4.7
5nev,7.36
4jje,7.64
1m13,7.57
1k3t,4.19
6qcg,5.14
1xh8,5.77
3r7o,8.36
5d3h,5.1
6hld,9.21
3q4b,9.33
6fod,8.15
5bvw,8.82
1uv5,8.3
5nn4,1.94
3p2h,5.44
4qyh,8.89
5u5k,4.02
3o9p,6.52
5e2p,8.8
4lwe,7.15
6duk,9.59
6a73,6.48
3vh9,6.24
1xor,6.41
6k04,8.04
4n8e,7.7
6em7,4.53
3dog,7.4
2y59,6.44
1cbr,9.4
2evc,6.54
4uof,4.84
2ydk,8.15
4dhu,5.3
4umn,7.2
3neg,5.94
2w1d,6.04
3tu7,8.09
2uy5,5.49
3s45,8.49
6h4p,6.99
2y2h,4.57
5w9g,6.82
4z16,8.32
5egu,5.85
5x9h,3.76
4ruu,7.54
4hze,6.29
1gi6,6.22
5q0o,7.61
4rrn,7.32
5edu,8.66
3g30,2.51
4a6c,7.92
5v7w,7.12
5a54,6.15
6r8w,5.92
4hbn,6.1
2l7u,3.98
1bzc,4.92
3f68,5.06
6ax1,9.42
5jid,3.76
5v9p,6.14
2w6t,8.57
5i3v,7.8
2f6y,3.87
2idk,5.54
4iid,5.62
1qan,4.48
2jkr,6.07
6g8k,4.45
3jvr,5.72
3i6m,6.46
4dhn,3.89
1tlo,4.0
3aqt,6.72
4ibk,4.3
4rwj,8.7
4p0v,5.92
6mo8,5.84
5l2t,6.19
1uyk,4.77
4z8d,5.22
4lwt,5.41
1yvh,7.37
1ce5,4.74
4fht,6.17
6q74,8.2
2zmm,7.6
4ju4,6.47
2xzg,4.74
2pq9,8.11
2yim,3.92
1t3t,4.96
1ppl,8.55
4w5a,3.77
6md8,2.38
4xyc,7.51
4qmv,7.64
4wpf,6.6
1pph,5.92
3s3q,8.77
3vyf,8.8
6gr7,5.5
2q8h,3.0
2e9v,7.9
6dj5,8.14
4j06,5.34
1atl,6.28
1a0q,7.57
5jyp,7.0
4s2i,9.0
1zd4,3.6
1y6a,7.66
6rrm,6.84
3zyr,5.34
3br9,7.21
6cyc,7.85
5oq5,7.7
2o7n,7.82
3t8v,6.59
6fac,6.75
1usk,6.4
1uu9,5.4
5lyh,6.31
3d94,6.8
3o0e,5.74
3uvo,7.0
4u0g,5.29
3ctj,7.46
4y2b,8.36
4wet,3.35
3osi,5.22
4az2,7.33
1xd0,7.12
1gzv,6.57
5o22,8.0
6iik,4.91
3prf,8.85
1yw7,5.85
4c70,3.52
3dc2,3.02
3p5k,7.12
6boe,5.54
2wzs,3.85
5h19,6.49
5ctc,6.35
3qup,6.32
1bn4,9.31
6qzb,6.47
5uwn,7.87
3fz1,7.92
5jvi,6.51
6fo9,7.75
2q11,6.05
3kac,3.13
4q06,7.66
1zgb,8.06
4pp3,7.82
4r93,7.8
3ao5,2.23
4ufj,4.28
4b73,7.21
4ze6,2.48
5ap3,7.03
3qtz,7.3
1uj6,3.05
2ohs,4.4
4wr7,11.7
5m1z,4.18
5ia2,7.72
3v1r,7.68
3py0,6.89
5tmn,8.04
6bl2,7.39
2a4z,6.6
5ap6,7.88
5umy,6.97
4x11,2.22
5t2p,5.72
2xn7,10.0
3t83,6.98
6q9s,7.77
6qs1,5.61
2tmn,5.89
4jg1,6.63
1g9d,5.3
5aph,7.22
6h77,7.33
2obf,8.85
4ty7,9.52
5lbq,5.11
4hy5,8.89
4j03,7.59
4ivb,8.72
5uwp,5.8
6hb5,5.83
4pct,7.15
3d1z,8.8
5uxf,7.06
5kh3,4.22
3e51,7.85
5t2l,8.2
1f9e,8.7
3bqn,8.6
6mxd,5.23
5vdp,4.05
4fxz,7.03
4z2p,4.6
3k54,9.0
3p9j,7.51
6bke,8.35
2boi,4.32
4m84,7.31
5v49,7.3
6e7j,9.48
4zcs,4.33
1pq3,7.52
5mtx,7.75
4htx,8.33
6en4,8.3
4x8n,6.62
1xn3,7.4
3vs3,9.37
4cmt,9.7
2ewy,6.15
9icd,3.9
3ckp,6.35
3gcp,7.82
3is9,6.42
5wkh,3.85
3kce,4.8
4wx7,7.4
1rhm,5.76
1h1b,9.8
4wk2,6.94
5ei3,4.25
6eg9,7.17
6fdt,4.3
6nzm,9.0
4ccd,4.49
5k5n,8.05
5ywx,9.85
3mrt,3.7
5txy,5.46
1tfq,7.92
4loy,8.09
3a1s,4.83
3qs6,4.89
6rpg,8.52
4qg7,8.0
3kr2,5.14
3opp,6.28
3chd,4.92
3hxi,6.33
3rf5,5.63
2h21,6.54
1d1p,3.6
3hio,6.52
2x4s,4.2
6u26,6.97
6j8q,5.57
3ine,6.77
4zw6,5.72
4dus,8.3
2iyf,3.75
6bmr,4.22
4ke0,7.77
2p94,9.17
3m17,7.4
6dgo,5.47
1o4i,2.64
4fea,6.47
2c6g,3.37
4ezj,8.42
1m2r,6.46
3atl,4.76
5n34,4.63
5pzn,7.39
4zs0,5.64
3oqk,6.38
2zof,8.15
5xag,5.46
1aht,6.21
4j28,5.7
6p5o,4.54
3h0s,6.2
2vj6,7.89
4xnv,6.79
1gj6,7.0
6mdq,3.44
4ufe,8.15
6os5,5.36
6eqw,10.65
5up0,6.34
3h98,8.3
5adr,5.64
3ug2,8.25
4uwg,8.15
4lar,4.68
5hfc,5.72
4j3j,7.51
4gne,2.47
2qbr,6.33
1b6p,8.52
1wdr,2.52
1iep,7.0
4acd,8.31
3kl6,8.46
1i8z,8.9
5wa1,4.17
3dei,7.4
1ol2,6.28
1njd,5.57
1qkt,9.04
2ha2,4.66
4b71,5.89
2w3i,10.0
4x47,2.85
1o3g,7.96
6pya,6.82
3g9l,6.13
6npf,5.85
6rj2,7.0
6hm2,7.33
6gw4,5.92
4qf9,4.43
3upx,8.12
1uod,3.11
5h9r,6.08
3wfg,6.92
2y36,6.42
3lkj,4.6
3oim,6.74
4aa0,7.46
1mmq,7.52
5vrp,8.89
4f9g,5.62
4bhz,4.27
2wwj,4.48
6agg,4.07
4an3,9.22
1os0,6.03
5zo7,9.0
6cpa,11.52
1wun,7.21
1vyz,6.54
1ahx,3.92
3k00,5.77
5n7g,4.58
6cfd,7.86
5tvn,9.04
3bug,3.18
4qbm,4.58
6st0,5.13
5y5u,7.75
3uhm,8.44
4oq3,8.1
6bx6,6.48
2x8i,6.72
5u49,6.14
1qjb,6.38
5mrh,4.2
5nsp,6.47
1nc3,5.0
1mqh,6.52
3eq9,7.39
2g72,6.5
3hab,8.38
1ms7,6.77
2wq5,3.74
1fig,6.22
5ti5,4.39
3ert,9.6
1p28,5.42
2c68,5.74
2pj4,7.89
3qi1,7.66
1pxo,8.7
5ivn,8.85
5m5d,3.95
2l65,4.22
5ow1,4.15
2xxr,6.55
1ayv,8.0
4m8x,10.2
6gn1,8.0
4q07,8.14
6o50,8.55
6e5x,6.12
4pnm,5.85
6qxd,6.02
6mck,7.92
6i78,4.74
5tyo,8.21
4pri,4.03
5wa5,6.72
1sqb,7.95
4zz0,7.0
5wre,6.41
2xy9,9.19
2c93,4.92
1w8m,1.6
6eks,3.84
4ivd,9.52
3zk6,6.34
4oiv,5.08
2qiq,4.1
4hvb,9.95
3lq8,9.4
5wbl,6.44
4tya,2.39
3t2q,3.66
6cjp,8.11
1qpe,7.7
1jbd,6.92
4hnn,5.7
2glm,5.37
1tkt,6.15
2a3x,6.92
2cgu,4.87
6hva,6.28
1izh,7.7
2pja,8.66
5pzm,5.96
3g5y,7.46
3lpj,6.92
5gn5,6.98
1q1g,8.57
4zjj,8.0
5mka,4.31
3p3t,7.24
1r10,3.83
5aei,8.96
3ap4,3.92
3f5j,4.28
4n98,3.55
5x79,4.92
1fpi,5.89
4oyt,2.81
1azl,8.62
4tx6,5.59
6hx1,6.52
1rne,8.7
2rvn,6.77
3u1y,8.67
4b72,6.2
1xbo,6.04
4pp5,7.74
5dhf,5.66
5oxg,5.89
6cw8,6.57
5w7i,4.95
4ylk,6.74
6o9c,7.55
3ask,6.43
3rpy,5.32
6aaj,8.3
2gvj,9.52
4n9d,7.72
4bib,6.6
2zc9,6.74
1c6y,9.51
4f4p,9.22
4unr,8.7
5epn,8.66
4qls,7.44
2il2,7.1
2qtg,5.08
4i0r,7.85
5akj,5.86
5mwd,5.72
4o0y,7.22
5efb,8.37
1nhx,5.68
5yqx,6.96
3az8,6.0
4cix,4.47
5jf6,7.21
3vtc,7.89
1bm6,7.89
5g46,2.6
5gjf,6.59
3ekn,8.4
5ork,3.63
4gpl,5.89
1c5f,6.07
2g9v,5.92
4uyh,6.3
2zy1,7.4
1ke9,6.18
5knu,5.55
4n7u,6.29
3ctr,5.16
2c6o,8.22
3zke,6.8
4ban,8.61
4ede,7.38
6h1h,6.17
1e8h,5.68
3p3g,9.74
3c1x,7.35
6ugp,6.16
4hf4,8.62
5tca,7.72
3kx1,7.0
5n2t,5.08
4e3k,9.1
6hhh,7.17
3g2t,7.0
5t2d,9.1
3qcq,6.8
2q8i,3.4
2wfj,7.15
5tgc,6.7
4ob2,6.3
1szm,5.53
4mre,2.19
4gm3,9.0
4n99,3.67
6v1c,4.19
5go2,3.22
6pvx,7.17
1gz4,3.7
6d16,5.08
4dea,6.59
3s00,4.92
1pgp,5.7
3mb7,6.7
1kqb,4.0
4jmg,8.82
3nzx,5.17
4i9i,8.1
5ufi,8.4
3jrs,4.28
2wqb,6.27
3mo0,6.81
1b3f,6.89
3jzk,5.91
3s54,9.64
3k48,6.31
6iuo,7.79
4tpt,7.04
3wnt,6.28
4b84,4.66
5tco,8.19
4hnc,3.17
3jzs,8.1
4j8r,7.7
4p4s,4.94
4jia,9.22
6ps4,9.89
6qge,5.68
3shy,7.04
2w8g,6.0
6fvm,6.6
5svl,8.55
3nkk,4.7
1gfy,5.08
2hf8,5.47
1w10,7.55
4g3e,8.38
3mrv,3.74
2p93,8.82
4j8t,6.77
5n2d,8.22
3frz,8.15
5li3,7.28
6o3x,6.25
1qb1,6.77
4de3,5.52
6hvu,6.59
4gvd,4.57
5av0,3.55
4hww,6.65
5wae,6.8
6aa5,7.28
5umz,7.12
6ffn,8.22
2wk2,6.82
3qpo,6.61
6htd,8.0
1uh1,5.48
1yqy,7.62
2poq,4.42
6jbb,5.99
5n0f,6.05
3gcs,7.25
6d1j,4.25
6ex1,7.31
1s5z,3.21
3bl7,8.4
1uwb,8.34
3dv1,6.23
6qln,4.66
3lf0,5.71
6apt,6.05
3c8e,4.15
4kon,6.48
4pvv,6.48
5edi,9.52
6hlz,7.33
1rnt,5.19
6oko,6.74
3vws,3.65
6k9u,10.05
3msc,3.31
5tuz,7.4
4kz5,2.0
1iq1,7.46
2qlj,5.36
5c1x,5.75
5zwh,8.72
5xsu,6.74
4mic,5.3
4uj9,8.7
6euz,4.18
4g8m,7.89
4afg,8.3
4cq0,5.09
1prm,4.23
4pnw,5.05
2hqu,5.14
6i5y,8.54
1qk4,4.21
1t1r,5.4
4hgt,7.4
3itc,1.6
5zyk,6.74
5g4n,4.0
4lh2,1.24
2ym4,5.82
4dpi,7.11
6eox,6.85
6htr,7.96
4q9z,7.26
6e3g,7.36
4ca8,6.68
4i1c,8.1
3zuk,7.46
2z3h,4.64
3r6c,4.72
5eec,7.1
2kbr,4.6
1ebg,10.82
5hlw,7.64
2l6e,6.0
6ind,6.62
6iae,4.7
2w06,7.08
3lir,6.92
5hvy,7.76
1l83,3.4
5h0g,6.95
5uyu,9.51
5t2i,8.7
3p4v,5.1
5gp7,5.15
3sn7,9.15
2wf2,7.59
1bmn,8.44
6m87,8.1
4gu9,4.37
1g3e,5.38
4i54,6.96
4z0q,8.17
5vom,6.1
5xbt,5.14
3mj1,7.82
4ngm,10.35
1avp,7.92
1hii,7.28
5vs6,6.98
5buj,8.3
3a2o,9.08
6f8x,4.77
4fvq,6.0
6mtv,5.11
4p4b,7.85
3zvv,3.04
1o4b,5.7
3k5k,7.64
6suo,9.4
4j21,7.41
5acx,5.05
6gh9,4.48
6mt5,4.49
1rej,8.3
2vex,6.74
3vfb,9.04
3fuj,3.63
3s76,5.05
5uv1,5.62
4qfp,4.23
5l3j,6.64
4y62,2.95
5o55,4.7
3g8e,5.35
5hvt,7.26
4do3,4.1
4zqt,5.64
3run,5.44
6ugz,7.72
6b3e,6.99
2fqt,6.14
1t7j,8.7
3egk,4.66
5a00,7.52
4tww,4.2
6aff,5.41
4gj3,8.85
5qat,3.85
3rg2,4.2
1zaf,7.7
5iee,4.94
2bow,4.0
1uom,7.72
3pa5,8.7
5dah,5.3
2wu7,6.28
1ecq,3.0
2fys,4.36
1qy1,6.52
3f48,6.29
1gwr,6.6
5ur6,7.06
1o6q,7.64
2ci9,7.22
4k77,6.63
6g9h,8.4
5tus,4.43
3zzh,3.36
4csj,8.31
4kz8,2.8
6njj,5.99
1ppm,5.8
4asd,9.28
4bw3,6.3
2e7f,6.1
4nal,5.66
2wgs,5.6
4ci1,6.6
5osd,3.21
5m39,4.62
5dpw,5.37
6hdo,6.6
1a86,4.0
4axd,4.43
5urj,5.28
5w4v,7.15
3rxf,2.6
4zgk,5.51
4b5t,3.33
2xwy,5.22
6jb4,5.98
5nb6,6.3
5zh2,6.54
4q4e,6.72
5bsk,6.22
6hvw,5.55
2ada,13.0
6a84,8.28
6cjv,5.66
4rhx,5.8
4r0i,6.52
4rvr,6.87
4xm8,3.02
3uev,5.89
4j4n,6.88
1zrz,5.24
3rtp,8.15
5bot,4.41
2ei6,7.39
4cu8,4.47
1v0p,6.89
5j19,6.6
3ip6,6.6
1mqj,5.32
5yie,5.25
4j5b,6.22
5am0,5.88
1t48,3.46
5sy2,4.96
6te6,6.57
2wly,6.6
4dai,6.96
6d1d,4.47
5t6p,6.06
3btl,5.96
2in6,7.64
6r1c,4.92
5msb,7.46
4g1f,7.77
2e2r,8.26
1nhg,7.3
2xfi,7.82
3po1,4.02
3w07,3.38
1utm,3.01
3d9z,8.7
1z34,3.38
4y46,7.96
3s4q,8.4
6d1k,3.13
4bb9,6.0
6n7d,9.52
4nrp,4.59
4de1,5.96
6qls,5.35
1mik,6.35
5eis,5.74
2fgu,9.18
5el2,4.47
5owc,7.59
1dbk,8.1
6o5t,6.5
3ccb,4.52
4msk,7.2
2w68,4.74
4arw,7.13
4aq4,6.17
1g52,9.54
3t4p,5.19
5yjy,6.94
4jfx,6.44
2zis,8.55
5lh4,6.96
2zx5,12.33
1ody,8.1
3iqj,4.93
5jqb,2.22
4wop,4.76
6s9b,5.68
5fe7,3.31
2xnp,6.44
4giu,5.33
2zda,8.4
4e3d,2.3
5a4t,5.89
4jfl,4.98
5elw,7.85
3lvp,8.7
5enk,8.1
4e4a,2.05
4okp,2.7
3djq,2.98
5jfp,9.32
4qjx,7.28
5fdr,9.44
3uu1,5.2
1kkq,6.62
2lsr,5.24
2byi,6.34
6ghp,9.36
1oau,7.7
2xp4,3.74
6oy0,9.3
6d5j,6.34
4dum,7.02
5w13,7.66
3ryw,6.24
1hi5,4.04
3mle,5.24
2h8h,8.57
3u0d,10.0
6dyv,10.59
5orz,3.36
5f1v,6.85
3nuu,3.77
2wih,7.35
2hdq,1.4
2wpa,8.1
6h7l,8.97
4ib5,6.25
5u48,6.33
5os8,3.98
3lgs,4.61
3psd,8.52
4mdq,5.92
3ohh,7.74
4hbv,4.64
6c9q,5.1
5ti4,4.59
2pax,6.74
5uey,8.29
6n7b,9.22
1kzn,8.92
2br1,5.14
6hb6,7.36
3s0e,6.55
3gi6,11.22
4o3a,2.59
2zif,4.37
4ga3,7.52
4zg6,6.33
5nmg,5.75
5azg,5.54
3p7b,7.74
5aml,9.15
3fi3,7.92
3wk5,4.82
6rvl,5.94
5eh0,7.74
5wyq,4.84
6n5c,6.43
2y77,6.6
3fzc,5.39
4i6f,8.3
5ea4,8.11
4or0,7.46
6pvz,3.47
5czm,8.32
3v7s,7.05
1yrs,6.35
2aay,2.92
16pk,5.22
4buq,8.14
6fpu,6.49
6hhi,8.17
3rhk,6.26
1uwf,6.82
3np9,4.4
2v77,5.06
4ht6,6.21
2gkl,5.35
5ak3,5.07
3jqg,4.74
4l5j,3.0
4g69,5.98
5w84,6.44
6gfx,7.92
5u4d,6.33
4nh8,8.52
4hld,9.3
5dri,7.7
4rr6,6.0
5v42,6.62
5mrp,5.52
6p5v,6.7
5e80,8.3
4xg9,9.15
5al3,4.96
2yns,7.6
6oqd,9.85
1o5c,5.22
6olx,5.38
3qzv,4.16
3n7s,7.7
2mg5,6.15
6g9j,8.39
6rz6,8.54
6htt,6.66
5tq7,7.67
6f5u,3.54
4wn5,7.41
6f3b,6.56
2ow3,8.52
5yso,7.4
5aba,2.98
5ody,8.4
1jq3,6.7
4prh,4.6
3hu3,6.89
6ggv,7.54
6ft4,6.63
3b1t,5.66
4urw,2.8
4wy1,5.29
6gj7,6.06
3bfu,6.27
6h7j,8.62
4qn9,4.41
4fn5,6.76
2e5y,5.85
2yol,6.89
3n0n,7.3
2hds,2.0
3t07,7.8
1toj,3.39
5q10,5.2
2wtd,6.68
3s8o,6.85
1p01,9.46
3tv6,8.32
2q7y,4.3
5u69,6.22
5y8z,6.21
2bbb,8.62
5llg,11.13
1oim,5.32
3t3d,4.91
6gzh,8.27
4mg8,6.48
5a5v,7.48
2v3e,6.52
4gh6,7.68
4hxq,7.22
2x7x,5.7
4ajn,7.16
4emf,7.08
2rgu,9.0
5cqj,4.81
3dpe,7.24
6chn,7.96
1kv5,4.22
3ihz,6.8
2vu3,7.33
3adt,4.55
1e5j,4.0
4bo2,7.3
4uco,7.0
6uf0,7.14
4fci,1.26
2bpm,8.7
3hqh,4.2
6a6w,5.43
4yec,7.6
1kak,4.59
4lj3,9.0
1pdq,5.3
2hh5,7.49
4hlg,6.51
1els,10.82
4na8,8.82
6d6u,8.21
5vnd,6.49
4bd3,4.54
5khm,8.3
1wug,5.8
5ier,4.89
5epk,5.74
4bsq,9.15
5c2h,11.09
3f17,8.63
2wxn,7.68
2pj7,7.77
2r8q,3.24
7gpb,5.52
2pnx,5.1
4htp,5.62
4n1b,5.96
3blu,3.46
4qz4,5.01
6m8w,6.22
5jjr,7.8
2fv9,7.22
5ey9,5.41
6ml9,5.3
5nhl,9.52
2q6b,9.52
3s6t,7.35
4m5g,5.01
1i7m,9.64
5hfb,4.57
2j7d,7.13
5a3x,6.1
2fw3,6.42
5knt,4.43
1akq,9.1
5mar,4.39
2w78,8.57
4u0c,4.31
1xug,7.05
2nv7,8.3
6gev,8.7
5j4n,4.25
3ehw,4.82
4uin,7.62
1swg,7.36
5t54,9.06
5akz,5.26
2r3t,5.85
4zyr,5.7
6md6,5.1
4da5,6.44
1ykp,2.96
6q89,9.85
6fzj,6.33
4whq,4.12
4kb9,11.0
5cap,7.28
3gur,8.0
1t5f,4.22
1at6,4.07
3uod,7.31
5aut,5.17
2qi4,10.44
4as9,4.79
5drq,10.92
1npa,8.7
4w9j,6.23
5os7,3.69
1pau,9.46
3tdz,6.82
4hvg,7.77
5f0h,4.48
4f63,6.3
2jbk,6.4
5o0s,4.24
5mnb,2.48
3i8t,3.22
2y2i,4.59
2q2y,8.8
4hmh,6.21
1gnn,5.68
3t6r,5.66
1x9d,3.96
4zwy,8.7
5cnm,6.81
3ogp,7.44
2z7r,9.52
5ehe,8.32
1qwu,3.22
6jpj,8.21
5ejl,6.62
4alx,7.28
2ow0,6.7
5o0e,4.53
4j04,4.96
1wuq,8.27
5mxv,4.92
6n0k,5.07
2r38,7.44
3lbk,6.04
3gzn,8.0
1ew8,2.26
4r1y,6.4
5n9n,9.39
2pvh,6.59
3dgl,6.6
4xkx,9.05
5h0e,6.68
1qbu,10.24
4gzp,7.84
4acu,7.39
4hws,9.1
3e7o,6.92
4d2w,4.51
5n3y,5.03
3afk,3.6
5alm,6.53
6ggb,5.39
3cdb,7.02
3u6w,6.92
6mo4,8.34
5o1s,3.65
4ega,7.19
2zdz,6.15
3kqe,8.09
1v2p,4.73
5bjt,6.3
1ff1,4.92
5gx7,5.56
6py0,6.41
4pzw,6.96
5btr,5.14
6qlo,5.06
5owh,5.92
5il1,5.82
4b81,4.92
4eqc,8.1
6h9x,9.74
3p50,4.62
1jzs,6.6
3qkd,8.38
6g9f,6.23
3th9,7.7
2f3f,6.72
5ni8,7.7
4mcv,8.89
6e91,6.62
3jy0,8.3
1lvc,6.0
2pgz,5.74
5ehr,7.14
2zb0,6.62
6g2m,7.82
4z07,7.99
5wxp,3.35
3h89,7.64
4xtm,4.57
2v57,7.1
3iux,7.6
2ym7,6.89
5wbr,4.77
4nj3,6.52
1jgl,8.7
1my4,6.98
6jij,6.64
5mi7,7.11
5mg2,7.77
5llp,9.24
6mxc,5.56
3fts,3.67
1c5p,4.68
5fi6,7.52
5i4v,8.52
4l0s,6.84
5mwa,6.82
5sz3,8.6
3qcl,5.4
3amb,6.18
3bxe,5.48
2fle,7.85
6idb,6.4
3gi4,10.8
4ob1,6.3
3zy2,6.46
5igl,7.37
2yme,7.66
5evb,5.0
2vmc,2.94
1wn6,4.68
1m74,7.0
1erq,7.89
5n7b,3.77
5w8h,4.63
3h0v,4.82
5t2m,9.2
4xuz,7.36
1a61,8.62
4xt2,7.15
3vi7,7.39
6ebw,8.6
5e90,7.85
3ms4,3.28
3u3u,6.88
5j6l,7.89
4wci,5.05
5y5t,6.68
6rfj,8.4
4f0c,6.27
4nnw,6.61
1pf7,10.14
5ose,3.17
2r3h,4.7
4rux,7.92
4xtw,9.03
5agi,4.34
1fzm,7.7
5j7p,7.28
6e8x,6.22
2i1r,5.01
3f8s,7.89
2n06,4.92
3ueu,5.24
4jx9,8.62
4gy5,6.82
5xvg,8.05
1joc,4.62
5ais,6.24
2xb7,9.19
3oka,4.72
1anf,5.46
6equ,6.38
2xxx,6.41
4mc9,9.44
5kbe,6.34
5twj,5.25
2qyk,5.48
1ai6,3.97
2c94,6.82
4qvn,5.1
5x4n,4.17
1pqc,7.0
6at0,4.04
4xty,9.21
1pb8,5.15
5trk,5.21
3sfi,6.4
5hm0,6.36
1q9m,6.48
3qak,8.32
3g2u,5.27
4ijl,3.87
1qf4,6.18
2uzb,6.92
1dud,4.82
6ps6,9.7
4hwo,8.54
2qn1,4.77
5v37,9.47
2aox,7.42
4af3,7.51
4f1q,4.95
4m5m,4.74
4x7i,7.69
5qcn,8.22
3zo1,6.0
5fl5,8.19
6nj0,6.61
5ko5,4.57
3b4p,5.4
4jpa,8.48
5akg,4.46
4ijh,4.33
5f9e,9.34
2v85,4.46
3khj,7.55
2g5u,8.49
5kup,8.14
6nzg,7.7
6fut,4.7
4b1c,7.1
4k6t,4.1
4n7g,5.66
5k51,4.8
4yw2,2.8
5du8,5.72
6s0e,5.5
4klb,4.16
1gqs,6.3
5os1,3.31
4kao,6.11
4hrd,8.82
6q7a,8.3
6dh8,9.84
4puj,7.46
4rfd,8.05
4l70,5.66
4x7j,7.39
1ikt,3.4
3e6k,5.15
2ylq,4.3
4dk8,5.74
5q0j,6.62
6nd3,4.59
5ih9,8.7
2zm1,6.66
4non,5.24
6ncp,5.74
6r8q,6.92
4x0u,7.4
3mg0,9.25
6buu,5.44
5ksx,5.43
2vo4,4.94
3udh,2.85
4nzo,6.77
3ctt,6.35
4ykn,8.0
5eml,7.64
4hgs,8.3
3ucj,6.0
3mxe,10.01
4y4j,2.47
6aah,8.41
1o4o,2.46
2ltx,5.39
3jq9,6.4
5nps,5.89
5a0b,8.3
4od7,5.08
2fie,5.46
3qio,6.84
3faa,8.15
6oht,6.45
6gnr,5.44
3s3k,4.01
5hu9,7.62
2jg0,7.82
3ixj,9.49
3i9g,8.96
6aqf,8.67
6qtq,3.72
4y2q,2.92
2g9r,6.08
1yej,7.46
4he9,8.46
2hz0,6.48
6ghv,4.28
3lnj,6.66
2yig,7.1
6ega,6.78
2mov,7.4
4bfp,7.82
5nk3,7.42
5ael,7.41
1vwn,5.82
3h8c,7.72
6bgg,4.02
3gpo,5.3
5dms,4.53
2k3w,5.24
3vid,6.21
3oag,9.51
6as6,4.82
5vp1,9.29
3vf7,9.1
4anv,6.36
3otx,4.53
6f8w,4.64
4ynl,4.62
5hyx,6.55
3ole,7.83
5ofx,3.96
5jdi,5.37
5t6g,5.96
5d1u,5.96
5afk,3.88
5bnr,6.28
5jlz,5.82
6g3q,7.24
3chc,4.09
5w5o,8.1
6qz7,6.49
1s50,7.2
2j6m,7.96
4y8z,10.4
4ke1,8.6
3t0m,3.94
2vti,6.18
1haa,8.7
1ntv,5.82
4qk4,6.6
4qhp,8.05
1rst,4.43
3gyn,7.21
6szp,4.74
5nve,7.46
6gu6,5.74
1o2g,6.12
5vsj,4.02
4zy5,7.59
1a09,6.7
4r3s,8.22
1jvp,5.8
1hrn,8.05
1ele,6.85
6eir,6.24
1f92,6.19
6oqc,10.4
6ccs,3.64
6g97,8.38
6b7b,2.89
6mju,7.56
3o5x,5.28
4ufd,9.68
4llj,3.42
4i0z,6.33
4jfw,6.34
1f8c,7.4
4g34,7.93
1hsg,9.42
5djv,7.11
2m41,5.1
5t1a,7.89
3wf7,6.69
1gt4,6.52
2w66,4.05
6d17,4.82
3q2j,4.18
5vsd,7.24
2r6y,9.49
1m4h,9.52
3kze,3.95
3nm6,1.35
4u0n,5.77
5ntk,8.01
2ly0,4.8
3pdc,7.49
3ijh,4.0
5nze,6.39
5o1b,4.7
3exe,6.96
1s9t,6.82
6bnl,6.96
6mey,3.32
6hop,5.62
3eky,9.64
2gv7,7.85
5joh,5.96
4rlk,5.02
1dth,8.22
4x2s,6.55
5uxm,5.44
5a2j,5.85
3uj9,4.63
5u14,5.34
4e3f,2.52
4f5y,5.43
5eqe,3.88
1jcx,5.15
4yp1,5.04
6gnw,4.99
5lj2,5.0
3f3v,7.14
1l8g,6.22
2hug,5.97
5eg4,7.68
4lph,5.04
3qt7,7.31
2w97,0.96
1m1b,4.66
4yps,7.12
1met,9.4
4x8o,6.6
5hg9,7.46
1yz3,8.81
3iok,7.96
5n1r,7.95
6nfg,4.11
3u7k,7.07
6f2n,6.7
6i5p,4.32
5fsb,2.22
3el8,7.6
5e13,4.24
3wb5,4.57
4r4q,5.09
5lne,4.76
5foo,2.62
1e3v,4.34
4inb,6.05
1z6d,2.34
5nxx,4.77
4zow,4.12
3u8w,9.0
5ljt,8.92
1epo,7.96
4gqp,9.6
4iut,5.72
2pem,3.64
6m9c,7.25
2fm2,8.15
5ewy,4.3
2p1c,7.68
3sov,4.21
6i63,7.01
2xpk,11.3
5wdj,6.96
3wff,6.18
5idp,7.35
5oua,5.57
2pj6,7.31
4nni,5.5
4m0y,6.46
3c7p,10.0
4f39,5.7
3ava,4.4
1cim,8.82
6fzm,6.04
3a5y,7.96
4x6p,8.3
3sl5,7.66
3uxm,4.7
4mq2,7.01
1gwq,7.12
4nus,8.3
4r4c,5.54
2rcx,9.0
4o0v,8.48
2e1w,7.96
5hdx,7.32
3arr,5.4
5ma7,3.47
4apr,6.7
5anv,9.3
4kxb,4.12
3iu8,6.24
2g71,7.46
4b6u,5.11
1nzq,7.96
4p10,8.1
4inh,6.25
3gk1,4.1
1waw,7.89
6hsk,7.03
2r1x,4.8
1e00,6.1
6if0,6.51
6cn8,7.2
4i71,7.74
6o3w,5.12
6h3q,7.14
2vgo,6.3
3q6k,8.37
5oq6,7.56
4gzf,8.36
5dhg,9.14
6i74,5.47
6pgx,9.21
3djx,2.81
5nqe,6.15
6oah,5.82
2wa4,4.74
5d3t,4.92
6gg4,3.69
3wb4,4.44
2r3p,6.05
5ets,5.91
3rup,1.57
4bb2,7.07
6bt6,5.91
1qng,7.89
4k66,3.26
3fee,6.64
4n7m,5.47
2ca8,4.66
5mra,8.0
1way,3.4
5w0l,4.74
1bl6,6.8
6cen,5.49
4pyn,4.52
5xxf,5.74
1o5g,4.96
5ouh,5.67
5l8o,3.38
6bh1,7.22
5k09,6.0
4q6e,6.18
2p15,10.3
4zx4,7.11
3axk,4.15
6nzp,9.7
6cnj,8.11
4el0,4.49
4ciz,7.29
3way,7.66
5th4,2.85
4j6i,8.85
3n5k,9.7
5csw,8.4
2or4,5.02
5lif,5.87
5ygi,7.05
5kya,8.22
4jt8,7.48
3kgp,2.57
6eb1,5.33
3ud9,4.67
6drt,4.97
1lhw,9.08
4z90,4.66
2avi,15.22
5znl,8.77
1v0l,7.55
3h03,3.87
6ds0,8.66
6iht,5.21
2y9g,3.77
1bkj,6.77
4pyy,7.23
4mmf,6.53
1c86,4.7
4gjd,8.52
5mhp,7.82
2y67,3.53
6oou,11.3
2qrk,4.26
4xjr,5.32
4r5g,5.22
2z52,5.57
5wr7,8.96
5mts,7.15
5l7k,10.37
6qqu,5.3
6nmb,2.7
5uov,10.6
4jsa,4.96
4ydg,7.82
6i75,4.64
2yq6,7.35
1thr,5.38
6hp9,8.25
3hv4,6.51
3pb8,5.24
5v0n,7.17
4r75,7.24
3zmi,5.95
3jzc,8.53
4ks4,7.14
3d67,4.96
6ezq,4.66
5n8e,5.33
2cgr,7.28
4zba,5.51
5g5z,5.66
5em5,6.58
3pe1,9.65
1tft,8.3
2ctc,3.89
4qjr,7.1
5q0f,9.89
1zsb,0.6
3qx9,4.05
4kc4,3.23
5w38,7.33
6dvm,8.52
3biz,7.24
5ze6,3.35
6ic2,6.04
6e7m,6.66
3l5b,3.91
3wbl,4.64
3are,6.21
2j34,7.82
6i4x,4.9
3sxf,8.6
3kdt,6.59
2j2u,7.33
2k2r,2.89
2ze1,6.22
3fc1,8.0
5lhi,8.11
1dzp,5.44
3bu1,8.15
4gql,9.59
1c83,4.85
1i48,5.7
2lwi,3.11
6g8n,5.84
4np2,2.26
3qdd,8.77
3wf6,7.48
1n0s,7.45
1d6v,6.17
4cl6,5.39
2dq7,8.32
3sl8,6.54
3tti,8.22
4clp,1.27
5j64,6.85
3wto,6.92
5clm,7.36
2cbu,5.68
5hg7,8.4
5l2w,6.68
4ofl,7.66
4i72,9.05
1oiu,6.68
2e27,9.35
3hcm,3.3
4bc5,4.6
1uw6,7.34
6c0u,5.99
4lm2,3.03
4jjf,8.0
1wxz,8.07
3sxu,5.05
3vap,8.4
6nng,4.23
4kcx,4.43
5xij,7.3
5mhq,6.96
6b4h,8.52
4zx3,7.19
2w8w,2.12
5aiv,6.19
3dgn,6.21
2er0,6.38
1o2q,7.68
5v88,7.55
5ajw,6.98
6frf,7.4
2w26,9.4
3l4v,6.72
2weh,5.95
5jan,3.01
6guc,7.6
5yg3,7.85
2v5x,6.66
1uj0,4.57
1ulg,4.21
2jdp,6.6
6f5w,3.83
4gg7,8.2
3n7a,3.7
3qzq,5.64
3qem,7.22
5ow8,5.16
5hjd,5.24
4y0a,2.31
1cr6,8.51
2y55,3.87
2gh9,6.0
3bzf,4.52
5q1i,6.24
5nk4,8.7
4gtv,7.42
4drn,5.24
4ymb,6.21
2uwo,8.7
6qw7,6.33
4b3u,5.33
3wch,7.05
3qkv,7.44
1ony,6.77
5a4c,8.24
1no6,4.41
5zml,8.11
4h4d,6.82
6g92,4.12
6ary,7.6
3veh,4.96
3q43,7.37
3qxm,7.48
2rqu,4.63
3cbs,7.24
4eym,4.01
5xs8,5.41
5dva,3.55
4bci,8.22
6q8a,8.01
4eo8,8.15
2f9u,7.39
1gjd,5.22
4z7h,6.66
4o3c,2.59
3bux,5.63
3v9b,9.3
5xst,7.57
6mnf,5.89
6gy5,4.86
6evq,2.0
1lah,7.52
6ggd,5.59
3h3c,6.85
5q0z,5.85
5lgp,7.04
2i4u,11.57
1mqg,6.28
2wyi,4.74
2y7w,4.98
5iez,7.64
3t03,6.8
4hlc,6.76
1j81,7.1
2kmx,4.08
6mv3,3.33
4g5y,2.77
5c4k,4.56
1b52,7.12
1jqy,4.92
4cd6,3.59
2v11,8.52
1y20,5.32
1dwd,8.18
4jhq,7.74
4dho,3.93
3u81,4.44
6pxc,6.37
5m6f,6.66
4jsc,7.13
5dyt,7.6
3rxb,2.66
6f5l,9.19
6dh7,9.88
6elo,6.29
4q93,4.65
1px4,3.23
4mzk,5.31
5fos,5.74
6mla,4.38
2o4j,10.1
3u7m,7.45
3qk5,7.74
5trs,8.0
5gut,6.29
4ir6,6.08
2xbx,7.82
5tw3,8.7
4lrr,5.22
5ja0,5.22
5v5n,8.02
4lzr,4.7
4gkc,6.82
1fl3,6.8
2i3i,7.3
5j7j,5.07
2vcx,7.68
2qnx,5.62
2q9m,7.21
3f9y,4.49
2bmv,2.0
1om2,4.7
1sqa,9.21
4p7s,7.42
4zly,5.46
2q1j,9.1
2z4b,9.36
5a6x,6.69
3spf,3.86
4ea2,6.44
2eh8,7.96
5zef,1.75
4zro,6.16
2q9y,4.44
3dpo,8.26
2b1v,5.74
1o35,5.0
6c4d,9.04
6ewe,5.51
5he7,8.3
6mo9,5.81
4eg7,7.34
6mln,7.54
3e9b,5.35
6bqg,8.93
6qr7,7.15
3py1,6.89
4q8x,3.57
2jsd,7.77
5f3g,6.9
1n9m,10.96
4c2v,9.0
3tay,3.38
2hvx,7.54
6j6m,9.52
5vzu,5.57
2wkt,4.31
1vfn,5.6
6axp,5.07
5f63,7.92
5wb3,7.22
6qr1,5.07
5ho6,6.69
1bzy,8.34
4cfx,5.06
2oah,7.96
3ske,7.77
4cjn,4.76
6qae,8.52
6emh,6.08
6a8n,7.82
3p17,4.48
1m0q,3.89
5i22,7.62
4pyo,4.52
1mhw,7.35
4i6h,8.3
2g2r,7.89
1g98,5.7
5hz9,7.03
3bkk,6.08
5t3n,8.04
3r91,7.04
3v5t,8.22
6hzp,1.98
5ld8,8.05
4p0w,5.96
4und,8.96
3l7c,2.44
4uja,9.05
1hs6,5.38
5a3n,7.72
2pqb,7.2
3po6,7.06
4zw5,4.43
3as3,3.8
1ejn,5.62
4tsx,4.99
2hmh,7.15
3at1,3.18
2xa4,8.52
1y3p,4.82
5uwf,7.23
1bqo,7.74
4elh,8.09
4trw,4.14
2xs8,4.61
6dtw,8.26
1o8b,2.68
5he4,7.7
1utj,3.84
1tt1,8.15
3l3x,6.15
4bo6,6.74
3voz,6.85
3vf5,9.34
4c94,5.05
3e90,7.39
3n76,6.85
5z9e,3.48
5n1s,7.99
6oxq,11.3
2imb,4.22
2wpb,2.89
4wmv,4.03
5lg3,3.8
3lxl,8.3
4b2l,3.24
6mt0,10.3
6n0p,8.89
4btl,5.6
5xvw,5.48
6fug,4.3
3aau,5.05
6orr,9.3
4rg0,7.3
6ipm,3.69
4ztl,5.92
4jyv,7.77
5oug,2.77
2xk8,5.62
4qgi,3.9
5yjo,7.17
4pf3,7.29
3llm,4.74
3r5n,5.78
5lce,8.04
5im3,5.82
1b57,8.0
3owj,6.07
2v12,9.05
4mg7,6.36
4tw7,7.59
4a7i,8.7
4psq,6.36
3zt3,2.86
2zv2,6.3
5c7f,3.98
6seo,4.74
3bxg,4.96
1o0f,5.3
1u2y,1.74
6qwa,6.59
2vip,5.28
1uym,6.0
5k9w,4.59
2x6k,5.64
3wv1,11.41
2cbz,3.93
6hzc,8.93
5fdg,6.37
5vdv,4.0
1yms,5.92
3dcv,8.52
3fck,4.0
5dhh,9.18
4z6i,6.31
5lgu,7.66
3iqq,5.54
5ox6,7.54
3fxw,5.96
3wyk,7.64
1o3c,7.13
4qtl,6.92
1zsf,9.92
4gkm,5.17
5cf6,8.09
2ohp,4.03
6g93,7.96
4myq,7.49
4len,7.4
1e06,5.6
3a1c,4.0
3soq,4.57
2zv9,8.05
5nr7,6.02
3zmv,4.26
5u1q,5.96
4hso,4.66
5vij,7.61
3qnd,4.85
4qb3,5.47
4fiv,6.52
3nht,7.01
4ymj,7.0
4umc,3.44
5dhu,6.3
4kow,4.31
5o48,4.7
1cze,2.62
6eif,6.98
5w2q,6.88
5afl,3.4
5zc5,7.06
5aac,8.89
6mrg,7.55
2p7a,6.1
6o9x,6.05
2oz6,5.26
6ckl,3.89
5ypw,4.64
3wqh,8.48
5hh4,5.96
4dpt,7.3
4z0e,5.3
5fs5,6.69
4y63,3.58
6eo0,6.43
4nkt,5.97
1kti,3.43
1o4p,2.6
4ewn,6.7
2lha,5.19
5kbh,6.26
3fr4,6.19
4m48,6.81
4b35,2.89
4yhf,8.34
5zbz,4.95
1ouk,9.89
5jzn,5.96
1qnh,6.06
6s7z,5.66
3i73,5.49
1jrs,6.4
5w8v,8.22
2vtp,8.52
4oba,9.4
3coj,5.28
5i8b,6.96
2h5a,5.1
5tef,5.4
1tlp,7.55
6eq4,5.62
4gmc,7.74
6i8y,6.74
5eue,6.77
4mz4,7.89
2x6f,4.59
1hqh,6.3
3ooz,7.85
2pks,4.96
1d4l,8.77
5vsb,5.12
3rj7,7.6
5om3,4.1
3h59,7.89
1s26,3.07
5ejw,3.3
4bf1,8.62
3lc5,6.57
1h5u,6.75
4y6r,5.48
2avv,9.26
3n46,4.3
3rtn,7.13
3szb,4.92
6eq5,4.74
5jas,5.77
4mxc,8.17
5aom,2.9
4igr,7.2
4g0p,3.01
1nm6,10.05
2jqk,3.4
3hrb,7.68
1rhk,9.11
4umt,6.14
1p19,4.11
6djd,2.14
1yw2,6.85
4c72,5.09
2xd9,6.46
3hb8,5.12
3iu9,6.62
5yl2,4.5
3g0w,9.52
5z1c,2.86
2vtr,5.82
6d3z,8.92
1q6m,7.89
5esq,5.8
2vio,4.4
2ay4,2.91
4k2f,7.4
6dz3,8.89
5oku,6.26
4c4e,7.6
3l79,2.46
2prj,4.49
4b7j,7.95
6b1y,7.4
4og3,6.55
2mps,5.41
6h7d,5.49
4isu,3.68
4bkt,3.62
1em6,8.22
2ya7,3.14
3v5q,7.4
4i7d,7.0
2wj1,8.72
6oim,7.05
6qc0,7.24
5lpm,5.56
4mx0,6.73
6cwh,7.54
2i0v,6.8
3b7j,5.17
2qhz,7.28
1yyr,6.29
6gbe,3.5
3chf,5.37
6mx8,9.43
1w5w,8.8
1yc4,6.55
4pop,8.13
2xu3,6.8
5k48,6.6
2oqv,8.4
3e3c,5.62
2jbp,8.07
5etb,4.54
4wxi,8.08
3tww,5.38
5v3h,8.3
3bm6,7.59
4xwk,4.63
5etq,6.48
5iw0,7.22
5lvx,7.25
6e23,10.0
5eiw,2.05
5zfi,5.92
5izj,11.52
5nkb,9.12
1b9v,3.65
5a2k,6.35
5jnl,6.57
5tku,9.8
3g9e,7.72
6cjw,5.74
6cyi,5.04
2evm,6.16
3qtx,7.15
1v16,3.87
6cdm,9.09
2hk5,7.34
1rdn,1.84
3da9,5.51
2aof,4.55
3n8k,4.05
4nl1,3.89
4dfu,4.6
4jog,3.72
3ukr,4.92
5i56,7.32
3mwu,8.05
3g0b,8.15
4twd,5.08
1bnq,9.49
4kxm,5.59
1o38,6.82
1ym4,7.41
3ee2,4.19
4uil,7.24
1m7i,5.4
1br8,4.74
6h7y,9.46
5vdt,4.68
6qme,4.36
6nsv,7.8
1y8p,6.08
2uw6,6.55
3rlp,7.08
1af2,3.1
2uy0,6.92
6iiw,5.66
3uex,6.92
6ma3,8.3
1u0g,6.15
4ibd,3.67
1td7,4.37
3b3w,4.19
4p6x,7.04
4jjm,7.57
5tnt,8.31
3kc1,9.0
4auj,7.74
4mbl,8.54
2cnf,6.62
5m2v,5.4
1e1y,5.6
1h1s,8.22
3wti,5.9
3i4b,8.15
2c69,4.59
4bch,7.66
5q0y,5.73
5u2e,6.56
5ee7,9.21
4b70,5.2
1f74,3.05
5gsa,7.09
3s3m,7.4
4e3b,6.05
1ftm,7.61
4uiy,5.6
3skc,8.8
5nrf,6.79
2xsb,4.96
6egs,3.59
4dcs,5.1
5iaw,4.81
3e7b,9.8
1icj,2.22
4kbk,8.18
6ek3,6.48
1olu,4.41
6hke,7.68
4ekg,8.77
3ccz,7.29
1bmb,6.15
4um9,8.07
1cnw,7.72
6ak4,5.46
2hwi,5.52
1bxq,7.38
3k97,8.0
6udu,9.3
6hoy,4.48
3fu5,4.12
4nwc,5.76
5t4b,9.38
2p3b,8.48
4jr3,6.66
5ddf,6.17
6i17,6.6
4rn0,6.59
3l6x,4.4
2vqt,6.0
6j0g,5.64
2qta,5.76
5vfm,3.82
3ozp,6.62
5wtt,6.6
5u0f,5.47
2weo,6.93
3ddp,7.14
2cng,6.96
4ibe,4.15
3owd,7.52
6qw8,6.4
3e93,8.85
5d21,8.38
1pk0,7.57
3p9t,6.2
4j0p,7.29
3gbe,5.0
2y7x,8.89
3ozs,5.33
4p44,7.8
2n3k,6.8
6uwv,8.0
5lz5,6.35
3myg,10.7
4lte,7.22
3m40,6.77
4ycw,5.68
4rz1,7.4
1x8s,5.1
4s3f,6.24
1ppk,7.66
1ny2,2.76
5q16,7.87
6ety,8.05
2vh0,8.51
6mnp,3.71
1a5g,10.15
3h2o,4.59
4mvw,7.55
5alt,4.88
4lnb,6.56
6axb,6.3
1w1p,2.3
4fil,7.47
4gnf,3.35
4xv3,7.92
4e20,8.22
4ydn,8.64
6b1f,8.72
3zep,7.66
6m7i,3.41
6i96,6.68
4bpi,6.17
2nsl,4.68
4qxr,6.0
3jxw,9.0
5u11,5.35
3rxg,2.15
1c87,4.2
3f7g,7.37
5uhi,8.04
4xu3,9.5
5tkb,7.89
4zzx,6.9
4y3y,2.35
6fv4,2.92
4zcw,7.37
2mwo,4.7
5hj9,5.85
3wdz,6.92
4u7q,9.74
5l17,9.3
6h33,9.22
6cv8,3.17
1h46,3.57
6md4,6.16
4b8y,8.05
5a0a,7.7
6aud,6.22
4jv9,5.74
3o4k,7.62
1g2a,8.0
2q8m,4.03
5nw7,5.77
6el5,6.88
2xln,4.48
6mu1,8.1
4pv0,9.07
6fgg,4.77
1rjk,10.0
1uze,8.9
1om9,4.15
6bj3,4.77
2qyl,6.19
3shb,6.03
5btv,3.85
2j75,6.65
5k00,8.15
4btm,5.39
4ej2,2.49
3hl7,7.64
4mvh,8.35
3ekt,10.59
3eyd,9.7
4ps0,4.04
1c3e,6.59
2oq6,3.6
4uda,7.59
3ffp,7.14
5zyl,7.06
3zm6,6.52
2xx5,6.7
4m8e,7.89
1q4k,6.55
1nvq,8.25
1i41,4.57
6e59,8.67
3wdd,6.11
4mti,8.92
1j19,7.79
1q4w,6.46
5f5z,7.07
1qf1,7.32
4bic,7.3
5gja,5.55
5tjx,6.82
5yc3,4.85
1eou,7.44
3vw0,4.67
1ydr,5.52
5ne1,8.28
6qyl,6.08
4ie7,5.05
2yhy,5.6
4g31,9.4
3e0q,5.89
5zh3,4.67
3fl9,1.11
5f39,5.1
4g16,6.85
5fao,7.96
6n0j,5.37
3mtd,3.47
3kwj,9.3
5cte,7.8
2ykb,5.96
2vi5,3.96
3lxg,8.14
3c8a,6.18
6cee,4.19
1tbz,9.8
6dpx,5.89
3g6h,8.19
4mvy,7.54
1mzs,5.15
4ef6,2.92
6mlp,3.7
2aow,7.42
3db6,6.14
6dqa,6.44
1xnz,6.62
4dn0,5.72
1y91,7.23
2cbv,5.48
6oxs,9.96
6a9o,5.24
5xyf,5.98
1ocn,6.39
6epa,5.95
6hrq,7.09
5nne,4.71
4tsz,7.0
5etf,3.79
2wks,6.89
3djp,4.2
2r5q,8.57
2fde,9.15
4qtb,6.7
2y8o,5.12
3el0,7.47
4zxy,6.4
5uuu,7.74
4ehm,5.85
4ovf,4.13
4djx,7.23
5l4j,4.28
6rj5,6.52
4xsx,5.0
2itk,7.69
6bh5,6.6
3zbx,8.22
3b1m,8.48
6g5j,6.7
6ert,5.23
3g19,6.67
5vlp,6.08
6pk7,4.72
4rd6,6.28
1bjv,5.54
2m3z,6.57
6bin,6.34
3cj3,4.24
3h0q,6.07
2b1r,1.0
1vj5,6.92
6sq0,9.1
5z5v,6.54
4g68,7.92
2zp0,7.6
2e9a,6.04
6fo8,7.74
5mym,5.41
1cp6,5.0
3vhe,8.21
5i3a,5.05
3mke,5.66
5lsx,5.92
4rlu,4.82
5kqd,6.3
2vmd,3.02
5ndb,4.66
4qnb,6.59
4xcb,5.47
3s73,8.7
3fvn,6.77
2zwz,7.79
4pd8,6.03
5cy9,6.66
1inh,2.3
1k1y,3.22
1xmu,9.08
5j8u,6.47
6agk,5.58
4mra,4.47
5k7h,6.0
3ccn,6.92
2za3,3.68
2cbs,8.22
3lcv,4.74
1h5v,3.93
4zek,5.66
1ggn,5.51
5ods,4.33
1o0h,5.92
5kkr,6.92
5hx8,10.0
5g4o,4.43
1yid,5.0
3b8h,4.2
4ogv,8.05
1fq5,8.4
6dpz,3.59
5jao,4.0
3k3b,6.7
4i67,6.35
5dyy,7.24
4m5o,6.42
5iuh,6.4
1gah,12.0
1nkm,7.3
5fdz,5.17
3obx,3.89
5llm,5.35
3m11,7.37
2w7y,6.08
4ec4,7.6
4bnz,6.59
6bsm,6.8
3hfj,4.44
5ox5,5.59
4uiw,7.3
3rvi,7.96
6nti,4.57
1akw,8.59
2jiw,4.59
6c2x,4.76
4eoy,6.49
3qtw,6.19
5y20,4.52
3o2m,4.8
5uor,8.2
6qgk,6.7
1sl3,11.85
1qbr,10.57
1r1h,8.92
1owd,8.2
3wd1,7.66
5mwj,7.61
4i0d,6.21
5hk2,8.59
2ri9,3.22
3g2h,3.82
4zmf,3.96
3fci,5.89
2vw5,8.52
5n18,5.68
5jhk,4.64
6ql1,6.48
2a29,2.85
2oi9,5.7
1z1h,8.4
5lz2,3.0
5hkm,7.89
1ua4,4.22
3tt4,8.28
1zsr,9.82
5izq,8.52
1gai,8.0
2er6,7.22
3lqj,5.37
4alw,7.57
4uu8,6.54
6n5g,7.0
6jn6,7.15
1e37,3.7
5c11,6.47
5t1t,7.24
3v3l,6.43
5km1,6.18
1mfd,5.31
1wss,7.77
6gga,4.85
4daf,7.12
1il9,3.4
4o7f,4.89
4uiz,4.7
4qga,7.92
5mb1,6.6
6hoq,6.39
2r9x,4.85
5hd0,8.4
4oc5,7.07
4w9e,5.15
5y0z,6.34
3i1y,8.15
2xf0,4.52
1apb,5.82
4fxy,7.54
1jik,9.7
5od5,7.74
2vnt,8.0
5itd,6.58
2jdn,5.56
2ewb,6.1
2o4n,7.82
3tia,8.51
2avm,5.7
5h21,5.19
6h37,8.59
2pwc,6.57
5tza,9.0
5eb2,1.11
3imy,9.7
4bo7,7.0
2fky,8.59
1dg9,2.74
2f7p,6.6
5dyo,10.21
4qev,7.66
5a8x,8.19
4qzw,5.15
1gz3,3.7
1bwb,8.42
5cs3,2.15
6e3m,8.64
1c1u,8.25
6p11,6.05
4a6s,5.2
5mk1,3.88
6eqs,6.43
4l0t,7.18
2vj8,8.7
6qxs,7.13
3mam,4.12
2rc8,6.52
1r5v,4.48
4in9,4.97
1o3l,6.54
5ywy,7.23
5mte,6.78
3tki,10.3
6cf7,7.91
3wtl,7.04
5ff6,5.02
5t2b,8.3
4zvi,6.33
4xbd,6.4
2w17,8.7
6h4y,7.11
2w1f,8.23
4k42,6.55
6qtx,4.41
6r8o,8.22
4u54,2.06
4i31,9.32
1s17,8.3
3mxc,6.54
6msc,7.68
3o1g,9.0
4ps5,6.54
4qo4,8.3
4kz0,5.38
3gwu,4.71
4hdc,8.92
2iw6,6.85
4mr5,6.6
3fdn,7.48
5xjm,9.37
2vl8,4.52
3o8h,6.24
3sm0,6.13
5n8v,6.68
1c9d,6.3
4z2h,5.08
1k1o,6.17
5b5g,5.25
3nuy,3.46
4i3z,4.29
5v1y,8.15
3fq7,2.52
6ocw,8.15
4hfz,5.72
3r7r,8.74
3nc4,4.58
1l2z,3.69
2uue,6.13
5kks,8.7
3f88,8.64
3odk,3.14
3udp,5.22
3ur9,6.31
6otg,7.5
3obq,3.54
5cgd,9.3
5dnu,4.11
5yr6,5.34
1zub,6.57
5nvz,6.77
6p84,4.81
6k4r,5.84
4rpv,8.52
1zfk,7.92
2ko7,5.19
3iqi,4.41
5jyo,8.52
4i8x,2.64
4zur,7.17
2yi0,8.12
5zo8,8.2
1zom,7.52
3o87,7.6
3zyu,7.0
4py1,7.19
1if8,9.64
2x0y,4.6
6pg8,3.85
6k4t,6.02
2i4w,11.59
2pjb,7.72
1h4w,4.66
4n3r,6.82
4c1w,9.41
5nsx,6.4
3otq,7.39
4eky,3.52
5i23,7.29
2vwz,6.1
4h2m,5.21
5fqt,6.8
5dgw,11.05
6gu2,5.8
5q0l,5.36
2jt5,7.74
4k9y,6.95
2aie,5.66
1o4r,2.41
3hx3,8.0
1g7v,6.4
4yyi,4.19
4wf4,3.11
3kqb,9.3
4rhy,5.95
3s53,9.64
3vbg,7.48
4hby,5.36
6qfu,7.46
4mzl,5.62
6h4z,7.64
5bnm,4.82
2wzf,7.0
5vpm,8.8
4pku,4.52
4yh4,4.59
3psl,6.89
5t8j,9.0
3t7g,5.2
4wi1,5.3
3fc2,9.06
1p6d,2.94
3pjc,7.57
4mga,5.86
3vbw,5.22
4v27,6.66
3shj,7.47
5f4n,8.66
5kdr,8.3
3kpw,4.85
5d7r,7.89
2y06,6.1
2h2h,4.98
3vrw,9.39
5d1s,5.02
6s4u,7.76
3qxd,6.15
1ork,8.81
5myd,4.86
4oho,7.77
1utp,1.44
4q1e,8.17
1mes,7.7
3omc,5.0
5v82,10.15
3iae,3.89
5u13,5.41
3mtb,4.63
4ytf,8.15
4ty1,9.26
6ift,4.68
4tzq,6.52
6g35,7.76
5kww,8.13
4j17,7.27
6afh,6.12
3dya,8.52
3h0e,8.15
4c1g,5.14
4b05,7.58
2gtk,6.6
4omd,9.01
1qyg,6.85
6mum,8.41
4zw3,7.57
6rhe,4.13
2xhr,8.32
1sbg,7.74
3fyj,8.3
4kz6,3.1
3vtb,9.3
3liw,7.6
1d3d,9.09
5vfc,9.05
4tju,5.44
3ua9,7.25
5o83,7.96
2c1p,5.4
5cyv,4.96
4eol,6.05
4o4r,6.06
4b3c,2.68
3hnz,7.72
4m5k,5.23
2w0z,4.03
1tze,6.83
4jal,4.6
4ikn,4.85
4yz9,7.7
5jog,8.24
4cpy,6.31
1ove,9.13
1a8t,5.8
9abp,8.0
3kqa,4.85
6jfk,4.84
1gwv,2.57
5wev,6.82
3f8w,4.08
4loh,6.96
3b78,4.1
2jiu,7.56
5f1l,7.68
2ccb,7.45
3i60,8.7
1tuf,4.05
1wm1,6.3
6i8z,7.8
3hp5,7.15
5zyg,5.21
4e3m,9.7
3sc1,4.38
5o0a,3.24
2pk6,10.89
3cfs,5.96
4uct,3.12
1qbn,5.85
3ril,3.84
2bu5,7.78
1t29,6.05
2qdt,5.19
2o22,7.17
4xir,6.94
2w71,6.48
6h52,7.17
4qh8,4.89
5ut4,4.38
4d2s,7.7
4yes,8.02
5dp6,4.83
4e67,6.48
2ima,6.52
1dkd,5.7
5exm,8.2
6ia7,5.7
4x6o,8.72
6hv2,4.28
6g6x,4.88
1oth,7.0
3g4i,9.04
2fw6,2.92
4mw2,6.7
2bve,3.67
4j3e,7.06
6dyn,3.19
5k4l,7.3
4dr9,8.0
4nmt,4.85
5cs6,3.2
4ewo,7.36
4xhl,4.43
5m4f,7.89
1hiv,9.0
3oy1,7.8
3r2a,6.12
3n87,4.96
5vc3,7.11
4i7p,3.5
6iam,6.85
4el9,5.36
3hdk,4.76
4lp6,8.27
3zlw,3.7
5uwl,8.03
3deh,6.83
1bq4,5.22
6da1,5.05
4j5c,5.52
4q4q,5.79
5dh4,7.24
5ll7,5.61
5vih,7.49
1xp0,9.0
2v7a,8.3
5emb,5.2
4v01,8.11
6gmd,3.69
3nq3,3.78
3vye,8.11
5fnt,6.17
4mwq,9.1
2rin,4.0
5aes,2.89
4jk6,7.19
3zlx,3.8
4yc0,4.13
2aez,2.46
5upz,9.2
3l7b,2.4
1njj,2.1
1tog,3.22
3qbc,4.97
2xey,5.19
4e96,6.66
3uwk,4.24
1qf2,5.92
2qrp,6.2
6a05,4.89
5kr0,9.15
3of8,9.22
3hyf,5.92
1kel,7.28
2p3c,7.62
1clu,8.27
3m3c,4.06
6mul,8.2
6kmj,4.79
1g3d,5.55
6eq6,4.82
3bea,8.15
5eou,5.36
3r8u,5.3
5jyy,8.1
4mr4,5.94
6euc,3.77
3q4j,6.21
5bpa,9.0
3jup,5.58
4z8a,4.76
5c3k,3.96
3fzr,7.96
1u9q,8.33
1obx,5.72
3ryx,8.14
6e5t,6.55
3qxv,8.4
4azg,7.1
5nho,9.52
5cuh,4.62
5cao,7.42
5hki,2.8
4tkb,5.59
3qyy,5.08
1uk1,7.22
3vi2,3.77
5ml6,9.45
6hgx,7.11
6m9t,7.7
4x7h,7.38
4owo,4.47
3chq,7.7
1c12,8.72
5ove,6.35
4u0a,4.3
5fng,2.96
1qw7,3.6
3l13,7.82
3m36,9.82
3nw9,9.0
1fkn,8.8
4i5h,8.7
4luz,4.7
4e1e,6.31
2q1l,7.91
6bgu,6.28
1sdv,8.74
6iot,5.24
2v3d,3.94
5ggn,3.66
3wsy,6.36
3tyv,8.1
3atv,5.34
6dgy,11.3
6ugn,6.12
6d18,5.85
6lpr,7.3
4pjt,9.24
6f8r,4.7
4emt,5.3
4xm6,4.05
1gyy,3.64
4dff,7.46
1y3g,7.4
4pum,6.73
5ttg,7.34
4ywa,7.55
5nhj,8.27
3ah8,9.82
3el5,7.72
6kdz,8.54
6rtw,6.43
1jqd,5.16
4ko8,7.15
6uyx,6.0
5n1p,4.6
3d83,8.36
4jlj,6.13
4l0i,6.57
2p8n,3.15
4ab8,3.87
2e92,6.89
4j48,5.62
4x8p,5.48
4c3k,4.97
5htb,6.77
4qd6,8.64
4oeu,7.66
3mt7,4.03
4u69,4.26
1o2z,6.11
6cdj,11.7
3d0b,6.54
4ivk,3.85
4kn7,7.62
6peu,5.89
2wf1,8.7
3exf,6.54
3kv2,7.32
5tg4,3.32
4j0v,7.55
1idg,7.19
6fba,4.7
1o2x,5.85
4lkj,6.7
6m7h,4.7
3uo5,7.41
1bzs,8.0
3o86,7.15
1k03,6.0
6hmt,7.04
6b5j,7.1
4agq,5.01
5l6o,8.22
3kry,10.0
4u3f,8.39
3lle,4.97
4rn4,6.94
5hpm,7.13
5sym,6.55
6qha,5.3
4yjl,5.96
3usx,5.02
1lhf,8.09
5iwg,6.46
6mvu,2.89
3vqs,7.75
2wmx,6.07
2rok,4.35
3ayd,4.19
4ayv,9.17
5i80,7.21
5cf5,8.6
5vqx,6.32
1ugx,5.91
1hp0,6.7
3vzv,8.04
4mcc,6.25
2k31,8.7
1kr3,5.0
6o48,7.12
5l2y,9.85
4gfn,8.3
3tge,10.15
3fv3,9.52
5hrw,5.48
5hvs,7.15
6g3v,6.04
2rjs,2.28
5wii,4.49
3q7q,5.65
1hv5,8.3
5xmu,7.51
3fnu,6.16
6c67,5.92
5fi7,7.4
6drx,9.24
4qz5,5.26
4nj9,6.97
3fsm,7.0
4k5m,3.71
1n3w,6.96
2hr6,4.82
3duy,5.85
6dj7,8.72
6co4,7.57
2h5i,8.89
6n83,6.27
4lwh,7.57
4mnx,4.75
1pi4,7.43
1nje,3.8
6d78,8.74
6hhp,7.49
5zys,6.27
5wqa,7.96
3gw5,9.33
4ymx,7.1
3gs6,6.59
6b2q,8.05
2gnh,6.83
4ith,6.5
3vsx,8.85
4azi,7.45
4m3q,7.77
4r73,7.64
3bbt,6.15
3tv7,7.52
3fu3,2.84
2znu,8.11
2p4i,8.0
4qz7,5.65
4yxu,7.24
4g3g,8.43
4dhl,4.48
6r1b,5.44
4fse,7.4
5ap0,8.26
2xp2,9.0
6d40,9.85
4owv,4.35
4z5w,5.81
3ql9,6.3
4xt9,6.8
1flr,10.0
5c3p,4.46
1w96,8.41
4jg8,8.6
6bgz,6.39
3ftu,3.61
5gtr,7.17
1kmy,5.1
6hni,4.03
1qja,6.38
2tsr,7.54
4dgn,6.46
4isi,8.14
2k46,4.58
4c6z,3.45
3nal,8.1
3u0p,5.68
6b1h,8.72
5khi,6.77
5mk9,4.42
2xne,6.72
6ink,6.57
6un1,7.89
4fsl,7.7
4j46,5.28
5j3s,7.72
5y61,1.72
1jyi,4.0
4l4v,5.78
2byp,9.06
1w6j,8.19
1njs,7.82
2fo4,7.22
5uiq,4.26
1xpc,8.77
1jao,5.92
3m57,5.4
1a69,5.3
5orl,4.82
2uw3,4.1
2vba,4.6
2ndg,4.71
1hsl,7.19
5meh,6.32
5lvr,3.6
2euf,7.82
4y4v,3.65
4lyn,7.22
5xyy,5.04
6duf,8.14
4zx1,6.14
1rwq,10.0
5tt8,6.5
5zz2,8.85
1xge,4.68
5nea,10.3
1c4y,7.92
6es0,5.65
3s2o,5.05
5c8m,7.19
6j9y,5.07
1hvk,10.96
1gag,6.12
5w86,8.7
3so9,8.56
6chh,5.57
4y5h,7.82
4q0l,7.7
5ehq,10.48
6eum,6.52
2llo,5.82
3ddf,4.66
2brm,5.89
5ct1,1.52
4lkl,6.09
3b82,4.43
2hl4,7.64
6ay5,7.16
6h7b,7.48
5wg5,7.18
1efy,8.22
6pgo,4.7
3cso,5.77
3ikd,6.75
3i6z,7.3
3wz7,5.74
3o99,10.82
3wz8,5.82
3k5g,8.6
2doo,7.17
5t6j,4.93
5j27,6.74
2c8w,8.43
2izl,6.0
3u8d,6.33
4ynb,10.37
3fcf,4.4
3h9f,7.92
2iog,8.1
1uvt,7.64
6q7h,7.68
4u6y,7.08
3c6w,5.62
1rbp,6.72
5wb6,10.7
1ga8,1.8
6huc,7.59
3ot8,8.05
5ito,4.16
1oxr,5.19
6hdq,7.0
6h5x,10.82
5ali,7.07
3eyg,8.8
4mhz,6.87
4o44,7.85
2wo9,7.21
2q1q,8.15
4o2f,6.41
4efg,7.26
3rsv,9.15
2b1p,8.52
3zjc,5.05
3o9b,12.3
5v79,6.41
6ha4,3.97
1zfq,7.52
5fp0,7.77
4eoi,6.05
1r1i,8.54
3vb7,4.31
4j3d,8.28
4c1u,7.09
4m12,6.05
3nee,5.34
3aqa,4.55
5ful,4.74
1mq6,11.15
3lq2,5.22
3w2t,7.53
4w9s,6.82
4rwk,7.19
6myn,7.85
5akl,7.07
5oh9,3.86
1w2g,4.57
2g70,7.77
6prt,2.67
3o1d,5.74
2rfh,6.82
4eyr,6.63
5amg,8.22
3rz3,5.76
5alk,6.6
5kv8,4.84
2ay9,2.16
5ldm,3.86
1fzk,8.4
4jln,7.78
2oc0,7.82
1iup,2.54
6e5b,8.66
3n7r,7.7
4m3e,6.25
4x9r,7.82
5a3s,8.68
2hwh,5.7
5alg,7.52
3bti,6.14
2ybk,4.62
2wtv,8.74
1lyx,4.54
5n4t,5.97
3hfv,4.87
4ui5,6.78
2vwv,4.8
5q17,5.25
5owf,5.8
5iv4,5.48
3koo,7.82
4kip,8.15
5kpm,7.82
5wzt,6.66
3zsx,3.28
4qws,6.5
6c5h,6.43
6nu5,5.15
6cgt,6.0
1rxp,7.14
1z6e,9.72
6a8g,6.61
4cdr,5.1
2ncz,3.85
6dcy,5.46
5h85,4.7
2wot,7.36
6tim,3.21
6mmc,3.61
5o11,6.67
4rj6,7.12
3a9i,4.15
4i6q,7.52
4ajo,7.03
5yic,5.89
4kfp,8.0
4aaw,6.3
3k16,5.8
2nm1,7.47
4ybi,6.6
6o0p,9.96
3gwt,11.1
5wal,8.77
1h1h,5.22
5h5r,6.21
2ddf,7.39
4f1l,5.12
2j9a,5.89
6mwe,9.2
6dud,6.59
4cc7,4.33
4rfy,7.0
5nge,7.19
2x85,3.89
2itz,8.59
4hw2,7.26
4dcx,4.5
5f3c,6.05
4lxk,8.4
2nxl,6.27
4jwk,8.32
4uce,3.17
6m8q,6.43
1rhj,8.04
6qgh,8.15
1f0q,6.0
6duh,7.42
4acf,5.8
6azk,5.64
5axi,3.92
4fzj,3.15
5jnc,5.48
4e8w,6.09
2ow9,7.52
6ep4,5.35
5z99,6.88
4qz1,5.44
3pup,8.22
5n16,5.3
4m5n,5.12
4lbl,4.96
5vl2,8.42
2ycm,3.56
4lvt,10.36
5l98,3.31
6bfn,8.03
4lke,5.37
2dw7,4.7
5f32,4.94
4eos,6.05
4e5d,6.22
3kwz,8.4
3fuc,9.72
2lnw,5.85
3kmm,9.7
1pmn,8.15
5ntp,9.15
1r6g,9.21
5jf1,7.19
1dzk,6.1
3nga,8.0
3ws9,7.04
6fbw,4.78
5fwg,6.72
5hlp,7.27
5k05,4.96
5a09,8.46
3n1v,3.3
5tri,5.06
3fuz,6.54
4ih7,5.24
3l7d,2.18
3btr,5.3
4ehv,2.29
4oys,8.82
6uim,6.74
4nh9,6.43
4ivc,10.0
4qlv,7.85
5vb9,5.89
2f4j,5.66
2i0d,12.1
4jff,9.22
4n5g,5.0
4nmo,4.83
4nrl,8.62
5yj8,3.98
5aip,2.82
5vcw,5.96
4mi6,4.31
4bjx,7.66
4bti,9.7
4w9p,7.8
2zhd,6.54
4d0w,7.7
2bak,7.43
2gni,5.64
2vhq,3.85
3nu9,9.05
3dx1,3.58
2uyn,2.7
2w05,9.0
2psj,7.7
3rz7,8.96
5b6g,7.44
5enf,3.57
4fcd,9.55
5am2,5.01
4eft,4.07
3acw,4.76
1zky,6.25
3udy,5.7
4cg8,6.96
5e1s,7.92
2gvz,6.89
6pyc,7.45
1bdq,6.34
4izm,6.66
4rfr,6.54
3lqi,5.16
6guk,6.15
2j4a,10.6
6qac,8.21
1xjd,9.48
3r7n,6.15
5oxl,3.25
5u7o,7.14
2h4g,6.52
5zzw,5.51
6azl,4.93
5dda,5.78
5ant,6.36
6h4t,7.0
4del,7.68
4cj4,3.36
5hcv,8.7
4h81,5.12
4gr8,7.83
2zjw,7.7
2b1i,6.82
1e6s,3.22
2g9x,7.35
4oow,5.37
5nob,8.2
4o2e,8.0
6dik,5.07
6j06,6.59
5alf,6.69
1hxk,3.4
4ovh,4.85
5dxh,9.0
6bsk,6.92
2a4q,7.18
5tfx,7.22
6jz0,7.82
5f41,4.17
5bs4,11.0
2hha,6.91
1b1h,7.03
4jr5,8.15
5qin,10.4
4hzm,4.63
5ih8,6.74
6eip,5.7
5xmx,7.24
2uyw,13.0
5ugc,7.89
3ehn,1.92
6qat,7.33
3hdn,7.2
4hdb,8.05
4xo8,8.96
3t0d,2.37
5lxd,8.5
6df1,6.56
3oy3,7.45
2kff,3.61
5eek,9.1
5ief,5.28
2ylo,4.88
6i5n,5.85
2gfk,4.52
1czr,9.0
1b6j,7.92
3d6q,3.76
1o5e,5.74
3vp4,4.73
4qc1,4.99
1zoh,7.0
1u32,7.01
5nyz,5.03
3fyz,5.8
3e3b,7.96
2bet,2.77
1onp,7.52
6fyk,8.52
4hw7,7.21
6b5o,8.33
5n4s,7.26
4mp2,5.45
3m2w,8.52
3lpk,9.1
4imz,6.92
5hjq,4.72
5aaa,9.42
3v5j,7.96
2euk,6.6
4g3f,8.36
3pj3,5.25
3vnt,8.66
6pg4,3.59
3r22,7.77
5jq9,4.65
1qb9,7.44
5uwj,5.7
3ika,7.85
4yk5,7.64
6dgl,5.52
4k1e,8.44
4z1s,6.1
2qcm,3.35
4yl1,6.67
1qku,9.59
1q6p,8.52
3ti1,3.89
4m1d,7.64
5mz8,2.31
4bcn,7.92
3t2w,7.46
6fcj,7.15
6dpy,4.1
3n5j,5.22
4w4x,6.99
5i8c,7.6
3i7i,6.21
1ayu,9.15
3qfv,5.77
4qag,5.32
3rse,7.0
5gvn,7.05
6cdg,5.72
4ikr,6.23
2hnc,7.22
6df7,8.0
3psb,8.52
3k8d,5.77
4q1y,10.35
3zo2,7.1
4ivt,6.0
6j1l,6.42
4gk2,8.8
4zip,9.68
4zt7,8.0
4jok,4.07
1kyv,5.92
6tel,9.96
5jy3,7.92
5d9p,3.2
3hww,7.12
3l4u,7.52
2aeb,8.3
5t23,5.8
4mq6,6.47
4wkv,6.79
3fzy,6.74
5jna,7.35
6k05,6.56
3g86,8.3
5zk9,7.34
6gvh,6.04
2bmk,5.62
6fyv,7.96
4mn3,5.75
1t4s,2.44
1jaq,4.48
3r24,5.25
1i00,6.34
4i11,4.57
5lpr,6.57
5wep,6.36
2uxx,3.3
6s57,5.1
5o7e,8.0
4yff,8.0
1cil,9.43
1fyr,5.62
3bbb,7.0
3vw1,4.67
4qkx,7.07
6oe3,8.32
1njf,6.21
2std,9.85
2v25,5.72
6gfm,5.47
1f8d,3.4
4ibm,5.74
5n2f,7.1
3m53,5.31
3p8p,4.55
3d1y,8.22
1oiq,5.54
4lxz,6.74
4ipi,5.32
2w3l,7.52
5ta2,7.96
6haz,7.0
5hbn,4.89
6f55,4.16
2xab,9.27
6f6d,4.1
3r88,4.82
3n4b,7.02
5w8i,6.82
4i0f,6.35
2ax6,7.57
4lps,5.74
2gg7,5.76
3ob1,5.42
3tpr,7.7
2j4g,6.6
1pr1,5.3
3evd,6.91
3lzv,10.59
7lpr,7.18
3zrm,6.89
4ncn,5.67
6n48,5.92
2veu,7.0
1y2j,7.48
1gi9,5.22
4euo,5.05
6ezg,7.69
6bvh,9.15
1l5r,4.77
3cyu,7.22
2qoa,7.28
3q5h,6.25
5t9u,7.6
4ap7,7.96
6nk0,6.39
2rly,3.57
2hmb,5.59
2r03,5.15
6au9,5.96
1o46,8.0
3qce,5.6
1a4w,5.92
2xiy,2.44
5adq,5.7
2wf4,7.89
3x1k,3.59
4ln7,7.39
5fe9,4.68
3ifo,7.26
2oc4,7.07
4qoc,9.92
4wt6,7.92
6eyz,8.1
6biz,6.57
1mfg,4.3
3b7r,7.7
1xdd,6.7
5ajy,6.3
6hwv,7.08
1mrs,3.96
6imo,6.19
6un3,8.64
3atm,3.06
2k0g,6.97
1h28,6.52
3h8b,6.29
1q6j,7.8
4jfj,5.68
5itp,5.0
6awp,7.16
2pqj,8.2
3ioc,3.68
3rum,5.77
1a5v,3.1
1g50,6.28
5sz2,8.7
3lgp,8.7
3ovx,7.51
2y1x,7.57
6hzd,9.17
6afa,5.49
4ie2,5.35
4av0,6.98
2xhx,6.6
4txs,3.0
3egt,8.9
3rt6,7.15
4xnw,7.74
5nhf,9.49
1ikw,8.6
4ph4,7.74
5a9u,10.1
3zvw,3.9
5ayt,6.77
5i7u,8.77
4flk,5.25
5lto,5.92
5hes,7.54
1u1b,7.8
3da6,8.7
5fox,3.17
6mbp,5.95
5abf,4.85
5dp8,6.36
6ej2,7.8
3k27,4.44
3gs7,5.44
3vfq,5.19
5evd,5.0
2w2u,4.46
4kv9,3.84
4na7,9.7
1bm7,7.52
3s7a,8.96
6dry,9.43
1x8j,6.96
3mg4,9.3
2l75,6.05
3r8i,5.35
1qxw,5.15
1we2,4.36
5q0w,7.24
1e02,6.15
6pg3,3.32
1c1v,7.64
1bnv,8.77
4h4b,2.7
5h8b,11.31
5a85,5.3
3wuv,5.17
2w47,4.98
6ez6,7.4
4jbo,7.62
1gfw,7.82
4gk3,7.25
4uuh,7.77
2v10,9.4
6kzc,7.94
6dqb,6.49
5nxq,6.49
5arf,6.27
3dga,4.52
6mo0,6.23
2hdx,6.26
3sie,7.88
4yhq,8.77
2hzn,7.39
1i37,9.57
4e4x,8.15
1igb,6.4
6npi,5.7
1y4z,7.24
5bmm,8.4
5dtw,5.46
6c28,4.17
4km0,6.04
5ien,6.52
5ll4,8.4
5x74,8.64
3k23,8.2
3cyx,8.0
1o3j,6.77
3wgg,4.4
4bky,7.92
5klz,6.37
3k7f,7.7
3qar,6.49
3rzi,5.33
6o21,8.46
5n70,8.52
4x6y,7.72
2h02,6.49
1zzl,8.3
5n24,8.92
4ogt,10.0
1lor,11.06
4og4,6.02
4bjc,7.85
6mvx,5.14
5ei8,8.1
3gvb,2.59
3uxl,5.57
5aer,4.4
4g93,3.52
6cn5,7.7
6hks,4.28
4fpf,4.41
5ual,3.58
1eed,4.79
4q1d,7.78
1tsv,4.8
4i6b,5.93
2jdu,6.72
4xx9,5.08
2c6l,6.57
1i3z,6.88
2yz3,6.66
4eok,5.07
2x24,6.48
2o4r,9.4
6hgg,5.42
5u2j,5.92
4pf5,5.48
4qem,7.8
3suv,4.55
4uu5,5.04
5c4l,5.64
1k2i,3.11
8cpa,9.15
4ngr,7.55
4kif,4.84
6i5j,5.85
6r4s,6.39
3g08,8.16
6gdg,8.74
6eqm,7.96
5lss,6.31
4wx6,9.0
5y59,5.29
4r95,7.85
5uv2,4.4
3lil,8.08
1q1y,7.7
4m5u,7.96
1fta,6.36
3k05,4.85
3r0i,6.92
1g3f,6.37
5e6o,4.11
6g0w,5.28
3cy2,7.22
3ipa,6.22
2cgx,4.81
2xv1,5.99
4ydq,6.52
5lle,10.22
1x6u,3.22
4e4n,9.05
3dwb,6.19
4pp0,4.4
3g45,8.36
2bua,4.52
6arn,5.19
2ql9,9.03
2qoh,7.7
3wyx,8.37
5aqu,2.98
6qm7,6.8
6f08,5.39
2bv4,3.22
1tng,2.93
5n3v,4.34
5nvw,6.77
5hrx,5.29
5mro,5.7
3m3r,6.32
3s1y,6.22
3hwn,8.7
5aqn,2.77
5f2s,6.7
4yuy,3.34
1sri,6.08
4k7o,4.3
3ppq,4.55
3g4l,8.24
5eng,5.85
4ibj,4.33
2x6e,7.82
1zs0,6.15
1ta2,8.52
1qj1,8.05
3g8o,7.8
3kr5,7.89
3ime,3.0
5umx,5.96
2y8q,5.82
3gxl,7.6
1jd0,8.24
2r5b,8.6
3wns,5.96
1wum,5.29
6g37,7.37
5g60,6.52
5y3n,7.1
4m3m,9.05
4uyd,4.1
5mlo,5.32
3w1f,8.44
2jjb,7.92
1m2p,6.11
4joa,7.54
5kzi,10.0
2cht,5.52
3ff6,7.15
4e81,5.24
3ttj,6.68
3o23,6.3
5mpn,7.07
4cli,8.89
2r9w,5.1
3vi5,5.68
4b0j,2.15
5zdb,5.75
5jh6,8.48
5u3b,8.82
3jzp,6.6
5t35,7.18
3mg7,7.89
3i81,7.89
5jo0,7.3
5aeh,7.43
1amn,13.82
4eyj,6.21
5l0c,6.15
5hey,5.66
1mfi,5.59
5ls6,9.0
1nc6,8.0
3gjw,8.3
6g5u,6.4
4o9w,7.16
6inz,5.8
3ocp,7.57
3ivx,5.74
3udn,5.15
5tyn,9.28
5y48,5.85
5ti6,4.68
5mft,7.47
1bug,4.37
3drg,7.0
4c1d,5.36
5e8z,5.91
1epp,7.16
4op2,5.93
3n2p,7.82
6f6r,8.25
3neo,5.92
1pwp,6.3
3l5d,4.11
1b9t,5.1
5x54,5.0
6qlp,5.28
4oex,5.84
4z83,7.4
4zhl,6.47
3g2z,2.36
4qr5,7.22
2pu0,7.82
6nvh,7.95
4tun,5.41
5cxz,6.26
3eyu,7.62
3ds4,4.19
3pa8,5.75
6hv0,6.56
4cmo,9.07
1fbm,6.22
3udv,5.59
3vg1,7.26
4aqh,6.54
2qbx,5.22
5if4,9.0
3eeb,5.89
4hdp,7.51
1ai4,2.5
4lpf,3.51
6ovc,6.52
6cdo,8.97
2yfx,8.09
1pbq,6.27
1loq,3.7
3zlk,5.88
1czc,2.82
6s90,7.89
4qvw,5.38
2z4w,6.01
6d50,5.05
3k3h,7.06
3uec,4.21
4q1n,9.7
1ida,8.7
2phb,9.49
5tig,4.22
5ujv,3.6
6b7f,3.87
4iuo,3.64
4n7h,5.48
5tuq,6.35
3ekx,9.41
4pzv,5.7
5nxi,6.66
5ea5,8.06
4jof,4.17
4hnp,6.78
5i29,7.82
3feg,4.35
1tok,2.47
5tqg,9.62
4a9m,6.3
4uvy,8.26
5ztn,8.3
1d4h,10.0
3sji,5.69
4kp8,5.48
4l6t,7.49
4awf,5.57
2qki,6.41
5ohy,5.17
1b32,7.1
6eku,4.28
5mmn,6.7
4x3t,4.54
3vjm,9.43
4cft,4.95
2q8s,6.73
1jyq,8.7
1sdt,9.27
2vnp,9.92
2qd6,8.68
4ruz,7.64
5fbi,2.8
2ym3,6.0
1y3y,5.64
5qj2,7.68
4r06,6.29
3dk1,9.74
4otf,8.22
4bqh,5.59
6i8t,5.75
5hlb,4.01
5ti3,4.36
6bkh,8.89
3m8q,9.52
3s3i,7.8
2amv,8.8
2gfa,4.98
2wyf,4.43
5qck,7.64
4q1b,8.72
1vyj,7.0
3nq9,4.03
5uch,6.01
6fzf,6.82
4zyc,6.42
1ghz,4.8
6gfy,6.61
2jew,6.69
4lv2,8.0
2z7h,6.94
4b8p,6.85
6d4q,6.08
5u0e,5.11
4jss,3.3
6as8,7.05
5owa,5.46
2fzk,3.6
5muc,6.04
6gih,4.36
3k8c,2.92
3pwk,3.35
5c0k,2.92
5njx,4.15
4bvb,4.48
2jkq,8.11
1sc8,7.44
5g17,6.7
5e0a,6.59
3waw,6.24
2j7g,7.0
6b8u,9.7
3rl8,5.98
3ggj,6.0
3zlr,9.26
1c4u,10.37
5ug8,8.7
5m3b,6.92
1q54,5.85
2wej,6.08
3che,5.29
1utl,2.47
1o3b,7.13
5m53,6.21
6e2n,7.9
5afn,4.47
4jpx,5.15
6f7q,8.96
6f9v,6.76
2j79,5.96
3zxz,8.4
4wtu,9.52
2fjp,8.37
5ifu,4.47
4qh7,5.94
4mse,6.16
2wky,8.59
4ufl,2.64
3d6p,3.75
3rvg,8.3
2pj1,8.01
3t1a,8.37
6i8m,7.8
4kc2,3.31
2qmg,9.15
2xk7,5.82
3c3r,4.39
5lhh,8.17
3mo2,6.61
1s5q,5.28
3kid,3.18
4bzn,5.84
5zxi,9.15
5cav,6.67
3vf3,5.86
5wqc,8.96
5l4e,4.61
2oj9,6.41
1ow8,5.4
2wcx,7.6
1bkm,5.74
6qr0,6.92
6nze,8.89
6chq,5.36
4bcb,8.52
3p1d,2.64
3e85,5.38
3qkm,7.42
5nx9,4.6
1h0w,4.89
3we4,7.82
1lqf,8.3
5q0e,9.16
2i6a,9.05
4mk5,6.35
1nym,5.4
4x1f,7.97
4tw9,7.7
3bgl,8.35
4o9v,8.0
6cze,4.03
4ge4,8.11
3dsu,7.03
5lay,7.47
6g2b,3.8
2a4r,7.82
1vru,7.0
6e3s,6.78
2vgp,6.85
5myv,7.51
3ow4,7.66
6f6u,4.8
4ahu,2.27
4m7j,6.11
1jt1,3.4
2j7e,7.32
3fun,6.72
5d9k,8.4
2va5,4.07
3mv5,6.74
3ads,5.01
5e8f,8.64
3ral,7.0
2uzn,7.52
4djw,6.28
1b6h,7.82
1hos,8.55
6d4w,5.25
6i68,4.89
4clz,4.37
5kx7,7.44
4p6w,9.15
6a1c,8.15
5ory,3.45
1g9a,5.3
5tyr,9.59
5j1r,4.66
3mks,5.72
4lkg,6.8
5gso,6.96
5dts,3.55
5irr,5.27
5eqy,8.0
5t1u,7.16
5unf,9.47
6hkj,9.0
2ank,7.33
4d1j,6.31
3t8w,7.54
2wvt,6.12
4uyn,8.4
3mo8,3.1
4wz8,7.21
2xx2,7.3
6rni,9.4
6aam,8.32
5f25,5.04
5q0m,8.1
2cf9,7.82
3umo,3.89
5mtw,5.72
3m94,5.08
3nuj,9.39
4eo4,6.35
3tc5,5.17
3doy,5.82
2zit,4.46
5yib,5.48
1o6r,7.1
1h3a,6.55
1d3v,6.96
6qzh,8.52
6agp,5.05
6r0v,4.96
2jbj,9.7
3aaq,3.3
3ge7,8.7
1bai,7.7
5n87,9.25
1yye,8.57
5xms,8.14
5z66,6.69
1ynd,8.44
4gv1,8.52
6poq,2.57
2ilp,4.82
5j8x,8.8
1yci,4.08
3sk2,3.61
2zg3,2.06
6e5g,5.37
4rsc,6.63
4xmr,4.07
2yof,4.6
2izx,9.4
4nmq,4.49
4pp7,7.96
4muf,6.34
3skh,6.05
6uii,6.43
1h08,4.55
3hha,7.9
4y59,5.24
5wcl,4.52
1fq7,5.43
4wri,9.01
2yay,6.1
4crd,7.1
2hj4,5.37
6gxq,7.1
5b25,10.24
6n55,7.87
5l72,6.8
1h2t,7.89
6uhu,3.4
4rlp,8.14
1a3e,8.46
4s1g,9.22
6cgp,7.12
3p8e,5.15
3my1,5.45
2xno,5.93
4qiy,7.3
1nl4,9.41
4px6,8.4
3be9,7.62
4j84,4.69
2fxs,6.06
4mzf,7.35
1pxi,4.77
4lbp,4.94
3asx,7.7
4ynk,8.3
1eb1,10.43
3mkn,4.12
3jwr,8.07
1m2x,4.15
6qef,7.22
4aa2,3.97
3u3f,5.1
3ohf,7.03
4apo,4.91
2eum,6.7
4gee,9.0
2fwz,7.3
5y8y,7.09
1swi,3.1
1q8u,5.96
6g2o,6.77
5c84,6.19
2j7x,8.77
4py4,5.77
1xp9,8.89
2bq6,10.15
3ibl,7.84
5izf,9.74
3si4,3.88
2drc,9.89
4i5c,8.82
6t1n,5.46
4g2r,4.45
5jf4,7.19
4jbl,3.27
4c16,4.96
6pvs,8.17
4eon,6.05
3s8l,5.64
3ck7,4.05
1i9m,8.48
4fzc,8.4
2c0o,5.91
5oui,4.03
1syo,9.0
6fu1,5.36
5dy5,6.79
4ptg,8.23
5vqs,5.7
3cz1,7.26
3f2a,7.24
1czo,4.55
5i86,6.28
3ttn,7.84
3ipe,6.82
1pwy,4.05
1jmf,5.77
4ju7,6.17
2cv3,6.57
6mlo,6.1
3arb,6.63
5aqg,4.51
1ec3,9.04
1dzm,5.41
5wvd,7.68
5xo7,6.36
6cef,3.74
6b4d,6.11
3tpp,7.82
5v5y,7.87
1snk,9.6
2vl1,1.35
5ncq,6.96
3q0z,7.7
5hva,7.07
4fr3,7.15
1bcd,8.7
2wtj,6.15
5a3t,8.4
1ibc,10.25
3hp2,6.17
3e62,4.39
5ivt,9.1
4l7c,5.13
6b8j,8.3
4b7p,9.46
3bh3,6.15
3wvm,5.71
1mu8,9.0
3h0j,6.49
2f89,6.48
2p2i,7.42
2weq,5.9
5nud,7.49
6gj6,4.7
3ti4,6.02
4pin,5.4
2fzz,10.52
3wk6,5.2
5za7,5.87
3uxg,3.96
4pb1,2.82
3gv9,2.12
3sww,8.4
5fwa,4.79
2who,7.7
3fu6,3.97
3a3y,9.15
2np8,7.38
5mi6,7.3
2q95,5.8
6r0k,7.92
1t69,6.32
4q4r,6.43
1lzo,4.54
3fbr,4.82
4f8j,5.07
2yfa,5.07
4yt7,8.77
3ao4,2.07
5thn,4.02
4ded,7.42
3s0o,4.48
6f90,6.0
1fe3,7.33
6n95,5.12
2x6d,7.92
5fh7,6.86
3l3m,8.22
2pix,4.3
2f9b,6.52
4j1f,7.92
5ygf,6.21
5y1y,6.01
6h2z,9.3
2sim,3.42
4u5j,5.53
3kdu,6.46
3nef,5.94
6afi,6.2
3kqm,3.77
1b42,4.01
1h1d,8.22
4u68,4.31
3ogx,6.48
6ohd,9.38
5m6h,6.82
3kek,8.36
6cjj,3.9
2q7m,8.8
5tzc,8.1
5mae,6.84
4eor,6.3
5hlm,5.9
5t4e,5.36
1mf4,7.99
5csz,7.77
4bo4,6.89
4qt1,8.15
5i4o,7.28
4jlh,5.4
6cms,5.82
4h3b,5.17
1ax1,3.29
2bt9,6.19
5cu2,4.24
5a6h,7.06
4tt2,4.66
3dkj,5.7
6bmi,5.05
5o1a,4.52
2nng,5.36
3pcc,3.62
2a3b,3.33
2rm0,4.03
1v2v,3.37
2uyq,5.68
3udd,7.1
4yx9,5.35
3qkl,8.05
4i9u,3.86
2pe2,8.4
2yjx,5.12
3lzs,10.96
2jj3,9.55
2xdx,6.46
4p1r,8.39
1kv2,10.0
5w6i,6.9
5nx2,8.49
4rro,7.59
4qjo,7.4
4qw3,6.61
1igj,10.0
6iqg,8.0
5ypy,4.64
2cgw,4.76
4yqm,7.51
1fgi,5.0
4ys7,9.0
2wgj,8.7
5k0t,5.78
4ad6,4.78
6h75,4.38
2r3o,6.22
5als,7.72
2gmk,3.23
2uw7,7.74
2rkm,3.9
1oh4,3.74
1b05,7.12
4wuy,7.82
3w2s,8.16
4oyi,4.72
5nad,8.96
2w9r,5.32
3g58,9.28
1udt,9.3
5jz9,3.57
4qf8,7.51
1cj1,8.8
5j6d,8.22
5k8s,8.22
2gfj,3.82
1t37,4.35
3jzh,3.4
4u0f,5.92
6db4,7.31
4i0t,7.59
4d85,6.85
6mg5,4.69
3g70,9.4
1q4l,7.4
3bex,5.57
4m7b,6.7
6rmm,4.69
3pck,6.7
1m0b,8.82
5ort,3.05
6cfc,3.68
2wc3,6.08
3qqu,8.62
3b2w,9.22
2ykc,6.11
1t4e,7.1
2ovq,7.15
1h6e,6.15
2flr,6.1
3i28,8.22
5z1d,8.3
2wmu,4.38
5bve,11.0
6edl,8.7
5jox,4.46
3udm,4.48
4k3q,3.94
5ov9,5.66
4qxs,5.96
2zz2,4.54
4at5,7.42
2xk9,10.15
3t5u,7.59
5op2,6.62
3eka,3.0
4yxo,7.04
6n8x,5.7
6ajx,5.04
4yrt,2.78
4b6c,6.16
5g57,8.4
2hs2,8.31
6n4b,10.01
5vgo,8.7
1mj7,8.35
5akk,4.0
5m63,6.96
4nga,7.77
2ews,6.62
5hoa,7.19
5ct2,2.92
5u51,4.92
5dkr,5.22
4mbc,6.4
4ms0,3.39
4x7o,8.7
3rme,4.66
5lqq,7.09
6f9r,4.97
1o44,8.52
4xuh,5.73
2x97,5.66
5ows,8.0
4uua,5.24
5opb,7.62
1pot,5.49
5d0r,6.37
1kmv,6.95
4x3e,5.47
4m2r,8.49
1okl,6.03
5hja,5.96
5ewz,6.34
4zh3,4.4
4ch2,5.99
4mi3,4.12
3gjt,6.77
5o5m,5.23
1uz8,4.96
6ets,5.64
6d59,7.0
3ffu,6.44
4d89,8.7
2qn2,4.55
6peb,8.57
5zag,6.97
3r8v,5.54
5enm,7.15
4knx,5.49
6db3,7.25
6b16,7.49
5jal,2.47
5t6f,5.8
6hky,9.34
4puk,7.28
5amn,8.35
5hl9,4.66
5ak4,4.23
3pkb,6.21
4gv8,6.49
4hrc,8.92
4z2b,7.76
6b1c,6.95
1mh5,9.21
5lvn,4.7
1y1m,1.82
4p4i,7.46
1ndz,8.11
3alt,2.92
1xbb,5.3
3iw4,8.68
3wd2,6.24
4qvv,5.15
2oo8,9.0
4prj,7.14
2yfe,6.63
5yqo,6.09
2xba,7.63
3ao1,2.26
3hu2,7.22
1k4h,5.11
1q66,5.77
4qxo,5.51
3ex6,3.66
6hsz,6.94
1o42,8.05
4jg0,6.76
1uyf,4.52
6dkb,9.15
1sw2,7.22
2ieh,6.96
6ten,9.77
2vsl,8.4
5icv,5.62
5wbp,4.36
2qm9,7.77
5dv2,2.9
5vdk,7.57
3gss,5.82
5x33,8.49
5ku6,6.84
3m96,7.22
5enh,3.72
6qre,4.85
2c6n,6.88
1bqm,7.35
4uxj,5.42
3zos,8.89
6hkn,7.29
5yba,4.77
2wap,6.64
4pid,4.62
2b8v,7.01
6cjy,7.64
5ltn,5.27
4w4w,7.46
3oct,8.3
2v2c,3.41
4mwc,5.87
1tmm,6.64
5t37,6.62
5i2z,7.14
4qz3,5.51
1f4f,4.62
5mpz,4.07
5dls,8.36
5e28,7.91
5nu1,9.0
3aho,7.05
6bhi,4.25
2wyj,9.0
3n0h,6.21
5xzr,5.49
4yll,6.92
1z3t,3.94
4igq,4.52
3cwk,6.6
3b50,7.55
4mf0,8.08
3phe,7.8
5jr2,7.57
6r18,4.92
6hjk,7.6
4kp6,9.09
6qr3,6.44
6aji,4.53
4bea,8.3
3elm,9.72
6aao,2.11
4dow,5.02
4xit,7.27
5cyi,5.88
4zjw,6.66
5szc,4.69
3gcv,7.13
1a4g,8.4
6cqf,8.35
6ayi,6.68
6nyv,6.51
3qts,5.51
5lcf,4.75
4li8,8.12
2vwc,6.62
6ke0,7.55
1bap,6.85
4o13,7.82
4uu7,6.08
3ivh,7.33
1lqe,5.82
3iof,5.22
4az6,9.1
2imd,8.3
4deu,5.64
1m5e,7.7
5f3z,4.54
6f8j,7.07
4jmu,5.47
3dda,3.88
6gj5,3.36
4xv2,8.27
3qti,7.85
5fso,6.09
4ps8,9.0
5hg5,8.7
4qr4,6.6
3tb6,5.08
4mjr,3.55
2x9f,7.21
3ehy,5.85
2uuo,3.77
1o3f,7.96
5mli,3.9
1o2o,6.36
3cyz,7.22
5y0x,5.11
4zyu,5.97
4kcg,8.3
6e86,5.09
4pyq,5.36
3eb1,4.79
5hka,6.46
4ris,6.05
1lgw,4.0
3gr2,2.52
4urn,4.46
5c20,6.41
2be2,8.7
1k08,5.34
6plg,7.82
4v11,6.49
6qrc,4.89
4c4i,7.66
3vhu,7.31
6qh9,5.0
4mm9,5.68
5z89,6.71
5ieg,5.74
6om2,7.75
6gbw,8.45
4p58,4.6
2hai,6.28
1aku,6.13
4znx,6.62
4qfs,6.05
3tu1,6.6
1b2m,3.73
6acb,9.41
2d3u,6.92
5jv1,6.07
6oyt,8.23
6fmc,5.88
2fgi,7.34
2x09,3.76
6om4,5.45
3zcz,6.77
1d4y,11.1
3hkq,5.34
1csr,7.38
4oak,4.22
2g5p,8.42
6fnx,4.9
4k0o,3.0
5qb0,3.8
3umx,6.62
4mm6,6.69
3iw7,5.64
6hmg,4.94
5etn,5.37
1wbv,3.79
6ee2,6.71
3mqf,5.24
4os2,6.7
2hyy,6.77
6ssy,3.19
1tni,4.0
4o2p,6.7
3ij1,4.7
2pql,7.28
1hxw,10.82
1jif,6.2
6htc,5.96
1npw,8.7
5w5k,8.3
1c1r,7.63
3tza,5.5
6qxa,5.77
4f6w,7.52
5j4v,5.85
6hgi,6.22
4zup,6.77
4z2l,5.85
2ihj,4.59
3e6y,5.6
3gc4,7.6
2pu2,4.43
3n3g,7.24
2r3i,6.0
3hky,7.1
4wag,7.08
3daz,7.93
4xas,6.59
3er3,7.09
3wq6,4.59
3m2u,7.0
4c9x,7.32
5er4,2.76
2vnm,8.52
5ale,5.95
1sqt,6.2
4f6s,5.49
6da4,6.34
3dhk,7.33
3fuk,3.02
6miv,8.15
3l8x,8.0
3as1,4.02
6fx1,3.98
6bt0,5.68
1svg,8.7
5f95,8.01
1t2v,6.4
2wf3,7.72
6ccn,4.52
6cyg,4.17
4rx7,8.3
5q18,7.17
1g27,8.15
4au7,4.76
3fr2,6.23
2c8y,4.0
4l0v,6.63
1lcj,9.0
1wok,7.48
2b54,7.7
1il3,2.55
2w3o,6.72
5nw1,6.6
6e99,6.0
3oad,9.62
3r4p,7.96
6q8b,7.53
4j7d,4.7
3hkn,5.35
4y2p,2.66
4cik,6.43
5zk3,8.74
2yde,3.72
1std,10.33
1mue,8.64
3npc,8.34
3so6,5.39
5vad,9.12
2k4i,3.84
3zn0,4.97
6gvz,6.4
3heg,6.74
4zz2,8.04
1i9p,8.41
1w4l,8.4
6oos,11.3
5a46,7.66
4b82,4.39
6m88,5.96
4yab,5.07
2buv,4.0
4ee0,8.63
3otf,6.08
4b9z,4.09
6j5l,8.8
5ypp,4.64
6pyd,6.81
4pis,7.22
5igk,7.38
3wgw,5.89
4wkp,9.55
2y7z,8.7
4mf1,9.15
5o4z,6.07
1qxl,7.96
4yuw,5.77
4abk,5.72
3k37,8.92
1nnb,5.0
7gch,5.7
3tll,4.39
5syn,6.62
2p8h,7.15
4gzw,4.52
3kn0,3.6
3g6z,9.7
2i0j,8.57
3evc,6.91
1prl,4.23
3ejr,8.57
6oir,7.77
6cq4,4.85
6n3f,6.1
6dgq,5.51
5v4b,6.0
3mz6,7.2
4q9s,3.81
6o94,8.74
6mep,7.35
1o39,7.13
2pog,9.54
3fi2,7.6
1ms6,9.52
6csp,8.52
6fjf,8.17
3u18,6.09
2am2,5.1
2cmo,6.4
4o3u,6.4
4pnc,5.43
4xkc,5.87
1qpf,7.57
4g4p,6.89
5o9r,5.39
3su6,6.02
3wax,7.89
3qcj,6.3
6f8b,5.21
3qtr,6.03
6bu0,5.96
2x38,6.89
3mjl,2.44
6ckr,7.3
3fzt,6.2
1xff,4.82
1yp9,5.11
4bqy,5.96
2jbu,3.4
5nz2,5.03
4jlm,7.64
5mgj,4.29
4d63,1.64
3djv,4.55
6hly,7.33
2vj9,6.74
1bji,8.7
4ixh,8.21
4a4c,3.61
4dsu,2.82
2nwn,6.3
5ccm,8.4
1v2m,4.29
6fhu,2.64
3pa3,9.0
4o0t,5.54
5g1p,5.2
1w0x,5.3
4btt,8.84
5th7,5.16
2bxt,8.52
3u9n,7.0
2q6f,5.44
4a9n,5.82
6e5s,6.44
4qy3,6.82
6ffg,7.2
6ee3,6.86
2wzz,5.4
4b85,4.06
6e6w,9.96
6b96,7.84
3cwe,6.92
2v86,4.46
3qps,5.6
4v25,7.08
5oht,6.02
2dbl,8.7
4xct,8.17
6mt6,3.88
4gfo,6.62
2xtk,3.79
2fr3,8.7
4zh4,4.22
2xow,5.22
1wht,3.7
3r6t,5.86
1v2h,5.3
5ugd,6.62
4zy1,8.14
6do5,7.16
2xdk,3.6
6arv,7.34
2jb6,10.96
4l4l,8.3
5g2n,7.03
3b8q,9.3
2vtj,5.72
5ty9,5.21
5tg2,5.49
1okv,6.17
4h75,6.6
3sgv,4.46
4w9w,7.48
6cmr,6.61
3u4w,8.4
5h9p,7.17
5tqe,6.72
3m3o,3.6
1j1a,7.54
3m6p,8.35
4obv,0.75
2oi2,6.3
5ai6,4.4
2qrg,5.18
6ma4,7.35
1b3h,6.21
5hg8,8.52
3re4,7.4
4bfd,7.02
6axk,6.52
4l2x,7.41
5he5,6.47
1q0b,5.17
4qqc,7.34
3tsz,4.46
3pd3,4.44
1m21,6.52
6d4u,5.7
2yj2,7.92
3peq,7.5
3mta,4.3
4qfl,5.11
6ox0,4.85
2gg2,6.6
3g35,4.68
5ni5,8.05
1qpb,1.36
6h4o,6.89
4wbo,4.2
4gtm,8.04
1zhk,4.45
3k02,5.0
1kvo,7.89
5c4u,8.72
3nti,5.22
2xuf,14.39
1nzl,7.15
2vd0,4.94
4pce,5.15
4lm1,3.23
3fh5,7.06
3f6g,4.72
2iw9,8.05
2z8e,8.0
5ny6,7.87
5xgl,6.88
3lp7,5.44
5w6e,8.04
4ewr,6.27
5xup,5.25
5l7e,6.6
4q6r,6.68
2hwo,6.9
2xn6,8.8
2a3a,2.82
3eio,6.65
5tyk,7.65
3zot,5.95
6nzt,10.2
6op0,7.86
5cpr,7.56
3fzn,4.01
3pab,4.7
3qqa,5.82
5i7y,7.28
3rlb,9.92
6pyr,9.0
3hv7,7.92
2y5h,5.79
2x81,8.3
3i3b,2.23
4qge,9.3
5jf3,7.42
1rww,8.3
5vp0,9.21
5u62,5.89
3ohi,4.85
2ohv,6.46
6ee4,6.69
1bma,4.59
3rxa,2.85
4azf,6.35
3nex,6.0
3x00,9.08
4nnn,6.57
5en3,6.21
5wuu,6.09
6i77,4.96
3lk0,3.16
6tl2,5.44
1x8t,7.8
1aj7,3.87
1cs4,5.57
2xh5,7.57
3o57,10.1
2zbk,5.7
1iig,1.57
4l7l,6.0
3f07,5.54
4b6r,5.85
4avu,7.85
2jle,6.42
3vtr,5.57
6ps3,9.78
2qhr,7.39
1ths,7.54
2z4o,9.57
6gx3,3.6
4aze,8.11
4gja,5.92
2o5k,7.82
2xc4,8.05
1akr,9.09
6mxb,4.59
2fwy,6.7
4f20,3.29
1a4h,5.92
1bnw,9.08
1b2h,4.54
4q1s,4.17
6i12,5.57
2rl5,8.4
4gvu,7.52
5ylu,8.62
1uwu,5.98
1pz5,5.4
4f8h,4.24
4ouj,2.86
1hpo,9.22
6b4n,10.55
2qzl,8.1
4lno,2.62
2vuk,3.9
1e4h,8.41
5c4o,8.21
6ckw,9.08
3k8o,11.07
8abp,8.0
4hbp,8.42
1soj,6.62
5aqt,3.51
6qtw,5.52
3arx,5.33
3pjt,4.88
3qbh,6.82
2w16,10.0
4gii,8.74
1i5r,8.52
3zev,8.64
4obp,7.77
1drj,7.4
6pg9,4.92
4mh7,5.23
6pfj,6.41
1o48,6.35
3ka2,6.62
2pj3,8.18
4jn2,11.68
5ok6,5.05
5zyj,7.21
5kj2,7.82
5t19,4.49
6ayh,5.57
3ndm,7.96
4fe6,10.0
4bo3,6.52
2yj9,7.02
4kw6,3.43
3dbd,7.38
2pyy,4.6
6pm9,8.1
1y6r,10.11
4mdn,6.22
3amv,7.97
3dkf,8.57
4hpy,9.92
3rz1,8.74
3zqe,4.23
2vth,3.92
4kn4,7.24
1hge,2.27
3q1x,5.33
5lz9,6.92
2vwy,7.05
3pj1,7.32
4fic,4.7
6f94,7.0
6o4x,7.4
2g8r,3.99
4a6l,8.0
3zpt,8.51
1doj,8.96
2etr,6.82
6giu,6.66
4djr,11.52
4i2w,3.92
4erf,9.4
3lox,8.1
5cu4,6.49
6qxj,4.79
3twj,7.84
2pym,6.82
2vb8,4.6
2vqm,6.01
6g8i,5.17
5d1j,7.32
4bde,4.8
1xur,5.18
1n46,10.52
3kai,5.41
3ta0,3.47
1evh,3.22
2fb8,9.8
3d2e,6.42
3f7h,7.09
1bp0,5.4
2ooh,5.89
3wci,6.57
3hik,6.35
6qfw,6.83
4ya8,6.1
5j9f,7.23
4y8c,7.96
6dj1,10.51
4h5c,7.55
2cex,4.7
3oyp,8.7
4cra,7.22
6s4n,6.79
6apv,6.96
6hax,7.59
2khh,6.56
5wzs,6.55
1i7c,6.4
2xx4,7.1
6o5x,7.66
1dar,4.96
2g96,4.28
4gu6,7.36
1h2u,7.89
2vd1,6.86
4bcc,8.05
4igk,4.55
4bqs,4.21
2za5,8.43
2o5d,5.15
4ezx,5.8
3nf3,6.2
1ybg,4.8
6qlu,4.64
5h9s,4.06
5j8m,6.8
5h5f,4.43
2j78,6.42
3nsn,7.19
4fgt,5.41
5teg,6.85
2o1v,5.3
4mw4,6.5
1l0a,4.62
4cs9,2.1
3nrz,5.34
3l54,8.15
5c7a,3.31
2qi6,10.57
4yee,6.49
5ho8,5.96
1ceb,6.0
4x9v,7.85
5knj,6.94
1agw,4.7
4i47,6.92
4n6y,7.04
5lla,7.72
5dde,7.19
3bmy,7.52
3pz4,8.22
4yb7,3.8
2d3z,6.64
1wcq,6.26
3vd7,4.48
3rxo,4.08
2or9,6.3
6me2,9.37
5q0v,7.69
5em9,5.57
6qad,7.85
3ieo,6.48
5yij,3.42
2ioa,5.49
3m55,6.21
3pqz,4.46
3gy3,5.63
4ijp,7.8
4xu1,9.49
1m7y,10.96
4zuq,6.89
5ep7,5.4
4e5j,4.73
6c3l,4.44
4dmn,5.64
3l4x,6.89
1d4k,9.22
5y7j,7.29
5qac,3.6
4cwt,6.75
3rm4,5.77
5kez,8.15
4twc,7.4
2it4,1.62
4oti,7.37
4ge2,6.05
6cjs,9.7
3aas,4.51
6dgx,11.3
4m8t,6.43
4fxq,5.77
5xhr,5.1
4avs,3.49
2qpu,3.6
4ogi,7.43
2avs,7.57
1nfy,8.89
1zoe,7.4
5jfr,8.3
2zdl,6.4
6q7v,5.59
1nfx,8.52
5mxf,3.59
5v3r,5.3
5epl,7.03
4kwp,7.49
3arn,5.41
4x8g,6.0
5kbg,6.11
2ykj,6.21
5ka3,4.59
3v8t,9.52
4ce2,3.84
4qab,9.7
5ftg,6.15
2xbj,8.52
1gar,10.0
5etx,6.81
2rcw,8.1
4cc6,6.64
4hpi,4.85
1x8r,6.12
1gui,6.28
4jc1,4.3
4jin,5.64
3ntp,4.92
6hgf,5.02
1mjj,8.74
5n49,6.33
4o76,6.89
5u5l,4.85
4l7n,4.84
6ekd,6.44
4jwr,6.21
2xaf,4.64
6euw,7.77
6nrh,7.26
4bhi,7.05
1ijr,5.44
3p4w,4.57
2i4z,5.7
1xxi,5.52
3sow,5.14
3uil,6.0
5cgc,9.3
3adu,4.14
1o37,6.82
1my3,5.4
3r4m,5.92
3sna,4.14
2ccu,6.13
4zun,4.59
5vll,6.37
2f35,5.4
3k3i,5.72
5std,10.49
1xs7,7.6
3kaf,6.08
1g7f,5.47
5h2u,8.15
4kmd,5.41
3tdc,8.27
1lxf,4.1
5cei,8.28
4lnw,7.04
6ccl,3.56
6got,9.4
3o64,9.4
3v4j,5.04
2n14,5.33
5lrk,8.82
3f35,3.16
3p8o,8.72
5ef8,8.85
4jft,5.46
5vkf,4.77
4wyo,6.95
3r9d,4.15
5zr3,7.01
1a4q,5.44
5tys,10.72
3gcq,6.47
6d3x,10.29
4hwp,7.76
3fvl,6.07
3eft,7.92
5ii1,5.48
1b8n,10.52
5mnc,1.31
3mxy,6.41
6peg,5.16
5ta6,8.82
4usi,4.41
3bys,9.3
6ey8,5.81
5opv,7.29
2aq9,7.3
1fdq,7.27
4x3s,5.89
1g3b,5.74
2f9v,7.82
5w6t,7.57
5fpi,4.14
9hvp,8.35
6fgc,5.48
2vcw,3.05
4pvt,6.52
3b2q,4.55
4bfr,7.64
6gva,8.22
1hkj,8.59
3c88,6.8
4bgh,8.4
2nmy,8.37
4lq9,4.85
5sys,7.36
1oss,4.79
1u9v,8.22
5ytu,4.92
5ue4,6.36
1sqc,6.85
6c2y,6.6
5vsc,6.29
6g02,7.62
1eoj,13.77
1t1s,5.15
5khj,3.74
4q8y,2.64
5kqx,8.44
3iuc,5.66
3qj9,7.0
6e1y,7.66
4dma,6.19
5ukl,6.2
5swh,7.59
4dmy,9.0
4ad3,4.62
1det,4.3
5ll9,6.08
1m0n,2.22
6au5,5.57
5vd3,5.55
5jap,6.64
6f8v,4.8
5ml3,9.69
5aad,6.67
2e99,6.16
2a5s,6.7
5c8n,7.55
5n1z,8.19
4qw7,6.28
5lzj,3.9
5q0u,6.76
5mri,4.4
6g3a,8.38
1uyh,4.84
4o07,7.38
6pg7,4.66
4x6s,5.24
1s4d,6.49
2bys,9.52
3rul,6.85
5y24,8.34
3pcb,2.4
6pgc,5.35
1uys,3.6
1ke8,6.0
1czk,8.82
4jfd,4.44
6pic,3.39
2hmw,7.7
2r3j,8.0
6p85,4.99
4ydf,5.1
3gn7,8.3
3dm6,7.43
1v2q,4.13
4r3w,3.0
1bky,3.84
1lee,7.74
4nhc,7.34
2w4x,4.85
2bfq,6.89
6g25,3.52
4mss,6.4
1tnj,1.96
2xys,7.42
2v0n,6.3
5nut,7.92
1nax,6.43
3q2a,5.3
3mhm,7.0
4j44,5.73
4x1n,6.42
5zdg,5.42
1yc1,6.17
5xmv,7.68
1a2c,6.3
3c2u,2.9
2v2v,4.07
2on3,9.0
5ijp,7.15
5h0b,7.96
2qe5,5.79
6afg,4.86
5ih6,5.6
3r02,9.0
4egk,7.72
6hvr,6.48
4bae,8.52
3wzn,7.0
5kqy,9.29
3eql,5.3
6nrg,7.25
4y5i,3.52
4pni,6.09
3t3v,8.52
6jn4,5.69
4xtv,9.27
2z92,9.1
4u5n,2.48
5os2,2.74
3vjs,6.19
3nw5,5.08
6pvv,5.85
3jzr,7.44
4g8v,5.8
4cpz,7.68
2rgp,7.52
2qwd,4.85
6cq0,4.46
2k62,4.7
6aqs,7.55
1v2j,3.25
4lg6,6.74
5mty,8.89
2clo,4.06
2yog,4.51
2yiw,9.1
6jn3,5.16
2xhs,6.0
1w83,7.19
5vo6,9.05
4csd,5.91
1tkz,6.62
5fni,3.48
2amt,4.44
4pv7,6.63
4qzx,6.26
6e7v,6.48
3o7u,7.28
6jjn,4.11
4j8b,4.79
1kll,5.2
6ft8,7.36
5sz1,8.92
6rr0,7.15
6et8,8.25
2kzu,4.22
3qin,6.87
5ehn,11.64
5dxt,9.7
2p8s,7.68
2y81,8.7
5nvh,7.82
4cmu,9.7
3q72,5.8
6h3k,7.96
3wkd,3.77
4pp9,7.37
5tzo,5.23
4z1n,8.23
3qpn,7.77
3idp,8.8
1k1i,6.58
5cqu,6.54
4wno,6.8
5v2q,8.28
4gk4,7.85
5h8g,10.32
4wmy,7.07
4nb3,7.66
4uvb,5.49
5o9y,5.34
5xmr,7.61
4d1d,5.74
1p93,7.72
4cjr,3.1
2r1y,4.51
1kf0,2.55
4aj2,2.38
3ps6,7.74
4hki,6.85
5d24,5.24
2vwl,7.02
2vo5,4.89
5e2l,4.03
1t08,5.51
1enu,5.08
5moo,1.31
3ztd,4.02
5jrq,6.77
4pcs,7.85
1nhw,4.84
4yp8,7.89
5i7x,7.28
3nx7,8.1
5jbi,6.92
2p3a,7.96
5kgn,9.03
5nap,7.95
3ama,6.53
4o15,8.7
6dq4,4.92
5yg2,6.89
1csh,7.55
1qbs,9.47
5qj3,7.62
2xui,15.0
2iit,8.59
3cow,6.9
4eg5,8.1
4agl,3.65
3dpk,8.39
5fq9,6.48
2wtc,6.51
4wj5,6.29
4og6,6.71
2esm,6.28
1ke6,8.24
4nrt,6.0
4a95,5.76
5xg5,3.48
3hzm,5.52
1u9w,8.46
6ewk,3.77
1i9o,8.42
5xvq,5.05
4k6z,8.7
4c1h,4.09
5jf2,7.89
2q96,5.92
3ken,5.4
3l3q,7.27
1v41,4.7
1lkl,5.81
2ya6,5.7
5d7a,7.68
3hiw,8.06
3ok9,11.23
4pra,5.66
4i32,7.24
6b1j,7.37
2vk6,5.3
5ar4,6.7
6gub,7.64
1dtq,8.22
1z3c,4.0
3qs4,4.68
3p8z,6.09
5i13,5.08
1aqc,5.34
6d4v,6.64
1heg,7.74
4e8y,6.09
3k39,8.08
3ft2,7.36
5ipa,4.7
2aw1,7.37
3zki,5.92
6bu1,7.22
5c2o,4.55
3kw9,9.0
3mna,7.39
4j70,5.24
3uew,6.31
2bge,2.8
3a1e,2.66
6n9l,6.7
2jb5,9.22
6pi5,6.96
2c3l,5.07
3ryv,7.07
5kjm,7.19
4d8s,6.49
6chl,8.05
6j10,6.35
3bcn,7.12
3d7d,7.85
4gly,5.11
3shc,5.72
3t09,3.8
2pyn,7.57
2nnv,7.52
6ijh,7.17
5bq0,7.82
1pme,9.4
4h3a,6.29
2l11,4.82
5ufs,8.49
4kii,6.23
5jn8,7.3
3ibn,7.61
6bw2,7.68
5q0s,7.21
6qqz,6.74
2v0c,5.68
4v1f,7.7
3rwd,8.0
3r1v,6.92
4j09,4.77
1lst,7.85
2ha5,4.34
2zaz,6.4
5zw6,8.0
4xg7,7.49
6ghj,2.16
1au0,7.66
3vfa,9.19
4np3,3.3
4w9l,5.02
1g6r,4.27
1j36,7.74
4yyl,5.01
5anu,9.4
4r91,6.37
1nvs,7.82
4bo9,6.51
4cpu,7.53
3qfd,4.17
4g8l,8.0
5ewh,3.77
4n1z,9.14
1ii5,6.62
5u0z,6.19
2v2q,4.15
6nlj,4.82
2cji,8.22
2jh5,6.44
3krl,9.1
5eq1,4.68
4l10,7.15
6afl,7.0
1oz0,7.7
2v6n,5.86
2v88,4.09
5lsc,4.7
4bnv,7.52
5wg4,7.0
5cjf,9.59
3art,4.43
1w4p,4.74
3t60,6.7
3ftv,2.93
2ym8,7.89
5mes,6.47
4k5y,8.17
5vil,8.82
4b2d,3.7
1p4u,5.3
1d5j,9.15
2cf8,8.1
5aix,7.92
4kup,5.22
1nd5,8.4
4mg9,5.68
1h79,4.89
3q32,8.74
3fwv,5.64
5v84,6.7
4pfu,6.17
4bis,5.85
1ya4,4.82
5e7n,6.09
5fdo,6.44
6b5r,8.77
1xh5,5.47
4mny,5.71
4ynd,8.55
5ak0,7.68
2qw1,3.9
3mof,3.07
1sqi,7.7
6g4z,9.77
2ywp,8.15
1e03,9.4
4es0,6.99
3ni5,7.55
3p2e,6.22
4x7l,8.05
6j3p,6.98
4ghi,7.09
5l4h,3.75
3h5b,10.0
1sln,6.64
1gca,6.7
1fki,7.0
2pcu,3.04
6eq8,8.0
1dhi,7.26
3bh8,7.95
4qms,5.13
4d8a,3.42
5fsx,2.72
2qu2,5.43
3gc5,7.26
5ixt,4.6
1y2g,4.08
2wxj,9.0
3pfp,6.44
6gf3,4.84
1x7r,8.05
3g2v,6.52
5u0g,4.58
1i2s,3.31
5mge,4.06
5v7i,7.18
1d8f,7.74
1rp7,8.52
3cj5,6.34
3d91,9.15
4rfz,7.4
5k0x,8.36
6apw,6.17
2wxk,9.3
2lbm,6.57
3hb4,9.05
3hk1,6.17
6eds,8.77
4glx,7.8
5j31,6.51
6i0z,4.04
2cbj,8.27
1urg,5.82
5vb6,6.37
2c4v,2.6
2fqo,6.43
4hl5,6.35
4waf,5.0
5zk5,8.37
3fw3,7.37
5fl1,8.49
2pvm,6.44
3lpt,4.91
4w5j,7.24
4qt2,6.32
1oqp,7.3
4msl,6.15
6fmp,5.64
6hol,5.72
5sz5,7.7
3h0b,5.49
4c0r,4.91
6bqh,9.8
5hkh,5.09
1f5k,3.74
1jh1,4.39
5o8t,7.13
4c4g,8.22
5op4,6.71
5agu,10.0
3rv3,2.0
5qaw,3.4
4u0e,6.92
6r8r,7.07
4z22,6.24
6hpg,5.5
5lwe,9.96
6q4q,6.82
2vvn,7.3
5wxo,3.68
2v58,9.09
6gvx,7.62
4gw8,6.06
1vyw,7.43
1yc5,3.0
2reg,5.64
1qb6,6.06
4tzm,6.7
3bc4,5.35
6eqa,4.85
6g4y,8.82
1n95,8.92
6mo7,5.03
2qbq,7.44
4jzf,6.76
4hhz,7.72
6d1m,8.2
4rx8,7.46
4mu7,8.85
6rfi,7.43
1rrw,4.55
2vr4,5.68
5g1z,5.32
2yi7,8.32
5fa7,8.4
6p5w,5.29
2a4g,7.18
4r1e,7.28
3fmq,7.95
6dim,2.14
4inu,9.26
1trd,5.4
5aag,7.34
4hxw,8.7
2wi5,6.05
5w0f,7.8
4x69,7.66
1jij,8.52
3acx,5.7
5n84,7.96
3arv,5.64
4dv8,9.24
5wag,5.21
4e5h,6.37
3wf8,6.63
1w8l,0.49
3krx,7.38
6hu3,6.3
5b5b,9.37
2fjn,7.41
6r8l,6.17
3kdc,9.28
3cf1,6.64
3oyl,6.7
4kn0,7.4
5lws,3.94
1o4j,2.36
2p59,7.3
5mqx,5.41
6cjh,5.42
5j7b,8.3
4pl0,4.4
4k5o,3.98
2c1q,13.0
4mww,3.67
5am6,6.73
4fz6,6.9
6qtr,4.64
5kr1,9.49
6qz5,6.08
2iv9,4.34
6qqw,4.72
5hff,6.3
4nxo,7.22
4pkv,5.25
4lh3,1.52
4hlw,5.38
6udv,10.29
3w8o,7.62
5eie,7.64
4dfg,11.74
2wkz,8.77
4hcu,8.0
5hog,3.64
4od9,7.24
5u0d,4.54
3rjm,6.61
3njy,5.77
2f8i,7.26
5v3x,6.59
3mkf,4.77
4bio,5.12
1i32,5.7
6dxl,5.8
6epz,7.14
3gy2,5.74
4yuz,5.04
4o77,5.6
6k5r,4.27
2f94,6.71
4whl,6.4
4jnj,9.07
1ajx,7.91
5k0h,7.09
2fxr,7.6
3rwp,9.22
3wtj,6.53
4umb,4.0
4aac,8.17
4pci,5.12
1hyo,4.07
5cwa,4.77
5fqr,7.59
4ojq,3.3
4l3p,5.92
4jfz,7.15
1ela,6.36
4y8x,8.43
4io8,6.64
3zly,3.52
6eea,6.2
2yoj,8.3
3gm0,7.77
3f7b,7.19
2xyr,6.13
3c9e,8.0
3dx0,7.44
2wlz,4.6
5f91,5.2
3ru1,4.85
1kzk,10.39
4b5d,7.89
1mqd,6.77
5hn7,3.92
3unj,4.96
2pg2,5.77
4h85,5.15
2jdy,4.37
3ebh,6.32
2gmv,6.2
6dq8,6.59
3di6,7.0
1kds,5.77
3w9r,6.18
5c6v,4.8
2h96,6.64
2xke,5.38
5ura,6.4
4m6p,7.27
3wzp,6.82
3b7u,7.74
3skk,4.47
4oel,7.0
6gcw,8.64
3dz4,6.4
4e28,5.89
5c1w,5.06
1dmb,5.74
4l0b,7.17
6h9v,0.66
3rdo,9.85
4op3,8.15
6ffs,7.2
3p0g,10.08
3fjg,3.73
4a6w,5.72
2cer,9.22
6i8l,6.41
3uvu,7.38
2nw4,8.68
4hvh,7.72
5ofw,2.8
2vx0,6.24
3dnt,4.74
5hex,8.0
4x7q,7.85
4o1b,6.41
2gvf,7.6
2y7i,5.54
5q1d,6.12
3c7q,7.68
3zlq,6.04
5ea7,7.96
1y2c,6.57
6b97,6.63
3rxk,2.68
1lgt,6.1
4u03,5.77
4lmn,10.3
2gbf,7.92
4vgc,6.9
1h0a,5.44
3dcq,5.23
4o0a,6.72
3n2u,7.84
4lww,7.54
6ce6,5.1
5ul1,6.64
6fzu,3.67
5lvl,5.9
2g19,5.85
2ayp,8.15
4uwk,9.0
5he3,6.55
6n5f,6.86
1apw,8.0
4rcp,5.35
5j7q,4.58
5ekx,2.03
3m1k,5.39
5eqp,5.4
5os3,2.43
5ugm,5.9
6h8c,5.85
5aic,4.3
4yml,8.35
2qq7,5.24
5d7e,3.82
4ym4,4.47
4rvl,7.38
5nxg,8.55
6e7s,7.18
5sz0,9.1
3v78,5.54
2qbp,8.4
1db1,9.26
3zdv,5.48
4qw4,6.95
3zze,8.89
2ojg,5.64
1f3j,5.22
4hzt,6.12
3tz4,5.49
2fkf,2.92
1jil,8.4
4mhs,5.29
1i9q,8.41
6oh2,5.2
2lzg,7.77
4o78,5.34
5aqj,2.68
5oy3,4.15
1di8,6.0
3b5r,8.77
2h03,7.05
6jio,4.55
4rxh,5.91
4gm8,9.0
4j1c,7.31
6dvl,7.96
4os7,4.62
4ycl,8.15
5j7w,4.89
6bo6,7.1
5fsl,4.62
1mn9,4.62
5k13,8.74
5hls,7.41
1owi,7.55
4p6g,8.11
2vaq,8.52
5wmg,8.21
6n3l,7.57
5ux4,7.05
4zzz,7.06
2ds1,8.47
5l3e,6.18
4ago,4.81
6ck3,7.35
3shv,6.66
4q2k,7.48
6bqa,5.85
2wvz,4.02
1p2a,7.92
6qho,6.2
3fum,3.77
3ivc,4.12
3gwx,5.4
6grp,5.48
4my6,5.62
4m7y,5.32
3dek,7.57
4z89,4.69
3fvg,6.89
3m54,5.89
3zv7,5.92
4wvl,6.88
4ytc,7.89
4rn1,5.0
3d32,6.45
2go4,5.15
1jq8,6.0
6ovz,3.85
5auu,4.68
1wv7,7.26
2f10,3.48
5w92,7.7
3rx8,6.21
4no8,7.15
4jze,8.15
1ze8,7.68
4au8,6.26
3hv5,7.02
1i9l,8.48
4iax,9.56
2j9n,4.7
5fpk,3.55
4awg,5.96
5fd2,7.05
3bgp,7.04
4l33,8.15
4i9s,6.79
2az8,8.22
5j47,5.31
4pd6,4.44
6msa,7.08
1elr,4.96
5afx,5.92
3nhi,8.43
5mjn,8.54
5ivv,6.35
4wz5,5.51
5zxk,5.48
4zv2,2.93
3okv,6.23
4mmm,3.82
3s74,8.4
6c9v,6.92
5jv2,4.0
4gny,4.22
6o8u,8.28
4o05,7.43
3u8n,10.17
5tw2,7.3
6biy,6.66
3kf4,9.3
5i25,3.49
4lp0,8.0
6czc,4.78
3oy0,8.0
4mw0,7.41
5auv,4.51
6f8t,5.15
5v24,6.4
2gvd,7.0
5nr8,6.76
4i1r,4.65
4oma,4.17
6fbv,6.52
2xdl,3.1
1rhr,8.1
5m51,4.72
5ee8,6.89
1q6s,7.92
4zx0,8.0
6det,8.22
5mng,4.68
6n6o,9.15
5ax9,8.1
6aqq,6.55
3ekq,6.75
3ldq,5.36
5kgx,4.8
4qy8,7.19
2haw,4.92
6f05,4.47
4b14,6.22
6eww,5.05
3wmb,5.37
2vts,7.52
6hgs,3.77
5ndd,6.46
1yvz,5.36
2jdh,6.51
6nzv,10.17
3t3c,10.23
3vry,8.11
1bq3,5.4
1g7p,7.05
4yxi,6.5
1ywr,7.89
2hu6,3.81
6ipi,5.71
5iu6,3.89
4no1,7.57
4x8s,1.89
5iop,4.54
5xkm,7.62
1dm2,7.15
5ehp,4.92
4pte,7.13
5u5t,5.41
1pvn,9.82
3aru,3.22
4y2j,3.1
5lc0,6.7
4zy0,8.04
4m6u,2.74
2c9t,7.48
4f08,6.6
2x4t,5.13
1i90,8.89
5tq4,8.38
6fqo,6.85
6aeh,5.75
4fe9,3.0
3wcg,6.85
1f2p,1.9
2y57,6.89
3upy,5.62
4ehe,8.49
4ayr,7.0
2g1y,7.05
1t46,6.43
6h5w,10.8
4r74,8.1
1o32,5.74
3nwe,7.6
5iua,8.82
4cy1,6.74
5tks,7.17
5kqf,6.51
3t2v,6.99
5t9z,7.19
1njt,4.82
6pi1,3.8
5btx,3.55
1xz8,4.52
3el7,6.32
3csl,7.22
6mqc,8.28
3pww,7.32
3kck,9.1
6f6i,3.19
5db2,7.6
3kqr,4.43
1txr,7.74
1zpc,6.6
1onh,8.21
3mbp,6.8
4cqe,8.43
4cwr,8.3
3pb3,6.22
1ws5,3.03
4z2g,6.66
2z5t,5.62
3m37,9.04
2lpr,8.89
6e3z,7.76
2qx0,6.11
1ch8,7.0
2pvk,8.3
1pr5,3.92
5heb,6.1
3twx,5.26
3u9q,4.38
6eee,7.54
4kqo,6.78
2wxq,7.47
5e73,4.64
6qfv,7.31
5tq5,7.23
5ogl,4.31
5b5p,9.7
4jyb,6.96
4bnt,3.86
2of2,6.68
5csp,4.24
3rv4,2.3
4w52,3.76
4cl9,7.3
4q87,4.85
1noj,3.15
5eb3,1.45
5ylv,6.82
3pvw,7.27
1rgk,4.31
4prp,5.66
3o9v,7.74
6dzv,6.4
4ebv,5.38
3ewc,7.7
1wbg,3.0
1h22,9.1
3f18,7.4
4j51,6.59
1ft4,6.57
6gw1,5.14
2igy,6.95
6ap6,5.37
4m13,6.7
2ql7,6.26
5ntw,9.22
5dgu,11.35
1gj8,6.96
2oi0,7.55
4ufu,8.0
2vh6,9.7
4u0b,4.3
4yv0,3.28
3od0,7.92
4o24,4.3
2qg0,5.72
5vqv,6.4
6c7w,5.47
4zim,8.62
4btx,6.54
2y7k,4.93
1fkw,5.05
4mgv,7.12
1nzv,6.4
3vhc,8.89
2xah,3.55
1o1s,7.31
5ajz,5.7
1ur9,5.77
2er9,7.4
2l98,3.61
2r3c,5.66
2l8r,3.92
1zxv,6.1
3igv,7.6
5we9,7.22
3eq8,9.06
3hmm,7.6
6qi7,6.46
1mmp,6.07
2bvx,8.7
1o2u,5.85
4odl,6.95
6t1j,4.74
4d3h,6.43
2yir,9.77
4xk9,9.07
2h23,4.67
4ez5,6.52
2bb7,5.67
1x7b,8.39
3i3d,1.99
1fq8,6.03
5hna,4.23
4yog,5.74
2vxn,5.0
2c4w,4.7
5afj,4.38
4gj7,6.77
4y2v,4.04
5zdd,5.75
2weg,6.5
4eh6,2.46
3iqg,4.6
5os4,2.78
3kr1,5.74
5fnf,3.15
2h15,5.67
5tyh,2.08
2ipo,5.06
4lts,8.36
1irs,5.22
3u8k,8.66
4bdi,3.64
6c3n,2.49
1ogu,7.47
2qp8,8.1
4kxn,6.1
4yw7,6.89
2g79,6.92
3ng4,5.43
3ew2,6.67
5jga,8.64
3ljg,7.73
6fkz,6.05
4yc9,8.89
5kly,7.21
5u98,9.7
2bz6,7.09
4nwk,8.7
2o4p,10.72
3iqh,4.59
6eol,7.43
1njc,5.55
4qwi,5.36
1ql7,5.0
5v2p,8.29
4exh,6.15
5iza,5.51
2vtd,4.07
2kbs,5.0
4ahs,2.19
5k0m,8.82
3u8m,8.89
3wt5,9.54
4nvq,8.48
2vtn,6.07
3s8x,7.3
1oif,7.72
1fd7,1.85
4l7b,5.64
6q6o,7.54
6uvy,6.0
6ggf,5.39
1sm2,8.0
3eyf,7.03
6f4n,5.22
3mp6,5.96
3s77,7.21
2e98,6.23
6bgw,6.68
5mmp,7.52
5ev8,5.22
1tmn,7.3
1g46,8.8
5tkk,8.28
4pov,8.28
1xh4,7.47
5ak5,7.07
5km3,4.6
1u1w,5.85
4q9y,5.68
5zym,5.77
5yc1,4.34
5am4,6.95
4b12,4.99
3sm2,9.7
1kfy,5.28
4h3q,5.1
1kl3,5.86
4f14,4.89
2gde,8.24
1g9b,5.3
2rnx,3.4
4tvj,7.91
5d3l,6.06
5egm,8.62
1n1m,5.7
1li2,4.04
6irt,3.81
2r75,6.15
6hlb,10.27
1a9q,6.17
5yr4,6.34
1ywi,3.43
6pno,5.32
3qrj,8.4
3smq,5.02
1jii,9.0
2xxw,6.41
1dx6,6.19
2qk8,7.91
5w6r,7.57
2o2u,6.4
6hp0,4.92
5n9s,8.62
5gty,7.72
4mm8,6.11
1ghy,8.1
3sd5,6.58
4n9b,5.28
3oki,7.15
6kdi,6.72
3f70,4.85
5zhn,8.8
4mlx,3.19
5ivs,8.21
5a4e,6.4
6g9k,7.4
4qtc,6.4
2w0x,3.2
4zw7,4.72
3g4k,6.54
4uc5,5.48
220l,3.4
5d0c,5.63
3nuo,9.8
4x6x,8.64
3zp9,7.82
4x8u,2.46
2lsv,5.27
6gop,9.15
6qfe,7.1
3mj2,7.82
3ekp,8.89
5f5b,3.95
3eg6,5.77
1g3m,10.0
5f9b,4.26
1o3p,6.66
2r6w,9.36
5alc,8.13
3ttz,8.4
2wm0,4.52
3ilq,5.21
4mds,5.21
5evk,4.92
6r4k,5.07
3tjc,7.51
5izk,6.72
3bvb,5.49
3zyf,4.85
6faf,6.51
2ogz,7.08
3lcd,7.4
3e37,5.39
4p72,4.09
5fnc,4.11
1v79,7.89
4y87,7.24
2off,6.52
1nhu,5.66
4ahr,2.19
5ech,3.8
3o9f,12.7
5acy,8.19
4drp,5.41
6mr5,7.3
4ckj,4.84
5o4y,8.15
6r1k,5.05
5ocj,4.82
3zmu,4.3
3qx5,4.2
3bhb,8.47
2w6n,6.9
6i14,5.82
4tyl,3.22
4u0w,3.0
5n9r,5.59
2a0t,4.82
1wbw,4.36
6ql2,7.77
1uho,9.22
3pxq,4.43
3r2f,8.85
5i0b,5.06
4ark,7.2
2whp,4.51
1bdr,6.68
4fjz,6.29
4agn,3.97
5uxn,4.64
3q2g,8.46
6u8l,6.91
4zyf,8.64
3zdh,7.35
4a4h,2.77
2wbg,4.45
4e6q,8.36
3sx4,8.52
5nya,6.38
6qqt,4.23
1utr,8.0
3ozj,5.11
3gwv,2.6
4de5,3.15
6b2c,7.03
4ij1,5.4
3g5k,9.52
5wkl,6.15
5vfd,6.44
1o0o,5.1
5jg1,8.72
5tg1,5.82
3l9h,8.1
5vqu,5.11
3kqs,5.2
5w14,7.34
3db8,7.0
3khv,1.85
5swg,4.48
3qkk,6.52
6hcw,6.89
2q15,7.96
3r2y,8.07
3fty,3.21
3qt6,5.37
5lt6,5.41
3kba,7.8
4dtt,5.54
4mo4,4.22
5lxc,7.97
3k22,7.9
4i4e,6.3
5abg,8.05
3ftw,2.78
6fiv,8.08
3lj7,8.34
4yve,7.0
4io2,6.7
4ogn,10.0
6h4v,6.21
4ufz,6.31
2y4m,6.46
4anq,6.22
5wbm,4.7
4jr0,8.2
3kb3,6.82
2fvc,7.49
4men,3.9
4w97,7.1
5o1d,4.66
6eyb,5.37
5f3i,7.1
3fqs,7.39
3zmq,6.44
4f9w,6.94
4dve,9.52
5hu0,6.23
4mnq,4.43
6ayt,8.85
1w5x,8.4
5xv7,7.96
3lzu,10.06
1b3g,6.7
3d4l,7.49
6eya,7.48
2mas,7.52
1sqn,9.4
4qp2,3.03
5orj,4.77
1k6c,7.48
4ikt,6.17
3oe6,8.09
4nrc,3.62
5eh5,5.87
2nmb,6.28
4gng,3.54
3juk,4.89
5jha,5.9
1jtq,8.07
2jk9,6.82
1b7h,8.02
3pz3,6.85
5lmk,7.43
4ngh,7.52
5zkb,8.7
6hck,4.6
3rcd,7.77
3sv2,4.19
4kio,6.3
6dif,10.72
1n9a,8.66
1d5r,1.82
2i80,5.4
3g1m,6.3
4unp,3.23
1pye,6.41
3m8u,4.89
4keq,3.82
3qj0,5.2
3lm1,4.7
6iup,7.64
3wkc,3.71
2clv,7.88
6ntj,6.47
6pii,6.96
4jve,7.07
6b33,8.12
6ei5,7.42
3pwm,9.1
1c5x,6.68
3bxz,6.72
8hvp,9.0
3zo4,6.83
6nfy,7.8
5gvl,7.38
4oc4,6.98
1qtn,7.3
1ujk,6.57
5wik,6.21
1oky,8.19
4o36,6.36
5e89,7.85
4mji,4.09
1ent,6.96
3fu0,2.28
1o4q,2.49
4pee,8.32
2uz6,8.77
4j9a,8.22
5g3w,7.38
4esg,5.56
5uwk,8.64
5fb0,5.47
5ot9,4.07
1l6m,8.1
5nat,4.7
4qll,3.38
4ty8,2.03
4rsk,4.32
5orv,2.89
6bid,5.54
3i5z,8.7
2xp5,3.44
2qi7,10.21
1jyc,4.34
6gdy,5.46
3fui,6.8
4e9d,7.7
1xap,8.7
1ckb,5.28
6b5t,8.66
3kc0,7.92
5wdl,6.17
1b38,6.6
5ih2,5.76
2xg9,4.15
4bkj,8.72
4dld,5.82
2znt,9.3
6a3n,8.06
3vuc,9.05
6oxp,11.0
3tzd,4.28
1bl7,7.72
3zt4,2.8
1fkh,8.15
2ate,7.07
4cpx,7.77
2kpl,6.64
5h1u,3.51
2wer,7.05
4n4v,8.7
3ezv,5.98
3k41,0.82
3nnv,7.57
3tdj,5.25
2e91,6.59
3r4o,8.15
2wyn,5.55
5vtb,6.96
3efs,5.34
4gbz,3.11
4der,6.31
5igq,6.6
5zde,5.75
3iqu,4.77
3rwc,8.12
3ouj,6.05
6n9t,4.15
4phu,7.92
6ar2,6.41
2azb,7.19
6g7f,5.0
1bl4,8.74
5oai,5.15
6flg,7.52
3arw,6.15
2fs8,7.6
3v5p,8.96
6ilq,6.36
1v2s,4.17
5w5v,6.1
5uex,8.82
1yhm,3.83
3djo,4.39
6iin,6.08
1hfs,8.7
5dqe,3.63
6bg5,6.0
4whh,7.4
4o04,6.16
3i06,9.7
4c52,5.68
1hte,5.64
5j1w,6.72
3ap7,3.0
1a07,6.4
4ucs,4.21
3udk,4.49
6d19,6.61
1mnc,10.34
5wa4,5.89
4wk7,7.13
6hgj,4.38
1dzj,5.89
3ft5,4.82
1sve,8.3
4d1a,4.72
3atu,8.3
2exg,4.3
4lj5,6.29
5exw,6.82
5fsy,5.89
2liq,5.85
5gmh,6.31
5lmb,7.8
6faw,5.57
5usf,9.16
6dlj,5.55
4mt9,10.0
4xtt,7.37
1fax,7.39
5tob,8.82
6n7q,5.15
3zyh,4.29
4q81,3.02
4lwu,8.3
1p2g,2.13
5n8j,5.54
5uez,6.01
3met,6.0
4j4o,6.9
3ivv,5.43
3th8,6.25
2cma,6.73
5fhm,5.09
2qh6,6.0
6ng0,8.19
3ga5,5.49
4ty9,2.05
3src,3.89
1tve,5.68
2uym,5.51
2cn8,5.46
2d1n,8.15
5cp5,5.91
1ugy,3.72
4knj,7.95
3nf6,3.53
1sjh,8.05
6djc,6.63
2xda,6.22
6oip,6.92
4zh2,5.0
1ny0,5.85
4io6,4.82
5ufr,8.7
4e34,6.01
1tsi,3.48
5zob,5.96
4osf,5.44
2xqq,4.82
3t8s,8.55
3fgc,3.92
6gnm,4.26
2z7i,7.0
4g19,3.58
5aqv,3.43
1ad8,6.6
2isw,7.43
3dpf,7.24
3rxe,4.76
1re1,5.21
4ere,8.38
4qjm,8.17
3ha6,5.68
5dlz,5.74
5yv5,5.41
2f2c,6.35
4jht,4.99
3zxe,3.35
2c4f,7.7
5v2l,3.54
3u90,4.62
3svj,6.93
3vf9,8.72
4pde,6.44
2ax9,9.52
4ysl,5.8
5zma,5.52
3bpr,4.95
3upv,5.3
6mim,5.7
2r4b,7.18
2qfu,4.18
3tnh,6.46
1nju,7.3
1yyy,5.09
5g1n,7.77
4z93,7.35
4q4i,7.33
1r1j,8.64
4qye,5.92
1etz,7.24
4fcm,3.94
6hu2,5.9
1o4h,2.44
3qqk,4.82
5n25,7.78
2qa8,6.0
1a50,6.7
5tiu,8.3
5hz8,6.4
6dy7,4.18
1wdy,7.89
1a0t,1.3
5usq,7.0
5mnn,3.84
3rqw,2.7
5j20,9.14
5huy,5.03
1e34,2.88
4zt3,8.0
6ohu,6.78
5zwf,8.74
6hm6,5.5
4k5l,4.96
6cbg,3.95
5een,8.96
4jne,5.86
3vrv,10.54
1zp5,2.92
4pmp,6.4
6jki,6.39
5h7g,9.24
3huc,5.99
5nf5,6.82
2k00,4.62
5mi9,8.35
1uml,7.52
2nnd,6.06
3vjl,8.25
3o9e,11.3
5ntq,7.47
4zy2,7.22
4e3g,4.97
5kj0,6.89
5ou2,3.22
3nzi,5.59
3ej5,3.57
4qsh,5.1
3coh,8.4
4umq,5.38
6cyb,9.02
6dn5,7.49
5qa9,3.64
1g9s,3.61
6cdp,8.79
5j32,5.08
5svy,6.13
5etu,3.89
4j77,5.47
5xg4,5.15
2qrm,4.03
4fkk,9.3
5e1b,4.84
6ow7,9.0
1me3,7.19
4loo,8.15
4bdd,4.43
3r21,6.74
3g0d,8.3
5g3n,7.92
4bup,4.95
3tvw,4.43
4ggz,10.18
5e2n,9.54
4q4p,6.39
4pgh,4.89
1tg5,7.92
4ddh,3.3
4xjt,5.14
5div,6.85
4q18,6.13
2x6x,3.68
5ldp,4.17
4c6u,4.59
3wpn,4.36
3g2l,3.87
2hvc,8.82
6br3,8.72
2m3o,5.3
4ep2,5.35
3s22,5.46
3d2t,7.12
2wr8,5.44
1y8o,5.89
3iiy,4.8
4ery,7.27
2y1d,6.82
2auz,9.46
5ohi,8.47
4ayu,4.73
4loj,6.52
5mf6,4.36
4fbe,6.99
6cz4,7.12
2xd6,6.19
2qft,5.26
4edz,8.08
3g0f,7.66
1nlj,9.8
5khg,4.69
3t85,7.95
4drk,5.08
4alg,6.3
4ybk,7.82
2mip,8.46
5ljj,7.21
4aoc,4.27
4y3j,2.17
2yne,8.57
6gzd,8.01
1zgi,5.34
2jds,8.2
3haw,6.0
6ey7,4.3
3ml5,8.52
5qa7,3.96
3b9g,4.72
4z2i,7.44
6fuj,4.3
3snc,4.39
2f3e,6.81
4x13,3.3
5ye8,3.0
1jmi,6.06
6fse,4.74
5q11,5.14
4r02,7.41
4yv8,7.96
2b9a,8.05
1ydd,7.07
6f6n,3.02
4gih,8.32
2flu,7.7
4wnk,6.42
6qlt,4.04
4i80,7.62
4tlr,8.52
4kax,4.77
4n6h,9.28
4anw,7.74
5vlk,5.26
4nyt,2.39
3m6f,8.6
3e63,5.8
1alw,6.52
6hzb,8.98
4jnm,8.52
4aif,4.84
3ubd,5.54
3t3i,4.77
2cmb,7.19
4dcv,4.59
4efs,8.6
5ab0,7.59
3tcp,8.37
3vrt,8.57
6max,4.87
3nmq,9.7
3rx7,6.03
2xj7,6.66
2rr4,4.78
4pqa,5.55
6eaa,6.09
2q80,4.6
5d2a,5.59
5ovc,5.96
6dkp,7.44
5yqn,4.03
1pmv,6.82
5xiw,4.96
4i4f,6.19
4re3,8.57
1my8,7.46
5wac,7.42
2wzx,6.0
5w19,5.3
4djs,7.89
2upj,7.39
4h3i,8.52
5ji8,4.63
4de2,4.12
3lhj,9.51
2jf4,8.15
4em7,5.11
6qhc,5.2
5vm0,8.8
3rcj,6.1
1w4q,5.26
1s19,9.51
4ba3,5.54
5v1d,6.7
6s7k,4.24
5fnr,4.23
3utu,10.92
2hzl,6.57
3o9d,10.72
3pvu,6.54
2g0g,6.29
3p7i,7.7
3u5j,5.61
5l2i,7.4
3h26,4.49
4b80,4.4
6c85,3.9
5q1f,7.14
3ewj,6.84
3f9n,5.89
6ftf,8.1
4r1v,9.0
5cbs,5.41
3er5,9.0
1o2s,5.47
5zop,4.73
5t2y,5.66
6q3q,4.45
4pkw,4.65
3t70,6.3
4oc2,8.28
4c73,4.92
3r7q,6.97
2w73,6.52
5u06,6.66
4gcj,7.7
4qbb,7.52
1nj5,7.3
4hkn,5.96
6o5a,6.29
5vyy,6.21
3f80,4.22
2hzi,7.15
1u3q,8.46
2viv,6.28
3vgc,5.51
1ung,6.8
4mdr,4.39
3c10,6.52
4nk9,8.51
5hn8,4.01
1i33,4.12
5qtu,8.39
6gxb,7.46
4uwl,8.57
5e8w,4.39
5l9h,6.4
3img,2.96
5fqs,7.36
4an1,10.26
2i19,7.8
6h9b,5.7
1kui,3.77
5kbr,6.59
2zzu,7.41
2o7v,5.96
6dd0,5.48
3u6h,9.0
5nyh,7.73
3hf6,7.59
1joj,4.22
1p7m,4.38
4i2z,4.87
1q41,7.66
4bo5,7.1
4ieh,7.85
2am9,8.41
5c13,6.1
1x11,6.49
4pre,3.74
3agl,7.8
4man,11.0
4k0u,7.26
5l8t,3.55
2bxu,7.15
2hpa,4.6
1hlf,5.64
1qkb,7.35
4qwu,5.51
6ftw,6.49
1jld,6.73
3sqq,5.32
3t0w,7.3
5i2e,6.64
5wzr,7.29
5tuy,6.35
6p3p,6.84
4ddl,8.31
3veu,7.26
2w6z,2.82
1a9u,7.32
3iqv,5.18
5h14,5.06
3ue4,8.96
5gjg,6.21
1yy4,8.6
3eqy,8.05
4b0b,3.33
6jjm,2.85
4ht0,8.0
1hvr,9.51
4qlu,8.08
2jfz,5.24
4zv1,5.24
4hym,8.22
2anl,6.96
1fo3,6.7
1pi5,7.77
6fnr,5.59
1oj5,6.1
3zpq,7.17
4o3t,4.37
6jwa,4.96
6e3o,8.7
6mkw,4.77
2iws,6.36
5a5q,4.68
6esn,8.05
3ezr,5.0
3h2n,3.67
2yer,7.7
3m1s,9.0
5eob,9.62
6sdc,8.9
5fho,6.67
3msj,3.11
2h2d,5.37
3s9y,6.44
4fp1,4.57
5kat,4.1
4fm7,7.24
6g38,6.62
5a8y,9.77
3ocz,7.46
3p5l,7.39
5ldo,3.75
1osg,7.52
2d2v,1.0
5f4u,7.02
4joj,3.96
3i7b,7.18
3tf7,3.52
4hco,4.32
6fv1,5.97
4oya,6.44
1hk1,5.64
830c,9.28
4w9f,5.49
3f3t,4.59
6gxu,3.74
4wov,7.14
5llh,10.17
1vcj,4.59
4c71,3.42
4olc,6.19
2j7b,6.62
5qa5,3.52
5d2r,5.82
6g6z,6.66
5gg4,5.82
6fns,4.03
5try,7.8
2psv,7.24
4lm0,3.25
1fq4,6.4
1a46,5.7
5hzx,8.55
1urw,8.52
2ay8,2.24
4nbk,3.87
4avg,7.22
5eef,8.32
4ucc,4.32
4emr,7.49
2z4r,7.62
5b56,4.54
4cig,3.67
4nrq,3.46
4wbg,5.55
5wrs,5.52
1avd,15.0
3ma3,7.22
4abb,4.51
1xp6,9.4
3mp1,6.1
5dtr,4.41
4nmr,3.53
5ccl,4.77
2exm,4.11
4h3f,9.0
5dxu,8.4
3sdk,6.8
1vrt,7.1
1ek1,7.77
2v7d,6.59
3tfn,6.57
2jc0,4.7
2bba,7.15
3unn,4.4
4bid,8.1
3lpp,6.22
1h00,4.42
6h12,7.68
2rg6,8.66
4x48,6.77
4eh8,2.2
4p6e,5.89
4p5e,5.55
1r6n,7.4
4iva,7.16
5wlv,8.52
2y56,6.51
5dro,10.59
3w5e,7.96
4b13,5.7
2fr8,3.15
3dz2,4.15
4z1q,7.82
5ah2,10.08
1n7j,6.43
5mo0,4.68
6ibk,3.29
6iiv,6.85
5h0h,6.16
3zvt,5.92
3d9v,8.22
4fck,1.26
5e2q,5.79
5iy4,4.81
2krd,2.7
2ckm,8.82
4y38,2.4
4k3n,7.96
4g17,7.54
5tzz,7.85
3m59,5.24
3bgz,6.26
3gsm,6.48
5llc,9.52
1ie9,10.19
1o3d,7.13
2q93,6.25
4j5e,4.94
4lkk,5.92
6d1h,3.72
4trc,4.52
4o91,6.83
4dk5,8.4
4ygf,7.68
4ce1,4.38
1pxh,8.74
2r9m,8.82
3fcl,3.5
3cm7,6.57
1aze,4.22
4bdj,5.14
2jbv,3.54
1ykr,6.25
5tt7,7.89
6m9d,7.35
3iue,5.82
5u2f,6.71
2p4s,9.51
4md6,7.77
1sbr,5.0
184l,4.72
2uw8,4.11
4j8m,7.32
2bvd,6.0
5mw4,11.7
6cus,4.89
6czb,4.33
6eqv,6.62
5aa9,8.19
3vvz,4.58
3ahn,7.05
5oqu,3.61
3ipy,6.29
5uzk,6.74
2jkp,4.23
1gyx,2.48
6gjb,8.1
2tpi,4.31
5icx,6.96
6n87,5.66
4x0f,7.0
2r0u,9.0
5ubg,5.17
5ur9,6.05
3ty0,7.08
4xqa,4.99
5w1w,5.52
1tnh,3.37
1nki,6.7
2hdr,1.72
6bnh,3.8
1pg2,4.96
1c4v,10.8
4d09,8.77
1dpu,6.0
5q0d,9.0
1rpf,3.99
2wn9,8.52
5f2w,3.98
4ijq,7.52
1yt7,9.89
1lhu,8.83
5ovh,6.55
2brg,5.21
5fl6,7.36
3ig6,7.6
4qwf,6.0
1bra,1.82
5mos,3.79
3byo,8.15
6j72,6.13
5gnk,8.28
1wvj,6.73
6evn,4.71
5dp5,4.73
2brh,4.64
4iic,4.85
2a3w,5.42
6dq6,5.07
3n7h,4.5
5gvm,6.73
1b3l,5.89
3nok,4.19
5tq6,6.91
1x8d,2.21
3gvu,8.0
4u5t,6.7
4qvp,6.05
1tom,8.3
3hkt,5.39
2bz8,5.6
2aqb,3.3
1yvm,6.4
6dz2,8.85
3tzm,7.77
6h0b,4.15
1rt9,10.25
1o30,6.77
4qps,6.52
2foy,6.92
2nww,5.48
4ps3,8.7
3djk,10.59
5tdi,9.74
5trr,7.39
5jxq,8.15
3hav,3.77
4ufg,8.15
4ipj,4.87
4urm,8.05
5m9w,2.24
4j59,5.85
5m4k,5.66
4whs,4.12
4ask,7.22
2r3g,6.1
3sgx,5.49
5tex,6.4
5e2m,7.23
5wi0,3.44
5yg4,7.37
3w2r,7.72
3gbb,6.9
1qji,4.85
3rti,7.37
4l23,7.75
4m1j,9.7
5efj,6.46
2jt6,7.6
4up5,2.6
5ovv,4.48
5dp4,4.2
4hyb,6.46
6hm4,5.67
4jkt,7.09
5htz,8.62
3pxy,5.23
1jje,8.43
2ff2,8.21
3dtc,7.59
6qab,8.21
3sud,9.85
1xh9,7.77
4q7w,2.64
3mbl,7.74
2wij,3.2
5c2e,8.7
4odm,6.07
6n3n,8.74
4ozl,4.97
2xht,5.96
5y93,5.64
3jvk,3.93
4zwz,8.7
3b67,8.85
6idg,6.66
5u7l,6.37
4wf6,6.3
6hm7,7.1
4frs,8.77
4yvc,5.96
3ua8,7.85
4yo8,10.52
5nwk,6.57
1gvx,7.22
1ydk,5.89
2aj8,6.2
4rgd,3.94
3t6j,6.36
1ivp,7.52
4cr5,4.15
4fmu,6.44
1m7d,6.23
1uu7,4.85
5vsk,5.74
5jsg,4.85
2bjm,3.7
3wtk,6.53
2qfo,4.7
5ws3,8.96
4fyo,7.33
3lp4,4.88
5qag,3.7
5g4m,3.86
5g61,6.4
6kla,7.25
3jdw,3.6
4daw,7.08
4feq,5.96
5u6c,10.3
5jy0,5.55
1u33,4.6
6g24,2.77
5o9q,5.21
5gub,6.2
3d4q,10.52
4xh6,5.57
4ks2,9.34
3usn,6.15
3u15,7.11
2b7f,7.3
5v4q,2.57
1hti,5.13
5g6u,6.66
6gcl,4.47
3v2n,6.1
3oaf,8.8
3ddu,7.4
3oui,4.9
4g8o,7.66
6h7f,6.12
4o9s,6.55
4i7k,3.04
4ymg,4.68
4cgi,3.12
4av4,7.03
4mrh,1.9
5tqs,5.86
3og7,7.51
1u6q,5.88
1hvy,6.54
4i9h,7.17
4a6v,5.72
5j2x,7.74
1ex8,6.33
4tjy,6.44
5vqr,5.92
5lvf,4.82
1re8,9.52
4y6m,7.15
2i6b,7.17
4qir,6.95
4op1,6.89
4zls,9.09
3bjm,8.3
5lxp,6.12
2n9e,5.05
4pzx,6.0
6bib,5.8
3zmj,4.93
6nwk,7.7
4mw5,7.35
4bs0,5.7
5i5x,6.7
6af9,5.49
5mwg,5.77
4clj,9.15
3lw0,6.4
5d6f,4.37
5ads,5.67
3k5v,6.3
2mnz,5.19
4gbd,11.32
3t2p,3.6
3d7f,9.3
4xm7,3.57
5ylt,6.39
5qa8,3.77
6eji,3.52
2ydi,6.82
4k3p,5.8
3n3j,8.48
1d4p,6.3
6ce2,6.3
4y29,6.25
4awk,6.89
1fhd,6.82
1dy4,4.36
3kfa,7.6
3owl,6.17
6hb7,6.83
5djp,5.15
6bix,6.51
6p10,5.22
1z4o,4.52
4hn2,6.89
5lax,5.4
2vev,6.52
5hjc,4.35
2z50,4.95
6oh3,3.32
3wcf,7.28
6os6,5.96
4hxj,4.13
5qae,3.62
2w5g,6.07
6plf,6.67
1b0h,6.7
3fhb,5.7
6ajv,5.04
4tln,3.72
6mxe,4.26
5ewj,6.89
2w9h,6.37
4jfm,5.48
3d7g,7.77
4wkb,11.57
5lrg,8.82
1xom,7.96
1ni1,9.05
6hs4,5.51
3iaw,5.8
1ke0,5.38
4est,5.02
2c6e,9.1
2srt,6.64
5twl,7.98
6omu,8.7
4m7c,6.12
2r2b,4.2
5i89,7.48
5nw0,6.52
6dub,4.74
6d08,5.29
4x5r,7.85
4his,8.09
1c5q,6.36
3m6q,7.32
3kfn,4.74
4phv,9.17
5oh2,4.24
1n1t,3.85
4xhv,4.3
3a1t,4.83
3w37,5.18
4w9h,6.73
5mxk,3.39
1zyj,5.82
3wi2,7.04
5fky,8.33
4fs3,7.85
3igg,7.18
1i91,8.94
2h5j,7.91
4l3o,6.0
3ff3,3.57
2vyt,2.74
2qcf,3.49
1d6n,4.5
5cal,7.66
4dzy,5.62
6am8,4.89
5hzn,7.21
6fhk,7.51
3p79,5.64
2uzv,5.87
3s9e,5.13
5tp0,5.44
2yaz,5.14
4q46,3.77
3uda,5.01
1f8b,5.4
2zas,7.86
4xu2,9.23
4c7t,6.4
1o3h,7.3
2nn7,6.52
4llp,4.8
5yhl,7.74
4hxl,5.66
2qry,8.64
2f01,13.0
5qan,3.96
4oaz,5.77
5v40,5.8
4dtk,8.52
6hrp,9.0
1gmy,7.35
4ido,4.93
5k1i,8.04
5o3r,5.0
4ujb,8.0
4m0r,5.21
1bnt,9.8
6hzu,8.26
1a9m,6.92
3lpb,7.38
4ocq,4.61
5tzx,7.28
4wph,5.8
5wfc,4.9
5a5r,5.9
4dgb,3.89
5y62,1.74
3hfz,4.89
4b76,4.54
5vkc,8.74
6v5l,3.65
2bgn,5.7
4g0l,5.19
4xg3,7.76
3g9n,5.74
3mt8,4.55
4nrm,3.2
6jbe,4.7
5tqu,7.6
3p3r,7.25
2qhc,8.96
5c7n,6.57
3ckb,2.98
3f37,2.62
4at4,7.92
6fe1,8.48
6r8p,4.48
6n5h,6.45
4hy9,7.1
5usy,7.51
4pd7,3.92
4ui4,7.35
5ddb,7.09
5anw,8.52
3ay9,8.34
5vee,6.11
5k0j,7.12
6hmy,7.24
3lbz,3.86
3kr8,8.1
5mtv,4.11
3ook,8.4
6gnp,4.55
4k5n,3.9
4poj,8.1
4x6n,8.82
4jsz,2.3
6s88,6.17
3unk,4.82
6frj,3.71
5osy,7.37
1ujj,6.1
11gs,5.82
4hkp,4.55
2wd3,7.07
5ekh,5.95
2wmw,6.41
2uyi,6.32
6hay,7.01
6gxy,5.24
2al5,8.4
3ly2,8.3
2y8i,5.89
5ny3,7.47
2xg5,4.66
1jwu,5.34
6p8a,3.59
6byz,8.37
3h78,4.24
5x72,6.33
5byi,7.51
2nmz,8.37
2fqw,6.68
6sde,10.2
4j24,7.3
3c39,3.96
1o2y,5.85
1ogx,6.09
3lxs,8.1
3skg,8.1
6skd,5.8
5ajp,5.3
3tl0,6.59
3mvl,7.89
4ppa,9.1
3s2p,7.17
3vsw,6.89
3cen,8.26
4wkc,12.68
3fjz,4.05
4m5h,4.54
1gbq,2.46
4jps,8.3
4d1s,7.66
4rxd,6.52
4f3k,10.16
4avi,7.63
3hv6,5.64
4cp5,3.34
5cc2,4.1
4y73,9.52
6fmi,5.03
6q30,5.52
2hrm,3.56
4mvx,7.24
3ad7,2.52
5ake,7.82
5qqo,7.77
1uy8,4.12
5yft,5.0
1bm2,6.96
1ezf,7.25
4hw3,6.49
3uo6,7.82
5qb3,4.31
3uzd,5.05
6hai,7.94
2zx8,9.64
6nvl,7.95
4qlk,3.24
6czi,6.25
6hv7,5.19
5er5,3.67
5ia5,7.6
2xnb,6.83
3rdh,5.03
1ps3,2.28
6huu,7.46
3st6,3.62
2xog,3.43
1wdn,6.3
1h39,6.54
3uok,9.1
1jak,5.57
4gid,10.77
5ave,5.44
2ay6,3.11
3uw4,7.77
4aof,7.1
5jhd,4.52
4x68,6.57
4ojr,7.42
5ar7,6.49
4hvi,7.16
5svz,5.92
6k3l,7.22
4elf,8.03
1pwq,4.96
2axi,6.85
5w5u,7.19
3l17,8.28
5ioy,5.22
5nn0,10.96
4j08,6.66
3gqo,5.41
5ajx,7.96
6me4,9.92
6oqb,10.3
5ukk,6.21
1hmr,6.55
3lea,9.1
1lzq,8.39
4gui,3.64
3e6v,6.83
5cp9,3.51
3pcj,7.22
3ith,8.1
3zov,7.22
6j7e,5.04
3v51,8.55
3zzf,0.4
3hzy,7.0
6mnc,5.8
1f0s,7.74
5var,4.09
5h5s,5.09
1oir,7.49
1a1b,6.4
5jcb,4.21
3myq,7.52
5q1e,6.92
1nf8,7.82
1j80,6.52
1lvk,5.92
5eay,4.47
5mby,3.51
5ml8,8.1
1o3i,7.3
6h0u,6.77
4m7x,4.8
2rg5,8.51
5tq1,5.49
1my2,7.77
5avi,6.06
5eci,3.8
3qd0,8.5
2byr,8.55
2idw,8.89
4nxv,5.42
6fcl,4.64
5xvu,4.65
5zt1,4.67
1z6q,6.7
5jiy,6.27
4wj7,4.89
4m3f,5.31
1fzj,8.1
2iok,9.0
2ks9,2.04
4qvy,5.09
4zj8,9.26
4o2a,5.74
5jnn,5.35
6oie,6.15
3qto,4.13
1drk,6.82
6fau,5.44
5dlx,5.7
3n8n,4.57
5w2p,6.88
4ia0,7.11
6g29,4.33
5kk8,5.84
2chw,4.77
3i6c,4.92
6etj,6.72
4ufy,8.15
5l8y,6.4
3zkf,6.02
3kqp,3.42
2j4z,7.19
4ohm,7.55
3o0j,7.19
2ay2,1.88
3oyn,7.6
6e4u,7.87
5k1d,4.68
2yac,8.7
1cx9,6.75
6ck6,9.0
2wic,5.39
4kni,7.78
5hu1,8.66
4lv4,5.0
4ui3,6.88
5h9q,4.42
3krr,9.32
5zah,7.28
3nww,8.15
5ku9,5.83
3zc6,9.22
4w9c,4.65
6d4o,6.28
3dux,7.0
4b95,4.28
1ddm,5.77
5xw6,4.91
5cs5,1.58
6g14,5.49
5d47,7.0
1n4m,6.72
4izy,8.52
3oe4,7.47
5tgy,7.35
5zty,10.12
3v2p,6.36
5ttf,6.21
5wa8,6.23
3vc4,7.62
1nlt,4.92
4r3b,6.25
5w7u,8.05
6c2r,9.1
1ikx,8.15
2x52,4.24
6e6m,5.75
4lqg,8.89
3qiz,5.21
6dai,4.07
5yql,4.59
3h2m,3.67
4tmp,5.43
5l7h,7.3
5o1g,3.94
1fkb,9.7
3s71,8.64
1o41,3.05
2aac,2.22
2clm,3.55
5twx,7.52
1dwc,7.41
4amz,9.82
2wca,5.6
4rh5,6.9
4pry,7.7
3srv,7.5
6hv4,6.23
2jh0,8.7
4o0j,4.89
2ph6,7.57
1r58,6.96
3qcs,6.5
5may,6.48
2gfd,6.28
3wv3,7.62
4j74,4.59
4edy,5.83
1bgo,8.46
3oc0,6.28
2mji,4.25
5lsh,3.39
3ti3,8.74
2qo8,8.47
4mgb,5.44
1g4j,8.7
3n1c,5.22
3lfs,5.6
5chk,5.39
2igx,7.27
5bpe,5.95
2cli,4.3
6gon,5.67
4nmx,6.18
1pxj,4.89
1u9l,5.02
1k4g,5.85
3aya,4.33
4x5p,8.21
1hgt,6.82
1wkm,0.82
6f7b,8.89
4p0x,5.92
6cj5,5.19
3f19,7.19
6b8y,9.66
4a51,6.73
3l4z,6.72
3rhx,6.08
6hjj,5.77
3odl,7.21
2puy,4.52
3tct,8.52
1bty,4.74
6fym,5.07
2a2g,7.0
5xo2,4.03
3omg,4.72
3zpr,6.65
5sz6,7.0
2rnw,2.98
1a8i,5.52
6qra,6.15
3rz8,8.17
2w67,4.96
6pia,4.96
3ho2,6.95
6c8p,6.7
4aa7,5.7
1lox,5.52
4lbo,5.77
4kzq,6.1
4b4g,6.76
5zdf,5.7
1hlk,5.0
4zjc,8.96
3ibu,9.15
4wki,8.3
4jda,6.29
2xk6,5.8
1o3k,6.77
3ktr,6.15
3chr,7.21
5ttv,7.54
6nem,7.92
3s0n,6.74
4lq3,6.35
4n9a,4.19
5lzh,3.1
3os3,6.63
6bs3,5.82
3e8r,9.74
4az5,5.99
4nks,7.17
3fv8,6.8
1c3r,6.4
1ui0,7.06
6f3i,7.68
2qhy,7.48
4m3p,5.4
3ms9,5.22
3t0b,4.3
4nxu,5.54
4jv7,6.0
2oa0,6.92
2i4t,9.0
1rpa,6.0
1qin,8.0
5eij,5.31
2qi5,10.85
4c1y,3.6
4mrg,2.96
5ku3,4.89
3okp,4.72
5tx5,7.8
4ksp,8.8
2yke,5.96
5wl0,9.17
3u51,5.51
1utc,4.55
4hzw,8.88
3dgo,6.74
5uga,6.79
1b8y,7.85
2jke,4.23
6f7i,7.85
3zrl,6.8
4a4l,7.82
1fcy,8.52
4hva,5.89
5l3g,6.23
3oe8,8.14
4qwr,5.93
3arp,7.15
4ybm,6.85
1gno,7.7
5tpb,2.59
6ckc,8.22
2y34,7.1
4qsw,1.68
6eo9,6.8
4dfl,6.17
3njq,4.89
3hs8,5.3
5tx3,8.85
5oyd,2.75
3buw,5.83
4bfy,6.92
6o5u,4.38
5wa6,6.36
2frd,4.54
1h8l,7.47
4ele,7.88
2g6p,6.22
3b0w,5.7
4awo,7.62
3k9x,8.4
5xpl,7.7
5ul5,6.97
6oxw,10.55
3hg1,4.74
3qxc,5.77
1mdl,3.09
3cs8,5.77
1v2w,4.01
3e16,5.24
6afc,6.03
3p58,7.6
1ryh,7.56
6iso,4.6
5orw,3.1
4k3l,2.96
4hdf,8.49
5fus,4.68
4qmq,6.59
6dnp,5.18
1ao0,4.96
4ovg,3.69
1i8j,4.41
6cdl,10.92
4hod,6.1
5vgy,4.18
2qbu,6.19
5i43,7.2
4ej8,5.39
5auz,4.01
4j0r,6.41
5kcx,6.7
5aku,6.82
5t4v,7.22
4erz,7.06
4az3,8.3
1dbj,7.68
6f5m,6.3
1y2k,7.68
6do4,7.68
2wb5,9.13
1rdl,2.24
1hk5,5.24
5i1q,7.92
5osl,3.43
5kpk,8.3
1o2h,7.17
4qjp,8.6
6c9n,4.78
5c91,3.61
1sme,11.22
3elc,2.69
4uiv,7.8
3h85,5.22
1lhd,9.62
4bjb,6.66
5adt,5.65
3ex2,3.7
6c7j,8.88
6r8i,6.03
1o79,6.39
4e3n,10.3
2j94,6.27
4rt1,6.14
6oag,5.43
5zdc,5.75
4tjz,5.97
3ux0,6.26
5bnj,8.7
5nau,7.52
4m0z,5.19
3f39,1.78
2qn3,5.36
1rt1,8.1
5nka,5.46
5cxa,8.05
5goe,4.34
5yy9,8.04
3tcy,4.62
4eu0,6.4
3uwo,6.36
4wrb,6.19
4tmn,10.17
2ych,3.0
5mky,5.7
6f86,7.43
1r5w,5.54
4l1u,5.26
4int,5.8
1t32,7.42
2uzj,4.57
5zg0,7.09
5jf5,7.2
4tte,3.69
2gsu,3.59
5obj,4.78
1vja,7.7
1oba,2.44
4uns,6.7
6cbf,5.17
6bgx,6.33
1z1r,9.22
3bla,8.7
5eu1,7.81
4fmq,5.05
5qbv,6.37
4umj,5.57
2bed,8.15
5g22,7.0
3oay,1.7
6b5q,8.24
1npz,7.89
6gy1,6.3
5nhv,8.55
4nct,7.55
4iie,2.34
4yoi,6.48
4dpy,5.37
4eoh,4.3
4qtd,5.97
2jfh,3.06
6b27,5.03
4xj0,9.52
3f5p,6.85
3o9g,12.3
4cg9,6.21
4ok6,4.85
1imx,3.52
2vle,7.1
4raq,6.72
1fo2,4.7
6o4w,8.47
4xoe,5.0
2zx9,10.27
6i0c,6.85
3k4q,5.34
4jfs,5.27
5t28,8.49
1q72,6.85
4f70,5.74
2a5b,3.93
5vqe,1.49
2y76,6.36
4ryg,8.1
2w77,9.19
5npf,4.24
5u6b,9.89
4aji,3.55
6mob,8.15
4qzs,7.05
4wzv,9.37
3inf,7.4
3lpg,6.16
2nq7,5.54
4bt4,3.34
1mqi,7.63
2xjg,7.82
1g05,8.51
5y6k,6.07
4lh6,4.11
2wi6,6.64
4g55,4.92
3h30,4.53
5elz,6.34
1okw,5.25
5tr6,8.49
5m44,7.4
3nzw,5.82
1y0l,9.0
5zu0,5.51
3iod,4.1
5fyq,5.89
4x8v,6.89
1lf9,12.0
6bkx,6.39
5lpl,4.92
4l51,3.0
4wwp,6.92
6d3q,8.47
4x1q,5.3
5hv1,4.1
3t0l,4.52
3wde,6.91
2xp7,5.77
4bqx,6.52
3t3g,5.49
3zln,8.47
2boj,5.77
2cen,8.3
3olf,7.7
4jvj,7.66
1fw0,5.43
3ibi,8.59
6n3z,6.59
3qvv,4.42
3fl8,7.27
5hz5,7.07
3p8h,5.3
4g0k,5.37
3ppr,2.82
5d10,7.14
3vqh,5.92
5vi6,8.52
5nvy,6.12
1owj,7.32
1gnj,7.04
6imd,4.23
4x7n,8.22
5wij,6.31
6g33,8.15
2gbg,7.25
1li3,4.25
3ce0,6.15
6u9v,7.4
6phx,3.32
6c3u,5.4
6ew7,5.54
5ive,7.57
1hee,5.34
6jsf,8.48
1fvt,7.22
4o28,7.54
2rol,4.62
3tws,5.52
1g45,8.64
3ejs,6.6
4zki,2.92
4fxp,4.09
3udr,4.96
2j27,3.52
3sv6,7.46
3k8q,11.28
2r3n,7.15
1y6b,7.42
3bi6,7.82
6gz9,2.13
6nfh,7.15
1lhv,8.91
4b6q,7.55
4tv3,8.72
2f1b,3.0
5izm,5.92
1cea,4.96
6pka,5.92
2vj7,7.4
966c,7.64
3arq,6.4
4uw1,7.72
5op5,6.67
4meo,3.6
4a9u,7.22
5boj,7.0
2hnx,7.08
6ud2,10.21
6ge7,6.06
4j93,4.7
4ycn,7.77
3gk4,3.92
4ou3,4.41
6g8m,5.38
4zt5,8.0
5v5d,5.27
3pi5,6.02
5dgz,7.85
5xfj,8.22
3mrx,3.39
3tv4,6.96
3pz1,6.14
3zy5,6.64
3ax5,5.85
6o0h,8.15
4m6q,8.21
1u3s,8.85
4hu1,7.54
3nzc,7.02
4oks,4.48
5e3d,4.02
3chp,5.27
3unz,7.8
5wp5,5.34
3azb,4.92
4ztm,7.6
1dmp,9.55
2lko,5.67
4r59,7.96
3lnk,5.94
3g32,3.71
1v0m,5.1
5fdc,7.46
4u4x,5.01
4bcs,6.99
4a23,5.89
6d28,6.7
2flh,3.97
4xii,6.6
4zlo,4.92
5z68,5.89
3cde,7.66
6d9s,5.96
3n4l,7.23
4ocv,5.08
1hq5,5.65
1ttm,7.35
1wur,6.66
6eab,6.37
1pum,3.05
1j15,3.84
2h65,8.19
4jit,6.64
4ayq,7.33
4kb8,7.89
5ykp,7.05
5e2s,9.01
4jyt,7.4
2ony,6.68
3daj,5.54
5f1r,6.0
4nmp,4.04
6m8a,5.26
4fny,7.8
1fo0,5.59
1akt,8.49
4djq,10.32
3nus,3.51
2i4p,5.7
2ydm,7.44
3s2a,8.09
4jaz,5.04
5ngu,7.44
4pm0,7.35
3cct,7.56
4pnr,6.34
1c8k,6.0
2rku,8.3
6b22,7.38
2ves,7.7
2zn7,7.89
2br6,2.96
4o4y,7.81
1fkf,9.4
5ksu,4.08
3hf8,6.51
2xvd,8.7
5o5a,4.77
5dkn,3.69
5ivy,6.44
3saz,6.1
3iop,7.77
5wqk,6.3
5vo2,6.81
6clv,4.88
3ixk,8.18
4tn4,6.33
2gph,5.3
3cst,7.41
5izu,7.27
5mqv,8.1
5akw,6.39
2w87,4.65
2ksp,4.24
2q9n,6.37
3ce3,8.74
2zju,5.81
3fqe,8.3
3ksl,4.52
5nki,7.72
3v3b,7.26
2xdw,8.37
5ogk,5.11
6gxg,5.24
4ie5,4.82
4a9s,7.21
3g5d,7.96
5km0,5.31
2irz,7.92
5qa4,3.77
6hzv,8.22
1fq6,7.86
4mho,5.08
4fi9,7.34
2y2n,4.57
3ow6,6.66
2i0h,8.05
1vjc,3.58
4r4i,6.27
6nad,9.3
6rmf,8.0
4btw,7.15
2bpv,7.67
2qcg,4.0
6hzy,3.92
4nyf,7.31
1n43,10.55
4qgf,7.16
5hvu,7.89
5jmx,5.09
6me1,7.92
3qo3,6.9
3gjs,4.99
2h4n,8.7
1f40,6.0
5i94,7.52
5ixq,4.7
6bee,4.66
4urz,2.52
5c28,5.66
2n1g,5.64
4oth,8.05
1uz1,6.89
3pn4,6.85
1r9l,5.4
2o48,6.01
4etz,6.3
5acb,6.8
1d4t,6.19
3ghe,5.89
5ug9,8.1
5t90,6.68
2gzl,4.82
1axs,7.77
2a5u,8.1
1rql,2.75
4p5z,7.41
3hbo,5.09
2glp,5.01
4nbn,4.36
2y2k,5.16
5e91,8.4
2oiq,5.0
4x6k,5.31
5tzy,8.7
4b6p,7.13
5vdq,3.67
2gv6,7.34
5t4u,5.32
2woa,5.94
2xu5,6.89
6hgv,5.55
3rxh,1.8
5ek0,7.68
5ewk,4.85
3o95,8.28
4aoi,8.4
3rl3,7.17
3dow,4.94
5y9l,5.72
4ua8,6.26
5fgk,8.77
5t6z,4.21
2ydw,7.34
4l7r,5.02
2q70,8.08
3r01,5.24
6cvy,8.41
3bar,5.7
6ndl,7.19
1p05,5.96
4lrh,9.72
6rk4,4.01
4eg4,7.89
2yiq,7.9
6jav,5.76
3v2w,7.11
3eax,4.92
5qal,3.46
1b5h,6.01
3arz,6.0
6beh,4.09
1err,8.11
5awj,9.68
6nyh,7.68
6ib2,8.0
3ttp,9.12
1h9l,3.12
5awu,4.65
3bu6,5.89
5dp7,4.56
6msy,7.0
6rj3,6.4
1rtf,3.04
3o6l,7.51
4w9d,4.99
3gxt,4.74
5eld,2.66
3zmt,4.55
6keb,4.39
4us3,5.32
2w6o,4.22
6fi1,2.15
6fgf,3.96
2zg1,2.1
5oq4,7.6
3kiv,4.7
3ffg,9.08
6hlx,7.17
4u4s,2.92
3e7a,10.0
3au6,7.92
2qu6,8.52
4ie0,5.08
1bzj,4.66
5vt4,4.35
2x2c,7.72
6i3s,7.05
5e0g,5.8
2p2h,7.17
2lbv,7.59
6fdu,3.69
2uze,4.33
3o8p,6.46
6ht8,6.72
6pvu,5.21
4ggl,9.0
4l4m,8.0
5hyr,7.38
5e0j,5.21
2y71,7.37
2vr3,4.98
3dsz,7.77
1hps,9.22
6arj,7.6
1pxm,7.22
3mw1,9.09
5in9,6.36
5niy,4.22
4fs4,6.57
4prg,7.15
3s43,8.6
4euc,6.1
6dh2,10.89
5a7j,5.2
5b4l,9.12
2buc,7.0
5e4w,4.64
5aep,7.17
1tmb,6.74
4c66,4.1
2a4l,6.4
6qr9,6.72
4dt2,4.37
4ym2,2.85
4fnn,7.57
1rek,6.7
6dgr,4.91
3qo2,6.85
4pg9,7.8
3ebl,6.3
3jya,6.89
6d15,4.48
5izc,3.95
6nm4,7.06
3l5f,6.22
3ptg,7.6
2afw,4.77
1g1d,9.44
4bnu,7.7
6bsl,9.0
4mro,7.06
3eig,7.68
3l5c,5.15
3uuo,7.96
3wdc,7.92
5nkk,5.0
4ca6,6.74
1fhr,4.0
6d3y,8.7
1xn0,6.24
3sur,4.15
2q2z,8.7
3nc9,6.48
5fdp,6.51
6cje,7.22
1czq,4.54
1g2l,7.24
2h6k,5.06
5vdw,4.0
4u70,5.02
4x14,2.92
2wjg,7.1
4why,8.1
5i2r,7.72
2xas,5.89
6fqu,5.66
4edu,3.99
4ckr,6.98
5t97,7.77
4kiq,7.64
5kzq,8.28
4qp1,3.61
5g3m,5.66
1o4k,2.92
4ks5,6.89
2h5d,8.19
3bl2,5.8
3p9m,5.0
5u2c,6.63
1zog,7.15
4lkt,5.9
4eqj,5.6
3dcc,8.96
4o6w,8.52
2avq,4.39
1lrt,5.64
4jbp,7.39
3t9t,8.71
5ei6,7.0
3wab,7.47
2xs0,5.15
2qd7,9.1
3gt9,3.96
4whr,4.12
3tjh,5.41
1v1j,4.82
4ezo,6.52
6gu7,5.81
4ycm,7.72
2a3i,6.05
3fhe,8.6
3kdm,7.0
6cer,5.36
2x2r,7.12
5zyi,7.07
3hiv,8.12
4onf,8.92
5agv,9.7
3pax,5.0
3mfv,2.52
6i67,6.7
5dw2,5.84
4ufk,3.89
3qwc,4.26
6qmt,6.92
2fzc,2.7
3srb,4.19
3iej,6.66
5flt,2.89
1meu,6.1
1ctt,4.52
4r4o,5.82
4jzb,6.47
4ux9,5.1
1d3p,7.39
6exs,3.44
4uxq,7.8
4crf,9.3
5abp,6.64
6d2o,5.3
5fto,8.21
1p1o,5.76
1sb1,6.89
5wdw,6.54
3t01,4.48
2j3q,6.15
4hbw,5.32
1koj,6.7
6gg8,9.1
6r9u,2.12
1xlx,7.6
1usn,7.74
5y6f,6.85
5e0m,5.28
6dcz,7.17
4g8y,4.59
4f7v,5.38
2wev,8.0
6eqp,5.96
1gsf,5.0
1oay,5.92
6gpb,4.85
2vwx,7.4
5u0w,4.24
1jd6,7.39
4e93,6.93
2w0s,3.3
3mxs,5.01
4yzc,8.52
5x62,6.42
3ccc,8.1
1pw6,5.22
6esj,5.68
5lsy,6.54
4jpe,7.32
3l9l,6.78
6ftz,3.0
6esa,4.53
3hit,8.19
3bft,6.49
3czv,7.8
4uff,7.96
6r7d,8.62
5wbk,6.03
5f90,4.85
2q8z,5.68
5m7u,8.1
4at3,8.4
3d25,7.66
1l2s,4.59
6h34,9.3
4tk1,3.72
3rlq,7.4
4mul,6.21
1al8,5.32
1j4q,6.44
6p3v,7.02
1pro,11.3
3ewu,4.62
2xrw,5.15
5wbf,3.81
6n3e,4.72
2p7g,6.53
4yb5,4.71
2w1c,8.0
3znr,7.44
1cyn,7.68
1xq0,6.34
4ap0,8.0
5za9,6.74
6e4c,9.92
3b68,8.4
2f6v,4.43
2w8j,2.96
3wcl,6.59
4gtt,8.22
4i8z,11.05
3up2,7.4
4os4,4.87
3l6h,5.4
4bdg,4.12
5cvd,6.41
4kb7,7.49
3pa4,8.52
2xjj,6.51
1tys,5.49
5aqq,3.1
6exm,5.52
6hkm,6.57
4ran,7.15
5ml2,7.89
5a7c,3.74
4mr3,5.94
1g30,6.85
6ic7,7.11
3zim,8.17
1nli,3.59
3dxg,2.4
2o9k,4.11
2fx6,3.7
6fob,7.63
5v13,7.63
2igv,2.23
3ncz,7.82
3jsi,8.68
5w0i,8.85
2vtt,7.36
5nu3,6.64
3aje,5.03
6qau,7.48
4mk0,5.2
2zxg,8.82
3bl1,5.6
1a4r,6.66
2bes,4.24
5j0d,6.87
5jq5,5.63
5laz,8.4
1vot,6.6
5hk9,6.54
5znp,4.69
2kdh,2.96
2bok,6.55
2x7c,5.7
4yht,9.22
6f20,4.31
6f22,8.7
4r5t,6.1
1lek,8.89
2rcb,6.79
6fgq,7.85
4fzg,7.72
3d1e,5.77
6qsz,7.15
6eq3,6.15
2gej,6.64
2j9h,3.39
5ceh,8.0
5uc4,6.46
3poa,7.0
1c3i,5.8
3oev,8.13
4hxs,5.39
4xrq,6.63
3avz,7.19
3fa3,5.6
4ljh,4.71
4a9c,4.61
5lwn,7.77
4rxz,6.74
3o96,7.24
3g15,7.0
6nzk,4.3
3rdq,9.31
4phw,10.0
5auw,5.05
4olh,8.3
4bdf,4.09
6ema,4.53
1o43,5.66
5apr,7.77
1oyq,6.96
6dtx,8.35
5jzb,3.39
1y3x,5.14
1r78,8.52
4ozo,3.83
5wfm,6.52
3cvk,8.0
2xxn,6.41
5org,8.4
4oem,5.3
2boh,8.52
5edb,7.0
5typ,7.6
5hz6,7.8
5oh1,4.41
1n51,4.85
3co9,8.0
5aoj,4.68
5yz7,4.75
4elb,8.3
6t1o,5.59
1lt6,3.3
4yrs,3.07
6aqo,6.11
1jd5,6.62
3l38,7.0
4d8i,6.69
6hmp,6.86
3w5n,3.87
3nu6,9.3
4rww,5.85
2pwg,4.82
4qz6,5.53
3t1m,3.04
2wxg,9.15
2vc7,3.36
4yqh,8.05
6e7u,6.92
5iis,9.0
4zeb,6.52
5wjj,6.62
6bln,8.8
4pb2,4.8
4bny,7.1
2qky,9.61
5v35,6.96
3oxz,8.07
2ya8,5.75
2mow,5.96
2qtb,8.32
3dln,6.6
5t2g,8.1
3k5i,4.7
6d8v,5.42
1bo5,3.6
6hhj,7.97
5ai1,6.47
4mib,9.7
2oax,8.65
6cis,6.87
4jpy,4.43
3uli,7.15
4i12,6.39
4mq1,7.92
2ao6,9.28
3a1d,4.12
3mpt,6.6
3oku,6.36
3nyn,6.0
2i0a,11.4
4nzn,6.38
3il6,6.57
2fuu,5.57
3dpd,5.78
1qm5,5.82
6jsn,8.42
5cs2,8.4
5ylj,3.86
4z1k,8.33
5td2,8.66
4wup,9.82
4bf6,8.35
4w9k,6.54
4acg,9.66
1tcx,6.95
1x39,9.22
6ny4,8.52
3f6e,2.38
1bb0,8.36
4cjp,3.32
4e3l,8.52
4rlt,4.96
5hhx,8.21
2waj,6.4
3wi6,5.33
1qca,5.27
2wbd,6.64
6ezi,5.31
3vv8,4.77
2clk,3.79
5awt,4.52
6g9b,3.24
2m0u,6.44
5nvf,7.8
6c91,6.19
1gjc,6.35
3r6g,7.6
5x73,6.74
6gch,4.7
2iko,5.45
2pt9,4.46
3eq7,9.09
3d8y,3.4
2wl4,4.19
6b4w,8.3
1x7q,6.73
3zqt,4.41
6hx5,5.66
1czl,9.15
3qs8,4.74
3ob0,3.0
2chz,7.8
3uol,8.51
3pcn,3.66
1g32,6.11
2r3l,7.0
4zbf,7.13
3ewh,7.16
5yji,5.3
5w5j,5.82
1fv9,5.0
1y2f,4.92
6jax,4.42
2l6j,6.26
5ttu,7.33
1lnm,8.7
2uwl,8.4
5w94,4.65
1g6s,5.15
6ezh,7.04
4oz3,4.55
5m77,7.61
1j7z,7.7
2ceo,10.0
4jmx,7.21
4xiq,7.07
5cks,5.51
2woq,2.88
5yf1,3.28
5xxk,8.2
4x5y,8.03
1bnu,9.7
4ll3,11.57
2jkm,7.75
5cgj,5.22
2bmz,3.7
2c57,3.43
4zyy,8.05
6oco,6.32
4ewh,9.52
4qqi,5.52
1np0,3.57
4kin,8.32
4cae,7.74
3ryj,7.8
4fpk,4.24
1sw1,7.3
2zfs,6.54
3iww,7.96
5d3x,6.36
3buf,3.1
3bgs,9.42
5dia,10.46
2zx6,10.6
5fbe,4.85
4jbs,7.96
1cps,6.66
3p3j,7.92
1f2o,1.91
1b74,1.3
3rr4,4.55
6d9x,3.49
1t49,4.66
2toh,4.15
5mkz,4.7
3kga,7.21
4nmv,4.95
3as0,4.55
6j63,8.19
4lbu,6.56
6h1d,5.6
1e2k,4.94
1oko,4.54
1nl9,5.96
2w92,4.55
4prb,3.88
6ayn,5.04
1zaj,5.1
4b6s,6.01
4ixv,6.62
6dil,8.12
5eei,9.22
5aln,6.57
4loq,8.15
6coj,6.4
2aog,6.28
3bze,6.0
4ejn,8.3
1wqv,6.89
6fex,7.54
5kdf,3.27
5ni0,5.74
3mvj,5.49
1bsk,4.12
6afd,5.43
5ezx,7.06
3e1r,5.82
6dkg,8.59
2zmj,7.52
5lom,7.13
2duv,7.06
6hvi,6.42
3uoh,7.89
223l,3.4
6q4g,4.3
4cu7,7.59
3ued,4.53
2w85,5.04
1hiy,3.08
1v2o,4.73
3v7x,8.57
4b7r,9.64
4p0n,8.66
4dv9,6.72
3iss,6.05
4jhz,6.02
4u0d,4.31
1z5m,7.52
5j59,7.3
1k6v,6.92
6hth,7.12
2wji,5.02
4mpn,6.62
3mb6,7.0
4n84,6.29
6fjm,6.24
4gz3,5.74
4zb6,6.28
6mnv,3.37
5q1h,5.1
3diw,6.72
5m23,8.9
6d1g,4.47
2x4u,4.32
2owb,6.36
3own,7.47
3hac,8.17
3o1e,5.74
6d4r,5.96
3fvh,6.35
4tmr,7.22
4j26,5.44
2hoc,9.52
1phw,3.3
3eou,7.01
2r7g,6.05
4anb,8.18
3iog,5.52
3vvy,4.84
3gc7,9.22
1a4m,13.0
5g2g,6.05
5eym,7.6
5nb7,8.22
5q1c,8.08
1uvr,6.0
2gyi,7.0
4ts1,4.94
2j4k,4.85
6d6t,8.21
3fal,6.78
6mny,8.82
2pe1,8.3
4l52,8.4
6bs4,5.55
2r4f,8.82
2xk3,5.68
5m34,6.82
4elg,8.16
4fqo,5.16
4re4,6.87
4gts,7.89
2e2p,4.74
3ncr,4.11
5cbr,5.74
1eei,3.15
2qzk,7.57
3eos,8.4
5tg7,4.53
4oc1,6.6
2ybt,4.7
3gsg,2.7
6nco,4.52
4e4l,8.77
1ow6,5.4
5kqg,5.15
4re2,4.98
5ea3,8.77
1vzq,7.44
6bau,4.51
4fl2,3.66
6mq3,8.77
3pxe,5.7
6cvw,8.15
4lh7,4.47
5qak,3.66
1hnn,6.24
5abw,7.77
3u6i,9.0
5ncy,9.4
4n8d,4.92
6npm,3.96
1a7t,1.64
5hm3,5.17
5f2f,6.92
1nms,6.7
3qxh,5.24
2ycs,8.87
2gqn,5.35
5bns,7.02
2z1w,4.08
4rd3,6.47
3l9m,7.3
4ntj,7.36
4nw6,8.4
5lrj,8.72
1ukh,6.38
4iaw,9.63
6dgt,7.38
3guz,4.38
4y67,6.93
3shz,7.44
1tkb,8.0
3orn,9.62
2ea4,7.34
5kkt,9.0
5hx6,8.0
3jvs,6.54
5dgj,4.73
5gu4,5.47
3g34,2.96
4urk,5.96
4abe,3.4
4uv8,6.47
1lhg,7.1
3fcb,5.31
2j7h,7.19
4hge,7.92
2ay7,2.3
4bqt,5.79
2vnf,5.52
2lo6,3.95
5k6s,6.26
2v96,4.54
4c5d,5.4
3v3v,5.34
4ud7,8.13
3o4l,5.09
1lf2,7.52
3ipq,7.57
4bpj,6.0
3ex3,4.44
3sdg,5.55
3i97,5.52
4wlb,6.74
6d49,3.93
4aq3,7.43
5ktw,7.52
3d3x,4.16
3zj8,3.9
3rwq,7.46
1cin,8.73
5hcx,8.39
4tw6,4.21
2a3c,4.43
5a2s,7.7
5ey4,3.12
3fea,7.44
1ih0,5.0
5uoy,7.57
2f4b,7.3
4na4,6.92
6jn5,5.15
4ozj,5.4
2c5o,5.19
1nnu,6.82
4mzs,7.92
5f02,7.44
5hmh,8.15
4ds1,4.75
5fi2,7.15
3hl5,4.47
4abi,8.2
6ma2,5.39
5jaz,6.55
2vpe,4.94
5wj6,7.57
6hvv,6.67
5gmp,9.1
5jzy,9.82
3drp,9.7
5q13,7.04
2fq6,7.1
6dyr,3.66
4mjp,3.88
3vjk,9.43
3hl8,4.49
4p74,5.0
3hig,7.89
4cpw,7.5
3oe9,8.18
6c5f,4.48
2jal,4.82
6bd1,4.78
1wtg,7.03
6aoy,4.97
2w10,6.77
5ely,7.36
3b28,8.47
2vin,3.0
2vew,7.19
3bv9,5.36
4qp8,6.55
3io7,7.77
2r5a,2.6
2fv5,11.7
5hld,4.66
3h0z,8.37
3ogq,7.52
6hpw,6.09
4tz8,3.3
5yhe,6.69
5yov,7.68
5opu,7.28
5al4,6.52
3rt8,6.35
4fl1,3.28
3clp,3.69
2r9s,6.82
3dbs,7.12
3my5,4.19
4ixu,7.64
5lp1,9.4
5l4m,5.34
6dyo,4.49
4zx6,5.27
5jdc,3.98
8gpb,3.6
4wyp,3.36
3ts4,8.72
1c50,6.48
6mjj,7.84
2wi7,7.24
3lkh,6.1
1j5i,3.64
3ovz,8.06
5f4l,7.62
4gah,6.1
2pll,8.3
1dub,5.8
1owh,7.4
3bgc,5.02
3kfc,8.55
5l6h,6.62
4i7f,7.0
1vwl,5.63
2wor,3.9
3r00,5.07
6e83,4.54
4dzw,7.89
4odn,6.74
3w2o,5.08
6iou,3.73
6c6o,8.3
2zft,6.52
5uwm,6.45
3vd4,4.82
6g5l,7.62
2xyd,6.82
4poh,8.0
3pj2,5.14
6s5k,7.32
2giu,8.82
4ara,6.05
1bju,4.8
4e5f,4.82
3sm1,5.84
1xkk,8.52
1z9g,5.64
1mq5,9.0
2wos,3.9
4sga,7.3
1sh9,6.03
5b5o,5.72
5uir,7.14
3fpd,6.15
5q0t,4.54
4pnl,5.52
3ivi,7.92
1q83,12.39
4yl3,8.15
4h42,3.47
5enb,3.11
5mt0,3.3
2e9u,8.1
5iz9,5.42
1y2a,7.34
4m5r,3.0
4h7q,5.06
2ja3,4.0
6ppy,4.44
4xhk,8.3
4qp6,3.46
6mjq,7.88
1ilq,4.89
4ih3,4.82
2mwp,6.05
5uit,8.34
1lag,6.3
3c89,6.07
1bjr,7.68
3qa2,6.68
3hmo,7.52
4ppc,9.03
4duh,5.18
1fh9,6.43
5sy3,4.37
6h4w,6.97
3muf,6.49
3kpv,3.74
3iw5,6.08
2y0j,7.92
6eij,5.77
1ax0,3.13
2wnc,6.32
2zcs,8.22
1ero,8.23
6f9t,7.86
1kv1,5.94
4xyf,9.0
6mku,7.15
4ncm,7.0
2ndf,4.23
3ig7,7.2
2vpn,6.72
4dhr,4.57
4yv5,6.22
2jh6,7.77
6i9a,10.0
4z7i,8.11
6mt4,3.82
3wzk,7.24
1bil,9.3
3dxm,6.0
5fkj,10.66
4dli,5.62
1uti,5.62
1qbv,5.39
1g54,8.82
6p8x,5.56
6oin,6.0
6nzf,9.04
5kmh,4.62
1kuk,3.91
5ags,7.4
5ops,5.06
3eor,1.4
1gaf,8.0
6hah,4.81
2n0u,6.22
2v95,8.3
5f08,5.52
4mrd,3.37
2wl0,7.8
4mdt,5.0
3snb,4.38
6hqy,6.44
4k8s,7.44
3el4,7.17
4jfv,6.28
5ufc,5.16
5zuj,4.78
3eu5,7.49
5lx6,5.72
2rf2,8.44
3p4r,2.72
3i25,8.51
5h3q,8.22
5jsq,4.67
5mod,3.52
6hm1,6.04
2yc5,7.46
5ivj,7.34
4ie6,5.55
5kv9,5.85
4k7i,2.82
5wa7,6.4
2vvs,7.34
4ibc,2.98
6dtn,6.8
2o9v,3.54
4dem,7.55
6gwe,7.38
4zpf,6.74
4amw,1.55
4a22,8.49
2qmd,8.3
1hgi,2.68
6d4s,6.05
3u6j,8.21
5hmk,7.4
2gj4,6.5
5ar8,8.1
4uzd,9.22
5yu9,6.74
2oz2,5.71
1n7m,5.71
2wez,7.64
5jzs,3.27
3cyy,4.77
2zb1,6.32
5hct,7.6
3w0l,7.02
3t2c,4.6
5myl,5.0
3ujd,4.69
4jib,7.35
3q6w,7.57
6psb,4.1
2q63,7.18
1yk7,7.72
3agm,9.09
6do3,8.03
5w6u,5.49
5ly3,7.51
5ka1,4.48
2uzo,4.57
4ajk,3.11
3i4y,7.05
4wsy,7.77
6mdc,7.44
6gla,7.57
5u12,5.07
1nqc,7.3
3tif,5.38
2ou7,3.81
6u8b,6.37
4rn6,5.1
1j07,7.68
2q3z,7.22
3uoj,7.29
3hxe,5.33
4rcd,9.15
2kce,6.17
4g2l,7.49
3oap,6.26
6pu3,5.23
3ncq,5.36
4btk,6.62
4qdk,5.85
3cp9,7.32
6miq,4.55
1hqf,5.0
6bkw,8.3
3ljo,6.62
4q09,8.17
6dyw,10.44
4hyi,8.52
2g97,6.82
2qnq,6.11
1zfp,7.59
4q4o,7.46
4oi6,5.0
4aml,2.1
6fff,7.3
4aje,3.68
3dx3,6.52
4f2w,11.3
4wht,8.1
4gq4,7.66
3eov,7.2
5vm6,7.11
2qv7,3.66
3zw3,7.47
1oyt,7.24
3jzq,6.96
5eyc,8.52
4j2c,5.25
3miy,7.68
6a5e,5.49
185l,3.54
6apz,6.82
4crc,8.72
3drs,9.3
3v7t,7.21
3pju,4.88
4y5d,5.92
3ri1,5.3
5tv1,7.24
5mja,6.66
1t5a,4.62
5axq,10.1
6pg5,4.96
3bhx,9.15
6dxg,4.85
6nfo,5.57
1mrn,4.52
4ppb,10.0
2n8t,3.37
6h4x,6.88
4d83,7.26
3s72,6.4
2i2c,4.7
5n3w,6.3
3nik,3.45
2kwn,5.13
6hk4,8.55
3hxb,5.39
5kbf,8.92
4p4d,5.74
5e88,7.19
5km9,4.25
3eqs,8.48
5orh,4.39
3qi4,3.93
1ecv,4.85
6hza,9.3
3k3g,2.85
6ic5,8.22
4ng9,7.12
4ohk,8.3
6rn7,7.3
2f5t,5.17
5hv0,5.96
6d5w,4.2
4wh9,3.0
3qw6,3.52
4ly1,7.26
5wxf,4.48
5wqd,4.77
6mja,7.85
2aoh,4.44
3dp0,5.85
3zll,6.4
6m8e,4.85
1caq,7.72
3ia6,8.52
5ut0,5.88
4mzh,7.18
1fpy,6.0
1l6y,3.66
6qft,7.46
2oxy,6.52
5tbp,5.18
4r76,7.85
4mg5,5.34
4j3u,6.34
5wf7,4.01
2zkj,5.48
2clh,4.06
5o1i,5.4
2jkt,6.51
5tyl,7.82
6drg,6.92
3b66,8.6
1dbb,9.0
4mka,9.0
2qc6,7.0
1hqg,3.0
4lc7,4.93
2jgs,6.62
6ms1,5.22
5zla,4.3
4p5d,5.82
1gjb,6.35
1w80,4.54
4bbg,8.32
3ds3,5.22
2azc,6.74
6fnf,7.89
6p12,5.95
5nn5,5.47
2qhm,6.18
5erg,4.35
3l0n,2.77
4fl3,3.82
4ca5,9.39
2r2m,7.33
2p2a,6.12
6t1l,4.77
5vja,6.59
5orr,3.77
5mno,3.84
6r5f,7.7
3cd0,7.57
4tqn,6.11
4h36,4.27
6dvo,7.22
4gto,7.98
5tpx,6.55
3vx3,7.82
5u9d,9.26
6pys,7.15
4o72,6.0
4rll,5.02
4llx,2.89
4inr,5.59
5k1v,5.7
4q7v,3.59
3ozg,9.19
5t70,3.99
1j4p,4.99
5exn,7.64
6c9s,7.32
3fed,7.46
4qw1,6.11
5mny,1.31
2dri,6.89
4jjs,6.7
1oai,5.0
4cts,5.0
1fv0,5.93
6nv9,8.19
4x61,9.0
6oiq,6.57
1g2m,7.4
6gzl,5.14
4qmt,8.0
4a1w,7.3
3dkg,5.0
3kvx,6.83
4bh3,1.92
5naw,7.3
5l2z,10.22
4qwk,6.27
2xxy,7.89
2gz2,5.22
1mai,6.68
5h5q,5.74
5xgh,5.99
4zam,7.96
3g5v,7.8
5lj0,8.0
1bxr,3.4
3mt9,4.59
4uyg,7.6
4bam,8.94
3rdv,4.91
5iu2,7.8
5j41,3.7
3luo,6.95
1q95,7.57
3rbq,6.27
4nra,4.19
1ezq,9.05
3erk,4.74
6czd,3.85
3nlb,7.46
1o3e,7.96
1sj0,9.1
5c5h,6.4
6c8x,12.3
2aod,5.66
2zdt,8.02
4mjq,3.71
6a06,8.47
2qtr,5.49
4dgr,5.04
6bbu,7.54
5moq,4.68
3hkw,8.64
2qe2,7.77
3t6b,6.36
2f1g,7.54
6me5,8.78
3pp1,8.49
5lm6,5.11
4p45,7.8
6dql,7.89
4b5w,3.33
6nzq,9.52
4otg,7.59
1gsz,7.21
1hk3,6.59
4i9c,5.51
3fxv,7.03
3pwd,6.66
3ho9,6.1
4zec,5.82
2vci,7.68
2p3o,2.77
2pyi,3.75
5vwi,4.84
4u5s,2.41
5c42,8.72
5mw6,4.73
4uyf,7.6
1ld7,8.96
2mpm,5.89
2v16,8.22
4hyh,9.0
5mlw,5.03
4p90,7.19
4bh4,1.49
5g45,3.3
2uxi,7.3
1sdu,10.07
3lkz,6.15
3fv2,8.11
4fod,8.92
3ii5,7.62
6g36,7.79
5dhp,3.85
2zcq,8.82
3rlr,7.52
5bms,6.34
4rrr,4.44
3mo5,6.87
4zsq,5.65
5tl9,9.0
2bw7,5.7
5fot,3.17
4agp,4.69
3wqm,6.25
4bck,8.4
5wzw,5.91
1k27,9.0
6cnk,7.77
5l9i,7.0
1fzq,7.62
2c92,5.68
4muv,5.76
3zxh,8.52
5vd0,6.49
3arg,7.26
5v6u,2.26
1htg,8.42
6mdd,4.33
4arb,5.89
6mhb,6.77
3q7p,5.8
6isd,8.24
4cqg,9.39
2xlc,2.3
1sv3,4.35
6ma5,8.1
5w5s,7.77
3t3u,8.6
2qrl,4.0
1p4r,8.1
5dx4,6.86
3zt2,2.84
3vb6,4.41
4h1j,5.92
1v1k,4.46
1p0y,1.0
5unj,6.62
4zx8,7.1
6dl9,6.0
4bgx,1.77
5dlv,4.98
2bdj,9.35
2g5t,9.09
4xg8,8.72
2vqj,6.44
3o9l,9.66
3efr,5.08
3l7a,4.33
2ewp,7.1
1nhz,6.08
1jwm,3.57
4pd5,2.86
2wzy,10.72
1q5l,3.22
6bh8,5.12
6e2m,5.66
4i7l,3.99
2brb,4.86
3as2,3.44
3t82,7.0
2o4k,10.46
3gl6,4.68
1unl,6.7
5yid,5.4
4prd,4.6
6nwl,7.37
4z6h,6.21
2zga,6.32
4w7t,6.05
5tho,7.64
4r0a,4.26
1kc7,5.52
1qfs,9.48
4mnv,4.94
3rm9,4.77
2y5g,6.84
6d3g,4.7
3cm2,6.47
2l1r,3.57
5da3,7.1
1h4n,4.92
4mc1,7.85
3rkz,7.08
5oot,7.55
5icp,8.42
4akn,6.1
3mss,4.66
4yad,5.6
4x1p,4.2
6gjw,4.96
6ggg,9.2
2p4j,8.96
4ool,6.85
5ddc,7.04
4jg6,6.44
6gfs,6.54
2pvu,6.31
1ikv,6.28
6h7m,7.8
1ndj,12.16
3w55,7.1
5lkr,5.48
2olb,5.54
3anr,6.46
2zo3,10.0
4y6s,5.03
1w14,8.52
3syr,5.1
2i03,9.0
3nw7,8.28
3qgw,5.89
6p8y,6.2
3n49,5.15
5h15,5.8
4kne,5.9
5ot3,5.23
6efk,6.8
5my8,7.14
6jno,6.63
4l53,7.55
5wej,4.82
3rde,7.46
5tdb,5.84
2yk9,5.09
2wxl,8.34
3obu,4.3
4bak,8.91
5eh7,3.48
5drt,5.36
5lgr,7.09
5qaz,3.4
4ax9,9.57
5vjn,5.06
1bgq,8.57
2wec,3.96
5nin,7.12
4z84,5.82
3odi,7.82
1w82,6.71
6fdc,5.64
4hvs,7.8
4avh,7.23
5oje,5.21
6hu1,6.72
6hk3,7.5
5yjf,5.74
2c80,5.33
2oc2,8.52
2fhy,5.96
6ceh,7.44
4dce,6.76
3eht,5.17
4psh,8.89
3d52,3.28
1fmb,10.0
2r6f,8.0
3rxj,3.06
5g5f,5.28
4qmz,6.68
1hmt,5.79
4f3c,11.82
2f71,5.6
6c1s,8.52
1g9c,5.3
5azf,4.44
1b0f,7.7
3nkx,5.12
3lvw,2.67
6cha,4.4
3hii,6.54
6ibv,5.23
3c84,7.85
4f3i,7.44
2y5f,8.7
2fwp,2.92
5fcw,6.52
5ew9,11.0
3kc3,6.8
4nrk,7.62
5x27,9.4
6d1u,5.44
3sni,7.96
4rj7,7.66
5kax,6.11
2gnl,7.24
5wex,7.18
3bum,6.49
5zhj,5.0
1jiz,8.7
3str,8.4
5trh,5.08
2fai,6.24
1yet,5.92
5ioz,4.96
3qaa,11.54
4e9u,5.82
3ttm,8.52
4uro,8.4
5hor,8.22
4f9v,6.03
6pl3,8.52
6qzr,7.52
6dj2,8.12
6qgj,9.0
3pka,6.27
6dzq,7.37
2ay3,3.55
4mmp,7.71
5om9,4.25
3jqb,6.02
1uwh,7.66
6ooz,8.05
5xsr,7.69
3rxp,2.08
4myh,4.64
1a99,5.7
6ic0,7.66
2gcd,5.52
2yix,8.48
2kp8,4.0
3kgt,5.51
1lke,7.52
1nz7,7.12
4os6,6.44
1m5b,8.01
5dj5,5.6
5n2x,6.06
4j8g,4.19
3rqg,4.64
6jaw,5.66
4e5g,4.67
4f3h,6.38
3lpu,5.86
4flh,9.0
4gg5,9.03
4pow,6.3
4a9r,7.8
5ey8,6.31
4gw6,6.2
1hvj,11.4
1sqo,7.46
6css,7.6
6cyh,3.15
1tx7,4.6
2gvv,3.9
6f6s,2.89
6mhd,7.29
6mqe,11.29
4zpe,6.35
4glw,6.1
3hj0,5.71
6ntb,5.15
1cw2,6.15
4wgi,5.35
4qsu,2.0
5db1,7.66
4czs,5.0
3zvy,5.1
6prf,8.6
1ym1,6.24
5iu4,9.28
5l01,7.48
3tiy,4.77
5dqc,7.34
5k5s,2.69
1pa9,4.6
5prc,4.89
5wyx,6.66
4lwc,6.72
6cb5,5.37
6p14,6.66
6uyy,5.72
6er4,2.77
4uuq,7.54
2xyn,8.4
2n0w,6.15
5lgt,6.51
2x7d,6.7
2zxa,8.35
3vru,10.0
1ros,8.77
5y13,5.94
6m8b,5.36
6imt,6.6
3bm8,3.54
6bs5,5.7
4fgx,7.14
4j1i,7.4
5ye7,5.46
4hs8,7.92
1g2o,10.55
6bfx,7.1
6r1d,5.4
3a29,7.89
1jjt,8.05
1zhy,6.52
6aak,9.15
3mhl,7.25
3hhm,7.92
4b9k,6.17
2qlb,5.89
3fnm,4.71
5fb1,5.92
5c26,6.77
2wig,3.43
3ewz,4.1
3l3a,6.38
3zrc,5.27
3s7l,7.1
6ew3,7.4
4wy3,3.62
2a25,4.62
6ocz,8.52
4b74,7.66
5k03,4.74
1os5,6.85
4acx,7.11
6fh3,3.07
5mz3,6.66
1y1z,3.08
1msn,9.09
6gy0,7.32
1i6v,5.0
3d62,6.1
5dxg,5.92
4nan,4.72
6huq,7.14
2ybs,4.59
3sw8,4.5
3b5j,5.68
1tsy,4.96
2ow6,2.7
5l4f,5.89
3uri,9.0
1urc,4.72
2p3i,3.48
5d7c,6.85
3cth,6.96
6h29,5.62
5nf6,7.46
2gbi,8.52
4n7e,6.48
3mn8,6.17
2xm2,4.62
6g91,5.49
3wym,9.52
5law,7.1
5bwb,5.3
4qf7,8.6
4zhm,8.05
1gux,6.96
2yxj,9.3
5qad,3.77
4lj8,5.82
4c38,7.76
4tpp,8.59
1mem,7.94
1g9t,3.28
6bu3,6.55
5j9y,7.24
4r5x,5.26
5n1y,3.22
4kn1,6.84
1xr8,6.7
4xta,5.43
1yei,7.46
4lkf,5.37
1u65,7.58
5eoc,7.52
3p44,8.01
1yhs,8.0
4flj,5.13
5jsm,6.59
4g0z,2.21
3l4y,7.0
1mwt,1.88
4ebw,5.06
4msg,10.0
4zl4,7.86
3szm,6.4
6o6f,7.4
4gpk,7.52
5i58,6.92
4uva,5.75
1dmt,8.7
5m7m,6.45
3pty,5.44
4x5z,7.63
1w6y,5.36
4x6j,7.8
4nak,5.85
2m0o,5.38
6aee,5.37
6j7l,4.5
4z7f,7.53
3sjf,7.64
3v6s,9.12
3ro0,4.5
5htc,6.82
3ska,7.49
5zjy,8.18
1fl6,7.43
2pmc,4.19
5nz4,6.28
4w9n,4.26
3v7c,5.74
4trz,5.03
2osm,6.2
4pgd,6.92
2opy,4.52
4ejl,5.14
4pqn,9.15
6pf4,4.8
2qch,3.6
4fab,8.06
4jiz,5.62
6dh0,10.59
4bj8,8.29
2clf,3.55
2wou,7.14
2fu8,4.7
6op9,9.28
4ezk,8.2
5nzm,3.9
3r0h,5.92
3gz9,8.4
2ww0,5.3
3s9z,6.22
3pz2,6.14
5a3q,8.6
3uw5,7.85
1ol1,4.68
5vfn,3.52
4qo9,6.8
1c7f,9.52
5t1k,6.28
5nee,10.7
4rkx,5.1
4wy6,5.97
3fas,6.77
4yl0,8.22
3i6o,10.35
6qs5,6.24
4r5n,7.12
5a1f,4.61
3tvl,4.0
4b0g,7.82
6hmr,6.83
2x7t,6.63
2xng,7.22
1vyg,8.0
2xyf,8.44
1d4w,6.92
2zgx,6.74
6jdl,4.89
3ibc,4.91
3qo9,5.92
3atw,7.01
6eux,5.92
5ivc,5.92
3tfk,5.01
3owb,7.72
5jiq,5.4
3mtw,7.04
1tps,8.0
1h1q,6.0
4yy6,4.22
3asl,5.76
1rry,4.1
4rio,9.0
3gus,6.05
6c9r,6.71
5ngf,5.11
2fyv,3.52
3r9n,5.85
1kat,6.0
2r3f,6.3
6n8y,5.38
1ga9,7.08
6a03,5.25
4wyy,6.0
5wg8,5.74
4x2l,4.44
3hv8,6.98
1py2,7.22
6m8d,5.14
4g0q,2.52
3f3c,6.02
1bn1,9.34
4j73,4.56
6k2n,1.36
5bry,11.82
5d1w,5.12
5up3,7.9
1oyn,6.26
5eyr,5.3
4eop,6.05
3e01,7.52
4yur,9.8
1nnk,5.46
2zdx,3.19
3v2x,5.35
5h17,6.05
5fog,3.67
3lok,6.92
4bj9,7.35
3vf8,6.82
2y80,8.05
1d09,7.57
3pn3,6.4
2zoq,6.05
3f33,3.34
6fn9,3.55
6joe,7.04
6czv,6.64
5e1o,5.43
1usi,6.74
2xib,7.26
4n1t,9.1
4uac,6.54
5i5z,9.05
6stl,8.8
5csh,3.57
6bfe,5.85
3sw2,8.33
4b1d,7.49
5iyv,3.87
5svi,5.17
4j1e,7.72
6g28,3.64
3cs7,10.68
3fei,7.7
2xm8,6.8
4a6b,8.38
4imq,5.82
1ogd,3.03
4knr,5.74
5ung,9.47
5iha,8.05
3gx0,3.48
4x6h,7.66
4k63,4.22
3at3,8.04
4kij,4.3
4ylj,8.22
1exw,3.9
4uib,9.0
3o56,9.1
4ybj,9.28
1z2b,6.4
2h5e,8.25
1o4e,3.3
4qaa,6.44
5zlf,3.48
2qwg,3.64
3pgu,6.7
5wqj,5.52
4k43,6.88
3su5,5.58
4a7c,8.22
1a7x,9.7
5g5v,6.7
2bqv,8.05
5j8i,8.29
4rx9,7.89
1k9r,3.3
1exv,7.35
4ght,5.78
6jag,4.5
4rxc,4.48
5ne5,7.41
5uqx,6.21
3q2m,3.8
4a4w,7.72
3bxf,5.54
3np7,4.02
1n94,8.96
1gvw,6.96
1vea,7.52
4u6r,7.85
2gg5,6.6
4idn,5.24
3c6u,8.87
4b5s,3.49
6ccx,3.15
3b4f,8.14
4crl,9.71
3pjg,3.55
1mm7,7.7
2cia,6.43
2z9g,6.15
6c0r,7.51
6fe0,6.48
6njh,3.69
4qac,9.4
2gm1,7.0
4zsm,2.4
2wxf,6.74
3q2h,9.16
6qg7,6.83
2wqp,5.51
6hkx,9.34
6fmf,5.88
5ct7,7.15
3l59,3.7
5t9w,5.59
4eh5,3.09
4qfn,4.12
3dp1,5.0
3p55,7.1
3s7b,6.3
4no6,6.11
1hih,8.05
4dx9,5.3
6p1l,8.7
4lv1,7.4
5zjz,7.37
1hvs,10.3
2e7l,7.54
4ear,9.82
2qd9,7.89
4n6g,5.47
2cll,4.3
2wva,10.7
1sr7,10.1
2c6k,6.14
6i41,4.21
5e1d,5.39
3rkb,6.42
5etv,6.24
6cd4,5.34
4wvs,6.27
2qtu,9.28
4kp4,5.17
3av9,3.36
1n8u,6.03
4drm,5.24
4dkq,6.6
4zlz,7.0
5alh,7.07
2h1h,4.52
2v0z,9.22
3ig1,6.14
2ggx,3.49
6c42,8.21
6uwp,7.55
2fci,7.15
1rs4,7.17
5lud,3.61
1iew,4.59
1fcx,7.19
5npr,4.9
4k18,8.96
1g48,8.41
6q92,6.1
6bqk,9.0
3su3,9.13
4e70,5.28
4hv3,3.94
2h13,5.35
4gs9,5.66
3sv8,7.91
1dxp,7.57
5d3c,10.4
2oqs,5.89
3sut,7.85
5aoi,3.03
6fvn,5.3
6i8b,8.0
3k84,8.52
2jdl,9.43
3jzi,5.3
1mxl,3.81
2ohm,3.51
5u7m,6.74
4f09,6.7
4zyx,8.15
6fa4,7.29
2a0c,7.3
4r5b,6.73
4k9g,5.82
2x39,8.66
1aqj,6.47
5kit,7.89
3qiy,5.34
2wxp,8.52
1idb,7.96
5lgq,7.05
5nzo,2.24
5u4x,8.15
1gt5,6.1
5oa6,5.51
3in4,7.52
5yve,6.48
1k2v,4.44
5y5n,5.76
1skj,5.15
4qr3,5.85
3vhk,4.6
1gt1,6.0
1g5f,2.64
5ha9,5.78
5lch,4.69
2e94,8.0
2qhn,6.01
3ns7,8.33
1kf6,6.7
5k5c,1.62
3tkh,7.33
4os5,4.63
3puj,4.51
2cni,7.68
3h0w,6.22
1i1e,5.03
6qts,4.8
4l19,6.1
6knh,3.55
5ia1,6.28
4uit,6.7
4mwu,8.49
3c8b,6.1
4oas,10.0
1lv8,5.46
4mwb,6.49
5a4l,5.41
3v0p,6.28
6ps0,9.94
1x70,7.74
4xv1,8.38
5w2s,7.33
5aki,6.12
6bhv,5.23
3h23,4.71
1cpi,7.41
2ovy,8.4
1ec9,3.1
4aa4,8.05
1ppc,6.16
2yln,7.68
4uye,8.02
4e3i,8.89
5d26,6.09
4hlm,6.77
5am1,8.52
5edq,8.7
3dej,8.0
4ce3,3.96
2ces,7.25
1hn4,3.82
4jzd,8.3
5y0f,6.68
1n1g,2.3
5lwd,6.24
6b59,8.09
4kn2,7.27
6naf,4.26
1yvx,5.1
4gsy,6.92
2vr0,4.42
3ggu,9.77
3ctq,7.4
3jzb,9.01
4hkk,5.54
1pq6,8.1
5vcz,6.35
2hhn,7.49
6u8o,6.54
5wfd,4.58
5u6v,7.68
4a16,9.37
4ad2,6.2
6jib,5.8
6ul8,7.52
3bqc,5.73
3itu,4.4
5n53,2.55
6dh4,11.3
5web,8.0
2w0d,8.7
6rn6,6.8
4eh3,3.53
3ljj,6.52
5zhl,6.72
1eub,8.72
1dis,11.0
4gki,4.46
2df6,5.98
5qas,3.72
3v0l,5.52
6idz,6.51
3d28,5.85
4tyb,1.7
1pmx,5.14
4hni,7.49
5qao,3.62
5alo,6.13
5y2f,5.15
2r43,6.0
2mc1,4.15
2vgc,5.24
5xhz,6.49
6evp,4.53
2q94,6.43
3f9w,4.72
4rs0,6.0
4jmh,8.68
1eef,2.92
1ru1,4.74
3upk,4.3
3sff,6.7
2q72,2.68
3mv0,3.85
3kdb,9.85
4u0u,5.82
5xvk,5.05
4av5,7.21
5moe,3.28
1z6p,6.05
5yy4,6.43
6cd5,6.81
4jlg,8.7
2p0x,6.31
2pwd,4.4
5fum,4.74
4occ,8.7
2xei,10.62
4url,6.3
4do5,5.83
4fcb,8.54
3dz6,7.82
4i5p,6.42
2vk2,6.89
5vc6,7.87
6g8l,5.0
4li5,6.26
5csd,7.89
3fup,7.66
1cbx,6.35
4cff,6.4
4xc2,5.37
3ehx,7.6
5lli,7.05
4tzn,6.52
4ufh,6.42
3iph,7.6
6ce8,3.41
3wav,6.74
6jmf,8.59
6cwf,7.54
4euv,6.3
1o2n,6.09
4kjv,7.74
6c9p,5.64
2x8d,6.1
4l2g,6.68
1nw7,5.09
6qk8,4.85
6o6g,6.52
6moo,9.17
5lz4,5.7
4kpz,2.71
1zhl,5.0
2xi7,5.14
6r7r,6.33
1elb,7.15
4d7b,7.68
4mk8,9.0
2ke1,5.3
6d4t,6.92
6qr2,5.49
1jn4,4.95
5hmi,7.82
5ipj,8.89
1fh7,5.24
2o64,6.47
5a4q,5.54
1tou,6.0
5ecv,6.77
4ejf,5.1
4nud,7.07
2bvr,3.7
6ez9,7.77
4qsk,5.1
1q91,4.15
2p99,5.94
3r8z,4.31
4deb,6.43
4k69,7.4
2c3i,7.6
4aw5,6.12
5ts0,7.8
4qmu,5.89
4og5,6.52
4qme,6.52
2arm,7.68
6pvw,6.32
6gjm,3.58
1sre,3.85
3gy4,5.1
5g43,3.7
4mrw,3.3
3lpi,8.52
5ota,5.74
1inq,6.27
2jql,6.52
5u7i,7.18
3tk2,4.62
5ezg,4.92
1gi7,4.51
1rzx,4.1
2cfd,7.49
4ofb,5.43
4quo,7.92
4yqv,5.71
4i60,5.73
3vbq,9.33
5ymx,6.92
2pr9,7.37
5yfs,4.86
2g1r,7.7
6p8z,4.7
2ow7,4.85
6c5q,6.66
6miy,7.73
3bwj,6.5
1ba8,9.0
2nn1,5.82
2fqy,6.57
4rac,7.52
4owm,2.96
3zm5,6.74
6g4n,5.64
6ge0,8.68
3ggc,5.44
2vv9,7.77
5win,7.03
1yds,5.92
4wq2,6.3
2vj1,5.3
3lp1,6.92
6dh3,11.3
6mdb,7.17
4g9c,8.64
2ydo,7.51
5nfh,7.74
6q8k,6.54
4mrz,3.52
6esm,5.53
2y1w,6.33
2qzr,7.26
4ozn,5.4
4bcf,8.15
2rk8,3.64
3qw8,5.1
1pbk,9.05
3igb,4.42
3nnu,7.32
4km2,5.84
5yzd,6.7
6bfa,9.0
5a69,8.96
5djr,4.86
3il5,5.8
3nin,4.91
3lq4,5.22
4mnw,5.76
5qby,7.4
5vwk,5.48
5fov,2.8
3tvx,4.14
5ab9,6.33
4ok5,4.51
3zdg,7.1
1h0r,3.7
5y5w,6.1
5kq5,8.05
5a3o,4.73
6o68,4.99
5f62,8.17
3qx8,2.86
5zk8,8.89
2evo,7.17
5j9x,7.77
5ni7,7.7
1lkk,6.85
1v1m,3.94
5wad,8.11
1zgv,6.0
1veb,7.41
3m35,7.22
5fl4,7.0
2xpb,5.7
3mi3,5.45
2wyg,8.7
3sgt,3.82
4j0t,6.74
2l8j,5.52
3pgl,5.3
1hvh,7.96
6bgy,6.82
5tzh,6.17
1xk5,6.0
2fov,7.55
6q9l,8.41
6jb0,7.24
1rtl,5.59
3r16,7.3
4u73,5.18
3p4f,5.66
4hla,10.8
2flb,5.74
4hcz,4.44
3ufl,6.82
4wyz,4.3
5ene,3.23
1qj7,8.1
5w3i,5.8
1riw,7.55
6nvg,8.07
6oxu,10.02
6uvv,5.18
6rih,3.98
5t1m,5.82
6mh1,5.92
6akw,7.22
4qij,5.54
5zg3,7.21
3hau,6.38
4ezl,8.59
13gs,4.62
5ksv,5.22
4oew,6.82
5v3o,7.22
5o3q,5.68
5hwv,5.07
6gi6,6.71
1hn2,6.0
6hgr,3.46
2c90,3.48
1z71,9.18
3muk,3.42
6gcr,8.33
4d1y,7.13
4y79,7.96
5vlr,8.52
1hi3,4.19
5yjm,7.68
2cet,8.02
1vj6,5.1
3fe7,7.12
2rkd,2.72
4a9t,7.15
2exc,6.63
4ktu,6.16
1fwe,5.6
5cqt,6.91
5jcj,4.42
4dst,2.96
2zyb,7.7
3drf,7.0
5kcv,8.3
3u5l,6.19
3fvk,8.82
1noi,3.15
6f5h,7.05
3oxc,8.41
6ekn,6.29
5epp,4.16
6moa,7.08
4l09,6.07
3wq5,3.85
6cd8,4.71
4yk0,3.74
4tyt,7.7
2va7,6.7
1pl0,8.22
2l12,4.26
2qp6,6.68
2byh,6.59
5aqf,3.78
1pcg,7.6
5est,6.52
5tuo,6.49
2y4a,4.38
4dhm,3.78
3t3y,5.47
1ihy,3.74
3t4h,5.28
1a85,4.52
5dif,6.23
4oc6,7.07
4yha,6.65
6buv,4.74
4fk6,9.7
1u71,7.48
6eqx,10.47
4fc0,7.16
4du8,5.37
6czu,6.32
4pgc,5.88
2og8,9.3
1uu8,5.05
1w51,6.3
5o2d,5.68
4bty,7.7
4lgu,8.68
5alr,7.07
1rev,7.48
2yhd,4.64
1rdj,1.66
5nzp,2.19
6mo1,6.54
1xot,5.42
5cuq,5.92
5vii,7.29
4qvq,5.2
1i8i,7.66
2hdu,2.3
1py5,7.29
3atp,4.45
5hbs,7.73
1y2e,6.8
2cc7,8.01
3ft4,5.93
6boy,5.74
3qmk,6.1
6qmj,7.36
5etr,6.52
6k4x,6.66
3fcq,2.77
6rtn,6.63
2wxd,5.48
3qs1,7.96
1ws1,9.55
2c1a,6.77
1qy2,5.74
6ipj,5.79
5a6a,7.22
6pga,4.54
1osv,3.48
4jfk,6.44
1ndy,6.17
4pvy,6.71
3rtx,3.86
5ly2,7.92
5eth,7.25
3twv,4.76
3pbb,7.02
6k1q,7.46
4l6q,6.27
3c4c,6.8
3zlv,3.52
6imr,5.37
5u66,3.0
4l0l,7.27
5cuu,4.37
2nmx,5.57
5dq8,4.14
1kwr,6.6
3ik1,4.85
4q83,4.19
3uvn,6.59
3ern,1.72
2piz,6.77
2xye,8.34
1g4k,5.7
5ai8,3.9
1abf,5.42
3st5,11.3
5xmp,7.37
3hs4,8.0
4tjw,6.02
3loo,6.07
4lqy,3.89
3vby,4.55
4ty6,7.52
3zyb,5.38
5e8r,8.7
4v05,9.7
5dyw,8.31
5oax,7.57
2hmu,7.7
3q3b,7.76
4usw,2.69
6ggn,10.1
3u10,5.44
5efc,4.85
3tkw,5.27
1f0t,6.0
5wle,5.72
5j7f,7.24
4rxe,6.64
3gws,10.09
4rrg,2.81
2ydt,5.52
2cem,7.92
1ghw,4.2
1kdw,5.54
5mrm,5.03
1o86,9.57
3q71,5.22
3wqw,5.23
4qer,7.54
6dpt,7.11
1vij,9.52
6ekq,5.46
1mfa,5.04
3kgq,2.3
3pxz,5.23
5ax3,5.92
3dp9,9.68
4nie,7.7
5n9t,6.66
5lpd,10.15
4o7d,3.0
1q84,11.05
4agm,3.98
5e5g,3.15
5nk2,6.74
3qk0,8.7
4oty,7.4
2iwx,6.68
3ipb,6.7
6abk,1.95
6mll,3.62
4wpn,6.68
2h44,5.77
4jx7,6.91
4nw7,6.63
2xj2,7.18
2vto,6.85
5w88,4.52
186l,4.85
5agt,7.12
6tyz,6.88
5oqw,7.4
3hrf,4.99
6nzr,9.3
5wou,6.18
6g9a,7.68
3ips,7.19
4yje,4.84
1sle,6.17
2iu0,6.89
1ugw,3.09
5x4o,4.06
6cmj,8.3
5oei,5.8
1ypj,7.02
1mkd,6.8
5emj,7.48
6g2n,7.14
2xpa,5.39
5u8f,7.96
4dij,7.52
4z68,6.49
2zu3,6.1
4o0b,8.3
4xsz,5.6
3o0g,6.22
1f4x,5.59
6n3v,5.61
1siv,8.08
4j47,4.92
6ciy,6.7
5ggo,3.1
5wg9,5.59
3th0,4.12
6cbh,6.29
2vw2,3.3
4rhu,6.16
5zqq,7.66
5jmw,6.76
6qgg,6.3
2ito,6.91
2xwd,6.96
4x3k,4.56
3rik,2.47
2qpq,6.37
5i83,5.39
4e3j,8.92
2v87,4.6
5mkr,4.77
3ls4,6.3
3n75,7.89
1eas,7.74
1fch,7.15
2gv2,8.3
1m5d,5.04
5khk,6.39
1z9y,7.19
3std,11.11
3qcf,5.6
1jp5,9.22
3gta,4.28
5j5t,6.96
2fts,7.05
3zrk,6.89
3f16,8.23
2bcd,10.22
5lpk,5.51
5n6s,8.09
6awn,9.2
2q2a,7.41
3ekr,7.52
3v3m,5.32
5h8e,11.2
6jtc,5.07
3kqd,9.4
5kva,5.14
2v13,7.59
5l8n,4.51
4r6w,5.27
3f15,8.1
3aox,9.08
5l7f,9.05
6ps5,8.43
5dsx,8.0
4dwk,6.22
3zqi,7.19
4lwi,7.64
2obj,7.3
5jjm,7.51
1xh7,6.82
3q77,8.22
4d1c,5.7
2c3k,7.59
2gz8,5.52
4lxa,8.7
4z0k,6.34
4rrq,5.47
5v6y,8.47
1o5p,10.0
6g7a,6.78
5j9l,7.47
1q8w,5.24
2r64,7.52
3ekw,7.96
4lmu,7.26
5mmg,6.01
3u7s,8.43
2z94,5.85
6e6j,8.1
3max,6.05
3r5m,4.34
2jdo,6.64
6nel,7.96
4utx,5.24
5f2r,4.28
1dva,8.07
6hh5,4.27
6fzg,6.55
4wmu,6.74
5za2,5.77
2xn5,6.69
4qht,4.94
4c1m,7.8
2oph,7.8
5dh5,9.64
1i7z,6.4
3zsq,4.96
6m8c,5.66
4ge9,8.8
1xbc,7.92
4own,4.22
4iwz,7.29
4gzt,7.77
4pdk,8.22
1yvf,7.0
5e1m,6.72
2hxq,6.84
1azg,4.8
6qaa,7.66
5j1x,5.52
6rnt,2.37
5zyh,5.57
2wfg,4.42
4yoj,6.39
6h38,8.11
5byy,7.01
4aj1,3.11
2xm9,8.05
4led,2.3
4txc,6.62
5ult,10.85
4cfe,7.22
4ww6,10.21
5f00,6.6
3b25,6.07
2chm,8.26
4ndu,2.74
4q3u,6.44
4oyb,5.8
5b5f,5.25
3qlb,8.43
5jzi,4.8
2x2i,8.7
3zlo,8.82
1atr,6.96
5tw5,7.42
2yjw,5.12
2cfg,7.44
4r6t,7.52
5bqi,9.05
5zk7,6.71
5ohj,10.42
3k5d,7.28
6e1a,8.85
4zyw,7.17
5f20,7.52
2qu3,6.23
5zkc,8.19
5m7s,9.05
4ny3,4.31
4o3f,5.56
3b3x,3.6
5o7n,6.52
3juo,5.07
4rj4,7.8
3ikg,7.24
4w7p,7.49
1w1t,2.96
6mj7,2.82
1pzp,3.31
5vzy,8.49
6sdd,8.4
5wfw,6.1
1h07,5.52
3d9k,4.72
5fat,6.96
6bhh,3.76
1adl,5.36
1w4o,5.22
3sdi,8.33
1d4i,8.85
2v2h,3.77
4ii9,6.03
3lik,8.72
2oqi,8.49
6anl,8.27
1ttv,6.8
2f34,6.89
4n8r,5.0
4i9o,5.72
4lwv,8.22
5ggz,7.25
6a04,5.21
6enx,6.08
2oz5,6.48
2gg8,4.6
2vcb,5.26
1li6,3.8
3aig,6.0
5mav,5.48
5d3p,5.13
5l2o,6.12
1ez9,5.1
6g9i,3.93
3v2q,6.29
6mlh,3.67
6hvh,7.33
4few,5.21
5za8,6.29
6g0z,5.32
6fvo,5.55
3r5t,8.58
1om1,6.77
6gxw,3.36
4x2i,6.46
4eb8,9.82
1qm4,4.3
4cbt,7.3
2x6j,7.44
1e72,3.22
4tk5,7.49
4efu,6.6
1h37,7.23
5q0h,7.92
6gjd,7.66
3kjq,5.88
1ylv,2.7
2yg2,6.05
4zg9,7.59
4kom,7.0
6mzw,8.41
2vnn,8.7
5kyk,5.8
6bvb,6.71
2ivu,6.43
4twt,8.0
1cnx,7.37
6mhc,6.43
2i3v,6.55
2fes,9.01
3iwy,7.28
2ltv,5.16
3a6t,7.28
1b8o,10.64
4msu,5.85
5hg1,5.2
6axq,4.0
3u4h,4.25
1fwu,3.7
5gwz,4.71
4d8c,8.7
1gi8,5.05
5fwr,7.75
4hzx,9.3
3zeb,6.13
2l84,7.72
5xn3,6.17
5vc5,7.96
4n1u,8.3
3q3k,8.13
1thz,5.15
5h5o,6.56
1xr9,7.15
4gtq,8.3
4kwo,6.45
3mmr,4.96
3mnu,7.32
2viw,7.14
6qmk,7.46
4xya,5.86
4gb9,6.27
2yek,7.21
5n58,6.1
3lp0,6.96
5tpg,7.85
6oio,6.54
5ho7,4.77
4li0,6.59
4jt9,8.14
6g9u,6.43
4jxv,4.51
6fgl,4.62
1v2n,5.9
6ueg,4.71
6n97,5.15
5yy6,7.62
2hwg,3.55
1c8v,6.33
1egh,5.7
4hy1,8.7
3m6r,7.49
3o8g,5.13
4j53,8.7
2yi5,7.41
5c7b,3.0
3lfn,5.5
2xxt,8.05
5q14,7.68
5vex,4.63
1swr,6.92
3rux,9.28
4xy8,6.4
4gd6,7.38
1sz0,9.0
4cby,7.7
3f1a,7.21
4ono,5.19
2z60,8.05
1p06,6.27
4des,5.85
2ph8,5.74
6ior,4.31
3wz6,5.96
1xoq,9.17
4wkt,3.26
4qmo,7.72
187l,3.37
3sus,4.15
2xiz,3.89
4iu0,5.89
4hra,10.1
2jst,2.59
4uub,4.76
4tn2,6.92
3r42,4.08
3nii,4.23
5gmn,4.73
4omk,4.4
4bnx,7.7
5mxr,5.21
4o61,4.3
6f8g,4.18
5nfa,5.25
5k8v,6.34
2of4,7.09
5b4k,9.34
6n92,4.97
6sge,7.51
4la7,6.57
3g6g,8.55
4o43,4.3
5nfb,6.11
5m28,4.32
5eko,4.8
1jjk,11.06
1kav,5.82
3cyw,7.77
4cwf,4.49
1v7a,8.01
3gol,7.09
4asj,7.55
3bc5,8.3
5to8,8.51
5w0q,8.0
6ic6,7.82
5v7t,6.21
3rbm,6.57
6q9t,7.52
2oh4,8.46
2n9x,6.4
7kme,4.4
3c3o,4.36
3dcr,8.2
3stj,4.8
2aov,7.04
5b4w,8.46
2p9a,5.18
5lgo,8.22
3wp1,4.85
6pdj,7.38
5a3h,4.57
3fxz,6.89
3gi5,11.22
4o5b,8.3
5fb7,7.89
5vb5,6.46
3u4u,8.52
5uff,4.24
6maj,7.47
4ctj,2.51
6oz6,7.28
4iq6,7.24
1nfu,7.74
2zlg,5.59
2jkk,8.2
4e6d,8.92
3l1n,5.63
5tyi,6.89
1r5y,6.46
3q6s,6.74
6cq5,4.24
4cc2,4.33
3hvk,8.52
2o63,6.11
4jj8,6.14
3cii,6.1
5y94,6.79
6b30,7.22
3d78,7.64
6d5e,6.85
6fs0,9.77
4qtn,6.85
2o4s,10.51
4qmw,7.07
4e7r,7.7
2odd,3.96
3piy,6.54
4s3e,6.11
6gg5,3.65
3o84,7.24
5yfz,6.96
5k1f,4.79
4avj,7.44
3piz,5.46
3ddg,6.0
5t31,6.96
2bkz,8.15
3dbu,8.06
6cn6,8.3
3h9k,7.85
5q0r,4.57
5ka9,4.41
3uz5,7.22
6dk1,7.65
5thj,2.87
5kr8,6.82
1u0h,6.96
3gf2,1.7
5vcv,6.82
3u2k,7.52
1mns,4.17
3pix,7.0
3qd3,8.0
6j3o,5.62
5fnj,2.29
2piy,7.7
1jfh,2.05
6e4w,6.7
6fer,4.36
3vp3,4.95
6nv7,7.92
3kqt,5.34
4qgg,9.0
6e9w,6.55
3gxy,5.59
5o9o,4.89
4mk9,8.05
6n7c,9.17
5faq,5.28
5sz7,9.7
4m5j,4.84
2y9q,6.15
1tl3,6.2
6cec,4.35
4k75,4.25
4dcy,4.52
5m4u,4.89
3vjc,7.72
6ej3,5.93
4ezz,5.19
1stp,13.4
6np4,4.44
3ccw,7.87
6pek,6.52
1tow,6.24
4oru,3.68
4wv6,4.98
1nw4,9.07
6mdu,4.25
2ien,9.0
2r2w,4.47
1los,7.19
3k3a,7.08
5dtq,3.86
3r0y,4.84
3eu7,6.18
3zi0,7.4
5jer,3.7
6fr0,6.84
6eiz,6.22
1n5r,5.66
6biv,6.52
6cqt,9.64
4bcj,7.96
1u8t,4.26
5y21,6.47
2xm1,5.07
1ro7,3.18
3u8h,6.49
5ehi,3.34
3kag,5.18
6f3f,4.52
6pht,3.41
4bco,6.88
4res,7.85
5nxo,8.31
3whw,8.22
2lya,4.19
3lk1,4.26
3txo,8.05
4yhm,9.76
5ukj,7.16
5opc,4.54
1mxo,9.0
2r5p,8.48
6g8q,4.72
4zae,8.44
5ap5,7.97
5iay,5.8
4py2,6.57
3nim,4.75
4kxl,6.22
5j3l,4.8
4mjo,6.22
5o1c,3.95
2gpp,5.7
5kyj,7.89
5kjn,7.77
4zs3,5.18
5d1n,5.57
3i51,7.7
3zst,1.72
4ezw,6.0
5nra,6.91
4m2v,7.44
5dcz,9.3
2qmj,4.21
2pl9,4.17
2i72,7.43
3hxd,5.05
5ajc,4.24
6jt3,8.3
2oei,3.91
3tg5,4.7
2rjr,1.94
2xbw,8.0
6ful,4.92
1f5l,5.28
3r6u,4.52
5n17,5.32
6di1,6.74
6q37,6.36
1a7c,4.0
2j83,4.21
5gsw,5.94
4qwl,6.18
1jdj,2.3
5id0,5.77
2ggb,4.92
5mxo,5.27
2m0v,5.97
3ryz,8.62
3r92,7.02
6eyt,5.72
6oe0,8.92
5oah,8.31
3rbu,9.43
5hmy,6.3
4mi9,3.42
2w7x,7.62
2xgs,3.28
2fjm,6.85
3g2i,4.86
6mod,9.15
5f29,5.05
3fy0,5.96
4pl3,6.54
5g1c,6.85
2r6n,9.0
3eqb,1.82
5nba,7.3
3v4x,6.15
1xh6,7.32
4n5d,3.22
1c3x,3.68
4tk2,3.72
4i06,7.17
5jgi,4.3
4jrv,7.54
2y82,8.4
4xaq,7.14
6e3n,8.7
6n77,9.24
4z1e,8.24
4iif,5.18
5yls,5.29
3tfu,3.28
6sfc,5.28
2vwf,5.06
1utz,5.85
5y6d,7.26
1fj4,4.59
1zp8,8.77
1h60,4.7
5a7y,4.48
6i0x,6.07
5kmf,6.29
5ugh,6.77
6sze,4.1
4azc,5.86
3vbd,8.07
5fck,8.22
6h14,7.86
6m89,5.64
2r3m,8.0
4qmx,4.96
6nfi,7.05
3kwb,7.77
1nc1,6.12
2cbr,6.85
3kf7,7.4
3byu,9.1
5oae,4.6
1pb9,3.62
6i61,6.24
3ogm,7.32
4wnm,7.59
4yvz,5.52
3e9h,7.55
2pl0,7.21
5wkm,5.12
5i24,7.42
2gst,6.07
4ux4,7.01
4xtx,10.57
3f3d,7.16
3kqw,4.01
3qxt,5.22
6oe1,8.51
2p0d,7.0
5i3x,8.1
4qta,6.7
3k5x,6.41
4bo1,7.3
1n8v,6.03
4j0s,6.42
4jfi,4.74
4e6c,4.82
6oa1,4.59
4cnh,8.4
4mpe,6.37
1b2i,5.51
5ml0,6.3
1umw,6.55
1w1y,2.62
6gbx,7.7
5owl,5.92
5fow,4.03
4azy,6.7
1c3b,7.57
2wu6,7.53
6d1l,8.12
5etp,6.15
5eel,6.08
2zz6,6.72
2pqc,5.74
1nfw,8.96
5am3,8.3
2c6i,4.96
3l8v,8.1
5aly,6.73
5nk7,6.33
1uef,5.49
5m4i,7.89
4qmm,6.34
3k2f,7.2
2zq0,6.82
2oyk,5.3
1bv7,10.3
1aq7,6.05
1pip,5.0
2kfg,2.92
3rl4,5.42
4pnk,6.6
5zg1,7.72
4u2w,6.0
2uz9,5.71
6pml,3.09
3g3n,6.29
1wc6,4.0
6hv5,6.49
1hgj,1.66
5wdc,6.4
4jls,5.66
2v3u,3.0
1fiv,6.59
5th2,4.52
5nai,6.1
5alu,7.66
5mqe,5.4
3omm,7.43
3dg8,4.7
3k5f,5.43
4g2f,6.8
2psu,7.62
4dxg,7.06
1rbo,12.72
1rth,6.4
1n7t,6.82
4nah,6.31
4fem,4.06
3rm8,6.15
4odk,3.8
5o87,6.61
3oof,7.3
3o75,6.68
4w9o,7.77
1oit,8.52
5b1s,3.91
4npv,7.46
4obz,5.72
5jjs,7.32
4cku,6.82
6s7s,4.77
2uup,3.98
6ajr,4.31
3p3s,7.59
1di9,5.3
2v00,3.66
4d8e,7.01
4o71,4.74
1xog,6.39
1fpc,7.0
5uq9,6.15
1g49,7.8
4fxf,5.19
3wth,6.29
1xpz,7.08
2v8w,6.82
6bed,4.72
6u5m,6.29
4zji,6.47
3p3u,6.48
4u6c,5.0
3sh1,7.39
1lyb,11.42
4exz,7.54
5tpc,3.0
4nms,4.94
2qzx,8.22
2xaq,5.96
5dhs,5.22
4m0f,8.77
5d25,6.3
6dge,6.72
6cqz,9.64
3u9c,5.89
2aou,7.73
6hti,7.01
6no9,10.52
4m3d,5.41
1xk9,6.85
4e1n,7.17
3lzz,3.84
4ie3,6.01
3p8n,9.28
6oac,7.95
2az5,5.27
4rpn,6.96
6afk,6.0
5ix1,6.31
5eak,9.3
5vo1,8.15
3h1x,5.89
5l9o,5.4
3p23,4.42
4c6x,3.76
5j58,7.3
6baw,5.38
4cc5,4.42
2q7o,7.92
6fam,4.01
2gek,7.52
3d51,4.15
6f29,5.49
2yki,9.46
1fm9,9.0
2qpj,6.35
6eo8,7.0
1xgi,4.85
4e1k,6.3
4n8q,3.42
4qna,4.64
6jse,8.77
1i5h,4.28
1wva,6.57
2q54,9.01
4zt2,8.0
5w4s,4.03
4mao,7.33
6guf,6.65
6i18,4.07
3u4i,3.89
4dhp,4.44
6e5l,7.18
2e2b,7.96
1aj6,5.92
1ag9,9.0
4wku,5.68
4llk,3.0
4q1c,8.7
6fyp,6.84
2xl3,5.25
4lkd,5.35
4qok,5.19
6gvf,7.55
1xp1,9.3
5ghv,7.92
2oc7,5.85
2zlf,4.51
6p7p,6.15
3oz1,8.7
1ka7,6.22
5jeo,4.8
1rgl,4.43
3hyg,7.03
5llo,9.4
4epy,3.47
3e73,3.15
5ybi,3.49
1bim,8.92
4rqv,5.05
5vd2,7.1
2bzz,6.43
2azm,5.66
4kai,7.3
3rxl,2.62
6c0s,7.05
2wuf,4.29
4qj0,7.32
1n3i,8.89
6c0n,8.37
3pm1,5.93
6dgz,11.3
1oxg,10.57
1hef,9.0
5qap,4.0
3pb9,6.58
4c8r,6.82
6qri,4.82
4x49,4.53
4o62,5.0
5lyx,7.42
5n20,4.21
3wk8,4.31
1lcp,6.64
5u6d,8.59
5k0b,6.05
3h22,5.1
6t6a,6.7
3hq5,7.8
3tdh,4.26
3wzj,8.18
4iz0,4.0
1oe0,5.16
5iug,7.33
3cqu,6.82
1nh0,9.74
6ak5,6.12
3uo4,6.52
1hvl,9.95
4mex,6.7
3cn0,5.51
3h2f,4.06
3dt1,8.62
2b1q,1.59
3nzs,7.12
4jju,6.29
3rsr,4.36
3zcw,6.19
6df2,7.24
6p3u,7.02
2e9o,7.7
4cga,6.4
1h24,6.3
3ifp,7.61
4lko,8.22
2cvd,6.1
2wa3,3.0
1swp,11.0
2xuz,7.4
2b7d,8.7
1so2,9.57
2d0k,5.02
1o5a,6.42
1o5b,5.77
1at5,4.19
2x6i,6.08
6b1x,7.4
4e0w,7.48
4urv,2.77
1eve,8.24
3ked,2.44
3avf,3.53
5gic,6.48
5tmp,7.47
5zo9,8.2
6bc9,9.43
5j6n,7.77
5nar,6.3
2kfx,4.0
3vva,9.32
5al1,4.28
1zz3,6.54
5e2v,6.08
2qu5,8.06
5l2n,5.55
1xka,6.88
3fkt,5.55
3d7m,6.44
4y85,7.89
6prg,3.7
1jn2,4.09
1n5z,4.36
4hy4,8.57
2hny,5.93
1e3g,9.0
4hy0,6.7
6etg,4.66
4aq6,4.8
5fsn,5.77
1r17,6.42
4lys,4.34
4qwj,5.77
4rj5,7.18
4b33,3.37
3bi1,9.92
1z95,7.12
5dg6,5.07
3cqw,7.38
4bkz,7.57
5f6v,2.24
5mfr,4.3
4x3i,3.17
6rn9,8.2
1z6j,8.03
3l4w,6.0
4xjs,7.12
3tfp,6.47
3blr,8.19
6ccm,5.25
3ubx,7.6
4y2t,3.82
5v8o,3.77
5c29,6.06
4ew3,6.74
1u9x,8.15
4qp9,7.15
3oys,8.05
3m8p,8.68
2vcq,6.04
6fdq,3.95
3kr4,7.6
6hf5,5.17
6by8,6.91
3v3q,6.6
4mcb,5.82
2jko,8.11
4d2t,6.0
2zdm,6.41
5w85,8.0
2x4r,4.77
6bjo,6.29
5csx,8.22
3g2w,5.66
6dih,2.72
4pzh,8.0
1ow4,5.68
3bt9,5.71
4glr,9.46
2c02,4.04
1h36,7.74
3g3m,5.96
5hln,11.52
5lo5,5.87
3bbf,5.28
2cle,3.55
4azp,5.9
4kju,8.22
3zhf,3.92
2nns,6.05
5t8o,6.51
3tpu,4.32
2p3g,6.9
5t7s,4.1
5c4s,8.42
4d2p,5.68
1kdk,9.05
2o0u,5.49
6hp5,7.27
3rsb,6.4
4rcf,8.4
2x2l,5.28
3hek,8.27
6h4q,5.69
4ow0,6.82
2zx7,10.49
5cls,6.66
2n7b,3.55
6gu3,5.36
5h1v,4.0
1stc,8.1
6p1d,7.41
3d1g,5.0
456c,9.77
1g2k,7.96
5nkc,7.72
3hwx,7.86
3ocb,8.3
6b41,8.48
6bcy,4.81
4k3o,4.44
3buo,6.06
3ut5,5.74
6bdy,5.69
2eg8,4.5
3l5e,7.57
6f1x,7.7
4jg7,6.92
3ag9,8.05
6hwz,5.17
1ado,6.0
4rrv,7.4
3s2v,6.8
3dd8,7.85
2oyl,6.3
6oxy,9.55
1hkm,8.72
4e90,8.1
5lp6,4.76
2clx,4.88
5wyz,7.68
5ai0,3.69
6jsg,8.34
3cd7,7.84
5u4e,6.35
2qf6,6.49
5vqw,5.7
1mui,11.89
6fyl,8.15
5v41,6.15
4rme,5.92
2yit,9.54
1ek2,8.2
5mo2,3.84
2w12,4.65
6q73,6.9
1df8,9.7
5ldk,4.17
3eqr,8.7
1unh,7.0
2wzm,5.22
6h96,8.68
2z78,6.12
2pov,7.12
5wfz,8.0
4krs,6.52
4g95,7.61
4k3m,3.55
5y7k,9.18
3tjd,9.0
4mgd,4.69
2vhj,3.9
2py4,6.7
2xez,5.82
5n7v,8.77
5tbn,5.44
3f7u,6.61
4dsy,4.43
5fyx,4.16
1k3q,6.52
6qz8,7.62
5etj,10.18
1ggd,5.8
2qoe,7.6
4lk7,5.04
4ocx,11.44
5ega,5.06
1kwq,9.21
6u6w,5.33
5apj,7.4
1uou,7.7
5bwc,7.21
5gs9,5.26
4q1x,11.15
3p2k,4.7
6qmd,3.77
4bt3,3.12
2qi3,10.2
3l0e,8.0
5zgg,5.0
5ia3,7.34
5fdd,4.2
5j18,9.15
2ofv,9.7
2r2l,9.0
4wy7,6.78
3dz5,8.15
1j01,6.47
3qu0,7.7
6f3d,8.4
4afh,9.54
3bun,6.21
3uvl,5.69
5lz8,6.01
5caq,8.57
3l9n,8.07
2xz5,4.01
6f23,8.3
2qyn,6.24
4kzb,2.89
4zsj,5.64
1h9z,5.42
5mon,2.48
3iu7,4.8
1pyn,5.49
4k6i,6.2
6nfz,7.8
5xhs,5.05
4r5v,6.15
5f1c,6.13
6q8p,7.74
6b5m,12.0
2q6h,3.6
6g2a,3.79
2p4y,9.0
5f1z,8.68
6qqv,4.92
4eo6,8.7
2aux,9.3
5w1e,5.24
3d1v,3.49
1qwf,6.35
4hbx,5.72
4u6w,4.21
2dxs,7.34
1fsg,5.02
4eej,7.15
1gvu,9.0
4btu,9.3
4g5f,3.05
4guj,3.05
4uzh,5.01
4mqp,4.98
3wiz,8.36
1sld,6.57
4zdu,5.77
5dh3,7.42
3zbf,7.52
5voj,8.44
4y2x,6.29
5mzg,6.86
4i0s,7.44
2qm7,5.89
4ach,7.66
6poh,2.71
2lcs,6.7
5ktx,7.7
4aci,2.22
4db7,6.56
5dhj,6.7
2xel,3.9
2ew6,4.97
2za0,6.64
1hvi,10.92
1cwb,7.89
2nsj,4.79
4ogj,6.79
7upj,8.49
3u7l,7.28
3ti5,8.95
2nta,4.8
6p86,4.7
2wi2,3.46
5ndf,5.85
3lk8,7.71
4aom,7.07
3jzj,3.61
1ysi,7.44
4irx,6.12
4qz2,5.21
3hvh,8.52
2pjt,6.07
6abp,6.36
4zph,7.51
5l99,3.32
3zq9,6.02
3bls,5.14
1xn2,10.52
1pxl,6.05
5jrs,8.4
1s9v,4.0
1hms,6.37
5brn,6.3
6efj,3.32
3g0g,8.3
6fap,2.15
6saf,6.64
2zyn,5.92
3ry8,3.34
1lf3,7.0
3ad8,3.16
5w0e,9.03
1zd5,4.87
5nwe,4.88
6f34,4.94
4k4j,6.12
1c5t,4.1
3uo9,7.1
6ftn,6.7
2x7u,5.27
4ksq,7.31
2adm,5.7
1ux7,3.0
4jvq,6.2
1amw,4.54
4jkw,4.16
4en4,5.52
2uw0,7.7
1upf,4.6
5ks7,5.32
3fw4,9.4
1ugp,2.89
4cwn,5.59
4ok3,4.15
2h9m,4.46
3i5r,4.4
6bbv,6.1
2xk4,4.77
4r5a,8.7
6qhr,7.72
3tku,5.72
5wap,6.52
2vo7,6.77
3adv,3.03
4w9x,7.4
2qqs,6.4
3h1z,4.66
6ayo,8.29
4uxh,5.96
4lsj,9.57
2fme,6.98
2xup,12.39
2y8c,6.4
4qn7,9.08
2a4w,8.29
6cvf,6.35
3lce,3.81
3upi,8.22
4n4t,7.31
5yvt,3.96
1oeb,6.93
6o2p,8.18
5efa,4.83
5i3m,7.4
5yz2,4.95
1p17,2.82
1qbq,8.3
5evz,6.57
4l7g,4.0
1xmy,7.3
3vw7,8.1
4z7o,5.04
4og7,6.94
2oxx,6.7
1c5z,4.01
5g0q,10.0
4kwf,4.82
4zts,7.6
3fk1,2.62
4bcp,6.25
3i7e,10.85
3qs5,4.71
4ual,8.4
4fai,6.99
6e7t,6.89
4ddy,5.62
5bpp,4.8
6ccy,8.52
4utn,6.15
2z4y,6.15
4aua,5.14
188l,3.33
5jgb,7.89
6dki,8.64
6ibx,8.7
3wtm,7.0
3t4v,6.3
6qr4,6.23
1m7q,8.59
2rny,3.66
4djv,6.72
5gwa,5.77
3vdb,2.52
1nq7,6.8
4eke,4.48
5tb6,5.82
4hys,7.26
6ed6,7.43
4j0y,6.36
6o8i,10.0
5yas,3.26
3uxd,4.41
2xp8,4.82
4h4m,8.52
5dw1,7.1
4iuv,5.72
3bmq,5.49
3dp2,5.82
1y3v,5.64
4wn0,3.22
3vhd,9.28
4rvm,9.0
6i5g,4.89
3nba,3.41
6glb,6.89
6np2,6.8
2a58,4.92
5fjx,4.96
3f34,3.16
4kza,3.7
5itf,5.74
3tao,5.14
4gvc,4.71
3vtd,7.92
4axm,7.89
4kz3,2.77
4knn,7.78
4k4e,7.62
1vjb,7.89
3dst,9.08
5vqq,5.28
2f1a,3.14
2f0z,4.77
5hgc,8.66
4y8d,8.05
6qrg,5.0
4d52,3.11
3wc7,8.26
1jmq,4.4
3zns,7.41
2e9d,5.89
4q08,6.3
5c1m,10.8
4k8a,4.02
1pyg,5.52
4bi7,4.58
6eog,5.8
5y80,8.79
4xpj,5.09
3prs,7.82
3ob2,4.59
1pfu,2.72
4jv8,5.85
6hcv,8.3
3qfz,3.24
2o4h,6.52
1iem,7.7
1i80,6.41
3hvj,8.7
5myg,7.51
3u1i,5.25
