PDB_code,-logKd/Ki
6d2o,5.3
3bls,5.14
5y5t,6.68
4kpx,7.3
4r3c,7.0
3i7c,7.74
4ohk,8.3
2vmd,3.02
4z68,6.49
3axk,4.15
5fwg,6.72
6bu3,6.55
1joj,4.22
3vqu,7.43
6aqf,8.67
5dde,7.19
3dgl,6.6
4osf,5.44
2pvv,3.36
4qfl,5.11
3whw,8.22
3ixk,8.18
5dpa,4.65
5wcm,4.0
4uj2,7.1
3vb5,5.34
3dcs,7.94
4p5e,5.55
5e0j,5.21
4q1s,4.17
6g8m,5.38
6fzf,6.82
1g3c,5.8
3bys,9.3
3qcq,6.8
6qzb,6.47
3ew2,6.67
2a4r,7.82
3ldp,5.62
5h17,6.05
4a4f,2.88
6qqt,4.23
3qto,4.13
5lh8,7.72
6cq0,4.46
6bbs,9.89
5u0e,5.11
2mpm,5.89
3hv4,6.51
4mw1,7.72
4bo6,6.74
4is6,6.2
1jvp,5.8
1ox9,5.21
1gpy,4.7
6ffe,6.1
3bxz,6.72
3zh8,6.47
3jrs,4.28
4yha,6.65
3zki,5.92
4gid,10.77
6qat,7.33
5jyo,8.52
2y55,3.87
4jj8,6.14
4uua,5.24
4wkb,11.57
3fed,7.46
2we3,4.43
1pa9,4.6
2vie,7.48
3nnv,7.57
3i60,8.7
6dyw,10.44
6gg4,3.69
3w2p,5.09
3s6t,7.35
5e2q,5.79
1lf3,7.0
5ucj,6.36
1g7g,6.6
4ddl,8.31
3p7a,6.28
3pdc,7.49
1akw,8.59
4gxl,5.28
3qn7,6.8
5jxn,6.41
1v2l,4.29
5k0c,5.96
2kbr,4.6
3h5u,8.52
4mzh,7.18
4j8t,6.77
3g2k,4.79
2rg5,8.51
6nw3,7.66
4og8,7.25
2w6c,8.41
3f3e,7.7
2aqb,3.3
5vd2,7.1
4kn0,7.4
1t32,7.42
6d3x,10.29
2ow1,9.0
4e3d,2.3
2d2v,1.0
5ak4,4.23
5o5a,4.77
1k1n,6.82
1gi1,5.47
4loj,6.52
3lco,6.84
6by8,6.91
4er1,6.62
1g45,8.64
4x1n,6.42
4zcs,4.33
2j4z,7.19
5ehe,8.32
2i7c,5.07
1srg,5.3
5ekn,5.72
6nv9,8.19
3d7m,6.44
3mj5,6.49
6dne,7.48
1y6a,7.66
5n9t,6.66
2w47,4.98
5ccl,4.77
5akl,7.07
3d8z,3.37
2ceo,10.0
4ogj,6.79
2vwx,7.4
5uqx,6.21
5q16,7.87
2aq9,7.3
5cy3,7.8
5i5x,6.7
2ooz,5.15
1u0g,6.15
3duy,5.85
4qye,5.92
2x4s,4.2
2v25,5.72
2fmb,8.7
4jrv,7.54
5mm9,6.42
6e86,5.09
5efa,4.83
4f39,5.7
3gn7,8.3
4ci3,6.81
6exi,5.05
1xz8,4.52
4lxz,6.74
5m7u,8.1
2ks9,2.04
4flk,5.25
4bde,4.8
5xvf,6.15
3l4y,7.0
6s9d,7.8
1okx,6.8
4pl5,4.96
3mfw,3.52
5yas,3.26
4jnc,8.52
5x62,6.42
5k32,8.8
6kmj,4.79
3tjc,7.51
5wb3,7.22
6cvx,7.68
1uu3,6.12
2yns,7.6
1eb1,10.43
3kmc,6.4
5ti3,4.36
4uxl,10.6
4ci2,6.75
2r2b,4.2
4jal,4.6
3dx1,3.58
2r3n,7.15
2ra0,7.8
1w7g,5.1
1o6h,6.73
6hsz,6.94
5etu,3.89
5uk8,6.4
5f5i,6.02
4qok,5.19
4qvy,5.09
1s9v,4.0
5o1e,4.48
4cmt,9.7
1dm2,7.15
5l9h,6.4
6chm,3.7
1h39,6.54
6o4w,8.47
5ix0,6.28
2gek,7.52
1a9m,6.92
2aoc,4.89
3s76,5.05
4kp6,9.09
4q4o,7.46
5fue,6.33
4qrh,5.15
4uwh,8.52
1rt2,8.22
3l38,7.0
1ctt,4.52
4rlu,4.82
4tx6,5.59
1pi5,7.77
2zg3,2.06
4dbm,7.62
1p5e,4.81
5afl,3.4
6htz,6.74
5ovp,5.04
6s9c,6.57
1nd5,8.4
1u3s,8.85
5acy,8.19
1h1q,6.0
2fxs,6.06
1f8d,3.4
4ps8,9.0
3d4q,10.52
3ahn,7.05
1xq0,6.34
6e7v,6.48
5y3n,7.1
1oiu,6.68
4usj,4.0
6ilz,6.47
5n53,2.55
1u2r,5.41
3ee2,4.19
4bks,3.82
5fni,3.48
5fyq,5.89
5dqe,3.63
4dum,7.02
5dxt,9.7
5akj,5.86
4n98,3.55
1jd6,7.39
5tq8,7.64
6uvy,6.0
4e5f,4.82
1il9,3.4
2py4,6.7
4mrg,2.96
2ykb,5.96
3rme,4.66
4kjv,7.74
3as1,4.02
4edu,3.99
5ytu,4.92
6dim,2.14
2p1c,7.68
5twx,7.52
5g60,6.52
6pgc,5.35
6h4q,5.69
4kp8,5.48
5xyf,5.98
6equ,6.38
1u33,4.6
2viy,5.74
5zjf,4.54
4oaz,5.77
1ff1,4.92
4hy1,8.7
3rjw,7.57
2hdq,1.4
3g72,9.1
6qed,7.13
3qcf,5.6
5nee,10.7
4gr3,7.81
6otg,7.5
6ooy,4.66
4yqh,8.05
1wug,5.8
1hkm,8.72
3i3b,2.23
5f2w,3.98
3ip5,6.22
2br1,5.14
3a1e,2.66
3tkh,7.33
4yt7,8.77
5ol3,5.36
3r91,7.04
1d3v,6.96
3rl7,4.74
2p3b,8.48
3f70,4.85
3n3j,8.48
5ukk,6.21
5i9x,7.52
5kjk,7.92
4z2o,4.51
4c4f,7.59
3gy7,4.52
4xcu,8.22
3o9h,12.1
1i5h,4.28
1g5f,2.64
5dgw,11.05
4mo4,4.22
1ugy,3.72
2vo5,4.89
1dgm,5.05
4p73,7.66
3e9h,7.55
2vkm,8.74
1q4k,6.55
6sfc,5.28
5twl,7.98
4ezy,5.65
6stl,8.8
3tlh,8.82
5l8o,3.38
1bbz,5.82
4mx1,3.68
4zt8,4.39
1bv9,9.96
1fpy,6.0
6giu,6.66
3e3b,7.96
5cnj,6.84
1oxr,5.19
2q1j,9.1
3ekq,6.75
4o44,7.85
1h5u,6.75
4l6t,7.49
1a5g,10.15
2gss,4.94
6evq,2.0
6fap,2.15
5jmw,6.76
6qg7,6.83
1sj0,9.1
3f8e,7.23
5knx,6.1
3v7c,5.74
6dvn,7.85
5lzg,3.1
4qsh,5.1
2o9j,6.92
4fk6,9.7
4myd,4.55
6ema,4.53
3t03,6.8
3ekw,7.96
3mle,5.24
6qyo,7.52
5o58,6.72
5lca,4.48
3w5e,7.96
6f08,5.39
5fqv,6.21
2vx1,6.66
3ah8,9.82
6nfz,7.8
1zsr,9.82
6b3e,6.99
4nld,7.7
1tsi,3.48
4io6,4.82
3ffp,7.14
6apw,6.17
3hkw,8.64
4zbf,7.13
3kck,9.1
5a0c,9.27
6enm,8.32
1cwc,7.8
6p12,5.95
5trh,5.08
5ovx,4.5
3va4,4.4
2ptz,7.82
6miv,8.15
3wt5,9.54
2qcg,4.0
5std,10.49
3fnu,6.16
5d10,7.14
6hdq,7.0
6f8g,4.18
3ok9,11.23
1mfg,4.3
2iw9,8.05
3cwk,6.6
5v7t,6.21
4c1g,5.14
2xup,12.39
2yac,8.7
6g9b,3.24
4w9q,6.85
3ch9,3.3
1tng,2.93
4azp,5.9
1p02,7.17
4wy3,3.62
6qwb,6.04
1fm9,9.0
2o1c,4.72
2zpk,7.76
4nmx,6.18
2vwl,7.02
3lk1,4.26
5ty8,5.46
1csr,7.38
4xg3,7.76
5mny,1.31
2h6q,5.11
4ad3,4.62
4qmz,6.68
3hxf,4.96
2r3m,8.0
4ith,6.5
3ine,6.77
5vfj,4.7
4djh,9.49
1pwp,6.3
6i61,6.24
3f7i,7.34
3fk1,2.62
2wxq,7.47
3n75,7.89
1idb,7.96
1y2h,7.25
3mhm,7.0
6gbe,3.5
4xiq,7.07
3uza,8.94
1q3w,8.4
3qo3,6.9
5tdr,4.54
2y1w,6.33
2ow6,2.7
5yib,5.48
1k06,5.34
4e26,6.4
6gxb,7.46
2cmb,7.19
3pfp,6.44
6qfv,7.31
3eid,6.35
4y83,7.77
3jya,6.89
2xey,5.19
1s39,7.7
4mnp,7.34
5all,5.57
4zlz,7.0
3nc4,4.58
4hs8,7.92
1k2i,3.11
4o07,7.38
3m1k,5.39
1pw6,5.22
4obq,7.19
3lcd,7.4
4mrf,1.95
5znp,4.69
5uor,8.2
1i7z,6.4
4jzb,6.47
6hgg,5.42
1yye,8.57
4n1b,5.96
2wi4,5.81
3lp0,6.96
3dda,3.88
5dy5,6.79
2rio,4.69
3piy,6.54
4zyx,8.15
5a5s,5.9
2vwm,7.03
3e73,3.15
3kfa,7.6
2c9t,7.48
1tmn,7.3
6db3,7.25
2jkq,8.11
5azf,4.44
5lkr,5.48
6f6r,8.25
2g5u,8.49
3au6,7.92
1owd,8.2
5eko,4.8
5v8v,8.89
3ebp,5.91
1uto,2.27
5nhz,5.33
3sfh,7.05
5mwy,7.0
5dhr,4.64
1o5m,8.72
1pxo,8.7
2q1l,7.91
1t4s,2.44
4gv8,6.49
2xx5,6.7
3g2y,2.0
3wt7,8.75
3uvo,7.0
4rj6,7.12
6m8q,6.43
2gnh,6.83
2b1r,1.0
3arw,6.15
3rlp,7.08
4qmp,7.85
2glm,5.37
5ll9,6.08
5flt,2.89
1i9n,8.66
3n35,3.37
6pys,7.15
5exw,6.82
4oc0,6.5
4gk4,7.85
1jlx,5.8
3gxt,4.74
6got,9.4
5vzu,5.57
4db7,6.56
1q4l,7.4
1g6s,5.15
6bh2,5.62
3f6e,2.38
5lud,3.61
1b39,6.92
6upj,6.32
8lpr,6.62
1h8s,5.81
4zud,8.16
5kk8,5.84
5fot,3.17
5ehg,3.43
5u2j,5.92
1qy1,6.52
6hv0,6.56
2g9x,7.35
2h9m,4.46
1bjr,7.68
6mji,7.29
5vp1,9.29
6ayr,8.39
4an0,10.7
1fo2,4.7
4p4s,4.94
3ao2,3.77
6hbn,6.22
3c4h,5.7
6bmv,4.68
4zjc,8.96
1uyf,4.52
4xv3,7.92
5ie1,6.85
5c84,6.19
4zz3,6.0
3l5f,6.22
6k05,6.56
4n6h,9.28
3ml5,8.52
5cs5,1.58
1bty,4.74
3hmm,7.6
1uyc,4.39
2xk7,5.82
1i48,5.7
4o7b,4.7
4kod,5.36
4e3m,9.7
4l10,7.15
3g4f,4.52
2vh6,9.7
6g8q,4.72
4pte,7.13
3b50,7.55
5gx7,5.56
3vw2,4.75
2fdd,8.32
6udt,10.0
3hcm,3.3
4y2y,5.05
4q1c,8.7
3gus,6.05
1b9t,5.1
5zo7,9.0
3fl8,7.27
1ew8,2.26
2qn3,5.36
4x1q,5.3
4uin,7.62
5xn3,6.17
4gql,9.59
3e51,7.85
1me4,6.84
3bkk,6.08
5i88,6.6
1utn,3.49
2hd1,3.3
1wm1,6.3
5f20,7.52
4qo9,6.8
6jon,4.88
5nx9,4.6
6h3k,7.96
5dw2,5.84
1nj1,7.6
1dhj,6.55
4acf,5.8
4o12,8.7
5agj,6.15
2qd6,8.68
3qt7,7.31
2h03,7.05
1bn4,9.31
4h3a,6.29
3b1m,8.48
6faf,6.51
1uv6,5.12
6h9b,5.7
4yxi,6.5
4b6c,6.16
6bib,5.8
6e05,4.26
4k3q,3.94
4c38,7.76
6nwl,7.37
6qg4,8.07
4ge6,7.47
6mlp,3.7
4fr3,7.15
6skc,7.1
5lz8,6.01
2e9d,5.89
5th4,2.85
1szm,5.53
3udr,4.96
6g5u,6.4
4zuo,6.41
5ny3,7.47
4o6e,9.0
3fv8,6.8
4hyu,8.21
3u9c,5.89
3sym,4.57
5zyi,7.07
5fl5,8.19
4cqg,9.39
5oui,4.03
6quv,3.0
1jlq,8.15
5my8,7.14
1q9m,6.48
2xx2,7.3
4ef6,2.92
6eeo,6.43
3kqy,4.82
5zdd,5.75
1lcp,6.64
2oxy,6.52
6e06,4.26
2o4z,6.25
3nij,4.89
4tww,4.2
5tzx,7.28
4lbl,4.96
1d9i,9.11
5ih9,8.7
1hqf,5.0
6ps9,4.62
4jh0,9.03
1h2u,7.89
2x6y,4.59
1a9u,7.32
4trz,5.03
4z2k,5.78
5ylv,6.82
2v5x,6.66
6bfn,8.03
3sni,7.96
4ew3,6.74
4btw,7.15
5obg,7.13
1ouy,8.37
3vsw,6.89
4izm,6.66
3ng4,5.43
3upv,5.3
6iou,3.73
4zpg,7.26
5zg1,7.72
5ekh,5.95
5qqo,7.77
4bo0,6.7
4mq6,6.47
6ke0,7.55
4yv8,7.96
1i37,9.57
2cfd,7.49
3cwj,8.0
4oho,7.77
4kom,7.0
5voj,8.44
4l19,6.1
2fqo,6.43
5a4t,5.89
5j7g,7.24
5zmq,4.74
4y0a,2.31
1a5v,3.1
4llx,2.89
2p4y,9.0
6fnq,4.59
5nar,6.3
3uf9,2.11
5wej,4.82
1xud,8.1
4ek9,4.42
3qtw,6.19
5m0s,6.69
5o9o,4.89
6hzv,8.22
4bi2,4.03
5a8x,8.19
5k4z,6.15
5zjz,7.37
3eqy,8.05
3csl,7.22
3ilq,5.21
4j3u,6.34
4pkw,4.65
2cbr,6.85
3gws,10.09
5xiw,4.96
6n3o,8.62
5wdj,6.96
4c5w,5.48
1h9l,3.12
3w69,7.24
4bqw,7.48
2c6g,3.37
6cq1,3.66
6rhe,4.13
5tig,4.22
3gwx,5.4
2qhc,8.96
2wxj,9.0
1e2k,4.94
2cgf,6.41
4e35,4.62
1t1r,5.4
1v1k,4.46
5tnt,8.31
4eos,6.05
4agc,10.7
6e3s,6.78
5d3n,5.04
3m5a,4.96
2q2a,7.41
2xxr,6.55
6ftn,6.7
1j4q,6.44
2y5f,8.7
6nsp,7.36
6qha,5.3
6qmj,7.36
1nzv,6.4
5cuu,4.37
6fnr,5.59
2pzi,6.1
3tu9,5.12
3wvm,5.71
6nzf,9.04
1o2y,5.85
1i9p,8.41
6f5u,3.54
2bua,4.52
3nf3,6.2
5oh3,3.87
3atm,3.06
2wei,8.47
3i6c,4.92
5m25,8.19
4qkx,7.07
6dil,8.12
5zk8,8.89
2zm3,6.21
4l0t,7.18
2wky,8.59
2hwo,6.9
5t9w,5.59
5c5h,6.4
3hio,6.52
3c4f,5.72
3l7b,2.4
3ppj,8.7
4unp,3.23
5g3m,5.66
1w31,3.6
2amv,8.8
2lto,3.11
4djp,10.55
1n4h,6.55
4dwb,5.74
6d4u,5.7
5o9r,5.39
6ays,9.19
5js3,6.73
5a7j,5.2
2pix,4.3
6q7w,6.85
6eeh,6.54
5xpi,5.28
6ckr,7.3
3vbq,9.33
4cst,8.89
6epz,7.14
3o84,7.24
5ofi,4.2
1b4h,5.46
1zgv,6.0
1pb9,3.62
1hps,9.22
4uil,7.24
1pfu,2.72
4mw9,7.02
5w6o,6.28
5hip,6.05
1ahx,3.92
1hbv,6.37
5dqf,3.6
5yjp,6.62
1af2,3.1
6bh1,7.22
3fl9,1.11
6e99,6.0
3lrh,7.35
2xez,5.82
3mks,5.72
2zg1,2.1
4bjb,6.66
3zxv,7.31
4zw5,4.43
4n1u,8.3
5sz0,9.1
1a4w,5.92
3s2a,8.09
3pm1,5.93
4apo,4.91
3i5z,8.7
4e3f,2.52
3o0e,5.74
3fv1,9.3
3pju,4.88
4loi,6.77
5bve,11.0
1g5s,7.32
6c1s,8.52
5brn,6.3
6fqu,5.66
5khd,5.6
5u7j,6.41
6q7v,5.59
3o9c,12.05
5wbf,3.81
4f14,4.89
3wth,6.29
3shb,6.03
5k5s,2.69
4nw7,6.63
6cpw,8.25
1rs4,7.17
4enx,6.26
3rx5,6.27
3msj,3.11
6qtr,4.64
2avv,9.26
1ez9,5.1
5t8j,9.0
3f37,2.62
5o1d,4.66
6g8j,4.76
6hvw,5.55
4orx,3.53
3lpg,6.16
5gnk,8.28
2yem,7.81
6tl2,5.44
3itz,8.85
5v5d,5.27
4xpj,5.09
4ke0,7.77
4nro,5.02
1i91,8.94
4twd,5.08
3tvl,4.0
4aa4,8.05
3hha,7.9
3bki,5.12
3ua9,7.25
6rnt,2.37
1k03,6.0
6mia,2.6
1v11,3.98
1mm6,7.7
4to8,1.24
5a3w,5.82
5bnr,6.28
3r0h,5.92
6f9r,4.97
4dgn,6.46
5ma7,3.47
5h1v,4.0
2zn7,7.89
5k0t,5.78
5tmp,7.47
5wxg,3.86
1rek,6.7
1usk,6.4
5j1w,6.72
5eay,4.47
3ui2,6.37
1w13,8.7
4hmk,6.1
5fky,8.33
1gym,2.7
1tqf,5.85
1jws,4.85
5uc4,6.46
3hik,6.35
4b1d,7.49
1fcy,8.52
3t3h,5.71
5qav,4.15
5l9i,7.0
6dak,5.14
3sfc,8.52
1mv0,4.03
4yxd,4.34
4mk1,4.8
1bq3,5.4
5ek0,7.68
6aak,9.15
5g0q,10.0
5dh4,7.24
6gcw,8.64
1nfu,7.74
4g93,3.52
1v41,4.7
4jv6,6.66
3h1x,5.89
5hm0,6.36
1dar,4.96
2uz6,8.77
3rx7,6.03
6q8a,8.01
5lom,7.13
6mim,5.7
5npr,4.9
3o9v,7.74
3gep,3.75
3o64,9.4
4rak,7.85
6c99,5.62
4gw8,6.06
4yoz,6.8
6r0x,8.7
2f14,9.19
5faq,5.28
2pk5,10.7
3mxf,7.31
2ql5,8.1
4ba3,5.54
5f4u,7.02
3tv7,7.52
6nyw,6.64
1qf5,7.37
6hv5,6.49
4ymb,6.21
1eoc,6.05
4gki,4.46
1g74,6.52
2n14,5.33
4o7f,4.89
3w2t,7.53
3pgl,5.3
3my5,4.19
3fc8,5.39
2fde,9.15
2exm,4.11
1tnl,1.88
3r8v,5.54
2x38,6.89
1afl,6.28
4l7g,4.0
3u10,5.44
4p58,4.6
6qaa,7.66
6ajv,5.04
3iqh,4.59
1uj5,3.05
5c2o,4.55
6eiz,6.22
2xxw,6.41
4wyy,6.0
3m57,5.4
1rd4,7.74
4tt2,4.66
3l3q,7.27
3gkz,8.0
2y8i,5.89
1rnt,5.19
3f3u,4.74
4bzs,7.12
4qmx,4.96
5hyx,6.55
3pj2,5.14
2vvs,7.34
5zh5,5.33
1hiv,9.0
1lt5,2.7
3wmb,5.37
1k1l,6.9
6r0v,4.96
6qyk,5.55
3nm6,1.35
4nmo,4.83
5yr6,5.34
6hk7,7.34
3b65,9.27
4fkk,9.3
2v6n,5.86
4k67,3.43
3ig6,7.6
6ahi,3.6
2xc0,6.72
3vv8,4.77
3gw5,9.33
4dus,8.3
3lox,8.1
6rvk,6.36
5i59,6.95
2am1,6.0
6ibz,7.66
4e3i,8.89
1qft,8.77
5vsc,6.29
2pax,6.74
5w8j,6.43
3qxm,7.48
6dy7,4.18
3mxc,6.54
1bn1,9.34
2w5g,6.07
1kz8,6.08
4jls,5.66
5ktu,6.21
3gi4,10.8
1oif,7.72
5bvo,8.3
6bkx,6.39
1c5t,4.1
3zls,4.4
4h4m,8.52
6di1,6.74
2qlj,5.36
3wab,7.47
4k78,4.79
3zsy,3.23
5tzh,6.17
1uxa,2.3
4hmq,8.24
3srg,5.7
2az9,7.66
4dds,5.01
1rv1,6.85
4yz9,7.7
1rnm,3.07
5lpk,5.51
2ze1,6.22
5lzh,3.1
3wqm,6.25
3hb8,5.12
3sur,4.15
5nw0,6.52
2weq,5.9
6nrg,7.25
4c9w,6.11
4axm,7.89
5nin,7.12
5j3v,6.98
6b22,7.38
2wm0,4.52
1pip,5.0
4okp,2.7
6hah,4.81
5lsy,6.54
4owm,2.96
6e5x,6.12
2erz,5.66
4emv,8.3
5bwc,7.21
5nw2,6.49
4qmu,5.89
6n3n,8.74
1gsz,7.21
1bl6,6.8
3bt9,5.71
4i5h,8.7
5g46,2.6
6p84,4.81
5mz8,2.31
5d3x,6.36
2h6t,7.22
1ghv,4.35
4h3c,5.72
2r7g,6.05
4o75,4.68
1f4y,6.08
5b6g,7.44
1no6,4.41
5ad1,7.24
3pvu,6.54
3hac,8.17
4wci,5.05
4ool,6.85
2i1r,5.01
2bgd,5.0
6enx,6.08
6e4a,7.36
6mxb,4.59
4umr,3.8
1tu6,9.08
5l99,3.32
3ocg,8.52
2vev,6.52
6euc,3.77
4xy8,6.4
2cni,7.68
5cpr,7.56
3o8p,6.46
1c8k,6.0
5tpc,3.0
1q6p,8.52
4r75,7.24
4uvc,6.88
4hnf,6.15
5hx8,10.0
4jj7,6.4
5nze,6.39
3n1c,5.22
1yi3,5.4
5zz4,9.17
3wgg,4.4
5uzj,6.78
3ebo,4.72
1xoz,8.92
4drp,5.41
3bc3,6.81
2r3h,4.7
1zpc,6.6
3r6t,5.86
4u6r,7.85
3m93,6.62
2f9v,7.82
5mw6,4.73
2h44,5.77
2a4z,6.6
2k3w,5.24
4zyr,5.7
5y5n,5.76
1fd0,8.4
4c1c,4.97
3qsd,7.19
6c5f,4.48
1y3p,4.82
4wko,9.47
1ida,8.7
4nj9,6.97
5g43,3.7
2mip,8.46
5svz,5.92
2f6y,3.87
3huc,5.99
3n87,4.96
5vc3,7.11
3up2,7.4
5gn9,7.05
6bin,6.34
1hkj,8.59
6h7m,7.8
6cf7,7.91
6c9v,6.92
3vf8,6.82
1nnb,5.0
2obo,7.24
1tnj,1.96
4q4p,6.39
5ek9,7.33
6g0z,5.32
3ivq,4.12
3ap7,3.0
1cr6,8.51
4li6,6.97
2xvd,8.7
2y57,6.89
4rrf,3.62
6bgz,6.39
4mro,7.06
2chz,7.8
5n16,5.3
1o0o,5.1
1eoj,13.77
3hv6,5.64
1okz,8.3
1shc,7.28
5obr,5.36
1riw,7.55
3bvb,5.49
3t8s,8.55
5hbn,4.89
1pxl,6.05
4muk,6.6
1a7c,4.0
3cyy,4.77
5orv,2.89
3t82,7.0
3atw,7.01
6n0k,5.07
3kd7,3.7
1i8h,4.54
5i38,3.42
4abb,4.51
2q5k,11.3
6db4,7.31
4uia,6.72
5w4r,7.48
1qka,5.92
6haz,7.0
5yov,7.68
2g9v,5.92
4j03,7.59
3wuu,5.14
1pz5,5.4
4ycm,7.72
1lhf,8.09
1qm5,5.82
4k3p,5.8
2cct,5.02
2wa3,3.0
4ui8,7.6
3rxh,1.8
5dda,5.78
2uzb,6.92
4j46,5.28
4ob1,6.3
2bok,6.55
6c7d,9.77
4z7q,4.29
4zyu,5.97
1ogd,3.03
6n6o,9.15
3oyq,7.99
5ans,5.69
2v16,8.22
3nww,8.15
6dgt,7.38
1mwn,6.7
1k6c,7.48
3tf7,3.52
3e8n,7.72
1mcz,3.0
5jgi,4.3
4bak,8.91
6qr1,5.07
4drn,5.24
4n99,3.67
4fgy,6.3
4iva,7.16
1bcu,3.28
1tni,4.0
3moh,2.84
5zdg,5.42
4xe0,7.72
1z3t,3.94
2ay4,2.91
2cej,8.62
5ncy,9.4
3lk0,3.16
5ybi,3.49
2i47,8.66
2ofu,9.0
4bvb,4.48
6mom,9.52
4u69,4.26
3nuy,3.46
1awh,6.08
5upf,8.6
2p59,7.3
2hnc,7.22
4k9h,7.12
4rra,4.87
3bpc,4.8
2qi5,10.85
4mwv,9.4
1d3p,7.39
5z1r,5.7
5duf,5.74
6d9s,5.96
1qca,5.27
4mhs,5.29
4uac,6.54
4aj2,2.38
4yrd,4.57
3nth,4.32
4gto,7.98
1q95,7.57
6ne5,10.52
6rna,8.3
3wfg,6.92
4j59,5.85
2uw5,7.51
5vo1,8.15
5zh2,6.54
6h4u,6.16
3k8q,11.28
5c7e,5.0
6nti,4.57
1gpn,6.48
4ynd,8.55
5tcy,7.66
4jlm,7.64
1o49,6.36
2hm1,8.7
3psd,8.52
2ydk,8.15
2vhq,3.85
2p15,10.3
5iop,4.54
6iil,6.17
1htf,6.83
4pra,5.66
6eq5,4.74
4ptg,8.23
4bi7,4.58
4q07,8.14
5ep7,5.4
2xm8,6.8
2w7y,6.08
5lpr,6.57
5u98,9.7
3qtf,6.96
3dv1,6.23
2qrq,5.1
4xyn,5.89
3lnk,5.94
6gji,3.87
6elo,6.29
1pq6,8.1
2bkz,8.15
4hdc,8.92
4g2f,6.8
5hyq,6.82
5hes,7.54
4kxl,6.22
4aba,3.82
5ks7,5.32
3g31,2.89
3fbr,4.82
2qp6,6.68
3b9s,5.3
4uv8,6.47
3zmj,4.93
6mt6,3.88
2v13,7.59
4k8o,3.77
1uou,7.7
4uco,7.0
4q3r,6.27
3a1c,4.0
3fv2,8.11
2yex,10.0
5ygd,7.27
1r6n,7.4
2glp,5.01
2ork,2.85
2in6,7.64
4ks4,7.14
6hgf,5.02
5fck,8.22
5lu2,5.2
6k4r,5.84
4bkt,3.62
4p4j,6.15
5jic,6.89
5g45,3.3
1oe0,5.16
5nba,7.3
4im0,7.72
1b38,6.6
5q18,7.17
5jzi,4.8
5xpl,7.7
4m7y,5.32
6eab,6.37
2byr,8.55
2vmf,5.85
5v2l,3.54
4qqc,7.34
4b7z,4.31
4b9z,4.09
2fvc,7.49
4tz8,3.3
4lrr,5.22
6bgx,6.33
5o1c,3.95
4gbd,11.32
2c68,5.74
4ysi,5.7
1e72,3.22
5l3g,6.23
3u8d,6.33
5e2k,8.03
4pnt,5.82
3ebl,6.3
6ceh,7.44
4l7l,6.0
4amw,1.55
4ln2,3.61
3kaf,6.08
2uy0,6.92
3suf,7.56
3s3q,8.77
3s0d,7.05
5kcv,8.3
4g95,7.61
6cdm,9.09
5waf,9.35
5q0d,9.0
4zba,5.51
3atp,4.45
1zxv,6.1
5f94,8.47
4lgh,8.7
4hl5,6.35
1qnh,6.06
2itz,8.59
4mrw,3.3
2vcj,7.68
4zt6,8.0
5id0,5.77
5h09,5.88
5zk9,7.34
6gjm,3.58
6jb4,5.98
6oag,5.43
6af9,5.49
2wxk,9.3
4g0z,2.21
5q1c,8.08
6e6w,9.96
6md4,6.16
5m5d,3.95
1flr,10.0
6asu,5.21
5o7e,8.0
6dq5,5.19
5j7q,4.58
5c83,6.8
3aox,9.08
3r17,6.41
1db1,9.26
4pee,8.32
3egk,4.66
4k55,5.51
2xfi,7.82
2bys,9.52
6i75,4.64
1hgi,2.68
2ylq,4.3
6pf3,4.55
2bjm,3.7
4agn,3.97
2aoe,7.62
1drj,7.4
4aq4,6.17
5f74,5.12
6oxz,9.67
5jas,5.77
3fe7,7.12
5nge,7.19
5cfb,7.28
6dh6,9.93
2hwp,7.14
2vx0,6.24
1svg,8.7
4b0c,2.07
5h15,5.8
4rhx,5.8
1dub,5.8
6da1,5.05
4yc9,8.89
4pgc,5.88
3oys,8.05
1css,6.1
5ul6,8.22
3nzw,5.82
5o83,7.96
5wei,5.7
4frs,8.77
3ekv,9.41
4uvv,7.49
3e8u,9.42
5nhh,8.95
6rr0,7.15
1s17,8.3
6cgt,6.0
2jf4,8.15
6uh0,6.07
5ckr,7.76
5oua,5.57
3rwd,8.0
3n8k,4.05
6csf,5.44
5qa9,3.64
6e91,6.62
5jzy,9.82
6mlw,3.74
5e3a,5.44
2yjq,5.28
5arg,7.57
3s2v,6.8
3i4a,4.28
4bgy,2.96
2igw,1.31
2gvd,7.0
5gu4,5.47
3r92,7.02
5xv7,7.96
3bxs,5.1
5xmt,7.58
4mwy,7.05
5yyb,6.56
5e2s,9.01
2vrx,7.35
4jbp,7.39
3m58,5.48
5eob,9.62
4uxh,5.96
5afx,5.92
3l81,4.53
1b2h,4.54
6qh9,5.0
1f92,6.19
3ppo,5.3
3c89,6.07
3h30,4.53
3sjo,5.78
6g93,7.96
6n77,9.24
3qa2,6.68
2xxy,7.89
5ivn,8.85
1fq5,8.4
3lw0,6.4
4euc,6.1
5uv2,4.4
1dbb,9.0
2xcg,8.05
1s63,9.05
6n3l,7.57
3qup,6.32
5k0s,8.22
4k4e,7.62
3qzq,5.64
1yvz,5.36
2q55,8.69
4ufy,8.15
1a08,5.62
5w86,8.7
6etj,6.72
4nh8,8.52
3sm2,9.7
3cjf,8.2
3vp3,4.95
1fv9,5.0
6g3a,8.38
4jv8,5.85
2az8,8.22
3rm8,6.15
4ayv,9.17
3i7g,6.37
4w7t,6.05
4ocq,4.61
4d3h,6.43
6d07,5.28
4fmo,5.53
6dd1,4.65
3bwf,9.7
3tfu,3.28
4wy6,5.97
6g9n,8.52
4xt9,6.8
4ksq,7.31
3rv9,4.92
4mzs,7.92
5uiu,9.7
3l0e,8.0
3ocb,8.3
4ca7,7.36
1r1i,8.54
5hbe,8.64
6pka,5.92
4kin,8.32
2c1n,4.11
6fsy,6.61
1abt,5.85
1kak,4.59
5gmn,4.73
2bak,7.43
2hz0,6.48
4cpx,7.77
3f5k,4.62
3ad8,3.16
5mro,5.7
1v2k,6.19
4fgt,5.41
4u70,5.02
3art,4.43
2ohq,4.6
6b1k,6.67
3kr1,5.74
4odk,3.8
1okl,6.03
3dne,5.22
5ly3,7.51
3rxe,4.76
2p09,6.35
6fky,6.49
6iqg,8.0
1qpe,7.7
4g16,6.85
5eek,9.1
4wvt,5.31
5yqx,6.96
6qxj,4.79
5nne,4.71
1xos,4.7
5ab0,7.59
1utc,4.55
4o3f,5.56
5y0x,5.11
6htr,7.96
4x5q,9.0
1me8,7.19
3fnm,4.71
4trc,4.52
4po0,6.92
4um3,7.54
4zb6,6.28
1wtg,7.03
4u1b,5.31
5a7c,3.74
4hzm,4.63
5uxn,4.64
2euk,6.6
2w8w,2.12
4xm8,3.02
4qqi,5.52
5agr,5.43
5l2i,7.4
4jpx,5.15
3gcp,7.82
3f7u,6.61
2lty,5.38
3hhm,7.92
5agv,9.7
5ezx,7.06
2ykj,6.21
6r9u,2.12
1pmv,6.82
2ce9,6.03
4ks3,6.37
4uiu,7.9
6qc0,7.24
1mrx,7.26
3d1g,5.0
3h8c,7.72
6bky,6.57
2az5,5.27
1li6,3.8
6d40,9.85
3t2p,3.6
4afj,6.4
2pe2,8.4
1you,9.06
6ez9,7.77
2x97,5.66
4xqa,4.99
5f8y,4.24
2i80,5.4
3c1n,5.5
6ng0,8.19
3anq,6.74
4l1u,5.26
4tlr,8.52
2x8i,6.72
3b68,8.4
5o11,6.67
3zk6,6.34
2e9u,8.1
4mvx,7.24
3eor,1.4
5ant,6.36
2xk4,4.77
2jke,4.23
6bln,8.8
4erq,7.12
3dkg,5.0
1tsv,4.8
4cpr,7.46
1h1h,5.22
4a6b,8.38
5t4f,8.0
4c0r,4.91
3l9h,8.1
1em6,8.22
2w5i,4.54
3ryw,6.24
4ufu,8.0
3lzb,7.2
6gz9,2.13
5aln,6.57
5l2z,10.22
6ajj,6.8
4o24,4.3
3are,6.21
6rfn,6.7
4jsr,8.4
5cte,7.8
1f90,7.92
5zah,7.28
1wdq,1.98
1t3t,4.96
1mrn,4.52
4fri,5.55
1g4k,5.7
3owl,6.17
2qhy,7.48
4mbc,6.4
2gv6,7.34
4mdr,4.39
1rin,3.15
6rjp,8.96
1i72,7.26
3hqh,4.2
2yaz,5.14
4cix,4.47
2qfo,4.7
5otc,4.71
3vfj,7.04
3lik,8.72
5icy,5.06
3sbi,7.92
4kox,4.77
3kab,3.2
4zgk,5.51
3rxj,3.06
2viw,7.14
6oxu,10.02
4lpf,3.51
1vr1,6.89
5u4g,6.1
5ml8,8.1
4bty,7.7
3qj9,7.0
4xjr,5.32
2hmh,7.15
1c8v,6.33
4qvw,5.38
5xhz,6.49
5k0b,6.05
6r4k,5.07
2c97,6.14
5j64,6.85
2x2i,8.7
2xml,3.3
4crf,9.3
1bzj,4.66
2jbp,8.07
6aro,5.15
1urw,8.52
1hn4,3.82
2nxl,6.27
6inz,5.8
1v2q,4.13
5hjd,5.24
3suw,4.7
4jjm,7.57
5hvs,7.15
2uz9,5.71
1h36,7.74
2vba,4.6
4n6y,7.04
2b1v,5.74
3arr,5.4
3stj,4.8
2iv9,4.34
5y6f,6.85
2vt3,4.15
6c5h,6.43
1b42,4.01
3hqr,5.52
1lan,7.22
3qel,6.49
1mfa,5.04
2va7,6.7
4xya,5.86
6qcj,5.6
4r4o,5.82
4l34,6.94
4f9v,6.03
5mxo,5.27
5tqf,8.3
4f09,6.7
6j06,6.59
6f6d,4.1
4a4h,2.77
5gut,6.29
3m40,6.77
5eue,6.77
2haw,4.92
4f9u,6.03
2vgo,6.3
1d4l,8.77
1ule,5.92
3vi7,7.39
3sc1,4.38
6bsk,6.92
4u0x,6.23
4f6w,7.52
2hd6,7.8
6dd0,5.48
3ole,7.83
4lv4,5.0
3n1v,3.3
1kvo,7.89
5z5f,2.17
1csi,8.8
4gr8,7.83
1efy,8.22
5mmp,7.52
6ez6,7.4
1d7i,3.6
1j37,8.96
4cik,6.43
4wpn,6.68
3kjq,5.88
3s9t,6.82
1gj6,7.0
2ycm,3.56
3eql,5.3
1zog,7.15
3vgc,5.51
5t66,8.43
1ya4,4.82
4v01,8.11
4q83,4.19
5j1x,5.52
2w0j,6.62
5dht,6.0
5zkb,8.7
6nfy,7.8
1a4q,5.44
6hy7,5.57
5awu,4.65
6gmq,2.3
4aoc,4.27
5jiq,5.4
3r4o,8.15
3b92,8.0
3v7x,8.57
4b60,5.43
4l3p,5.92
5h22,7.44
2ima,6.52
2jh0,8.7
3nw6,8.15
3cde,7.66
5n1s,7.99
4rxd,6.52
4zg7,8.7
3zev,8.64
3dx2,6.82
5f5z,7.07
1j81,7.1
2tmn,5.89
4y8x,8.43
4wyp,3.36
4dvf,6.89
3ryy,7.42
1njc,5.55
6g1v,7.23
2xl2,5.25
5drs,8.96
6b7c,5.14
5nk3,7.42
6g1w,8.14
6qfg,5.52
4fs4,6.57
5c1m,10.8
5tts,7.25
4hy9,7.1
4yc0,4.13
3obq,3.54
3fyz,5.8
3ce3,8.74
1ce5,4.74
3gcu,6.78
5zhl,6.72
3c56,7.89
4l70,5.66
5knu,5.55
4cfe,7.22
5e1b,4.84
4oth,8.05
5wyz,7.68
2rr4,4.78
2jjk,8.05
5tbn,5.44
4j82,4.35
2hvc,8.82
3t3u,8.6
5yc2,4.94
4z7n,5.04
3atl,4.76
2vw5,8.52
3bra,2.7
6bgu,6.28
3rjm,6.61
2pe0,7.1
4iz0,4.0
4cig,3.67
6ic5,8.22
3upy,5.62
3drs,9.3
5etb,4.54
1cps,6.66
5l4m,5.34
3n4l,7.23
5c4t,7.66
2zva,7.96
3h3c,6.85
2rfn,8.3
3ezv,5.98
5w44,6.44
4o3a,2.59
1uz4,3.4
3st5,11.3
1v1j,4.82
3su2,7.35
6gvi,6.82
1fd7,1.85
1iq1,7.46
1g9b,5.3
5tv3,8.09
5ung,9.47
5os1,3.31
1ysg,3.52
1xge,4.68
5wdl,6.17
2n9e,5.05
5xyy,5.04
4u0f,5.92
6rmm,4.69
4k60,3.24
3ux0,6.26
3kpu,3.16
3zrc,5.27
5ct7,7.15
5j5x,11.02
6ft9,6.96
1iy7,6.19
4wf2,8.1
4bxk,7.95
4wkt,3.26
1xqc,7.2
5o9y,5.34
6f86,7.43
6elp,6.63
4z16,8.32
5csz,7.77
1caq,7.72
1td7,4.37
5ceq,7.38
2pfy,6.52
1fkn,8.8
5wae,6.8
1y19,6.77
1c5n,4.7
1e03,9.4
3f17,8.63
5aip,2.82
5aeh,7.43
5i25,3.49
5f3c,6.05
2ves,7.7
3wyx,8.37
5ett,6.23
5ngb,7.72
6f22,8.7
3ptg,7.6
5xs2,8.3
5db3,7.92
1enu,5.08
2fo4,7.22
5yzc,5.52
2qoe,7.6
4l8m,9.0
4ynb,10.37
2wyg,8.7
1lcj,9.0
6b1x,7.4
5ii2,4.89
3qkv,7.44
3tz2,5.24
2qtn,3.42
2br8,7.49
1w1v,2.2
5n2d,8.22
3r7r,8.74
3bpr,4.95
5ccm,8.4
5mi7,7.11
1uyi,5.39
5fi6,7.52
4nzb,4.17
4yl0,8.22
3oot,8.7
1we2,4.36
1pzi,4.22
1ro7,3.18
6a6k,7.46
4d1j,6.31
3jqb,6.02
5akg,4.46
1osg,7.52
6gf9,6.39
3sov,4.21
1vj5,6.92
5ave,5.44
4csd,5.91
3sdk,6.8
4i9h,7.17
4yax,5.82
5ez0,5.8
2reg,5.64
2r3g,6.1
5h19,6.49
4hv3,3.94
1bn3,9.89
5u9i,7.31
3q4l,7.26
3ao1,2.26
1il3,2.55
6nsq,8.1
4cku,6.82
1mrs,3.96
4b78,5.0
4cwp,6.77
4mrz,3.52
4u0c,4.31
4tkf,6.55
3kyq,4.22
6h29,5.62
5jfu,8.07
3c72,4.64
4f2w,11.3
4xii,6.6
5eoc,7.52
5moe,3.28
6cec,4.35
2itt,8.77
3p4r,2.72
4utx,5.24
2ya7,3.14
5khh,4.31
3dxh,3.19
5f0h,4.48
3s8x,7.3
2ria,2.57
4au8,6.26
5tv1,7.24
3cib,7.85
4djv,6.72
1h24,6.3
2g0h,7.64
4e49,5.11
5orj,4.77
3zsq,4.96
5al4,6.52
5tl9,9.0
2ybs,4.59
4io8,6.64
2gvv,3.9
3tyv,8.1
4uxq,7.8
5urj,5.28
3bjm,8.3
4jhz,6.02
2r7b,7.22
5t1l,6.62
4rsk,4.32
5y59,5.29
3vry,8.11
4ase,11.0
4kzl,6.15
1nu1,7.19
4mbp,5.64
5agu,10.0
6i96,6.68
6p86,4.7
4hup,4.82
4l5j,3.0
2f1a,3.14
3c6w,5.62
6mqe,11.29
3ked,2.44
4jzd,8.3
2c1p,5.4
3ppq,4.55
3ivv,5.43
6j0k,5.64
3zpt,8.51
3oag,9.51
5cs3,2.15
4daw,7.08
5ajy,6.3
4pb2,4.8
1bzh,6.77
6em7,4.53
5lto,5.92
2j34,7.82
5vnd,6.49
3sud,9.85
2xwe,6.02
5d29,7.01
3cqw,7.38
6q7h,7.68
5u0y,6.08
3ccw,7.87
4lyw,6.63
4mxc,8.17
5vtb,6.96
2wzy,10.72
3q2j,4.18
4d09,8.77
6dya,6.17
2zmm,7.6
1pmn,8.15
5jzs,3.27
3sm0,6.13
6gmd,3.69
2io6,7.52
6q7a,8.3
2ltv,5.16
6mla,4.38
5qaz,3.4
2p3a,7.96
5d3j,5.24
5eif,2.55
3th8,6.25
4hvi,7.16
6exj,4.33
4n1t,9.1
4dzy,5.62
3qc4,8.7
3br9,7.21
5m63,6.96
5f39,5.1
6aqq,6.55
4kai,7.3
5cyi,5.88
5i2e,6.64
4zx5,6.19
6eyt,5.72
5hwv,5.07
5eie,7.64
2d3z,6.64
3hii,6.54
6hmp,6.86
4ijl,3.87
4rvt,5.72
3uzd,5.05
3otx,4.53
6h34,9.3
5op6,4.68
2xg9,4.15
2w1d,6.04
1nfy,8.89
5ap6,7.88
4uof,4.84
1aaq,8.4
5lhi,8.11
6gvx,7.62
5tuo,6.49
4ie5,4.82
5ai9,6.61
2pwd,4.4
2bro,5.85
3ogp,7.44
5j8i,8.29
3inh,7.7
4n6g,5.47
5e7r,7.6
4gk3,7.25
4xk9,9.07
6oht,6.45
2jh5,6.44
5lhh,8.17
4nmq,4.49
4x8u,2.46
1czq,4.54
4o9v,8.0
6hv2,4.28
2wed,6.1
3g32,3.71
4x9r,7.82
3kdd,8.46
4jxw,4.72
6dl9,6.0
2wti,7.04
6rn6,6.8
5h0g,6.95
4jpe,7.32
5opu,7.28
5yve,6.48
1lol,6.39
2cm7,6.68
2a25,4.62
2wig,3.43
5xih,7.15
1hwr,8.33
2p4j,8.96
4ui7,7.36
6p1l,8.7
4fak,4.28
3d1v,3.49
1ivp,7.52
1nhx,5.68
2vf6,8.52
1wbs,6.2
2bz6,7.09
6bny,6.4
2qbr,6.33
3hfb,7.52
2zv2,6.3
4rlp,8.14
3l9m,7.3
1w76,6.15
4z90,4.66
2yak,8.7
4aua,5.14
3tws,5.52
5g57,8.4
4wk7,7.13
2hzi,7.15
6ggb,5.39
2o4s,10.51
6h7n,8.46
5eqq,8.17
6axk,6.52
3cfn,5.0
3ika,7.85
6g38,6.62
1c5q,6.36
2qcf,3.49
5wqk,6.3
4elb,8.3
5f1j,4.92
4iic,4.85
1lhv,8.91
1d8e,6.6
3ivi,7.92
5jo0,7.3
2imd,8.3
3w2r,7.72
3vdb,2.52
6g3q,7.24
6abk,1.95
4a2a,4.35
4o0t,5.54
1jbd,6.92
2gl0,4.82
5ugb,6.79
6oe3,8.32
1ax0,3.13
2w4x,4.85
3b3s,2.55
6d4r,5.96
6bw3,5.53
1bra,1.82
5d1t,5.77
2j50,7.89
3k84,8.52
4qyg,8.39
3qs8,4.74
4cra,7.22
3wqw,5.23
4z0d,5.3
4w9j,6.23
3chq,7.7
2a29,2.85
4tmf,5.48
1yrs,6.35
2y71,7.37
1zgi,5.34
4qta,6.7
4inu,9.26
5hi7,7.85
6ipj,5.79
3zs1,6.4
1qm4,4.3
1g9c,5.3
2z6w,7.87
5b5f,5.25
4do4,7.29
5ni0,5.74
1pi4,7.43
6o7g,5.96
1sri,6.08
4wrb,6.19
6ijl,7.93
3apc,7.44
2qhm,6.18
2qu2,5.43
5tzc,8.1
1p7m,4.38
5iaw,4.81
6m8c,5.66
5lgt,6.51
3wch,7.05
4agd,8.41
2ymt,8.0
3qtz,7.3
4m7b,6.7
6dlj,5.55
6euv,8.62
1v2u,3.37
4c5d,5.4
5ka7,4.35
6afd,5.43
1h7a,4.72
3d7g,7.77
4ytf,8.15
4fvr,6.0
3e5u,5.85
2r59,8.19
5d21,8.38
5eqe,3.88
1i2s,3.31
5vih,7.49
5bnj,8.7
3t0l,4.52
5g1z,5.32
6bc9,9.43
3gba,9.07
5l87,5.07
3dp4,7.37
2pk6,10.89
5f3i,7.1
5mxr,5.21
3gk4,3.92
1aj7,3.87
5hbj,8.64
6kdx,6.53
5kde,3.89
3fr4,6.19
6mnc,5.8
4b2i,3.0
1kv1,5.94
1q3d,7.82
3vha,7.4
1rr6,10.25
3ehy,5.85
6cz3,7.25
1m21,6.52
4zsr,4.44
2fzg,3.38
3st6,3.62
6ck6,9.0
6frf,7.4
6gy1,6.3
1y6r,10.11
1bmb,6.15
6a87,3.15
4man,11.0
2i4v,11.2
1u9l,5.02
2xxx,6.41
2f3r,6.3
5ech,3.8
5bns,7.02
3ehn,1.92
2rcu,6.68
5opv,7.29
3hs4,8.0
3osw,6.15
5h5r,6.21
6huc,7.59
1r5g,7.52
5nvf,7.8
5knv,4.87
5jf7,6.04
3tvx,4.14
5m23,8.9
4at3,8.4
4kzu,6.5
3que,8.82
2jbu,3.4
4a1w,7.3
3gm0,7.77
3tiy,4.77
4x9v,7.85
2hzy,7.39
4fpk,4.24
5k4x,6.42
5vcy,6.57
4ewh,9.52
6h41,7.05
5d26,6.09
5lc0,6.7
1ayv,8.0
6q5b,5.89
3c7p,10.0
3djp,4.2
5t6g,5.96
6n7c,9.17
1osv,3.48
5dgu,11.35
6maj,7.47
6cjr,9.52
3srv,7.5
2cnh,7.23
4zh3,4.4
5jim,3.99
4w4z,7.52
6ft4,6.63
2y9g,3.77
6e3m,8.64
4rj5,7.18
5aei,8.96
5wou,6.18
4hgs,8.3
4gtq,8.3
5kx8,7.42
6om2,7.75
6k1q,7.46
2yz3,6.66
1xh3,5.51
3qlb,8.43
5osl,3.43
3c7n,6.7
2w54,6.98
1xpc,8.77
4mc9,9.44
6hkm,6.57
3rhx,6.08
6g2c,4.66
2xcs,7.85
6nng,4.23
6r11,4.92
4bgm,6.21
6i64,7.31
6gfx,7.92
1kjr,6.06
5kzp,7.15
2zm1,6.66
2x4o,4.77
5q1a,8.02
2ksp,4.24
5ti6,4.68
4xt2,7.15
4oym,4.96
3cct,7.56
4tpw,4.69
6ckw,9.08
5a4c,8.24
6pl1,7.65
5j19,6.6
4yuw,5.77
3g0i,3.6
1olu,4.41
3ddf,4.66
6i14,5.82
2v88,4.09
1gx4,4.28
6ar4,6.24
5kz0,7.66
3q44,6.31
6dar,6.66
2bal,6.31
6r9s,2.15
5jz9,3.57
3svv,6.94
1s5z,3.21
3eeb,5.89
3wav,6.74
5j5t,6.96
4h3q,5.1
4h2o,5.52
5ne5,7.41
3sv6,7.46
5yzd,6.7
1unl,6.7
4mre,2.19
1m0b,8.82
4pkr,4.82
3wut,6.49
6f6u,4.8
3rv7,4.85
1f8a,5.0
4czs,5.0
4a6w,5.72
2g96,4.28
5wa8,6.23
3tyq,8.3
5n2t,5.08
3a5y,7.96
1hvh,7.96
2pym,6.82
3dy6,6.9
4agm,3.98
4jnj,9.07
3ry8,3.34
5fcw,6.52
4xta,5.43
1o5f,6.07
4l23,7.75
2xn7,10.0
1yhm,3.83
2wou,7.14
5l7h,7.3
1l6y,3.66
4ara,6.05
4ztr,8.3
1jdj,2.3
3pgu,6.7
4hnp,6.78
5x13,5.21
1m2p,6.11
2pj9,7.92
4eon,6.05
4msl,6.15
5i8c,7.6
5he1,6.55
5yie,5.25
3njq,4.89
4efk,2.49
4gzx,3.19
2ov4,4.74
3gv9,2.12
4gw5,5.46
4pvv,6.48
4l4l,8.3
5t52,9.28
5jq7,4.8
5wcl,4.52
3d1y,8.22
4z8a,4.76
3a9i,4.15
1my4,6.98
4twy,3.97
3emg,8.05
4z2b,7.76
3h2a,3.96
3dzt,7.22
4u44,8.1
6k2n,1.36
5hk2,8.59
1bmn,8.44
3ot8,8.05
3atu,8.3
3rtn,7.13
6nm4,7.06
3hk1,6.17
3ooz,7.85
5izm,5.92
4wnk,6.42
3dp2,5.82
4ufj,4.28
1c5x,6.68
5mes,6.47
3gjq,5.33
4wt2,10.42
4wi1,5.3
6udv,10.29
5xms,8.14
3ty0,7.08
5khj,3.74
3d6p,3.75
5dv2,2.9
2wor,3.9
5km2,4.41
1sm2,8.0
3nwe,7.6
1m5d,5.04
4g90,4.51
5u00,8.7
3zyh,4.29
2ggu,3.03
1jr1,8.22
4dhl,4.48
6b3v,9.69
6cn8,7.2
2igv,2.23
3my1,5.45
4mgb,5.44
5iy4,4.81
2ojj,8.7
5e7n,6.09
3rlq,7.4
6d5e,6.85
2w8y,9.09
1ux7,3.0
7hvp,9.62
4ofl,7.66
3ska,7.49
4j3m,7.68
3er3,7.09
4oyi,4.72
6g9h,8.4
3f07,5.54
6hy2,7.3
1g3b,5.74
4gee,9.0
6f7c,5.9
5ekj,6.0
3lp4,4.88
2iwu,5.92
6mqc,8.28
5wgp,5.62
1ent,6.96
5m28,4.32
5hdz,7.35
4mzo,6.57
5ouh,5.67
3s9i,5.7
5dtk,4.3
6ami,4.52
3ozr,5.15
4e0w,7.48
2gfs,6.15
3d25,7.66
2vex,6.74
6ck3,7.35
3f8f,6.63
5ze6,3.35
5vdu,4.0
2ot1,4.0
3o57,10.1
1g4o,8.25
4bio,5.12
6fn9,3.55
5j27,6.74
3ff3,3.57
6ps5,8.43
5al5,7.15
3owj,6.07
4bo9,6.51
4pv5,6.54
4k76,5.35
2weo,6.93
6a9o,5.24
1sv3,4.35
3fpd,6.15
6ebe,6.7
4c61,8.4
5av0,3.55
3ga5,5.49
4i3z,4.29
4gh6,7.68
3phe,7.8
4jia,9.22
3kku,5.7
2x6j,7.44
5tuz,7.4
5twz,7.87
4fxp,4.09
5t8p,5.89
5aqq,3.1
4j1h,6.11
3d2r,5.48
5afv,5.59
3zj6,6.66
6cdl,10.92
4hv7,3.52
3ivx,5.74
6mj4,7.72
1hk3,6.59
4abd,4.4
6hhi,8.17
5ii1,5.48
3t83,6.98
6e4v,6.29
3mt9,4.59
5yhe,6.69
3qgy,7.8
5mnx,2.48
4ckr,6.98
3fi2,7.6
5xp7,4.42
3uh2,6.0
6rln,8.2
4k3l,2.96
2l3r,4.66
6bke,8.35
2ojg,5.64
6qfu,7.46
6h9v,0.66
5wa7,6.4
5dgj,4.73
6e7r,6.83
3t4n,4.14
3e93,8.85
1adl,5.36
5k0m,8.82
4j0s,6.42
5k8o,5.96
5g2g,6.05
4mr3,5.94
1xmy,7.3
3fej,6.13
5tkt,8.49
5i5z,9.05
1ndz,8.11
5bui,7.05
5f2f,6.92
1qhr,6.89
3gc5,7.26
5iv4,5.48
5nfh,7.74
4ykk,2.77
3sue,9.08
5duc,6.35
1dzk,6.1
2x39,8.66
6ap8,5.1
4fcf,8.62
1vru,7.0
4w9d,4.99
4pce,5.15
3dm6,7.43
4pnq,5.0
5qag,3.7
5c4l,5.64
3exf,6.54
2zlg,5.59
4gjd,8.52
1nlj,9.8
4nbl,6.33
2vk6,5.3
4k1e,8.44
1jmi,6.06
6fkq,8.0
4bzn,5.84
3t7g,5.2
4clp,1.27
6pi1,3.8
3oe9,8.18
3ti1,3.89
3fc2,9.06
4u71,5.22
6q92,6.1
6eol,7.43
5ewj,6.89
2bv4,3.22
6drt,4.97
6bfa,9.0
4abv,6.07
4jym,5.04
2etr,6.82
4kyh,5.92
5u5l,4.85
1bnt,9.8
6qgj,9.0
3fv3,9.52
2xy9,9.19
4wsy,7.77
1ikw,8.6
3blu,3.46
4ql1,7.03
5alr,7.07
4zs2,5.49
4n84,6.29
5zaj,7.38
3s8l,5.64
3ghe,5.89
1kui,3.77
6awn,9.2
4mm5,7.74
1dth,8.22
5nxp,7.99
5fsx,2.72
3ms7,3.43
5typ,7.6
3mj2,7.82
4o05,7.43
4hyf,7.6
6i9a,10.0
6f05,4.47
3o1g,9.0
5o1i,5.4
5tzz,7.85
5alx,5.48
6q9u,5.89
6qfx,7.7
2ans,5.92
6f8b,5.21
4w9h,6.73
4c16,4.96
1b5j,7.43
3kek,8.36
4res,7.85
4m2r,8.49
4arw,7.13
4c1w,9.41
3axm,5.07
1fpi,5.89
4wsk,6.43
3qck,5.24
6cct,4.14
3bqc,5.73
5uy8,8.3
6me5,8.78
4zt7,8.0
6ey8,5.81
2gh7,13.0
4o97,8.52
2a5c,4.62
1utm,3.01
5qil,11.52
6g86,4.49
6hpw,6.09
1uef,5.49
4au7,4.76
2lwi,3.11
6cze,4.03
3zqt,4.41
4x61,9.0
6d5g,6.6
3fmz,8.08
6et8,8.25
4i7f,7.0
4u82,5.72
4tky,5.7
1mau,11.3
1b6h,7.82
2mji,4.25
2a2g,7.0
4r0i,6.52
1jev,6.89
2evl,6.7
6q6o,7.54
1doj,8.96
5ap5,7.97
6isd,8.24
2xkd,5.64
4pyo,4.52
5t2m,9.2
5aku,6.82
6qav,8.31
6chh,5.57
6c0r,7.51
6jz0,7.82
2ay9,2.16
6fa2,6.66
3qtv,4.65
3g19,6.67
5mgx,5.59
1nq7,6.8
3ayc,4.24
4alw,7.57
3zps,8.3
3lxo,4.82
4gmc,7.74
3qfd,4.17
4kov,3.75
4u0u,5.82
2a5u,8.1
1dmb,5.74
5urk,6.1
4kao,6.11
1qpb,1.36
1zaj,5.1
2qbu,6.19
6ppy,4.44
1i33,4.12
5i3x,8.1
2wec,3.96
2toh,4.15
4aaw,6.3
1h07,5.52
3upi,8.22
6mlf,4.28
3m55,6.21
3fqe,8.3
1aj6,5.92
5nn5,5.47
2xeg,10.7
1d09,7.57
3r8z,4.31
1dtt,8.3
4x48,6.77
4mzf,7.35
1p4r,8.1
1e1v,4.92
3l3n,8.18
4u7q,9.74
5uig,7.95
3bu1,8.15
5l4i,6.59
6c0t,7.37
3ejs,6.6
2q15,7.96
5xs8,5.41
2p4i,8.0
3qvu,3.55
4x14,2.92
4nzm,6.85
4hp0,6.12
1zc9,3.22
1jn4,4.95
1q63,5.85
4he9,8.46
3iqi,4.41
4l0l,7.27
5q0r,4.57
2rnw,2.98
5d45,6.92
4u8w,11.24
5nn6,5.52
3pcn,3.66
6aud,6.22
3g0c,5.7
3zdv,5.48
2zdk,6.37
4bh4,1.49
4isu,3.68
3ctq,7.4
4l7d,6.12
5wqj,5.52
3vdc,4.92
3bm8,3.54
4ufl,2.64
6g98,6.15
2r38,7.44
6g8k,4.45
4g4p,6.89
4flp,6.72
4tjw,6.02
6un1,7.89
5unf,9.47
4g2l,7.49
5nve,7.46
4z7o,5.04
4e1k,6.3
5nb7,8.22
1w4q,5.26
3eq7,9.09
4mha,8.28
3kr8,8.1
3syr,5.1
1ppw,4.3
2rfh,6.82
1i00,6.34
1ypg,8.0
3da6,8.7
1xgi,4.85
4ucu,3.35
5y12,6.23
3q3b,7.76
6cd5,6.81
2d0k,5.02
4pjt,9.24
5vb6,6.37
3p3t,7.24
1w6h,9.3
3mi3,5.45
4tq3,5.49
5nzm,3.9
3d3p,8.5
6cje,7.22
6g24,2.77
3el5,7.72
2gj4,6.5
5z1t,6.2
3v2x,5.35
3old,5.9
1z6s,4.34
2zyn,5.92
3du8,6.84
4und,8.96
1mmp,6.07
4hbw,5.32
5f90,4.85
4xtv,9.27
5n49,6.33
4eol,6.05
1wva,6.57
5aqh,2.46
5dtm,4.3
5owf,5.8
5m57,4.92
3e2m,9.4
3lfs,5.6
3np9,4.4
2f4b,7.3
6rni,9.4
5kma,4.71
1sm3,4.62
4zam,7.96
6hm1,6.04
5tca,7.72
1zsh,7.07
3kwf,8.17
5hu0,6.23
2hvx,7.54
1tpz,6.19
4yo6,5.66
4z1e,8.24
2woq,2.88
3nf7,3.47
3bzf,4.52
3ql9,6.3
6czi,6.25
1oi9,7.16
3cm7,6.57
1tsl,6.15
2xnb,6.83
1lhg,7.1
4ezr,5.2
5kv8,4.84
2k2r,2.89
5fqb,6.52
3ebi,7.1
2oi9,5.7
2ooh,5.89
3hqz,9.38
5ov8,4.74
5wh5,7.19
2fgv,6.12
5drr,11.46
1nvr,8.11
4k2g,7.7
5alh,7.07
4mvh,8.35
1gvk,3.05
4y2s,4.28
5ksx,5.43
1fzo,7.89
3c1k,9.44
1nlo,5.47
3g8o,7.8
5zkc,8.19
2fwp,2.92
3kgp,2.57
2h2h,4.98
2n06,4.92
1oay,5.92
4ipn,3.39
6fjf,8.17
3psl,6.89
4nnr,7.26
3igp,7.02
4bhz,4.27
3bl0,6.92
5vpm,8.8
6cd9,4.42
1sgu,5.37
2yoh,4.96
2yc3,6.85
6hq3,6.11
3muf,6.49
3nw9,9.0
3zqe,4.23
4cgj,2.84
5wxf,4.48
1od8,5.1
3b28,8.47
1pbk,9.05
5nuu,8.2
4oct,5.05
5u49,6.14
5ulg,6.72
5n84,7.96
4i6q,7.52
1q1y,7.7
4bjc,7.85
4wz8,7.21
1fpc,7.0
3cj2,4.85
4tkj,6.04
6r1a,4.35
3eig,7.68
5ehr,7.14
4f70,5.74
2w3i,10.0
1o2j,6.92
1rpf,3.99
3d2t,7.12
4d2p,5.68
3f69,6.0
5fpu,6.26
5yg3,7.85
6s89,8.07
2rt5,6.72
3feg,4.35
1d4j,8.36
6qr3,6.44
3pj1,7.32
4uiw,7.3
6h4x,6.88
188l,3.33
5c1x,5.75
4xek,5.66
4e0x,7.12
2hdr,1.72
3nnx,7.96
4dcs,5.1
4o4r,6.06
4do5,5.83
4gm3,9.0
4i32,7.24
2rf2,8.44
1pqc,7.0
4aa2,3.97
5b4l,9.12
4ozn,5.4
5n70,8.52
2v0z,9.22
3zm9,7.42
4jfm,5.48
5ho7,4.77
2x4r,4.77
2c6i,4.96
6g7a,6.78
2xm9,8.05
5ah2,10.08
4k4j,6.12
3doy,5.82
5lqf,6.6
4lm2,3.03
5vc4,7.36
6e4w,6.7
5vl2,8.42
4r5v,6.15
3e9i,6.22
1y0l,9.0
5n7b,3.77
4dhr,4.57
2l84,7.72
5mgf,4.27
4nk9,8.51
6fcj,7.15
3hfz,4.89
2pmc,4.19
4r02,7.41
6hf5,5.17
2jsd,7.77
4u79,6.4
4ybs,7.24
5wjj,6.62
3c9e,8.0
6efj,3.32
1gj7,7.89
2l8r,3.92
6d3y,8.7
1zzl,8.3
1vj6,5.1
5fsb,2.22
5fh7,6.86
5t2d,9.1
4a9i,4.9
5ejv,6.69
2qu3,6.23
2opy,4.52
5ljq,9.0
1o2q,7.68
6cdo,8.97
5y80,8.79
1hge,2.27
1m74,7.0
6nvl,7.95
2ltw,4.22
1guw,5.72
5dxe,6.41
3ipe,6.82
3mw1,9.09
5iug,7.33
5vd0,6.49
3nin,4.91
6gcr,8.33
6p7q,5.36
4mg8,6.48
1dkd,5.7
4ehr,7.89
4ok6,4.85
3sn8,5.65
3vje,8.01
6aqo,6.11
3t64,6.7
1mf4,7.99
3k99,7.22
5oqw,7.4
5j6d,8.22
3k5u,6.51
1k1y,3.22
3ieo,6.48
5x26,8.3
1stp,13.4
4hxs,5.39
6fgg,4.77
6ft8,7.36
4aa7,5.7
3zp9,7.82
2pr9,7.37
4ibc,2.98
6bir,7.52
5wyr,6.39
1ugx,5.91
1k9s,6.52
3hek,8.27
5qb1,4.7
5cf8,8.96
1v2h,5.3
5hex,8.0
6gch,4.7
6pvy,3.19
2rip,7.19
4zfi,6.3
4k6u,4.14
4zy4,7.66
4wwo,7.42
4dv8,9.24
2w8j,2.96
3n49,5.15
2nn8,3.59
2c92,5.68
3da9,5.51
5bry,11.82
3v3v,5.34
5mev,7.0
4yk5,7.64
3f88,8.64
4gz3,5.74
5t8q,4.16
4m5m,4.74
4pnc,5.43
1ws1,9.55
2p8s,7.68
3eht,5.17
6hlz,7.33
3fq7,2.52
1kmy,5.1
6nzh,8.8
1qb9,7.44
5agi,4.34
4uub,4.76
5vcv,6.82
1tka,6.1
3odu,8.14
5jfd,9.54
4psb,4.64
6d17,4.82
5j79,8.52
1wbg,3.0
5tw2,7.3
5wi0,3.44
6oqb,10.3
6t1m,5.21
6ge7,6.06
4ww6,10.21
4cfm,4.74
1oyn,6.26
2vot,7.14
4ybj,9.28
1tow,6.24
4o9w,7.16
4ryl,7.28
1hbj,8.52
3itc,1.6
2xrw,5.15
3ehw,4.82
4bg1,6.31
5ajp,5.3
3f48,6.29
5vlh,6.8
5ful,4.74
6at0,4.04
5swg,4.48
1ndy,6.17
5aqg,4.51
3ukr,4.92
3nif,5.1
3unj,4.96
3iuc,5.66
4g0k,5.37
5c7d,5.11
3koo,7.82
3bm9,6.72
1yfz,4.35
2euf,7.82
3oxz,8.07
5lgp,7.04
5ajo,4.96
2p53,7.46
1kf0,2.55
4tya,2.39
5ty1,5.21
3i7b,7.18
5k8n,6.32
3ud9,4.67
6me4,9.92
4z1j,8.11
3mtb,4.63
3omc,5.0
5ieo,7.0
4i06,7.17
3wv1,11.41
6eq2,5.89
4y59,5.24
5f2s,6.7
2azr,3.64
3o9p,6.52
5wal,8.77
6hkn,7.29
5uzk,6.74
3n5j,5.22
4dzw,7.89
5lce,8.04
3q7p,5.8
5goe,4.34
3msk,4.59
6n7b,9.22
3hs9,6.31
2n0w,6.15
5jsq,4.67
5eg4,7.68
1yhs,8.0
3cii,6.1
4nal,5.66
5vfn,3.52
5xvw,5.48
6mbp,5.95
6qqu,5.3
1z95,7.12
2qmg,9.15
2r3l,7.0
6e9a,11.92
4wk1,5.89
1bo5,3.6
4i47,6.92
3l3m,8.22
3f36,2.89
3mg8,8.92
4tzn,6.52
2r3j,8.0
4rg0,7.3
5b0x,7.7
6el5,6.88
4jpc,7.03
3k4q,5.34
1tbz,9.8
1qfs,9.48
3sjt,6.06
6i5i,8.05
2nq6,5.82
3v3l,6.43
5k5e,6.35
5k05,4.96
2qyk,5.48
4bpj,6.0
3dd0,9.0
6kdi,6.72
2rk8,3.64
2nv7,8.3
4umu,6.19
4qmo,7.72
5mxv,4.92
3pab,4.7
4yrt,2.78
5mi9,8.35
1oau,7.7
5ld8,8.05
4znx,6.62
3fvk,8.82
4h3i,8.52
1hvk,10.96
3oqf,7.04
4y8d,8.05
3ufl,6.82
6q96,10.0
2ez5,5.52
1mpa,8.04
3cz1,7.26
6hcw,6.89
2q8g,7.06
4dcv,4.59
1yys,6.33
3w54,9.7
6fil,5.85
6faa,6.75
1ax2,3.99
4qy8,7.19
6ekd,6.44
4gfo,6.62
1ydb,8.24
6q8b,7.53
3nik,3.45
5nw1,6.6
4kz5,2.0
6d1j,4.25
6jan,5.79
2m3o,5.3
1w83,7.19
4mnx,4.75
4b82,4.39
5u3b,8.82
6hop,5.62
2yof,4.6
4x7k,8.4
5hki,2.8
2r1x,4.8
6c5k,7.16
4o77,5.6
1b4z,5.23
2jdv,8.2
3rl3,7.17
2zq2,6.56
3ro4,6.23
3krl,9.1
3sus,4.15
5ehq,10.48
6czf,5.8
6u9v,7.4
6rj3,6.4
6cmj,8.3
3kfc,8.55
7gpb,5.52
6jsg,8.34
2cli,4.3
4q6d,7.36
3bbt,6.15
2xm1,5.07
4fab,8.06
5tt3,6.71
4y29,6.25
4mwr,9.39
5a7y,4.48
3vb6,4.41
4nbn,4.36
4iid,5.62
2hob,5.72
3ft4,5.93
6dpt,7.11
4g8l,8.0
6pg6,3.7
1df8,9.7
3c2f,2.0
2cv3,6.57
1ikt,3.4
5fbi,2.8
2w1c,8.0
3nzk,9.27
4de7,4.8
3t4h,5.28
5ls6,9.0
5hv0,5.96
5apj,7.4
4oc3,8.28
1q0b,5.17
4cg8,6.96
5fol,3.67
1o35,5.0
4l7b,5.64
6ob0,4.96
5h3q,8.22
4ujb,8.0
3e3u,7.89
5alg,7.52
5mra,8.0
6r7k,7.3
2yhy,5.6
1tft,8.3
1f2p,1.9
5wkl,6.15
5a69,8.96
3of8,9.22
5l8c,7.0
4tu4,3.76
4d1s,7.66
4v05,9.7
3e9b,5.35
5n8e,5.33
4poh,8.0
3gyn,7.21
2pvm,6.44
5wuu,6.09
6hti,7.01
3psb,8.52
6q9t,7.52
2v22,5.39
1ros,8.77
5uwm,6.45
5jgd,7.96
5lay,7.47
4fhi,7.0
2bzz,6.43
2i0h,8.05
4ucd,4.0
4eg5,8.1
1zpa,8.4
1tfz,8.15
6d49,3.93
5ajv,6.24
6u8b,6.37
6pxc,6.37
1wzy,6.25
3rwp,9.22
4hy0,6.7
6rj2,7.0
5vqy,6.29
2xp5,3.44
5q1f,7.14
1fq8,6.03
4ciy,4.57
4zur,7.17
1h23,8.35
2ow9,7.52
4ko8,7.15
4fai,6.99
3nsn,7.19
3m54,5.89
1vwn,5.82
5yjo,7.17
3igb,4.42
4b81,4.92
1pun,7.28
1ucn,5.22
6en5,7.94
3np7,4.02
3thb,8.7
2bb7,5.67
2azc,6.74
3dcr,8.2
6fr0,6.84
2g70,7.77
4li0,6.59
4n3r,6.82
3s8n,6.21
4r5x,5.26
4ztn,7.72
4do3,4.1
6mhm,7.54
3d7z,7.92
3gjw,8.3
4o0j,4.89
2xb8,7.59
3fun,6.72
5eud,6.82
5b2d,4.25
4c52,5.68
3zvt,5.92
4djs,7.89
2rjs,2.28
6gpb,4.85
6f90,6.0
4u0s,6.8
1pxk,5.66
2b8v,7.01
2uw8,4.11
5hz5,7.07
6e7u,6.92
6hth,7.12
2yjc,7.66
4af3,7.51
4obp,7.77
3m3z,5.73
4euv,6.3
6ipk,5.17
4hy4,8.57
4a9r,7.8
4inb,6.05
3rl4,5.42
3q3k,8.13
5jhk,4.64
4m3g,6.26
4kon,6.48
3c8e,4.15
4y73,9.52
4lm1,3.23
4wke,8.1
3pdq,6.74
5ags,7.4
6pyu,8.0
2rkn,7.22
1f57,5.64
1l6s,4.41
5k7h,6.0
5tol,7.48
1jys,3.52
3iog,5.52
2vj6,7.89
4zbi,6.51
2am4,3.72
5zty,10.12
5o3q,5.68
6h14,7.86
4pnw,5.05
4u73,5.18
5v6y,8.47
4loh,6.96
1haa,8.7
6ge0,8.68
3ejp,8.55
4iwd,9.0
3b66,8.6
3lpt,4.91
3nq9,4.03
2x6e,7.82
5msb,7.46
5vjn,5.06
5czb,8.0
3n6k,6.74
6dhu,3.13
3ds0,4.83
3jvk,3.93
2wtj,6.15
5hk1,8.37
4us3,5.32
4d63,1.64
5glu,4.02
3p8h,5.3
4urx,2.89
4ca6,6.74
1jcx,5.15
5j9y,7.24
4h3f,9.0
4fhh,7.46
4lkl,6.09
5hlw,7.64
1a7t,1.64
2yde,3.72
6b5r,8.77
1ze8,7.68
4gcj,7.7
2yj8,8.19
3uo4,6.52
5v42,6.62
3l9l,6.78
2o4r,9.4
1n43,10.55
2qbx,5.22
5q0w,7.24
5fwr,7.75
5jgq,4.62
5op2,6.62
5vlp,6.08
5c11,6.47
6prc,4.77
6g97,8.38
1yda,6.55
1hdq,5.82
6eq4,5.62
4x8v,6.89
4qf7,8.6
4bb4,6.72
2g1q,7.36
3djv,4.55
2yiu,6.89
5yql,4.59
4dfg,11.74
4b0j,2.15
5if4,9.0
1nhv,5.66
2ydi,6.82
4ih6,4.74
2fxu,8.15
5l17,9.3
1eas,7.74
2o1v,5.3
6hx5,5.66
7std,10.72
6o0p,9.96
6m8y,6.38
4tte,3.69
3h2f,4.06
3f16,8.23
4r59,7.96
1axs,7.77
5ual,3.58
3ekr,7.52
1v0l,7.55
3veh,4.96
1ow6,5.4
2x4z,8.57
5gwz,4.71
2j47,5.41
3l7g,3.3
4fea,6.47
1irs,5.22
6ey9,5.91
6qrd,7.0
6gub,7.64
4bcm,6.91
6gzl,5.14
5l9g,7.7
3mp6,5.96
5f67,6.89
4xdo,4.08
3rik,2.47
4bi0,4.23
4dj7,6.3
3lce,3.81
4qw5,6.35
3tct,8.52
5t2y,5.66
2pem,3.64
5ci7,6.92
5di1,7.68
3l3x,6.15
6nzr,9.3
1ody,8.1
1xnx,6.38
3gvu,8.0
5km5,6.92
6eed,6.09
2ay6,3.11
4lq3,6.35
1o2h,7.17
6e5t,6.55
3ant,8.07
5mim,7.34
5ei3,4.25
3sqq,5.32
4hw3,6.49
4odf,10.0
1qbs,9.47
1rst,4.43
1y2a,7.34
5amd,8.55
3vva,9.32
5n8w,6.33
5ahj,8.23
6qfh,5.86
1umw,6.55
6e5l,7.18
3dp3,5.82
5z1d,8.3
4e20,8.22
5zwh,8.72
6h4w,6.97
1okv,6.17
3d28,5.85
6r4s,6.39
5ap1,7.97
1n7j,6.43
4jsz,2.3
4b00,8.61
2uzd,6.74
1cw2,6.15
5hz6,7.8
3nzc,7.02
5d2r,5.82
1q41,7.66
5twj,5.25
4ktc,9.0
5jsm,6.59
2jbj,9.7
6fnj,6.85
2bqv,8.05
5wgq,6.48
4wvl,6.88
2z50,4.95
4hni,7.49
3iof,5.22
3hvk,8.52
3lcu,3.52
5za7,5.87
5bvf,9.72
4ydn,8.64
3jwr,8.07
1bap,6.85
6bh5,6.6
2uy3,3.22
1tq4,6.19
2wi5,6.05
1uvr,6.0
2yjb,7.02
3be2,8.7
2o22,7.17
4oel,7.0
3c14,3.52
4o1l,6.7
5wfj,8.89
1k4g,5.85
3jrx,9.0
4wy1,5.29
1mdl,3.09
5a6a,7.22
1tl7,7.92
4j70,5.24
3rxk,2.68
4exh,6.15
3o88,6.37
4lpb,8.0
6n19,3.02
6czb,4.33
3e4a,8.77
2wi2,3.46
4kni,7.78
4o1b,6.41
1vwl,5.63
3oe5,6.88
5j82,6.0
4zxy,6.4
4p4b,7.85
6bee,4.66
2rku,8.3
2wly,6.6
1nfx,8.52
6uhv,6.92
6h0b,4.15
3d1x,8.66
6m9f,8.22
5v5n,8.02
2fsv,4.6
4u68,4.31
5he0,6.82
1e1y,5.6
2zo3,10.0
5o1a,4.52
2pv1,7.14
5zms,5.23
5ldk,4.17
4joo,4.43
6n97,5.15
5c7a,3.31
4bid,8.1
2qln,5.43
6mwe,9.2
6npm,3.96
4pp9,7.37
4a16,9.37
4fgz,2.87
2b1z,7.1
4qz0,5.46
6prg,3.7
1me3,7.19
3wdc,7.92
1zoe,7.4
2aei,7.07
6hdo,6.6
2ei6,7.39
3u8h,6.49
1ets,8.22
5cbm,7.77
6dyr,3.66
3ccb,4.52
1k3q,6.52
1o7o,4.49
2jfh,3.06
3nyx,7.49
2wtw,8.19
3tam,8.43
3bgq,7.96
5t18,9.3
4ymx,7.1
2qnq,6.11
6bed,4.72
6g34,8.24
3ryv,7.07
1ke0,5.38
2bub,7.05
3sfi,6.4
6fkz,6.05
3q6z,3.72
3k5d,7.28
2q38,5.23
3e7a,10.0
4ejl,5.14
5c7n,6.57
2of2,6.68
4hww,6.65
2xl3,5.25
1u9x,8.15
2cia,6.43
5jar,5.7
4pku,4.52
4wkn,9.72
1abf,5.42
4ymg,4.68
1ymx,4.85
2ymd,3.16
4e8z,6.64
6i5p,4.32
1kwr,6.6
6o6g,6.52
6imt,6.6
4n07,6.46
1ork,8.81
3g30,2.51
4i31,9.32
5evk,4.92
5cnm,6.81
1a46,5.7
1p1o,5.76
1xur,5.18
3tz4,5.49
3wka,4.54
3juo,5.07
1txr,7.74
6gu3,5.36
1q1g,8.57
6jdl,4.89
5i13,5.08
5mkr,4.77
6boy,5.74
6ex1,7.31
1rth,6.4
1qcp,7.52
4zo5,9.82
2fuu,5.57
4w9f,5.49
4uvu,5.92
3ddg,6.0
5usf,9.16
2a4m,4.52
5jfr,8.3
5nau,7.52
6o4x,7.4
3zbf,7.52
5ywy,7.23
5bv3,7.17
1nlp,4.96
4hf4,8.62
4wmv,4.03
5dhj,6.7
5ha9,5.78
5ewh,3.77
5d1w,5.12
5mk3,4.05
3vh9,6.24
5n3y,5.03
5sxk,4.7
3hav,3.77
5y7h,7.73
2fci,7.15
1tou,6.0
3ivh,7.33
2a3i,6.05
5duw,3.29
1kl5,5.99
3s00,4.92
4ele,7.88
6nlj,4.82
4w52,3.76
5w12,7.28
6bm5,5.84
5gn6,6.92
3dya,8.52
5xyz,8.1
4eok,5.07
5mwh,5.74
1dmp,9.55
3mg0,9.25
4nwk,8.7
5ai1,6.47
6oh2,5.2
5fah,6.15
4kiw,5.12
6oxs,9.96
1h3a,6.55
2o5k,7.82
4x8s,1.89
3wf8,6.63
1f7b,4.6
1rhj,8.04
5hor,8.22
5exm,8.2
6mh1,5.92
1q4w,6.46
6pu3,5.23
2w7x,7.62
2i40,5.8
4yff,8.0
6hpg,5.5
6dm8,7.28
4e4a,2.05
5jur,8.52
5jy0,5.55
4z22,6.24
5buj,8.3
3p9h,5.06
6t1j,4.74
3qcj,6.3
1him,7.7
5a0e,6.53
3jsi,8.68
1c50,6.48
5mwz,5.15
4cwt,6.75
4ovg,3.69
5z68,5.89
5qab,3.65
4b77,5.1
2rkm,3.9
3k7f,7.7
4zph,7.51
4qer,7.54
2r3o,6.22
5ueu,7.78
2a3a,2.82
6n3z,6.59
6f2n,6.7
6hor,4.18
5op8,4.18
6iae,4.7
4i7b,5.7
1qvu,4.46
3aqt,6.72
6atv,8.22
3ft8,7.52
2ydw,7.34
4igt,7.89
4zts,7.6
3si3,4.16
5swh,7.59
2j83,4.21
6ufo,4.46
3p7c,7.66
4lxm,7.06
3unz,7.8
3p58,7.6
1py5,7.29
4qt1,8.15
1aku,6.13
4pqn,9.15
2uw0,7.7
4j3l,7.8
2imb,4.22
5aac,8.89
3rwq,7.46
5h85,4.7
6b1j,7.37
1bp0,5.4
6bh0,6.66
5db0,7.43
5mxx,7.51
4b83,5.15
4oz1,5.62
5ykp,7.05
3lm1,4.7
4rqi,4.91
4ucs,4.21
2xbv,8.43
3lxg,8.14
2e5y,5.85
6i3s,7.05
4nmr,3.53
5epr,4.04
4yx4,5.97
3vtb,9.3
5prc,4.89
6dj7,8.72
3eyg,8.8
2gh6,4.95
5h14,5.06
5l13,6.96
5m6u,8.37
2fdp,7.59
3rxm,3.63
3ue4,8.96
5cf5,8.6
3zrm,6.89
5owl,5.92
6mt4,3.82
3hdm,7.4
2aow,7.42
4oys,8.82
4mjo,6.22
5aml,9.15
1vyz,6.54
3s3k,4.01
1oko,4.54
2yxj,9.3
2bts,7.7
4zme,4.3
4p74,5.0
3kmx,4.82
4flh,9.0
2psx,5.77
1wbv,3.79
2zv9,8.05
4dy6,4.4
2qic,5.48
5wle,5.72
4mss,6.4
3nee,5.34
5mav,5.48
5lsh,3.39
3bkl,6.17
1o48,6.35
5hk9,6.54
6kdz,8.54
4an1,10.26
4mul,6.21
3u0d,10.0
5d0c,5.63
3eyd,9.7
4hrc,8.92
3iqj,4.93
2j4q,4.46
1zd5,4.87
3rin,8.89
5h63,5.92
6nvg,8.07
1e6q,3.15
3qi4,3.93
5dxb,6.28
5gty,7.72
6a73,6.48
3max,6.05
2ad5,3.96
5nu3,6.64
4q1d,7.78
5zyj,7.21
5nb6,6.3
4zly,5.46
1uvu,5.0
1mhw,7.35
6aom,6.2
2zmj,7.52
4kxm,5.59
6omu,8.7
1a52,9.86
1q8t,4.76
5jzb,3.39
5aqt,3.51
1o0f,5.3
2lyb,4.46
2fie,5.46
1k21,8.38
4wph,5.8
4msg,10.0
3fci,5.89
2xk3,5.68
3pa3,9.0
4l4z,5.68
2xiy,2.44
4x3k,4.56
5ewy,4.3
4q9s,3.81
1p06,6.27
6haj,4.97
6ghv,4.28
1wu1,7.74
2krd,2.7
3kmm,9.7
5kau,6.52
6htd,8.0
1hk1,5.64
2x7c,5.7
6npt,7.17
2f7p,6.6
6mr5,7.3
3bmo,5.27
5mnn,3.84
6f8t,5.15
4meq,3.6
6qae,8.52
4xoe,5.0
4qw7,6.28
3obu,4.3
5aep,7.17
3lxs,8.1
2gtk,6.6
4uce,3.17
5yyz,4.18
1npz,7.89
3lc5,6.57
4kip,8.15
5dtj,4.47
2am2,5.1
1a0t,1.3
5trg,7.82
4jbo,7.62
3ddp,7.14
6bfx,7.1
1c8l,8.16
1xh7,6.82
6j0g,5.64
4o7e,5.24
3qd4,8.2
4wyo,6.95
2j7b,6.62
2c5o,5.19
4j06,5.34
3d4f,7.72
1gny,4.14
5ukl,6.2
1q5l,3.22
3ij1,4.7
1wv7,7.26
6iji,9.36
3nzs,7.12
4pis,7.22
1e4h,8.41
4wn5,7.41
1way,3.4
3sfg,6.06
4mue,6.7
5wic,4.64
3uol,8.51
3mvj,5.49
2cle,3.55
2xln,4.48
5qbv,6.37
5ipa,4.7
5vqi,6.25
1veb,7.41
6fvl,6.8
6peu,5.89
2hha,6.91
3tao,5.14
6sd9,9.1
1o5p,10.0
2f3e,6.81
3iet,6.85
5m9d,5.8
4bi6,3.95
4wno,6.8
4d7b,7.68
5es1,8.34
5edl,8.35
4xnv,6.79
5elf,2.34
2bo4,4.61
2yjx,5.12
3d9l,4.17
1jp5,9.22
5b5o,5.72
2xae,7.3
1trd,5.4
2w6t,8.57
6ev0,5.74
1puq,7.28
2w68,4.74
4qgh,9.0
5tx5,7.8
6beh,4.09
3qri,9.1
4ztq,6.32
4jvb,7.41
3c8b,6.1
6q9y,5.43
1wbt,6.47
2vnt,8.0
5adt,5.65
4fci,1.26
1swk,12.0
1cet,2.89
4kb7,7.49
3rwh,7.4
2rc8,6.52
6b67,5.05
2pvw,9.52
5cp9,3.51
4tkb,5.59
1xff,4.82
3ouj,6.05
2etk,6.82
1uj6,3.05
5qa6,3.76
3bv3,9.34
2mwp,6.05
3m2u,7.0
4y94,6.62
5ufo,7.43
6s7k,4.24
1rpa,6.0
3kac,3.13
6j3p,6.98
2w1i,8.92
4ztl,5.92
3m67,6.74
1zsb,0.6
3dz5,8.15
2gzl,4.82
3kgt,5.51
4p00,6.4
3fx6,6.8
6ma4,7.35
5d3c,10.4
4km2,5.84
6e5b,8.66
3rup,1.57
3zxz,8.4
5o7n,6.52
4btk,6.62
4gzw,4.52
5oah,8.31
6e5g,5.37
5nwi,6.16
4hcu,8.0
1my8,7.46
1gjd,5.22
3dnt,4.74
6eb2,6.32
4d8a,3.42
4azy,6.7
5ja0,5.22
3mqf,5.24
6oie,6.15
4kp5,6.08
6dys,4.25
1nyy,4.68
3lgs,4.61
2pcu,3.04
1c3r,6.4
4bjx,7.66
3ozs,5.33
1k1j,7.55
4rxe,6.64
2j7x,8.77
4p4d,5.74
4g5y,2.77
2rib,2.82
4d8s,6.49
2d1n,8.15
1uom,7.72
1i90,8.89
6pgx,9.21
1f47,4.67
3okp,4.72
3nkk,4.7
3tjh,5.41
6oyt,8.23
3rz5,7.89
2wyf,4.43
1lor,11.06
6r1c,4.92
1sre,3.85
4p90,7.19
6dqa,6.44
6ftp,5.82
3h0e,8.15
2yit,9.54
4cjr,3.1
6dqb,6.49
5hgq,7.34
4kmu,7.92
4ixv,6.62
5hng,4.03
1unh,7.0
3uew,6.31
3wtl,7.04
5a5r,5.9
2w06,7.08
5wfm,6.52
3ow6,6.66
4nw5,7.7
3v8s,6.19
4y6m,7.15
2xqq,4.82
3cp9,7.32
4zsj,5.64
1aq1,8.15
6sde,10.2
6ma1,8.1
4x47,2.85
6fdq,3.95
5boj,7.0
5inh,6.0
1cny,7.85
3ttj,6.68
5g11,7.21
3k9x,8.4
3bze,6.0
4h4d,6.82
5bqh,8.52
2pgl,3.59
1iht,8.46
2qhz,7.28
3hnb,5.11
5vdp,4.05
4xv1,8.38
4mic,5.3
1oj5,6.1
4ra5,8.4
6djd,2.14
5bmm,8.4
1rdn,1.84
1qkn,8.47
6itq,4.69
2pj7,7.77
6p3p,6.84
3ara,6.49
6m9t,7.7
4ivd,9.52
1jje,8.43
5h1e,7.54
2rgu,9.0
4q87,4.85
4x7i,7.69
6i74,5.47
4e6d,8.92
6det,8.22
5vb7,6.72
2bks,7.43
6qlo,5.06
1bux,4.85
3r4p,7.96
3wym,9.52
1ikv,6.28
1j4p,4.99
1s3k,6.62
5uwj,5.7
4ygf,7.68
2ym6,6.06
2kp8,4.0
5u7d,9.3
6qho,6.2
4l02,7.7
3v5l,8.15
5xmu,7.51
4eg7,7.34
3lka,2.82
1ek1,7.77
6oco,6.32
1eol,13.42
3nuj,9.39
5gvl,7.38
4xbo,4.59
2pou,7.42
4yth,8.7
4nct,7.55
6nri,7.57
4glw,6.1
1gqs,6.3
1y6b,7.42
2jdl,9.43
5q19,7.32
2jxr,7.05
5arf,6.27
1b3g,6.7
5ji8,4.63
2z60,8.05
2r2m,7.33
5ws3,8.96
1cp6,5.0
3ryj,7.8
3pxy,5.23
5wag,5.21
2vtl,4.01
4zzz,7.06
5abf,4.85
4jk5,7.55
5ztn,8.3
4dkr,6.52
3ppp,5.22
4qmn,8.52
5tg7,4.53
1b05,7.12
4kqq,3.9
3km4,8.89
6ssy,3.19
5eto,5.57
6ce8,3.41
4yl1,6.67
6egs,3.59
5f6v,2.24
2oic,8.4
3p44,8.01
2h21,6.54
4u7t,5.67
1o2r,5.21
1soj,6.62
3zjc,5.05
4acx,7.11
5alu,7.66
4ie4,5.48
2srt,6.64
4hlh,5.96
3u93,6.31
1uu7,4.85
5mrp,5.52
5g22,7.0
6fer,4.36
5ief,5.28
1jvu,5.15
2flu,7.7
4x34,6.12
4zzd,6.6
4oex,5.84
2aof,4.55
6peb,8.57
6i8z,7.8
1e3v,4.34
2q2y,8.8
1usn,7.74
6ewe,5.51
2qm7,5.89
6qhr,7.72
5u7i,7.18
1m0o,2.31
4hby,5.36
4cp5,3.34
1uys,3.6
6i65,6.41
2wtd,6.68
3hxb,5.39
5aqr,3.0
2yfe,6.63
2adu,7.74
5yjf,5.74
4ehv,2.29
3cyw,7.77
5auw,5.05
4i73,6.72
5lj2,5.0
1v79,7.89
3dei,7.4
4inr,5.59
1nu8,5.42
6fiv,8.08
1gbq,2.46
5l9o,5.4
3skc,8.8
4leq,6.54
4x6h,7.66
6h96,8.68
1d1p,3.6
1i41,4.57
4v24,8.37
4qzx,6.26
5m9w,2.24
4b6p,7.13
1ex8,6.33
1hvi,10.92
2c5n,6.66
1bxq,7.38
3mg6,7.89
5ke0,9.7
6gjd,7.66
3mwe,1.54
5c85,3.98
1ke8,6.0
6plg,7.82
5vcz,6.35
2c0o,5.91
3cid,8.3
6bd1,4.78
3f9w,4.72
4dkq,6.6
4zx1,6.14
3pwh,8.72
1m51,4.73
3u8w,9.0
2xuc,4.1
3g5y,7.46
3i73,5.49
2rkf,9.08
1swi,3.1
5zla,4.3
4n9e,7.82
3zy2,6.46
4qz5,5.26
5u0w,4.24
5y7j,7.29
2vpe,4.94
3ex6,3.66
3g08,8.16
5yy9,8.04
5bue,8.52
6hle,9.31
2y5h,5.79
2r1w,4.6
4b6o,7.0
4dt2,4.37
4elf,8.03
1ft7,5.18
4yfi,6.3
6ayi,6.68
4ht6,6.21
5x8i,8.7
2h13,5.35
4j2t,7.96
1ayu,9.15
5qad,3.77
2chm,8.26
4lh5,6.7
5aba,2.98
3nex,6.0
4xsz,5.6
4ms0,3.39
5t2g,8.1
5v79,6.41
3mho,6.49
1d7j,3.3
2opb,8.74
4raq,6.72
5dg6,5.07
5a82,5.6
5k1d,4.68
1npv,8.24
3ttp,9.12
5fl6,7.36
1lrh,6.82
1zky,6.25
5hj9,5.85
3q4b,9.33
2xm2,4.62
1a7x,9.7
1r2b,4.94
5v35,6.96
6p10,5.22
2h3e,5.7
2pnc,3.33
4ibi,4.14
5nf5,6.82
1n46,10.52
5f25,5.04
4eeh,4.35
6uf0,7.14
4usw,2.69
1hk5,5.24
1pfy,8.15
6ei4,5.28
6gzd,8.01
3sji,5.69
2c5x,6.6
1h61,4.89
2bt9,6.19
5kjm,7.19
1f74,3.05
1toj,3.39
6ma2,5.39
5u5k,4.02
2os9,2.24
3jy9,9.0
1q84,11.05
2f8i,7.26
1cgl,6.87
4qhc,6.7
4yzn,4.81
1ui0,7.06
6d6t,8.21
4wz5,5.51
4d8i,6.69
1y1m,1.82
3ctr,5.16
6ezq,4.66
1n4m,6.72
5jap,6.64
5npf,4.24
2j9n,4.7
3sdg,5.55
5t36,7.37
4z88,5.39
4bxu,7.0
3sr4,6.54
5t9z,7.19
4avi,7.63
2brh,4.64
1jil,8.4
1v0m,5.1
5izk,6.72
4kio,6.3
4klb,4.16
3zim,8.17
6bau,4.51
5eu1,7.81
6hm2,7.33
6pm9,8.1
1qj6,7.74
6ety,8.05
5ef8,8.85
3k15,4.92
6n3k,7.54
5u6b,9.89
4fiv,6.52
3l5b,3.91
3lxl,8.3
1f8b,5.4
2xu5,6.89
2xjj,6.51
5vd3,5.55
2bdl,7.82
5hbh,7.31
2yc5,7.46
2n27,6.55
5fsn,5.77
6me2,9.37
5irr,5.27
6pl3,8.52
5ofv,1.58
4aa5,7.8
4q0k,4.87
5ev8,5.22
5nyz,5.03
5diu,7.37
4azt,4.17
3iaw,5.8
5cei,8.28
4men,3.9
6gxu,3.74
5z1e,8.3
1o2k,6.92
5ml6,9.45
1bsk,4.12
5m0m,8.22
1vyw,7.43
4pr5,5.66
2z3z,4.31
1zz2,5.22
4lte,7.22
1ydr,5.52
4hlm,6.77
1b3f,6.89
3qiz,5.21
3jzp,6.6
2onc,7.89
3mf5,5.36
2ao6,9.28
3iej,6.66
3b7r,7.7
3r42,4.08
1fl3,6.8
4q08,6.3
5ntq,7.47
6qtx,4.41
3fzs,5.82
2zjf,7.72
5t1k,6.28
4zs9,4.57
4qj0,7.32
4od9,7.24
4qxj,5.9
1hi3,4.19
3qk0,8.7
1o6r,7.1
5o22,8.0
3kqt,5.34
4z83,7.4
6oe1,8.51
5gtr,7.17
2w6q,4.6
3t6y,5.52
2i4d,11.68
6dkb,9.15
5f2p,4.43
5e2m,7.23
2p83,7.96
4mw4,6.5
4qij,5.54
3vhu,7.31
5jnc,5.48
5lwm,8.87
4k63,4.22
1ceb,6.0
4wki,8.3
3rxg,2.15
1pkx,6.92
5tef,5.4
4i67,6.35
6n9l,6.7
6oy2,9.87
3k5k,7.64
3ml4,5.33
5vi6,8.52
4n1z,9.14
3hau,6.38
5hh4,5.96
3mn8,6.17
4uix,7.3
5j8x,8.8
5km3,4.6
3nht,7.01
6hq4,4.65
4j86,3.77
4x7q,7.85
4o91,6.83
1ctu,11.92
3lpb,7.38
4ezt,5.13
1ke7,8.05
5ne1,8.28
5dw1,7.1
4gwi,3.69
5o1b,4.7
5l15,9.57
1rsd,6.52
6ekq,5.46
4xy2,8.1
4ded,7.42
3v7d,6.39
3d94,6.8
4kqo,6.78
2gg5,6.6
4cd0,9.7
1i80,6.41
2o7v,5.96
4cjq,3.59
6jn4,5.69
4n9a,4.19
2h15,5.67
3gtc,2.35
5a3s,8.68
4mnw,5.76
4x5p,8.21
4b9h,5.35
1om2,4.7
1h26,5.54
1ua4,4.22
5eef,8.32
4g2r,4.45
5o9q,5.21
6cyg,4.17
4g8r,7.66
5i0l,7.74
3ej1,6.92
2oyl,6.3
6itp,4.65
4tk1,3.72
3aau,5.05
4u5n,2.48
6r8w,5.92
5hv1,4.1
1uyg,4.27
3k0k,5.43
4r4i,6.27
2nnd,6.06
5ugd,6.62
2vw1,3.52
3p8o,8.72
6jn3,5.16
2vts,7.52
3ao5,2.23
6ccx,3.15
6nnr,5.07
3efs,5.34
1y2j,7.48
3jzr,7.44
4cl6,5.39
2dq7,8.32
4n9b,5.28
1ro6,6.46
2zsc,7.06
6g4n,5.64
2qoh,7.7
1hsh,9.42
5klt,6.76
4qxt,7.8
2f89,6.48
6nzt,10.2
4jr0,8.2
4mcv,8.89
5wg5,7.18
4nzn,6.38
1e6s,3.22
1o3f,7.96
5nzn,3.66
4nat,6.48
5e2v,6.08
4lvt,10.36
5nmg,5.75
3p2e,6.22
3eqb,1.82
6ccq,6.6
2xhm,6.8
4ec4,7.6
4ohm,7.55
4es0,6.99
3d78,7.64
2m0v,5.97
6i3u,9.22
6evo,5.17
5ald,5.97
6edr,4.55
4mji,4.09
2jg8,6.3
1pq3,7.52
1fax,7.39
2y76,6.36
2ca8,4.66
4b8p,6.85
2btr,7.02
6qe0,4.6
4yp8,7.89
2uw7,7.74
3vrv,10.54
5lx6,5.72
2qu5,8.06
6gj7,6.06
3twd,7.74
4fm7,7.24
5fq9,6.48
4zip,9.68
4z7i,8.11
6bqa,5.85
4wag,7.08
4fli,5.44
5hja,5.96
3ta1,3.25
3uwk,4.24
1uv5,8.3
5ega,5.06
1j5i,3.64
5u2f,6.71
1a30,4.3
3oj8,8.36
3tsz,4.46
3t08,3.04
6czu,6.32
1q6s,7.92
2jo9,4.28
2bpm,8.7
4xum,4.67
4irx,6.12
3b7u,7.74
4ez5,6.52
6qqq,5.17
5i2z,7.14
5a7b,3.57
1vjb,7.89
6f23,8.3
2w70,4.92
4okg,9.32
1n0s,7.45
1uwh,7.66
5n2f,7.1
1i7g,6.0
3rvi,7.96
5nvv,6.7
4zro,6.16
2y4l,6.3
1mn9,4.62
4lp9,6.21
1klg,7.89
2bw7,5.7
5d6q,5.24
3dv5,7.66
4whr,4.12
5v9p,6.14
1xor,6.41
4ia0,7.11
2xp6,4.7
3ly2,8.3
1e8h,5.68
5kj0,6.89
5e73,4.64
5ddd,6.59
4pd7,3.92
4xip,6.63
4yas,3.41
4djr,11.52
3qti,7.85
1p03,8.19
4bci,8.22
4uit,6.7
2v00,3.66
4efg,7.26
3bel,7.85
3o9d,10.72
3otf,6.08
6ouv,5.55
5qqp,8.28
1jif,6.2
5hmy,6.3
2ha3,3.03
4qoc,9.92
1yw2,6.85
3g5d,7.96
2qe5,5.79
6dql,7.89
3n7r,7.7
4uc5,5.48
6n93,4.69
5ddf,6.17
5mi6,7.3
5uxm,5.44
6eif,6.98
3fhb,5.7
3eft,7.92
1d6w,5.96
4h4b,2.7
5jbi,6.92
4zyf,8.64
1b5i,7.05
5one,7.28
4jn4,5.86
6mjw,7.99
4ju6,6.17
4zw8,5.96
3bmq,5.49
4yyn,3.96
3qi1,7.66
5ipj,8.89
3nxq,8.15
1nms,6.7
4rme,5.92
5f60,7.37
3ti8,9.05
6hs0,5.5
1prm,4.23
5ur6,7.06
3tti,8.22
3a2o,9.08
3d9k,4.72
3p9t,6.2
4hfp,7.38
5e89,7.85
3i4y,7.05
6bqk,9.0
3aav,6.62
3cm2,6.47
2ycs,8.87
3p3h,7.44
4ehg,7.19
5w7i,4.95
2fum,6.1
5vb9,5.89
1f1j,8.8
6dh5,11.3
5kq5,8.05
1jmg,6.07
5fow,4.03
5oq8,5.85
4i8z,11.05
2psv,7.24
4oma,4.17
5j9z,7.8
4hvs,7.8
2byp,9.06
4ovz,6.31
2xn6,8.8
3lhg,7.7
5mpz,4.07
1c84,5.0
1qsc,3.68
4m2u,8.04
6h4p,6.99
6dpz,3.59
3ua8,7.85
2b1p,8.52
2n0u,6.22
5vdw,4.0
3peq,7.5
4foc,8.52
2nn7,6.52
4p02,6.4
4iho,5.1
4rpn,6.96
3aya,4.33
3h8b,6.29
3qzt,4.0
1orw,7.6
5a3t,8.4
4fjz,6.29
4glr,9.46
1d2e,6.0
4aoi,8.4
2dbl,8.7
4cq0,5.09
3lnz,9.31
4eh3,3.53
3s9y,6.44
2wxl,8.34
3zmt,4.55
4jln,7.78
4ow0,6.82
4kfq,8.23
4r92,7.41
3hyg,7.03
3p8n,9.28
1b74,1.3
4i9o,5.72
2bow,4.0
3w5t,4.52
1imx,3.52
4emf,7.08
5jdc,3.98
6n54,7.75
5n7v,8.77
2veu,7.0
2x6d,7.92
4rr6,6.0
3hwx,7.86
5dhs,5.22
1zuc,8.77
1ms7,6.77
4zup,6.77
3sap,7.59
4muv,5.76
1ykp,2.96
2q1q,8.15
5nvc,6.19
5dyy,7.24
4ymq,5.8
6i8m,7.8
3q92,7.92
1g36,7.17
3vs3,9.37
5ea6,7.41
3wk6,5.2
5een,8.96
1xdg,7.3
3ldw,7.97
1b11,7.39
5lav,6.09
4q19,8.05
5b56,4.54
2iqg,8.3
6n5g,7.0
5wzs,6.55
6sfj,7.74
1tlo,4.0
1xm4,10.39
4idt,7.0
1ciz,7.44
3d9n,4.05
4z2p,4.6
2oax,8.65
4u45,8.0
1dzj,5.89
3nhi,8.43
2avm,5.7
5orr,3.77
3s0o,4.48
1b9v,3.65
2hiw,8.1
1kwq,9.21
1m6p,5.1
3kdc,9.28
6od6,8.21
4aza,6.99
4zae,8.44
6ic0,7.66
3mta,4.3
3pp0,7.96
5nxq,6.49
5tks,7.17
4myq,7.49
5gic,6.48
4n9c,3.9
4yt6,7.96
3aid,6.86
2l1r,3.57
3nyn,6.0
6i5g,4.89
5vo6,9.05
5adr,5.64
4urn,4.46
5mn1,2.48
6q35,4.82
3q1x,5.33
1rrw,4.55
3r21,6.74
4dei,9.0
2hmb,5.59
3ftq,5.33
4luz,4.7
1ll4,7.22
6f7t,9.44
3kcf,7.46
2qi3,10.2
6hys,5.59
5bvd,9.8
4nxv,5.42
5ur9,6.05
1akr,9.09
6npp,6.05
3ppm,9.54
5wlt,6.81
1dqn,8.0
3eax,4.92
1g7q,6.06
5th2,4.52
3pjt,4.88
1ta2,8.52
6s1s,5.84
2bfr,5.25
4o09,7.7
6rfw,6.5
4hnn,5.7
4uwl,8.57
5hlm,5.9
5fnf,3.15
2ra6,4.52
5f3e,6.86
4pzw,6.96
5o0j,4.77
2n9x,6.4
5org,8.4
4nud,7.07
4f9y,6.74
3oad,9.62
4b32,3.34
4oag,6.3
5kbg,6.11
1h2k,2.92
3g8e,5.35
4jjf,8.0
1lzq,8.39
1w12,7.85
2f18,4.1
2ha2,4.66
3rwf,6.52
5kew,6.5
3gc7,9.22
5zxi,9.15
2z52,5.57
1y2k,7.68
4xg7,7.49
5lzj,3.9
6ezg,7.69
4fil,7.47
6hgy,8.52
6eg9,7.17
3eky,9.64
2j7g,7.0
4j3d,8.28
1gzg,3.05
2xa4,8.52
2rly,3.57
3zmi,5.95
4ny3,4.31
4ufi,6.2
3zo4,6.83
5ap7,6.29
3l7c,2.44
4dew,7.0
6fv4,2.92
4nyf,7.31
2ceq,7.28
5nvx,7.05
2c3l,5.07
4ca5,9.39
3cbp,5.6
5yji,5.3
5v9t,7.35
6ffg,7.2
1v0n,7.55
3kx1,7.0
6fby,5.03
5nme,7.09
1v2s,4.17
5u0f,5.47
5ttw,5.96
3gdt,7.19
4c8r,6.82
4ybm,6.85
4a9n,5.82
2yki,9.46
4qn7,9.08
5y3o,6.86
1add,6.74
1f0r,7.66
3g3m,5.96
3tvc,7.74
5ayt,6.77
2w05,9.0
4za0,7.21
3ztd,4.02
5hna,4.23
4i72,9.05
5u7m,6.74
5za9,6.74
1t4v,7.68
4xnw,7.74
5mby,3.51
3hmp,5.49
2xck,6.15
3avl,4.18
4dpu,7.3
6gjb,8.1
6aff,5.41
4al4,6.89
3s5y,7.41
4w9x,7.4
1aq7,6.05
2qki,6.41
4f8h,4.24
4i4e,6.3
6ghp,9.36
4mwq,9.1
4ptc,8.96
5kxc,5.26
1rgj,8.31
3vbv,5.0
1vea,7.52
2pyy,4.6
1apv,9.0
5hzx,8.55
2a4l,6.4
6s9w,7.23
3g2j,4.75
6fjm,6.24
3uxd,4.41
5wb6,10.7
4u03,5.77
1r17,6.42
4piq,7.1
5g6u,6.66
5chk,5.39
4nrq,3.46
4zed,5.12
4xc2,5.37
3wtn,7.04
5acb,6.8
5mf6,4.36
5j86,8.26
6drx,9.24
4csy,3.06
5anq,5.4
2vsl,8.4
4ksy,8.42
4qll,3.38
4qwi,5.36
5f91,5.2
4q1a,9.3
6mo9,5.81
3dcv,8.52
3coj,5.28
3oxi,5.66
1i8z,8.9
4mfe,2.27
1qbo,7.74
1p93,7.72
4cd4,6.58
6pnm,5.17
3i25,8.51
2hdx,6.26
3f7g,7.37
1k9q,3.15
1olx,4.33
5a3q,8.6
3qio,6.84
3l6h,5.4
3c2u,2.9
4x3t,4.54
5dv4,2.47
2ew6,4.97
2vqj,6.44
2i5j,6.3
6i5n,5.85
2cnf,6.62
1pmu,6.23
5t8o,6.51
3k5i,4.7
2b7f,7.3
5m6f,6.66
3v6s,9.12
3dp9,9.68
1cwb,7.89
4gdy,7.08
6cqt,9.64
4x1p,4.2
4bib,6.6
5uqv,6.37
2pj5,7.82
1jwm,3.57
2rka,3.0
4pd8,6.03
1gnm,6.25
4ec0,6.07
1ie9,10.19
3n23,8.52
5ts0,7.8
2kaw,4.97
1hww,7.7
3kwj,9.3
1w6r,6.15
1h62,4.77
6cnk,7.77
1t69,6.32
4e90,8.1
2h6k,5.06
3eks,5.7
3vd7,4.48
1o4p,2.6
3otq,7.39
3at3,8.04
5h1t,3.8
2fs8,7.6
4u5l,2.4
4wj5,6.29
6e22,8.89
6g3v,6.04
5kbr,6.59
5qah,3.84
2jko,8.11
1tkt,6.15
6hdn,4.3
3eqr,8.7
5tqu,7.6
1bqo,7.74
4buq,8.14
1alw,6.52
6nvh,7.95
4btu,9.3
5d1u,5.96
2q7y,4.3
2fm2,8.15
1eei,3.15
2q7m,8.8
6dgx,11.3
6prt,2.67
4cjn,4.76
3lmk,5.94
3lpj,6.92
3cdb,7.02
5a6x,6.69
6mxd,5.23
2wgi,4.07
5f6u,2.52
2h42,8.62
3rv6,4.68
4gih,8.32
6f9g,5.7
1wum,5.29
1yw7,5.85
5jek,3.98
2hiz,6.95
1tze,6.83
3dxm,6.0
3dhk,7.33
6cd4,5.34
4jkw,4.16
3zmv,4.26
5vo2,6.81
4gj6,5.12
3tpx,9.35
2xg3,4.74
4h42,3.47
6udi,10.0
3h26,4.49
1hpx,11.26
5aes,2.89
1s64,8.4
5dk4,8.7
5fqc,8.52
4wkv,6.79
4iif,5.18
6i5y,8.54
2y1x,7.57
1ha2,5.54
5ngs,6.77
4imq,5.82
6nze,8.89
3tl5,7.85
6d1k,3.13
5nz4,6.28
6fnt,4.68
3oaf,8.8
3t6b,6.36
4nra,4.19
1qaw,5.12
1f8e,4.82
5lz9,6.92
1k6t,7.62
6pvs,8.17
3qxc,5.77
1ugp,2.89
6f8v,4.8
1ec0,8.49
4ayu,4.73
1w3l,6.28
5eds,5.54
1yvx,5.1
3hbo,5.09
2xs0,5.15
5if6,7.23
3wkb,4.21
5zwi,8.64
2k0x,5.68
5olk,6.0
6ax4,8.22
5a2s,7.7
2jqi,5.0
1c87,4.2
1zhy,6.52
3nsh,6.33
4xgz,7.62
3o6l,7.51
3ckt,6.32
1w14,8.52
4z0f,5.77
4ga3,7.52
3twr,5.19
6htg,7.17
1iep,7.0
5dp4,4.2
6f6s,2.89
4p7s,7.42
4cmo,9.07
2ds1,8.47
5qj2,7.68
4xty,9.21
3brn,8.7
6gbw,8.45
2j3q,6.15
5c4o,8.21
5dyw,8.31
2xdw,8.37
1a94,7.85
4bb2,7.07
2obj,7.3
4j53,8.7
3av9,3.36
5nxx,4.77
3abt,4.77
2vjx,4.96
4yzc,8.52
4qpa,7.43
6iiv,6.85
4m5h,4.54
3eyu,7.62
4x3s,5.89
5jha,5.9
2vd1,6.86
3udk,4.49
2ybt,4.7
3f6g,4.72
3zxe,3.35
3ccz,7.29
3blr,8.19
6qz5,6.08
5ybe,6.24
2pj6,7.31
5qcm,6.96
4r5w,7.13
5vm6,7.11
2r3f,6.3
2z9g,6.15
4cki,5.96
1h28,6.52
6b5t,8.66
6do5,7.16
1is0,7.0
5flo,3.15
3exe,6.96
1m5f,7.83
2w9r,5.32
6cn6,8.3
4jyv,7.77
2pcp,8.7
4pf3,7.29
5kr0,9.15
1rhq,7.75
2ggd,3.8
3kqm,3.77
3spf,3.86
3wf5,7.09
6ayq,8.19
5w8v,8.22
4at5,7.42
6t1o,5.59
4wn1,8.29
3ta0,3.47
4hki,6.85
2v7d,6.59
6nsx,6.64
3jy0,8.3
1pmx,5.14
4fzj,3.15
5gmh,6.31
2ipo,5.06
4e4x,8.15
3zy5,6.64
4eym,4.01
1fcz,9.22
2y8l,5.82
6pvv,5.85
2ri9,3.22
2rc9,7.4
5oug,2.77
2yne,8.57
5xvg,8.05
5u4a,6.36
5svy,6.13
2zga,6.32
2ai8,6.8
1ec2,10.0
5nkc,7.72
3fvn,6.77
4hu1,7.54
6g2o,6.77
5mql,5.85
5f95,8.01
3k5g,8.6
4lv1,7.4
5w85,8.0
4tju,5.44
2w8f,6.3
2ntf,6.52
1n8u,6.03
5e88,7.19
5aia,5.2
3rt6,7.15
2wf3,7.72
1g85,5.48
4whl,6.4
5nea,10.3
3s56,9.62
5a5q,4.68
6udy,7.57
3t0t,7.04
1fq7,5.43
6s57,5.1
6klk,3.88
3u4r,7.41
6cyb,9.02
4xj0,9.52
4nuf,5.3
1re8,9.52
4r6e,7.78
6h9x,9.74
2xu1,7.66
5ng9,6.72
4ks5,6.89
6jsz,5.68
3vw0,4.67
3l3l,7.48
1pyw,7.7
3p2k,4.7
5vee,6.11
3c3o,4.36
4mqp,4.98
5zr3,7.01
1g2a,8.0
2fx7,7.7
3i6z,7.3
5lrg,8.82
4c72,5.09
1pg2,4.96
3hub,8.09
6e1y,7.66
4i1r,4.65
3vw1,4.67
3b3c,3.98
4z0e,5.3
2w92,4.55
4qjx,7.28
1xn2,10.52
5dh3,7.42
2wji,5.02
5qb3,4.31
3f8c,7.68
5u8f,7.96
6q4e,3.46
4aj4,3.89
1oba,2.44
6mtu,5.22
3khj,7.55
4u4x,5.01
5wyq,4.84
1rne,8.7
1gni,8.07
4fl1,3.28
1wb0,5.35
4na4,6.92
2sim,3.42
1nj5,7.3
3tku,5.72
4rfz,7.4
3mhl,7.25
1oyt,7.24
4yw2,2.8
2i0y,7.62
3nu3,9.82
5ivy,6.44
1r5w,5.54
3vvz,4.58
5o1f,4.52
5j58,7.3
2zcq,8.82
2q94,6.43
6ugo,7.59
4wnp,8.1
2xyu,5.35
4k10,6.92
1zsf,9.92
6m9c,7.25
5ovh,6.55
3udq,6.0
5vd1,6.0
3a29,7.89
3pix,7.0
5mek,5.38
5var,4.09
4dhs,4.8
1c9d,6.3
5toe,5.6
3omm,7.43
5n21,5.96
4yad,5.6
2pvh,6.59
5m6m,7.36
4cxy,4.93
4bo1,7.3
3ekn,8.4
6fag,6.59
2oc0,7.82
4ci1,6.6
5jn9,7.79
4qna,4.64
6dub,4.74
5wa4,5.89
2fzz,10.52
4m13,6.7
2x5o,4.07
6gnr,5.44
4dma,6.19
5uyu,9.51
1f3e,6.7
6rfj,8.4
1bb0,8.36
6djj,4.1
5ta2,7.96
5khk,6.39
1c3i,5.8
3jwq,7.6
5zwf,8.74
1e00,6.1
2qlq,6.63
1rp7,8.52
4kz4,4.15
3l1n,5.63
2lkk,6.7
2zzu,7.41
5edb,7.0
1zhl,5.0
6dsp,6.09
4rxa,5.74
2lo6,3.95
4rt1,6.14
1z6e,9.72
3c1x,7.35
5hg8,8.52
3zep,7.66
2nmz,8.37
5eis,5.74
6f9u,5.13
4g17,7.54
6mdq,3.44
4lge,8.46
5gwy,4.95
3mpt,6.6
4otg,7.59
1joc,4.62
5ey0,2.65
3nu4,8.82
2xng,7.22
4i74,6.72
2x2k,6.52
6b95,5.15
4yv0,3.28
3ocp,7.57
1h01,4.66
2oq6,3.6
4yho,10.74
2vd4,4.74
4dpi,7.11
3tww,5.38
3g0e,7.7
5zo9,8.2
5wac,7.42
1pye,6.41
1nhz,6.08
4hfz,5.72
3umq,4.62
5ajc,4.24
6cki,7.24
5ti2,4.62
1rzx,4.1
3qkk,6.52
6hot,4.4
5cs6,3.2
3qqu,8.62
4uye,8.02
1s38,5.15
1tkz,6.62
4pri,4.03
3i02,7.52
6fmk,4.67
1bzf,8.3
3ihz,6.8
3r00,5.07
1bkm,5.74
1a99,5.7
5ywg,8.34
1gjc,6.35
6oou,11.3
3ms9,5.22
4nwd,5.4
4jmh,8.68
3h6z,5.82
3g1d,3.48
4ngh,7.52
3muz,3.46
5csw,8.4
6g8n,5.84
4pms,8.1
3rkz,7.08
2vqt,6.0
3rum,5.77
4j47,4.92
4pp7,7.96
2ayr,9.29
3rg2,4.2
5zo8,8.2
3fwv,5.64
4gye,6.85
1heg,7.74
6ak5,6.12
5e1m,6.72
4zyv,7.66
1v2t,4.71
4ucv,2.88
4ph4,7.74
3jzs,8.1
2zmd,7.01
1tnh,3.37
2poq,4.42
5i8p,6.73
6rih,3.98
5ogl,4.31
4bdk,5.44
6qk8,4.85
3qx9,4.05
3dow,4.94
5un9,7.68
6hh3,6.24
5d12,7.37
6ghj,2.16
5jk3,8.14
1u9e,8.24
6j81,6.29
5ko1,6.64
2a3x,6.92
4det,5.68
5uir,7.14
4nrp,4.59
1n9a,8.66
5elz,6.34
3vo3,8.85
6d4q,6.08
6j9y,5.07
4rx8,7.46
5lg3,3.8
4lkt,5.9
2zc9,6.74
5cil,7.39
6udu,9.3
5fto,8.21
4m8t,6.43
5a83,6.8
5ye7,5.46
5i7u,8.77
5zag,6.97
2xbx,7.82
6ps3,9.78
3hf6,7.59
2ha6,4.32
2wkt,4.31
6evn,4.71
1a1b,6.4
1hc9,8.72
3d04,6.05
4ggz,10.18
4efu,6.6
4nw6,8.4
2y77,6.6
6hk6,6.41
2vcb,5.26
2vd0,4.94
2ojf,6.96
4ge2,6.05
4jik,7.74
1ta6,9.13
5mfs,6.48
4kv9,3.84
4xwk,4.63
3zm5,6.74
1u71,7.48
3ioi,6.28
6dh0,10.59
4jxv,4.51
4rn6,5.1
1w80,4.54
6r7r,6.33
6qau,7.48
4phu,7.92
4dff,7.46
5wzt,6.66
4wwp,6.92
3p8e,5.15
3el9,8.4
3f2a,7.24
1juy,7.66
4l32,6.84
4f6v,5.8
1lvc,6.0
5qin,10.4
3udy,5.7
6dnp,5.18
3drr,9.4
4mqu,8.4
3oil,5.68
4p2t,5.43
4wet,3.35
4x68,6.57
1sjh,8.05
5kr2,8.48
1ujk,6.57
1d4t,6.19
1d3d,9.09
1w10,7.55
3rf5,5.63
1e2l,4.29
5hx6,8.0
2wqp,5.51
3uwl,3.68
4dhp,4.44
4xu3,9.5
5boy,5.6
4yhf,8.34
4ocp,6.1
4pop,8.13
2op3,6.31
3r22,7.77
5hwu,5.27
1jjk,11.06
4yti,7.89
1z4o,4.52
4hyb,6.46
1wok,7.48
5al1,4.28
1ajv,7.72
6h12,7.68
3bl2,5.8
4iu0,5.89
3b7i,5.82
4hra,10.1
5fdp,6.51
2r9x,4.85
4wnm,7.59
6c7e,8.55
2zcr,6.87
4os2,6.7
3fhr,6.68
2hkf,6.38
1bdl,5.85
5wa6,6.36
1i5d,8.0
2aeb,8.3
4nrk,7.62
5exl,8.43
3nam,8.46
4bfp,7.82
6ew3,7.4
5aqz,5.48
2pvk,8.3
6o0m,9.34
4rrv,7.4
4avh,7.23
3qts,5.51
3jxw,9.0
6hwz,5.17
5u4e,6.35
1nw5,5.21
5q0g,9.74
3nsq,5.21
3zxr,7.7
4p0n,8.66
1g37,10.0
4h3b,5.17
6f3g,7.16
2b8l,7.82
1zzz,5.14
4gtr,8.3
4kpz,2.71
5sys,7.36
4c4g,8.22
2vpn,6.72
5nt0,6.55
6oin,6.0
3p7b,7.74
2xdm,7.49
4rxh,5.91
4btt,8.84
1mnc,10.34
5t3n,8.04
5w0e,9.03
3ipq,7.57
6jam,5.23
5gvn,7.05
2zxb,5.3
4o0r,7.44
6hk3,7.5
5h5f,4.43
4f7n,7.1
4ou3,4.41
5d47,7.0
4ufd,9.68
4ahr,2.19
1ch8,7.0
6b33,8.12
5l8n,4.51
3acl,6.22
3bxg,4.96
6ibs,4.96
6aol,6.27
6rpg,8.52
4urk,5.96
4l7f,6.8
1f9g,1.28
4ykn,8.0
1zyj,5.82
2nmy,8.37
3g4i,9.04
6h7o,9.85
6pg4,3.59
4zl4,7.86
2mps,5.41
2go4,5.15
6iam,6.85
1a0q,7.57
1sw1,7.3
3o6m,7.48
6qad,7.85
5jer,3.7
4hlw,5.38
6g47,2.18
1wht,3.7
3lgp,8.7
3r0w,4.52
6i63,7.01
3biz,7.24
1hi4,4.49
5dxu,8.4
2h4n,8.7
1yc5,3.0
2w0d,8.7
6skd,5.8
1gi9,5.22
3imc,2.96
1ndw,5.23
5etj,10.18
2oqv,8.4
3t6r,5.66
4zsq,5.65
4mex,6.7
2nsj,4.79
6n9t,4.15
4r6v,7.45
6nel,7.96
5jqb,2.22
6n0j,5.37
3mxy,6.41
5ajz,5.7
1eou,7.44
1eed,4.79
4f64,7.2
3ay0,3.04
6bcy,4.81
2i1m,7.62
2c9d,6.32
3t1m,3.04
1g52,9.54
4q1e,8.17
3tiw,7.67
1njt,4.82
5oh1,4.41
1qf2,5.92
2i4x,11.72
1aid,4.82
5vp9,8.99
5dyo,10.21
5nhj,8.27
5yea,8.3
4mg6,5.62
5mpn,7.07
6n4t,8.09
2xzg,4.74
4rse,6.4
3ao4,2.07
2qn1,4.77
6csr,6.84
5sz5,7.7
2vj7,7.4
3zmm,9.14
5dey,8.43
1qbr,10.57
3u2q,8.22
4hmh,6.21
1s50,7.2
3zlx,3.8
6mny,8.82
3o7u,7.28
4q2k,7.48
3p9l,5.3
3qfy,6.12
2iiv,8.18
3odi,7.82
4w5j,7.24
4btx,6.54
3ctj,7.46
6d3g,4.7
2vzr,4.28
4e3b,6.05
6dn5,7.49
4gj2,8.6
2h02,6.49
2aox,7.42
5l4f,5.89
4r6x,5.27
3khv,1.85
1l5s,3.26
3k8d,5.77
3fee,6.64
6mxc,5.56
5sym,6.55
5n0f,6.05
3pb9,6.58
4his,8.09
6arv,7.34
4nrc,3.62
6inm,6.29
2wq5,3.74
3uu1,5.2
5ddb,7.09
4oq5,6.3
5idp,7.35
3v3m,5.32
3uix,6.82
4ona,8.15
2qdt,5.19
4r8y,6.19
5d24,5.24
4qjp,8.6
5khx,7.85
4pmp,6.4
3n2c,5.12
5fnt,6.17
3shz,7.44
1uti,5.62
4wym,4.0
4llj,3.42
3vhc,8.89
3krd,8.17
6nrj,7.44
3dcq,5.23
4jff,9.22
2c94,6.82
1uxb,2.15
2jkt,6.51
4ovh,4.85
2brp,4.0
2olb,5.54
2etm,6.67
2ccb,7.45
4cc5,4.42
1zfk,7.92
3h0y,8.22
4dsu,2.82
6guc,7.6
4alg,6.3
1ijr,5.44
4u0a,4.3
4gzf,8.36
6g9f,6.23
1k3n,4.99
3obx,3.89
2k4i,3.84
4ttv,6.68
3iw4,8.68
4lov,7.77
1grp,3.72
3o1d,5.74
2ccs,5.7
4dld,5.82
4eg4,7.89
4fm8,5.97
4mg5,5.34
5thj,2.87
2bmc,7.57
1r0x,3.83
3eos,8.4
6tim,3.21
6hou,4.27
2zgm,1.79
1kyv,5.92
5tpg,7.85
4j5e,4.94
6d78,8.74
2zof,8.15
1sld,6.57
6s4t,7.95
5lz7,6.28
3cqu,6.82
1pcg,7.6
3su4,6.26
1gww,3.59
1c5f,6.07
3ibi,8.59
1vkj,4.85
3fcf,4.4
1q83,12.39
6ql2,7.77
5eec,7.1
2a2x,7.69
4nrl,8.62
1ai4,2.5
6fi4,5.66
6oy0,9.3
1zub,6.57
4ch2,5.99
3q72,5.8
3k5x,6.41
3c52,7.3
5vse,5.97
4j8r,7.7
5d3s,5.89
5n24,8.92
1j19,7.79
6dxx,6.64
5ijp,7.15
5ihc,7.89
3odl,7.21
6qlp,5.28
2nwl,8.7
2pj0,8.09
5fcz,4.2
5j7s,7.3
1n3z,4.2
3h0z,8.37
1rdi,2.06
6jmf,8.59
4qsx,1.74
3nmq,9.7
3acw,4.76
4ty1,9.26
2qn2,4.55
5fgk,8.77
6cfc,3.68
1al7,7.8
5a6i,7.25
3hec,4.47
3dkf,8.57
6eea,6.2
6eip,5.7
6jij,6.64
5myd,4.86
6q3y,7.27
6pf4,4.8
3dng,8.13
4j44,5.73
3hkt,5.39
4qfs,6.05
4uyn,8.4
5jhb,6.06
5gvm,6.73
1b5g,8.0
2ydo,7.51
6f4w,5.53
1pzp,3.31
2l65,4.22
2r4f,8.82
2cma,6.73
5hg7,8.4
1bnu,9.7
2h65,8.19
2qtu,9.28
6a03,5.25
1a9q,6.17
2g9u,6.08
2pv2,5.91
1swg,7.36
5f00,6.6
2qd7,9.1
3mg4,9.3
3r93,6.51
3qak,8.32
4mme,6.5
6h51,6.87
4eqc,8.1
6fdt,4.3
1ejn,5.62
6f9v,6.76
2ghg,8.82
4tw7,7.59
5u9d,9.26
5h21,5.19
2cji,8.22
4acc,7.7
3qaa,11.54
4qwj,5.77
4hev,6.34
5ku3,4.89
3as0,4.55
4cdr,5.1
6h37,8.59
4py1,7.19
1eix,11.06
4gj3,8.85
2fm5,7.37
6qqz,6.74
6b2p,8.89
4cu1,4.71
3kba,7.8
3nnw,8.05
6f55,4.16
5c7f,3.98
4ep2,5.35
4lkg,6.8
2w08,3.42
5j5d,4.68
4k18,8.96
4pde,6.44
4oty,7.4
1oeb,6.93
3voz,6.85
6qw9,6.64
4aof,7.1
5c5t,3.13
2eg7,5.89
4ufm,3.72
4knm,8.0
2itk,7.69
5xmv,7.68
1b2m,3.73
1qb1,6.77
6dif,10.72
3t19,8.66
1xp6,9.4
4ory,3.53
6py0,6.41
5kya,8.22
3g34,2.96
3v4t,4.11
3udd,7.1
4z89,4.69
5z1s,6.16
3f82,8.34
5yyf,6.48
6df4,7.64
5vfd,6.44
2aac,2.22
5eel,6.08
4rux,7.92
4ap0,8.0
4d0w,7.7
2kfg,2.92
4mny,5.71
6dxl,5.8
5j6n,7.77
6d1l,8.12
3h85,5.22
6gfs,6.54
4xy9,5.33
1e66,9.89
4txs,3.0
5lrq,5.8
3u7k,7.07
4dve,9.52
4a9t,7.15
4gvm,6.11
1a50,6.7
1bmq,7.42
5ndd,6.46
3kqc,8.66
1so2,9.57
2yc0,2.82
2xtk,3.79
4ge1,6.43
5j18,9.15
1xh8,5.77
6b1o,8.51
4wf4,3.11
5ltn,5.27
2gej,6.64
6ccl,3.56
4f3i,7.44
5m5q,7.05
3hzk,6.7
3kqs,5.2
6jjz,8.64
4gts,7.89
5egm,8.62
1w3j,6.32
5dit,6.15
2byh,6.59
1g3f,6.37
1uwt,5.97
5cdh,5.37
6odz,9.15
4xmr,4.07
3lzv,10.59
1kpm,5.8
6g5j,6.7
5cc2,4.1
2hhn,7.49
6n3y,5.44
4z84,5.82
6n7q,5.15
4um1,5.77
4ght,5.78
4b11,5.64
3tpp,7.82
5w1w,5.52
5mys,4.3
5g1a,6.57
1fdq,7.27
6c5q,6.66
4ahu,2.27
5lo6,7.27
3uvw,5.17
1qxl,7.96
6ia7,5.7
5isz,4.49
3aas,4.51
6h1u,5.32
5n3v,4.34
3ugc,6.02
4wop,4.76
2y2n,4.57
2va6,6.17
2fgi,7.34
4mf0,8.08
2fvd,8.52
6pf5,4.96
1o3e,7.96
4io2,6.7
4lwc,6.72
3rlr,7.52
3q2h,9.16
4mw0,7.41
5fqt,6.8
6dj5,8.14
5btv,3.85
2rk7,4.05
5ftg,6.15
5he5,6.47
4nhy,5.64
5llg,11.13
4q1w,11.7
4qyo,8.22
5i4v,8.52
4x7n,8.22
3m3c,4.06
2bve,3.67
3pn3,6.4
3kga,7.21
6q30,5.52
1tpw,3.3
5l6j,6.7
5aux,5.0
5hl9,4.66
6c85,3.9
3i4b,8.15
1p1q,4.89
1qk3,5.15
3vbt,4.43
5zoo,5.65
3s68,8.66
6h7j,8.62
1sqq,7.82
1hyo,4.07
4jg0,6.76
5v3y,6.72
2jnp,6.89
6ep4,5.35
6ct7,7.0
3lzz,3.84
4wyz,4.3
6csp,8.52
5elq,5.7
5nbw,8.59
6f34,4.94
3wsy,6.36
1rlp,5.1
4rvl,7.38
3omg,4.72
6mob,8.15
5i9i,7.3
6ugz,7.72
3ck8,3.84
2rfy,5.22
5f1r,6.0
5n93,8.66
5k03,4.74
1hiy,3.08
5cls,6.66
6e1z,3.82
3g1m,6.3
2y34,7.1
3zj8,3.9
6iyw,7.23
4e4l,8.77
2wap,6.64
3gxl,7.6
3mam,4.12
1lvk,5.92
2i3i,7.3
4p4f,6.77
3jzq,6.96
5ty9,5.21
5lvd,2.62
4uau,5.89
1ujj,6.1
3guz,4.38
2avo,8.85
4i6h,8.3
2d1x,5.1
1v2p,4.73
4pkt,4.83
4qc1,4.99
4bky,7.92
6h50,6.81
1o2v,5.85
6g92,4.12
5yqn,4.03
5g1n,7.77
2z5o,6.0
2c4f,7.7
2xnm,6.8
4jbl,3.27
4tyl,3.22
4xtx,10.57
4lh7,4.47
4ekg,8.77
5axq,10.1
2yay,6.1
5nu5,6.33
3pa5,8.7
5j6a,7.77
6cc9,3.15
1a28,8.29
6fgc,5.48
4f6x,5.09
2fkf,2.92
5to8,8.51
5n18,5.68
3kqo,3.85
6ooz,8.05
1xn3,7.4
4gpk,7.52
5ia3,7.34
6eqp,5.96
6dgl,5.52
3sgt,3.82
1r1h,8.92
2ovx,8.7
2off,6.52
3bar,5.7
4muw,8.01
2c6e,9.1
2ban,9.0
6r1w,5.3
4hxw,8.7
4byi,8.05
2vto,6.85
2tpi,4.31
3ft2,7.36
6bq0,7.34
4qw0,5.14
2uxx,3.3
1rmz,8.0
3v2p,6.36
2las,5.74
5jg1,8.72
6f3e,7.15
1p2a,7.92
1y3x,5.14
5itp,5.0
1gu1,4.52
4urz,2.52
6gg8,9.1
3u3f,5.1
5myv,7.51
5i8b,6.96
5uwf,7.23
4os6,6.44
3aza,5.13
5td2,8.66
5n1x,3.16
4bkz,7.57
4qfg,5.48
5qas,3.72
5cin,7.74
2r9m,8.82
5za1,7.52
2k46,4.58
1p1n,6.8
3u6i,9.0
4zw6,5.72
4m4q,7.96
2a58,4.92
1y2f,4.92
5u6c,10.3
4ax9,9.57
2y8o,5.12
5vm0,8.8
4prn,5.66
1hp5,6.55
2yiw,9.1
3oyp,8.7
4knj,7.95
1lqf,8.3
6au5,5.57
4eoi,6.05
4giu,5.33
3mz6,7.2
2wcg,6.38
4hlk,5.96
3plu,5.77
5q0q,6.11
4a4g,2.99
1at5,4.19
2fyv,3.52
4jv7,6.0
5u94,7.19
3qyy,5.08
5mwd,5.72
3ztx,7.74
3o8h,6.24
5e6o,4.11
5szc,4.69
3pd3,4.44
5kxi,7.74
1ofz,4.62
3wi2,7.04
5hoa,7.19
6cho,6.78
4yp1,5.04
3p3r,7.25
1ywr,7.89
2r5d,10.15
3wkd,3.77
4avw,7.62
2oh4,8.46
5am4,6.95
3c39,3.96
5bpe,5.95
2nmx,5.57
4bs4,8.22
4qlt,8.6
2buv,4.0
4m6p,7.27
2fv5,11.7
5am5,5.74
3pcc,3.62
6exm,5.52
4gpl,5.89
2k62,4.7
4e3j,8.92
6agg,4.07
4bcs,6.99
4dst,2.96
5uq9,6.15
1o36,5.96
4eop,6.05
5dfp,7.66
4cft,4.95
1ca8,9.49
4yy6,4.22
4j7e,4.85
6bs5,5.7
1ecv,4.85
6rqk,2.8
4fzc,8.4
2qzk,7.57
3aw0,5.24
4rj4,7.8
4g0a,7.6
5w7x,4.1
1hte,5.64
3vfb,9.04
4ruz,7.64
5l01,7.48
2ncz,3.85
5w4e,6.46
2wf5,6.0
2vci,7.68
4os7,4.62
3ddb,4.02
4mq2,7.01
2ony,6.68
6mu3,6.15
6o21,8.46
4msk,7.2
5mnh,4.68
4egk,7.72
3tl0,6.59
4dru,8.62
6jav,5.76
4g8o,7.66
4o6w,8.52
3hc8,8.54
4f3k,10.16
4fk7,5.24
5x28,8.4
4n5d,3.22
2ww2,4.85
1uj0,4.57
3t07,7.8
5kw2,9.09
4hso,4.66
4ere,8.38
5jr2,7.57
4yne,8.52
3ith,8.1
3thd,4.05
2pl0,7.21
2r23,3.72
6a05,4.89
4p7m,7.41
3lil,8.08
3h59,7.89
2e9a,6.04
6mzq,8.41
5v2q,8.28
4pgb,7.48
2kpl,6.64
4auj,7.74
1o2p,4.85
1u2y,1.74
6ajy,5.28
4ury,2.22
3k3b,6.7
1xh6,7.32
4mww,3.67
2f7i,7.1
1ntv,5.82
2wkz,8.77
1o3p,6.66
4jps,8.3
4fe6,10.0
1kug,3.8
4nxo,7.22
3m3x,6.82
4tyo,7.1
1u1b,7.8
6agt,8.4
1hii,7.28
5hpm,7.13
2bdf,7.17
2i4u,11.57
4fyh,4.85
3zi0,7.4
1tl1,6.42
3s54,9.64
3u8k,8.66
6fyi,6.7
6kqi,8.06
3ggv,10.85
2lsp,3.56
3ctt,6.35
1b6k,8.74
5ezg,4.92
4fbe,6.99
6ib0,7.4
3ejr,8.57
3r1v,6.92
5yof,5.82
5ugh,6.77
4hws,9.1
5fpi,4.14
5c4k,4.56
3g4l,8.24
4r5g,5.22
2zcs,8.22
4j8m,7.32
6fne,5.52
5hjq,4.72
3zpu,8.38
2wnj,6.48
3oof,7.3
3e6v,6.83
1ny2,2.76
3ful,3.7
3fcb,5.31
3kvx,6.83
1l83,3.4
1kds,5.77
5kmh,4.62
5hrv,5.29
6qge,5.68
6d1i,4.09
3cd7,7.84
3nc9,6.48
6nu1,4.51
4hlc,6.76
2vr0,4.42
5ai4,3.47
3lp1,6.92
3mz3,7.83
6ht1,7.11
2wxg,9.15
4qlv,7.85
3qtr,6.03
6f5l,9.19
3opr,6.59
1fls,7.48
5wik,6.21
3djq,2.98
5mxf,3.59
2xuz,7.4
6ueg,4.71
1z5m,7.52
1x7e,5.97
5iz6,6.64
6bkw,8.3
6eq6,4.82
3doz,5.7
5kmf,6.29
4qip,5.15
5dx3,7.41
1gvw,6.96
1pot,5.49
5x72,6.33
6e4f,9.07
6hu2,5.9
1qr3,6.59
6e1a,8.85
3jvs,6.54
5mwp,7.5
4lww,7.54
4ghi,7.09
1oz0,7.7
1fwu,3.7
5f4r,7.02
4y5d,5.92
4meo,3.6
2f9u,7.39
4ww8,10.17
4oyt,2.81
6qyn,7.62
3cyx,8.0
5v24,6.4
3zuk,7.46
5w13,7.66
4mq1,7.92
5zhj,5.0
3dz2,4.15
3aje,5.03
1tyn,9.7
2o4p,10.72
4nks,7.17
3fup,7.66
4qht,4.94
2f3f,6.72
2v95,8.3
6i1r,5.84
2ynr,5.77
4j84,4.69
1bnn,10.0
2c6m,6.46
1z6p,6.05
4li8,8.12
6d6u,8.21
5ow1,4.15
3npc,8.34
3wq6,4.59
6aum,9.1
1xlz,6.02
4bps,2.99
4qvq,5.2
5mme,5.85
4unr,8.7
6htn,6.07
3o0j,7.19
4odl,6.95
4kby,6.73
6c4d,9.04
4ok3,4.15
3hxe,5.33
3b8q,9.3
5ogb,7.47
1hxk,3.4
5kva,5.14
1nwl,2.39
5h5o,6.56
2p7a,6.1
2ozr,9.17
6ikm,8.57
3sv7,6.08
4nwc,5.76
4jp9,7.62
5elv,6.8
1anf,5.46
1owk,7.63
3zly,3.52
3vhe,8.21
6arj,7.6
4k75,4.25
3u18,6.09
4bqh,5.59
184l,4.72
2r05,5.15
2v58,9.09
5k4i,8.51
5mfr,4.3
4p1r,8.39
6h75,4.38
5aaf,7.44
5v3r,5.3
6ql3,7.0
4drk,5.08
2qyl,6.19
1sz0,9.0
2jg0,7.82
4ah9,2.46
5xvu,4.65
5edi,9.52
3o1e,5.74
6bt6,5.91
2p3i,3.48
3dc3,8.31
5kam,4.11
4l31,6.79
3zvy,5.1
2vxj,4.17
6ocw,8.15
6f09,5.97
1qxk,5.05
3ggw,5.54
1fkw,5.05
6n9h,4.26
1ydd,7.07
5erg,4.35
1n8v,6.03
3dbs,7.12
6eks,3.84
5i24,7.42
4g55,4.92
6d18,5.85
1g35,8.14
1rw8,6.76
1lyb,11.42
1fw0,5.43
4l4v,5.78
3gqz,2.17
1w8m,1.6
5tr6,8.49
4hla,10.8
1m2r,6.46
1mmr,5.4
6g6w,9.7
5q0j,6.62
6fpu,6.49
2jfz,5.24
2vwu,6.46
1gwr,6.6
1ci7,7.05
2z8e,8.0
4ckj,4.84
6cn5,7.7
5t5g,5.89
5d9l,7.62
4gby,3.46
4izy,8.52
3d6o,4.11
4tim,2.16
5xpp,7.44
6g9s,8.0
6oa1,4.59
4iu4,5.0
5try,7.8
4ejf,5.1
3ezr,5.0
4xkx,9.05
4av4,7.03
5tci,6.88
2r0u,9.0
5wdw,6.54
4j5c,5.52
5nkd,7.59
5dhf,5.66
4rj3,7.03
6g3o,9.24
4kcx,4.43
5xgh,5.99
5afj,4.38
5m7t,5.41
3kqw,4.01
1rwx,7.37
4e5i,5.3
5efc,4.85
3q3t,7.43
1apw,8.0
2joa,5.96
1w0z,7.68
4xs2,5.82
4p4i,7.46
4yvz,5.52
5ukj,7.16
1amk,4.3
4j3e,7.06
3c43,7.72
4xg8,8.72
5oyd,2.75
1gar,10.0
2jjb,7.92
5teh,7.55
4mcb,5.82
6ib2,8.0
4y6p,7.16
1kfy,5.28
5cuh,4.62
6coj,6.4
6f3i,7.68
4lch,10.62
2v3u,3.0
5mrb,6.33
4a9c,4.61
4jfw,6.34
5j32,5.08
5am0,5.88
2ypi,4.82
3c10,6.52
3m11,7.37
5y8c,6.8
4ocz,9.18
4qlk,3.24
4qxr,6.0
1xo2,6.07
4ywa,7.55
4b3u,5.33
6h52,7.17
5mja,6.66
5al2,6.44
5qaf,3.51
4i0r,7.85
5q17,5.25
6o1g,9.0
5dnu,4.11
2wmx,6.07
1zd4,3.6
4qls,7.44
5oha,4.89
5vlk,5.26
6psb,4.1
5vwk,5.48
4txe,5.62
3wcl,6.59
3vid,6.21
1u9q,8.33
3uxk,4.93
3fkt,5.55
5llp,9.24
3wzp,6.82
5l3a,4.89
5xpm,7.64
3gy4,5.1
3nzi,5.59
6h2z,9.3
3k8c,2.92
4m3f,5.31
2xzw,5.29
3s3v,6.23
2f5t,5.17
3q6w,7.57
3su1,6.68
4ly9,8.15
4el9,5.36
1ony,6.77
4j6i,8.85
5mgj,4.29
2vaq,8.52
2qta,5.76
4r5b,6.73
3wb5,4.57
1hvy,6.54
4jx9,8.62
4yzu,5.05
1xxe,5.41
6c9q,5.1
4l7r,5.02
6ugq,7.55
4yee,6.49
2j2u,7.33
5ygi,7.05
4bhn,8.2
6fvo,5.55
1c1u,8.25
4c1y,3.6
5ewa,4.82
1nyx,7.04
6hcu,7.82
5aan,4.15
1kl3,5.86
4x7o,8.7
5tyk,7.65
5v3h,8.3
3px9,3.42
2ogz,7.08
4wy7,6.78
3uuo,7.96
4mwb,6.49
1pgp,5.7
3et7,7.77
3m3e,4.43
4k0o,3.0
1o46,8.0
1dwc,7.41
1c5p,4.68
4x8t,2.05
1j36,7.74
6dcg,8.15
5k1i,8.04
5ahu,6.78
4tyb,1.7
1zea,5.22
2hai,6.28
4j4n,6.88
6au9,5.96
5mlo,5.32
2er0,6.38
2yge,5.06
6hx8,5.89
3s77,7.21
6fe0,6.48
4clz,4.37
1dhi,7.26
4ish,8.72
2qtt,4.32
3fck,4.0
5ngf,5.11
4deh,6.21
2psj,7.7
2vj1,5.3
4d52,3.11
3l0v,7.64
2q72,2.68
1tg5,7.92
4kzc,8.09
4yqm,7.51
2vwy,7.05
1tr7,6.82
3r7n,6.15
4ifi,5.48
4ufk,3.89
2qf6,6.49
3qtx,7.15
4i9i,8.1
5v6u,2.26
3kwb,7.77
2y3p,5.89
1pus,7.28
4hn2,6.89
1n95,8.92
2vtq,6.85
2j7d,7.13
6azk,5.64
3mnu,7.32
3f3a,4.19
4abf,4.62
5fjw,5.4
5hfc,5.72
3sbh,7.28
2q9n,6.37
6qcg,5.14
5iub,9.46
6b7e,4.55
6g5l,7.62
2z4z,5.73
4lys,4.34
5t7s,4.1
5u13,5.41
5abg,8.05
1mue,8.64
2e99,6.16
3cph,6.48
2ci9,7.22
6gvg,6.0
4kij,4.3
6d4t,6.92
5dah,5.3
3ewz,4.1
5ivs,8.21
3rx8,6.21
4b5w,3.33
4w97,7.1
5nya,6.38
4int,5.8
3n76,6.85
6cjh,5.42
1ele,6.85
4r76,7.85
3fh8,6.74
1ai5,3.72
4hxz,6.05
6oah,5.82
4ps0,4.04
5ets,5.91
2kff,3.61
1c1r,7.63
5c1y,5.9
5j5r,6.89
6jut,8.68
2clf,3.55
6qlu,4.64
6c9p,5.64
3img,2.96
6r9x,2.96
4wm9,6.92
4dpt,7.3
5w8i,6.82
6n55,7.87
1fiv,6.59
1nhw,4.84
2psu,7.62
3ws8,6.68
5mob,4.05
1n4k,10.05
6q4q,6.82
5q0i,4.25
4xuz,7.36
4p72,4.09
5h9q,4.42
6evr,8.06
1ai7,4.09
3cj4,6.51
4wsj,7.33
4dhn,3.89
6q38,6.38
3hv5,7.02
5k0i,8.7
2ndo,3.25
4xoc,8.52
4y3b,4.87
3f3v,7.14
4jlg,8.7
4urw,2.8
4phw,10.0
1m9n,6.92
3mtd,3.47
1rgl,4.43
6gvz,6.4
5xg4,5.15
5tya,4.48
5ia1,6.28
5ok6,5.05
5xsr,7.69
1mqj,5.32
6njz,5.01
3vfa,9.19
6dpy,4.1
4da5,6.44
4ux4,7.01
5mar,4.39
6oyz,6.73
6cmr,6.61
5mge,4.06
1ssq,6.0
4ipf,7.74
6h36,9.35
4lj5,6.29
1y0x,8.7
5of0,8.63
1nw4,9.07
3arf,7.19
2r0z,5.47
4du8,5.37
1ftj,6.09
5qaq,3.54
2rvn,6.77
4tn4,6.33
2oi2,6.3
3drp,9.7
4cpq,7.74
1cj1,8.8
2i0j,8.57
5zob,5.96
2a8h,7.17
3t84,6.97
966c,7.64
4qgi,3.9
6c7r,9.0
3hzm,5.52
3mdz,9.1
5l3j,6.64
6hx1,6.52
5btx,3.55
1fq4,6.4
1etz,7.24
1qw7,3.6
4ual,8.4
4nus,8.3
4nj3,6.52
2ql7,6.26
5byy,7.01
5anu,9.4
6p14,6.66
6mhd,7.29
4m6u,2.74
5w3i,5.8
6qto,4.64
3kl8,6.92
3lqi,5.16
3kc3,6.8
5m56,7.89
3h0v,4.82
4py4,5.77
6np4,4.44
3wzj,8.18
6m8b,5.36
6grp,5.48
4qyy,7.3
1jut,7.32
3wz6,5.96
4acg,9.66
5f1x,6.11
4zpe,6.35
2r03,5.15
1oit,8.52
3lbk,6.04
6hjj,5.77
5csd,7.89
2peh,5.96
6ud2,10.21
5k9w,4.59
6kzd,8.53
1thr,5.38
4uw1,7.72
3l6f,6.99
4y64,3.1
1om9,4.15
6fbv,6.52
6afj,6.28
6b27,5.03
5gn5,6.98
5xii,7.12
4rx9,7.89
4fi9,7.34
1pph,5.92
1aw1,1.05
6qw7,6.33
2j4k,4.85
1w9u,6.09
3ijg,4.27
5yjm,7.68
4otf,8.22
1m7d,6.23
5cy9,6.66
2l0i,4.82
1x6u,3.22
4dju,5.44
6a80,5.9
4lke,5.37
5f2r,4.28
1w5x,8.4
6eww,5.05
6as6,4.82
5gn7,6.05
5iq6,5.26
1nzq,7.96
2bvr,3.7
4dbn,8.15
6nmb,2.7
5u0d,4.54
6anl,8.27
2uvm,7.1
4ret,7.59
4j78,4.65
3uzj,5.55
3hyf,5.92
6bfw,6.66
1bzy,8.34
4led,2.3
5div,6.85
3sn7,9.15
5yg4,7.37
1noj,3.15
4h38,6.04
5xxf,5.74
6orr,9.3
1c88,5.29
3r2a,6.12
4ksp,8.8
3qsb,5.08
6hu0,6.91
5w6r,7.57
6mbo,5.95
2ito,6.91
6m8w,6.22
4os5,4.63
4wk2,6.94
4jq7,6.41
2ew5,5.9
4u5v,3.05
3s1y,6.22
3shj,7.47
5yvt,3.96
4eg6,7.37
4hz5,5.92
1ad8,6.6
3inf,7.4
1a69,5.3
1x76,8.72
4n6z,7.8
5zop,4.73
1fch,7.15
2xiz,3.89
3kqr,4.43
4bgh,8.4
3bu6,5.89
5cqt,6.91
1fgi,5.0
5ul5,6.97
1vot,6.6
4xrq,6.63
4md6,7.77
4y3y,2.35
2vj8,8.7
4y3j,2.17
4gv1,8.52
5ikb,8.72
4r7m,7.96
6do4,7.68
6d9x,3.49
4li5,6.26
4lgu,8.68
6iar,7.6
2owb,6.36
3m8q,9.52
2g5t,9.09
1o41,3.05
3lqj,5.37
5q15,8.05
1zom,7.52
4z3v,8.4
6qmd,3.77
3ohi,4.85
6alz,10.42
3i97,5.52
3pbb,7.02
6jki,6.39
2i0a,11.4
6do1,8.08
6nwc,7.74
4i33,8.33
4hnc,3.17
4bj8,8.29
2gdo,9.49
5nx2,8.49
6p5w,5.29
5a85,5.3
4jai,8.4
4zjj,8.0
4gii,8.74
3fue,2.82
3pn4,6.85
5dh5,9.64
6gwe,7.38
4x7h,7.38
3g8i,7.42
4x8n,6.62
4dlj,5.92
5u4x,8.15
1z9h,3.0
5eje,5.6
4ezq,5.2
5q1e,6.92
2yq6,7.35
2bz8,5.6
4ez3,4.35
1hrn,8.05
4lkm,6.34
2iws,6.36
1sdt,9.27
1r58,6.96
1rdt,6.7
5du4,5.25
3r04,6.92
4aje,3.68
3cst,7.41
4d89,8.7
4wuy,7.82
4io4,4.61
6agp,5.05
5j74,8.72
2bmv,2.0
5byi,7.51
5wo4,10.0
3ttm,8.52
2x7u,5.27
2pqj,8.2
4l09,6.07
5wev,6.82
1dpu,6.0
2gu8,8.59
2xn5,6.69
6oir,7.77
2c8w,8.43
2wbd,6.64
1rpj,6.48
4us4,5.32
4ryg,8.1
4iwz,7.29
5afk,3.88
2uyq,5.68
4my6,5.62
3e1r,5.82
5ggz,7.25
5yr5,6.74
1jld,6.73
1c1v,7.64
5xo7,6.36
4pxf,3.1
3jzj,3.61
2y5k,6.66
5nkh,7.59
2ksb,3.12
6mvu,2.89
1jfh,2.05
1d4p,6.3
4i0f,6.35
5nu1,9.0
1j1a,7.54
6e3g,7.36
1t5f,4.22
6bvh,9.15
2aoh,4.44
4tyt,7.7
1aze,4.22
3cpj,4.72
4fsl,7.7
2pwr,6.59
5n34,4.63
2xpa,5.39
6nzm,9.0
5ml4,8.7
3kig,6.61
2v3e,6.52
5lgn,5.54
2g83,5.92
4dpf,6.4
3miy,7.68
3qaq,7.0
4llp,4.8
3g58,9.28
5hd0,8.4
6fmi,5.03
3oy8,3.66
5lgs,7.06
1bxl,6.47
4mlx,3.19
4qp9,7.15
5urm,5.28
5wbq,5.83
6c2r,9.1
4kbk,8.18
3pa8,5.75
6aji,4.53
1eld,6.7
6dz3,8.89
3ftv,2.93
2pgz,5.74
5tbm,7.31
5f1z,8.68
4wcu,8.52
3k5c,7.77
4ag8,8.96
5nxw,7.24
3dpo,8.26
5y6e,7.86
4agl,3.65
4awp,7.09
3veu,7.26
4b6u,5.11
4hld,9.3
6jsn,8.42
5eld,2.66
3prf,8.85
5nhp,7.64
3hqy,7.94
3a2c,6.9
4idv,7.4
4qfp,4.23
3uvm,7.52
4awk,6.89
3rse,7.0
5hgc,8.66
3bzi,5.74
3sna,4.14
1thz,5.15
1rt9,10.25
6c28,4.17
3p3j,7.92
3wk7,3.9
3blt,3.54
2aq7,3.3
5hdu,9.0
5fkj,10.66
4few,5.21
3ucj,6.0
4hwo,8.54
5gmm,4.54
6sfk,7.15
1ms6,9.52
6g9k,7.4
4bdj,5.14
6qqw,4.72
4bgg,7.82
5whc,4.92
5ml0,6.3
6g0w,5.28
3d7k,4.6
3lp2,6.66
5iis,9.0
6pt3,9.41
2ien,9.0
3rm9,4.77
3cy2,7.22
4ktu,6.16
5ih8,6.74
2h5a,5.1
6ajg,5.78
3unk,4.82
4o61,4.3
2wxi,8.15
6hoq,6.39
1rs2,4.3
1zhk,4.45
5tpb,2.59
5kax,6.11
4ehm,5.85
3nw3,6.49
4rqk,5.82
1ogg,5.19
6e3n,8.7
3zm4,5.96
2uxu,4.74
2w2u,4.46
6qwa,6.59
6mv3,3.33
1uwf,6.82
5fl0,6.46
4nxr,4.34
1x1z,11.06
5mz3,6.66
1fkf,9.4
4ivk,3.85
5fdg,6.37
6fbw,4.78
6pf6,4.74
8hvp,9.0
4aj1,3.11
4k2f,7.4
4mwe,5.91
5fum,4.74
3zyf,4.85
6i68,4.89
3ggj,6.0
5nvz,6.77
4psx,6.47
6rsa,4.4
1t5a,4.62
4qpl,7.41
2j77,4.89
1ftk,4.84
4jwr,6.21
3tay,3.38
6m95,6.85
1rm8,9.0
5z7j,6.6
5fsl,4.62
5ml2,7.89
5y21,6.47
3h0j,6.49
6g1u,5.61
4kz0,5.38
2vle,7.1
5y8w,6.64
3tjd,9.0
4twt,8.0
4joe,3.56
1jq8,6.0
5hvp,7.7
3qxv,8.4
6ind,6.62
2aig,5.0
1n1m,5.7
6cdj,11.7
5naw,7.3
4zls,9.09
2o48,6.01
5vex,4.63
3p8p,4.55
5ct1,1.52
1lv8,5.46
1zoh,7.0
5fos,5.74
1yw8,8.0
2xch,6.43
5kad,4.43
3kb7,8.15
5zt1,4.67
5c3k,3.96
1o4q,2.49
2xzq,6.59
1i5r,8.52
1uyk,4.77
4op1,6.89
5mtv,4.11
5byz,7.38
5hn7,3.92
3m96,7.22
2xpc,3.9
3hvc,6.22
6i77,4.96
5n1v,6.19
3eka,3.0
2knh,5.15
6qr0,6.92
6fgl,4.62
4eo8,8.15
4wx6,9.0
5fng,2.96
3n0h,6.21
1nym,5.4
7lpr,7.18
5syn,6.62
2y6d,7.1
3ril,3.84
1lf8,5.46
5aom,2.9
1k4h,5.11
6df2,7.24
5ehn,11.64
6hub,8.1
4kx8,7.13
4xxs,7.28
2f2h,5.7
3m6q,7.32
2duv,7.06
1w70,3.7
2zym,6.14
5mtw,5.72
2fu8,4.7
4lar,4.68
4hxj,4.13
4ycn,7.77
6etg,4.66
4n9d,7.72
4ijh,4.33
2j75,6.65
4m3q,7.77
4k3k,2.35
6m9d,7.35
4hhz,7.72
4b3d,2.68
2wj2,8.33
6hly,7.33
1akt,8.49
1bio,5.54
3wpn,4.36
4pzx,6.0
2j4g,6.6
3vp4,4.73
4kz7,2.49
1zp8,8.77
5hmi,7.82
3sl4,7.57
3adt,4.55
3gen,9.14
5aqk,3.65
6cve,6.8
5sxn,4.96
5zqr,7.97
4qk4,6.6
5tq7,7.67
2qwf,5.67
3ohh,7.74
4a6v,5.72
3wqh,8.48
6qgh,8.15
2x8z,7.96
4ln7,7.39
4w9p,7.8
2irz,7.92
3u4u,8.52
3cs7,10.68
2cn8,5.46
5lne,4.76
2w78,8.57
5ia0,6.73
2o9r,1.68
4wh9,3.0
4kxn,6.1
5mih,4.19
6d28,6.7
4l7n,4.84
6m7i,3.41
6g2m,7.82
6dzv,6.4
4ykj,4.43
2np9,5.57
2gvf,7.6
2pre,6.65
1sqp,8.2
5fhn,5.9
5il1,5.82
3wzk,7.24
3tz0,5.04
1n5r,5.66
5e0m,5.28
3o95,8.28
4mn3,5.75
3p23,4.42
3f33,3.34
1hp0,6.7
2ndf,4.23
4ui3,6.88
2oz6,5.26
4ebv,5.38
1w4o,5.22
4qwr,5.93
1f3j,5.22
5icx,6.96
4rkx,5.1
4dt6,7.23
3tc5,5.17
2w66,4.05
6b59,8.09
3q4j,6.21
3g35,4.68
3t09,3.8
4qxs,5.96
3w2s,8.16
4xx9,5.08
6cj5,5.19
1a07,6.4
5iu8,7.74
4hcv,6.4
5c3p,4.46
1qf1,7.32
5f3z,4.54
2yln,7.68
6qtq,3.72
1ove,9.13
3ibn,7.61
2w9h,6.37
4flj,5.13
1hmr,6.55
2fts,7.05
3b78,4.1
4pp3,7.82
4gnf,3.35
6nfn,7.7
2p7z,6.58
4p4e,6.74
1r10,3.83
3w55,7.1
1det,4.3
6bod,4.26
6oxw,10.55
1dxp,7.57
4eh8,2.2
3cgf,6.57
4p0v,5.92
4rwk,7.19
4feq,5.96
2woa,5.94
6t1i,5.26
6g01,7.41
1rlq,5.1
3wf6,7.48
4jkt,7.09
4e8y,6.09
4rd6,6.28
5yhl,7.74
4jx7,6.91
1o5r,8.12
6buv,4.74
5cu4,6.49
4ajw,5.86
1pdz,3.7
2p8o,4.85
3o5n,4.76
4ok5,4.51
2zx9,10.27
5w10,6.62
1qf4,6.18
4xtw,9.03
3fdm,8.7
5ll7,5.61
6miy,7.73
1n5z,4.36
4q6e,6.18
4zx3,7.19
1z9g,5.64
1pwy,4.05
4ab9,3.33
3d83,8.36
3hy7,6.97
2uzv,5.87
2wzz,5.4
6npv,6.8
6fvn,5.3
5hjc,4.35
3kf4,9.3
1o86,9.57
3mhc,7.96
3d9z,8.7
4dkp,5.72
3wc7,8.26
2aj8,6.2
4oeu,7.66
3ueo,4.03
6nfo,5.57
2q88,5.8
6drg,6.92
6b2q,8.05
5lck,8.1
4aif,4.84
4pnm,5.85
5kez,8.15
3kl6,8.46
5y48,5.85
3jzo,8.52
4kvm,5.05
4wf6,6.3
6c7f,9.62
4ikt,6.17
5ihh,6.41
5ny1,6.44
6ipi,5.71
6fo9,7.75
5e2o,8.7
3v7s,7.05
2vin,3.0
5mnb,2.48
2qyn,6.24
3wf9,6.25
3gl6,4.68
6s4u,7.76
4b34,3.14
4b4q,5.75
3iqu,4.77
4crl,9.71
5ymx,6.92
4e7r,7.7
2f4j,5.66
6dh1,10.58
3hl5,4.47
6kla,7.25
3lpp,6.22
4iq6,7.24
2y5l,6.48
3v8t,9.52
5mts,7.15
6faw,5.57
3k0h,4.6
2i4z,5.7
5kby,8.82
2gz8,5.52
5a8y,9.77
6d1u,5.44
4tkn,5.89
3vap,8.4
5wtt,6.6
3k4d,5.11
5k48,6.6
1nvq,8.25
1yy4,8.6
2m0u,6.44
3ov1,5.2
5qai,3.82
2cng,6.96
4kz6,3.1
1uk0,8.1
5ufp,7.37
3sgx,5.49
3qlm,6.37
5nwh,7.54
3uoh,7.89
4x6y,7.72
4xx3,7.25
5cuq,5.92
4ogn,10.0
5tc0,7.6
4lnp,3.67
5wad,8.11
3hww,7.12
3g9l,6.13
1fsy,6.82
2brn,5.26
2wf2,7.59
4ps1,6.66
1y2b,4.09
1ew9,3.22
1d4y,11.1
5mwg,5.77
2cbv,5.48
6bgw,6.68
6a3n,8.06
4qhp,8.05
4fnn,7.57
3sw2,8.33
2oc1,5.37
5mi5,6.77
3t8w,7.54
2z7r,9.52
2vi5,3.96
1o4e,3.3
11gs,5.82
6jfk,4.84
1qvt,4.38
3fyj,8.3
2aay,2.92
5dhu,6.3
1erq,7.89
6apz,6.82
5vcx,5.55
3lvp,8.7
6qfq,7.1
4qgf,7.16
3b9g,4.72
5c42,8.72
3oku,6.36
4e5g,4.67
3a4p,7.55
3irx,9.0
1rbo,12.72
5v5e,5.52
5a4q,5.54
3fu0,2.28
8cpa,9.15
6hgr,3.46
1l6m,8.1
2i4j,6.16
3mof,3.07
6fut,4.7
4ikr,6.23
4len,7.4
6eo8,7.0
3kvw,6.89
1pxi,4.77
4qz1,5.44
3kec,7.24
4lm5,6.82
5bml,8.0
1a61,8.62
5wkf,3.87
4e96,6.66
3ug2,8.25
2wxo,7.05
1tl9,5.52
4yv1,3.08
6f1j,4.62
1bil,9.3
6h2t,4.82
2p33,7.24
2pwc,6.57
2qi0,7.38
1atr,6.96
2ay1,2.29
5j31,6.51
4daf,7.12
4xu1,9.49
6eox,6.85
4anb,8.18
3u7n,7.95
4w9k,6.54
6j5l,8.8
3we4,7.82
4bo8,6.92
6qr9,6.72
4qtb,6.7
3srb,4.19
1o0d,8.21
5h2u,8.15
1uk1,7.22
4wn0,3.22
4q4q,5.79
5oai,5.15
3twv,4.76
6c67,5.92
4cg9,6.21
4q7w,2.64
2buc,7.0
3qnd,4.85
4zz2,8.04
4yxo,7.04
4hiq,8.21
4hvh,7.72
3hv7,7.92
6ncn,3.05
1y1z,3.08
5emk,7.89
2fme,6.98
5ho6,6.69
4ebw,5.06
5vqw,5.7
3gxy,5.59
6fug,4.3
4zx6,5.27
2b7d,8.7
3fu3,2.84
4c6u,4.59
1mpl,3.77
5a4e,6.4
4or4,4.57
5w5s,7.77
3bb1,3.6
3orn,9.62
4i9z,7.74
3wti,5.9
1afk,6.62
2w3l,7.52
6dih,2.72
6g14,5.49
1fwv,3.72
4ngr,7.55
5myx,8.16
4u5o,2.42
2xii,7.2
5nat,4.7
3ueu,5.24
1o44,8.52
4os1,5.6
4unq,6.62
4np2,2.26
5em9,5.57
4cbt,7.3
5hcx,8.39
2lnw,5.85
2l6j,6.26
1ej4,7.3
5zee,2.8
6n95,5.12
3w5n,3.87
5wp5,5.34
2fw6,2.92
5am6,6.73
5xmp,7.37
4k6w,5.35
4n4v,8.7
1inq,6.27
5nyh,7.73
3i7i,6.21
5ohi,8.47
5mkx,4.7
3e64,7.11
3dek,7.57
3mg7,7.89
4qev,7.66
4qmq,6.59
2cgr,7.28
6fmj,6.12
3d20,8.3
6rfi,7.43
3wiz,8.36
6eog,5.8
4krs,6.52
1m7y,10.96
1sts,5.0
8gpb,3.6
2xkc,5.59
4pmm,7.57
1qbv,5.39
1ajx,7.91
1r78,8.52
2ypp,4.41
5m3a,5.7
185l,3.54
1vsn,9.7
6mhc,6.43
4w4y,6.46
3rvg,8.3
6njj,5.99
4cr5,4.15
5fyx,4.16
5ehy,6.09
2j79,5.96
3v5q,7.4
3ocz,7.46
3v0p,6.28
5eth,7.25
2qwb,2.74
2z1w,4.08
5j7p,7.28
1hef,9.0
3f5p,6.85
4n4t,7.31
2wf0,6.68
4ht2,6.54
6gjl,3.86
4f3h,6.38
6mdc,7.44
5n0e,8.44
2gde,8.24
5c29,6.06
5izl,5.73
2ym4,5.82
1m48,5.09
1xuo,7.16
6h33,9.22
4yh4,4.59
5k5c,1.62
5qck,7.64
6iso,4.6
2v5a,6.82
4bfy,6.92
5xkm,7.62
4qxo,5.51
2h9t,4.7
1inf,5.0
5uox,8.3
1gvu,9.0
4lh6,4.11
5od1,5.96
4zx0,8.0
5v1y,8.15
5qar,3.77
5f37,5.77
3ohf,7.03
2tsr,7.54
5yvx,5.89
1xws,8.0
3iae,3.89
5evd,5.0
4jfs,5.27
5xmx,7.24
6ms1,5.22
3el4,7.17
1vjd,3.54
3caj,8.1
2z3h,4.64
4edy,5.83
3kdm,7.0
5mqe,5.4
1ikx,8.15
2xjg,7.82
4li7,6.11
6ey7,4.3
1hv5,8.3
3g0f,7.66
4ayt,3.7
5zml,8.11
3zn1,4.54
1j7z,7.7
4kbc,7.85
5zqu,5.15
4asj,7.55
5t2t,6.29
2iok,9.0
1a4h,5.92
1ycm,8.0
6oja,9.7
4c1m,7.8
3p76,8.68
4kn4,7.24
1ecq,3.0
5sz2,8.7
4y24,6.66
6sdd,8.4
5mty,8.89
5u06,6.66
6hcv,8.3
1uh1,5.48
2boi,4.32
4hys,7.26
5mhq,6.96
4npv,7.46
3n9r,7.15
2jkk,8.2
4o1d,7.62
2q8y,3.99
3ie3,6.68
4q7p,4.32
4qz3,5.51
6k4t,6.02
4uu7,6.08
2w6n,6.9
4o36,6.36
4l0v,6.63
1x8j,6.96
5bpa,9.0
4fpf,4.41
2wyj,9.0
4ll3,11.57
3rzi,5.33
5iwg,6.46
1z4n,4.52
3uvu,7.38
5q1g,3.58
2n7b,3.55
1fhr,4.0
4xo8,8.96
4rfm,10.05
5ti0,4.21
2g72,6.5
5evb,5.0
2w3o,6.72
1ztq,8.89
4z5w,5.81
5nk9,6.14
4pl4,5.27
5eyk,8.52
5vkf,4.77
1v0p,6.89
3q2m,3.8
4ban,8.61
5eyr,5.3
3mvh,9.3
4y2b,8.36
3ti5,8.95
6o3w,5.12
1czl,9.15
2e9n,8.21
6bid,5.54
3ksq,9.42
5tyi,6.89
6mhb,6.77
2wer,7.05
2wpb,2.89
4j3i,5.74
6rtn,6.63
4dfn,7.7
1syo,9.0
1x39,9.22
5alp,7.07
3gsg,2.7
4mb9,8.0
5lz5,6.35
3hxd,5.05
4fcr,9.4
3wk5,4.82
6pek,6.52
2e9v,7.9
4lqg,8.89
2vew,7.19
4o2b,5.74
2gcd,5.52
3oyn,7.6
4jfx,6.44
5fa7,8.4
5wmg,8.21
1bcj,3.7
4loy,8.09
1xxi,5.52
5eci,3.8
6j7e,5.04
6ma5,8.1
4f5y,5.43
3ik1,4.85
3b4p,5.4
2vwv,4.8
6ert,5.23
2pmk,5.92
4i9r,6.95
1hxw,10.82
2h6b,5.39
5z1c,2.86
1v16,3.87
3rsv,9.15
5i2r,7.72
1z71,9.18
4rhu,6.16
1b3h,6.21
3eyf,7.03
1c3x,3.68
5ih2,5.76
3ik3,8.7
6n92,4.97
6i0k,4.89
3rlb,9.92
4wx4,9.22
3hpt,8.19
2ndg,4.71
6acb,9.41
4nvq,8.48
4kqr,3.9
5ar5,6.3
5ko5,4.57
4n4s,6.88
4nnn,6.57
5op5,6.67
2gbf,7.92
6g9j,8.39
5k8s,8.22
6bqh,9.8
6b7d,4.28
1j14,4.49
5o5m,5.23
5v5y,7.87
5bms,6.34
3ncz,7.82
6f1n,6.26
4i2z,4.87
3vp2,5.1
2q9m,7.21
6b4h,8.52
1jqy,4.92
2uw3,4.1
5tgc,6.7
2obf,8.85
6glb,6.89
4b35,2.89
5tdi,9.74
5nxy,5.05
4oo9,9.07
2jdp,6.6
6cpa,11.52
6om4,5.45
1w51,6.3
3hwn,8.7
5svl,8.55
3hxc,5.28
2osm,6.2
2avq,4.39
4j51,6.59
5tyl,7.82
3c5u,8.19
4hzx,9.3
6nao,6.7
5e74,4.41
2itp,7.95
1xom,7.96
5trf,9.06
5vom,6.1
1d8m,8.51
9abp,8.0
6ocq,6.7
2o9i,7.4
4u6z,5.41
2j78,6.42
4od0,9.04
6ezi,5.31
5enh,3.72
2wzx,6.0
6qlt,4.04
2e7l,7.54
2vtm,3.0
6q8k,6.54
4az2,7.33
4ytc,7.89
3a1d,4.12
1ong,8.05
3nf9,3.54
3zhf,3.92
5jn8,7.3
2xwd,6.96
4i9u,3.86
3uvx,4.34
6os6,5.96
5otr,4.92
4tki,6.38
5x9p,6.89
6ow7,9.0
1b8o,10.64
5in9,6.36
2xv1,5.99
5n2z,5.31
3olf,7.7
6f0y,5.11
3rhk,6.26
6ggv,7.54
4h85,5.15
1cnw,7.72
3a4o,8.89
1ql7,5.0
2ate,7.07
1j01,6.47
3vtd,7.92
5f2u,8.43
2fpz,3.96
2x24,6.48
6k9u,10.05
8a3h,4.06
4f6u,6.15
2jbk,6.4
5j3s,7.72
3d2e,6.42
3gi6,11.22
4k77,6.63
6chp,10.12
2o0u,5.49
5o0b,4.18
2jdt,6.77
4lrh,9.72
3bux,5.63
4cfl,5.88
1tkc,4.85
1kv2,10.0
2xbw,8.0
4d62,2.44
2w0s,3.3
4jck,2.37
4whs,4.12
2e9c,5.96
4e1z,8.52
1yyr,6.29
3mmr,4.96
3frg,8.4
1yvm,6.4
5u6v,7.68
4wwn,6.07
4j74,4.59
6mul,8.2
5yc8,8.19
5ot9,4.07
6cwn,6.65
4bt9,3.84
5i29,7.82
6mg5,4.69
6oxp,11.0
2p95,9.37
5mw2,8.52
1zkk,4.48
5uwk,8.64
6hk4,8.55
5ye9,6.45
1b5h,6.01
2pjt,6.07
5ia5,7.6
4nmv,4.95
1o5b,5.77
5nob,8.2
5hcv,8.7
6szp,4.74
4j1f,7.92
1bwn,7.06
3t0w,7.3
3q32,8.74
4xar,6.97
4wzv,9.37
6gj5,3.36
2bet,2.77
3oe0,8.6
4kne,5.9
5ody,8.4
2vwf,5.06
3io7,7.77
4nb6,7.22
5os2,2.74
4qr4,6.6
2e94,8.0
3zln,8.47
3hb4,9.05
4pl0,4.4
3zso,5.12
1yt9,8.3
5y7z,7.81
4uja,9.05
5j1v,7.39
5os8,3.98
5fqr,7.59
4bqx,6.52
5wi1,5.0
6fsd,4.24
1fkh,8.15
2uzj,4.57
2j95,8.4
3exo,4.62
1bm7,7.52
6gu2,5.8
5ufr,8.7
5tqs,5.86
2fqt,6.14
5d1r,4.84
4iie,2.34
4cxw,6.09
3npa,3.87
6cb5,5.37
1n7t,6.82
5f61,7.46
4e1m,7.26
1bai,7.7
5ioy,5.22
1leg,7.95
3rqg,4.64
1b4d,4.81
6a06,8.47
2zb0,6.62
2xdl,3.1
1maw,1.1
6saf,6.64
6oy1,10.24
1k6p,7.36
1uwb,8.34
3qpp,7.92
5uwl,8.03
5z66,6.69
1ql9,5.35
1hq5,5.65
3t2c,4.6
5etf,3.79
5knr,5.85
6sy7,3.33
3owb,7.72
2r3c,5.66
2mas,7.52
6n78,9.68
5gvk,7.0
3dwb,6.19
5tzy,8.7
1fzm,7.7
1azl,8.62
6mx8,9.43
5wio,5.03
5ceh,8.0
4dij,7.52
5etx,6.81
2uzn,7.52
6j8r,6.12
6qsz,7.15
5hbs,7.73
3rf4,6.25
6eda,6.7
1qj7,8.1
5moo,1.31
1nxy,7.19
6n5c,6.43
5htl,6.3
5mo2,3.84
2xyf,8.44
2pbw,8.25
5v4b,6.0
3ioe,3.27
1o6q,7.64
6bh8,5.12
3jyr,5.54
2g01,5.91
4ym4,4.47
5lt9,4.19
4bdd,4.43
5ak3,5.07
3t60,6.7
4r6w,5.27
4j17,7.27
4ede,7.38
1pwq,4.96
2cf8,8.1
5xjm,9.37
3kw9,9.0
2vqm,6.01
6pia,4.96
3szm,6.4
4q9y,5.68
5qap,4.0
3fpm,5.05
6eqa,4.85
1pl0,8.22
4clb,6.55
4jyc,6.7
3kiv,4.7
3kmy,4.49
5o45,8.05
5lj0,8.0
1jij,8.52
4oq3,8.1
1msm,10.48
5ake,7.82
5y6d,7.26
2qky,9.61
3og7,7.51
4l2g,6.68
6ftw,6.49
6bnl,6.96
3ut5,5.74
4c6z,3.45
6q39,7.85
3uex,6.92
4m6q,8.21
3f5l,3.72
1v0k,5.1
2fle,7.85
5iha,8.05
6fe1,8.48
4q3t,6.48
6i7a,4.26
3hu2,7.22
1fvt,7.22
3kdt,6.59
2vfk,3.71
4aw8,7.66
4tmp,5.43
1gux,6.96
1bl4,8.74
5o1s,3.65
5ly1,7.53
3zmz,4.74
4knr,5.74
5t31,6.96
4joh,3.35
5jt2,7.47
4r91,6.37
5o87,6.61
2i03,9.0
3qcl,5.4
4eh6,2.46
1y2e,6.8
6a8g,6.61
3ho9,6.1
5qak,3.66
2qaf,5.36
5cvd,6.41
3coz,5.57
5nzf,4.03
5mxq,5.72
4gkc,6.82
6hjk,7.6
6d1m,8.2
3d8w,8.15
1zdp,5.74
1xgj,6.0
5n55,5.99
4gny,4.22
5n17,5.32
2xah,3.55
4i71,7.74
3h03,3.87
3co9,8.0
3djo,4.39
4l4m,8.0
6mnp,3.71
4p0w,5.96
2qwc,3.55
3bxf,5.54
5hfb,4.57
3g0g,8.3
1r9l,5.4
4djw,6.28
5eb2,1.11
5e2r,7.06
2yim,3.92
1y4z,7.24
5jq9,4.65
4anq,6.22
3tic,8.87
3owd,7.52
3arn,5.41
6g33,8.15
1bim,8.92
5hed,4.44
2uym,5.51
5fou,3.95
6f3b,6.56
3tdj,5.25
2onz,8.89
6f92,6.4
5vp0,9.21
5vkm,3.55
6b1h,8.72
4wmy,7.07
3gk1,4.1
3qps,5.6
2be2,8.7
3pa4,8.52
5j4v,5.85
1lek,8.89
4oew,6.82
1mq1,6.59
6b5o,8.33
4f7j,5.24
3ejt,7.36
6g9x,3.92
5t23,5.8
4deb,6.43
4igr,7.2
4jg8,8.6
1fh8,6.89
5e8z,5.91
1fhd,6.82
2ke1,5.3
3wns,5.96
5amn,8.35
4jfk,6.44
3uw5,7.85
6e2n,7.9
3gol,7.09
3axz,3.43
3s4q,8.4
3tdu,5.67
5o91,6.46
1ind,10.05
1udt,9.3
4b73,7.21
6h13,7.23
1mik,6.35
3pj3,5.25
2hrp,8.3
1o3b,7.13
6izq,5.5
4az5,5.99
5tuy,6.35
5jv1,6.07
5q14,7.68
3tgs,5.39
5or9,4.06
1h1b,9.8
6pyc,7.45
2f8g,8.7
1nvs,7.82
1o3h,7.3
6cyi,5.04
2vo4,4.94
2epn,7.22
2f34,6.89
1xka,6.88
6mkq,6.16
2wc3,6.08
1yq7,7.09
5er5,3.67
2qmj,4.21
3mt8,4.55
3ccc,8.1
1w1p,2.3
4bpi,6.17
4c1h,4.09
6ow2,8.52
1ols,5.82
4mma,6.04
6e7j,9.48
5u4f,6.33
2i19,7.8
1x11,6.49
2y6c,5.0
3r5j,6.96
6pi6,5.66
4bxn,8.0
1vcj,4.59
3lxe,6.6
3as3,3.8
2qo8,8.47
6qgg,6.3
6cha,4.4
3ayd,4.19
5orh,4.39
4ayx,3.7
2xfj,7.89
3hku,8.3
1b2i,5.51
2v54,4.6
6tel,9.96
3h1z,4.66
1skj,5.15
5j6l,7.89
2ohl,3.05
4axa,8.0
3ujc,4.59
6ccy,8.52
3k98,9.0
4u6c,5.0
4b8o,8.4
3dbu,8.06
2y2k,5.16
5zun,9.19
2ylp,4.3
5vb5,6.46
6drz,9.8
2ihq,8.49
7gch,5.7
4b4n,3.44
5fi7,7.4
2b54,7.7
5yba,4.77
4w9o,7.77
2b5j,9.1
5vio,8.62
5a2i,5.06
5f4n,8.66
4k3r,3.59
4mxa,8.92
4q1f,8.04
1lee,7.74
2kbs,5.0
5j41,3.7
4qvv,5.15
4s1g,9.22
1i9l,8.48
4ymh,6.46
2l12,4.26
6n5h,6.45
1ukh,6.38
5y7w,7.7
1d3q,6.54
3kwa,4.08
2foy,6.92
3fxz,6.89
4ge4,8.11
2ohm,3.51
6i8b,8.0
3buh,3.66
5w5u,7.19
6ep9,6.84
2i0g,9.72
3erk,4.74
4mbi,8.15
3vf5,9.34
2z94,5.85
2vth,3.92
4k69,7.4
4zwz,8.7
2vtj,5.72
3s0b,6.49
6hgs,3.77
3v5t,8.22
2ayp,8.15
6hb7,6.83
5fov,2.8
3m35,7.22
4q1b,8.72
2wl4,4.19
4hge,7.92
5iuh,6.4
6im6,4.68
4ejn,8.3
6esy,5.59
2x2r,7.12
3qce,5.6
6hp0,4.92
4fzg,7.72
3iw8,4.87
1mqd,6.77
4cmu,9.7
6s07,7.4
4i5m,8.06
6oot,11.3
4mlt,2.85
3ckr,5.3
3mo8,3.1
3nq3,3.78
3hnz,7.72
5q0o,7.61
4g68,7.92
4mzk,5.31
1w82,6.71
3dtc,7.59
4c1d,5.36
8abp,8.0
5zni,4.39
5nhl,9.52
2gnj,5.22
4zt4,8.0
6esj,5.68
3ckp,6.35
2z7i,7.0
5er1,6.02
1nh0,9.74
2doo,7.17
6awo,8.7
2r6w,9.36
3wzu,5.89
4yjn,7.92
5x4q,7.11
4h2m,5.21
6i41,4.21
4egh,3.26
3er5,9.0
1q6j,7.8
3re4,7.4
6n83,6.27
5jf5,7.2
1sqt,6.2
5iyv,3.87
3mkf,4.77
1u0h,6.96
4lts,8.36
2y56,6.51
6ixd,9.8
5h08,5.96
2uyi,6.32
4i7p,3.5
3bqn,8.6
4la7,6.57
2zy1,7.4
6qz8,7.62
4ovf,4.13
6oac,7.95
2llq,5.82
3lhs,9.0
4aw5,6.12
3i3d,1.99
3d7f,9.3
4bt4,3.34
4ajn,7.16
6huq,7.14
1h8y,7.7
5v49,7.3
3hll,8.24
6oh3,3.32
1bm2,6.96
2wa8,5.42
6gy5,4.86
6iup,7.64
6md7,6.74
5u4d,6.33
6ic7,7.11
6hv7,5.19
3ewj,6.84
4jze,8.15
3qw7,5.74
5aa8,8.07
5wlg,4.72
4ieh,7.85
4xqb,3.79
5loh,5.04
5tb6,5.82
1g2o,10.55
2it4,1.62
4glx,7.8
1ao8,8.22
1a09,6.7
6dxg,4.85
6dtw,8.26
5tg1,5.82
4lg6,6.74
6qpl,7.04
5l6p,7.26
2xke,5.38
1gt3,6.46
3eyh,7.7
1ba8,9.0
5upj,7.12
2a4w,8.29
6qmk,7.46
3so6,5.39
3hy9,7.77
5oaj,6.56
5may,6.48
5zg0,7.09
4ddk,2.29
1zge,7.3
4d1y,7.13
4rz1,7.4
4p6x,7.04
2zq1,6.62
2p0d,7.0
7prc,5.21
1o8b,2.68
1f28,7.8
6mt5,4.49
4j5p,7.92
3gpo,5.3
2xs8,4.61
4w57,4.85
4mdn,6.22
6mjj,7.84
4qf8,7.51
3hvg,2.7
4zyt,7.77
6e13,6.7
2v12,9.05
2g71,7.46
4yik,6.89
6hmx,8.89
4dai,6.96
5hkm,7.89
4v0i,6.33
2ylc,7.89
2llo,5.82
6gfz,5.51
1f5l,5.28
4amx,2.19
4lph,5.04
5dts,3.55
5zqo,7.71
4m7c,6.12
4xaq,7.14
3hj0,5.71
6b7f,3.87
6f8r,4.7
3tnh,6.46
4eor,6.3
3eko,6.7
6g39,8.34
3hw1,3.06
5qac,3.6
4qpd,7.82
5icp,8.42
5u2e,6.56
1hmt,5.79
6jay,5.7
1x8s,5.1
3uxl,5.57
4ad2,6.2
3u9n,7.0
4qzw,5.15
4mt9,10.0
1kr3,5.0
4u0g,5.29
4h71,4.45
2qhd,5.38
5yf1,3.28
4awq,6.32
4aq3,7.43
1l0a,4.62
3ske,7.77
4r4c,5.54
4qmt,8.0
3t1l,3.26
4b5b,6.41
2w17,8.7
3u8n,10.17
3o0u,7.92
6c7b,5.82
3hvi,8.3
1g98,5.7
4x6j,7.8
5em7,7.72
6qxu,8.15
3vbd,8.07
5n99,4.21
3mi2,7.77
1kmv,6.95
5ka1,4.48
1c85,4.64
2ph6,7.57
5ftq,8.0
3h2m,3.67
4oem,5.3
6b7b,2.89
3l4z,6.72
2jds,8.2
5w92,7.7
4iut,5.72
4r3s,8.22
4y79,7.96
3su5,5.58
5b25,10.24
5btr,5.14
3umo,3.89
4rx7,8.3
3oui,4.9
3tfv,7.1
3kjf,4.87
6b7a,4.49
3okv,6.23
6n82,5.96
6nwk,7.7
5etq,6.48
2op9,5.66
6hza,9.3
5v3o,7.22
3chd,4.92
5ta6,8.82
3nu6,9.3
4oya,6.44
1o2o,6.36
3grj,3.0
6dyo,4.49
5yv5,5.41
5l6i,4.35
6b97,6.63
5l4e,4.61
4rpo,7.64
2jdh,6.51
2wtx,2.89
6hhg,7.76
4m3e,6.25
1bgq,8.57
6qft,7.46
6pg5,4.96
3e01,7.52
4o55,5.3
5eyd,9.0
2qg0,5.72
6ay5,7.16
4m3d,5.41
4qbb,7.52
5w14,7.34
2x8e,7.85
4lj8,5.82
4dtk,8.52
4mm4,6.37
1kdw,5.54
2b07,6.43
4zyy,8.05
4zki,2.92
3std,11.11
5e0h,5.62
2f7o,7.44
2cvd,6.1
1g6r,4.27
4bbh,7.1
2pqz,5.67
4hgl,8.1
6mey,3.32
2iw6,6.85
1g1e,7.54
1mkd,6.8
1k2v,4.44
4d1c,5.7
4agp,4.69
3wtk,6.53
3ips,7.19
6ay3,8.02
4b4g,6.76
2y4k,5.46
3c45,9.68
3hdk,4.76
2brg,5.21
1o1s,7.31
3p50,4.62
6nco,4.52
1tvr,7.48
4ue1,8.0
6oxq,11.3
4tmr,7.22
2bu5,7.78
5njx,4.15
6g46,3.73
4iax,9.56
4yes,8.02
5zhn,8.8
3ds3,5.22
3ifl,8.08
2vh0,8.51
6dug,8.27
3p9j,7.51
4wrs,9.4
2cmc,5.76
4i0d,6.21
5m39,4.62
3rz9,6.92
6qmt,6.92
3mxd,8.83
3msl,5.15
1ilh,7.39
4zji,6.47
5j4n,4.25
3wyj,6.44
4wup,9.82
6p83,7.1
6op0,7.86
4rww,5.85
4aa1,4.12
3vrw,9.39
3erd,9.9
4mmp,7.71
5t6j,4.93
4cxx,5.68
4nyj,3.49
3dla,3.46
5cap,7.28
3drg,7.0
3tia,8.51
5c13,6.1
4jit,6.64
2xpb,5.7
2y9q,6.15
6oyh,6.98
4u0i,8.22
5mjb,8.52
3oxc,8.41
2ydj,8.3
4luo,3.24
4kwo,6.45
4lzr,4.7
5ewz,6.34
2rke,4.08
3f1a,7.21
3n2p,7.82
6bmx,4.72
5xzr,5.49
1nki,6.7
4bcq,6.83
6oim,7.05
5epp,4.16
3isw,4.05
5wvd,7.68
2lgf,5.57
5a1f,4.61
6phz,3.46
5fh6,5.92
4k6t,4.1
4xub,5.97
6emh,6.08
5ofx,3.96
2b52,8.1
5wap,6.52
2wcx,7.6
4gui,3.64
3zze,8.89
5a6h,7.06
2hl4,7.64
3dgq,4.92
2ynn,5.17
5ylj,3.86
4ixu,7.64
4ayw,4.0
2zu5,7.0
3m17,7.4
4bdh,4.11
3h22,5.1
5ult,10.85
5v88,7.55
3wyk,7.64
3nrm,8.4
2p3d,6.74
6mo8,5.84
2df6,5.98
4bh3,1.92
6pz4,9.4
4z6i,6.31
1j07,7.68
6g3y,5.89
1tyr,7.0
4b7n,8.78
5d3l,6.06
1o4o,2.46
6aa4,6.33
4r4q,5.09
1h3b,6.85
2i3h,7.4
6eb1,5.33
3jq9,6.4
4bny,7.1
5tus,4.43
3elj,5.3
2chw,4.77
6ipl,3.82
4fut,6.51
3djk,10.59
5xwr,5.98
5ij7,8.51
5n58,6.1
6b96,7.84
2qry,8.64
5o1h,4.85
6bic,5.62
1gaf,8.0
2al5,8.4
5vil,8.82
4sga,7.3
2vv9,7.77
4v27,6.66
4vgc,6.9
3vyd,6.39
4b5t,3.33
5dd9,6.11
2afw,4.77
4nrt,6.0
3kc1,9.0
6ekn,6.29
4pg9,7.8
3rsb,6.4
5sy3,4.37
4pul,6.84
4az6,9.1
3rmf,4.09
4e6q,8.36
2yk1,8.13
3qg6,9.14
3t6j,6.36
3l3z,4.87
4gw6,6.2
2pu0,7.82
5xst,7.57
2fx6,3.7
5eok,3.49
5qal,3.46
4pm0,7.35
4q93,4.65
2ph9,5.89
4j0p,7.29
4uu8,6.54
4k8a,4.02
4lwe,7.15
3bi0,7.85
3b8r,9.22
4iku,5.75
6msa,7.08
4ej2,2.49
5t92,7.8
1o47,8.4
6f3f,4.52
2nnp,8.37
6pic,3.39
6cvd,4.0
5yh8,6.78
1ung,6.8
3oyl,6.7
1gag,6.12
2nnq,8.7
4av0,6.98
1biw,6.98
1pdq,5.3
4f7v,5.38
2zit,4.46
2ie4,10.0
2z4r,7.62
5ork,3.63
3znc,7.34
4s3f,6.24
6hu1,6.72
4fic,4.7
5j9l,7.47
3uph,7.82
1ckb,5.28
3kqe,8.09
5egu,5.85
2ay2,1.88
5ut0,5.88
1n94,8.96
5mgi,5.95
2bvs,4.1
5wir,7.12
3e90,7.39
5gid,6.11
2o9k,4.11
4j24,7.3
6c2t,9.05
3coy,6.02
2xye,8.34
3wd9,8.08
3ax5,5.85
4zvi,6.33
5hf1,5.74
2yj9,7.02
2wd7,4.97
3v2w,7.11
3liw,7.6
5svx,6.19
5a6b,8.1
4nku,4.67
5j1r,4.66
1p2g,2.13
1i7m,9.64
6naf,4.26
5lyw,6.15
6hrt,9.0
3hqw,7.46
5cbs,5.41
4dtt,5.54
3kb3,6.82
1ld8,8.46
4i12,6.39
2nnv,7.52
3gbq,5.46
6jwa,4.96
2lbm,6.57
3piz,5.46
4ayq,7.33
6nyv,6.51
1hgj,1.66
6te6,6.57
2e27,9.35
6bqd,6.39
6i4x,4.9
3g2w,5.66
6n8x,5.7
4fmn,6.1
5ei6,7.0
5fdc,7.46
5akh,6.59
6p5v,6.7
5lgr,7.09
4bcg,8.15
4udb,9.15
2v11,8.52
2qmd,8.3
3v4v,7.38
1gyx,2.48
5xxk,8.2
5g5v,6.7
4lm3,2.92
4eu3,0.82
1met,9.4
4yl3,8.15
5ai5,7.03
4wz6,5.6
3mj1,7.82
2wo8,6.28
5jf1,7.19
6o2p,8.18
5w99,4.68
5zw6,8.0
4lp0,8.0
4h5c,7.55
3cic,8.52
2zif,4.37
5h0e,6.68
4lqy,3.89
4zk5,8.43
4cpu,7.53
4uct,3.12
6g2r,9.46
2znu,8.11
2zis,8.55
6ovz,3.85
3nfk,3.8
2w6p,6.48
223l,3.4
2w6o,4.22
1xp0,9.0
6fyp,6.84
4lnf,2.62
4a6c,7.92
4qlq,8.18
6p3u,7.02
5cav,6.67
1n2v,4.08
2iog,8.1
1ttv,6.8
4p5z,7.41
2qpu,3.6
1gz3,3.7
5ofu,4.2
5ff6,5.02
5auv,4.51
4xqu,6.07
3clp,3.69
4l3o,6.0
6ezh,7.04
3mo5,6.87
6o8i,10.0
6cjy,7.64
3zxh,8.52
4je8,5.21
5yc3,4.85
2oph,7.8
2hpa,4.6
3h06,3.53
3s3n,7.06
2cll,4.3
3ip6,6.6
1pbq,6.27
2cen,8.3
6g2e,5.01
4ot6,5.92
2r5a,2.6
4b7p,9.46
4oc5,7.07
3wp0,4.99
1e9h,7.46
4ruy,7.89
5h8e,11.2
5mqy,7.11
1g3e,5.38
2qlb,5.89
5k09,6.0
5t54,9.06
4hod,6.1
4ode,10.0
4rxc,4.48
1c83,4.85
1xpz,7.08
5q0l,5.36
6f28,5.67
3zdh,7.35
5cxh,8.3
4ewn,6.7
1m5b,8.01
1o2x,5.85
5mod,3.52
4anw,7.74
6b1y,7.4
6n7z,5.55
1els,10.82
4re3,8.57
4bcf,8.15
5fl4,7.0
3ads,5.01
2gg7,5.76
1y20,5.32
6p87,4.6
6fui,4.46
6ic2,6.04
4igk,4.55
5hg5,8.7
6f26,7.62
4cpw,7.5
5dry,7.7
2qx0,6.11
3zov,7.22
4q9z,7.26
2wu6,7.53
4nrb,4.42
5vqe,1.49
3le9,8.22
3zll,6.4
6ncp,5.74
4eqf,6.81
5sz3,8.6
1aht,6.21
4w9l,5.02
1p01,9.46
6s5k,7.32
1o0h,5.92
4l33,8.15
3wke,8.89
2cgv,4.56
5nk8,6.64
5ef7,9.0
1los,7.19
3m37,9.04
5kv9,5.85
1uu8,5.05
4o71,4.74
2qk8,7.91
4j3j,7.51
6d1h,3.72
5kpk,8.3
3s0e,6.55
3iw6,5.48
1h0w,4.89
3rxp,2.08
3fcl,3.5
4xua,4.59
6d08,5.29
4wey,3.5
3ksl,4.52
4bw4,6.2
2izx,9.4
2vd7,5.38
5gmp,9.1
1hty,1.4
3uvn,6.59
3f3t,4.59
5ak2,8.41
5mi3,6.84
1sdv,8.74
3e0q,5.89
3b2q,4.55
2r64,7.52
4klv,3.78
5tcc,5.66
4q18,6.13
3q2a,5.3
3ns9,8.52
2bed,8.15
2kgi,6.12
4kw6,3.43
2odd,3.96
5y24,8.34
4c94,5.05
1pu7,3.1
3ff6,7.15
5i83,5.39
5zyk,6.74
5j8u,6.47
2xpk,11.3
4rs0,6.0
1w8l,0.49
3tpr,7.7
2q11,6.05
3w32,7.12
4cc3,4.14
4h7q,5.06
5a9u,10.1
1tog,3.22
5fnj,2.29
1lhw,9.08
5d6j,4.44
2wey,7.12
2qtg,5.08
1o34,5.74
3ay9,8.34
4yb7,3.8
3cda,7.58
2x00,11.33
5cs2,8.4
6q9q,6.84
4b0b,3.33
3sff,6.7
4tpt,7.04
4r5n,7.12
4a4v,6.54
2x0y,4.6
1zxc,8.1
2wih,7.35
5lgu,7.66
3pxe,5.7
4n70,12.0
6nsv,7.8
2clo,4.06
1aqi,5.62
3g90,6.36
4j93,4.7
1mns,4.17
4afg,8.3
1uwu,5.98
4x7l,8.05
5m04,6.34
6o8u,8.28
2gz2,5.22
5kej,5.11
4jvi,5.3
6bt0,5.68
4mw5,7.35
1l5q,3.97
6fs0,9.77
1fig,6.22
4jin,5.64
1kat,6.0
5ovv,4.48
4rss,8.77
6fi1,2.15
6bfd,8.3
4n5g,5.0
1lxh,7.19
4kax,4.77
2vtt,7.36
3zdg,7.1
5ggk,3.54
6u8o,6.54
5u12,5.07
3ibu,9.15
4fyo,7.33
4nmp,4.04
3d7h,10.22
4emr,7.49
3atv,5.34
2p3c,7.62
5yfs,4.86
1g05,8.51
4djo,11.52
2o4j,10.1
2g2r,7.89
3nuu,3.77
4qew,7.07
1pf8,7.51
6b30,7.22
4att,6.98
5xpn,6.99
5ar7,6.49
4x0u,7.4
3r8u,5.3
5ejw,3.3
6qgk,6.7
4jyt,7.4
4ih5,4.11
1gj5,4.96
3dk1,9.74
4as9,4.79
2oz2,5.71
6jb0,7.24
3lj7,8.34
2ajb,5.5
5n4t,5.97
1z9y,7.19
4del,7.68
5km9,4.25
6fgf,3.96
6afr,7.15
6a9c,2.74
6o57,6.29
5fun,7.59
4abg,3.57
5cqj,4.81
4or6,5.31
5izc,3.95
5bqg,4.76
6f8x,4.77
4frj,6.55
6u8l,6.91
3pwm,9.1
6mln,7.54
6cms,5.82
6dzy,5.52
4h4e,6.68
2nm1,7.47
5vdk,7.57
2i3v,6.55
5uex,8.82
3cf1,6.64
3vhk,4.6
1toi,4.05
3o9a,10.7
1pr1,5.3
5laz,8.4
5diq,5.17
1n51,4.85
1oh4,3.74
6fh3,3.07
7upj,8.49
4ddm,2.46
5xig,6.38
1dfo,6.7
2k00,4.62
1inh,2.3
6lpr,7.3
1hfs,8.7
2xsb,4.96
4m12,6.05
2isw,7.43
5knt,4.43
5tw3,8.7
3tjm,5.2
4ocx,11.44
1qs4,5.64
4qw4,6.95
5l4h,3.75
5m1z,4.18
3in4,7.52
1jao,5.92
3qtu,7.15
3w9k,6.32
3fu5,4.12
4uru,2.22
6d3q,8.47
2ces,7.25
6hke,7.68
2loz,4.06
6baw,5.38
4l6s,8.52
6c3l,4.44
3rz8,8.17
2bmz,3.7
4a4q,9.4
4ivt,6.0
1str,4.77
6c7q,9.15
4j52,8.52
6dz2,8.85
2pvl,7.62
6hs4,5.51
1oe8,5.52
4xv2,8.27
3pxq,4.43
5eps,4.42
2x96,4.03
6g2f,5.17
2y2j,4.8
6n0p,8.89
6s88,6.17
2qwe,7.48
2viz,6.22
2wfg,4.42
5eou,5.36
4qmw,7.07
4b85,4.06
6er4,2.77
5xaf,5.77
3kad,5.12
5mo0,4.68
2ieo,8.49
1e5a,7.64
4awo,7.62
2jiw,4.59
1x7r,8.05
6g9d,8.37
5myg,7.51
6cdg,5.72
4qge,9.3
1pyg,5.52
4fs3,7.85
6iht,5.21
1utj,3.84
5kcb,6.0
4knb,7.33
5y94,6.79
3mhw,2.3
6mck,7.92
4jgv,6.57
4keq,3.82
3ikc,7.46
4mr4,5.94
4csj,8.31
1mrw,9.7
9hvp,8.35
2oa0,6.92
6ful,4.92
5umy,6.97
4oyk,6.74
2ypo,4.68
1j80,6.52
1zgb,8.06
5t6f,5.8
5a5v,7.48
4wq2,6.3
1iem,7.7
2zyb,7.7
4jzi,7.4
4m5i,5.17
2uxi,7.3
6qtm,5.25
5e0l,6.4
3g6z,9.7
2e1w,7.96
5cau,8.8
4ej8,5.39
2xyn,8.4
1gz9,3.51
1yet,5.92
4wgi,5.35
4nga,7.77
6mli,2.43
2xkf,6.06
5huw,6.23
4rcd,9.15
2lk1,4.09
1xn0,6.24
6dyy,10.55
4lj3,9.0
4o0y,7.22
5efj,6.46
6pyb,5.38
6hkz,9.89
6ift,4.68
5fi2,7.15
1qja,6.38
6cnj,8.11
3eta,7.85
4ipi,5.32
1f4e,2.96
3ud8,5.38
3pe1,9.65
5gow,4.45
5y8y,7.09
3d9m,3.48
4uat,5.89
4hwp,7.76
4ewo,7.36
3s78,6.47
4zek,5.66
1px4,3.23
1rbp,6.72
3eio,6.65
4ob0,5.3
4rfd,8.05
4lno,2.62
5ier,4.89
3t3d,4.91
2i0v,6.8
3evc,6.91
4o3u,6.4
5ou2,3.22
4jt8,7.48
6da4,6.34
4umc,3.44
4zla,7.3
5ddc,7.04
3zv7,5.92
6bw5,8.25
4hlf,6.06
4y2p,2.66
4g0l,5.19
1fe3,7.33
6i66,6.74
6qme,4.36
2zvj,5.74
4p44,7.8
2ovz,7.89
3b0w,5.7
5ayf,4.82
6nfh,7.15
3usx,5.02
5dxh,9.0
4wiv,6.26
2wi3,3.46
1q66,5.77
3hmv,7.3
5yid,5.4
4w50,5.85
6p85,4.99
2qd9,7.89
3ioc,3.68
4bds,7.6
4zyq,8.01
6bef,3.98
1xb7,6.22
5hn9,4.3
3deh,6.83
1nja,6.31
4twp,10.0
1swn,12.0
5t70,3.99
4gk2,8.8
1q6n,7.64
4z7h,6.66
5ut6,4.24
5kly,7.21
1q6m,7.89
1n1t,3.85
5aqj,2.68
1dbj,7.68
5yij,3.42
3dp1,5.0
3pqz,4.46
1agw,4.7
6h38,8.11
3mrx,3.39
4gjc,7.05
6oi8,7.82
1sqo,7.46
3kdu,6.46
3ggu,9.77
3hiw,8.06
5hld,4.66
5a6k,5.95
4uvw,7.72
4mhy,6.47
4mm9,5.68
4ibf,4.43
2cer,9.22
1o3l,6.54
4nuc,6.04
5am2,5.01
5o0a,3.24
4djy,8.27
6sq0,9.1
3qkm,7.42
3a6t,7.28
3d3x,4.16
4ajo,7.03
1xbb,5.3
4amz,9.82
1m0q,3.89
6d56,8.05
3wnt,6.28
4l52,8.4
3py1,6.89
2rcx,9.0
5khm,8.3
2vx9,7.44
1xbc,7.92
5tyh,2.08
1tvo,6.85
2zxg,8.82
2xi7,5.14
4jda,6.29
5thi,3.61
4jzr,7.8
2ow7,4.85
5i3v,7.8
1owe,6.2
5kgx,4.8
2ou7,3.81
5tfx,7.22
6g02,7.62
4ppb,10.0
4djx,7.23
4pvx,6.76
2wmu,4.38
4yhm,9.76
5aki,6.12
2zx5,12.33
3udp,5.22
1bji,8.7
2flr,6.1
5i9y,8.55
2mov,7.4
6ayo,8.29
1tmm,6.64
3n9s,5.26
6q6m,6.89
1owi,7.55
4h3g,8.22
4zj8,9.26
1h37,7.23
1m13,7.57
4qz6,5.53
3lq4,5.22
3b2w,9.22
3r8i,5.35
3mag,4.07
2j87,4.85
6b31,8.44
5nw7,5.77
5vjp,4.83
6aao,2.11
5vcw,5.96
6miq,4.55
2qiq,4.1
3chf,5.37
5dtt,3.51
4ibd,3.67
5nud,7.49
2bpv,7.67
3uw4,7.77
3hhk,8.22
4pum,6.73
3mna,7.39
2yhw,5.6
4ie0,5.08
2q6h,3.6
3bun,6.21
1x7b,8.39
2oiq,5.0
3hp5,7.15
2yix,8.48
3ama,6.53
1jqd,5.16
6o9c,7.55
5teg,6.85
1stc,8.1
6pg3,3.32
2bcd,10.22
4avg,7.22
2y7k,4.93
5klp,4.64
5u66,3.0
2xef,9.84
3uvk,6.8
6bgg,4.02
6fdp,5.26
1jak,5.57
4k2y,3.33
4eo4,6.35
5l2s,7.08
1np0,3.57
1a85,4.52
3fv7,5.64
1uvs,5.4
2qrk,4.26
1u8t,4.26
6dat,5.05
6min,3.91
6nzq,9.52
5sz1,8.92
4n8e,7.7
3iss,6.05
3rth,5.21
1a8i,5.52
5ax3,5.92
5ndb,4.66
2wu7,6.28
4nja,6.22
4e70,5.28
5fpk,3.55
3ckz,8.72
3zlv,3.52
4apr,6.7
4cu7,7.59
3b5j,5.68
1v0o,5.26
4q1x,11.15
5a2k,6.35
1k1p,7.92
1xjd,9.48
6fdc,5.64
1br6,3.22
5c20,6.41
4bw1,5.9
4ii9,6.03
5cao,7.42
6i13,5.12
1jmq,4.4
1uod,3.11
1at6,4.07
6qzr,7.52
1qbq,8.3
5jgb,7.89
5hhx,8.21
4u7v,5.49
3tu1,6.6
2o4k,10.46
2e91,6.59
4mgv,7.12
3qtq,5.51
3i6m,6.46
3qcy,7.7
5ur5,7.14
4hw2,7.26
5iu6,3.89
3h23,4.71
1a4g,8.4
4ezw,6.0
2wxv,8.7
1mzc,10.22
3hab,8.38
5g2b,7.0
4omk,4.4
3vhv,6.29
1sw2,7.22
5nxi,6.66
3kqa,4.85
4app,7.19
1fwe,5.6
3ewh,7.16
4lng,5.62
4mwu,8.49
2p3g,6.9
3kfn,4.74
4y8y,9.15
2v8w,6.82
5uch,6.01
2y80,8.05
4y6s,5.03
3if7,7.21
4ynl,4.62
3i5r,4.4
3sou,5.68
2xp2,9.0
6h7u,1.98
2w1g,8.52
1lnm,8.7
2qbp,8.4
5gjf,6.59
3tg5,4.7
6afl,7.0
1h0a,5.44
6cfd,7.86
2wks,6.89
5osy,7.37
6h76,7.52
3l4v,6.72
3wuv,5.17
2w85,5.04
1i9q,8.41
4eki,10.0
4fob,8.3
5ovg,6.4
2x6w,7.1
5hmh,8.15
4ya8,6.1
3bx5,8.46
5y0g,6.7
3uh4,7.96
2ltz,5.35
2r3t,5.85
6k0j,7.89
3il5,5.8
4dcd,5.75
4d2r,5.48
3ndm,7.96
6frj,3.71
3pjg,3.55
5hu1,8.66
6ufn,5.64
4ybt,7.0
2n8t,3.37
5jc1,6.82
2gga,1.96
1o3j,6.77
5akw,6.39
6gw1,5.14
2pzy,7.47
6qef,7.22
1snk,9.6
4bdb,4.07
2ha7,3.36
1owh,7.4
2iyf,3.75
5ar8,8.1
4zjr,7.54
5uah,3.4
3sx4,8.52
1zkl,5.09
6bmi,5.05
1x38,8.77
6md8,2.38
2xk9,10.15
3rz3,5.76
4bae,8.52
1yci,4.08
3h98,8.3
3rv4,2.3
4d1b,4.44
1gca,6.7
5om7,5.74
2a4q,7.18
5hmk,7.4
5u5h,5.89
5opb,7.62
6n17,3.0
3cl2,7.59
3t1a,8.37
6hvs,5.23
3zqi,7.19
3hhu,7.39
2ajl,7.89
6ea2,6.55
1dzm,5.41
2zfp,5.17
3e92,8.0
1ag9,9.0
4n00,8.02
2zz6,6.72
6g0q,4.61
3q4c,6.43
4cfw,6.29
1lpk,7.55
5h4j,6.89
5ypy,4.64
3e37,5.39
3kpv,3.74
5kbf,8.92
3dyo,2.3
1tps,8.0
3u1y,8.67
3n51,7.82
3bet,5.82
4eh4,2.81
10gs,6.4
5ul1,6.64
3py0,6.89
2uy5,5.49
5xw6,4.91
6q36,7.6
6qz6,6.49
6ox0,4.85
1fjs,9.96
6h7b,7.48
5b6c,3.66
4b6s,6.01
5lle,10.22
2za5,8.43
3zsx,3.28
6qff,5.69
6hvu,6.59
4pxm,8.89
4x2l,4.44
4w9c,4.65
2cfg,7.44
3u5l,6.19
4c1e,7.14
5fso,6.09
2xei,10.62
3kry,10.0
3qcs,6.5
6cee,4.19
4i0z,6.33
4zy1,8.14
5dri,7.7
6qe5,5.12
1zm6,4.35
6hmt,7.04
2gmk,3.23
4whq,4.12
3ozp,6.62
4dow,5.02
2x9f,7.21
3g3d,4.74
6oqn,8.0
5nsp,6.47
2e2b,7.96
2z4o,9.57
1g49,7.8
2hb9,4.82
6g4z,9.77
3dej,8.0
2upj,7.39
5dt2,6.82
6gl8,8.61
2r3i,6.0
5ulp,4.61
3ken,5.4
2isv,7.43
5flq,2.97
6ayd,6.3
1qk4,4.21
2q8m,4.03
2y07,6.22
4qvl,6.53
5aix,7.92
6a1c,8.15
5e28,7.91
5ml3,9.69
6nk0,6.39
6epy,6.46
3w37,5.18
3gc4,7.6
3rqe,4.77
2zdn,6.25
3b1t,5.66
3fuj,3.63
2qcn,5.0
1hy7,5.39
1qwu,3.22
1wcq,6.26
6ew7,5.54
4xsx,5.0
3l0k,4.62
5khi,6.77
3f9n,5.89
5yjb,7.54
4pyn,4.52
6aqs,7.55
2wib,4.93
5ive,7.57
5ttv,7.54
3zzf,0.4
6qts,4.8
5ylu,8.62
1w0y,6.42
5j2x,7.74
2wez,7.64
1vj9,7.55
4azb,7.24
6k5r,4.27
1gah,12.0
2fwy,6.7
4qsw,1.68
6bj3,4.77
2d41,6.82
6f8j,7.07
3o87,7.6
5hvt,7.26
5jh6,8.48
2p2a,6.12
2qlm,5.64
3bft,6.49
5i3w,9.22
4jmu,5.47
6qls,5.35
4kva,3.94
1k27,9.0
3bl9,7.18
4mjp,3.88
4m0e,6.22
1kel,7.28
2exc,6.63
5tho,7.64
4dv9,6.72
6dl2,7.48
3h9f,7.92
4e3n,10.3
4fl2,3.66
1uml,7.52
3bi6,7.82
3qdd,8.77
2ww0,5.3
2osf,3.83
4qz4,5.01
2xd9,6.46
6pml,3.09
6oqc,10.4
5y20,4.52
1uvt,7.64
6n5f,6.86
3pxf,4.43
3bbb,7.0
5v7a,6.38
2ltx,5.39
5cp5,5.91
5trr,7.39
5iu7,8.96
5ecv,6.77
3i81,7.89
2z92,9.1
4c1u,7.09
3ma3,7.22
6byz,8.37
5lpm,5.56
6hld,9.21
4wr8,6.23
1tlp,7.55
2amt,4.44
5j20,9.14
2iwx,6.68
5kdr,8.3
4pl3,6.54
3uj9,4.63
2f71,5.6
6ccn,4.52
2rcw,8.1
4ca4,7.18
5c26,6.77
6hzb,8.98
1okw,5.25
5cf4,7.4
3v49,8.02
4q1y,10.35
2zu4,7.42
5cjf,9.59
2agv,7.7
1x8r,6.12
4iqu,6.24
1h6h,5.3
4btb,5.01
2x7d,6.7
5ory,3.45
5ijj,6.55
3fkv,7.57
2oh0,7.74
5w7u,8.05
5kgw,4.79
5va9,7.84
5lgo,8.22
2ow2,8.22
4dvi,6.72
6f6i,3.19
4qtl,6.92
1ec1,8.92
4gzp,7.84
4qir,6.95
4ufg,8.15
4zsm,2.4
3o9i,11.82
4x3u,5.09
5jaz,6.55
2ff1,8.21
1xp9,8.89
1i7i,6.7
4br3,5.72
4rlk,5.02
5cgv,6.47
3sie,7.88
3cgo,5.52
4jve,7.07
3rbq,6.27
4kow,4.31
3qrk,7.24
6q3q,4.45
4dfu,4.6
1ppi,5.01
5tz3,6.85
5os4,2.78
4pci,5.12
3src,3.89
4eb9,8.27
1g27,8.15
4a4x,7.23
4jfv,6.28
4c9x,7.32
3pvw,7.27
6pg9,4.92
4dgm,5.92
2y1o,5.09
2jdk,6.54
1v7a,8.01
1lq2,8.77
3vc4,7.62
5f1v,6.85
2jiu,7.56
6es0,5.65
4an2,9.05
1bgo,8.46
4na9,7.39
3mkn,4.12
4a0j,6.0
4fl3,3.82
4hy5,8.89
6o0o,7.44
6gwr,8.1
4u2y,3.99
5jdi,5.37
5alb,10.71
5njz,7.8
6g2b,3.8
6bfe,5.85
3qar,6.49
4k1b,11.52
6d1a,4.35
2b1g,6.64
3ad7,2.52
6ml9,5.3
5kcx,6.7
4hwr,6.74
1tkb,8.0
2g19,5.85
1o4a,6.92
3dbd,7.38
1nq0,10.32
6e9w,6.55
6b16,7.49
2w0z,4.03
3rpv,7.15
6m89,5.64
6as8,7.05
3fgc,3.92
4btl,5.6
1ny0,5.85
5ia2,7.72
5tpx,6.55
4q46,3.77
6gfy,6.61
3oe8,8.14
2kvm,3.96
1h00,4.42
6fmp,5.64
1fq6,7.86
1jqe,6.44
4u6y,7.08
5ya5,6.72
6er3,3.24
5zyh,5.57
4m0r,5.21
2x4u,4.32
5znl,8.77
4muf,6.34
6c2x,4.76
2r4b,7.18
2h5i,8.89
1c86,4.7
1pro,11.3
1sje,8.22
1ec9,3.1
5x33,8.49
4kmz,8.57
4eh9,2.26
2xaq,5.96
4rdn,5.92
4uxb,7.96
4eke,4.48
3ddu,7.4
5i9z,8.05
6an1,5.35
3v4x,6.15
5tkk,8.28
4tk2,3.72
4oak,4.22
1clu,8.27
6ugp,6.16
3heg,6.74
5le1,4.97
4cc2,4.33
4xas,6.59
4zeb,6.52
6k4x,6.66
3lxk,9.8
2q89,6.3
2yfa,5.07
2pg2,5.77
6fzx,8.15
4ylj,8.22
4gly,5.11
4ycu,5.48
3l5e,7.57
2ya8,5.75
6ei5,7.42
4qlu,8.08
5m34,6.82
2vb8,4.6
2yi0,8.12
5w4s,4.03
5t27,7.1
5tq5,7.23
6hrw,6.0
2oag,8.47
3v6r,6.15
3pd9,6.22
6fii,8.02
4civ,4.95
5ka9,4.41
4lbu,6.56
3rti,7.37
5jf6,7.21
1qbn,5.85
6msn,4.95
4qws,6.5
2w0p,6.52
3qxd,6.15
6g2n,7.14
6c0s,7.05
6ak4,5.46
4ks1,8.82
6b98,4.65
5q0z,5.85
5uez,6.01
4dmn,5.64
5kdf,3.27
6ggd,5.59
4joa,7.54
4tk0,5.55
3shy,7.04
1n7i,6.59
3ual,5.81
4nhc,7.34
2zbk,5.7
2a8g,3.69
2a3w,5.42
6c7i,9.42
2gm9,7.39
2jq9,4.48
6r49,2.1
3o99,10.82
1b55,7.4
6h1h,6.17
1c12,8.72
5vdq,3.67
5azg,5.54
4qh8,4.89
5tdw,4.7
3nim,4.75
6hoi,5.1
3jzf,5.3
3vp1,5.48
6czd,3.85
2j7e,7.32
2qoa,7.28
4uwk,9.0
4oz3,4.55
5o2d,5.68
4l6q,6.27
1sl3,11.85
4wj7,4.89
4uv9,6.01
3p4v,5.1
4ie7,5.05
4mga,5.86
6s0e,5.5
6idg,6.66
3oik,6.17
1lev,5.6
1x8b,7.01
5ylt,6.39
5fpp,4.0
1i8i,7.66
4b5s,3.49
3t1n,6.1
4l2f,6.23
2cgw,4.76
5ea7,7.96
6f5w,3.83
5ufc,5.16
5eml,7.64
3gs7,5.44
2jdn,5.56
6hlx,7.17
3llm,4.74
4jv9,5.74
4ivb,8.72
6afg,4.86
2cbz,3.93
2zwz,7.79
5jm4,7.42
1ur9,5.77
3fat,7.64
5w84,6.44
2jk9,6.82
2c4w,4.7
3bv9,5.36
3qd0,8.5
2bqw,8.52
1o4f,3.52
6dhc,7.96
5w2q,6.88
4uyh,6.3
3cj3,4.24
5a3h,4.57
3hkq,5.34
4prh,4.6
2hs1,8.48
3d1f,5.74
3bc4,5.35
3exh,4.88
4crb,7.57
3oz1,8.7
3u90,4.62
5csx,8.22
1yp9,5.11
5mwo,3.21
5t97,7.77
4pnl,5.52
4mk5,6.35
6ebw,8.6
3wk4,5.13
6f7b,8.89
6dyn,3.19
1a2c,6.3
1onh,8.21
2qnx,5.62
4wvs,6.27
3bva,6.52
4erf,9.4
3vi2,3.77
3igg,7.18
3q6s,6.74
4kii,6.23
1lbk,3.18
4zsh,7.05
2hxl,7.92
6f1x,7.7
3h5b,10.0
4mpn,6.62
5l72,6.8
5iz8,5.62
6bg5,6.0
1sqa,9.21
1g9d,5.3
3d50,4.77
2br6,2.96
4axd,4.43
4d2d,3.47
5h0b,7.96
1dif,10.66
1b6m,8.4
4ceb,2.97
2y7p,5.47
4d1a,4.72
5jid,3.76
6p1d,7.41
3r4n,6.89
1jgl,8.7
2e2p,4.74
2ovy,8.4
4omj,5.26
3tsd,3.66
4y2j,3.1
5n9n,9.39
2hs2,8.31
6ckl,3.89
5t4e,5.36
1elb,7.15
4oc6,7.07
2ylo,4.88
3suu,8.52
3ujb,5.1
3ixj,9.49
3mo2,6.61
6rz6,8.54
2g24,5.4
3rt8,6.35
4lv2,8.0
6d5w,4.2
1tcw,6.02
1gi6,6.22
2wzs,3.85
2yir,9.77
4q06,7.66
6k04,8.04
5nz2,5.03
5qae,3.62
6gfm,5.47
5mlj,8.85
3vx3,7.82
5qan,3.96
6pgb,4.6
4x8p,5.48
1i7c,6.4
5jss,6.45
6hhh,7.17
4i0t,7.59
5yjk,6.09
2qrg,5.18
3r5m,4.34
2b1i,6.82
3s3m,7.4
1jwt,7.85
4awf,5.57
4uiv,7.8
3f18,7.4
6bj2,5.4
4pkv,5.25
3fc1,8.0
4cwf,4.49
5ngz,2.89
3owk,5.82
4mk8,9.0
1qbt,10.62
6ccu,4.45
6n9p,8.4
1fv0,5.93
5un1,5.8
2boj,5.77
2o4l,9.22
4j0t,6.74
3qpn,7.77
4fcb,8.54
3buf,3.1
5he4,7.7
3fsj,3.95
5t1s,7.08
3anr,6.46
1gzv,6.57
2yb9,9.22
5tkj,8.15
2uy4,4.68
4l53,7.55
3fz1,7.92
4gk7,7.9
4re9,4.92
2xxn,6.41
1hxb,9.92
1sqi,7.7
3kid,3.18
2gbg,7.25
4gao,5.74
4ago,4.81
6eis,6.6
4qvm,6.35
1yqy,7.62
3l58,8.1
3bum,6.49
1tv6,5.4
1y98,5.43
5ll5,6.04
4z2j,6.43
2o8h,7.6
4brx,6.49
5kks,8.7
6gon,5.67
3ttn,7.84
5jjm,7.51
6me3,9.38
4riv,7.0
3u8l,8.05
3byo,8.15
5cj6,8.69
5fhm,5.09
3h0q,6.07
3fqk,7.15
2ydf,7.66
2kfh,2.62
4ud7,8.13
5d25,6.3
6qhb,6.3
3w2o,5.08
3l8x,8.0
3wmc,6.51
2h5j,7.91
1kll,5.2
1uz1,6.89
3d7b,3.69
3lq8,9.4
1bl7,7.72
4wxi,8.08
4y32,4.05
5x27,9.4
1lvu,5.32
4zyw,7.17
6hzu,8.26
6sze,4.1
6ai9,6.74
6ny4,8.52
2nnk,8.37
4dk8,5.74
4nxq,4.74
1qpf,7.57
1dud,4.82
1z1r,9.22
6oa3,6.4
6eya,7.48
3pcu,5.29
6ft3,6.42
3d27,4.25
1iwq,8.06
5k00,8.15
5aen,7.22
3ow3,6.13
1nkm,7.3
2an5,5.68
1x7q,6.73
5eeq,5.82
4ea3,9.57
6e59,8.67
4ty6,7.52
3n7h,4.5
2frd,4.54
4xhk,8.3
4exz,7.54
4rn1,5.0
4bw2,5.2
3uod,7.31
3ejq,8.57
4jlj,6.13
5lny,7.38
1ngw,7.68
1h08,4.55
6gj6,4.7
6moa,7.08
5t4h,8.03
6t1n,5.46
3n5k,9.7
4u6w,4.21
1m4h,9.52
3dx0,7.44
5u51,4.92
2xdx,6.46
3l0n,2.77
4gq4,7.66
4deg,8.22
2yjw,5.12
4jql,6.0
3h0a,7.48
1g9t,3.28
5eh0,7.74
5avi,6.06
3v2n,6.1
3oy3,7.45
1rt1,8.1
3sl1,3.59
2oxn,7.44
4abi,8.2
4mao,7.33
6apv,6.96
6ftz,3.0
4jmg,8.82
5xvk,5.05
4zyc,6.42
6g36,7.79
3rz7,8.96
5m2q,7.52
3rwi,6.94
2ftd,10.39
4zjw,6.66
3kwz,8.4
1cbr,9.4
4nie,7.7
4fe9,3.0
1yds,5.92
4jiz,5.62
4rad,7.1
4usi,4.41
2viq,5.89
3myq,7.52
3hv3,6.33
4c7t,6.4
3rt4,8.8
6mo0,6.23
4dhm,3.78
3myg,10.7
3pkc,6.02
3k16,5.8
3qkl,8.05
6ela,7.59
4eb8,9.82
5vh0,4.52
6iik,4.91
3r0t,9.04
6b4l,6.47
3cr5,4.19
4fse,7.4
3ur9,6.31
1xow,9.28
6h4r,7.03
4fxj,3.62
6c5j,7.16
5yz7,4.75
6b1w,7.37
2flb,5.74
1i8j,4.41
1czk,8.82
5jnn,5.35
5nho,9.52
6cis,6.87
4b4m,6.69
6npu,6.4
2vvc,8.52
2q93,6.25
4ahs,2.19
5kbq,7.0
3rw9,5.96
4j26,5.44
4iuv,5.72
4mdq,5.92
4rrg,2.81
3nal,8.1
6i18,4.07
6pyd,6.81
6hm7,7.1
3qem,7.22
3d14,7.66
4gu6,7.36
2iu0,6.89
5brz,8.15
5ohj,10.42
5mo8,5.79
3oct,8.3
6c9n,4.78
6o5a,6.29
5mrh,4.2
2a0t,4.82
5kww,8.13
4igq,4.52
6szj,5.82
5enk,8.1
3tkw,5.27
4n7h,5.48
4wr7,11.7
3qs1,7.96
4gfm,7.22
3fal,6.78
4btm,5.39
3l4t,5.42
3qqa,5.82
4xh6,5.57
5i1q,7.92
4ido,4.93
2mow,5.96
3d6q,3.76
5om9,4.25
5vqq,5.28
6jap,4.8
5m44,7.4
5lyy,4.85
2cgx,4.81
5lax,5.4
2mkr,6.27
6qs5,6.24
5yu9,6.74
3lc3,5.23
4hyi,8.52
4y5i,3.52
4whz,9.0
6eds,8.77
3ms4,3.28
6b1f,8.72
2hb1,3.8
2vwn,8.0
4ew2,6.68
3isj,3.68
2vnp,9.92
5eh8,3.1
4bnx,7.7
3ryx,8.14
3c3r,4.39
5em8,5.96
4w9g,5.26
1h27,5.6
6am8,4.89
5n69,6.54
5o4s,5.47
3ijz,5.22
5odx,6.71
6bsl,9.0
2q9y,4.44
5xgl,6.88
3s0j,3.77
2p3o,2.77
3hzv,6.52
6bw4,5.5
1jk7,8.52
4uuq,7.54
6f4n,5.22
6cw4,2.82
3f0r,6.89
3dgn,6.21
6ej2,7.8
4ge7,8.15
2c4g,5.94
4z6h,6.21
2qo1,5.57
5uoo,8.85
3fcq,2.77
3zos,8.89
4emt,5.3
6ehh,7.49
3o96,7.24
6mq3,8.77
1sqc,6.85
3kr2,5.14
6b5i,5.96
1xs7,7.6
4g8y,4.59
3kze,3.95
6i62,6.8
5uis,6.84
6fzj,6.33
1nt1,8.89
5ggl,1.78
5ndf,5.85
6dq4,4.92
5dtw,5.46
3daj,5.54
6fa3,7.42
2pze,6.08
2qtr,5.49
4lwt,5.41
6i12,5.57
4own,4.22
5thn,4.02
2fix,6.24
4kn7,7.62
1xkk,8.52
6d50,5.05
2f70,4.47
4qga,7.92
6chq,5.36
4m3m,9.05
5n9k,9.34
1wc6,4.0
6oko,6.74
4q7s,4.42
5fwj,7.89
5ixt,4.6
6a5e,5.49
1b40,7.28
4mmf,6.53
4nh9,6.43
1if8,9.64
3pty,5.44
5i40,4.86
1y3a,5.41
4qmy,8.4
5jop,9.41
4hkp,4.55
2z5t,5.62
6e49,4.72
4azc,5.86
3pn1,6.96
4q3q,5.89
6r1b,5.44
6p8y,6.2
5am3,8.3
4alx,7.28
6uim,6.74
1l8g,6.22
5oje,5.21
6qrf,4.48
4ay6,5.12
1wdy,7.89
4dgb,3.89
1jd5,6.62
6dyz,9.2
2b7a,9.0
5w4w,8.1
5sz9,4.42
3fuz,6.54
1zh7,6.3
2wc4,5.29
6fa5,6.75
4tpm,8.62
5o9h,6.62
3kag,5.18
4hxr,5.39
2kmx,4.08
3o9b,12.3
6qr7,7.15
4pre,3.74
5dms,4.53
3mrt,3.7
4x6n,8.82
2jnw,6.11
5am1,8.52
4pz5,6.92
6h77,7.33
3l79,2.46
3uev,5.89
3bl1,5.6
4q3s,6.59
3vv7,5.34
6eyb,5.37
2qmf,8.52
6iql,9.37
4w4s,5.02
3kej,7.12
2vta,3.73
6p5o,4.54
6h4s,7.42
3roc,8.19
2yel,7.28
4rgd,3.94
2fky,8.59
1xdd,6.7
5yr4,6.34
4yv9,6.4
6ds0,8.66
4ty8,2.03
3p3g,9.74
2auz,9.46
6i17,6.6
6hvi,6.42
4zzy,5.6
3fui,6.8
5b4k,9.34
1qbu,10.24
2i2c,4.7
5uey,8.29
2jkr,6.07
5auu,4.68
2jb5,9.22
3pe2,9.76
5uwn,7.87
3pdh,6.74
6p88,4.52
5mri,4.4
6eo0,6.43
5nkn,9.92
3ce0,6.15
1o38,6.82
2q7q,5.3
1km3,4.91
3fqs,7.39
2evc,6.54
1nde,7.82
5ak0,7.68
3cft,4.19
5x73,6.74
5aoj,4.68
4h1j,5.92
1apb,5.82
5ais,6.24
1lst,7.85
5foo,2.62
6nzg,7.7
1ftm,7.61
5ahw,5.17
1c5o,3.49
6knh,3.55
1ntk,10.49
4qtn,6.85
3ll8,6.4
1gi8,5.05
6q9o,8.47
6gjr,3.74
2j7h,7.19
1bmm,7.1
1pwu,5.68
4qxq,5.7
3gk2,2.7
6ibx,8.7
6g6x,4.88
5nr8,6.76
4xkc,5.87
5ien,6.52
5edc,7.66
3vbw,5.22
5lli,7.05
6iuo,7.79
1qku,9.59
6c42,8.21
2bkt,7.64
2b55,7.02
4umn,7.2
1k9r,3.3
5alk,6.6
6aox,4.82
1x8t,7.8
2rol,4.62
3g6g,8.55
3e8r,9.74
6ek3,6.48
6q73,6.9
5t1w,7.11
5a8z,7.55
5ov9,5.66
6alc,7.51
5ygf,6.21
6d19,6.61
6avi,5.71
5ax9,8.1
5i80,7.21
4tsz,7.0
6fs1,7.01
4qms,5.13
3mjl,2.44
6hzx,8.38
5v13,7.63
2nwn,6.3
5w6u,5.49
1z2b,6.4
3f6h,4.72
4msn,4.03
5dcz,9.3
5exn,7.64
5m17,3.66
6hd4,8.64
4g3f,8.36
3juq,4.91
1rhk,9.11
5aqn,2.77
2wq4,2.57
6rot,6.32
6ckc,8.22
5w2s,7.33
4lmn,10.3
1jm4,5.0
2lsv,5.27
5izj,11.52
4jq8,8.1
3ri1,5.3
2pj3,8.18
2v86,4.46
2w12,4.65
6un3,8.64
6ohd,9.38
4bhf,3.46
3idp,8.8
4qy3,6.82
5t90,6.68
3kai,5.41
4re2,4.98
5nk2,6.74
6aah,8.41
2ihj,4.59
5xag,5.46
5q13,7.04
5yft,5.0
2piz,6.77
5qay,3.23
4b12,4.99
1efi,1.92
6h3q,7.14
3f3w,7.47
4j9a,8.22
2bmk,5.62
5alf,6.69
6rrm,6.84
1w2g,4.57
5drc,5.98
4wmx,4.85
1pk0,7.57
5bjt,6.3
5tt7,7.89
4j7i,5.06
6fyl,8.15
4mk0,5.2
4nb3,7.66
6gev,8.7
1l7x,4.04
6cbh,6.29
5gj9,4.99
3iit,8.02
6uvv,5.18
4xxh,5.0
2no3,8.05
5he7,8.3
4tk4,5.1
5adq,5.7
4pvo,6.31
4o15,8.7
4xit,7.27
2vpo,5.42
2wbb,6.04
3ary,6.0
5ort,3.05
3e85,5.38
5lo5,5.87
1oiy,7.19
3s7m,8.0
5myn,4.52
4jok,4.07
3p9m,5.0
1cze,2.62
6cks,7.82
4kbi,7.49
4dkt,4.8
6p3t,7.32
4pyq,5.36
3az8,6.0
3mpm,7.52
3nba,3.41
2yek,7.21
5tkb,7.89
5kx7,7.44
3i1y,8.15
5umz,7.12
6fu4,6.19
5ove,6.35
4ehz,8.0
3kn0,3.6
4d9p,3.84
5vqs,5.7
2clx,4.88
5l6h,6.62
4pyy,7.23
3gqo,5.41
5xhr,5.1
3ka2,6.62
5ox6,7.54
3vuc,9.05
5a3n,7.72
5hrx,5.29
5lh4,6.96
6gj8,5.87
5d1s,5.02
5fs5,6.69
2wca,5.6
3e6k,5.15
1y3g,7.4
4ir5,6.21
2pe1,8.3
5etl,4.64
3upx,8.12
6qw8,6.4
1nf8,7.82
4b72,6.2
4ncn,5.67
1f0q,6.0
9lpr,5.7
1g7f,5.47
6hks,4.28
5etn,5.37
5iql,4.56
6ode,8.1
6f94,7.0
4mdt,5.0
5f0f,6.0
2oah,7.96
5hdx,7.32
4esg,5.56
6bjo,6.29
5xof,4.01
6ba7,8.15
4x1s,6.87
1a5h,6.3
5als,7.72
1ybg,4.8
6hmy,7.24
3r2b,8.4
3cgy,3.15
2nno,6.4
4ymj,7.0
6n3f,6.1
3dpd,5.78
2gj5,8.32
6r8i,6.03
3gi5,11.22
6g7f,5.0
2y4m,6.46
1xbo,6.04
3mwu,8.05
5toz,9.46
6ega,6.78
3rxa,2.85
3v51,8.55
2cbs,8.22
5a46,7.66
4prj,7.14
6dik,5.07
3iqv,5.18
6czc,4.78
3d32,6.45
2bfq,6.89
4zy2,7.22
5om3,4.1
6e6m,5.75
6f4x,4.97
6e92,7.46
1mzs,5.15
5ncq,6.96
5w1v,4.43
6imi,4.58
5d1n,5.57
1uw6,7.34
3ovx,7.51
5dia,10.46
5dp9,6.08
1vso,4.72
3fts,3.67
3k3i,5.72
6sdc,8.9
6b1e,7.47
4r4t,6.26
6fgq,7.85
6jjm,2.85
4gr0,9.55
5i56,7.32
3sb0,5.26
4aqc,9.05
6mlj,7.26
5lxb,9.77
4tsx,4.99
1bkj,6.77
1ryh,7.56
2gni,5.64
3cfv,6.05
6jao,4.86
1akq,9.1
1a4k,8.0
6v5l,3.65
3ti4,6.02
3rxo,4.08
6imr,5.37
6eqx,10.47
3k3h,7.06
1xhy,6.18
5fqs,7.36
1n9m,10.96
6no9,10.52
4gqr,3.96
5nkb,9.12
2i5f,5.12
2xog,3.43
5lpd,10.15
6fgy,7.15
4no6,6.11
2zdz,6.15
4o3b,6.09
2gfk,4.52
5mhp,7.82
4h3j,7.05
2x52,4.24
4a7c,8.22
2xys,7.42
3vw9,7.96
2m41,5.1
1v48,7.8
6mll,3.62
2xh5,7.57
3b8h,4.2
2vvv,8.22
4gfn,8.3
1ogz,5.85
1gz4,3.7
1i3z,6.88
5nka,5.46
5e90,7.85
5hdv,7.82
5w88,4.52
2xf0,4.52
3ecn,3.16
3kjd,8.54
2x6x,3.68
3b8z,6.54
4ih7,5.24
3wbl,4.64
3ijh,4.0
6abx,2.14
4b0g,7.82
3hv8,6.98
1urg,5.82
5h0h,6.16
4ibe,4.15
2h2d,5.37
4fys,4.82
5heb,6.1
5vsj,4.02
4cqf,4.3
4x8o,6.6
4ua8,6.26
3qzv,4.16
3il6,6.57
4est,5.02
6pl2,8.06
2iku,7.1
2c02,4.04
1o2u,5.85
4olh,8.3
5epn,8.66
5llc,9.52
3gr2,2.52
5ntp,9.15
4z46,2.82
5fh8,6.77
4pyx,6.14
5ale,5.95
4k7i,2.82
1lhd,9.62
6bhd,5.03
5jnl,6.57
3s3r,8.68
5ctb,7.64
2m3m,5.02
4r5a,8.7
4ocv,5.08
5wrs,5.52
2aez,2.46
2zdx,3.19
3d1e,5.77
1y57,5.79
3hr1,9.43
5ivt,9.1
5vk0,9.74
4s2i,9.0
4rcp,5.35
1rdj,1.66
6dgq,5.51
1tcx,6.95
3k41,0.82
3skk,4.47
2uze,4.33
5ety,7.51
6eum,6.52
5t1a,7.89
5afm,4.15
3udj,3.62
2qe2,7.77
4j45,5.77
4c4h,8.22
1odi,4.21
2fxr,7.6
4bcd,7.48
4ibb,3.57
4xct,8.17
2oji,7.07
4ir6,6.08
4b14,6.22
2j9h,3.39
1bhf,4.38
3t3c,10.23
1mmq,7.52
4x3r,11.07
2x6k,5.64
4b6q,7.55
1fsg,5.02
1b9j,5.96
2gyi,7.0
6f7q,8.96
5hyr,7.38
5jv0,5.96
1azx,9.4
2v2v,4.07
4r74,8.1
2aqu,9.32
1lhc,10.4
4wtu,9.52
3gjt,6.77
6apr,7.77
3spk,8.52
1wss,7.77
5umw,4.23
3hng,6.74
3kjn,5.19
4kzb,2.89
5i94,7.52
4zw3,7.57
1il5,2.66
1bzc,4.92
6mjq,7.88
5n1y,3.22
3iqq,5.54
5esq,5.8
1waw,7.89
5e5g,3.15
2brm,5.89
5fox,3.17
3alt,2.92
6fng,7.14
5nut,7.92
5ml5,8.0
2hug,5.97
3u0p,5.68
4qbm,4.58
4wri,9.01
4mbl,8.54
3qbc,4.97
3t8v,6.59
6dha,5.68
4hbn,6.1
4nhx,5.72
4anv,6.36
3gnv,7.03
1ydt,7.32
3evd,6.91
6nj0,6.61
5zlf,3.48
3i0s,9.0
4q4s,6.95
1aqc,5.34
4f8j,5.07
4eft,4.07
3eqs,8.48
6cco,7.29
6s55,6.2
2wf1,8.7
2ym8,7.89
6qlr,4.82
6hu3,6.3
5wa9,6.76
2k7l,6.15
2ica,7.7
2jbo,8.07
1lqd,8.05
1qy2,5.74
4hyh,9.0
1pyn,5.49
1x0n,7.7
1qiw,7.74
4b5d,7.89
2khh,6.56
1ouk,9.89
3bxe,5.48
5nn0,10.96
1p04,7.4
6if0,6.51
2feq,8.86
4x6o,8.72
2pyn,7.57
2jst,2.59
6g35,7.76
6n3v,5.61
4m0y,6.46
4lps,5.74
5x5o,8.3
3zo2,7.1
5d2a,5.59
3own,7.47
4x8g,6.0
1qb6,6.06
3gbe,5.0
3wdd,6.11
3d0b,6.54
4kb8,7.89
6g4y,8.82
3s73,8.7
6iby,7.82
1i32,5.7
456c,9.77
4hdb,8.05
2rny,3.66
3o4k,7.62
5d11,7.55
4w9i,5.96
2vcx,7.68
5f41,4.17
6e6j,8.1
4bch,7.66
6d59,7.0
2bbb,8.62
3tn8,6.13
4kql,8.77
6pht,3.41
1lke,7.52
3wyy,8.49
1kti,3.43
4x21,7.44
1urc,4.72
6hr2,7.0
6i8y,6.74
1o3c,7.13
3wnr,6.28
1b8n,10.52
4c36,7.7
2aa9,2.92
6iiu,7.96
3gx0,3.48
5nwc,6.15
3tfk,5.01
1fl6,7.43
5ur1,8.97
3vbx,4.77
3w2q,7.18
4ayy,8.17
4oee,5.76
5c8n,7.55
1inc,9.34
3t3e,5.99
6pii,6.96
5dq8,4.14
2v85,4.46
4cwo,5.21
5anw,8.52
1gwq,7.12
6dyv,10.59
5izu,7.27
3uoj,7.29
1n1v,3.85
2zfs,6.54
4bc5,4.6
1wvc,4.46
2h5d,8.19
5od5,7.74
2c2l,5.55
6fr2,7.92
6jad,4.32
5abw,7.77
2wij,3.2
4cff,6.4
3nyd,3.48
3bex,5.57
6i11,4.53
4n7j,5.47
1h2t,7.89
2yig,7.1
2w87,4.65
6e6v,7.77
2r0h,3.51
3vb4,4.31
5kh3,4.22
1w9v,6.34
4a51,6.73
1epp,7.16
1qyg,6.85
4dea,6.59
3q7q,5.65
5bot,4.41
1oyq,6.96
5m77,7.61
6duk,9.59
4bi1,4.16
1au0,7.66
4nni,5.5
4yv5,6.22
4c70,3.52
6p8a,3.59
4wpf,6.6
6max,4.87
1csh,7.55
1gfw,7.82
5c0m,5.85
4des,5.85
3arb,6.63
6h7y,9.46
6mi6,4.54
4r5y,7.64
5gs4,7.07
3r6c,4.72
3cth,6.96
1sh9,6.03
3hl8,4.49
3sh1,7.39
1ms0,2.91
1sr7,10.1
3m6p,8.35
5ea4,8.11
3ess,6.39
5oq7,6.49
1hsl,7.19
5er2,6.57
2isc,8.42
2qft,5.26
4ibg,3.97
6slg,10.3
4ogt,10.0
5a3u,8.32
3mct,4.07
2yog,4.51
3k02,5.0
3q4k,7.05
4aa0,7.46
4o72,6.0
6e0r,7.7
4zow,4.12
5f5b,3.95
3skf,8.3
4lxk,8.4
1w1y,2.62
3upk,4.3
6mle,9.0
4qp7,5.23
4qwu,5.51
5tt8,6.5
1jiz,8.7
1mq5,9.0
3sdi,8.33
2liq,5.85
6uii,6.43
5td7,5.77
4j48,5.62
1lkk,6.85
1dmt,8.7
6oxr,10.32
3u6j,8.21
2wzm,5.22
1rev,7.48
3qwc,4.26
3lj3,9.03
5w73,6.3
2p2h,7.17
2q8z,5.68
1f0u,7.16
2vr3,4.98
1u3q,8.46
4o7a,4.72
1avd,15.0
4a50,7.91
2hf8,5.47
3wig,8.64
2nqg,6.48
1dtq,8.22
2y0j,7.92
1cqp,5.62
3haw,6.0
1g54,8.82
6o5x,7.66
3d67,4.96
6aps,6.66
5du6,5.02
6t6a,6.7
1rjk,10.0
3sd5,6.58
4xyf,9.0
3zlw,3.7
1k6v,6.92
5afn,4.47
4url,6.3
5z95,6.55
5zwe,8.96
1p05,5.96
4cts,5.0
2wva,10.7
4wp7,6.1
3arp,7.15
2fl2,8.7
5f9e,9.34
5ngt,5.89
4kyk,4.74
6akw,7.22
4uiz,4.7
5web,8.0
5c91,3.61
1sqn,9.4
5mk9,4.42
4e3g,4.97
4iue,6.55
3cjo,8.66
1h3h,6.66
1z3c,4.0
6fod,8.15
3g86,8.3
4g8n,7.2
3pz1,6.14
4z1q,7.82
5db2,7.6
5e3d,4.02
5oh7,4.37
5tg4,3.32
5fe9,4.68
1b32,7.1
1kuk,3.91
3sut,7.85
3ui7,9.0
3q71,5.22
4g2w,8.8
6buu,5.44
5gsw,5.94
1w1g,7.68
5u0g,4.58
4iuu,5.65
1bdq,6.34
2c3i,7.6
1w1t,2.96
6s9x,6.42
5orx,3.51
1o4i,2.64
3wqv,5.21
5uln,7.85
5mym,5.41
1tfq,7.92
5ufi,8.4
4c4i,7.66
1c3e,6.59
4e9c,5.96
5eom,6.39
1ii5,6.62
1l5r,4.77
5gso,6.96
5n6s,8.09
2c3j,6.18
3kr5,7.89
5c7b,3.0
5meh,6.32
6esn,8.05
5aer,4.4
3eou,7.01
2or4,5.02
6br2,8.72
3dpc,4.36
3vru,10.0
1m83,3.4
5c8m,7.19
3mxr,4.95
3ho2,6.95
3w07,3.38
6eux,5.92
4knn,7.78
3iu8,6.24
3atk,2.85
4cgi,3.12
6c2y,6.6
3f35,3.16
2qg2,5.4
3pb8,5.24
3uo5,7.41
1ghw,4.2
1pxh,8.74
4nau,9.06
1prl,4.23
5dgz,7.85
3r2f,8.85
6q9w,6.24
2gd8,7.41
3qvv,4.42
4em7,5.11
2pjb,7.72
5lss,6.31
4ha5,7.24
4rxz,6.74
6qmr,7.92
6biz,6.57
6dud,6.59
2qrh,4.71
4mhz,6.87
5fut,6.45
5abe,3.05
4eh2,3.16
5wpb,3.57
6gu7,5.81
4b2l,3.24
5x54,5.0
4ui4,7.35
5lz2,3.0
2v3d,3.94
5j59,7.3
2x7t,6.63
2uxz,8.48
5kzi,10.0
5kbe,6.34
6ajr,4.31
1qin,8.0
4ybi,6.6
6cus,4.89
5gof,4.05
1yly,7.82
3elm,9.72
2l1b,3.96
1lqe,5.82
6eee,7.54
2vhj,3.9
3iwy,7.28
4jft,5.46
2cgu,4.87
1ka7,6.22
3qxh,5.24
6a04,5.21
5y9l,5.72
1nfw,8.96
2a0c,7.3
3tvw,4.43
6k3l,7.22
5fus,4.68
2pj8,7.74
4bzr,7.6
3as2,3.44
5zaf,6.78
1t7d,6.03
3nkx,5.12
3gww,0.45
5koq,9.24
3eml,8.74
5ku6,6.84
3agm,9.09
4byj,6.57
3kc0,7.92
6u7o,10.81
3bm6,7.59
4bcb,8.52
1juj,6.96
3vf3,5.86
2c5y,6.6
3dkj,5.7
2jj3,9.55
4aom,7.07
5he3,6.55
5vlr,8.52
2l7u,3.98
4el0,4.49
6do3,8.03
1azg,4.8
4quo,7.92
9icd,3.9
4yml,8.35
5cgc,9.3
4cy1,6.74
5v7i,7.18
3dog,7.4
3so9,8.56
5zys,6.27
2vcg,5.77
2r9b,6.57
4rvr,6.87
2ha0,4.43
2bpx,9.4
6r8p,4.48
4onf,8.92
1o9e,4.18
6cj1,5.27
3dba,8.0
1i9o,8.42
1nlt,4.92
2nxd,5.66
5wh6,7.92
5uwp,5.8
2c4v,2.6
3iw7,5.64
3acx,5.7
3n8n,4.57
5ix1,6.31
4qdk,5.85
4o70,4.72
1wun,7.21
3wto,6.92
4aze,8.11
3zcz,6.77
4rsp,5.44
4mti,8.92
3ob1,5.42
4fxy,7.54
3muk,3.42
4ask,7.22
4bfz,6.26
2xp4,3.74
2xwy,5.22
2zdl,6.4
1h8l,7.47
4phv,9.17
6imb,4.23
2qpj,6.35
4mep,5.33
3b3x,3.6
5fnd,3.49
5d6y,5.66
5eta,5.8
1a42,9.89
4cc7,4.33
3prs,7.82
6jib,5.8
4m3p,5.4
5ema,5.23
6pya,6.82
3v3b,7.26
3bgl,8.35
1hnn,6.24
3k83,7.66
6pga,4.54
2oei,3.91
4trw,4.14
5dxg,5.92
5fd2,7.05
3svj,6.93
3dp0,5.85
1lt6,3.3
3zzh,3.36
1lfo,8.05
3d1z,8.8
5d7x,4.82
1d5j,9.15
6f29,5.49
3s1h,4.77
1ylv,2.7
4lkf,5.37
2xui,15.0
4xjt,5.14
5obj,4.78
1bm6,7.89
3s9e,5.13
2y54,4.7
5jmp,7.17
4e3h,7.05
3sk2,3.61
1sps,8.52
3ixg,7.57
1ghy,8.1
1j16,3.84
4c6v,4.59
4q99,6.28
4p6e,5.89
5qik,7.66
4j8b,4.79
5m3b,6.92
6bsm,6.8
3dnd,4.8
3ljj,6.52
2qci,8.34
4u43,4.32
3c49,7.15
4o4g,8.05
2hfp,8.52
3t9t,8.71
4ezl,8.59
2mc1,4.15
5g4m,3.86
5can,6.91
5k6s,6.26
4fz3,3.73
5xpo,7.08
3wcg,6.85
4uns,6.7
5a09,8.46
5el2,4.47
6bhi,4.25
1mxl,3.81
3djf,6.1
5t6z,4.21
2p2i,7.42
3djx,2.81
5am7,7.19
3rdq,9.31
4cfx,5.06
3qs4,4.68
2xg5,4.66
4cnh,8.4
4xhv,4.3
4de1,5.96
5a5p,4.0
1o3k,6.77
1p6e,2.92
3efr,5.08
4dxg,7.06
2hwi,5.52
3zn0,4.97
1u9v,8.22
4qw6,5.85
2r2w,4.47
1t2v,6.4
2qi7,10.21
5d7e,3.82
6bl1,6.96
2oc7,5.85
6au2,2.3
1d8f,7.74
2ovq,7.15
3ove,6.57
6r13,4.7
4e6c,4.82
4r06,6.29
6nad,9.3
4kz8,2.8
4drm,5.24
4wz4,6.44
4f65,8.6
4o43,4.3
5fnu,8.89
6bnh,3.8
4heu,10.01
2i4t,9.0
5wl0,9.17
4jpa,8.48
3c2r,3.11
4nym,3.55
3wb4,4.44
6jbb,5.99
6e23,10.0
2fq6,7.1
5tku,9.8
1nz7,7.12
6o5u,4.38
1jh1,4.39
3pp1,8.49
3qiy,5.34
4cp7,8.11
1vzq,7.44
2lh8,4.18
6f9t,7.86
2dri,6.89
2wfj,7.15
7kme,4.4
4gmy,7.55
5fnr,4.23
5ugm,5.9
4dhu,5.3
4nrm,3.2
1w5w,8.8
4tzq,6.52
6dtn,6.8
4hlg,6.51
5j87,8.05
4bf6,8.35
3g0w,9.52
6msy,7.0
3uug,4.51
1v3x,7.62
5hda,5.13
3lkh,6.1
4o2a,5.74
4jfl,4.98
4bs0,5.7
5alj,5.56
6rn9,8.2
4uiy,5.6
1n0t,4.91
5e1d,5.39
4alv,8.15
4ui6,7.06
6nvj,8.28
5x4p,5.03
4aci,2.22
5os7,3.69
1a86,4.0
6gvh,6.04
2evm,6.16
1k22,8.4
1b6l,8.3
1tok,2.47
2bvd,6.0
4c3k,4.97
2zjv,5.14
5im3,5.82
6mso,5.42
6hrx,5.1
3nw7,8.28
5lwn,7.77
2waj,6.4
4m5o,6.42
4cl9,7.3
1wc1,4.0
4b7j,7.95
4z8d,5.22
2i0e,8.7
2r2l,9.0
1o2t,7.85
5nk4,8.7
4zz0,7.0
4myh,4.64
5fjx,4.96
1qpl,8.51
1gjb,6.35
5lyn,5.04
4pg3,7.85
4jz1,6.7
3oe4,7.47
5tp0,5.44
3uok,9.1
6tld,5.35
3q7j,4.52
5kos,8.82
2zhd,6.54
1qkt,9.04
2pj4,7.89
6fv1,5.97
3tki,10.3
4e5j,4.73
1dva,8.07
2rok,4.35
3gt9,3.96
3p3u,6.48
3t85,7.95
4q09,8.17
6bdy,5.69
4lw1,3.15
2wvt,6.12
4oef,4.76
4qab,9.7
6qfe,7.1
3mp1,6.1
3n7a,3.7
3fh5,7.06
4fnz,7.8
2xz5,4.01
5ttu,7.33
3iue,5.82
5nwk,6.57
1xhm,6.33
6e83,4.54
6chl,8.05
6eir,6.24
2yer,7.7
5wf7,4.01
3ubx,7.6
4mnq,4.43
6uwv,8.0
5iza,5.51
3hxi,6.33
6mlg,5.05
5qb2,4.15
3soq,4.57
6ht8,6.72
6n0q,7.4
5os0,2.55
5vqt,5.74
4kif,4.84
5usq,7.0
3byu,9.1
3sx9,8.89
2c9b,5.54
1xm6,6.38
3iod,4.1
6q37,6.36
3t01,4.48
4qgd,7.43
6axl,7.11
3tt4,8.28
4a23,5.89
1s9t,6.82
4rd0,6.62
1hi5,4.04
1rql,2.75
4gw1,6.37
4jr3,6.66
1a8t,5.8
6p9e,7.17
5zma,5.52
5mwj,7.61
6cvf,6.35
1nny,7.66
4op3,8.15
3k3e,7.66
6jax,4.42
3jpv,6.92
1w2k,6.46
2hmv,7.7
4i7j,3.32
3a1t,4.83
3gy3,5.63
1bhx,6.84
1npw,8.7
3nes,5.62
2yoj,8.3
3iob,3.42
6bgy,6.82
5lcj,6.64
6h4t,7.0
4gtp,7.94
4aro,6.8
3m8p,8.68
4o0b,8.3
2vvn,7.3
5zk3,8.74
5zh3,4.67
2ilp,4.82
4ce2,3.84
4jyb,6.96
2avi,15.22
5jmx,5.09
5nih,6.87
6mja,7.85
1yei,7.46
3iok,7.96
2f10,3.48
4cby,7.7
3fa3,5.6
2ydv,7.86
5jjs,7.32
6uyy,5.72
5c0k,2.92
2vgp,6.85
4fck,1.26
6uil,7.1
6fu1,5.36
3vby,4.55
4bup,4.95
3zi8,5.66
3shv,6.66
1cea,4.96
5t8r,4.29
3db8,7.0
2yi5,7.41
4g34,7.93
2ph8,5.74
5go2,3.22
5wf5,7.65
3tpu,4.32
2zp0,7.6
4ts1,4.94
3mbp,6.8
4afe,7.14
2x6f,4.59
2qlf,8.85
5uvc,8.21
4np3,3.3
6bcr,5.26
2jkh,8.05
5nsx,6.4
3g0d,8.3
5t8e,9.14
6co4,7.57
5ece,8.05
2vvo,2.2
6g2a,3.79
2is0,6.7
3vjc,7.72
2y36,6.42
4cwq,7.06
4uy1,4.7
3rak,6.89
2gsu,3.59
6evp,4.53
4x3h,4.23
3zrl,6.8
5mno,3.84
3v7t,7.21
6cwf,7.54
6eeb,5.3
6r7j,7.4
4o2f,6.41
2wd1,7.09
6cer,5.36
2n3k,6.8
5i89,7.48
4rcf,8.4
2rcn,6.0
5tzo,5.23
4zy6,8.3
4qmm,6.34
3uib,6.8
1vjy,7.64
4prb,3.88
3vf7,9.1
4y2v,4.04
5t2i,8.7
4m5k,5.23
4pdk,8.22
3v3q,6.6
4gtv,7.42
4gb9,6.27
5qim,11.22
6bu0,5.96
5yum,3.65
4umt,6.14
6ar2,6.41
6eq8,8.0
5wbz,6.41
3kpw,4.85
3qw8,5.1
4ty7,9.52
6n7a,8.37
5abp,6.64
3zvv,3.04
5op4,6.71
1ppx,7.28
3r4m,5.92
5uwi,5.8
3s0n,6.74
2yfx,8.09
6qri,4.82
4djq,10.32
1xfv,3.89
4ezz,5.19
1lox,5.52
1yxd,5.3
5j7b,8.3
5t68,7.64
4qf9,4.43
4tmk,7.7
4bbe,8.44
5x4o,4.06
4yyt,6.38
6q9s,7.77
4k5l,4.96
1tve,5.68
5lxd,8.5
3ggc,5.44
4pzv,5.7
5xyx,4.84
1g32,6.11
6qz7,6.49
3c2o,3.35
6pno,5.32
3o9g,12.3
6pg8,3.85
5n4s,7.26
5n7x,5.24
2e95,7.1
5mrm,5.03
4waf,5.0
6hqy,6.44
2ewa,7.94
5ely,7.36
2rg6,8.66
5cxz,6.26
3o23,6.3
6h5x,10.82
1lrt,5.64
2o2u,6.4
4ewr,6.27
5g4n,4.0
3aqa,4.55
4hw7,7.21
2hyy,6.77
2x7s,5.78
4og4,6.02
4pvt,6.52
3vjk,9.43
6mjf,5.16
5yia,5.52
1vyg,8.0
3s45,8.49
3vb7,4.31
4tk5,7.49
4l50,6.06
5jq5,5.63
1u1w,5.85
2pmn,5.2
4gvu,7.52
1tsm,6.0
5emm,7.74
4yvc,5.96
5mkj,4.31
4kn1,6.84
6o0h,8.15
4bcj,7.96
1lf9,12.0
4mm6,6.69
1sme,11.22
2x81,8.3
3fn0,4.4
2ggb,4.92
3lpi,8.52
1t4j,5.1
3ed0,6.35
3oob,4.67
4lhv,10.0
6hay,7.01
5ot3,5.23
3ob0,3.0
5hz9,7.03
2vl1,1.35
6md6,5.1
5hm3,5.17
3ies,9.92
5auz,4.01
5m7s,9.05
3ft5,4.82
1szd,4.54
4o3c,2.59
1o0m,5.15
4pni,6.09
6hmb,6.56
1kzk,10.39
2vey,7.37
6e9l,6.04
6h1d,5.6
1igj,10.0
4qwf,6.0
3ljo,6.62
5jrs,8.4
4yym,3.62
5eqp,5.4
1o33,5.74
4j8g,4.19
6fzg,6.55
2vnm,8.52
1z6d,2.34
3ml2,8.05
3gss,5.82
5l44,4.4
6gxa,4.22
3rxi,3.06
6eru,4.53
4bdc,4.93
2wwj,4.48
6gvf,7.55
2jc0,4.7
2jle,6.42
2q2c,6.38
6qlq,4.51
4lv3,5.49
1d4i,8.85
4nan,4.72
3sxf,8.6
2avs,7.57
2ada,13.0
1llb,6.05
3dc2,3.02
5nr7,6.02
6g6t,7.7
4gne,2.47
4q9o,5.77
4w9w,7.48
4kup,5.22
5vrl,7.11
3cf9,4.83
4bb9,6.0
3r24,5.25
4l2x,7.41
2gg2,6.6
5tbe,8.97
3fvg,6.89
3bmy,7.52
4ayp,6.12
2ajd,10.8
3is9,6.42
1uy9,4.82
4en4,5.52
3k1j,6.4
2ovv,7.92
6qqv,4.92
1nc1,6.12
5w6t,7.57
3lvw,2.67
2pks,4.96
6dcz,7.17
4i5p,6.42
4yz5,2.83
2f6v,4.43
5swf,6.26
5etm,5.41
6bo6,7.1
5edd,5.24
5u7l,6.37
5mzg,6.86
4r1e,7.28
4az3,8.3
6o9x,6.05
3wiy,6.21
4l9i,4.89
2oaz,8.7
4yhz,7.96
2arm,7.68
5kap,4.23
6hkx,9.34
1ppm,5.8
5odu,3.28
1z3v,4.11
2i72,7.43
5c2e,8.7
4pov,8.28
2aoi,4.01
5dhh,9.18
4puk,7.28
4bck,8.4
3oqk,6.38
4fc0,7.16
1qaq,4.74
2xoi,3.34
5mae,6.84
2cem,7.92
4jvj,7.66
6s4n,6.79
5kj2,7.82
4m8y,9.96
5eak,9.3
3diw,6.72
4zmf,3.96
5iw0,7.22
1yc4,6.55
4fmq,5.05
4lkq,3.35
4f0c,6.27
1al8,5.32
5tg2,5.49
3ktr,6.15
3kxz,7.46
1m2q,6.1
3ovz,8.06
4pd6,4.44
4w4v,6.94
3u7s,8.43
2kup,6.7
4n7u,6.29
5wlv,8.52
6djc,6.63
4c71,3.42
1mqi,7.63
1t37,4.35
3itu,4.4
5vc5,7.96
1h35,7.54
4ju7,6.17
3m89,6.16
6fzm,6.04
5w5o,8.1
1htg,8.42
3kv2,7.32
2xuf,14.39
4ff8,6.4
3nf6,3.53
5ekx,2.03
2fhy,5.96
2y68,3.6
6pk7,4.72
4aft,6.47
5xij,7.3
4u0e,6.92
1jj9,5.77
5cks,5.51
2gkl,5.35
6cqf,8.35
2uwo,8.7
3tfn,6.57
5nk7,6.33
4w4x,6.99
6ax1,9.42
5g1p,5.2
5nwg,6.18
5qtu,8.39
5ivv,6.35
1lpg,7.09
1ocn,6.39
5g61,6.4
2bq7,7.05
3s9z,6.22
4qt2,6.32
1ru1,4.74
1qxz,4.72
6hhr,7.01
4whh,7.4
4c4e,7.6
2zz1,4.54
5ywx,9.85
5yy4,6.43
1pvn,9.82
3zcl,8.0
4os4,4.87
2er6,7.22
6mzw,8.41
6fqo,6.85
2ath,6.82
4yk6,5.7
2hmu,7.7
6iiw,5.66
3nox,8.66
6euz,4.18
5q0e,9.16
5ye8,3.0
2ow3,8.52
1y2c,6.57
4arb,5.89
6e4u,7.87
2qch,3.6
1ld7,8.96
4j2c,5.25
4tkh,5.74
4ahv,1.82
5uci,5.37
4iu1,4.3
6bhe,4.62
3zyb,5.38
5d7c,6.85
3ujd,4.69
3fhe,8.6
4og6,6.71
6s8a,8.07
5nkg,7.68
3vhd,9.28
1jjt,8.05
4o0x,7.17
1uho,9.22
2o65,6.19
4ngm,10.35
3ipy,6.29
3vd9,4.0
5zia,6.52
5z7b,4.89
4kju,8.22
4uzd,9.22
5ito,4.16
6gdg,8.74
4bnt,3.86
5lch,4.69
1yz3,8.81
4g69,5.98
6i0p,4.4
1w11,8.22
5cgd,9.3
1nje,3.8
3ncq,5.36
2k0g,6.97
2g1y,7.05
4xh2,8.22
4nnw,6.61
5moc,4.63
5idn,8.59
3el8,7.6
6hro,7.3
5aad,6.67
6guk,6.15
4d2v,7.43
3ro0,4.5
4poj,8.1
1onz,5.1
1jlr,3.33
2zx6,10.6
4kcg,8.3
4x6s,5.24
6c3u,5.4
5vr8,6.87
5e1o,5.43
3ls4,6.3
1tx7,4.6
3pz2,6.14
5mte,6.78
2o3z,5.7
4u5j,5.53
1f4x,5.59
4yay,8.54
3znr,7.44
6hkj,9.0
6qhg,3.13
6hhj,7.97
5g4o,4.43
2y6s,6.99
6cvy,8.41
4ju4,6.47
1hti,5.13
5w1e,5.24
2alv,4.15
3snc,4.39
2nns,6.05
2q95,5.8
3u4h,4.25
5uhi,8.04
6ps0,9.94
3nrz,5.34
2e98,6.23
6jtc,5.07
4f1s,8.7
2jal,4.82
1gyy,3.64
4umj,5.57
1f2o,1.91
6dh4,11.3
6g3c,6.91
1agm,12.0
6rtw,6.43
2qnz,5.42
1ggd,5.8
5jy3,7.92
3w33,7.44
3pck,6.7
5v1b,7.47
5k4j,7.11
2dw7,4.7
6qr2,5.49
4d8z,6.29
6eo9,6.8
1xh9,7.77
1i9m,8.48
6gjn,6.22
2oi3,6.64
1jeu,6.82
2ha5,4.34
5mt4,3.3
6h4y,7.11
6npe,6.3
5g3w,7.38
3li2,9.0
2lcs,6.7
4io7,3.68
1wuq,8.27
3mbz,5.8
2ych,3.0
6eku,4.28
1hgt,6.82
4y4j,2.47
4c1f,4.63
1ctr,6.0
4x6i,8.0
2drc,9.89
5ayy,5.32
5cwa,4.77
4di2,8.26
2z4b,9.36
4ark,7.2
2nt7,6.52
4der,6.31
6dzx,5.46
3f5j,4.28
2x7x,5.7
1b6p,8.52
4z1k,8.33
2ama,8.0
6st0,5.13
4og3,6.55
3tdh,4.26
5t1t,7.24
6v1c,4.19
4p75,4.1
5fls,3.04
5llm,5.35
6rmf,8.0
4xmb,7.36
4iuo,3.64
2e9o,7.7
4c73,4.92
2o4n,7.82
4eh7,3.28
1mfd,5.31
2g94,9.52
6ahs,5.82
2baj,8.4
1yvf,7.0
6d4a,3.93
3q5u,4.31
5vii,7.29
3ijy,6.04
3qj0,5.2
3hy5,7.7
3chg,3.99
4e1n,7.17
4ov5,7.43
2qwd,4.85
1hkk,7.4
4yyi,4.19
2hrm,3.56
4yyl,5.01
2hzn,7.39
6pge,3.62
5lxp,6.12
4wks,2.7
5wfc,4.9
2qbs,6.68
4an9,7.36
1y8p,6.08
5ei4,4.58
5isl,7.28
3m5e,7.37
1w5y,8.48
5wzv,6.68
1mu8,9.0
1pum,3.05
3frz,8.15
2f35,5.4
5u6d,8.59
6q54,6.49
1h4n,4.92
1fvv,8.0
2xyr,6.13
830c,9.28
5g3n,7.92
5bnm,4.82
4oq6,5.48
4lko,8.22
3q8h,4.15
4b74,7.66
4hxq,7.22
2c8y,4.0
4u0d,4.31
3n5u,5.92
1o43,5.66
4e8w,6.09
6bmr,4.22
2xxt,8.05
4je7,6.4
4a4w,7.72
3cvk,8.0
5mjn,8.54
5tln,6.37
5wzw,5.91
1yid,5.0
5wj6,7.57
5w5v,6.1
3hu1,6.89
5e0a,6.59
3g2t,7.0
1b56,6.1
1xk9,6.85
1b58,6.59
1r5v,4.48
6aej,6.15
6dgr,4.91
1xsc,4.3
2gfj,3.82
4u2w,6.0
6eaa,6.09
4lmu,7.26
1c3b,7.57
4nxs,7.37
3b3w,4.19
3rq7,7.77
2lya,4.19
4qwl,6.18
5n1r,7.95
3d8y,3.4
4k9y,6.95
2brc,5.05
6n94,4.7
1s19,9.51
2kdh,2.96
4uyf,7.6
2f6z,5.32
1yon,4.21
4d88,7.31
6uwp,7.55
5kr1,9.49
5vsf,7.03
2wmr,4.28
3g6h,8.19
6hva,6.28
2qhn,6.01
1udu,9.05
5oxg,5.89
3hp9,4.59
4kc2,3.31
4bfr,7.64
3h89,7.64
2vtr,5.82
5dlv,4.98
2q3z,7.22
4de3,5.52
1ett,5.89
6o0k,10.74
5n2x,6.06
5drt,5.36
5nhf,9.49
6q2y,5.26
3tf6,6.4
3sxu,5.05
5itd,6.58
4ps7,7.41
3b5r,8.77
4w53,3.99
3l5r,7.42
2y7w,4.98
3at4,8.1
2ewy,6.15
5kjn,7.77
4dk5,8.4
4m7j,6.11
2nww,5.48
2c57,3.43
4m1j,9.7
1bjv,5.54
3rwg,8.55
3hg1,4.74
5x4m,2.92
5n1z,8.19
4tqn,6.11
6eln,6.05
6gjw,4.96
1z3j,8.0
4rab,7.4
2h2j,5.38
2g63,8.17
5trs,8.0
4x6x,8.64
2vnf,5.52
2oz7,7.85
6csq,6.39
6gva,8.22
4cae,7.74
2who,7.7
4bco,6.88
6ajx,5.04
4zs3,5.18
4e67,6.48
3lq2,5.22
5wys,6.7
6ccs,3.64
5ovf,6.85
2y06,6.1
6bqg,8.93
3neg,5.94
2cne,8.77
6mm2,5.41
4cpy,6.31
6c7j,8.88
4a6l,8.0
3qpo,6.61
3g0b,8.15
6nyh,7.68
4isi,8.14
1sfi,10.0
1syi,5.44
2v0c,5.68
2vxn,5.0
4iaw,9.63
2hh5,7.49
2p9a,5.18
5d75,6.7
2pog,9.54
5o7i,6.09
2qrm,4.03
3ex2,3.7
4fev,5.42
6h4a,7.38
1o9d,5.6
4el5,5.37
6d1d,4.47
1py1,4.4
3gur,8.0
6f8w,4.64
1o4d,3.52
2cm8,5.87
3rcj,6.1
5tri,5.06
5mky,5.7
4zy5,7.59
6g27,3.14
2ggx,3.49
1pzj,3.49
1f73,2.39
3n5h,5.7
1sln,6.64
2o63,6.11
2qzx,8.22
5y1y,6.01
5dhq,5.7
5q0v,7.69
4o3t,4.37
3qt6,5.37
4rvk,7.87
3tb6,5.08
5lsx,5.92
4dmw,4.94
5l6o,8.22
1u65,7.58
3dsu,7.03
4o76,6.89
1klu,7.6
3zmq,6.44
2xel,3.9
1qhc,7.57
1hvj,11.4
4dcy,4.52
6g28,3.64
4x69,7.66
4jaz,5.04
3lnj,6.66
2a5s,6.7
5th7,5.16
4zga,7.7
6a6w,5.43
3ppk,8.85
4yk0,3.74
4xjs,7.12
5mgk,4.0
5a7i,5.26
2fqy,6.57
2pql,7.28
1vik,9.52
5gub,6.2
5nad,8.96
3cj5,6.34
1o30,6.77
1o2w,5.85
5tqg,9.62
3ipb,6.7
1gx0,4.22
4qd6,8.64
2qw1,3.9
4g8m,7.89
1awi,4.05
3rpy,5.32
2clk,3.79
6c8c,6.38
5t4u,5.32
4kc1,2.91
3pxz,5.23
4bf1,8.62
3daz,7.93
2h5e,8.25
1pzo,3.32
3wp1,4.85
5jvi,6.51
6ajz,4.34
6cef,3.74
2c8x,6.66
5u7o,7.14
3wi6,5.33
3cd8,8.05
4j1e,7.72
1p57,4.4
2oj9,6.41
3sw8,4.5
6pfj,6.41
5uxf,7.06
3run,5.44
2p16,10.1
1os5,6.85
5u11,5.35
6nv7,7.92
6aeh,5.75
1fo0,5.59
3amb,6.18
4hgc,10.0
4qtc,6.4
3zbx,8.22
1dg9,2.74
6n53,7.87
4mp2,5.45
5owh,5.92
4d8n,5.74
2ha4,2.7
6e7t,6.89
3rni,5.17
3ehx,7.6
6emu,5.03
4tv3,8.72
5e8r,8.7
1mes,7.7
1m7q,8.59
3pcf,6.05
2adm,5.7
3pwk,3.35
3pcj,7.22
6pit,5.92
4x24,9.78
5f62,8.17
3d45,5.68
1lkx,5.15
3tzd,4.28
2uyw,13.0
4awm,5.72
4mx9,8.59
6f6n,3.02
2bdj,9.35
2vww,6.62
4ks2,9.34
5wbr,4.77
2am9,8.41
4why,8.1
1a1e,6.0
5ggn,3.66
2xp8,4.82
5v8p,4.99
4pfu,6.17
4aph,5.4
2wxp,8.52
4yo8,10.52
5wep,6.36
2pjc,8.72
6jpj,8.21
5fdo,6.44
2g9r,6.08
2phb,9.49
3o6t,5.22
2g8n,7.2
5jga,8.64
1nu3,4.0
4bda,5.57
2pj2,7.92
1ysi,7.44
5okt,6.03
2ok1,6.26
1ao0,4.96
6h7z,10.12
5l9l,7.1
3l3a,6.38
2wj1,8.72
3lhj,9.51
5w5k,8.3
3wzq,6.23
5yz2,4.95
4xuc,5.96
6duf,8.14
5ngr,4.62
5ocj,4.82
1rq2,2.52
2yol,6.89
1mfi,5.59
5j9x,7.77
5dbm,6.46
4ery,7.27
6gxw,3.36
1t1s,5.15
1h9z,5.42
3rcd,7.77
2hxq,6.84
1fsw,6.49
4hbv,4.64
5o0s,4.24
5hfu,6.89
2fs9,8.52
4xtz,9.82
6q6f,3.35
2jld,10.4
3bgp,7.04
6npi,5.7
3zpr,6.65
6dyu,10.26
3bv2,9.36
5l3f,6.33
4gkm,5.17
3ffg,9.08
4yab,5.07
4hcz,4.44
1ke9,6.18
1w7x,8.4
1v1m,3.94
5k5n,8.05
4uzh,5.01
3dln,6.6
1utr,8.0
3f9y,4.49
5v0n,7.17
3fi3,7.92
3bcn,7.12
3lpr,5.96
5bs4,11.0
6qyl,6.08
4c2v,9.0
5zhm,6.14
1wkm,0.82
5nqe,6.15
4a4e,3.32
1g48,8.41
5ksu,4.08
6msc,7.68
3gcq,6.47
5ujv,3.6
3evf,6.77
6b5q,8.24
4ehe,8.49
4uuh,7.77
2vtp,8.52
4bgk,6.28
5myl,5.0
3wk8,4.31
5oot,7.55
4q9m,7.18
1hqh,6.3
5fdr,9.44
4q90,2.15
4bo3,6.52
6qtw,5.52
4bo4,6.89
4ycl,8.15
4er2,9.3
1rry,4.1
6afi,6.2
5owa,5.46
1gja,5.42
4v25,7.08
5yqw,7.51
4qh7,5.94
6c7w,5.47
4ayr,7.0
4io3,6.06
5yfz,6.96
5lmk,7.43
4gue,5.24
6c9s,7.32
1rej,8.3
5nrf,6.79
3wv2,7.92
6apt,6.05
4j0v,7.55
1q65,5.46
2q7o,7.92
3b67,8.85
4lxb,8.15
4dr9,8.0
4bo2,7.3
5zu0,5.51
6g2s,8.4
4eqj,5.6
3luo,6.95
4ifh,5.21
6e4c,9.92
5np8,4.62
3arx,5.33
4utr,6.15
3sio,8.0
2yiq,7.9
4ezo,6.52
2lct,5.14
6h4z,7.64
5hh6,6.4
5tx3,8.85
5dp8,6.36
5vqu,5.11
2j6m,7.96
1ihy,3.74
6r8r,7.07
4dsy,4.43
5ohy,5.17
5iua,8.82
4qsv,2.0
2xru,7.51
4zim,8.62
5kat,4.1
4gg5,9.03
3g4k,6.54
3uxg,3.96
3cke,6.1
2pt9,4.46
4mzj,5.8
6en4,8.3
6j72,6.13
6ps6,9.7
5d3t,4.92
3lp7,5.44
4pry,7.7
4rce,8.7
1iup,2.54
4zv2,2.93
4pqa,5.55
5d3p,5.13
5l26,5.35
1e3g,9.0
4gtt,8.22
1err,8.11
4e5d,6.22
1g3d,5.55
2oc4,7.07
2rin,4.0
2pvu,6.31
6c7x,7.19
3jzi,5.3
5fxr,7.42
1xa5,6.5
3bjc,6.96
2oym,5.0
6bnk,6.99
5yl2,4.5
2zkj,5.48
3l9n,8.07
6i97,8.18
5dgm,6.4
5akz,5.26
4fem,4.06
4oow,5.37
2ynd,7.49
6dh7,9.88
3x00,9.08
4x11,2.22
5ghv,7.92
3ttz,8.4
3p55,7.1
4eh5,3.09
5ect,5.28
4hrd,8.82
5k0h,7.09
5i23,7.29
5ypo,7.1
3tv4,6.96
5uz0,7.8
4qyh,8.89
3e16,5.24
1yt7,9.89
6g6z,6.66
6jjn,4.11
1tet,6.08
3skh,6.05
1gui,6.28
5fns,5.4
4zv1,5.24
1siv,8.08
2j4a,10.6
1pr5,3.92
6f8u,6.1
5n8v,6.68
3td4,5.66
2x8d,6.1
3r01,5.24
6c4g,8.3
4kiq,7.64
2anm,8.74
3i28,8.22
5i8g,7.52
2evo,7.17
6ets,5.64
5vqz,6.39
4qz7,5.65
5b5p,9.7
5c8k,7.7
6fni,8.22
3r9d,4.15
1qq9,2.06
4rhy,5.95
5hct,7.6
2xno,5.93
5mqx,5.41
6jaq,3.95
6gbx,7.7
5y93,5.64
6cdc,5.6
5y62,1.74
6qxa,5.77
2vw2,3.3
3h78,4.24
4kba,8.22
4wv6,4.98
6fns,4.03
4dfw,7.85
4ibk,4.3
6u26,6.97
4d0x,8.1
4no8,7.15
5lvq,4.14
3oeu,7.51
3elc,2.69
5svi,5.17
1fki,7.0
1rwq,10.0
2j9l,4.0
1q72,6.85
1b0h,6.7
4lwu,8.3
5ta4,7.62
3d9v,8.22
5mtx,7.75
4hbp,8.42
4txc,6.62
5kns,6.12
5gmv,6.23
3p5l,7.39
1p0y,1.0
1d4k,9.22
4avt,8.06
6h8s,4.42
6bgv,6.74
4ht0,8.0
5e0g,5.8
1rsi,4.42
4zb8,6.03
1vjc,3.58
2f0z,4.77
2xc4,8.05
4wbg,5.55
3ds9,7.39
6peg,5.16
2vgc,5.24
5svk,8.48
2fjm,6.85
1e5j,4.0
4pft,8.64
3l2y,4.49
4x7j,7.39
2nta,4.8
1tnk,1.49
5f08,5.52
2rd6,8.3
3eju,6.6
4m14,6.7
6gmx,2.17
4r73,7.64
6hmr,6.83
1j15,3.84
5q1d,6.12
5vsd,7.24
2xyt,6.29
5xup,5.25
1m5c,6.3
1zp5,2.92
2lpr,8.89
1jrs,6.4
5h5s,5.09
3w9r,6.18
4bgx,1.77
2a5b,3.93
5b5b,9.37
3dd8,7.85
5hog,3.64
3iw5,6.08
6i0r,4.35
5l2y,9.85
4hzt,6.12
6dtx,8.35
6dvm,8.52
1f0s,7.74
2p93,8.82
3hrb,7.68
3iww,7.96
4zom,8.52
6i0b,8.04
3qc9,6.06
1ym2,8.0
2y1n,4.77
2wqb,6.27
4yv2,7.29
1wbn,6.46
5dp6,4.83
2pll,8.3
2fov,7.55
6hck,4.6
3fty,3.21
4hxl,5.66
6hvv,6.67
2oqi,8.49
3u4o,7.28
1uy8,4.12
3v01,7.6
4hze,6.29
2z5s,5.66
5alc,8.13
5w5j,5.82
3ery,5.66
2fx9,7.77
4zzx,6.9
2bdy,7.77
4pnu,4.89
1ela,6.36
2o9a,3.81
1fzq,7.62
6b8y,9.66
5acw,3.84
5m4q,3.51
4aia,3.66
4lsj,9.57
2hw2,2.97
5w6i,6.9
6keb,4.39
3qch,5.48
5mb1,6.6
4rh5,6.9
6jbe,4.7
3gvb,2.59
4dro,5.41
2wej,6.08
5he2,6.89
4lbo,5.77
1v2o,4.73
2wlz,4.6
6gip,7.38
5hkb,5.59
4mm8,6.11
2clm,3.55
5oku,6.26
2ja3,4.0
3umw,8.52
1r6g,9.21
5ho8,5.96
3cwe,6.92
3lzs,10.96
4yb6,5.32
5d9k,8.4
6fo5,6.72
1hpv,9.22
1c7f,9.52
6ott,5.42
2q64,8.52
4etz,6.3
6joe,7.04
2zx8,9.64
186l,4.85
5yls,5.29
5zqq,7.66
5ogk,5.11
4l58,4.68
4b9w,4.17
4hbx,5.72
4pnk,6.6
4x2i,6.46
4mnv,4.94
4hvb,9.95
5gr9,7.48
2idk,5.54
6j1l,6.42
5mka,4.31
3lf0,5.71
5n87,9.25
4rsc,6.63
4rrq,5.47
4avj,7.44
5a5d,8.0
3hit,8.19
5bvw,8.82
6awp,7.16
5wew,6.74
5x5g,5.83
1n3w,6.96
4cd5,6.71
2oht,5.04
1oiq,5.54
6ee4,6.69
4qwk,6.27
5fdd,4.2
4htp,5.62
2hog,9.52
1os0,6.03
4mw2,6.7
3qgw,5.89
1o39,7.13
3ow4,7.66
2ewp,7.1
1t7r,5.96
2xag,4.55
5wf6,7.83
4zx4,7.11
2wnc,6.32
4b7q,9.74
1uyh,4.84
5znr,4.67
4mgc,6.32
6mxe,4.26
3ime,3.0
6mqm,9.57
5lub,6.15
3i0r,8.52
3p3s,7.59
2v2h,3.77
5uoy,7.57
2q8s,6.73
1gnn,5.68
1rxp,7.14
3arv,5.64
6bij,6.05
4qjo,7.4
5qa7,3.96
4hkn,5.96
1nmk,8.24
2zq0,6.82
1u3r,8.3
5lla,7.72
5wqc,8.96
1ym1,6.24
2y4a,4.38
3vg1,7.26
4avs,3.49
2y1d,6.82
5tq6,6.91
3oy1,7.8
2j94,6.27
6efk,6.8
2vo7,6.77
5ni7,7.7
3m36,9.82
1hvr,9.51
1xxh,6.11
3loo,6.07
5axp,9.03
1jmf,5.77
3zc6,9.22
2fxv,5.35
5lp1,9.4
2usn,6.51
6cjs,9.7
3p4q,6.52
3bh8,7.95
3buo,6.06
6df7,8.0
2ko7,5.19
1jik,9.7
2wgs,5.6
5l30,9.14
3s2o,5.05
3kgq,2.3
5aqu,2.98
4pvy,6.71
3h5s,8.3
1icj,2.22
5l2m,6.89
3ava,4.4
5ni5,8.05
4loq,8.15
2gbi,8.52
1i43,3.7
4dgr,5.04
1hsg,9.42
3hd3,7.0
3m6r,7.49
6hzy,3.92
4asd,9.28
5trj,5.92
6c4u,6.1
4mjq,3.71
1d4w,6.92
2weh,5.95
5f29,5.05
4wa9,8.42
2yis,8.77
4ntj,7.36
6bbu,7.54
5edq,8.7
6egw,5.57
2xht,5.96
3c6t,8.68
5q1b,7.31
6bfp,7.7
5zuj,4.78
3vd4,4.82
5ap3,7.03
6hd6,5.7
1gvx,7.22
3twu,5.62
5ubt,8.62
5l8a,4.91
1zkn,4.51
2xto,6.2
4ryc,7.1
1b57,8.0
3r0i,6.92
5zae,6.81
5o9p,5.09
5qax,3.8
5l7f,9.05
4eyj,6.21
4b3b,3.6
3rux,9.28
3nok,4.19
5v82,10.15
5q0m,8.1
2l8j,5.52
3wtm,7.0
2hjb,4.39
4g19,3.58
4lh3,1.52
1o2z,6.11
1igb,6.4
3f15,8.1
2r43,6.0
2jb6,10.96
1z6q,6.7
4ppa,9.1
1hvs,10.3
6gla,7.57
4x50,7.75
6pg7,4.66
3db6,6.14
6a84,8.28
2a3b,3.33
4fgx,7.14
3zlq,6.04
1p10,6.7
1oe7,5.52
5o07,7.47
1elc,6.66
4kn2,7.27
5ka3,4.59
4k5p,3.46
2ccc,7.76
5a3r,7.78
4anx,7.74
6cdp,8.79
5ll4,8.4
5ixf,5.52
4eky,3.52
5hu9,7.62
2zu3,6.1
6m87,8.1
6gxy,5.24
3mbl,7.74
1pau,9.46
1y3w,5.77
3ncr,4.11
3mxs,5.01
4ge5,6.57
1obx,5.72
6dk1,7.65
3hdz,7.29
1r4w,4.05
5muc,6.04
6dji,2.51
1wn6,4.68
2nxm,5.19
1l2z,3.69
2rcb,6.79
2ym7,6.89
4bkj,8.72
4y7r,5.03
3afk,3.6
3zke,6.8
3poa,7.0
4oc1,6.6
3wz8,5.82
3b82,4.43
3v5j,7.96
6ul8,7.52
2pgj,3.59
5u5t,5.41
6f5m,6.3
5orw,3.1
1zz3,6.54
2pl9,4.17
1o0n,4.09
2q80,4.6
2rl5,8.4
3t0x,8.0
4ael,7.92
4uu5,5.04
4l7u,5.66
5sy2,4.96
5u14,5.34
4jib,7.35
5zdb,5.75
5u4b,5.74
4b1c,7.1
5ei2,7.34
6md0,5.9
5maj,7.46
1w5v,8.15
5q0t,4.54
6mo7,5.03
4b13,5.7
2nqi,6.11
6dn6,8.15
5zh4,5.14
3wha,9.32
3tza,5.5
4mg7,6.36
5ick,5.01
3qin,6.87
2h23,4.67
3moe,4.3
3fqh,6.24
5d0j,5.31
1w1d,6.52
3v9b,9.3
1xp1,9.3
5uf0,3.8
1g30,6.85
2f9k,7.07
5anv,9.3
3shc,5.72
1fyr,5.62
1cka,5.72
4ivc,10.0
3zm6,6.52
5q1i,6.24
2rm0,4.03
6htt,6.66
6mku,7.15
5gjg,6.21
5lyx,7.42
6uhu,3.4
3ekp,8.89
2viv,6.28
2bge,2.8
4yur,9.8
4b9k,6.17
5mwa,6.82
1wqv,6.89
1if7,10.52
5klr,7.72
5f1c,6.13
3lle,4.97
6rvl,5.94
6me1,7.92
4x1r,6.4
2g9q,6.4
1oqp,7.3
6fnx,4.9
1s4d,6.49
3fl5,7.28
2qp8,8.1
4ega,7.19
4x2s,6.55
2aou,7.73
3g70,9.4
5k0x,8.36
3d4l,7.49
5dtq,3.86
5f63,7.92
6qxd,6.02
5jat,6.64
3sh0,5.66
4ju3,7.07
2xd6,6.19
3rey,8.0
1g1d,9.44
5iyy,4.77
2l6e,6.0
4psq,6.36
5uga,6.79
3opm,6.62
1wdr,2.52
4o62,5.0
5qau,4.15
1o42,8.05
2r5b,8.6
3g2h,3.82
4bis,5.85
6d5h,6.92
1iyl,9.0
5vgi,6.98
4anm,7.55
4bnz,6.59
5izf,9.74
4ozl,4.97
6rj6,8.52
5kbh,6.26
1zz1,6.02
5mt0,3.3
4qg7,8.0
2xk6,5.8
2or9,6.3
4h81,5.12
1bmk,7.6
1w2h,5.0
1pb8,5.15
2hny,5.93
3t70,6.3
5nqr,7.15
6m7h,4.7
3fur,8.0
5w7j,6.1
1rhr,8.1
1qxy,4.8
2qve,2.32
2kwn,5.13
1pig,9.15
1std,10.33
4cps,8.27
3l08,10.22
5pzm,5.96
5h1u,3.51
2g97,6.82
3eoc,6.64
5a0b,8.3
5gs9,5.26
4dwk,6.22
3le8,6.07
2w26,9.4
5y5w,6.1
3dvp,5.0
1sc8,7.44
6edl,8.7
6cgp,7.12
6hp5,7.27
1x81,9.19
5ovc,5.96
4e5h,6.37
1a4m,13.0
4gzt,7.77
1qx1,2.12
4i10,6.77
1njj,2.1
3ibc,4.91
6ql1,6.48
5lvf,4.82
1w22,6.76
6hv4,6.23
4hva,5.89
1r5n,5.42
2xk8,5.62
6oqd,9.85
4zec,5.82
6c8x,12.3
1dl7,6.49
3gwu,4.71
3uec,4.21
5his,4.71
2pu2,4.43
5qat,3.85
6fuh,3.77
4hct,7.14
5h8b,11.31
4k6z,8.7
5zbz,4.95
4yqv,5.71
6o3y,4.42
6afc,6.03
1uu9,5.4
6ciy,6.7
4jss,3.3
5lxc,7.97
3oaw,8.15
1yc1,6.17
2bxu,7.15
5cqu,6.54
5oax,7.57
3u15,7.11
4i9s,6.79
2vvt,5.24
3m3o,3.6
4erk,4.57
4ljh,4.71
2qrl,4.0
2xp7,5.77
5u48,6.33
5aph,7.22
6bl2,7.39
5ee7,9.21
1gcz,5.13
5nwz,9.1
5lm6,5.11
4a9m,6.3
5ekm,6.32
2igx,7.27
2hnx,7.08
6irt,3.81
4op2,5.93
3rxl,2.62
1wvj,6.73
5u8c,7.53
3pb3,6.22
1fh7,5.24
3p0g,10.08
5fv7,6.74
5szb,5.11
5tkd,8.15
4jje,7.64
6cwh,7.54
3cl0,7.07
1ps3,2.28
4p6c,4.0
2gvz,6.89
4azi,7.45
4gvc,4.71
2wuu,7.16
1xnz,6.62
6poq,2.57
6nfg,4.11
4zt5,8.0
5htb,6.77
5ak5,7.07
4b95,4.28
3ibl,7.84
2w1e,7.92
3bl7,8.4
5zym,5.77
6cd8,4.71
5a5z,4.08
5ti7,4.96
3qfv,5.77
1iig,1.57
2mwo,4.7
3g2v,6.52
1bwb,8.42
3c6u,8.87
3pww,7.32
2gc8,5.51
2x09,3.76
4ps5,6.54
3tdc,8.27
4nkt,5.97
1hk4,5.31
4hj2,2.53
4k5o,3.98
3m9f,11.15
4zsp,5.74
2c80,5.33
3wff,6.18
2r6y,9.49
3rm4,5.77
4ij1,5.4
2b53,6.22
4w7p,7.49
3u1i,5.25
3iad,9.0
5vew,5.15
6exs,3.44
6gx3,3.6
6mvx,5.14
1oq5,7.68
1ynd,8.44
3fdt,4.52
5i7x,7.28
4pb1,2.82
4loo,8.15
4qmv,7.64
4jfe,4.51
4dce,6.76
6eij,5.77
6imo,6.19
2ybu,6.38
6o5g,5.7
3cso,5.77
5jhd,4.52
6eji,3.52
6ayt,8.85
3i51,7.7
4mi6,4.31
6p8z,4.7
6myn,7.85
1t48,3.46
6cyh,3.15
3gjs,4.99
3ej5,3.57
3chs,7.77
4jxs,4.74
2zdt,8.02
2nq7,5.54
3jzc,8.53
5ura,6.4
4pmt,6.0
4p45,7.8
2xu3,6.8
3bhx,9.15
4xg4,7.67
5eei,9.22
5ti4,4.59
3pyy,6.86
6r8q,6.92
1jd0,8.24
3r5n,5.78
5hcy,8.92
4no9,7.82
6mlh,3.67
2l11,4.82
2hds,2.0
3k37,8.92
4k3n,7.96
3u6a,6.49
4p6w,9.15
3d4z,4.89
5drq,10.92
3o8g,5.13
6h7d,5.49
1m7i,5.4
3vw7,8.1
6idb,6.4
2qnb,5.34
1lf2,7.52
6pid,4.54
3dgo,6.74
5zg3,7.21
5tvn,9.04
3ck7,4.05
4zwy,8.7
4qaa,6.44
4k42,6.55
5ct2,2.92
5nhy,8.64
4i9c,5.51
6bik,8.19
1gsf,5.0
2qhr,7.39
6fyv,7.96
6ibk,3.29
6fba,4.7
5wii,4.49
3rxd,3.73
1o5a,6.42
3fyk,7.4
5ggp,3.3
3c84,7.85
6hky,9.34
5nk6,6.8
4fz6,6.9
6cjp,8.11
6fav,5.33
1ow8,5.4
6hvh,7.33
3g2z,2.36
2lp8,7.52
4y8z,10.4
5fap,8.0
1gno,7.7
6fac,6.75
5j6m,8.57
4uvb,5.49
2ydt,5.52
4zt3,8.0
3bbf,5.28
1o3d,7.13
6qi4,4.37
6pgp,7.0
4xhe,10.3
6rj5,6.52
5ei8,8.1
1f4f,4.62
2znt,9.3
6q9h,8.11
4v1f,7.7
5upz,9.2
4z7f,7.53
1mjj,8.74
6cf6,5.24
6ftf,8.1
2wl5,4.52
1avp,7.92
3oka,4.72
3el1,9.64
6g07,4.57
4pp5,7.74
3poz,7.64
4bd3,4.54
5y0f,6.68
4az0,7.42
2b1q,1.59
4zun,4.59
3dpf,7.24
3v31,5.8
6erw,5.36
3wk9,4.15
5lpl,4.92
2g1r,7.7
3u4w,8.4
3s72,6.4
3sl0,2.7
4ppc,9.03
2ddf,7.39
6ijh,7.17
1jn2,4.09
3p79,5.64
6idz,6.51
4jwk,8.32
1wdn,6.3
2z78,6.12
4gqp,9.6
4cga,6.4
1qxw,5.15
5e1s,7.92
3mv0,3.85
3zhx,6.68
1c4y,7.92
3p5o,7.26
2c3k,7.59
3n4c,8.02
1o45,9.6
4mpc,6.15
5fwa,4.79
3v66,8.89
5fao,7.96
4f1q,4.95
2ye9,6.22
4a22,8.49
4jsa,4.96
3sww,8.4
5g53,6.37
1ibg,8.55
1h22,9.1
4ty9,2.05
6dry,9.43
3r7b,6.15
3bc5,8.3
4ydf,5.1
5z5v,6.54
6mrg,7.55
3g3n,6.29
4xir,6.94
5h9r,6.08
4ajk,3.11
5aut,5.17
3g42,6.85
6f96,7.72
3wcf,7.28
1li3,4.25
5fho,6.67
5zk7,6.71
4ruu,7.54
6h4v,6.21
3ard,6.76
1c5y,4.2
4qsm,7.41
2vvu,8.1
5ut4,4.38
4m84,7.31
3r9n,5.85
3fuc,9.72
1eb2,6.01
5i2f,6.49
4j08,6.66
2aux,9.3
2y2i,4.59
5b1s,3.91
4gs8,7.0
3l6x,4.4
2c6c,7.52
1vyj,7.0
3ii5,7.62
4ztm,7.6
5x4n,4.17
2cc7,8.01
6gy0,7.32
1qkb,7.35
3i06,9.7
3efj,7.41
4hco,4.32
6mo4,8.34
2zxd,5.22
1xt3,5.7
3pcg,2.3
1ppk,7.66
2ivu,6.43
6h4o,6.89
1k1i,6.58
1vyf,8.05
3twx,5.26
5hjb,5.68
3sv2,4.19
3dxk,6.33
6boe,5.54
1ozv,1.44
4o7c,5.0
1dqx,11.05
6jio,4.55
2oo8,9.0
1yqj,8.14
3kqd,9.4
2f2c,6.35
4occ,8.7
1o4j,2.36
5ap4,6.46
3lk8,7.71
1d6n,4.5
6bhv,5.23
2w67,4.96
4ap7,7.96
4h58,6.72
1hqg,3.0
4g0y,2.3
4c4j,8.52
6o3x,6.25
5icv,5.62
1p19,4.11
3cyu,7.22
3rtm,4.42
1ml1,4.28
6arm,4.97
3wz7,5.74
5oxl,3.25
3pr0,9.54
3zo1,6.0
4de0,5.89
4eo6,8.7
5l2w,6.68
2pj1,8.01
5ttg,7.34
1yms,5.92
4r5t,6.1
2gg3,6.24
2wuf,4.29
4wcf,4.28
5ai0,3.69
5znc,7.52
4zx9,7.39
6dkg,8.59
1m0n,2.22
6ggn,10.1
4i5c,8.82
5k1f,4.79
6p7p,6.15
4luv,2.85
6mtv,5.11
2uyn,2.7
4y2x,6.29
4gq6,7.28
1gt4,6.52
4a9u,7.22
4gg7,8.2
4htx,8.33
1cim,8.82
4n5t,8.15
3neo,5.92
5ajx,7.96
2hwh,5.7
3avz,7.19
1r5h,6.74
3dpe,7.24
1t13,7.38
4v04,8.11
4eej,7.15
3ft3,7.36
3rk5,5.4
4jsc,7.13
4ojr,7.42
6e3p,8.7
3k48,6.31
4jt9,8.14
4bg6,7.16
3v1r,7.68
2ax6,7.57
4y46,7.96
2i4p,5.7
4o0v,8.48
6rne,8.8
6g2l,7.17
1elr,4.96
2lyw,4.52
3n0n,7.3
5iez,7.64
1g9r,5.7
4mbj,7.21
3hmo,7.52
6gxg,5.24
5mnc,1.31
3kme,6.14
5dl1,5.0
1thl,6.42
4esi,4.15
1ek2,8.2
4ibm,5.74
5tg6,4.55
1oir,7.49
5gv2,5.65
4ncm,7.0
2xj0,2.82
2j4i,9.0
6fau,5.44
5t2p,5.72
2f9b,6.52
4x5r,7.85
3qip,6.89
2rjr,1.94
3che,5.29
6mnf,5.89
4j0r,6.41
1vfn,5.6
5ar4,6.7
3dsz,7.77
3ge7,8.7
2e93,6.96
5x9h,3.76
5ktx,7.7
1q7a,7.19
6ed6,7.43
4x0z,3.15
3b4f,8.14
4i6b,5.93
1ypj,7.02
6fnf,7.89
2xhr,8.32
5npb,7.09
3c4c,6.8
3tib,6.89
2l98,3.61
5gg4,5.82
3f8w,4.08
3fea,7.44
1h60,4.7
2xmy,9.96
3sv8,7.91
3fmr,7.97
5etv,6.24
5gwa,5.77
1ct8,6.52
2xfk,8.52
1ndv,5.92
2ay8,2.24
3cf8,4.9
1c4v,10.8
5mw4,11.7
4zt2,8.0
1axz,3.2
1gzc,3.49
6dlx,3.32
4y67,6.93
3nef,5.94
3ftu,3.61
3ob2,4.59
3m94,5.08
2vu3,7.33
6cq5,4.24
5enf,3.57
6df1,6.56
4s3e,6.11
1e06,5.6
5wfz,8.0
2vip,5.28
2h4g,6.52
3u78,5.6
4j04,4.96
3nti,5.22
5tyo,8.21
1y3y,5.64
5lrk,8.82
5avf,5.49
6aa5,7.28
2jew,6.69
4ycw,5.68
1z1h,8.4
2mlm,5.21
1zs0,6.15
5o1g,3.94
6fse,4.74
2hu6,3.81
2n1g,5.64
2xgs,3.28
5flp,3.2
6fym,5.07
3tv5,5.32
5d1j,7.32
6gue,8.4
3udv,5.59
5dj5,5.6
6bvb,6.71
3mss,4.66
3nan,8.22
6b1c,6.95
3vv6,3.8
5hka,6.46
6beb,3.61
6ayn,5.04
3k97,8.0
5myo,10.53
2p94,9.17
5jeo,4.8
4acd,8.31
2ow0,6.7
1v2r,3.55
4uvy,8.26
2rjp,7.0
5dd0,7.08
3ti3,8.74
6gn1,8.0
6hb5,5.83
5alz,8.22
4jrg,6.71
5yto,4.48
5oa2,5.01
4l0i,6.57
5y5u,7.75
1lhu,8.83
1evh,3.22
6bhh,3.76
4jof,4.17
3adu,4.14
2c6n,6.88
3k00,5.77
1jyi,4.0
6mum,8.41
4ce3,3.96
3d0e,8.4
4bbf,8.66
6eq1,4.61
1btn,4.4
4gqq,2.89
4y63,3.58
3t3v,8.52
3l13,7.82
1c6y,9.51
5zku,4.3
3n3g,7.24
2fr3,8.7
4e3o,6.51
5ggj,1.75
3s71,8.64
4y5s,3.73
4m5l,4.72
3gwv,2.6
4abu,6.28
5sz7,9.7
5xbt,5.14
5wip,4.71
3ot3,8.3
6biv,6.52
4qem,7.8
2wi6,6.64
5hlb,4.01
2gg8,4.6
2wo9,7.21
1gx8,6.37
3pkd,6.12
3hu3,6.89
4ym2,2.85
5vfc,9.05
1ezq,9.05
3hp2,6.17
2q6c,7.78
4mp7,5.74
2p4s,9.51
1cil,9.43
4i8w,10.9
3ert,9.6
3nx7,8.1
6die,3.13
6e7x,6.76
6b8u,9.7
3sax,6.57
6suo,9.4
4np9,5.03
4bdg,4.12
5oh2,4.24
1xap,8.7
3m2w,8.52
3cx9,4.89
3vqs,7.75
4f63,6.3
5v4q,2.57
3tsk,7.17
4wt6,7.92
4yps,7.12
6ggf,5.39
6bw2,7.68
5v3x,6.59
4zcw,7.37
4rpv,8.52
4cs9,2.1
3qcx,7.2
6rvf,6.14
6pve,7.37
6d5j,6.34
1mai,6.68
4bcp,6.25
5bw4,4.17
2web,5.12
5ox5,5.59
5fxq,7.85
4msc,5.96
3bgm,7.41
6iez,6.52
4o37,6.16
5id1,6.25
3wci,6.57
4h75,6.6
2vmc,2.94
4kab,4.03
4q3u,6.44
2lsr,5.24
1rhm,5.76
4o2p,6.7
2jgs,6.62
3gz9,8.4
3ni5,7.55
6bil,6.24
1b6j,7.92
3c79,7.2
4w9e,5.15
2vl4,6.01
5oei,5.8
5jlz,5.82
2ycq,9.85
5ljj,7.21
6ic6,7.82
1tuf,4.05
3szb,4.92
6d8e,6.47
5aa9,8.19
3imy,9.7
3sjf,7.64
1i6v,5.0
4rfc,8.24
1hn2,6.0
4px6,8.4
3os3,6.63
5kbi,5.39
6fi5,5.52
3bim,5.88
1v2j,3.25
2gqn,5.35
6hgx,7.11
5qb0,3.8
5v8q,8.44
4j7d,4.7
4tpp,8.59
4r95,7.85
5mmn,6.7
4l0b,7.17
4q7v,3.59
5tmn,8.04
4jpy,4.43
6d15,4.48
4j28,5.7
1il4,2.85
5hvy,7.76
3btj,5.62
3nb5,7.74
6g91,5.49
3kah,6.59
2x9e,6.74
4dwg,7.24
4xtp,4.26
2cn0,7.66
4zyi,8.1
4x0f,7.0
4ql8,9.15
2fzc,2.7
1o4h,2.44
4r1v,9.0
6q60,5.71
2fqx,7.15
3gxz,7.89
6dge,6.72
2vcq,6.04
6clv,4.88
2xj1,7.55
3jvr,5.72
3bh3,6.15
3c8a,6.18
5igl,7.37
3umx,6.62
3qd3,8.0
6k1s,7.7
6njh,3.69
4y87,7.24
3r02,9.0
5mrd,4.44
5djp,5.15
4clj,9.15
4w5a,3.77
2pqc,5.74
4z9l,8.8
5kr8,6.82
6d1x,5.2
4m5g,5.01
4mwc,5.87
3ens,8.05
4m3b,6.4
6npf,5.85
3new,5.0
6bs3,5.82
5alm,6.53
4m5r,3.0
2zns,6.54
5l0h,5.64
1ezf,7.25
2aoj,4.66
1juf,5.85
5a00,7.52
4ysl,5.8
6r5f,7.7
5cal,7.66
5nzp,2.19
5edu,8.66
6c8p,6.7
4p7e,4.76
6afe,5.36
5i86,6.28
1bnm,10.0
5ost,4.56
2pu1,5.85
2clv,7.88
1kyn,5.39
2bpy,7.4
5z4h,3.02
6gxq,7.1
5kyk,5.8
5lyh,6.31
6cvv,4.12
4mib,9.7
3chp,5.27
4qjr,7.1
3rwc,8.12
6oxx,10.01
1sbr,5.0
6gjj,3.7
1c5z,4.01
4omd,9.01
4o5b,8.3
5i0b,5.06
4mw6,5.78
2il2,7.1
5oqu,3.61
5wqa,7.96
4l7c,5.13
3mzc,6.65
3gjd,7.33
4gkh,4.67
5sz4,9.7
3i6o,10.35
3up7,8.21
4qwg,5.97
3ds1,5.7
5jsg,4.85
6n7d,9.52
4obv,0.75
3zcw,6.19
3fvh,6.35
4cr9,4.1
2bgn,5.7
5uit,8.34
4m48,6.81
1zyr,5.74
5tys,10.72
5hls,7.41
3okc,4.44
6f7i,7.85
6dq6,5.07
2y81,8.7
6bbx,6.67
5ktw,7.52
1mq6,11.15
4uff,7.96
5djv,7.11
1syh,6.41
2wsx,2.41
2j9a,5.89
4lwv,8.22
3ral,7.0
3v4j,5.04
2h96,6.64
4bqs,4.21
5ula,7.11
1noi,3.15
2uue,6.13
2pvn,9.46
1y2g,4.08
3pd8,6.46
2jdo,6.64
4psh,8.89
5dx4,6.86
2qh6,6.0
1ai6,3.97
6kzc,7.94
3tv8,7.15
3nw5,5.08
6j7l,4.5
1avn,3.9
2v0n,6.3
1b3l,5.89
5dkr,5.22
2ccu,6.13
1f0t,6.0
1t4e,7.1
4ps3,8.7
2hah,8.0
5wg6,4.54
1azm,6.1
3mke,5.66
4n7y,6.26
3krr,9.32
4iur,5.58
5ivc,5.92
3n2u,7.84
4pv0,9.07
4ca8,6.68
3krx,7.38
6fmf,5.88
1phw,3.3
6qi7,6.46
5efb,8.37
6cv8,3.17
4cd6,3.59
3rl8,5.98
5wfw,6.1
4k4f,6.7
4xu0,9.11
1y6q,11.7
5e8a,7.47
2r6n,9.0
1o79,6.39
3s75,6.82
5qao,3.62
2hwg,3.55
4k5m,3.71
5eij,5.31
2jbl,5.89
3gta,4.28
2w0x,3.2
6cbf,5.17
4lk7,5.04
6q6y,6.0
3tne,5.72
2bq6,10.15
5jf8,5.85
5vsk,5.74
1x9d,3.96
4qfr,8.13
3rqf,4.41
4oon,7.52
4b8y,8.05
4gja,5.92
5o55,4.7
6g9a,7.68
3b27,5.16
1gfy,5.08
6ipm,3.69
5wef,6.44
5n9l,7.82
5nkk,5.0
4pid,4.62
6a93,8.16
4kmd,5.41
1h3c,6.51
1nc6,8.0
1opi,7.3
4hvg,7.77
5zk5,8.37
3ipu,7.32
3m1s,9.0
2v2q,4.15
6aaq,2.41
6gop,9.15
5zdc,5.75
4a95,5.76
4mz4,7.89
6ee2,6.71
2dxs,7.34
6r8l,6.17
3fzy,6.74
3bhb,8.47
2w1h,7.28
4qag,5.32
4ea2,6.44
1x7a,7.89
5w9g,6.82
2eep,7.06
3gpj,5.11
1bqn,6.22
4no1,7.57
3fxw,5.96
4u93,7.89
5wuk,7.85
5jal,2.47
5wxp,3.35
4yqu,6.66
1y91,7.23
4yw6,7.08
1ohr,8.7
4aqh,6.54
4uib,9.0
3o9e,11.3
2wmv,5.04
1ppl,8.55
3ind,5.82
3tcg,5.87
1pme,9.4
5n8t,5.74
3e62,4.39
2zx7,10.49
6m9l,7.54
4p0x,5.92
1kkq,6.62
1tys,5.49
3fw3,7.37
2ohu,5.38
2r58,2.0
1loq,3.7
3sha,5.59
2gv2,8.3
5ug8,8.7
4r07,5.32
5vgo,8.7
5gmu,3.32
6fuj,4.3
4h39,6.68
4m0z,5.19
3ckb,2.98
6fob,7.63
4jk6,7.19
4io5,5.03
5jjr,7.8
4pow,6.3
5dpx,4.46
4j5d,5.96
6cjw,5.74
3rwj,7.8
6r18,4.92
3btl,5.96
4l2k,6.44
4qw1,6.11
6q89,9.85
4odm,6.07
5q0s,7.21
4yjl,5.96
3dx4,7.12
2bvx,8.7
5est,6.52
3g5v,7.8
4zx8,7.1
3ljz,8.14
4jg1,6.63
5dex,7.65
5za8,6.29
5wbk,6.03
6n7y,5.11
3lpu,5.86
2a4g,7.18
3uhm,8.44
4p4t,4.39
3rk7,6.7
2hk5,7.34
5htz,8.62
6j6m,9.52
3qci,5.42
3ljt,6.89
1ajq,4.31
5kab,4.68
2xib,7.26
1nl4,9.41
2xni,7.37
5bqs,5.64
6gi6,6.71
5m6h,6.82
1sdu,10.07
3qx8,2.86
2va5,4.07
3v2q,6.29
4m7x,4.8
4epy,3.47
6olx,5.38
3h21,4.7
2qzl,8.1
1sqb,7.95
4w54,4.17
1d04,4.59
6jn6,7.15
5f4l,7.62
4ezj,8.42
1oss,4.79
5aqv,3.43
4ux9,5.1
3dab,6.68
6h78,7.33
6g0v,3.78
4n7e,6.48
2o3p,5.96
5cu2,4.24
6fel,6.4
5em6,8.4
3mfv,2.52
4ouj,2.86
5ovi,7.68
3l4x,6.89
5jfp,9.32
3okh,5.24
