PDB_code,-logKd/Ki
1ch8,7.0
1lyb,11.42
1bzy,8.34
1xka,6.88
1cin,8.73
1gar,10.0
1sfi,10.0
1srg,5.3
2bow,4.0
1flm,9.37
1ftk,4.84
2csn,4.41
1tsv,4.8
1b46,5.28
1sps,8.52
1vik,9.52
1bzs,8.0
1b52,7.12
1c4y,7.92
4phv,9.17
1bwa,8.6
2tsr,7.54
4tln,3.72
1c5c,6.96
1b05,7.12
1fq6,7.86
5prc,4.89
1qf0,7.38
1qja,6.38
1thr,5.38
1d2e,6.0
1dmt,8.7
1a0q,7.57
1lfo,8.05
1cim,8.82
1csr,7.38
1ajq,4.31
1cgl,6.87
1m6p,5.1
1tmn,7.3
1g6g,6.28
1dwc,7.41
1zzz,5.14
1a0t,1.3
1bji,8.7
3pax,5.0
1cw2,6.15
6rnt,2.37
1cny,7.85
1g6r,4.27
1pop,9.0
1h4n,4.92
1d3p,7.39
1dfo,6.7
2ctc,3.89
1c3b,7.57
1b6p,8.52
1doj,8.96
1ct8,6.52
3amv,7.97
3vgc,5.51
1tsi,3.48
5tln,6.37
2hrp,8.3
1czc,2.82
1b8y,7.85
1a4r,6.66
1drk,6.82
1noj,3.15
1bug,4.37
5a3h,4.57
1afk,6.62
1cbx,6.35
1hrn,8.05
1qan,4.48
1jev,6.89
1d4l,8.77
1fkn,8.8
2lpr,8.89
1fq4,6.4
1rti,4.77
1hii,7.28
1db5,6.82
1at5,4.19
1dis,11.0
1qji,4.85
1e55,4.12
1qs4,5.64
1b5h,6.01
1acj,8.09
8hvp,9.0
2gst,6.07
2hmb,5.59
1bzc,4.92
1p02,7.17
1c86,4.7
1qku,9.59
2jxr,7.05
1f74,3.05
1avp,7.92
1bmb,6.15
1bma,4.59
1fh9,6.43
1bqo,7.74
1exw,3.9
1ody,8.1
1trd,5.4
1dzm,5.41
1meu,6.1
1mtr,8.4
1abf,5.42
1hvk,10.96
2bza,2.8
1e06,5.6
1avn,3.9
1okl,6.03
1dva,8.07
1ero,8.23
1him,7.7
1rt2,8.22
1ebg,10.82
4prg,7.15
8abp,8.0
1yyy,5.09
1bo5,3.6
1tng,2.93
1czq,4.54
1nje,3.8
8cpa,9.15
1bmm,7.1
5fiv,7.66
1eoj,13.77
1lt6,3.3
1qpe,7.7
1dbb,9.0
1mmq,7.52
1zfp,7.59
1qbt,10.62
1gah,12.0
3gbq,5.46
1fhd,6.82
1cwc,7.8
1f73,2.39
1qbo,7.74
1apb,5.82
1hms,6.37
1bbz,5.82
1b1h,7.03
1hps,9.22
1czk,8.82
1fq7,5.43
1fax,7.39
1ado,6.0
1czo,4.55
1fjs,9.96
1b58,6.59
1bq3,5.4
1ecv,4.85
5fwg,6.72
1a85,4.52
1eix,11.06
1a94,7.85
1hsg,9.42
4aig,6.52
2usn,6.51
1dmp,9.55
2cgr,7.28
1d6n,4.5
1tsl,6.15
1dtq,8.22
1dth,8.22
1ai4,2.5
1bhx,6.84
4pax,6.4
1dud,4.82
2rox,4.98
2bpv,7.67
1b32,7.1
1bju,4.8
1c84,5.0
1e1y,5.6
6fiv,8.08
1b6l,8.3
1rt1,8.1
1eat,7.82
1at6,4.07
1hpx,11.26
1c5x,6.68
1c8l,8.16
1d6v,6.17
1a52,9.86
1elr,4.96
1fiv,6.59
1ele,6.85
1c12,8.72
1ylv,2.7
5hvp,7.7
1csh,7.55
1qaq,4.74
7cpa,13.96
1b6m,8.4
1amw,4.54
1aid,4.82
1bv9,9.96
1a4g,8.4
1hlf,5.64
1bhf,4.38
2cbs,8.22
1b8o,10.64
1mai,6.68
1a7t,1.64
1fcz,9.22
1htf,6.83
1d5j,9.15
1cbr,9.4
1gsf,5.0
1a1e,6.0
1hfs,8.7
1dkd,5.7
1hvi,10.92
8lpr,6.62
1rpj,6.48
1tcx,6.95
5yas,3.26
1fig,6.22
6upj,6.32
1juy,7.66
1qbs,9.47
1cnx,7.37
1e5a,7.64
1d4t,6.19
1swi,3.1
1gux,6.96
1aqj,6.47
1njd,5.57
1err,8.11
1c85,4.64
1c5t,4.1
2cbr,6.85
1dhi,7.26
1tlp,7.55
1cnw,7.72
1alw,6.52
1drj,7.4
1di9,5.3
1akq,9.1
1tka,6.1
1fta,6.36
1cps,6.66
1dzj,5.89
1hxw,10.82
1lcp,6.64
1fo0,5.59
1bmq,7.42
1b3h,6.21
1br8,4.74
1qbu,10.24
1p03,8.19
1mmr,5.4
3gwx,5.4
1qi0,2.35
4erk,4.57
1ydr,5.52
1qf4,6.18
1a9q,6.17
1b3l,5.89
1b39,6.92
1qbr,10.57
5upj,7.12
1qti,6.44
1inf,5.0
1usn,7.74
2ans,5.92
1ivp,7.52
2aac,2.22
1a9m,6.92
1tkb,8.0
2h4n,8.7
1czl,9.15
5lpr,6.57
1lt5,2.7
1ctr,6.0
2vgc,5.24
1f0s,7.74
1dzk,6.1
13gs,4.62
1tyn,9.7
1bnu,9.7
1tvr,7.48
1pdz,3.7
4tmn,10.17
1rne,8.7
1hvh,7.96
1czr,9.0
4cts,5.0
1bdl,5.85
5tmp,7.47
1axs,7.77
1b3f,6.89
1qb6,6.06
7abp,6.46
8a3h,4.06
1ezq,9.05
1fkw,5.05
1d3q,6.54
1tnl,1.88
1qhc,7.57
1em6,8.22
2pax,6.74
1aj7,3.87
1rbp,6.72
3tlh,8.82
1etz,7.24
1ydb,8.24
1ba8,9.0
1ax0,3.13
1hos,8.55
2qwf,5.67
1b4h,5.46
1c8v,6.33
1sre,3.85
1ekb,6.0
6gpb,4.85
1eei,3.15
1rdj,1.66
1ajv,7.72
966c,7.64
1c2t,6.59
2cht,5.52
1a50,6.7
1ilq,4.89
1bkj,6.77
2srt,6.64
1e00,6.1
1nok,3.15
1qca,5.27
9icd,3.9
1bl6,6.8
1db4,7.24
7kme,4.4
1grp,3.72
1tbz,9.8
1b5g,8.0
3aig,6.0
1bmk,7.6
1e03,9.4
1ddm,5.77
1rpf,3.99
1cwb,7.89
1caq,7.72
1jmi,6.06
1mik,6.35
1elc,6.66
7upj,8.49
1qnh,6.06
3lpr,5.96
1oth,7.0
1b57,8.0
1xug,7.05
1bcj,3.7
1csi,8.8
1p10,6.7
4est,5.02
1c8k,6.0
1gpy,4.7
1fh8,6.89
1a4h,5.92
1heg,7.74
6gch,4.7
1fq5,8.4
2avi,15.22
1cet,2.89
1qbn,5.85
1b4d,4.81
1zsb,0.6
1wht,3.7
1ff1,4.92
1ai6,3.97
1pro,11.3
1b3g,6.7
1egh,5.7
1c5q,6.36
1duv,11.8
1f0t,6.0
1awf,6.01
5est,6.52
1b56,6.1
2gss,4.94
1rgk,4.31
1iht,8.46
1c5s,6.0
6abp,6.36
1tsy,4.96
1ahy,3.36
1fzq,7.62
7prc,5.21
2qwd,4.85
2tmn,5.89
1b55,7.4
1vgc,5.92
2pri,2.91
1gaf,8.0
1dar,4.96
2ypi,4.82
1tnh,3.37
1bim,8.92
1hvj,11.4
1njc,5.55
1b11,7.39
1ai7,4.09
1shc,7.28
2hpa,4.6
1ql9,5.35
1qr3,6.59
1gnm,6.25
1ftl,6.0
3mbp,6.8
1biw,6.98
1bil,9.3
1hsh,9.42
10gs,6.4
1qf5,7.37
1hpv,9.22
1ggn,5.51
1fyr,5.62
1b9t,5.1
1sbg,7.74
3erk,4.74
1c6y,9.51
1mmp,6.07
1a5v,3.1
1rdn,1.84
1hvl,9.95
1bkm,5.74
1pbk,9.05
3aid,6.86
2qwg,3.64
1uwb,8.34
1d4k,9.22
1azg,4.8
1al8,5.32
1d09,7.57
1utr,8.0
1dg9,2.74
1jet,7.25
1c88,5.29
1mes,7.7
1add,6.74
3znc,7.34
2pcp,8.7
1qsc,3.68
1ajn,2.63
1ydd,7.07
1dub,5.8
1bdq,6.34
1vrt,7.1
1fsg,5.02
1bgq,8.57
1bv7,10.3
1siv,8.08
1bio,5.54
1b2m,3.73
1ci7,7.05
1bap,6.85
7hvp,9.62
1gnn,5.68
1tet,6.08
1qb1,6.77
1css,6.1
1htg,8.42
1dbj,7.68
1inc,9.34
1jeu,6.82
1agm,12.0
1qk4,4.21
1efi,1.92
1akw,8.59
1f57,5.64
2olb,5.54
1pot,5.49
1ad8,6.6
3ert,9.6
1b0h,6.7
1d1p,3.6
1hiv,9.0
1met,9.4
1bp0,5.4
1tmb,6.74
4tmk,7.7
5abp,6.64
1ql7,5.0
1c7e,6.3
2dbl,8.7
1clu,8.27
1d04,4.59
1cea,4.96
1gfw,7.82
2tpi,4.31
1sme,11.22
1gbt,2.0
1akr,9.09
1azl,8.62
1p04,7.4
1e8h,5.68
1f3j,5.22
1aht,6.21
1c5z,4.01
1mxl,3.81
1evh,3.22
1al7,7.8
1exv,7.35
1dbk,8.1
1bwb,8.42
1azx,9.4
1p06,6.27
1mnc,10.34
1p01,9.46
1qq9,2.06
8gpb,3.6
1di8,6.0
1b6h,7.82
1qkb,7.35
1ai5,3.72
456c,9.77
1eef,2.92
1a7c,4.0
1b6j,7.92
1qjb,6.38
1ceb,6.0
1hte,5.64
1bsk,4.12
1tnj,1.96
1fd7,1.85
1gfy,5.08
1kel,7.28
1a9u,7.32
1fh7,5.24
2mpa,8.04
1dwd,8.18
1d4y,11.1
1a4q,5.44
1b9j,5.96
1qfs,9.48
1gai,8.0
1rev,7.48
1aq1,8.15
1f8a,5.0
1ml1,4.28
7lpr,7.18
1bnq,9.49
1a3e,8.46
1dzp,5.44
1c83,4.85
1bra,1.82
1d4p,6.3
4ts1,4.94
2ada,13.0
1qaw,5.12
2amv,8.8
1sqc,6.85
1ela,6.36
1cka,5.72
1cj1,8.8
1c4u,10.37
1c7f,9.52
1bnm,10.0
6rsa,4.4
1f7b,4.6
1dm2,7.15
1hdt,7.76
1stc,8.1
1hef,9.0
1swg,7.36
3bls,5.14
1skj,5.15
1e2k,4.94
1dmb,5.74
1jaq,4.48
1b5i,7.05
3at1,3.18
2mip,8.46
1rpa,6.0
1fcx,7.19
1ao8,8.22
2bpx,9.4
4vgc,6.9
1bwn,7.06
1ths,7.54
1a4k,8.0
1akt,8.49
1det,4.3
1rth,6.4
1b7h,8.02
1gym,2.7
2qwe,7.48
1qin,8.0
1dx6,6.19
2rkm,3.9
1qtn,7.3
1lvk,5.92
1b8n,10.52
1inh,2.3
1lag,6.3
1yda,6.55
1aze,4.22
1idb,7.96
1fj4,4.59
4tim,2.16
2qwb,2.74
1ao0,4.96
1yei,7.46
1f0r,7.66
3gss,5.82
2toh,4.15
4fiv,6.52
1hxb,9.92
1afl,6.28
1thl,6.42
1hwr,8.33
1fwe,5.6
3erd,9.9
1b9v,3.65
1jmf,5.77
1fao,7.37
1pph,5.92
1rnt,5.19
7gch,5.7
1tni,4.0
1cpi,7.41
9lpr,5.7
1b2h,4.54
1bty,4.74
1e6s,3.22
1fpi,5.89
1gbq,2.46
1gno,7.7
1e34,2.88
1axz,3.2
1igj,10.0
1ckb,5.28
1ajp,2.23
1fhr,4.0
1ej4,7.3
6cpa,11.52
1qpb,1.36
1ibc,10.25
1hpo,9.22
2prj,4.49
1f3e,6.7
1bn1,9.34
1d4w,6.92
1dif,10.66
5tmn,8.04
1rbo,12.72
1kvo,7.89
1lah,7.52
2qwc,3.55
1vr1,6.89
1e2l,4.29
1c87,4.2
1b2i,5.51
1e37,3.7
1uvt,7.64
1aq7,6.05
1rnm,3.07
1tsm,6.0
1bqn,6.22
1dtt,8.3
1c5f,6.07
1ydt,7.32
1e4h,8.41
1eld,6.7
1eol,13.42
1hmr,6.55
1btn,4.4
1f0u,7.16
1d8f,7.74
1bxl,6.47
1db1,9.26
1ggd,5.8
1fbm,6.22
1sln,6.64
1uvs,5.4
1ppc,6.16
1rdi,2.06
1vij,9.52
1tkc,4.85
1eoc,6.05
1d7x,8.52
1bnt,9.8
1ciz,7.44
1g1e,7.54
1rdl,2.24
1axr,3.27
1c3i,5.8
1tps,8.0
1yet,5.92
1af2,3.1
1a99,5.7
1ahx,3.92
1amn,13.82
1a86,4.0
1flr,10.0
9hvp,8.35
1bdr,6.68
1tnk,1.49
1cyn,7.68
3jdw,3.6
1hbv,6.37
1laf,7.85
2drc,9.89
1mpa,8.04
1rgl,4.43
2dri,6.89
1a69,5.3
1ind,10.05
4mbp,5.64
1qkn,8.47
1bnv,8.77
1dhj,6.55
1c9d,6.3
1abt,5.85
1bqm,7.35
1a61,8.62
2aig,5.0
1hih,8.05
1elb,7.15
1b5j,7.43
1bm7,7.52
1qm4,4.3
1ax2,3.99
1ida,8.7
1adl,5.36
1vot,6.6
1ctu,11.92
1c70,10.3
1qf1,7.32
1a5g,10.15
1vfn,5.6
1bl7,7.72
1irs,5.22
1bzj,4.66
1ajx,7.91
1dpu,6.0
1c29,6.33
1ezf,7.25
1b4z,5.23
1awi,4.05
1p05,5.96
6tim,3.21
1b6k,8.74
9abp,8.0
1a09,6.7
2mas,7.52
1dqn,8.0
1rin,3.15
1qf2,5.92
1nja,6.31
1bn4,9.31
1bm6,7.89
1c50,6.48
1c3e,6.59
1cil,9.43
1pip,5.0
1cx9,6.75
1hmt,5.79
1aw1,1.05
1b51,7.37
1gfz,4.0
1b40,7.28
1akv,11.59
1ohr,8.7
1ctt,4.52
1cqp,5.62
16pk,5.22
1b38,6.6
1lst,7.85
1bnn,10.0
1b74,1.3
2adm,5.7
1jld,6.73
1njb,5.8
6cgt,6.0
4yas,3.41
1cze,2.62
1hsl,7.19
1qb9,7.44
1bq4,5.22
1af6,1.82
1lan,7.22
4sga,7.3
1aku,6.13
1jao,5.92
1atr,6.96
1d8m,8.51
1d3v,6.96
3gst,6.72
1aqc,5.34
4rsk,4.32
1erq,7.89
3cbs,7.24
1ax1,3.29
1d3d,9.09
11gs,5.82
1hvr,9.51
1bn3,9.89
1d2s,9.74
1avd,15.0
1icj,2.22
1bjv,5.54
1eas,7.74
1jrs,6.4
1yds,5.92
1upf,4.6
1tcw,6.02
1bux,4.85
2a2g,7.0
1a30,4.3
830c,9.28
1c5p,4.68
2upj,7.39
1enu,5.08
2csm,4.3
1qcp,7.52
4fab,8.06
1a8i,5.52
1c1r,7.63
1bzh,6.77
1jlx,5.8
1qka,5.92
1anf,5.46
1a28,8.29
1qng,7.89
1auj,8.25
1x11,6.49
3tmk,6.87
1ag9,9.0
1aqi,5.62
1fcy,8.52
1ce5,4.74
1qkt,9.04
1jmg,6.07
1lkk,6.85
1aaq,8.4
1hti,5.13
1yej,7.46
1c3x,3.68
1ek2,8.2
1bzf,8.3
6cha,4.4
1dy4,4.36
1a42,9.89
6lpr,7.3
1c5y,4.2
1bnw,9.08
6prc,4.77
1els,10.82
1e02,6.15
1qft,8.77
2bpy,7.4
1fq8,6.03
3usn,6.15
1hvs,10.3
1dqx,11.05
1cr6,8.51
4zjj,8.0
3zq9,6.02
5yc3,4.85
5fsb,2.22
5q0m,8.1
5lce,8.04
4tzm,6.7
3upi,8.22
5izj,11.52
4anb,8.18
4z9l,8.8
4jq7,6.41
5khx,7.85
5k9w,4.59
4hnp,6.78
6jn4,5.69
5dk4,8.7
3udr,4.96
4zb6,6.28
6szp,4.74
5gmp,9.1
5j41,3.7
4tkn,5.89
5ddf,6.17
5amn,8.35
4rxc,4.48
4ba3,5.54
3s3m,7.4
6g3a,8.38
5wys,6.7
5ou2,3.22
6em7,4.53
3shy,7.04
6efj,3.32
5j58,7.3
4ohk,8.3
5om9,4.25
4kww,5.55
4r91,6.37
3ow6,6.66
4y6m,7.15
3o9i,11.82
6exi,5.05
3szb,4.92
4zsp,5.74
4b13,5.7
4zyf,8.64
4kx8,7.13
5fbo,9.51
3arf,7.19
4j81,4.5
4f7l,8.0
4pzx,6.0
5ne3,7.84
5os0,2.55
5lrj,8.72
4eo6,8.7
5ti0,4.21
5tbm,7.31
4ap7,7.96
4or6,5.31
3qcj,6.3
5ci7,6.92
3s7a,8.96
4d8n,5.74
4yha,6.65
6h7f,6.12
6bix,6.51
4kil,6.3
4h58,6.72
5zh3,4.67
5bvn,8.82
6m8w,6.22
4ybt,7.0
4b1j,7.3
4mlt,2.85
4e0w,7.48
4yne,8.52
5wbr,4.77
4a7i,8.7
4x7q,7.85
5d3j,5.24
3np7,4.02
5v13,7.63
4ddm,2.46
6mo5,9.52
4yc0,4.13
4lkg,6.8
4bbg,8.32
5n31,5.79
5h1t,3.8
2lh8,4.18
6o5g,5.7
4jib,7.35
5eij,5.31
5ncy,9.4
5xff,8.21
4cu1,4.71
3qqu,8.62
2yb9,9.22
4a1w,7.3
6mt4,3.82
4prn,5.66
5z1t,6.2
4bid,8.1
5ivy,6.44
4qf8,7.51
4hld,9.3
3s2a,8.09
5ekh,5.95
5mnx,2.48
5m56,7.89
5kgw,4.79
4h2m,5.21
2rvn,6.77
4omd,9.01
4aq6,4.8
6g6t,7.7
4buq,8.14
4ycl,8.15
5av0,3.55
5oa6,5.51
6gvz,6.4
6o9x,6.05
3sqq,5.32
4cd5,6.71
6nyh,7.68
5f1h,7.85
4i8x,2.64
4djw,6.28
4irx,6.12
6iez,6.52
5g53,6.37
5hja,5.96
4u4x,5.01
5wyr,6.39
5ct7,7.15
3ukr,4.92
4jaj,5.26
4dv9,6.72
5qj3,7.62
5one,7.28
4w5a,3.77
4r73,7.64
6afe,5.36
4m6u,2.74
4r0a,4.26
4zt7,8.0
3s0o,4.48
4f3c,11.82
5ou1,6.07
6qae,8.52
5hls,7.41
4b83,5.15
4zpg,7.26
3w2t,7.53
6m8d,5.14
4arb,5.89
4ppc,9.03
5dyy,7.24
6axq,4.0
4b77,5.1
6h33,9.22
4dy6,4.4
5vfn,3.52
4clb,6.55
4to8,1.24
5igm,7.38
4cc7,4.33
5za2,5.77
5inh,6.0
4b7r,9.64
6ema,4.53
5hlb,4.01
4nh8,8.52
4oba,9.4
3zps,8.3
4cwp,6.77
3m6p,8.35
6me1,7.92
6ajg,5.78
5d3t,4.92
6hmp,6.86
6jn3,5.16
6h7u,1.98
6fvn,5.3
5zwe,8.96
5wi1,5.0
5cal,7.66
5tdr,4.54
5cf5,8.6
5tqf,8.3
4qf7,8.6
4qvp,6.05
3qk5,7.74
6oxs,9.96
6euc,3.77
4b72,6.2
5y9l,5.72
5qar,3.77
5afl,3.4
5jn8,7.3
5ox5,5.59
6gfx,7.92
5v40,5.8
5l8o,3.38
3umx,6.62
5fp0,7.77
5tg1,5.82
4c7t,6.4
6gva,8.22
3unn,4.4
5npd,7.42
3ozp,6.62
5b56,4.54
3zj6,6.66
5l2z,10.22
4dei,9.0
5hdz,7.35
5ylt,6.39
4n00,8.02
5y7w,7.7
5dlz,5.74
5ivv,6.35
5k0s,8.22
6qlt,4.04
5a14,7.3
5afm,4.15
5u5t,5.41
6cct,4.14
5dit,6.15
4dzw,7.89
4dus,8.3
4fgy,6.3
4an0,10.7
6am8,4.89
2yex,10.0
6mqe,11.29
4jfx,6.44
3r42,4.08
6biv,6.52
3uvm,7.52
4u0s,6.8
4az2,7.33
5cqx,5.33
5hlm,5.9
4el0,4.49
4k69,7.4
5vad,9.12
5csw,8.4
4x8t,2.05
6b5a,7.94
3wka,4.54
5aqj,2.68
5l17,9.3
6skb,7.7
5jjs,7.32
5mri,4.4
3u8d,6.33
5oha,4.89
5uox,8.3
4km0,6.04
6qmk,7.46
3vfa,9.19
3tic,8.87
4eo4,6.35
6hwv,7.08
4y4v,3.65
5lm6,5.11
4mnp,7.34
4oc5,7.07
4y73,9.52
2y67,3.53
5izf,9.74
5yjb,7.54
3s72,6.4
4onf,8.92
5o87,6.61
4z6h,6.21
5kap,4.23
4oho,7.77
5ory,3.45
5aer,4.4
4k75,4.25
4mjp,3.88
6d4r,5.96
4q9o,5.77
5n0f,6.05
4ym4,4.47
3rkb,6.42
4mg6,5.62
6b5j,7.1
3pj2,5.14
5ygd,7.27
3q44,6.31
4gh6,7.68
5c13,6.1
4pee,8.32
4u54,2.06
5c42,8.72
6at0,4.04
5vfc,9.05
5u94,7.19
3u7s,8.43
5j8z,8.3
6cms,5.82
4ej2,2.49
6fyz,7.41
6gub,7.64
4bhz,4.27
4drp,5.41
4rrv,7.4
6m9d,7.35
5hg9,7.46
4dew,7.0
5jr2,7.57
4ejn,8.3
4abb,4.51
4mcd,5.33
6ghv,4.28
3at3,8.04
5emk,7.89
6oxr,10.32
5fnu,8.89
4lqg,8.89
3wcf,7.28
5v8v,8.89
5nps,5.89
3uix,6.82
6aak,9.15
6q3z,7.36
5azf,4.44
5yjy,6.94
4aza,6.99
4q9y,5.68
6g85,5.21
5cls,6.66
6n3x,5.09
6eog,5.8
4k3r,3.59
5kqy,9.29
4p2t,5.43
5wxg,3.86
6ipl,3.82
3ttp,9.12
6h4o,6.89
3ms4,3.28
4oex,5.84
4ezy,5.65
5vom,6.1
6nlj,4.82
6mo0,6.23
5w4e,6.46
2mwo,4.7
5isz,4.49
6mlf,4.28
4x63,6.77
2llo,5.82
5ml6,9.45
4u45,8.0
6fsd,4.24
5tza,9.0
4zx3,7.19
4mwx,7.12
5he7,8.3
4el5,5.37
5m2q,7.52
3tza,5.5
3r91,7.04
6dxg,4.85
5brn,6.3
5os4,2.78
4ykn,8.0
5f00,6.6
5t2m,9.2
6j81,6.29
4y5h,7.82
3rse,7.0
4bbf,8.66
4w50,5.85
4kin,8.32
6nrj,7.44
3u1i,5.25
6jno,6.63
4fe9,3.0
4g9c,8.64
5tci,6.88
4bnx,7.7
3nfk,3.8
6hzc,8.93
5ove,6.35
4ce2,3.84
5lxd,8.5
3zn1,4.54
3vsw,6.89
5lrg,8.82
6ckr,7.3
4xjr,5.32
3pb9,6.58
4av0,6.98
5qam,4.0
3pwd,6.66
6g28,3.64
6qr4,6.23
4ede,7.38
4tlr,8.52
4dgb,3.89
3ldq,5.36
6h4p,6.99
6qyn,7.62
3sm1,5.84
6b7a,4.49
6hq3,6.11
5zcu,5.67
5kv9,5.85
5n2x,6.06
5y7z,7.81
6ijl,7.93
4d2r,5.48
5a4q,5.54
6bvb,6.71
3zmt,4.55
6jij,6.64
5eay,4.47
4cfm,4.74
6bid,5.54
6gw1,5.14
4bqy,5.96
4na9,7.39
6e59,8.67
5i7x,7.28
3vyf,8.8
3ztd,4.02
4h3f,9.0
5een,8.96
5qik,7.66
4pl4,5.27
5mim,7.34
4zph,7.51
5u2e,6.56
2xwe,6.02
5o1g,3.94
3tnh,6.46
6kmj,4.79
6d49,3.93
6aum,9.1
4j08,6.66
4frj,6.55
4der,6.31
4ztn,7.72
5muc,6.04
6a30,4.89
4mzo,6.57
6jbe,4.7
4fyh,4.85
5w12,7.28
5ntk,8.01
4pio,5.7
6fe5,9.3
5ali,7.07
5zz4,9.17
2y1d,6.82
4awg,5.96
4oaz,5.77
4k5o,3.98
5x54,5.0
4q87,4.85
4lqy,3.89
3ud9,4.67
6f08,5.39
6e2n,7.9
4u82,5.72
4odm,6.07
6asz,4.72
4pjt,9.24
4g0y,2.3
6ge0,8.68
6fu5,7.5
3tkh,7.33
4kne,5.9
4csd,5.91
3rcj,6.1
6n94,4.7
5j79,8.52
4kql,8.77
5ose,3.17
4e4l,8.77
3ppk,8.85
6s88,6.17
6ftz,3.0
4yw2,2.8
3qs8,4.74
6boe,5.54
4btb,5.01
3q3t,7.43
4pd6,4.44
5q1g,3.58
4c0r,4.91
4zx6,5.27
5lvd,2.62
4qxt,7.8
3pma,5.4
6cvd,4.0
2mlm,5.21
3vjc,7.72
5iz8,5.62
5aaa,9.42
4djp,10.55
3rv9,4.92
4lys,4.34
5e1s,7.92
4tw9,7.7
6hzx,8.38
5fnc,4.11
4uv9,6.01
3wf8,6.63
5ejv,6.69
4rs0,6.0
6oou,11.3
4psh,8.89
5u8a,7.89
4qz2,5.21
4a50,7.91
4g55,4.92
4yay,8.54
5wfj,8.89
5hdu,9.0
3suw,4.7
6d5e,6.85
6qef,7.22
3rlp,7.08
4l6t,7.49
5f6v,2.24
3ucj,6.0
4i9r,6.95
5nhf,9.49
5o9r,5.39
4iti,6.36
5jap,6.64
5ku9,5.83
3s3n,7.06
3zll,6.4
6gwe,7.38
3thd,4.05
4x3u,5.09
6ekq,5.46
4prh,4.6
4poh,8.0
6imr,5.37
4fzc,8.4
6npe,6.3
5km1,6.18
2l75,6.05
6hgs,3.77
4o2f,6.41
4abf,4.62
6dgx,11.3
6en5,7.94
6nco,4.52
6afl,7.0
4kif,4.84
6peu,5.89
4fxy,7.54
4occ,8.7
4o4y,7.81
6eku,4.28
3r02,9.0
3s3o,7.57
5v3h,8.3
3slz,6.99
4ivc,10.0
6dyo,4.49
5cs6,3.2
4q09,8.17
5lt6,5.41
5g2n,7.03
5yum,3.65
4o7c,5.0
5oy3,4.15
4e6d,8.92
4rh5,6.9
5hm0,6.36
6f7q,8.96
6nrg,7.25
4mvn,5.46
3qk0,8.7
3v8w,8.07
2ybs,4.59
3v49,8.02
4djr,11.52
5n8j,5.54
5e8a,7.47
3upk,4.3
4fl3,3.82
6c7f,9.62
4hgs,8.3
4wup,9.82
5wbm,4.7
4qwj,5.77
4dhn,3.89
4y63,3.58
6ouv,5.55
5t6f,5.8
4fod,8.92
5ofi,4.2
5njx,4.15
4g2l,7.49
5edi,9.52
6p9e,7.17
3w54,9.7
4aqh,6.54
6qxd,6.02
5qah,3.84
5luu,5.06
6dcg,8.15
4xuc,5.96
5dxh,9.0
5of0,8.63
5o9p,5.09
6n5c,6.43
6dkp,7.44
3r7o,8.36
5vdw,4.0
5wjj,6.62
5f3c,6.05
5t2t,6.29
6ej2,7.8
6g8q,4.72
5mgx,5.59
5vgi,6.98
5tho,7.64
6qmr,7.92
4py1,7.19
5tbp,5.18
2ylc,7.89
4g0a,7.6
3t6j,6.36
5mrh,4.2
4m48,6.81
4ojr,7.42
3peq,7.5
6hmt,7.04
6udu,9.3
5n0d,8.48
5dls,8.36
4o0t,5.54
4cwq,7.06
4qt1,8.15
5hbj,8.64
6bhe,4.62
4wbo,4.2
6ajr,4.31
6aps,6.66
5nwk,6.57
5cei,8.28
4uj9,8.7
4etz,6.3
2ltx,5.39
4pnr,6.34
6dgt,7.38
4c1m,7.8
4gfn,8.3
4rra,4.87
5w88,4.52
3zvv,3.04
5byi,7.51
4jvj,7.66
4jrg,6.71
3su3,9.13
4yht,9.22
5h4j,6.89
4jg6,6.44
4ggl,9.0
4bdj,5.14
4erf,9.4
3r1v,6.92
5l2i,7.4
4fjz,6.29
5wo4,10.0
4ghi,7.09
4j1e,7.72
4ixh,8.21
4q7w,2.64
5gtr,7.17
6g9d,8.37
6jao,4.86
5kq5,8.05
6hza,9.3
4wk7,7.13
4ivb,8.72
4g0l,5.19
6o7g,5.96
6mqc,8.28
4mm9,5.68
6bjo,6.29
4zba,5.51
5n53,2.55
6phz,3.46
5buj,8.3
6e3s,6.78
3ru1,4.85
4jln,7.78
5ovf,6.85
6e49,4.72
5zjy,8.18
5lo6,7.27
5i9i,7.3
6ayo,8.29
4gq6,7.28
4xmb,7.36
5ivc,5.92
4jps,8.3
2ynr,5.77
3qsb,5.08
5qaq,3.54
5l2o,6.12
3pn4,6.85
6d3q,8.47
6q5b,5.89
5djr,4.86
5nzp,2.19
5mnr,5.46
3sfc,8.52
4pb1,2.82
5ngu,7.44
3rwj,7.8
6mlh,3.67
5vd3,5.55
3ogq,7.52
5htz,8.62
4kom,7.0
6plf,6.67
4cl9,7.3
5k0m,8.82
5jiq,5.4
4frs,8.77
4b7p,9.46
5lmk,7.43
5hvy,7.76
6ppy,4.44
3rz1,8.74
4e3d,2.3
2y4m,6.46
3b27,5.16
3vx3,7.82
6grp,5.48
5mo2,3.84
6r0k,7.92
5ai9,6.61
5ot9,4.07
5lsx,5.92
4b6p,7.13
3tiy,4.77
6p8a,3.59
5hka,6.46
5tpx,6.55
3mtb,4.63
6bh5,6.6
5uv5,7.7
3rdh,5.03
2lk1,4.09
4yyi,4.19
5lhi,8.11
3wsy,6.36
4us3,5.32
6n4e,8.0
2y8q,5.82
6eww,5.05
5ovp,5.04
4hpi,4.85
4i7m,4.14
6fnx,4.9
5ult,10.85
4ezr,5.2
4e1n,7.17
4q1b,8.72
6i8l,6.41
4qz3,5.51
5itf,5.74
4uac,6.54
6hd4,8.64
3rxp,2.08
6ht8,6.72
4a9c,4.61
4wf2,8.1
5cqu,6.54
3twr,5.19
4rio,9.0
6hvi,6.42
5avi,6.06
4yat,5.03
5sz6,7.0
6qlu,4.64
4jpy,4.43
5yhe,6.69
4odl,6.95
5tv1,7.24
6gjr,3.74
6n87,5.66
3vd7,4.48
3p55,7.1
5yr5,6.74
3shv,6.66
4j5d,5.96
3udk,4.49
5n70,8.52
4gui,3.64
5dhu,6.3
6gn1,8.0
4m5o,6.42
6ea1,6.59
4exz,7.54
6mbp,5.95
4aac,8.17
5z4o,3.28
3vjl,8.25
3zlr,9.26
6g3o,9.24
5nhl,9.52
4xkb,6.1
5c5t,3.13
3qxd,6.15
4xct,8.17
6ibk,3.29
3tgs,5.39
3rvi,7.96
4lwi,7.64
5znp,4.69
3rwc,8.12
4pra,5.66
5k51,4.8
5cdh,5.37
6hax,7.59
5alo,6.13
4qfn,4.12
4x7j,7.39
5if4,9.0
3ap7,3.0
5nqe,6.15
4ge7,8.15
4n8d,4.92
2yk9,5.09
3utu,10.92
3ske,7.77
3v5l,8.15
3u9q,4.38
5j31,6.51
5nf5,6.82
4z8a,4.76
5usz,6.97
5w13,7.66
5b5g,5.25
3mbz,5.8
4zg6,6.33
6pf4,4.8
4ie2,5.35
4z0f,5.77
4jv9,5.74
4ynb,10.37
4p1u,8.52
5dhf,5.66
5h21,5.19
5u6j,7.64
5il1,5.82
6gjj,3.7
4ydf,5.1
5ts0,7.8
6psb,4.1
5vkc,8.74
4s3e,6.11
5e3d,4.02
3sdi,8.33
4qgh,9.0
5ggz,7.25
6dim,2.14
4i0z,6.33
4fgt,5.41
4gd6,7.38
3p9t,6.2
4aa1,4.12
3v6r,6.15
6un3,8.64
5nb7,8.22
5lg3,3.8
4rd6,6.28
3t6r,5.66
5zzw,5.51
6b4d,6.11
6eya,7.48
4xv3,7.92
4jzf,6.76
4f39,5.7
3tkz,5.92
5zoo,5.65
5jv1,6.07
3wax,7.89
6j8q,5.57
6bfw,6.66
6cz3,7.25
5e0j,5.21
5l6o,8.22
4ufh,6.42
2ym6,6.06
6oos,11.3
5eu1,7.81
4twd,5.08
6epz,7.14
6oa1,4.59
5xvg,8.05
4ij1,5.4
4ec4,7.6
4mra,4.47
3tfu,3.28
4b5s,3.49
6br2,8.72
4qjw,7.8
3v1r,7.68
4mk5,6.35
3t07,7.8
4oma,4.17
3okv,6.23
5ivs,8.21
6u8b,6.37
5nr8,6.76
6baw,5.38
6poh,2.71
4rro,7.59
5ajw,6.98
5ddb,7.09
4rao,6.0
2xye,8.34
4g95,7.61
4bae,8.52
4pvo,6.31
4baq,9.01
2m41,5.1
4mw0,7.41
6ckw,9.08
6g07,4.57
4l19,6.1
3opr,6.59
4ezk,8.2
5kpk,8.3
4zwx,8.7
5ota,5.74
4h4d,6.82
3wzq,6.23
5t9w,5.59
4ac3,3.96
4s1g,9.22
4oow,5.37
5f2p,4.43
5jas,5.77
4uwh,8.52
4o2a,5.74
6b5q,8.24
4e5i,5.3
4q9z,7.26
6np2,6.8
4n70,12.0
4eor,6.3
6afg,4.86
3pdq,6.74
5yji,5.3
5i7u,8.77
5mev,7.0
3v5j,7.96
4fcm,3.94
6rj6,8.52
5u13,5.41
4ll3,11.57
5vrp,8.89
3wff,6.18
4x9w,6.85
4qsm,7.41
4kao,6.11
6r4v,5.76
5usq,7.0
3mna,7.39
6dif,10.72
3wdz,6.92
3oy0,8.0
6elo,6.29
2yj9,7.02
5l8y,6.4
5eel,6.08
5hed,4.44
4a51,6.73
5i5x,6.7
3zxh,8.52
5wbp,4.36
6gga,4.85
4c4h,8.22
4bis,5.85
6h96,8.68
5vlr,8.52
4k3l,2.96
5khd,5.6
4zyy,8.05
5jnl,6.57
6bcr,5.26
5pzn,7.39
3ryy,7.42
5tcc,5.66
5yyz,4.18
6a9o,5.24
5tq5,7.23
3wyj,6.44
6cnj,8.11
5jv2,4.0
4crj,5.96
6hni,4.03
6f09,5.97
5t6j,4.93
6fyp,6.84
4j93,4.7
5iz9,5.42
5iok,5.02
6hai,7.94
4ow0,6.82
6cki,7.24
5csd,7.89
4c1e,7.14
5opc,4.54
5jek,3.98
4i7l,3.99
4cd8,2.89
4qh8,4.89
4o0j,4.89
4lps,5.74
5a6k,5.95
3asx,7.7
3r7q,6.97
6e9a,11.92
5t2b,8.3
4c2v,9.0
4mfe,2.27
5tr6,8.49
6h5w,10.8
4alw,7.57
6jn5,5.15
5ccm,8.4
5o4f,6.68
4cxx,5.68
4app,7.19
4hvd,8.85
3rti,7.37
5ap0,8.26
4wcf,4.28
4gw1,6.37
5k00,8.15
5hn9,4.3
6g97,8.38
6o9d,8.7
5vih,7.49
5fnd,3.49
5may,6.48
2ybu,6.38
4zsr,4.44
2y81,8.7
6k0j,7.89
5gs4,7.07
4q3r,6.27
6hu0,6.91
4bdk,5.44
3t5u,7.59
5cpr,7.56
4ez3,4.35
5wep,6.36
6eb1,5.33
5y7k,9.18
6n96,5.42
4nga,7.77
4bnv,7.52
6jaw,5.66
4y2s,4.28
4ibm,5.74
5alf,6.69
5jyy,8.1
4y2v,4.04
6prf,8.6
5fut,6.45
5hz5,7.07
3owb,7.72
6es0,5.65
5dp6,4.83
4rn1,5.0
4f7n,7.1
4ktc,9.0
6gu7,5.81
5eng,5.85
6b1o,8.51
4lxb,8.15
5lgq,7.05
4j82,4.35
4gqp,9.6
3rxj,3.06
4no6,6.11
5icy,5.06
6q9y,5.43
4zg7,8.7
6mnc,5.8
4bak,8.91
5wa5,6.72
4nxu,5.54
4q3q,5.89
4ke1,8.6
4dq2,7.52
6h2z,9.3
3vid,6.21
5vkm,3.55
6ggg,9.2
6maj,7.47
4oc2,8.28
6of5,5.35
2y76,6.36
4gvm,6.11
4uix,7.3
5ovi,7.68
6cq4,4.85
6d1a,4.35
5cap,7.28
3wmc,6.51
5a2k,6.35
6bl2,7.39
6ajv,5.04
5elf,2.34
5hz6,7.8
3ro0,4.5
4eh6,2.46
4idn,5.24
4pgc,5.88
5o55,4.7
3nc4,4.58
4qvq,5.2
6gu3,5.36
4zb8,6.03
5mrd,4.44
4g90,4.51
6s07,7.4
6q9l,8.41
4x8n,6.62
5cav,6.67
4gao,5.74
4w4s,5.02
6oy2,9.87
4rvl,7.38
5hg8,8.52
4yc9,8.89
6mdq,3.44
3oy1,7.8
5h8b,11.31
5u7o,7.14
4xx4,7.36
3arq,6.4
6d8e,6.47
5n8t,5.74
6hu3,6.3
6i5p,4.32
5mty,8.89
5bnm,4.82
4m12,6.05
5lxc,7.97
6dq6,5.07
4e90,8.1
4bco,6.88
4ht6,6.21
5ng9,6.72
6ps4,9.89
4dem,7.55
4j8t,6.77
4lpg,4.25
3pjt,4.88
5k1d,4.68
6e3z,7.76
6as8,7.05
4wzv,9.37
5jzy,9.82
4rz1,7.4
3ueo,4.03
4ksq,7.31
5xyz,8.1
5neb,7.77
6ed6,7.43
4k4e,7.62
4x9v,7.85
6iql,9.37
4xar,6.97
5vcw,5.96
5enb,3.11
5jfp,9.32
5xw6,4.91
4q08,6.3
5xpo,7.08
4q83,4.19
6e8x,6.22
5jy0,5.55
4qtn,6.85
4lj5,6.29
4n7y,6.26
6dn5,7.49
6t6a,6.7
4wki,8.3
4no8,7.15
4gbd,11.32
5uc1,7.85
6eqx,10.47
4zk5,8.43
5hld,4.66
6b7c,5.14
3sgv,4.46
3umo,3.89
5wzr,7.29
5k6a,4.51
3pz1,6.14
2l3r,4.66
6f4w,5.53
3sx4,8.52
6c9s,7.32
6f3i,7.68
3q0z,7.7
3wde,6.91
3v5p,8.96
4ga3,7.52
3udy,5.7
4ymx,7.1
3vw0,4.67
3nzx,5.17
4hra,10.1
4qge,9.3
4pyx,6.14
6jsn,8.42
4ryl,7.28
5u12,5.07
5gid,6.11
5e28,7.91
5c4t,7.66
4ycw,5.68
5cyv,4.96
6f20,4.31
5uuu,7.74
5o9q,5.21
4tju,5.44
4eh8,2.2
5h15,5.8
6bfe,5.85
6et8,8.25
6qha,5.3
5f20,7.52
4qxq,5.7
4yl1,6.67
4gja,5.92
5uyu,9.51
5hbe,8.64
2xu1,7.66
4gzp,7.84
6qgh,8.15
3zeb,6.13
4euo,5.05
4ach,7.66
4i5m,8.06
5g1n,7.77
6fmi,5.03
4bci,8.22
5zu0,5.51
3p23,4.42
4ovh,4.85
3q4k,7.05
5hey,5.66
3th0,4.12
5v88,7.55
5tur,6.05
6h38,8.11
5qaf,3.51
5myx,8.16
6b8y,9.66
6fgl,4.62
4ocz,9.18
4m0f,8.77
3s00,4.92
4um9,8.07
6fo8,7.74
5t36,7.37
3w5t,4.52
3s9y,6.44
3ryw,6.24
4l02,7.7
3tsz,4.46
5o11,6.67
6h4w,6.97
3od0,7.92
6ar9,5.18
4urw,2.8
5fxq,7.85
5gx6,5.8
2m3o,5.3
4mdn,6.22
5ldo,3.75
6fa5,6.75
5hwu,5.27
4jlg,8.7
3avb,4.07
4gfm,7.22
4py4,5.77
6bvh,9.15
2ych,3.0
4nwd,5.4
4bb2,7.07
4tjz,5.97
4ly9,8.15
5gut,6.29
4d63,1.64
3v31,5.8
5f5b,3.95
5ne1,8.28
4rlt,4.96
5jcj,4.42
4d2v,7.43
2y7i,5.54
6oyz,6.73
5l2m,6.89
4j44,5.73
5v9t,7.35
3qto,4.13
4mgb,5.44
5cin,7.74
4b05,7.58
4o43,4.3
4gpl,5.89
6nzh,8.8
5llh,10.17
3ljz,8.14
4mq6,6.47
5k13,8.74
4bnu,7.7
5op8,4.18
3arw,6.15
5nne,4.71
4joa,7.54
6mso,5.42
5fsy,5.89
5eyd,9.0
3p17,4.48
4qer,7.54
4fvq,6.0
4hmq,8.24
3oil,5.68
5lxp,6.12
5voj,8.44
4e5h,6.37
3qw5,6.45
6hk7,7.34
5oq4,7.6
3zs1,6.4
6m8a,5.26
6q54,6.49
4q1w,11.7
3r7n,6.15
2n06,4.92
5dtr,4.41
4mr3,5.94
6ode,8.1
3ka2,6.62
5ake,7.82
4h3g,8.22
6hly,7.33
6c9n,4.78
3uvq,7.77
5ddd,6.59
5q1d,6.12
3sff,6.7
6t1o,5.59
4dru,8.62
3p3u,6.48
5yj8,3.98
5yib,5.48
5o1h,4.85
6f8b,5.21
6hoi,5.1
5j6d,8.22
4kln,7.7
5bui,7.05
6rmm,4.69
5lud,3.61
4jbp,7.39
4zjc,8.96
5dqf,3.6
5jal,2.47
4c1w,9.41
4r6v,7.45
4ycn,7.77
3v01,7.6
4aw5,6.12
6im4,7.4
5znc,7.52
6e7r,6.83
4aa5,7.8
4x7n,8.22
4cc5,4.42
4au8,6.26
4m2r,8.49
3tvl,4.0
4rn6,5.1
4b95,4.28
4i5c,8.82
3way,7.66
4drk,5.08
6qeg,7.3
4qz5,5.26
4qg7,8.0
4bcb,8.52
5duw,3.29
4yt7,8.77
4knx,5.49
6g0z,5.32
4mi9,3.42
6ghp,9.36
4wj5,6.29
2x2i,8.7
5oq6,7.56
6enx,6.08
3wdc,7.92
4anu,7.68
5o91,6.46
4c1d,5.36
2y4l,6.3
6m88,5.96
5ybe,6.24
4y8c,7.96
5ajc,4.24
6gnm,4.26
6gfs,6.54
3uda,5.01
6j9y,5.07
4r5x,5.26
2ycf,10.52
4ay5,6.27
4g3g,8.43
5owf,5.8
4u73,5.18
4q1n,9.7
6q39,7.85
5cqt,6.91
5q0p,7.41
3rm9,4.77
4cku,6.82
6ea2,6.55
3wb4,4.44
6fpu,6.49
5xvf,6.15
6f8u,6.1
5gwa,5.77
4xm7,3.57
2m3z,6.57
6b16,7.49
3aqt,6.72
6j10,6.35
4a6c,7.92
6d4t,6.92
3ayc,4.24
4v24,8.37
5kax,6.11
4cfx,5.06
4agl,3.65
3ujb,5.1
5xih,7.15
4jje,7.64
5d7r,7.89
3wt5,9.54
5nuu,8.2
5vs6,6.98
4j78,4.65
4ago,4.81
5am6,6.73
5jz9,3.57
5mar,4.39
4dxj,7.42
4w9k,6.54
5fum,4.74
5g4n,4.0
5u4c,6.0
4o70,4.72
3atk,2.85
5t28,8.49
5qal,3.46
4qfg,5.48
6e22,8.89
6cjr,9.52
4nxv,5.42
5xhs,5.05
6qau,7.48
6dgl,5.52
4iqu,6.24
6ay3,8.02
5zhn,8.8
4idv,7.4
6sbt,6.78
6hzu,8.26
5y6f,6.85
5brz,8.15
6aao,2.11
4pkt,4.83
6hks,4.28
6rn9,8.2
6g0w,5.28
3qnd,4.85
3wcg,6.85
6erv,5.36
2l98,3.61
2xni,7.37
6c1s,8.52
3rv4,2.3
5ucj,6.36
3u78,5.6
6n55,7.87
6qz8,7.62
5m2v,5.4
3tk2,4.62
5id1,6.25
3mw1,9.09
4erz,7.06
6n9h,4.26
6hv7,5.19
3qpo,6.61
5n8w,6.33
4qw6,5.85
5fl0,6.46
4og3,6.55
4jxw,4.72
6c42,8.21
6fzu,3.67
5wf5,7.65
5nn6,5.52
6e99,6.0
3q2j,4.18
4o7e,5.24
3uj9,4.63
2m0u,6.44
3sha,5.59
4hzx,9.3
5afx,5.92
5qaz,3.4
5akk,4.0
5tyl,7.82
6d8v,5.42
5oei,5.8
3t8w,7.54
4x69,7.66
5bwc,7.21
4amy,10.82
6i63,7.01
6f34,4.94
4efg,7.26
5d7e,3.82
5nvw,6.77
4tpw,4.69
4n4v,8.7
6cn6,8.3
5ne5,7.41
4qir,6.95
4lmu,7.26
4eok,5.07
4b5d,7.89
4qps,6.52
3zy2,6.46
6m9l,7.54
6die,3.13
6dak,5.14
5auy,5.8
5kkr,6.92
2ly0,4.8
4z7f,7.53
4zyt,7.77
4yzu,5.05
4d9p,3.84
6dd1,4.65
4cl6,5.39
3at4,8.1
4b00,8.61
6g3v,6.04
6hv0,6.56
4jlj,6.13
4nxq,4.74
4i06,7.17
5ohi,8.47
5c85,3.98
4mme,6.5
4n99,3.67
5xvk,5.05
5o4z,6.07
3rv8,4.92
3mv0,3.85
4wvs,6.27
5kw2,9.09
6qhg,3.13
5eh7,3.48
5aaf,7.44
6ful,4.92
4y5d,5.92
5ncz,9.1
4nw6,8.4
4e20,8.22
4q2k,7.48
3shz,7.44
4kb8,7.89
6rpg,8.52
6kzc,7.94
6hlz,7.33
5o0a,3.24
6iar,7.6
5lav,6.09
6sal,6.58
3np9,4.4
3uo6,7.82
4c37,7.71
4zdu,5.77
6gw4,5.92
3r21,6.74
5swh,7.59
5g5z,5.66
4gjc,7.05
6ugo,7.59
5vdp,4.05
4lbo,5.77
2yaz,5.14
5e1m,6.72
5ku3,4.89
5acb,6.8
5x9p,6.89
5oui,4.03
5a3s,8.68
6m87,8.1
4k67,3.43
4xyf,9.0
4ogv,8.05
5g17,6.7
4kbc,7.85
6b33,8.12
4g0p,3.01
3pdc,7.49
5cnj,6.84
6bg5,6.0
5vee,6.11
4y85,7.89
5n1v,6.19
4dgg,6.1
4uv8,6.47
3ral,7.0
5ei4,4.58
4kon,6.48
4fsl,7.7
6nvl,7.95
6hub,8.1
5gub,6.2
4o72,6.0
4pd8,6.03
5qa6,3.76
4pid,4.62
4zy4,7.66
4r92,7.41
3qak,8.32
5dnu,4.11
6bu0,5.96
6o94,8.74
5nvz,6.77
4xyn,5.89
3zdv,5.48
4wvu,5.71
3loo,6.07
4y2y,5.05
4ahu,2.27
6r7r,6.33
2xiy,2.44
4d1s,7.66
4pm0,7.35
3snc,4.39
5h9p,7.17
6nfy,7.8
6r13,4.7
5thn,4.02
6irt,3.81
4a4g,2.99
4bcn,7.92
6cn8,7.2
5g1z,5.32
4i8n,4.46
5up3,7.9
5q0l,5.36
4a4f,2.88
5btx,3.55
4c38,7.76
6akw,7.22
6d19,6.61
3qio,6.84
4huo,4.7
5kkt,9.0
3ri1,5.3
3puj,4.51
6mmo,3.35
4hrc,8.92
3ask,6.43
4fzg,7.72
3tdz,6.82
5kby,8.82
3qxt,5.22
6gjn,6.22
3pvw,7.27
5ezx,7.06
6ep9,6.84
4c1y,3.6
6e5s,6.44
6dyz,9.2
6dik,5.07
5ywg,8.34
6fzf,6.82
6eq8,8.0
4eu3,0.82
4l2x,7.41
5mrb,6.33
4de0,5.89
4g1f,7.77
4url,6.3
3qo3,6.9
4tn2,6.92
3qbn,8.23
6edl,8.7
4or0,7.46
5gnk,8.28
3v7d,6.39
4lvt,10.36
5kns,6.12
5m63,6.96
6p87,4.6
4j09,4.77
6ic5,8.22
4nbn,4.36
4mm5,7.74
4x34,6.12
5yic,5.89
3ux0,6.26
4alv,8.15
6mx3,5.14
6b5i,5.96
6pvy,3.19
4jhq,7.74
5tys,10.72
5dxb,6.28
5tqu,7.6
3wig,8.64
5f4n,8.66
4j7e,4.85
4y0a,2.31
5trr,7.39
3pdh,6.74
5ewk,4.85
3s0e,6.55
4xcu,8.22
5ajv,6.24
6afc,6.03
3q43,7.37
4zz0,7.0
5klr,7.72
3u6j,8.21
4dve,9.52
3tf6,6.4
4g2j,7.96
5tbj,5.82
6tl2,5.44
3p9m,5.0
4e6q,8.36
4bdc,4.93
5hg1,5.2
4jp9,7.62
4rak,7.85
3p2h,5.44
5dhp,3.85
6s9b,5.68
4n7j,5.47
4pgb,7.48
5okt,6.03
4oew,6.82
5nud,7.49
5esq,5.8
3ppr,2.82
4pkv,5.25
6fkz,6.05
3soq,4.57
5mqt,5.7
6nao,6.7
4hco,4.32
4uce,3.17
4qmy,8.4
3zqt,4.41
5jna,7.35
6seo,4.74
4c73,4.92
5y86,6.1
3vjm,9.43
5tq4,8.38
5knv,4.87
4dro,5.41
4fgz,2.87
4eki,10.0
3mrv,3.74
4e3b,6.05
3aza,5.13
4qye,5.92
4jg0,6.76
4o76,6.89
4b12,4.99
3ole,7.83
6eqm,7.96
5ap7,6.29
6a73,6.48
5laq,9.2
5f5z,7.07
4ewr,6.27
4e6c,4.82
4ruy,7.89
4bpj,6.0
5fto,8.21
4eyr,6.63
5w6u,5.49
2x2r,7.12
6kla,7.25
5y62,1.74
6p7q,5.36
6n3v,5.61
4lkf,5.37
4jx9,8.62
5dj5,5.6
4p4f,6.77
4ejf,5.1
6fap,2.15
4ehv,2.29
2ykj,6.21
5uwl,8.03
4x7o,8.7
5o5a,4.77
5kde,3.89
6ajh,6.54
2yfe,6.63
4qp2,3.03
5lvn,4.7
4i9u,3.86
5cc2,4.1
6chh,5.57
5lc0,6.7
6g2a,3.79
5nho,9.52
4z68,6.49
6oko,6.74
5i86,6.28
6e4a,7.36
4qaa,6.44
4j03,7.59
5bot,4.41
4zzz,7.06
5n1y,3.22
3zvt,5.92
6b4n,10.55
3sm0,6.13
3n35,3.37
6iyv,5.88
4ekg,8.77
5fog,3.67
6eol,7.43
5v83,5.16
4j5b,6.22
5d24,5.24
6c7d,9.77
5fqs,7.36
5ulg,6.72
4tsz,7.0
5i22,7.62
3qi4,3.93
5lgp,7.04
3uxm,4.7
4hla,10.8
6dki,8.64
4og5,6.52
5i58,6.92
6sd9,9.1
5awj,9.68
4fxp,4.09
5ah2,10.08
4eg5,8.1
5vlh,6.8
5ura,6.4
4dwg,7.24
4jsc,7.13
4r0i,6.52
5zh4,5.14
5zo9,8.2
4mwb,6.49
3o9l,9.66
4hhz,7.72
4meo,3.6
4nym,3.55
4psb,4.64
5hmk,7.4
3o9h,12.1
6fqo,6.85
5hk9,6.54
5fol,3.67
5mwh,5.74
3uvx,4.34
2y8i,5.89
3zi8,5.66
3s0d,7.05
4wlb,6.74
4j84,4.69
6qls,5.35
4x21,7.44
4lsj,9.57
6esy,5.59
4w9i,5.96
5kbg,6.11
4oef,4.76
6uvv,5.18
6mg5,4.69
6cn5,7.7
5upf,8.6
4mwv,9.4
4wsk,6.43
4e3m,9.7
5u14,5.34
4uu8,6.54
6gz9,2.13
4wy3,3.62
5kx7,7.44
5ih9,8.7
4uua,5.24
5kbr,6.59
5czb,8.0
6r8i,6.03
5kcx,6.7
3b1u,5.72
4i7j,3.32
6fzx,8.15
4tun,5.41
6ng0,8.19
4o3c,2.59
5vdq,3.67
4dai,6.96
5ovv,4.48
4ezt,5.13
5y7h,7.73
5ugc,7.89
4xwk,4.63
5a3x,6.1
4rfy,7.0
6nt2,8.82
4w9d,4.99
6e7w,6.52
5fb7,7.89
3px9,3.42
3ns7,8.33
3qtu,7.15
4dk8,5.74
4qn9,4.41
5lgt,6.51
4u0i,8.22
4bc5,4.6
5hdv,7.82
2ymd,3.16
4up5,2.6
4x3e,5.47
4cmu,9.7
4b8y,8.05
5du4,5.25
6hrt,9.0
6qav,8.31
4fkk,9.3
4mue,6.7
6d3x,10.29
5dtw,5.46
4hwb,9.24
5mhq,6.96
6ep4,5.35
4mma,6.04
6gwr,8.1
4ivd,9.52
4k2g,7.7
2xm9,8.05
6ak5,6.12
4dkp,5.72
5ixf,5.52
6c67,5.92
4jc1,4.3
4ury,2.22
2xuz,7.4
6g6y,6.66
6ez9,7.77
5tzw,6.01
6hu2,5.9
5kjk,7.92
5h8x,5.51
5zyh,5.57
4gye,6.85
6q7h,7.68
5swf,6.26
4lkl,6.09
4bkj,8.72
5fd2,7.05
5t18,9.3
4rvm,9.0
6g5l,7.62
4x3k,4.56
6dql,7.89
2nd0,3.2
5q1a,8.02
3pn3,6.4
3osi,5.22
4rj8,7.77
6k1s,7.7
4euc,6.1
5epp,4.16
5h9r,6.08
4jvi,5.3
4ofb,5.43
4i10,6.77
4dvi,6.72
5ofw,2.8
5hvu,7.89
3ue4,8.96
4m8t,6.43
6qw9,6.64
4wke,8.1
6bic,5.62
4ayx,3.7
4px6,8.4
6fex,7.54
5y12,6.23
5n49,6.33
6hth,7.12
5f6u,2.52
4u01,8.46
5xxf,5.74
5ngb,7.72
6i96,6.68
6ssy,3.19
3r88,4.82
4azc,5.86
3tu9,5.12
5e2v,6.08
5orr,3.77
4itj,6.42
4qy3,6.82
6n7z,5.55
5diq,5.17
3t3u,8.6
4xh6,5.57
4jfk,6.44
6fym,5.07
6aej,6.15
4ynl,4.62
5u66,3.0
5gvl,7.38
6qw7,6.33
6nm4,7.06
5wg8,5.74
4qo4,8.3
5huw,6.23
3udj,3.62
4joe,3.56
6pg3,3.32
4j0a,6.8
4p00,6.4
4wy6,5.97
3wf6,7.48
4uj1,6.52
3tpu,4.32
5szc,4.69
5km9,4.25
6aff,5.41
6te6,6.57
4gcj,7.7
6bhh,3.76
4iwd,9.0
6guh,7.59
6hah,4.81
5zee,2.8
4o0b,8.3
5enk,8.1
4aua,5.14
4uiz,4.7
4o24,4.3
4h5e,6.07
4o10,7.11
6mji,7.29
5ntp,9.15
6cdc,5.6
5yjf,5.74
6dtw,8.26
4a9r,7.8
4pp7,7.96
3vzv,8.04
6bc9,9.43
3p9h,5.06
2y0j,7.92
5f25,5.04
6rmf,8.0
5urk,6.1
5yvt,3.96
6d17,4.82
6buv,4.74
4op1,6.89
5d3h,5.1
2xk9,10.15
5n9t,6.66
5mxf,3.59
3o9g,12.3
3u7k,7.07
3p7b,7.74
4imq,5.82
5mts,7.15
4p90,7.19
5t6z,4.21
6azl,4.93
4fob,8.3
4kz8,2.8
4cy1,6.74
3iny,3.66
4hys,7.26
4foc,8.52
3t01,4.48
4qwf,6.0
3tl0,6.59
4dht,4.82
4zlo,4.92
4c6u,4.59
6dm8,7.28
5j7g,7.24
4ieh,7.85
6h75,4.38
3t2w,7.46
4jn4,5.86
6jan,5.79
4nja,6.22
5alm,6.53
6r8w,5.92
3uwo,6.36
6ms1,5.22
5em6,8.4
4y16,7.43
2yak,8.7
6hsh,7.55
6sfi,7.59
3uyr,6.9
4acd,8.31
5aqg,4.51
4zsj,5.64
6g9a,7.68
3r8v,5.54
5zdp,7.18
5h6v,6.68
5o45,8.05
6mt5,4.49
5ttg,7.34
4eh2,3.16
5mnc,1.31
4mmm,3.82
6dh0,10.59
5aom,2.9
5n55,5.99
5itd,6.58
2yiw,9.1
4b84,4.66
4uwg,8.15
2ya6,5.7
5o7e,8.0
4loj,6.52
4unn,6.38
5ivn,8.85
6mjj,7.84
5mi3,6.84
5b5p,9.7
5xzr,5.49
4idz,4.36
5hog,3.64
2xvd,8.7
6iht,5.21
6f9g,5.7
6hro,7.3
4fmo,5.53
5v8q,8.44
4ch2,5.99
5yyf,6.48
6k3l,7.22
2ydi,6.82
4qxs,5.96
6qh9,5.0
5nrf,6.79
5jao,4.0
4zae,8.44
3v6s,9.12
3pju,4.88
2ndo,3.25
4cdr,5.1
6uhu,3.4
6gop,9.15
6hcv,8.3
5aqf,3.78
5j5t,6.96
5cau,8.8
6md7,6.74
4qz0,5.46
5wf6,7.83
4xii,6.6
4yje,4.84
5fnr,4.23
6b98,4.65
5tg7,4.53
5ewy,4.3
5x62,6.42
6ft4,6.63
6hmr,6.83
5edb,7.0
3mg7,7.89
5tg5,4.01
6aah,8.41
4xir,6.94
4k60,3.24
4j0s,6.42
5t4b,9.38
4pge,7.77
5thj,2.87
2y4s,6.15
6cz4,7.12
3qce,5.6
4joo,4.43
2lsp,3.56
3pwh,8.72
5l4e,4.61
5ufo,7.43
4apo,4.91
4mvx,7.24
6e23,10.0
3pwm,9.1
6dq5,5.19
5hd0,8.4
3vha,7.4
6pvx,7.17
5knj,6.94
5kup,8.14
5wqd,4.77
6oag,5.43
5bnj,8.7
6n9l,6.7
6oot,11.3
5xmt,7.58
4ucu,3.35
6ndl,7.19
5tgy,7.35
3upy,5.62
4bf1,8.62
4ovz,6.31
6eqa,4.85
5jat,6.64
5dus,5.53
6cdm,9.09
3b25,6.07
4xg8,8.72
4e28,5.89
2xk1,5.74
4ezx,5.8
4f9g,5.62
4p6c,4.0
6gfm,5.47
4nnn,6.57
5a6n,4.28
5awu,4.65
4qkx,7.07
4acx,7.11
4gdy,7.08
6c7q,9.15
4nzo,6.77
4hyu,8.21
6drt,4.97
5ehp,4.92
3o9c,12.05
2lha,5.19
5tts,7.25
6a93,8.16
6bmx,4.72
6b8u,9.7
4jr0,8.2
3r9n,5.85
2y54,4.7
4e5g,4.67
3u7n,7.95
3vb5,5.34
5u7k,8.15
6n0m,5.82
4qqi,5.52
4imz,6.92
4q1x,11.15
4x3i,3.17
3rv6,4.68
3u93,6.31
4ndu,2.74
3m6r,7.49
6f92,6.4
3o9f,12.7
6f9t,7.86
6mdd,4.33
5mlw,5.03
3wqv,5.21
5v0n,7.17
3ryv,7.07
5cil,7.39
6rfj,8.4
2n27,6.55
4iu1,4.3
6arj,7.6
3nb5,7.74
6au5,5.57
6h7d,5.49
4ux6,5.92
4bt9,3.84
5ece,8.05
4rsp,5.44
3w69,7.24
6faf,6.51
6eed,6.09
6aam,8.32
6s4u,7.76
6qad,7.85
5xpi,5.28
4xpj,5.09
6ey8,5.81
4o55,5.3
5ti6,4.68
4ufk,3.89
4pnu,4.89
6sze,4.1
5mmp,7.52
3ua8,7.85
5tq8,7.64
4zum,6.57
3orn,9.62
5ogb,7.47
4uiv,7.8
4hbp,8.42
4lkj,6.7
6f8r,4.7
5h63,5.92
4og4,6.02
4dpi,7.11
6n7a,8.37
4yxo,7.04
5klt,6.76
5ktw,7.52
2y06,6.1
4tkh,5.74
5abg,8.05
5zwf,8.74
6mum,8.41
6dne,7.48
4xyc,7.51
4azt,4.17
4pvv,6.48
5whc,4.92
4pr5,5.66
5lca,4.48
4kn0,7.4
6mm2,5.41
4p4i,7.46
6fui,4.46
6rvk,6.36
4efu,6.6
5x74,8.64
3wf9,6.25
3t1n,6.1
5u98,9.7
6e7u,6.92
4c16,4.96
4kz3,2.77
6cdl,10.92
5tzh,6.17
3o9v,7.74
4kwf,4.82
3wq5,3.85
3vd9,4.0
6h7y,9.46
4ynk,8.3
5h0g,6.95
6r1d,5.4
4jal,4.6
5thi,3.61
6hhr,7.01
3zrl,6.8
4r6x,5.27
4dbn,8.15
4uib,9.0
4ono,5.19
3vb4,4.31
4jj8,6.14
5e0a,6.59
4j26,5.44
6boy,5.74
4yff,8.0
3txo,8.05
3rsb,6.4
6ikm,8.57
5i9x,7.52
5x5o,8.3
5i8c,7.6
4m8y,9.96
5k5e,6.35
6dj7,8.72
6fsy,6.61
5g22,7.0
2l7u,3.98
5mxq,5.72
4pyy,7.23
4mo8,8.0
4nj9,6.97
2n14,5.33
4c52,5.68
4owm,2.96
4x8p,5.48
5yij,3.42
3tfk,5.01
4qdk,5.85
4jyu,8.0
5er5,3.67
4wop,4.76
5e89,7.85
4mk8,9.0
2yga,4.61
4mga,5.86
6fnq,4.59
4mk9,8.05
5t70,3.99
3w9k,6.32
5ovr,4.57
4bgk,6.28
5cp5,5.91
4cst,8.89
5enf,3.57
5m57,4.92
6uwp,7.55
4bqx,6.52
5qay,3.23
5wfz,8.0
4qiy,7.3
5kqf,6.51
4m8e,7.89
4hxr,5.39
6stl,8.8
4cwt,6.75
5ly1,7.53
3vtr,5.57
4gr8,7.83
5oxn,1.96
3zm4,5.96
4zuo,6.41
4ge2,6.05
3s0n,6.74
3zhx,6.68
5vh0,4.52
4uyd,4.1
4tkg,6.85
4a6s,5.2
4umj,5.57
5z99,6.88
5f1z,8.68
6dh6,9.93
5y5w,6.1
4o71,4.74
4gk4,7.85
5evk,4.92
2xzq,6.59
5win,7.03
4eky,3.52
5qb3,4.31
4zcw,7.37
3oof,7.3
5sy3,4.37
5e2r,7.06
4bw2,5.2
5ezz,6.84
4q1y,10.35
6gcr,8.33
6r9s,2.15
4amx,2.19
5ksx,5.43
4dow,5.02
4bg6,7.16
5ji6,7.96
5yjp,6.62
4l7u,5.66
4uc5,5.48
5nar,6.3
3p5k,7.12
5ewj,6.89
5cr7,3.1
3qpn,7.77
5hkm,7.89
5o1b,4.7
5alj,5.56
5fi2,7.15
6alz,10.42
3w2p,5.09
5dex,7.65
4m8x,10.2
2n3k,6.8
6fkp,6.52
5m04,6.34
5dv2,2.9
6q30,5.52
5f9b,4.26
5f3i,7.1
4rwl,8.1
4ygf,7.68
6qff,5.69
4cc2,4.33
5aia,5.2
6bod,4.26
4btl,5.6
5wik,6.21
5jm4,7.42
6s8a,8.07
4nue,6.82
5uig,7.95
6ay5,7.16
3sl1,3.59
6u7p,11.68
4b74,7.66
3rxe,4.76
4kn7,7.62
6cc9,3.15
3vv7,5.34
6ftw,6.49
6giu,6.66
4dv8,9.24
3qtw,6.19
4cp5,3.34
4loo,8.15
6n54,7.75
5nxw,7.24
4kmd,5.41
6dyn,3.19
5e3a,5.44
4f20,3.29
6pic,3.39
5c83,6.8
5t1l,6.62
5vqs,5.7
6i65,6.41
2y36,6.42
4e70,5.28
5mqv,8.1
5v37,9.47
5qae,3.62
4mds,5.21
5yh8,6.78
5k0j,7.12
2y5g,6.84
5vdk,7.57
6axp,5.07
3t64,6.7
5u9i,7.31
3udq,6.0
4jaz,5.04
5f3t,3.68
3mp6,5.96
4o04,6.16
6p7p,6.15
6qho,6.2
4w9p,7.8
6c7e,8.55
4c61,8.4
6gon,5.67
5ur6,7.06
4axd,4.43
4c72,5.09
6uii,6.43
4qxr,6.0
5e2m,7.23
6qab,8.21
5zg3,7.21
4pd7,3.92
5clm,7.36
5egm,8.62
4eqc,8.1
5aix,7.92
6d15,4.48
5qak,3.66
5c4s,8.42
5tvn,9.04
4q1f,8.04
5zml,8.11
4fr3,7.15
6dxl,5.8
5gsa,7.09
4i4e,6.3
6hgf,5.02
5am7,7.19
3ap4,3.92
5u8f,7.96
3o5n,4.76
6i0c,6.85
5u5h,5.89
5t27,7.1
6gdg,8.74
4yhz,7.96
2xno,5.93
4xo8,8.96
6q8c,7.68
5l2w,6.68
4e8w,6.09
2ygf,5.09
2mji,4.25
5dkr,5.22
3o4l,5.09
5uff,4.24
3ard,6.76
4hlc,6.76
4mka,9.0
6h4u,6.16
4azp,5.9
5dt2,6.82
4jvb,7.41
4rcg,5.03
4afe,7.14
6s7z,5.66
4xkx,9.05
4r3b,6.25
6gg3,4.21
5can,6.91
4o44,7.85
4pvt,6.52
5h3q,8.22
4j0y,6.36
6dh4,11.3
3rg2,4.2
3qs4,4.68
6hke,7.68
5hln,11.52
6ayr,8.39
5jan,3.01
2yj2,7.92
4izy,8.52
6pve,7.37
4q8x,3.57
4lwt,5.41
4iho,5.1
4mq1,7.92
4hbx,5.72
5dx3,7.41
4rfz,7.4
6a04,5.21
4z46,2.82
3r6u,4.52
2n0u,6.22
4lyn,7.22
5t4v,7.22
4qjp,8.6
5ihc,7.89
3s4q,8.4
5u4a,6.36
6h7b,7.48
4m2v,7.44
4okg,9.32
4ge6,7.47
4w9o,7.77
6itq,4.69
5l01,7.48
6fug,4.3
4x0z,3.15
4j2c,5.25
6jjm,2.85
5axq,10.1
3qtr,6.03
5xpp,7.44
3rjm,6.61
5ech,3.8
4zy6,8.3
6u26,6.97
5jdi,5.37
4es0,6.99
4w4y,6.46
4ydg,7.82
5orw,3.1
4xhv,4.3
4s2i,9.0
2ll7,8.8
5eei,9.22
5oa2,5.01
6pka,5.92
4lrh,9.72
4rme,5.92
4bqg,6.22
4aa2,3.97
6fzm,6.04
6qtx,4.41
4pv5,6.54
5l4j,4.28
6fx1,3.98
4jfz,7.15
3piz,5.46
2lya,4.19
4i6q,7.52
4at5,7.42
5ze6,3.35
4ds1,4.75
5jh6,8.48
5k4j,7.11
5ll5,6.04
5osl,3.43
3l9m,7.3
6c9q,5.1
5zdg,5.42
5auw,5.05
4rce,8.7
5ett,6.23
4awf,5.57
5wbl,6.44
4n6g,5.47
4nxs,7.37
4jmh,8.68
4y29,6.25
5nev,7.36
4wz6,5.6
6hv2,4.28
6h37,8.59
3q5h,6.25
3qps,5.6
4prj,7.14
2lty,5.38
5iug,7.33
3u15,7.11
3zyu,7.0
3au6,7.92
2xhs,6.0
3su2,7.35
5akh,6.59
4j74,4.59
3wto,6.92
4rqi,4.91
4wvl,6.88
5zo8,8.2
6d50,5.05
5khm,8.3
4zam,7.96
4bw3,6.3
5li3,7.28
3qar,6.49
4g69,5.98
5u2f,6.71
3rl8,5.98
5all,5.57
3s6t,7.35
4ca4,7.18
3uev,5.89
5dhj,6.7
6d1x,5.2
4f6w,7.52
3u8j,8.51
4lkt,5.9
5oai,5.15
6udt,10.0
6gxw,3.36
3qtz,7.3
5q0r,4.57
3q32,8.74
5zhm,6.14
6css,7.6
4q4e,6.72
4ht0,8.0
3unj,4.96
4tpp,8.59
4uoh,4.77
6jdi,5.11
2ycr,7.16
2xnp,6.44
6bhi,4.25
4y8d,8.05
6jtc,5.07
5k8s,8.22
4kn1,6.84
4urz,2.52
5d1j,7.32
5wh6,7.92
3vo3,8.85
4w9e,5.15
6o3w,5.12
6rfi,7.43
4hbw,5.32
4xxs,7.28
4fys,4.82
4m5r,3.0
4wmu,6.74
4n98,3.55
5km2,4.41
6uf0,7.14
5jar,5.7
6a05,4.89
3vw7,8.1
5zeq,8.82
6b7h,9.03
4lj3,9.0
4n6y,7.04
6rj3,6.4
5dyw,8.31
6saf,6.64
5cf8,8.96
5azg,5.54
5u6c,10.3
5fpp,4.0
5d3c,10.4
3stj,4.8
5izk,6.72
4wov,7.14
4wx4,9.22
5ufp,7.37
6kjd,5.05
5qab,3.65
6hb5,5.83
4o3a,2.59
4yyt,6.38
6euv,8.62
4l58,4.68
6hgr,3.46
6d2o,5.3
4mmp,7.71
6g2b,3.8
4w9x,7.4
4auj,7.74
4djx,7.23
4ht2,6.54
4ccd,4.49
2xm2,4.62
4urx,2.89
4kz6,3.1
6qpl,7.04
4yrs,3.07
5j32,5.08
3rxb,2.66
3vbt,4.43
3rl7,4.74
6q35,4.82
3st5,11.3
6nfo,5.57
6m9t,7.7
4xtp,4.26
6hp9,8.25
6ugn,6.12
4o5b,8.3
6pyr,9.0
4w4v,6.94
4zme,4.3
5a0e,6.53
5mi7,7.11
4j0v,7.55
3u4w,8.4
3voz,6.85
4byi,8.05
4p10,8.1
4j3e,7.06
6dar,6.66
5b6g,7.44
4rx8,7.46
5v86,7.1
5h0h,6.16
5hor,8.22
4dgr,5.04
5d3p,5.13
5hbn,4.89
4fs4,6.57
6hck,4.6
3p78,6.96
5em8,5.96
5qan,3.96
3sna,4.14
5ee8,6.89
3s3v,6.23
6dj1,10.51
3vf5,9.34
4b2d,3.7
6agt,8.4
4zyq,8.01
6frj,3.71
5ajy,6.3
6fa3,7.42
5qao,3.62
5fl5,8.19
6r4k,5.07
4ipf,7.74
4x6x,8.64
5z1r,5.7
4axa,8.0
4u0e,6.92
5v6y,8.47
3rz8,8.17
4uwk,9.0
5m6h,6.82
5v2q,8.28
3m11,7.37
4r74,8.1
3uvl,5.69
4uyf,7.6
4ofl,7.66
4w7t,6.05
3wgw,5.89
5k7h,6.0
4wci,5.05
6bfn,8.03
3pj1,7.32
5ul6,8.22
3vbx,4.77
3u90,4.62
4m5n,5.12
5eps,4.42
5gvk,7.0
6azk,5.64
4abi,8.2
4gu6,7.36
5bs4,11.0
3vrw,9.39
5z5v,6.54
4ge1,6.43
6n79,9.68
3qs1,7.96
3iaw,5.8
4rt1,6.14
5n2z,5.31
4p0x,5.92
3sz9,5.27
3vfj,7.04
5l30,9.14
4f2w,11.3
3t8s,8.55
4unp,3.23
4xqa,4.99
5ftg,6.15
6u8o,6.54
5l3e,6.18
5alt,4.88
6orr,9.3
4b4g,6.76
5k4l,7.3
3uh4,7.96
6rfw,6.5
4qna,4.64
4raq,6.72
5yy4,6.43
4k10,6.92
4i0f,6.35
6fjf,8.17
5wbf,3.81
3uvo,7.0
5lp1,9.4
4u1b,5.31
4d8a,3.42
4yrt,2.78
4po0,6.92
4q19,8.05
3vye,8.11
4pkw,4.65
6s9x,6.42
4ksp,8.8
5mnn,3.84
4ca7,7.36
4w9f,5.49
2y8c,6.4
4eg6,7.37
5wkl,6.15
3nzw,5.82
4bt5,2.76
4m84,7.31
4qr5,7.22
6hf5,5.17
3s8l,5.64
2yi5,7.41
4d62,2.44
4yzn,4.81
6eiq,6.42
4ps0,4.04
4o2e,8.0
6bbx,6.67
5v1b,7.47
6eq1,4.61
5knu,5.55
4rwj,8.7
5eje,5.6
5alc,8.13
4p6g,8.11
4pqa,5.55
4bti,9.7
5e91,8.4
4uma,5.41
5evb,5.0
6njj,5.99
3rpy,5.32
4xs2,5.82
3o56,9.1
5nwe,4.88
2y57,6.89
6ncn,3.05
5x72,6.33
6eln,6.05
3qfy,6.12
6nfi,7.05
3rk5,5.4
5y61,1.72
4caf,7.12
5w6e,8.04
5yc1,4.34
5n6s,8.09
4m3p,5.4
4p73,7.66
6o68,4.99
4q93,4.65
4tv3,8.72
4zim,8.62
6dh5,11.3
5a54,6.15
5he1,6.55
3t3g,5.49
5bvo,8.3
4ez5,6.52
4a6w,5.72
4g0q,2.52
4rn2,5.82
6hlx,7.17
5tkk,8.28
4qip,5.15
6d4u,5.7
4exg,8.07
4re3,8.57
6s7k,4.24
4ibk,4.3
6oyh,6.98
4xhk,8.3
4mro,7.06
2yjc,7.66
6qgk,6.7
4ckj,4.84
6i1r,5.84
3zha,6.0
6fmf,5.88
5hgq,7.34
4bib,6.6
4i7c,8.22
4y6p,7.16
6fi4,5.66
2ms4,4.82
5elq,5.7
4yih,4.66
3ur9,6.31
4ie7,5.05
4why,8.1
6gzd,8.01
4bcs,6.99
6f29,5.49
5tzc,8.1
6hk3,7.5
4zro,6.16
5fom,5.01
5n7x,5.24
2xn3,5.92
3pab,4.7
5jsg,4.85
5nee,10.7
5j4y,6.05
3zly,3.52
6idg,6.66
6d6t,8.21
5uch,6.01
6ql3,7.0
4eb9,8.27
4csy,3.06
4u6c,5.0
4bde,4.8
4k42,6.55
6n97,5.15
5gja,5.55
5kbe,6.34
5oku,6.26
6apw,6.17
2ymt,8.0
3r22,7.77
4wym,4.0
5aqo,2.85
5eci,3.8
4yb5,4.71
4yth,8.7
6oir,7.77
4abu,6.28
5iyv,3.87
4u93,7.89
6eks,3.84
4h4b,2.7
5ls6,9.0
4hzw,8.88
6b7e,4.55
4mi6,4.31
3tkm,9.0
5umz,7.12
3tdc,8.27
2y6c,5.0
4pku,4.52
4mdq,5.92
6mnp,3.71
4e4a,2.05
4e26,6.4
4yec,7.6
4tk0,5.55
5drt,5.36
3avz,7.19
4hfz,5.72
6c5q,6.66
4bah,8.7
4wno,6.8
5xyy,5.04
4tzq,6.52
4l9i,4.89
6f5h,7.05
4ikt,6.17
5l8c,7.0
4wkp,9.55
5nra,6.91
4qw1,6.11
3mg0,9.25
6uh0,6.07
3r0i,6.92
6f1n,6.26
4civ,4.95
3tam,8.43
6im6,4.68
6oja,9.7
5hzn,7.21
4z16,8.32
4nyf,7.31
6eqp,5.96
4u0b,4.3
4pks,4.82
5o1f,4.52
5mky,5.7
5iyy,4.77
4ytc,7.89
4nmo,4.83
5ek9,7.33
5ap4,6.46
5f1l,7.68
4zur,7.17
4nro,5.02
5t37,6.62
4mrg,2.96
3qup,6.32
4eoh,4.3
4p02,6.4
3tvc,7.74
4e8y,6.09
5ul5,6.97
5aic,4.3
5hff,6.3
4qwl,6.18
2y1w,6.33
5bqg,4.76
4oeg,5.05
3wvm,5.71
5exw,6.82
5i80,7.21
4rcd,9.15
4rlk,5.02
5x02,9.85
4lke,5.37
3zhf,3.92
5hcl,2.22
3p4w,4.57
5d11,7.55
5mwg,5.77
4wkn,9.72
4yv0,3.28
5a7i,5.26
5b4l,9.12
4jve,7.07
5l3j,6.64
5qau,4.15
4tpm,8.62
6esm,5.53
6ps0,9.94
5etq,6.48
4lzs,4.8
4od9,7.24
4nyj,3.49
3s53,9.64
5ugg,6.42
4j59,5.85
4ibc,2.98
6jad,4.32
2xsb,4.96
5i9z,8.05
6dtn,6.8
6dz3,8.89
4meq,3.6
4awq,6.32
6qfx,7.7
4z7i,8.11
6hrp,9.0
6e5x,6.12
6mlp,3.7
4jda,6.29
4fai,6.99
5uiu,9.7
3t4p,5.19
5y13,5.94
3ay0,3.04
6nfg,4.11
5lvq,4.14
4zw8,5.96
5my8,7.14
4pmt,6.0
6eyt,5.72
6o57,6.29
5zfi,5.92
4hod,6.1
6q4e,3.46
5e0m,5.28
5w99,4.68
2ye9,6.22
4u68,4.31
3zlv,3.52
4ngm,10.35
4pxm,8.89
3t1a,8.37
5efb,8.37
4p7s,7.42
6q7a,8.3
4ymh,6.46
2xpc,3.9
3mrt,3.7
4x61,9.0
5kdf,3.27
4ybm,6.85
6u6w,5.33
4dfb,4.6
5i23,7.29
5avf,5.49
5j19,6.6
4htp,5.62
6anl,8.27
5mob,4.05
6bx6,6.48
4wm9,6.92
5g3n,7.92
4bfd,7.02
5urm,5.28
4ibe,4.15
4og6,6.71
3u0p,5.68
4pow,6.3
4qz7,5.65
5alg,7.52
5t5g,5.89
6ce2,6.3
6qg7,6.83
4des,5.85
3v3m,5.32
4nmv,4.95
6jut,8.68
5os3,2.43
4wwn,6.07
6qzr,7.52
5ka3,4.59
6frf,7.4
4u0x,6.23
4xt9,6.8
5fbi,2.8
5pzm,5.96
5ijr,3.2
4k4f,6.7
5w8h,4.63
5ljj,7.21
5fq9,6.48
5ald,5.97
6e91,6.62
3uo9,7.1
5sz5,7.7
5y8y,7.09
4hs6,7.52
4av5,7.21
4e5d,6.22
5d1n,5.57
4rj3,7.03
5uoy,7.57
5ouh,5.67
4lbl,4.96
5ni5,8.05
4iax,9.56
6oyt,8.23
5kew,6.5
4pin,5.4
6njz,5.01
4z90,4.66
5ifu,4.47
4d09,8.77
4im0,7.72
5twx,7.52
5msb,7.46
4dhr,4.57
4qht,4.94
3su0,6.79
4cd6,3.59
4l7o,4.88
3r93,6.51
4i0d,6.21
4qjo,7.4
4ps8,9.0
4fri,5.55
5ei6,7.0
6g9u,6.43
6mj4,7.72
6cer,5.36
6pht,3.41
4hnc,3.17
6dy7,4.18
5ugb,6.79
5dh4,7.24
4c4j,8.52
5wfm,6.52
6dd0,5.48
4hrd,8.82
4jx7,6.91
5ttf,6.21
5yto,4.48
3vw9,7.96
5j6n,7.77
6f4x,4.97
5mi6,7.3
4q81,3.02
4wz4,6.44
4lwv,8.22
5un9,7.68
6gxq,7.1
5vp1,9.29
4aro,6.8
4n7e,6.48
3tpp,7.82
5o48,4.7
6p1d,7.41
6nti,4.57
5j2x,7.74
3ob0,3.0
5uex,8.82
6g36,7.79
3sv8,7.91
3sjt,6.06
6d3g,4.7
4tn4,6.33
4piq,7.1
5m7s,9.05
5eq1,4.68
5jq7,4.8
6dhu,3.13
5vwi,4.84
5oax,7.57
6oh3,3.32
3mp1,6.1
5ktx,7.7
5aen,7.22
6b22,7.38
6n92,4.97
4ezw,6.0
2ya8,5.75
5u6v,7.68
4byj,6.57
5e2n,9.54
4oty,7.4
3qtx,7.15
6qac,8.21
5ahu,6.78
4pri,4.03
2lyw,4.52
2lto,3.11
4l3p,5.92
4dgn,6.46
5ti2,4.62
5ypy,4.64
5mb1,6.6
3wp0,4.99
6hb7,6.83
5t6p,6.06
4pp9,7.37
5gvp,6.78
5lto,5.92
5fjx,4.96
4kod,5.36
2mwy,6.82
4jpx,5.15
4qz1,5.44
5fyq,5.89
5n9k,9.34
3sjf,7.64
4ozo,3.83
5nw0,6.52
5ngf,5.11
4flk,5.25
4j5e,4.94
4f8h,4.24
3qtf,6.96
6uwv,8.0
6arn,5.19
6b2p,8.89
4kbi,7.49
6m8b,5.36
5w19,5.3
4a4x,7.23
5z7b,4.89
5u0z,6.19
5alh,7.07
4j1h,6.11
6jsf,8.48
3vuc,9.05
3ax5,5.85
5wre,6.41
6p5v,6.7
5hg5,8.7
5a7c,3.74
4e3k,9.1
3skc,8.8
4jwr,6.21
4nmp,4.04
5t4f,8.0
3vb6,4.41
4hyb,6.46
6ek3,6.48
5w73,6.3
6cf7,7.91
6i64,7.31
3roc,8.19
5mpz,4.07
6e7m,6.66
5g11,7.21
4tpk,8.57
5zo7,9.0
4afg,8.3
5yc2,4.94
4utn,6.15
6cvx,7.68
6c0t,7.37
3upf,6.7
4pul,6.84
5emm,7.74
6bhv,5.23
5ypo,7.1
4qms,5.13
3thb,8.7
4f9y,6.74
3r0y,4.84
4bfz,6.26
5eol,9.52
6g9h,8.4
4rad,7.1
5ot8,4.2
4uil,7.24
3sn8,5.65
5t1a,7.89
3r00,5.07
4kby,6.73
5uv1,5.62
5oh7,4.37
5jlz,5.82
5wuu,6.09
6oxq,11.3
5ful,4.74
4zyi,8.1
5kbf,8.92
4btx,6.54
4oq6,5.48
3u92,7.48
6j5l,8.8
6qz5,6.08
4jog,3.72
5q1h,5.1
4eos,6.05
4wtu,9.52
4acm,6.68
4ark,7.2
6ayt,8.85
4ibb,3.57
5ktu,6.21
6bw2,7.68
4c8r,6.82
4c36,7.7
6fgc,5.48
6cgp,7.12
4bgx,1.77
5vd1,6.0
4gtv,7.42
3t0b,4.3
5x9h,3.76
6i4x,4.9
6r49,2.1
4qgi,3.9
3ms7,3.43
4aif,4.84
4yee,6.49
4mgd,4.69
3ovn,2.55
4zz1,7.89
5v7i,7.18
4abj,7.47
5lvx,7.25
5boj,7.0
4oc1,6.6
4x11,2.22
6d07,5.28
5aoj,4.68
4oti,7.37
6fkq,8.0
5uzk,6.74
4att,6.98
6q9h,8.11
6bmi,5.05
6sfc,5.28
4ge4,8.11
6hzv,8.22
6c7i,9.42
6g15,5.37
4g8y,4.59
6r7j,7.4
4u5o,2.42
6klk,3.88
4li0,6.59
3ttj,6.68
6i0x,6.07
4mbj,7.21
5ime,8.34
5jog,8.24
3ug2,8.25
5om7,5.74
5vp9,8.99
4zek,5.66
5kjn,7.77
4ciw,4.82
6m9c,7.25
5wlg,4.72
4r5t,6.1
5nyh,7.73
5tl9,9.0
4yw6,7.08
4de1,5.96
5c7n,6.57
4btk,6.62
6m8e,4.85
4i6f,8.3
4mbi,8.15
6fu4,6.19
5a85,5.3
4k63,4.22
5gx7,5.56
2ym5,6.37
4lxz,6.74
4qf9,4.43
6n93,4.69
4uj2,7.1
6ex0,4.03
6r8o,8.22
3zot,5.95
5uci,5.37
5jk3,8.14
6gcx,9.22
6mt0,10.3
2ygu,6.49
5n8b,7.37
3i8t,3.22
5q1i,6.24
5o1i,5.4
3rsx,4.41
6nkp,6.52
4i7f,7.0
5d1r,4.84
6hs4,5.51
5hfu,6.89
3tll,4.39
5h13,4.94
5vc4,7.36
4alu,7.77
4f7j,5.24
4i9o,5.72
5db0,7.43
4ytf,8.15
5nhz,5.33
3zmz,4.74
4ju4,6.47
4an3,9.22
5j20,9.14
4cws,7.92
4det,5.68
6dkg,8.59
4pms,8.1
4btm,5.39
4urk,5.96
6dlx,3.32
5n9l,7.82
4zl4,7.86
6mnf,5.89
6gvx,7.62
5zk9,7.34
6gj7,6.06
3oeu,7.51
5mk9,4.42
6ql1,6.48
4ps5,6.54
4qfo,4.27
4qzw,5.15
3zn0,4.97
4fcf,8.62
4u5j,5.53
5y5u,7.75
6aom,6.2
5nf6,7.46
5hex,8.0
5wa9,6.76
6dvl,7.96
3zlk,5.88
5btv,3.85
5jmw,6.76
5du6,5.02
6i11,4.53
4n4t,7.31
4kb9,11.0
4hvs,7.8
3q4c,6.43
4ayu,4.73
5ai1,6.47
5qat,3.85
4ny3,4.31
6n7q,5.15
6ocw,8.15
5tz3,6.85
5tbn,5.44
4j1k,7.89
2xj1,7.55
3wk7,3.9
6r1a,4.35
6fzg,6.55
5lay,7.47
3ohh,7.74
2y8o,5.12
6m8c,5.66
5jgi,4.3
4nb6,7.22
6o21,8.46
4cwo,5.21
3vby,4.55
5l8n,4.51
3rx8,6.21
5lz5,6.35
4my6,5.62
4ivs,7.36
6ma3,8.3
6eqw,10.65
6ekn,6.29
6hrx,5.1
3qti,7.85
4zs3,5.18
6fut,4.7
5lqq,7.09
3zim,8.17
5fdr,9.44
5zys,6.27
4h85,5.15
4fbe,6.99
6qdx,4.52
6q9w,6.24
6u8l,6.91
4prb,3.88
5ku6,6.84
4e3j,8.92
5dhs,5.22
5agu,10.0
6nji,6.99
6hp5,7.27
6qfg,5.52
6hkn,7.29
4g0z,2.21
6q3y,7.27
5q10,5.2
5icv,5.62
5e88,7.19
4jzr,7.8
6dhc,7.96
6d18,5.85
6guc,7.6
6qge,5.68
4aq3,7.43
5hmh,8.15
5q0q,6.11
5n3y,5.03
4x50,7.75
5a7b,3.57
4bvb,4.48
6b7d,4.28
4bjx,7.66
6hjk,7.6
3r6g,7.6
6h0b,4.15
4r5a,8.7
6rk4,4.01
4bt4,3.34
4g5y,2.77
5q17,5.25
5q0j,6.62
5dde,7.19
5ene,3.23
4djo,11.52
6ind,6.62
5jmp,7.17
5ow1,4.15
6f55,4.16
4eny,7.05
5uez,6.01
6npu,6.4
6i74,5.47
5zkc,8.19
5ta4,7.62
5mod,3.52
6f6d,4.1
3s45,8.49
2l65,4.22
3pkd,6.12
4ud7,8.13
6equ,6.38
4jfs,5.27
3tti,8.22
4e3i,8.89
6ft9,6.96
3we4,7.82
5kva,5.14
4f3k,10.16
3wym,9.52
5cyi,5.88
4v01,8.11
5n3v,4.34
6ftn,6.7
4u6y,7.08
4dpy,5.37
6r4s,6.39
5agr,5.43
4nbk,3.87
4ad3,4.62
5n99,4.21
5sz2,8.7
6aox,4.82
4ca8,6.68
3rw9,5.96
6csr,6.84
6nng,4.23
6s5k,7.32
4bda,5.57
4aba,3.82
4mho,5.08
4frk,8.1
4bdf,4.09
4qvl,6.53
3u2q,8.22
3vvz,4.58
6mjf,5.16
5w0f,7.8
3vfq,5.19
5oht,6.02
3rtx,3.86
5jzb,3.39
3tge,10.15
5qb2,4.15
3os3,6.63
4zyx,8.15
4o61,4.3
4u5v,3.05
6qmu,5.32
6gjb,8.1
4rss,8.77
4uyh,6.3
6nvh,7.95
5oaj,6.56
5a6b,8.1
6a94,7.4
3p7a,6.28
5hu1,8.66
6ehh,7.49
4qtc,6.4
5iha,8.05
5sym,6.55
4l6s,8.52
2xxw,6.41
5nme,7.09
6o6f,7.4
5za1,7.52
6q2y,5.26
6q7v,5.59
4fqo,5.16
6a3n,8.06
3uw5,7.85
6i8y,6.74
4eh5,3.09
4yzc,8.52
4hup,4.82
4nj3,6.52
4eh7,3.28
5xfj,8.22
5c2o,4.55
4kza,3.7
5boy,5.6
5m28,4.32
4lkd,5.35
2yi0,8.12
3wfg,6.92
4kqo,6.78
5eb3,1.45
4rpv,8.52
6ccl,3.56
5n21,5.96
3vws,3.65
5nx9,4.6
5lyn,5.04
5fky,8.33
3n76,6.85
3v3l,6.43
4c4f,7.59
3rpv,7.15
3re4,7.4
6fyl,8.15
4j47,4.92
4o7a,4.72
4l7g,4.0
6ayq,8.19
4ysl,5.8
6fbv,6.52
6ckc,8.22
6gxa,4.22
4nvp,7.57
5law,7.1
5lcf,4.75
4bo2,7.3
3wyx,8.37
4rlu,4.82
4kio,6.3
5i89,7.48
5u3b,8.82
6m8q,6.43
5ks7,5.32
6c5t,6.97
5ho6,6.69
6mh7,5.74
6s9c,6.57
3zyf,4.85
3x1k,3.59
6oht,6.45
6e13,6.7
4iif,5.18
4iic,4.85
4kz0,5.38
2yc0,2.82
4kxl,6.22
4jj7,6.4
6a6w,5.43
6msn,4.95
3pp1,8.49
5q0w,7.24
4hw2,7.26
4agc,10.7
5fqc,8.52
4oc0,6.5
5myo,10.53
5h9q,4.42
6nzp,9.7
4xnw,7.74
5j3s,7.72
4ew2,6.68
4eke,4.48
6ee3,6.86
4j8s,5.7
5vqx,6.32
4hyf,7.6
5dia,10.46
5xxk,8.2
6p5w,5.29
3wkb,4.21
4ih5,4.11
3u8w,9.0
3rhk,6.26
2y5f,8.7
5ely,7.36
5v1d,6.7
4a16,9.37
5dd0,7.08
6oah,5.82
3si4,3.88
6htz,6.74
5vll,6.37
4kyh,5.92
6ib2,8.0
5acy,8.19
3t3y,5.47
4knb,7.33
5ut6,4.24
5otc,4.71
4nmr,3.53
3v9b,9.3
6g91,5.49
4ibg,3.97
4fli,5.44
3tdh,4.26
5moo,1.31
4bgy,2.96
6gr7,5.5
4c1h,4.09
4av4,7.03
3q4j,6.21
3sov,4.21
6fnr,5.59
4bo5,7.1
5o4s,5.47
5hz9,7.03
6esj,5.68
5zni,4.39
6bt6,5.91
6fmk,4.67
4acu,7.39
3tkw,5.27
6uyy,5.72
5f1u,6.4
3qxc,5.77
4mk1,4.8
6e9w,6.55
4ew3,6.74
4kba,8.22
4brx,6.49
6apu,4.87
5f90,4.85
5du8,5.72
4ppb,10.0
4hmk,6.1
5oxg,5.89
5ti3,4.36
6n48,5.92
5aa9,8.19
4cmt,9.7
5zh5,5.33
4bam,8.94
5ml4,8.7
4jju,6.29
6i61,6.24
4wf4,3.11
5o83,7.96
4kni,7.78
2ycq,9.85
4tjw,6.02
6fs1,7.01
6mqm,9.57
5jhb,6.06
3zmh,5.28
5khh,4.31
3wyl,8.85
4yx4,5.97
4jgv,6.57
3sfh,7.05
3zdg,7.1
5orx,3.51
4bcq,6.83
6p84,4.81
5mlo,5.32
3rm4,5.77
6qas,7.74
4xjs,7.12
5osd,3.21
4zjw,6.66
4kai,7.3
6jb0,7.24
4f8j,5.07
3prz,7.59
4whz,9.0
3uli,7.15
6gi6,6.71
6c5j,7.16
5wlt,6.81
3qcf,5.6
5tig,4.22
4xqu,6.07
6atv,8.22
6pg9,4.92
5d0j,5.31
5tqe,6.72
4x68,6.57
5fwr,7.75
6r9x,2.96
5a2i,5.06
5x28,8.4
6mlj,7.26
6uil,7.1
4y2x,6.29
5iy4,4.81
3olg,7.84
5y8w,6.64
3ms2,3.72
3b28,8.47
5bpp,4.8
4ciy,4.57
4oiv,5.08
4uia,6.72
3u81,4.44
5ayt,6.77
5mjb,8.52
5iez,7.64
5icx,6.96
4fz3,3.73
4i8z,11.05
4bks,3.82
6qfe,7.1
4rac,7.52
5f62,8.17
5mft,7.47
5xmp,7.37
5g60,6.52
4tjy,6.44
4bs0,5.7
4l7f,6.8
4kpz,2.71
5am3,8.3
5flp,3.2
4ozl,4.97
5k5c,1.62
4eqf,6.81
4q4r,6.43
4yl0,8.22
4rd0,6.62
6rn7,7.3
5ab9,6.33
3snb,4.38
2ym7,6.89
4ijq,7.52
5m39,4.62
5g5v,6.7
4x13,3.3
6fil,5.85
3o95,8.28
5ak4,4.23
6p1l,8.7
5vr8,6.87
4uxl,10.6
4dkq,6.6
4w4w,7.46
6q9u,5.89
6df1,6.56
5dey,8.43
4uco,7.0
3zlo,8.82
3old,5.9
4cmo,9.07
4igr,7.2
6e9l,6.04
4nni,5.5
5a4l,5.41
6e92,7.46
5alv,4.36
2xm8,6.8
4pce,5.15
4aaw,6.3
5wg4,7.0
6np4,4.44
5y0x,5.11
5orz,3.36
5yv5,5.41
5ey8,6.31
6mr5,7.3
4wq3,7.0
4qjm,8.17
6s9d,7.8
4qgd,7.43
3qo9,5.92
6c85,3.9
5xo2,4.03
2xo8,4.33
5vc3,7.11
6rhe,4.13
5n9r,5.59
6ghh,6.71
4iie,2.34
6mli,2.43
5vzy,8.49
3pgl,5.3
3atm,3.06
6md6,5.1
5csx,8.22
6hwu,7.54
3as1,4.02
4dcv,4.59
6hm4,5.67
6dn6,8.15
3r4n,6.89
5ofx,3.96
4k6w,5.35
3zov,7.22
4jof,4.17
6h8c,5.85
5ipc,4.89
3qai,8.1
6rvf,6.14
5nw2,6.49
4p5z,7.41
3shc,5.72
2ynn,5.17
4k66,3.26
3tzm,7.77
6apv,6.96
5aa8,8.07
3o23,6.3
3sdk,6.8
5vo1,8.15
5f61,7.46
6cjw,5.74
3qkm,7.42
4hgt,7.4
6ezi,5.31
3rkz,7.08
4yx9,5.35
4n7h,5.48
5zef,1.75
4i7b,5.7
4ay6,5.12
5xvq,5.05
6cv8,3.17
2lct,5.14
3tjm,5.2
4gg7,8.2
4oyt,2.81
4phw,10.0
3zvw,3.9
4e0x,7.12
5maj,7.46
4xtz,9.82
4op3,8.15
6czf,5.8
4u0n,5.77
4qz4,5.01
5f1v,6.85
3aru,3.22
6i8z,7.8
5y8c,6.8
4l70,5.66
5jv0,5.96
2lyb,4.46
6mhd,7.29
2ylo,4.88
6n3f,6.1
3q6w,7.57
4pvx,6.76
5iop,4.54
4g2w,8.8
5om3,4.1
5w1v,4.43
6fh3,3.07
4mx0,6.73
3zc5,7.13
3v3q,6.6
6ps3,9.78
6hsz,6.94
4o7f,4.89
5cuh,4.62
5f2w,3.98
4gue,5.24
4uat,5.89
4o97,8.52
5m4u,4.89
4f9u,6.03
4led,2.3
3p5l,7.39
5dif,6.23
6oi9,7.19
6i41,4.21
3puk,4.74
3wut,6.49
4qhc,6.7
2l8j,5.52
6cdg,5.72
5hlw,7.64
4l5j,3.0
3s3k,4.01
6af9,5.49
4deu,5.64
6miq,4.55
5lwm,8.87
5n58,6.1
4q0k,4.87
3psd,8.52
4qyg,8.39
4cby,7.7
4l8m,9.0
5ih2,5.76
5vgo,8.7
4nmt,4.85
4bdd,4.43
5lu2,5.2
6goo,5.67
5mo8,5.79
2xn6,8.8
3uqp,7.31
4jsa,4.96
2m3m,5.02
4nkt,5.97
5th2,4.52
6h77,7.33
4mwr,9.39
5bry,11.82
5iz6,6.64
3s5y,7.41
6fnf,7.89
4ca6,6.74
4p4d,5.74
5w5v,6.1
6h7n,8.46
5x4m,2.92
6os5,5.36
4pry,7.7
4wnp,8.1
5ork,3.63
5eom,6.39
6c3n,2.49
3qcl,5.4
4oi6,5.0
5g43,3.7
6ott,5.42
6h4z,7.64
4lkm,6.34
4qwk,6.27
4bbh,7.1
3b24,4.38
4pb2,4.8
6d3y,8.7
4yps,7.12
3syr,5.1
3p4v,5.1
5agt,7.12
3wb5,4.57
3tia,8.51
3ptg,7.6
5dpx,4.46
4jfl,4.98
4int,5.8
6nwk,7.7
4bcd,7.48
3t2p,3.6
5m53,6.21
4p58,4.6
4x6k,5.31
4y46,7.96
5v3y,6.72
5c8k,7.7
4hv7,3.52
4ogj,6.79
4kz7,2.49
4tk1,3.72
4cpq,7.74
4lte,7.22
4rqk,5.82
4no9,7.82
5opv,7.29
6gbx,7.7
4axm,7.89
4dfg,11.74
4u44,8.1
4ckr,6.98
6b5o,8.33
5lax,5.4
4nl1,3.89
6fuh,3.77
4yxd,4.34
6ggv,7.54
3u3z,5.36
4fxq,5.77
5u6b,9.89
4mvw,7.55
3unz,7.8
4itp,7.27
3wv3,7.62
2ndf,4.23
4fm7,7.24
4zt6,8.0
4q1c,8.7
5mtw,5.72
4feq,5.96
3uat,6.66
5c1m,10.8
4qwr,5.93
6pf6,4.74
5jxn,6.41
5gjd,7.92
5vsk,5.74
5kj0,6.89
4kp4,5.17
5m51,4.72
4jyt,7.4
6otg,7.5
6itj,7.97
6mhc,6.43
4xuh,5.73
4iqt,6.11
5ewm,7.92
2l6j,6.26
6quv,3.0
5hjd,5.24
4kb7,7.49
6hh5,4.27
4dh6,7.77
5emj,7.48
5ceh,8.0
4jft,5.46
4hze,6.29
4q15,7.96
4wcu,8.52
4qrh,5.15
5mt4,3.3
5tzx,7.28
4mcc,6.25
6hzy,3.92
3arp,7.15
4ruz,7.64
4nmq,4.49
4uuq,7.54
4jzb,6.47
6fng,7.14
6q9s,7.77
2y82,8.4
4b76,4.54
3u4o,7.28
6f05,4.47
5lz7,6.28
4c6z,3.45
5wmg,8.21
4pv7,6.63
6pg8,3.85
5t2p,5.72
3ufl,6.82
4awp,7.09
3rtp,8.15
4b8p,6.85
4mnq,4.43
5nfb,6.11
5ufc,5.16
5z68,5.89
6h4y,7.11
3ogp,7.44
4tx6,5.59
6gmq,2.3
5ort,3.05
6fcl,4.64
4ek9,4.42
4jbl,3.27
6bij,6.05
2ydm,7.44
3wha,9.32
5dgz,7.85
4arw,7.13
4jfm,5.48
6gu6,5.74
5ea4,8.11
6iou,3.73
6nvi,8.59
4u70,5.02
3ava,4.4
2xae,7.3
3vvy,4.84
5tdw,4.7
3wc5,8.7
4tzn,6.52
5tt8,6.5
5nya,6.38
5nxg,8.55
4whq,4.12
6htc,5.96
5ier,4.89
5jrs,8.4
4lko,8.22
6dyy,10.55
4uiu,7.9
3rr4,4.55
6ha4,3.97
4btw,7.15
4gee,9.0
4mg9,5.68
4e1m,7.26
5ti4,4.59
5dtj,4.47
5lpd,10.15
4oc3,8.28
5q0t,4.54
4ikn,4.85
5mmg,6.01
5irr,5.27
4bdb,4.07
3zt4,2.8
6olx,5.38
6ccq,6.6
2xwd,6.96
4bcf,8.15
4qoc,9.92
4o5g,4.3
5w6r,7.57
6cjs,9.7
5wou,6.18
3rk9,6.28
4y2j,3.1
5tbe,8.97
5dhr,4.64
6fo7,7.87
4tk3,5.1
4tk2,3.72
3t1l,3.26
3rth,5.21
5j47,5.31
3rni,5.17
4wmy,7.07
4mjq,3.71
4knr,5.74
5d3n,5.04
4zt4,8.0
5qag,3.7
4r1e,7.28
3r2f,8.85
5qil,11.52
6ey9,5.91
3umw,8.52
3rin,8.89
5v82,10.15
5vqv,6.4
4pum,6.73
3ut5,5.74
4zls,9.09
6gj5,3.36
4pp5,7.74
6me4,9.92
5mw3,6.62
4nq6,4.28
4x8s,1.89
4ag8,8.96
4d4d,5.96
4wmc,8.05
4qp8,6.55
3ozg,9.19
4l1a,8.27
2y7x,8.89
6c4d,9.04
5yzc,5.52
3ppo,5.3
5igq,6.6
6nd3,4.59
5agj,6.15
5ey0,2.65
4lk7,5.04
5drs,8.96
6bj3,4.77
6c0r,7.51
4e8z,6.64
5o9o,4.89
5moc,4.63
4u5u,2.89
4glx,7.8
6fa2,6.66
6oqb,10.3
6f28,5.67
4xc2,5.37
5yr6,5.34
5bwb,5.3
5lt9,4.19
3vsx,8.85
6f6s,2.89
4jss,3.3
5mby,3.51
4lh2,1.24
4cwf,4.49
6hpw,6.09
6rml,5.82
3m94,5.08
6cks,7.82
4wnk,6.42
5ovx,4.5
6d5g,6.6
4xtm,4.57
5t8p,5.89
5i40,4.86
5vqr,5.92
5lj2,5.0
4q4i,7.33
5xof,4.01
3w37,5.18
5ayf,4.82
4uxb,7.96
3o2m,4.8
6pdj,7.38
5yea,8.3
6czv,6.64
6q92,6.1
4xj0,9.52
2xpk,11.3
5j4v,5.85
3rsv,9.15
6j3p,6.98
5f94,8.47
2mov,7.4
4hxs,5.39
5mnh,4.68
6s43,5.4
5trk,5.21
4r7m,7.96
4x5y,8.03
5nn4,1.94
6chq,5.36
2yhd,4.64
4gki,4.46
2ym3,6.0
4mcb,5.82
4pl5,4.96
5e0g,5.8
5lhu,4.66
4qpl,7.41
6i76,5.07
4yxi,6.5
4xg7,7.49
5ehg,3.43
5zjz,7.37
3atw,7.01
5lwd,6.24
5ehe,8.32
6hm6,5.5
4qlu,8.08
5o4y,8.15
4q6d,7.36
4ezo,6.52
4cps,8.27
3tn8,6.13
6eji,3.52
6oy0,9.3
4wmx,4.85
4gw6,6.2
6djd,2.14
5ddc,7.04
5trf,9.06
4bi6,3.95
5g4m,3.86
5l7k,10.37
5m7t,5.41
4xek,5.66
5orj,4.77
5d21,8.38
4jhz,6.02
5epn,8.66
4pfu,6.17
5v7t,6.21
6hdq,7.0
3t2q,3.66
6g3q,7.24
6u9v,7.4
5t92,7.8
3zrc,5.27
2y07,6.22
5ug9,8.1
3u4h,4.25
5bqh,8.52
6d16,5.08
5ehi,3.34
4isu,3.68
5zwh,8.72
5n34,4.63
4yb7,3.8
3tsk,7.17
6g1w,8.14
6jb4,5.98
5dxg,5.92
6cmr,6.61
6ebe,6.7
4awo,7.62
4zud,8.16
6r8p,4.48
4m7c,6.12
6jdl,4.89
4whr,4.12
5zym,5.77
4hy0,6.7
2ykb,5.96
6c0u,5.99
5j9y,7.24
4anv,6.36
4hyi,8.52
6cfc,3.68
5nk4,8.7
5ndb,4.66
4i2w,3.92
5wg9,5.59
5kly,7.21
4ear,9.82
4lch,10.62
5v5y,7.87
3s1y,6.22
5ij7,8.51
4xip,6.63
5kpm,7.82
4ucs,4.21
5bms,6.34
5cj6,8.69
3qs6,4.89
6ap6,5.37
4b0g,7.82
5km0,5.31
5iql,4.56
5td7,5.77
5k8n,6.32
5tca,7.72
4mwe,5.91
5t90,6.68
6mim,5.7
5w1e,5.24
4hgl,8.1
4okp,2.7
5vo2,6.81
6e6m,5.75
3qip,6.89
3v5g,7.13
3so9,8.56
5ye7,5.46
5ew3,8.92
4exs,4.41
3r7b,6.15
3twv,4.76
3rxf,2.6
6sfj,7.74
5lgr,7.09
4i6h,8.3
3r0w,4.52
4dpf,6.4
4k3m,3.55
6fa4,7.29
4en4,5.52
5edq,8.7
6qc0,7.24
5htb,6.77
4aa4,8.05
6h8s,4.42
4gvu,7.52
3tz0,5.04
4w9l,5.02
3vzd,6.3
3r04,6.92
3zvy,5.1
6da4,6.34
5g10,8.01
3ud8,5.38
4j77,5.47
6oz6,7.28
6fyi,6.7
5mhp,7.82
4jjg,8.7
5dqe,3.63
4k7i,2.82
5wij,6.31
4twy,3.97
5u7d,9.3
3ujc,4.59
4yog,5.74
5fhn,5.9
3ta0,3.47
6f8v,4.8
5q18,7.17
6jjn,4.11
5ei3,4.25
6k5r,4.27
4pmp,6.4
3q2a,5.3
4qij,5.54
3r17,6.41
3spk,8.52
5iep,7.0
4rpo,7.64
5n7b,3.77
5l3a,4.89
3t2v,6.99
5wyx,6.66
6afa,5.49
3sh0,5.66
5a3r,7.78
5n9s,8.62
3vbq,9.33
3t3d,4.91
4efk,2.49
4ly1,7.26
4u0u,5.82
4g0k,5.37
4pnq,5.0
6mkw,4.77
6bmv,4.68
6cec,4.35
6ety,8.05
5w10,6.62
6fgg,4.77
6mmc,3.61
6ugz,7.72
3pz2,6.14
4gid,10.77
5w6t,7.57
6s7s,4.77
6fvl,6.8
5jdc,3.98
5agv,9.7
6ax1,9.42
4xqb,3.79
5sy2,4.96
5ocj,4.82
6fmc,5.88
6oxy,9.55
4xas,6.59
5cfb,7.28
3zkf,6.02
4nhy,5.64
4cd4,6.58
6en6,7.94
4muk,6.6
6h7z,10.12
6qtq,3.72
4fvr,6.0
5x73,6.74
6f6r,8.25
4bxu,7.0
4e4n,9.05
4wkc,12.68
3qck,5.24
4qok,5.19
4a7b,7.4
6i3s,7.05
4wn0,3.22
5i24,7.42
6m8y,6.38
5ahw,5.17
5mym,5.41
6q96,10.0
5edd,5.24
6gjw,4.96
5ut0,5.88
6fns,4.03
4fem,4.06
4kp5,6.08
5w5j,5.82
4mww,3.67
5xbt,5.14
5bqi,9.05
5jt2,7.47
6ce8,3.41
3vhe,8.21
3rl4,5.42
5nf9,5.33
6qlr,4.82
5bns,7.02
6ej3,5.93
3qkl,8.05
6eir,6.24
4o0y,7.22
4g2f,6.8
5dbm,6.46
4qw5,6.35
4jjs,6.7
4ohm,7.55
4m5u,7.96
3u0t,9.52
4bio,5.12
3mt7,4.03
6st0,5.13
5qby,7.4
4avg,7.22
5fe9,4.68
6bbu,7.54
5jr6,4.69
5auv,4.51
6iuo,7.79
5hh5,6.3
5jur,8.52
4eh9,2.26
4kov,3.75
4je8,5.21
4r76,7.85
5lyy,4.85
4og8,7.25
5czm,8.32
4rcf,8.4
5a3o,4.73
4dtk,8.52
5vja,6.59
4b6q,7.55
6hpg,5.5
4w4x,6.99
4oyk,6.74
5c8m,7.19
4dj7,6.3
5om2,4.06
4z88,5.39
6qw8,6.4
2xxn,6.41
4o07,7.38
4w9n,4.26
4psq,6.36
4bo8,6.92
5kdr,8.3
6rfn,6.7
4qvx,11.0
3r8z,4.31
5dh5,9.64
6n8x,5.7
5icz,5.3
5yr4,6.34
4cpu,7.53
3t19,8.66
4cfl,5.88
5dts,3.55
3qri,9.1
4b70,5.2
6gu2,5.8
6oxu,10.02
4dma,6.19
6nem,7.92
4ncg,7.96
5l3f,6.33
4pf3,7.29
5k1v,5.7
4wku,5.68
6p8y,6.2
4ojq,3.3
3vyd,6.39
6huc,7.59
5trs,8.0
3vqu,7.43
6hkj,9.0
5mt0,3.3
6dl2,7.48
5ad1,7.24
5vwk,5.48
5q1b,7.31
4g34,7.93
3u8h,6.49
4nzm,6.85
4zec,5.82
4mep,5.33
4afh,9.54
4fxf,5.19
4hxj,4.13
4u5l,2.4
4r6w,5.27
6nk0,6.39
6ueg,4.71
5uor,8.2
6fcj,7.15
4zsq,5.65
4d2p,5.68
4z2b,7.76
4jlh,5.4
6rni,9.4
5x33,8.49
3rv3,2.0
5q14,7.68
5kos,8.82
3ps6,7.74
6hx1,6.52
5qac,3.6
4ngr,7.55
3qlm,6.37
6gbe,3.5
6hcw,6.89
6dpt,7.11
3vjk,9.43
5fue,6.33
4bea,8.3
5ual,3.58
5oae,4.6
6uyx,6.0
3piy,6.54
4o62,5.0
4q46,3.77
4de2,4.12
4qw7,6.28
4bd3,4.54
6mbo,5.95
6pz4,9.4
4urm,8.05
5tzo,5.23
5m3a,5.7
4jt8,7.48
3o1d,5.74
4rxe,6.64
5lgn,5.54
4qvy,5.09
5dva,3.55
5upz,9.2
5llg,11.13
6g47,2.18
5g1p,5.2
4x2l,4.44
6er3,3.24
4ej8,5.39
5nad,8.96
6i18,4.07
5ema,5.23
3vp3,4.95
6c28,4.17
4z83,7.4
5akg,4.46
4mk7,6.36
4umr,3.8
6fau,5.44
4ufz,6.31
3tct,8.52
5lle,10.22
3wk6,5.2
6qr9,6.72
3vi5,5.68
6ccx,3.15
4g8v,5.8
5mkz,4.7
5d29,7.01
4dn0,5.72
5qad,3.77
4fse,7.4
3t0m,3.94
6kzd,8.53
5etb,4.54
6o8i,10.0
6cd5,6.81
4fpf,4.41
3p7c,7.66
3sie,7.88
4h38,6.04
5akj,5.86
4nuc,6.04
5uwk,8.64
5wvd,7.68
4jck,2.37
5etv,6.24
5lck,8.1
5owh,5.92
6ugp,6.16
4ff8,6.4
5vnb,5.3
4mbc,6.4
4yv1,3.08
4rn0,6.59
4jt9,8.14
5bsk,6.22
5m1z,4.18
3ldp,5.62
3s0j,3.77
4izm,6.66
6qgf,6.0
4gu9,4.37
6bkh,8.89
6h12,7.68
4u6w,4.21
4xnv,6.79
5e6o,4.11
4ixu,7.64
4bzn,5.84
3wkd,3.77
4rhy,5.95
6gg4,3.69
5nb6,6.3
6e5t,6.55
6sdc,8.9
3mqf,5.24
6q6m,6.89
5ngz,2.89
4p4t,4.39
5nhp,7.64
4jok,4.07
3v4t,4.11
4pvy,6.71
3myq,7.52
6hd6,5.7
4z1k,8.33
5ye8,3.0
3uuo,7.96
6n19,3.02
3x00,9.08
3qqa,5.82
4q4o,7.46
4ux9,5.1
4pre,3.74
6bed,4.72
5ypp,4.64
6c91,6.19
5hkh,5.09
6qme,4.36
5e1d,5.39
5znr,4.67
5x8i,8.7
3npa,3.87
5e0h,5.62
6hrq,7.09
3v7c,5.74
4akn,6.1
6qz7,6.49
5yqw,7.51
6df2,7.24
6rrm,6.84
4az3,8.3
6nel,7.96
5lzj,3.9
6ey7,4.3
4yax,5.82
4djh,9.49
6g9m,8.1
3ta1,3.25
4cxw,6.09
4cpx,7.77
6alc,7.51
4b9h,5.35
4uzd,9.22
3o9p,6.52
5a3t,8.4
6iqg,8.0
5mz3,6.66
5th7,5.16
3zep,7.66
3o99,10.82
6f4n,5.22
6fhu,2.64
4r07,5.32
4qkd,4.09
5ihh,6.41
5v6u,2.26
4ayt,3.7
3wzu,5.89
6p85,4.99
5mli,3.9
3tao,5.14
5fnt,6.17
6ufo,4.46
3q6k,8.37
4n5t,8.15
6ayi,6.68
4wq2,6.3
4cqf,4.3
5he5,6.47
6g2o,6.77
5ea3,8.77
4jai,8.4
6i67,6.7
4b73,7.21
3ppq,4.55
5kau,6.52
6fu1,5.36
5auz,4.01
6qfh,5.86
4hy4,8.57
5zdd,5.75
6ps9,4.62
4ap0,8.0
4d52,3.11
6moo,9.17
5th4,2.85
4bo6,6.74
5ehq,10.48
2y5l,6.48
6emh,6.08
5f37,5.77
5q1c,8.08
5xn3,6.17
5yjo,7.17
6ma5,8.1
5i25,3.49
6e7x,6.76
4azg,7.1
5k0t,5.78
5jgq,4.62
5egs,6.01
4ie5,4.82
5t7s,4.1
4u7t,5.67
5alw,5.15
6n7y,5.11
4ufj,4.28
3ppp,5.22
4y67,6.93
5nge,7.19
4o9v,8.0
4no1,7.57
5ih6,5.6
4xt2,7.15
5ahj,8.23
6dgq,5.51
6rne,8.8
4rg0,7.3
3rik,2.47
4ikr,6.23
6cjv,5.66
4yes,8.02
5d1s,5.02
6f8w,4.64
5mqy,7.11
4qd6,8.64
5u48,6.33
5c8n,7.55
4f9w,6.94
5w84,6.44
4mqp,4.98
5vtb,6.96
4oel,7.0
2lsv,5.27
4qw3,6.61
3zns,7.41
4yc8,7.85
4u8w,11.24
4deb,6.43
6dzx,5.46
3rey,8.0
5f74,5.12
4lxd,7.23
4hg7,7.05
5jsj,5.4
3arb,6.63
5fnf,3.15
5os2,2.74
5jfd,9.54
3sv2,4.19
5aqq,3.1
5nxq,6.49
6nfz,7.8
4fe6,10.0
6jfk,4.84
4ydn,8.64
3pgu,6.7
5a4e,6.4
4prp,5.66
5wdj,6.96
4jze,8.15
4pnc,5.43
2las,5.74
6dud,6.59
4ido,4.93
6bw4,5.5
5yjm,7.68
5xgh,5.99
5cwa,4.77
6j9w,5.13
4ban,8.61
5n1p,4.6
6g2n,7.14
5a9u,10.1
5vcy,6.57
5q1f,7.14
5aac,8.89
5fsc,2.36
4y64,3.1
3mg4,9.3
5w4r,7.48
4qn7,9.08
6d1d,4.47
4j0r,6.41
6n82,5.96
5c4l,5.64
3tvx,4.14
6pg6,3.7
5fck,8.22
2ydt,5.52
6c5h,6.43
4f6s,5.49
5usf,9.16
5wbz,6.41
6u5m,6.29
6bo6,7.1
4nku,4.67
4nk3,6.33
3qox,6.57
5wf7,4.01
5hna,4.23
5diu,7.37
6qln,4.66
6npv,6.8
5unf,9.47
5eds,5.54
5b4w,8.46
6ce6,5.1
6hmx,8.89
3m6q,7.32
5gjg,6.21
3rxk,2.68
5umx,5.96
3vi2,3.77
6oi8,7.82
3wcb,7.74
4p4e,6.74
3olf,7.7
5idp,7.35
4b81,4.92
5lbq,5.11
5q0x,7.35
5hj9,5.85
5jyo,8.52
2xx2,7.3
6d5h,6.92
5o1a,4.52
4q1a,9.3
3th9,7.7
6aqs,7.55
4ycv,5.82
5n3w,6.3
5egu,5.85
5nq5,5.0
4k8a,4.02
6r11,4.92
5l4i,6.59
6qri,4.82
3zst,1.72
5nx2,8.49
5edu,8.66
4pzw,6.96
6aol,6.27
5vd0,6.49
3s22,5.46
4xu2,9.23
4dlj,5.92
5y94,6.79
5tuy,6.35
4cxy,4.93
5ekx,2.03
5mwd,5.72
6mku,7.15
4kab,4.03
6exj,4.33
2yoj,8.3
6hm2,7.33
5t8e,9.14
4n1z,9.14
5ja0,5.22
4l7c,5.13
4zyz,7.17
4ifi,5.48
4kvm,5.05
5ly2,7.92
4ozn,5.4
5ol3,5.36
5ncq,6.96
3aya,4.33
4tw6,4.21
6sy7,3.33
4inu,9.26
4ph4,7.74
4mao,7.33
3q2m,3.8
4erw,8.15
4idt,7.0
4wv6,4.98
5n2d,8.22
5h8e,11.2
6nzg,7.7
6ccy,8.52
4uda,7.59
5hwv,5.07
6qfv,7.31
4af3,7.51
4c1t,7.15
3u0d,10.0
6hkx,9.34
6jki,6.39
4whs,4.12
3muz,3.46
4mg8,6.48
5htl,6.3
4bzs,7.12
5w6i,6.9
4g0c,7.92
3s0b,6.49
5o1s,3.65
2mc1,4.15
6peb,8.57
3rwf,6.52
5e0l,6.4
6czu,6.32
5fdo,6.44
6fag,6.59
5zyi,7.07
3rbu,9.43
3srg,5.7
4uit,6.7
4lv3,5.49
5o1c,3.95
4rj7,7.66
5hfb,4.57
3p8o,8.72
5f1x,6.11
5hv0,5.96
4j48,5.62
5z7j,6.6
4ps7,7.41
5obr,5.36
5zyl,7.06
6db4,7.31
5kjm,7.19
5qbv,6.37
6qfq,7.1
5ttu,7.33
4i12,6.39
6gfz,5.51
4ciz,7.29
6r8r,7.07
5kqx,8.44
6hgi,6.22
4rux,7.92
3rjc,5.24
4do4,7.29
6tel,9.96
5m6f,6.66
5d48,7.52
4wrs,9.4
5ief,5.28
3wt7,8.75
6udy,7.57
4xv2,8.27
4dcx,4.5
2xxr,6.55
5svy,6.13
4igq,4.52
6b7b,2.89
4hj2,2.53
5khk,6.39
4ab9,3.33
5d6p,5.6
5hyx,6.55
4xta,5.43
4dju,5.44
6nad,9.3
5d2a,5.59
3sgx,5.49
6mxe,4.26
5k5s,2.69
6ert,5.23
4uiy,5.6
4uin,7.62
4lm5,6.82
4o75,4.68
5n0e,8.44
4j4o,6.9
4ai5,2.92
6dkb,9.15
6qlp,5.28
6r8q,6.92
4ywa,7.55
4nie,7.7
3odi,7.82
5alb,10.71
5mxr,5.21
5i3w,9.22
4hdb,8.05
4r3c,7.0
6i13,5.12
4zw7,4.72
5ewh,3.77
5etf,3.79
5q19,7.32
4ue1,8.0
6qaf,7.42
5cbm,7.77
4lyw,6.63
6h76,7.52
4n8r,5.0
4gzw,4.52
4oar,10.42
5nzq,2.03
4zga,7.7
4nzn,6.38
6n7c,9.17
4hdc,8.92
6i66,6.74
5yid,5.4
6pl2,8.06
3qts,5.51
5vm6,7.11
5q0i,4.25
5ix0,6.28
4qwi,5.36
4fll,5.29
5wkm,5.12
5v3x,6.59
5m3b,6.92
5ih5,6.3
3mzc,6.65
3uol,8.51
6op9,9.28
5cep,6.84
4yoi,6.48
4c4e,7.6
6jon,4.88
4otf,8.22
4jmu,5.47
6a80,5.9
4zji,6.47
3ual,5.81
5jau,8.85
6iup,7.64
5nkk,5.0
6f8x,4.77
5ick,5.01
4mgc,6.32
3rme,4.66
5qai,3.82
4i33,8.33
6qmt,6.92
4kp0,8.65
6epy,6.46
4wk2,6.94
6axl,7.11
4ehz,8.0
3wix,6.27
4m7j,6.11
6i5y,8.54
5t78,7.37
6mnv,3.37
4f6u,6.15
3rlq,7.4
3ui2,6.37
3wzn,7.0
4l6q,6.27
4x8u,2.46
5yie,5.25
4jfd,4.44
5duc,6.35
4ggz,10.18
5fwa,4.79
5knr,5.85
4ezq,5.2
5dtm,4.3
4agp,4.69
6qfw,6.83
4gy5,6.82
5m7m,6.45
3nlb,7.46
4i5p,6.42
4o4k,3.7
5htc,6.82
3q3b,7.76
6t1m,5.21
5aae,7.46
6ox0,4.85
5orh,4.39
4ib5,6.25
3u10,5.44
2ndg,4.71
4xe0,7.72
6gvh,6.04
3zxz,8.4
3q2h,9.16
5laz,8.4
6by8,6.91
6mwe,9.2
4lkk,5.92
5ml3,9.69
6j1l,6.42
5elv,6.8
5try,7.8
4awi,6.0
4acc,7.7
4uwl,8.57
4kw6,3.43
6ei5,7.42
6i5j,5.85
5nw7,5.77
3s76,5.05
6skc,7.1
3ocz,7.46
6d4v,6.64
5abe,3.05
5l2s,7.08
4lwu,8.3
6oip,6.92
4k6y,4.83
3uxd,4.41
5ubt,8.62
5waf,9.35
6arm,4.97
5in9,6.36
5gs9,5.26
6g6x,4.88
5zvw,8.62
4tki,6.38
6ck6,9.0
4e4x,8.15
5uqx,6.21
5aab,9.06
4k3h,6.85
5h7g,9.24
5eld,2.66
3qrk,7.24
4o74,7.6
5nyz,5.03
4qga,7.92
3tu1,6.6
6hmb,6.56
5vt4,4.35
5aqz,5.48
5j74,8.72
5tyk,7.65
6mxc,5.56
3p58,7.6
5npb,7.09
2xj0,2.82
6iik,4.91
5xs2,8.3
5nlk,7.46
6hgz,5.97
4hcz,4.44
2y1o,5.09
2yir,9.77
5ajz,5.7
6ma1,8.1
5ajx,7.96
4bi1,4.16
6o2p,8.18
5abf,4.85
4oas,10.0
5fs5,6.69
6dug,8.27
4lpb,8.0
5qaw,3.4
5zuj,4.78
4b6u,5.11
3zln,8.47
3uil,6.0
5vqy,6.29
5w1w,5.52
4gv8,6.49
4xbo,4.59
5m0m,8.22
3suu,8.52
4zwz,8.7
4fmn,6.1
3rqw,2.7
6oqc,10.4
6br3,8.72
5vqt,5.74
5jzn,5.96
4oee,5.76
5hkb,5.59
6htr,7.96
5fh6,5.92
2ynd,7.49
6htg,7.17
4oq5,6.3
6npi,5.7
4d3h,6.43
5j3v,6.98
4at4,7.92
5fwj,7.89
4rwk,7.19
3vw1,4.67
4pft,8.64
4ce3,3.96
5tw5,7.42
5xhz,6.49
6bnk,6.99
6d55,7.36
5myd,4.86
5ypw,4.64
5ax3,5.92
6g2r,9.46
5niy,4.22
2ydv,7.86
6n83,6.27
5xaf,5.77
5vsc,6.29
4r8y,6.19
4x3h,4.23
5lh8,7.72
5k0c,5.96
6hvj,7.55
5j7b,8.3
2yel,7.28
5kam,4.11
5ekm,6.32
4bxn,8.0
5izq,8.52
3qx5,4.2
5j6l,7.89
3szm,6.4
5tg4,3.32
4mrd,3.37
3zyb,5.38
4djv,6.72
6o5x,7.66
2y1g,6.15
4x7l,8.05
5alk,6.6
3wqh,8.48
5iis,9.0
5k4z,6.15
6egs,3.59
4trc,4.52
5uwj,5.7
5dhg,9.14
4pte,7.13
6ne5,10.52
6bdy,5.69
5kh7,3.66
4dhs,4.8
5ar7,6.49
4k3q,3.94
2xu4,6.47
6cen,5.49
3vjs,6.19
3zmi,5.95
6e7v,6.48
3ook,8.4
6hy7,5.57
4i9i,8.1
4ufd,9.68
5fun,7.59
5szb,5.11
4yab,5.07
5ody,8.4
5m25,8.19
5ml2,7.89
5q0v,7.69
4io8,6.64
5ai4,3.47
4o0r,7.44
6biy,6.66
5kzi,10.0
4dhl,4.48
5eou,5.36
4b9w,4.17
4gv1,8.52
6dk1,7.65
4mhs,5.29
6oyw,8.4
6fo5,6.72
4bek,4.39
6esa,4.53
4nnw,6.61
3zh8,6.47
5nat,4.7
4hy5,8.89
6o5u,4.38
4o78,5.34
6g3c,6.91
4mm6,6.69
6qed,7.13
4ith,6.5
3wzj,8.18
5eta,5.8
5lgo,8.22
3axz,3.43
6i17,6.6
5jt9,6.63
6qaa,7.66
4pz5,6.92
4uxq,7.8
3rm8,6.15
5t2l,8.2
4y32,4.05
3qgw,5.89
6bib,5.8
5vdu,4.0
4b4q,5.75
5gv2,5.65
5f3e,6.86
6hzd,9.17
4k3n,7.96
5nkh,7.59
6qts,4.8
4ocx,11.44
3wkc,3.71
6abx,2.14
5hx6,8.0
6itp,4.65
2xlc,2.3
5yfz,6.96
6chl,8.05
4xu1,9.49
3zo2,7.1
4cwb,6.09
5vdv,4.0
4f3i,7.44
3ty0,7.08
4qmn,8.52
3osw,6.15
5y8z,6.21
4yve,7.0
6rna,8.3
5ee7,9.21
3tcy,4.62
6o0m,9.34
4q7s,4.42
6q8b,7.53
6udi,10.0
5y5n,5.76
5ml5,8.0
4lnf,2.62
5z1s,6.16
4pyn,4.52
4z2p,4.6
5dsx,8.0
5mtv,4.11
4qz6,5.53
6gxu,3.74
5ye9,6.45
5op4,6.71
4drn,5.24
4yh3,4.59
4ode,10.0
5mqe,5.4
4qt2,6.32
5g45,3.3
6qqu,5.3
4mf1,9.15
4dhp,4.44
4cpy,6.31
6mo1,6.54
5vyy,6.21
6bw3,5.53
4zy2,7.22
4h2j,5.32
4ish,8.72
5aiv,6.19
3sio,8.0
3v5q,7.4
5wkh,3.85
3mrx,3.39
4j28,5.7
6n7b,9.22
6cj5,5.19
6co4,7.57
6ntj,6.47
5mz8,2.31
4y83,7.77
5vkf,4.77
3ml2,8.05
4b78,5.0
6fky,6.49
6fav,5.33
2y56,6.51
3ml5,8.52
6d59,7.0
5e8z,5.91
6phx,3.32
3uvu,7.38
5wbk,6.03
6bq0,7.34
3qj9,7.0
3wzk,7.24
4lq9,4.85
4ea3,9.57
4jrv,7.54
6nzr,9.3
6h52,7.17
6gvg,6.0
5em7,7.72
5he4,7.7
2ylq,4.3
5vii,7.29
4cg9,6.21
4i11,4.57
5ea5,8.06
4ra5,8.4
5oq7,6.49
4uub,4.76
4wa9,8.42
4kz4,4.15
3v0l,5.52
6c3u,5.4
4his,8.09
6fmn,5.95
4z1s,6.1
4j1c,7.31
4qlt,8.6
4bzo,7.89
3ui7,9.0
6nk1,6.66
6ncj,7.62
6esn,8.05
4u7q,9.74
6hq4,4.65
5k4x,6.42
4bb9,6.0
5ceo,9.3
4jzi,7.4
5m4f,7.89
4yz9,7.7
4ymb,6.21
4ijl,3.87
4ery,7.27
5h5f,4.43
4ehg,7.19
4b6c,6.16
3r2b,8.4
6arv,7.34
6d4o,6.28
4pkr,4.82
5c4k,4.56
5m4q,3.51
4x24,9.78
3rl3,7.17
5lqf,6.6
5lzg,3.1
4qt0,6.29
4a4h,2.77
6eee,7.54
5ivj,7.34
5j7w,4.89
5zwi,8.64
3q5u,4.31
3zxv,7.31
4bf6,8.35
6iil,6.17
5aep,7.17
3tv8,7.15
5l13,6.96
5vzu,5.57
6cd9,4.42
3atl,4.76
3qzt,4.0
5t4h,8.03
6g6z,6.66
4hiq,8.21
4rsc,6.63
5yzd,6.7
5f2s,6.7
5epk,5.74
5aqr,3.0
5lp6,4.76
4ty9,2.05
5dht,6.0
4w4z,7.52
5zg0,7.09
4cff,6.4
4lgg,8.52
3tiw,7.67
2lbv,7.59
6pi6,5.66
5odu,3.28
4a9u,7.22
6an1,5.35
4cbt,7.3
3wk8,4.31
5tqg,9.62
3tz4,5.49
5i3a,5.05
6fe1,8.48
4lg6,6.74
6ibv,5.23
4yv5,6.22
4b5b,6.41
6cpw,8.25
4p45,7.8
4dsu,2.82
5mmn,6.7
6qmd,3.77
3zbx,8.22
5u28,7.17
6g7a,6.78
4rvk,7.87
3u51,5.51
5hu0,6.23
4d89,8.7
5x27,9.4
4ere,8.38
6s0e,5.5
3p9l,5.3
6s90,7.89
4k1e,8.44
4gvc,4.71
3vp4,4.73
6ps6,9.7
3vtb,9.3
2yem,7.81
5mw2,8.52
5i88,6.6
6rln,8.2
5gp7,5.15
6joe,7.04
2yis,8.77
6h4a,7.38
5i8p,6.73
4qag,5.32
3wav,6.74
5zia,6.52
5ug8,8.7
4avj,7.44
4ran,7.15
4msl,6.15
4l23,7.75
6eda,6.7
3q8h,4.15
4gg5,9.03
3pix,7.0
3qch,5.48
4ipn,3.39
4ayv,9.17
4lzr,4.7
4uye,8.02
4nud,7.07
6aqf,8.67
6cw8,6.57
4i1c,8.1
5tzy,8.7
4csj,8.31
5l4f,5.89
4i9s,6.79
6j63,8.19
4jfj,5.68
4u5t,6.7
5d3l,6.06
3vtd,7.92
6md8,2.38
5hcv,8.7
4z8d,5.22
6qwa,6.59
5c4o,8.21
4ktu,6.16
5jfu,8.07
5mon,2.48
5v24,6.4
4hw7,7.21
6md0,5.9
3ql9,6.3
5n2t,5.08
6ft3,6.42
4o3f,5.56
6cdp,8.79
4cqg,9.39
4gne,2.47
5f41,4.17
5lx6,5.72
5mfs,6.48
5glu,4.02
4asj,7.55
4k3o,4.44
3u7l,7.28
3o64,9.4
3opm,6.62
4umc,3.44
6i0p,4.4
4q6e,6.18
6mhb,6.77
4uvc,6.88
5kat,4.1
4umu,6.19
4i80,7.62
5ukk,6.21
4qmx,4.96
4qgf,7.16
4wpf,6.6
5cxa,8.05
6eab,6.37
5his,4.71
5y6e,7.86
5mnb,2.48
4lno,2.62
4m13,6.7
3vv8,4.77
4wbg,5.55
6slg,10.3
4ixv,6.62
5ieg,5.74
4pnl,5.52
6r1b,5.44
6t1n,5.46
5oxl,3.25
5js3,6.73
3haw,6.0
4h39,6.68
4kot,5.46
2xtk,3.79
4ptg,8.23
5i2f,6.49
5ckr,7.76
6mep,7.35
6oy1,10.24
6hzp,1.98
2xy9,9.19
4z0e,5.3
3t6y,5.52
3pj3,5.25
5izu,7.27
4lnb,6.56
6hx5,5.66
4oem,5.3
4dfu,4.6
5zk3,8.74
4k3p,5.8
5kr1,9.49
4qvv,5.15
5ef8,8.85
3u9n,7.0
6bfa,9.0
3px8,3.64
5u2j,5.92
5jc1,6.82
5u11,5.35
4ih7,5.24
4mwy,7.05
3arr,5.4
4fn5,6.76
4cpw,7.5
6eyb,5.37
5tuz,7.4
3vap,8.4
5osy,7.37
4m0r,5.21
4mul,6.21
5mfr,4.3
5ap1,7.97
3zj8,3.9
4a4e,3.32
3w9r,6.18
3w0l,7.02
5wqc,8.96
4n1b,5.96
5w4w,8.1
4hzt,6.12
5hyr,7.38
3rxg,2.15
4mic,5.3
4b1d,7.49
4qvm,6.35
4fev,5.42
4yl3,8.15
3t08,3.04
4mq2,7.01
5djv,7.11
6n5f,6.86
3tl5,7.85
5ue4,6.36
4yll,6.92
5zr3,7.01
6g5u,6.4
3aw0,5.24
3zyr,5.34
3vhd,9.28
3uzc,9.61
3t3h,5.71
6d1g,4.47
4kva,3.94
4n7m,5.47
3r5t,8.58
3ts4,8.72
6cco,7.29
3q2g,8.46
5es1,8.34
3u4i,3.89
6hvv,6.67
3vp1,5.48
4egi,3.82
6p86,4.7
4bqh,5.59
5ek0,7.68
4nbl,6.33
4zz3,6.0
2y7w,4.98
6ibs,4.96
3zhz,7.05
5iuh,6.4
5hi7,7.85
4flj,5.13
4o4g,8.05
4rhu,6.16
4bg1,6.31
6i0b,8.04
6k5t,4.24
6oxt,9.95
4hbn,6.1
4txc,6.62
5u1q,5.96
6r18,4.92
4bhi,7.05
4i54,6.96
3ooz,7.85
4ov5,7.43
6h36,9.35
6n0p,8.89
5mxx,7.51
5kzq,8.28
3rz9,6.92
5nwi,6.16
4ztm,7.6
4mcv,8.89
3qi3,3.78
3td4,5.66
4ke0,7.77
5cas,8.85
4cwn,5.59
3u6h,9.0
5fqp,7.72
6bm6,4.68
4bgh,8.4
4bfy,6.92
5xsr,7.69
6mvu,2.89
5eek,9.1
6fnj,6.85
6q37,6.36
4bpi,6.17
5aqn,2.77
4heg,8.92
4qy8,7.19
4j7i,5.06
3l9n,8.07
4l3o,6.0
5dx4,6.86
6hva,6.28
5u2c,6.63
5vse,5.97
3wci,6.57
3zmg,7.64
3tv7,7.52
5u7m,6.74
4fut,6.51
5db2,7.6
3ti1,3.89
6g92,4.12
4mxa,8.92
6mdc,7.44
6f1j,4.62
4enx,6.26
5jq5,5.63
6j0o,4.92
4k0o,3.0
4lng,5.62
3ril,3.84
4zg9,7.59
6iji,9.36
6bd1,4.78
3zmu,4.3
5tg6,4.55
5v42,6.62
6i8m,7.8
6fgf,3.96
4npv,7.46
5kre,7.23
5am1,8.52
6f6i,3.19
4dhu,5.3
4fhh,7.46
4bqw,7.48
4zt5,8.0
6ugq,7.55
5n69,6.54
5lli,7.05
4tw7,7.59
2lkk,6.7
5wir,7.12
4mm4,6.37
4mgv,7.12
6imi,4.58
4iks,5.14
4e5j,4.73
4u5s,2.41
4j45,5.77
4b0j,2.15
6d28,6.7
4ie0,5.08
5zob,5.96
5iu7,8.96
4y7r,5.03
3lq5,6.96
6h4s,7.42
4n07,6.46
4zvi,6.33
6dpy,4.1
4wnm,7.59
4rfc,8.24
4wph,5.8
5zh2,6.54
6bl1,6.96
3wk9,4.15
3zqe,4.23
5sxm,8.54
3uyt,8.1
4gwi,3.69
4avh,7.23
3vi7,7.39
4xk9,9.07
5eis,5.74
4ycm,7.72
5xst,7.57
3s8n,6.21
5ztn,8.3
4mji,4.09
2ltw,4.22
4op2,5.93
3wyk,7.64
4h3i,8.52
4kqp,6.05
3as2,3.44
4n6z,7.8
4pl3,6.54
4wkb,11.57
6iin,6.08
6me2,9.37
4b82,4.39
5eh5,5.87
4f70,5.74
4c6v,4.59
4hw3,6.49
5nk7,6.33
3hau,6.38
3axm,5.07
5am2,5.01
5gjf,6.59
5jfr,8.3
6aee,5.37
4km2,5.84
5knt,4.43
4xtw,9.03
5m77,7.61
2m0v,5.97
6dpz,3.59
3oay,1.7
3sxf,8.6
3l9l,6.78
6np5,4.57
4r3s,8.22
5hrx,5.29
4qlk,3.24
3vva,9.32
3as3,3.8
6g2f,5.17
5unp,10.02
5sz0,9.1
5hrw,5.48
6fod,8.15
5vdt,4.68
4rd3,6.47
6erw,5.36
4ehe,8.49
6jse,8.77
3n5k,9.7
6nze,8.89
5qa7,3.96
4d1j,6.31
4lp0,8.0
5vo6,9.05
4m3m,9.05
5ni8,7.7
6dil,8.12
6n3y,5.44
4hxl,5.66
4wt2,10.42
5f2f,6.92
3zo4,6.83
6i77,4.96
6pyd,6.81
4eft,4.07
5o9y,5.34
4gkh,4.67
4a22,8.49
2mwp,6.05
4kow,4.31
5wbq,5.83
6fuj,4.3
6g24,2.77
5j9z,7.8
4whl,6.4
5hjc,4.35
3sym,4.57
6qyl,6.08
2yde,3.72
3n0h,6.21
6dge,6.72
3tws,5.52
5qas,3.72
5q16,7.87
5eeq,5.82
6bfd,8.3
3zmm,9.14
5eb2,1.11
4umt,6.14
5akl,7.07
4c94,5.05
4u0f,5.92
2yke,5.96
3u4r,7.41
6en4,8.3
6e1a,8.85
5isl,7.28
5ox6,7.54
5y1y,6.01
4yjn,7.92
4zeb,6.52
3sxu,5.05
4fcq,7.0
4mzf,7.35
4tkb,5.59
2ydk,8.15
3src,3.89
4m2w,7.28
4btt,8.84
5ect,5.28
6ooy,4.66
5mgj,4.29
4f4p,9.22
6ej4,6.8
5aly,6.73
5ef7,9.0
5jhk,4.64
5ka9,4.41
2y58,5.5
5ufs,8.49
4lbp,4.94
5mav,5.48
4lov,7.77
4bsq,9.15
4xiq,7.07
5y0f,6.68
4zy1,8.14
6jpj,8.21
6q9o,8.47
4cki,5.96
4yhf,8.34
5mo0,4.68
5ml0,6.3
4gs9,5.66
3o9d,10.72
5zyk,6.74
4yjl,5.96
5v8o,3.77
5afj,4.38
5tc0,7.6
4aw8,7.66
4mg7,6.36
4kiq,7.64
5svi,5.17
2lzg,7.77
4poj,8.1
5lch,4.69
4knj,7.95
3twp,3.92
4abe,3.4
6o6g,6.52
4kxb,4.12
4zxx,8.1
3r6c,4.72
3wv1,11.41
5n7v,8.77
4kjv,7.74
4bky,7.92
5jss,6.45
6mul,8.2
6q7w,6.85
2yj8,8.19
6got,9.4
6p83,7.1
4bgm,6.21
5txy,5.46
4iut,5.72
5e2k,8.03
4b14,6.22
4zgk,5.51
5hpm,7.13
3zki,5.92
3pyy,6.86
4a9t,7.15
6phr,6.7
6bfx,7.1
3rxm,3.63
5eg4,7.68
3v4j,5.04
4uau,5.89
5j18,9.15
4isi,8.14
5ko5,4.57
5jsm,6.59
5c11,6.47
5l9h,6.4
5e4w,4.64
3tcg,5.87
6g2l,7.17
6fel,6.4
5a6i,7.25
2ycs,8.87
6ohu,6.78
6ocq,6.7
4em7,5.11
6nrf,7.74
5tpb,2.59
3po1,4.02
6dxx,6.64
4yuw,5.77
4mrf,1.95
4jnj,9.07
4rww,5.85
4tmp,5.43
5l6i,4.35
2x6x,3.68
5gn7,6.05
5w8i,6.82
6oxx,10.01
6d5w,4.2
6n17,3.0
3qzv,4.16
3oyq,7.99
2ltz,5.35
4uxh,5.96
4iz0,4.0
6fbw,4.78
4c71,3.42
5loh,5.04
3t4v,6.3
4ye3,8.37
4gby,3.46
3rdv,4.91
5v84,6.7
6qmj,7.36
4oag,6.3
5j86,8.26
6c7r,9.0
5byy,7.01
3zbf,7.52
5iza,5.51
4z0d,5.3
5a5z,4.08
4ax9,9.57
5kgn,9.03
5dda,5.78
5o2d,5.68
5fxr,7.42
5oq5,7.7
4eop,6.05
3sur,4.15
5y6k,6.07
5u5l,4.85
3upx,8.12
4e1z,8.52
6r1k,5.05
4l2l,5.7
4oeu,7.66
4ohp,7.46
6poi,3.49
4qr4,6.6
6bm5,5.84
3tt0,9.05
3u2k,7.52
5mae,6.84
6oxw,10.55
5t1m,5.82
4nru,6.94
4ra1,5.94
6afd,5.43
3va4,4.4
4b6o,7.0
4ii9,6.03
5lyx,7.42
5xhr,5.1
5klz,6.37
6g9n,8.52
5c84,6.19
4np3,3.3
5hh6,6.4
4zyw,7.17
6ic6,7.82
6pml,3.09
4qxj,5.9
5hmy,6.3
6ten,9.77
3w55,7.1
4xdo,4.08
5apj,7.4
4j73,4.56
4mc2,8.19
2m0o,5.38
4inb,6.05
5mos,3.79
5l4h,3.75
4p74,5.0
4hws,9.1
4ql8,9.15
6hvh,7.33
4ega,7.19
6d1j,4.25
4muf,6.34
4fnn,7.57
6gcw,8.64
3rtm,4.42
3rt6,7.15
5j75,6.82
6eis,6.6
4glr,9.46
4qem,7.8
3rwe,7.37
6nss,8.85
5y0g,6.7
3v2x,5.35
6nmb,2.7
4b8o,8.4
5svk,8.48
4m2u,8.04
5i5z,9.05
5dw1,7.1
4lv1,7.4
4cs9,2.1
5ov9,5.66
6mlg,5.05
3si3,4.16
4mi3,4.12
5yc4,4.92
6pit,5.92
4xya,5.86
2xx5,6.7
4nxr,4.34
4x60,9.0
5dq8,4.14
6mv3,3.33
3v4v,7.38
6i0z,4.04
4xbd,6.4
5hfj,4.39
3q96,8.54
4j6i,8.85
5jaz,6.55
3v2o,5.31
4qwx,6.27
4f1q,4.95
5yz7,4.75
4prd,4.6
3wzp,6.82
3s3i,7.8
5b4k,9.34
6qhb,6.3
4fxz,7.03
6g9f,6.23
6evr,8.06
5h19,6.49
4di2,8.26
2yns,7.6
4eu0,6.4
4b60,5.43
5nn0,10.96
5xii,7.12
6glb,6.89
6ap7,5.34
4v04,8.11
4qnu,6.4
4k18,8.96
5llm,5.35
6ee6,6.67
4ezz,5.19
5zqu,5.15
6sdd,8.4
5vqu,5.11
5tqs,5.86
4pci,5.12
5lso,5.85
4xv9,6.72
4r6e,7.78
4fl2,3.66
4de3,5.52
4eh3,3.53
5kks,8.7
4gfd,9.48
3b26,6.64
3p3s,7.59
5huy,5.03
5xmr,7.61
4j7d,4.7
4lp6,8.27
4ou3,4.41
6g1u,5.61
5o1d,4.66
4y2b,8.36
4hhy,8.72
4x5r,7.85
5d10,7.14
4od0,9.04
6n95,5.12
4mzl,5.62
3t85,7.95
5aph,7.22
4txe,5.62
6o3y,4.42
5ybi,3.49
6b4h,8.52
5d3s,5.89
5wpb,3.57
5t9u,7.6
5wgq,6.48
6jt3,8.3
3s74,8.4
4a95,5.76
2xnm,6.8
6ggf,5.39
6bsk,6.92
5u62,5.89
3uw4,7.77
3vhv,6.29
6jbb,5.99
6ewe,5.51
4ewo,7.36
5icp,8.42
4qmu,5.89
5t4u,5.32
5os5,3.39
3vqh,5.92
3tyv,8.1
5xva,7.29
6ps1,9.7
5zt1,4.67
5dgj,4.73
5ohy,5.17
5csh,3.57
4bty,7.7
4myh,4.64
6chn,7.96
3atp,4.45
4qzx,6.26
6d5j,6.34
5fns,5.4
3o57,10.1
4k6i,6.2
4hbv,4.64
3t2c,4.6
5g2b,7.0
3v51,8.55
4pdk,8.22
6me3,9.38
5mi5,6.77
5njz,7.8
6oqd,9.85
4aom,7.07
5mek,5.38
4y6s,5.03
5ito,4.16
4jr3,6.66
6bnh,3.8
4d0w,7.7
4tmr,7.22
5wrs,5.52
4ql1,7.03
6pvs,8.17
6h4q,5.69
6csq,6.39
3wtn,7.04
4jym,5.04
4r5n,7.12
6fgq,7.85
6gxb,7.46
6ibl,9.31
6d78,8.74
3uug,4.51
5ayy,5.32
6ia7,5.7
6eum,6.52
3sjo,5.78
3qtq,5.51
4omc,10.78
4erq,7.12
4gb9,6.27
6oqn,8.0
4gpk,7.52
4qiz,8.15
4knn,7.78
5z66,6.69
6cis,6.87
5u4f,6.33
5h5r,6.21
4is6,6.2
3are,6.21
5typ,7.6
5ugh,6.77
4mw4,6.5
4zed,5.12
6c4g,8.3
6mh1,5.92
6ccn,4.52
5olb,7.89
4gk7,7.9
6v5l,3.65
5h2u,8.15
5orl,4.82
4pd9,3.33
5b5o,5.72
4yqh,8.05
3vw6,7.85
4ztl,5.92
6nfn,7.7
4l50,6.06
4lwh,7.57
5vb5,6.46
4hso,4.66
4p5e,5.55
3u5j,5.61
6nsp,7.36
3arx,5.33
5hlp,7.27
5juz,5.52
6pid,4.54
5y24,8.34
6dj5,8.14
4otg,7.59
3tf7,3.52
4jv6,6.66
4zyv,7.66
4azb,7.24
5f67,6.89
3vdc,4.92
3zxe,3.35
4rxa,5.74
3owd,7.52
5sz9,4.42
4btu,9.3
5lsg,5.4
5qa9,3.64
4qta,6.7
4gk3,7.25
6faw,5.57
4wuy,7.82
6mm5,4.54
4iuo,3.64
6qzb,6.47
5em9,5.57
4hby,5.36
4i5h,8.7
5gmv,6.23
5el2,4.47
2ybt,4.7
5ccl,4.77
6f5l,9.19
4dhm,3.78
4iuv,5.72
5oua,5.57
6bin,6.34
4wef,2.59
5ula,7.11
5m5q,7.05
5k76,8.3
5gow,4.45
5cu2,4.24
5lkr,5.48
3waw,6.24
3v7s,7.05
5wcm,4.0
4eev,8.33
4ua8,6.26
6cq0,4.46
4i7d,7.0
5lh4,6.96
5div,6.85
4hbm,7.92
5ni0,5.74
2yjb,7.02
5nvv,6.7
2xqq,4.82
5t1k,6.28
5yqx,6.96
4q1e,8.17
5hjq,4.72
3zpq,7.17
5svl,8.55
2y7z,8.7
5eqe,3.88
6d3z,8.92
4nh7,8.4
6g14,5.49
6c9v,6.92
4klv,3.78
6pu3,5.23
5epr,4.04
4xmo,8.7
5y21,6.47
4h5d,7.55
5ai8,3.9
6abk,1.95
6t1l,4.77
6hkz,9.89
5zxi,9.15
2l8r,3.92
4mjo,6.22
4bcp,6.25
4mwq,9.1
3w5e,7.96
6afh,6.12
3q6z,3.72
3wd9,8.08
5myg,7.51
6qxj,4.79
3ud7,4.74
4g8l,8.0
5nn5,5.47
4yv2,7.29
5ei2,7.34
5em5,6.58
5hk1,8.37
3zxr,7.7
6g0q,4.61
5u49,6.14
4gr3,7.81
4zx1,6.14
6c9p,5.64
5e90,7.85
4at3,8.4
4mz4,7.89
6ocu,8.05
4xit,7.27
5wa4,5.89
3av9,3.36
5umy,6.97
3tww,5.38
3vdb,2.52
5nap,7.95
3art,4.43
5ew0,6.59
2ym8,7.89
5lz9,6.92
4k6z,8.7
4inr,5.59
5qb1,4.7
4ufl,2.64
4o7b,4.7
2yge,5.06
2yb0,3.85
3w2q,7.18
4j0p,7.29
5db1,7.66
4bic,7.3
5tkd,8.15
6rot,6.32
3ubx,7.6
6hlb,10.27
5ikb,8.72
4eg4,7.89
4yk6,5.7
5ie1,6.85
4wx6,9.0
4j8g,4.19
4fnz,7.8
4o7d,3.0
5lhh,8.17
5mno,3.84
3v8s,6.19
4zt2,8.0
4pl0,4.4
5ovc,5.96
5f29,5.05
4c5w,5.48
5yun,5.52
3q71,5.22
4y24,6.66
4zpf,6.74
5hdx,7.32
4y87,7.24
3v30,3.74
3ocp,7.57
6f7i,7.85
6n77,9.24
6c99,5.62
6mtu,5.22
4ivk,3.85
5vcz,6.35
3w1f,8.44
4uu7,6.08
3vb7,4.31
4e3g,4.97
5k0b,6.05
3uvw,5.17
6cyi,5.04
3ryj,7.8
6g8l,5.0
6skd,5.8
5q0s,7.21
4hai,8.1
4qq4,5.74
4jne,5.86
6s4t,7.95
6g98,6.15
4azy,6.7
3vd4,4.82
5jy3,7.92
5vfm,3.82
3qyy,5.08
6d9s,5.96
5swg,4.48
4wiv,6.26
6eea,6.2
6ob0,4.96
5yov,7.68
4y94,6.62
4b9k,6.17
3qfz,3.24
5wi0,3.44
5vlk,5.26
3n7h,4.5
4r5v,6.15
4kmu,7.92
4trz,5.03
6g9k,7.4
5amd,8.55
5dkn,3.69
5cfa,6.54
6iot,5.24
4tkf,6.55
4uff,7.96
4u2w,6.0
3u5l,6.19
4rgd,3.94
3tki,10.3
6kjf,4.97
5m6u,8.37
4mot,7.3
5nhj,8.27
3lox,8.1
6d1h,3.72
5vfd,6.44
6fvm,6.6
5c7c,5.26
4ufm,3.72
5moq,4.68
6e2m,5.66
5w8v,8.22
4jg8,8.6
6m95,6.85
4c4g,8.22
6d08,5.29
3ayd,4.19
3zuk,7.46
4dho,3.93
6coj,6.4
5lrk,8.82
4h5c,7.55
5ur9,6.05
4j24,7.3
5ygi,7.05
5o7i,6.09
6r1w,5.3
6poq,2.57
4ryd,11.26
4e1k,6.3
3t60,6.7
3p7i,7.7
3s1h,4.77
4rcp,5.35
5qap,4.0
6h51,6.87
4man,11.0
3u6w,6.92
6ckl,3.89
5hg7,8.4
3wp1,4.85
3rwi,6.94
6jag,4.5
5fl6,7.36
6m9f,8.22
5evz,6.57
5fho,6.67
5tyh,2.08
2y7p,5.47
5uhi,8.04
6ilq,6.36
4agq,5.01
6isd,8.24
4wx7,7.4
5opu,7.28
4jql,6.0
6mln,7.54
4x3r,11.07
6ggd,5.59
4j70,5.24
3qin,6.87
4ia0,7.11
4jv8,5.85
4qb3,5.47
4fk6,9.7
4qzs,7.05
6a6k,7.46
4wri,9.01
4gkc,6.82
3vtc,7.89
5sxn,4.96
4ewh,9.52
5vc5,7.96
4uva,5.75
6cee,4.19
4gz3,5.74
5i38,3.42
3odl,7.21
4pda,4.21
4dwb,5.74
5dhq,5.7
6om8,5.16
4b9z,4.09
6d1k,3.13
3t3i,4.77
5kxi,7.74
5lgu,7.66
4h4m,8.52
5qc4,6.82
5u4e,6.35
4dli,5.62
4uct,3.12
3wbl,4.64
3rtn,7.13
4w9w,7.48
4w9c,4.65
4unr,8.7
4ok3,4.15
6qz6,6.49
4e67,6.48
6q6f,3.35
4ykk,2.77
5k48,6.6
5zku,4.3
5tzz,7.85
4wwp,6.92
6q36,7.6
6rw1,5.88
5x5g,5.83
5vb7,6.72
5f02,7.44
5edc,7.66
6b31,8.44
3ni5,7.55
4h2o,5.52
6gvi,6.82
5jgb,7.89
5n25,7.78
4ef4,5.35
4lge,8.46
6g22,7.56
3rwq,7.46
4uxj,5.42
4h4e,6.68
5a4t,5.89
5fqr,7.59
5mql,5.85
3mg8,8.92
4eqj,5.6
6egw,5.57
4zy0,8.04
6bqg,8.93
4cwr,8.3
5ll9,6.08
4anw,7.74
5qim,11.22
5ya5,6.72
3qc9,6.06
6dys,4.25
3zm6,6.52
5owl,5.92
4y2q,2.92
5c91,3.61
3u3u,6.88
5vrl,7.11
4cae,7.74
5h5s,5.09
3sv6,7.46
5e8r,8.7
4ptc,8.96
3tib,6.89
5tyi,6.89
4ddh,3.3
5aut,5.17
6gmx,2.17
4oak,4.22
3tne,5.72
4ck3,3.57
6fmj,6.12
4efs,8.6
5lub,6.15
5vsj,4.02
5oug,2.77
5ov8,4.74
5hmi,7.82
5wlo,10.82
5vqw,5.7
5trj,5.92
4rr6,6.0
6e7s,7.18
5j9x,7.77
5f2r,4.28
5l7f,9.05
4fs3,7.85
5fas,7.47
4jpa,8.48
3srv,7.5
4j46,5.28
3qci,5.42
6ud2,10.21
2xv1,5.99
3vrt,8.57
4h81,5.12
4l7b,5.64
6g6w,9.7
4bdt,8.96
6afj,6.28
4iaw,9.63
4ydq,6.52
3v66,8.89
4y2u,3.24
4uru,2.22
4qr3,5.85
5ods,4.33
5dgm,6.4
5mxo,5.27
6qe5,5.12
4qwu,5.51
5nhh,8.95
5npf,4.24
5koq,9.24
5kj2,7.82
4zyc,6.42
3r0h,5.92
5klp,4.64
6sge,7.51
5h85,4.7
4ps3,8.7
5h0e,6.68
4la7,6.57
4hfp,7.38
5gvm,6.73
4as9,4.79
5tt7,7.89
6qto,4.64
3qx8,2.86
6eo9,6.8
4wh9,3.0
3sl5,7.66
6ny4,8.52
5ma7,3.47
5k8v,6.34
5o07,7.47
6h3q,7.14
5x26,8.3
5zw6,8.0
4u0a,4.3
6eeo,6.43
2yof,4.6
5t1w,7.11
5ohj,10.42
5y6d,7.26
6exs,3.44
2xyt,6.29
4ljh,4.71
3sue,9.08
4hn2,6.89
4pct,7.15
4eeh,4.35
4cjn,4.76
5sz3,8.6
6ovc,6.52
6hk4,8.55
6ixd,9.8
2y5k,6.66
3uvk,6.8
6bh8,5.12
4j1f,7.92
6dh2,10.89
4o9s,6.55
4he9,8.46
4ju6,6.17
6g3y,5.89
6h14,7.86
6g8k,4.45
5mks,4.77
4a4l,7.82
4bny,7.1
5yy6,7.62
5b1s,3.91
3wuu,5.14
5kr8,6.82
6hgg,5.42
4hlw,5.38
4xy9,5.33
3r16,7.3
4cc3,4.14
6avi,5.71
4gk2,8.8
5t2y,5.66
5aqh,2.46
5djp,5.15
4dmn,5.64
5fcw,6.52
6hti,7.01
4h75,6.6
5gmm,4.54
6hrw,6.0
3qxh,5.24
3zpt,8.51
3p3j,7.92
5mka,4.31
5aln,6.57
4yp8,7.89
5wle,5.72
6hmy,7.24
5fqt,6.8
4q07,8.14
5os1,3.31
4eoy,6.49
6el5,6.88
5fqb,6.52
4qll,3.38
6gxg,5.24
4u71,5.22
5ubg,5.17
4obz,5.72
6oiq,6.57
5a6x,6.69
6ezg,7.69
4rx5,8.52
5dyt,7.6
4k6t,4.1
5ur5,7.14
6drg,6.92
4qmo,7.72
5kma,4.71
6eip,5.7
6do1,8.08
6mt6,3.88
4xoc,8.52
2yme,7.66
4b0b,3.33
5m6m,7.36
3omm,7.43
4pg3,7.85
4ufi,6.2
4ntj,7.36
4i9z,7.74
5op6,4.68
4uyg,7.6
6evo,5.17
4uu5,5.04
5ml8,8.1
3uz5,7.22
4urv,2.77
6dvo,7.22
4zyr,5.7
4q1s,4.17
4fht,6.17
4dij,7.52
3shb,6.03
5xag,5.46
4zsm,2.4
3pkn,4.66
4j8m,7.32
3pkc,6.02
4wht,8.1
3t0l,4.52
4re2,4.98
5trg,7.82
4dbm,7.62
6b3v,9.69
5uac,8.3
5l44,4.4
4d2w,4.51
6k04,8.04
3sap,7.59
3rup,1.57
2yln,7.68
4jsz,2.3
6i7a,4.26
4ura,5.5
5ez0,5.8
5fxs,8.05
3w07,3.38
4ctj,2.51
5bvw,8.82
6aud,6.22
4ad2,6.2
5hn8,4.01
4esi,4.15
5dgu,11.35
4i31,9.32
4yo8,10.52
3rf5,5.63
4u69,4.26
4wmv,4.03
3r5n,5.78
4b85,4.06
3ttn,7.84
6ml9,5.3
2xm1,5.07
6qwb,6.04
4l7n,4.84
5g6u,6.66
4o36,6.36
4xmr,4.07
6i75,4.64
6mo2,6.68
5gmu,3.32
3ump,2.99
2y59,6.44
4jyb,6.96
3rt8,6.35
4aci,2.22
3skf,8.3
2lsk,4.89
6h7j,8.62
3ttz,8.4
5fah,6.15
3r92,7.02
4qfp,4.23
5i83,5.39
4f5y,5.43
6s89,8.07
6hhg,7.76
4ddy,5.62
5nwz,9.1
5e1o,5.43
5jyp,7.0
5t35,7.18
4ybj,9.28
6flg,7.52
6o0o,7.44
5l0c,6.15
3vjt,5.39
4abg,3.57
5dlx,5.7
3b1m,8.48
4oth,8.05
4djy,8.27
6ezh,7.04
5m55,6.62
4q18,6.13
3qxp,7.7
6dgo,5.47
4ei4,8.74
2xu5,6.89
6o48,7.12
6cqt,9.64
5mm9,6.42
3qtv,4.65
4k0u,7.26
5w5k,8.3
6duk,9.59
5jid,3.76
6ck3,7.35
6etj,6.72
3sk2,3.61
3b1t,5.66
5w2s,7.33
4dvf,6.89
3umq,4.62
4qmq,6.59
5bv3,7.17
4bcc,8.05
5i3y,9.4
4l7l,6.0
3wjw,3.87
5tpg,7.85
4k8o,3.77
4e35,4.62
3u8m,8.89
5ap6,7.88
4djs,7.89
5opb,7.62
5efh,6.1
5vil,8.82
6f23,8.3
3r8i,5.35
4kqr,3.9
4jiz,5.62
4l53,7.55
4gm3,9.0
4keq,3.82
3udp,5.22
4zz2,8.04
6qhc,5.2
6pvw,6.32
5ave,5.44
3vf7,9.1
5tx5,7.8
4x2i,6.46
5wxh,6.15
5fi7,7.4
2ncz,3.85
3sut,7.85
6gjd,7.66
6qwi,4.29
6b4l,6.47
5nea,10.3
6n5g,7.0
6i0r,4.35
2ydf,7.66
5j7s,7.3
6htp,6.8
5wkf,3.87
5ar5,6.3
4qpa,7.43
4q9m,7.18
4j0z,7.11
4yo6,5.66
4n4s,6.88
6njh,3.69
6duf,8.14
4mwu,8.49
6gzm,8.26
5alx,5.48
5gmn,4.73
5q15,8.05
6om2,7.75
4x0u,7.4
5toe,5.6
5lxb,9.77
5ap3,7.03
4ona,8.15
5ai0,3.69
4joj,3.96
4zj8,9.26
3shj,7.47
4lph,5.04
5qav,4.15
6fer,4.36
5id0,5.77
5eyc,8.52
3skg,8.1
5j5d,4.68
6ee2,6.71
3udm,4.48
4k1b,11.52
6rjp,8.96
5wa8,6.23
4zx5,6.19
5j59,7.3
5fl1,8.49
4yw7,6.89
5j7j,5.07
6gjl,3.86
4dst,2.96
4hyh,9.0
3oaf,8.8
4hej,4.62
5fus,4.68
4wt6,7.92
4wn5,7.41
5dg6,5.07
4n3r,6.82
4hxm,6.1
4bds,7.6
3r9d,4.15
4nw5,7.7
5jq9,4.65
3pb8,5.24
4zun,4.59
3zpr,6.65
4ksy,8.42
6b3e,6.99
5fdz,5.17
6h9b,5.7
5ak3,5.07
3sl8,6.54
6qk8,4.85
4dt2,4.37
4d08,8.0
5f60,7.37
4nh9,6.43
3rul,6.85
6oxv,10.7
5ipj,8.89
4nwc,5.76
3uoj,7.29
4n5d,3.22
5qaa,3.91
4bcm,6.91
5g0q,10.0
5ulp,4.61
4gsy,6.92
2liq,5.85
4ge9,8.8
3q4b,9.33
3t83,6.98
4ty1,9.26
3zcw,6.19
5t4e,5.36
6ps5,8.43
5z9e,3.48
6a06,8.47
5x13,5.21
5tus,4.43
4gzf,8.36
5oyd,2.75
4u6z,5.41
6ajy,5.28
5a3w,5.82
5am5,5.74
6i14,5.82
6bgx,6.33
4zup,6.77
6n4t,8.09
4a6v,5.72
6pf3,4.55
5v3r,5.3
5byz,7.38
5t31,6.96
6rih,3.98
4i7p,3.5
4iku,5.75
5jjr,7.8
5ovh,6.55
4l7d,6.12
6a1c,8.15
6eru,4.53
4iva,7.16
5jeo,4.8
5q0z,5.85
6i68,4.89
5iq6,5.26
5emb,5.2
6ilz,6.47
4ab8,3.87
3tsd,3.66
4ovf,4.13
4fny,7.8
3suv,4.55
2yjw,5.12
5hjb,5.68
6i97,8.18
4mre,2.19
6knh,3.55
4msk,7.2
6cus,4.89
6k4r,5.84
3wab,7.47
4bdh,4.11
3rwh,7.4
4az5,5.99
3zcz,6.77
2llq,5.82
6oco,6.32
4qls,7.44
6dgr,4.91
3tb6,5.08
4l0l,7.27
4umq,5.38
5g46,2.6
5aad,6.67
3rv7,4.85
5lny,7.38
5j8u,6.47
5zk5,8.37
6czi,6.25
6bee,4.66
5mn1,2.48
5xpm,7.64
4avt,8.06
6ar4,6.24
6fni,8.22
5wl0,9.17
3sl4,7.57
5d9k,8.4
6g9j,8.39
3w5n,3.87
5owa,5.46
4emt,5.3
4anx,7.74
4dcy,4.52
4aq4,6.17
5t1t,7.24
4ouj,2.86
4mw6,5.78
4e3h,7.05
5km5,6.92
2lko,5.67
5o0e,4.53
3t1m,3.04
5j64,6.85
5eh0,7.74
5igk,7.38
5etp,6.15
4g68,7.92
6e2o,8.54
3wpn,4.36
3pjg,3.55
5qa8,3.77
3t3c,10.23
6n6o,9.15
4zx9,7.39
3smq,5.02
4hwr,6.74
4i72,9.05
5k09,6.0
5aki,6.12
3psb,8.52
6k9u,10.05
5n87,9.25
5j87,8.05
4tyt,7.7
5nvx,7.05
4bgg,7.82
3v78,5.54
6h3k,7.96
3p3t,7.24
5nw1,6.6
6i12,5.57
4nrm,3.2
4x7i,7.69
6nwl,7.37
6hhi,8.17
4del,7.68
3zm5,6.74
5lne,4.76
4az0,7.42
5l6j,6.7
3muf,6.49
5v2p,8.29
6ezq,4.66
5ewz,6.34
4j3d,8.28
5e8f,8.64
6hol,5.72
4len,7.4
4o0v,8.48
4zki,2.92
4acf,5.8
6r9u,2.12
3veh,4.96
5l2t,6.19
6g8n,5.84
4zs0,5.64
4pnm,5.85
6evn,4.71
5d26,6.09
6rz6,8.54
6qm7,6.8
3qgy,7.8
6h50,6.81
3ztx,7.74
3twu,5.62
5eiw,2.05
5z89,6.71
4iu0,5.89
4aa0,7.46
5nhv,8.55
5aux,5.0
6bcy,4.81
2y8l,5.82
2yg2,6.05
3twj,7.84
5ny1,6.44
6nzv,10.17
6hzb,8.98
6ftf,8.1
5hx8,10.0
4qvw,5.38
4ibj,4.33
3rak,6.89
3wuv,5.17
6cyg,4.17
4nms,4.94
6ex1,7.31
6few,5.85
5lz4,5.7
3py0,6.89
4e1e,6.31
4nrt,6.0
4mvy,7.54
4j1i,7.4
4kip,8.15
5un1,5.8
4qw4,6.95
2y4a,4.38
4y5i,3.52
4c3k,4.97
4mw1,7.72
3upv,5.3
4m8h,7.6
5cuu,4.37
5ehn,11.64
3m3z,5.73
5iwg,6.46
6f9v,6.76
4qfl,5.11
4rdn,5.92
6c98,4.1
3pxe,5.7
3q7q,5.65
6mny,8.82
3ary,6.0
4x14,2.92
3ati,3.73
4gw5,5.46
5vnd,6.49
4p4b,7.85
3zk6,6.34
4i4f,6.19
4zwy,8.7
4zei,5.88
6f9r,4.97
5m7u,8.1
5ak5,7.07
3sus,4.15
4ogi,7.43
4tyb,1.7
6n3z,6.59
3t3v,8.52
6i8t,5.75
5ags,7.4
4euv,6.3
5ueu,7.78
4xtx,10.57
6gl8,8.61
3tpr,7.7
3vp2,5.1
6ciy,6.7
4ynd,8.55
4qjx,7.28
4nw7,6.63
5ale,5.95
5dh3,7.42
6e1y,7.66
5c4u,8.72
4lpf,3.51
6dsp,6.09
6a03,5.25
5enh,3.72
3o9e,11.3
4qsk,5.1
3sou,5.68
6qyo,7.52
5fbn,9.57
6afk,6.0
6p14,6.66
5xqx,6.39
5w5s,7.77
6e7j,9.48
4yti,7.89
6p3p,6.84
5zyj,7.21
5t9z,7.19
4ysi,5.7
4o2c,8.0
6q8a,8.01
4mx9,8.59
6k2n,1.36
6u7o,10.81
3t8v,6.59
5tx3,8.85
4wj7,4.89
4r75,7.24
4j2t,7.96
5xup,5.25
4agn,3.97
5tw2,7.3
4twt,8.0
6g9b,3.24
3m96,7.22
4qmm,6.34
6mlw,3.74
6cjy,7.64
4o2b,5.74
5ofv,1.58
6fby,5.03
5oqu,3.61
4ibf,4.43
6max,4.87
4x5z,7.63
5am4,6.95
6cho,6.78
4pyv,6.7
5obj,4.78
5db3,7.92
5hva,7.07
3zzf,0.4
3vv6,3.8
4j17,7.27
6nvj,8.28
5wew,6.74
4nnr,7.26
4n7g,5.66
5ceq,7.38
5wej,4.82
5kbh,6.26
3uwk,4.24
5d6y,5.66
5hcx,8.39
4u6r,7.85
5w8j,6.43
4tww,4.2
4mk2,6.14
5m23,8.9
3rlr,7.52
5jmx,5.09
5nib,7.72
6rtw,6.43
4ruu,7.54
3uhm,8.44
5i0l,7.74
4o0x,7.17
4umn,7.2
6pi1,3.8
4qp6,3.46
4bi2,4.03
5ti7,4.96
5oh4,4.55
6fz4,5.95
4zt3,8.0
4k5m,3.71
4igk,4.55
6rvl,5.94
6me5,8.78
3tpx,9.35
5yz2,4.95
6i8b,8.0
4aqc,9.05
6bfp,7.7
5f63,7.92
5bml,8.0
6jap,4.8
6eb2,6.32
6nrh,7.26
4jvq,6.2
5eak,9.3
4kv9,3.84
4aph,5.4
4jg1,6.63
3u8n,10.17
5ujv,3.6
3zya,7.0
3st6,3.62
5dwr,11.22
6cyh,3.15
4ju3,7.07
6d56,8.05
4ryg,8.1
5na0,9.77
4r6t,7.52
6st3,7.03
6c7j,8.88
6qyp,7.15
5aba,2.98
5zkb,8.7
6pgp,7.0
3tif,5.38
3sr4,6.54
4ge5,6.57
6fv4,2.92
3as0,4.55
4jlm,7.64
5lyh,6.31
6nzt,10.2
6eij,5.77
6hk6,6.41
5yve,6.48
4w97,7.1
4afj,6.4
5e2q,5.79
5ab0,7.59
6jay,5.7
5cjf,9.59
5g57,8.4
3o7u,7.28
4bi0,4.23
4i6b,5.93
5iw0,7.22
6c3e,7.2
5cf6,8.09
4amw,1.55
5sxk,4.7
6afi,6.2
6d1b,3.91
5upe,8.05
4wyp,3.36
5ygf,6.21
4j06,5.34
5ntq,7.47
6fac,6.75
4pnt,5.82
3wke,8.89
6eqv,6.62
4bps,2.99
4drm,5.24
6q3q,4.45
5ops,5.06
5uwi,5.8
4ris,6.05
4an1,10.26
4bhf,3.46
3t0d,2.37
6gzl,5.14
4qqc,7.34
2xrw,5.15
5khg,4.69
3vrv,10.54
6aro,5.15
6ajz,4.34
6i5n,5.85
6pyu,8.0
5l15,9.57
5mwa,6.82
5jnc,5.48
5als,7.72
6duh,7.42
3zdh,7.35
5ldm,3.86
4jik,7.74
6ios,4.1
5dgw,11.05
4riv,7.0
3qqk,4.82
6ooz,8.05
6cje,7.22
4ncm,7.0
4lar,4.68
2y6s,6.99
6i10,4.53
4utv,5.09
4oon,7.52
6s4n,6.79
3wf5,7.09
5t1i,3.92
5nkn,9.92
6pm9,8.1
3udn,5.15
6eqs,6.43
5vb9,5.89
4cft,4.95
4cp7,8.11
5el9,7.64
6bkx,6.39
4gq4,7.66
5xms,8.14
4eej,7.15
5xpn,6.99
5ld8,8.05
4ybs,7.24
6n3k,7.54
5jrq,6.77
6ccu,4.45
5u0y,6.08
5bue,8.52
4g8m,7.89
3pb7,5.74
6j7e,5.04
6g93,7.96
4h1e,8.52
6e86,5.09
6b4w,8.3
4z07,7.99
4iuu,5.65
3s73,8.7
6a87,3.15
4w5j,7.24
5ou3,6.21
4g8n,7.2
4mg5,5.34
4jff,9.22
6qg4,8.07
5abh,8.77
4a7c,8.22
5wag,5.21
3t3e,5.99
6hhj,7.97
4c4i,7.66
3sfg,6.06
4few,5.21
5wbo,4.21
4pgh,4.89
5mjn,8.54
5f2u,8.43
5ta6,8.82
4k6u,4.14
4hzm,4.63
6bny,6.4
5dxu,8.4
4p0n,8.66
3qdd,8.77
5efj,6.46
4ivt,6.0
4h3j,7.05
6i62,6.8
4amz,9.82
6mdu,4.25
4l4z,5.68
2yq6,7.35
4a4q,9.4
5vio,8.62
6oie,6.15
6htn,6.07
5y3o,6.86
2n0w,6.15
6cfd,7.86
3rwg,8.55
4ara,6.05
6cd8,4.71
3t82,7.0
4ual,8.4
5n84,7.96
5l6p,7.26
6dh1,10.58
6cj1,5.27
4l1u,5.26
4uyn,8.4
5ael,7.41
5uis,6.84
5yg4,7.37
4ufg,8.15
4x3t,4.54
4qmp,7.85
6axk,6.52
6hqy,6.44
5oh1,4.41
3s8x,7.3
5kgx,4.8
4p6w,9.15
4dpu,7.3
4crl,9.71
3t6b,6.36
6h1i,7.36
6f90,6.0
3tt4,8.28
4kwg,6.0
5ggp,3.3
5zbz,4.95
3rqe,4.77
6ekd,6.44
5d2r,5.82
3u1y,8.67
5bmm,8.4
4zsh,7.05
4g31,9.4
6mtv,5.11
5bs0,7.12
6j72,6.13
6hkm,6.57
6mrg,7.55
5u4g,6.1
6qyk,5.55
6au2,2.3
4rj5,7.18
4y3b,4.87
5drq,10.92
6e5l,7.18
4k5n,3.9
6g2e,5.01
4je7,6.4
6qcg,5.14
4w9q,6.85
4obv,0.75
3sv7,6.08
4a23,5.89
5jga,8.64
4h1j,5.92
5dlv,4.98
4kox,4.77
5q0n,8.06
3wmb,5.37
4q99,6.28
6mu1,8.1
6ays,9.19
6n78,9.68
2y80,8.05
6iby,7.82
3zmv,4.26
5ety,7.51
5ltn,5.27
6ffs,7.2
4azf,6.35
6ajj,6.8
5l4m,5.34
3mg6,7.89
5tyr,9.59
6gge,5.77
3zos,8.89
6jax,4.42
5tuo,6.49
6hjj,5.77
4p0w,5.96
5f3g,6.9
5l6h,6.62
3o9b,12.3
4q4s,6.95
2ylp,4.3
3oys,8.05
6i5g,4.89
4c5d,5.4
6htd,8.0
4mib,9.7
6pys,7.15
2yix,8.48
6dh8,9.84
5uoo,8.85
6gji,3.87
6n8y,5.38
6mla,4.38
4h3b,5.17
6udx,8.0
3rvg,8.3
4jin,5.64
5q0u,6.76
3v3b,7.26
4k7n,3.48
4acg,9.66
5qb0,3.8
4ngh,7.52
4yk5,7.64
4yt6,7.96
5a7j,5.2
5w0e,9.03
5z95,6.55
5d6f,4.37
4tk4,5.1
4cik,6.43
6f3b,6.56
4mha,8.28
5vsf,7.03
5vjp,4.83
3sgt,3.82
4z2o,4.51
6nzq,9.52
6o3x,6.25
3t0t,7.04
5ha9,5.78
6fzp,6.42
6f5w,3.83
5khj,3.74
3zzh,3.36
6ghj,2.16
4hy9,7.1
3b0w,5.7
5xpl,7.7
6e83,4.54
6mia,2.6
4b80,4.4
6g27,3.14
5fng,2.96
6op0,7.86
4qp1,3.61
4q90,2.15
4ncn,5.67
4dk5,8.4
5k1f,4.79
5vk0,9.74
3r01,5.24
4loy,8.09
2yiq,7.9
4i2z,4.87
3u9c,5.89
4bw1,5.9
5xij,7.3
4fil,7.47
5ijp,7.15
2y2j,4.8
5i12,5.92
5fjw,5.4
3rt4,8.8
5mng,4.68
5j9f,7.23
4bt3,3.12
3p9j,7.51
5j5r,6.89
4dff,7.46
5tgc,6.7
4eg7,7.34
3vnt,8.66
4alx,7.28
6g25,3.52
6g7f,5.0
2yjx,5.12
4wyy,6.0
5twl,7.98
3wf7,6.69
3tdu,5.67
5nbw,8.59
5wcl,4.52
4b71,5.89
4ln7,7.39
4ih6,4.74
4xy8,6.4
5aol,2.32
5m0d,6.09
6pvz,3.47
4a6b,8.38
5jox,4.46
6hy2,7.3
2yki,9.46
3uph,7.82
6g2m,7.82
5lz8,6.01
5ovg,6.4
5l0h,5.64
6gdy,5.46
3u6i,9.0
5ywx,9.85
6v1c,4.19
3wk5,4.82
4pni,6.09
4j51,6.59
4a9s,7.21
3sow,5.14
6ak6,5.56
5i0b,5.06
5ka7,4.35
4ucv,2.88
6k05,6.56
2xiz,3.89
6ocz,8.52
5lsy,6.54
6djj,4.1
4x7h,7.38
4res,7.85
4e3o,6.51
4jh0,9.03
3sh1,7.39
4wpn,6.68
5kr0,9.15
4kqq,3.9
5v2l,3.54
3t70,6.3
2xys,7.42
4mn3,5.75
3qxv,8.4
4d1y,7.13
6qfu,7.46
4q1d,7.78
3vbv,5.0
5fi6,7.52
6qe0,4.6
5mra,8.0
6oio,6.54
4qws,6.5
4dt6,7.23
4zyu,5.97
4kcg,8.3
5epl,7.03
3mxy,6.41
4x3s,5.89
6qs1,5.61
3uza,8.94
3wk4,5.13
4zjr,7.54
3p79,5.64
5jbi,6.92
5o9h,6.62
4guj,3.05
5enm,7.15
5f01,6.38
4auy,7.74
3qu0,7.7
6md4,6.16
5edr,7.46
4jyv,7.77
6bau,4.51
6eox,6.85
6p3v,7.02
5g2g,6.05
4jit,6.64
4h71,4.45
6h29,5.62
4nyi,3.06
4ju7,6.17
5hgc,8.66
5iu2,7.8
6bbs,9.89
4z7h,6.66
4hva,5.89
5lgs,7.06
4egh,3.26
3th8,6.25
5dtq,3.86
3uvp,7.46
5i3x,8.1
6qft,7.46
6hwz,5.17
4dds,5.01
6d1i,4.09
4uwf,8.15
5ai6,4.4
6ffn,8.22
4zw6,5.72
5h1u,3.51
4ayr,7.0
4cpr,7.46
2ll6,10.0
4qtl,6.92
4b7z,4.31
6ggn,10.1
4rrn,7.32
2xu3,6.8
3t4n,4.14
4e3f,2.52
4ca5,9.39
4s3f,6.24
6mhm,7.54
2yac,8.7
4mx5,4.55
5ut4,4.38
4uvb,5.49
5m29,7.4
4bdi,3.64
3spf,3.86
4ww8,10.17
6ql2,7.77
5q0y,5.73
4wp7,6.1
6c0n,8.37
5ost,4.56
3sm2,9.7
5m34,6.82
5amg,8.22
5o0b,4.18
3sd5,6.58
4azi,7.45
4m4q,7.96
6dji,2.51
5sz7,9.7
5wyq,4.84
6cjh,5.42
3pm1,5.93
5wdl,6.17
5jnn,5.35
5jim,3.99
4rrs,6.68
5mgk,4.0
5w4s,4.03
6q6o,7.54
6np3,6.47
6ar2,6.41
4dr9,8.0
6dpx,5.89
5tp0,5.44
6d4w,5.25
3rxi,3.06
5o0s,4.24
3vqs,7.75
4v1f,7.7
4de5,3.15
4fm8,5.97
4giu,5.33
5xjm,9.37
5dfp,7.66
6miy,7.73
3w2o,5.08
4deg,8.22
3sww,8.4
3zev,8.64
2y5h,5.79
5wqa,7.96
4xkc,5.87
3vhc,8.89
3vs3,9.37
5dxe,6.41
5gg4,5.82
6bir,7.52
5joh,5.96
4b4n,3.44
3rz7,8.96
5ff6,5.02
5vm0,8.8
5mes,6.47
4fck,1.26
6oa3,6.4
4pmm,7.57
6h7m,7.8
6s1s,5.84
4qew,7.07
5ko1,6.64
3s56,9.62
5l2y,9.85
5uir,7.14
5l26,5.35
6clv,4.88
6dgz,11.3
2xj2,7.18
6ap8,5.1
5ehr,7.14
5lrq,5.8
4k3k,2.35
4e3n,10.3
5nba,7.3
5d75,6.7
4ahr,2.19
4q4p,6.39
6ewk,3.77
2n1g,5.64
5go2,3.22
6h4x,6.88
4bo7,7.0
2y55,3.87
4mc1,7.85
4jyc,6.7
4ayy,8.17
4j3i,5.74
4qvn,5.1
4u7v,5.49
5mte,6.78
3mt9,4.59
2xxt,8.05
6hu1,6.72
4re4,6.87
4k43,6.88
5ghv,7.92
6ew7,5.54
4urn,4.46
6qhr,7.72
4oys,8.82
4qgg,9.0
6qr3,6.44
5am0,5.88
4jbo,7.62
5i3v,7.8
4myq,7.49
6eeb,5.3
5f9e,9.34
4c6x,3.76
4ybk,7.82
4yrd,4.57
2y6d,7.1
2ykc,6.11
3u8l,8.05
5fv7,6.74
6m7i,3.41
5ia3,7.34
6huq,7.14
4abh,4.15
5bqs,5.64
5dpw,5.37
5dw2,5.84
4bw4,6.2
5w86,8.7
2n8t,3.37
5fl4,7.0
4gr0,9.55
5i4o,7.28
4myd,4.55
5wj6,7.57
3arv,5.64
2y4k,5.46
4knm,8.0
5zde,5.75
4l51,3.0
6eux,5.92
5tnt,8.31
5gn9,7.05
6iiv,6.85
4daw,7.08
5up0,6.34
4u0c,4.31
4xoe,5.0
5v49,7.3
5ha1,7.19
4ha5,7.24
6ds0,8.66
5hyq,6.82
3p8n,9.28
4zfi,6.3
6fne,5.52
4r5y,7.64
3pp0,7.96
4yb6,5.32
6n3e,4.72
6p3u,7.02
4yzm,5.27
4gs6,7.15
6mck,7.92
5drr,11.46
4gmc,7.74
5urj,5.28
4jq8,8.1
5yhg,6.02
5v19,3.3
6bqa,5.85
4bs5,8.22
4loi,6.77
4dce,6.76
4yh4,4.59
3ohf,7.03
4ibi,4.14
4igt,7.89
6mlo,6.1
4fpk,4.24
4yfi,6.3
3u3f,5.1
5zk8,8.89
6nvg,8.07
6qs5,6.24
6fn9,3.55
5elz,6.34
6f3f,4.52
3vry,8.11
6dvn,7.85
5ey9,5.41
5jzs,3.27
4tmf,5.48
4d8z,6.29
6j7l,4.5
4gbz,3.11
4hvb,9.95
5ukm,7.52
4ppa,9.1
4mc9,9.44
5u5k,4.02
5n93,8.66
4edu,3.99
6h1u,5.32
5j27,6.74
6c5k,7.16
4emv,8.3
3vw2,4.75
5u8c,7.53
3qfd,4.17
3n2e,4.96
6qi4,4.37
6aoy,4.97
5eth,7.25
5hf1,5.74
5ylu,8.62
6ic7,7.11
3tv4,6.96
6hv5,6.49
4kwp,7.49
5usy,7.51
4xm8,3.02
3atv,5.34
4cpz,7.68
5m9w,2.24
6oin,6.0
4cq0,5.09
5h1e,7.54
5en3,6.21
4p75,4.1
4hp0,6.12
4qyh,8.89
3rxo,4.08
3vzg,1.72
3zmq,6.44
4cfv,4.63
6msy,7.0
4u5n,2.48
3oxi,5.66
4qc1,4.99
5wii,4.49
4mzh,7.18
3sw2,8.33
5mpk,8.52
4wz5,5.51
6fyv,7.96
4zbi,6.51
5etu,3.89
6bw5,8.25
6agp,5.05
6dih,2.72
3pxy,5.23
4j0t,6.74
5vi6,8.52
5zdc,5.75
6mle,9.0
4nhc,7.34
5lcj,6.64
4pov,8.28
5dry,7.7
6jz0,7.82
6gg5,3.65
4hs8,7.92
6g35,7.76
6haz,7.0
5k6s,6.26
6g0v,3.78
5eml,7.64
5a3n,7.72
4zuq,6.89
5nfh,7.74
5tcj,7.38
4x6y,7.72
5ttv,7.54
3wqw,5.23
4ory,3.53
6gy0,7.32
6ew3,7.4
4hz5,5.92
6hcu,7.82
3pz3,6.85
4utr,6.15
4twp,10.0
4mwc,5.87
5hip,6.05
5umw,4.23
4avs,3.49
5w5u,7.19
4yml,8.35
6ecz,6.57
5ufi,8.4
5iee,4.94
5fap,8.0
5afn,4.47
5l3g,6.23
4bie,6.6
3skh,6.05
5fb0,5.47
5lvr,3.6
6jwa,4.96
4k19,8.36
6ugr,6.27
4i8w,10.9
4ymj,7.0
5yg2,6.89
4gsc,5.85
4o37,6.16
5nu1,9.0
6hle,9.31
4yik,6.89
4y2t,3.82
3rxl,2.62
2mpm,5.89
4g3f,8.36
5uwn,7.87
3uu1,5.2
3srb,4.19
6un1,7.89
4y2p,2.66
4i74,6.72
4mr4,5.94
4xhe,10.3
4mmf,6.53
5hcy,8.92
4exh,6.15
5y80,8.79
5gu4,5.47
4ezl,8.59
4lhm,3.39
5jic,6.89
4m14,6.7
4j9a,8.22
4dkr,6.52
6rtn,6.63
4jv7,6.0
6b27,5.03
5sz1,8.92
6g2s,8.4
4wy7,6.78
3rmf,4.09
3ro4,6.23
6n3w,5.81
5nau,7.52
4zts,7.6
6pl3,8.52
5bpa,9.0
5vpm,8.8
6oxp,11.0
2yay,6.1
4olc,6.19
5tri,5.06
4jxv,4.51
3tv6,8.32
3wcl,6.59
5w0l,4.74
5yu9,6.74
4d0x,8.1
4tky,5.7
6aec,6.15
3rbq,6.27
6nu5,5.15
5k0f,6.07
6fi5,5.52
3s2v,6.8
3oev,8.13
5u4b,5.74
6qlq,4.51
6nsq,8.1
6pia,4.96
4inh,6.25
4q0l,7.7
3zc6,9.22
4du8,5.37
6iyw,7.23
6mjq,7.88
5w38,7.33
5ta2,7.96
2ltv,5.16
4bi7,4.58
4dko,6.52
6bnl,6.96
5m5d,3.95
6jn6,7.15
4bo0,6.7
5ei8,8.1
5zz2,8.85
3prf,8.85
4anm,7.55
4ovg,3.69
4qyo,8.22
4tkj,6.04
6hhp,7.49
5tol,7.48
4qxo,5.51
6g9x,3.92
3uzd,5.05
5mg2,7.77
5zms,5.23
5lsh,3.39
3hlo,6.21
4rlw,4.87
5chk,5.39
6j0k,5.64
6agg,4.07
5ogk,5.11
6cqz,9.64
4gnf,3.35
4eoi,6.05
6pii,6.96
3zyh,4.29
6er4,2.77
4ya8,6.1
4hwp,7.76
4umb,4.0
4fxj,3.62
5ttw,5.96
2lwi,3.11
4b4m,6.69
5uc4,6.46
5bnr,6.28
6prt,2.67
5ih8,6.74
4zij,3.25
5xgl,6.88
5uzj,6.78
3r4o,8.15
5yba,4.77
6naf,4.26
4eh4,2.81
4x5p,8.21
6eiz,6.22
3n23,8.52
5l9i,7.0
5cgj,5.22
5jn9,7.79
5kz0,7.66
3uex,6.92
3sz1,4.66
5ke0,9.7
5mk3,4.05
6ib0,7.4
4yur,9.8
5e1e,7.66
3s7b,6.3
3sl0,2.7
2xzg,4.74
4n84,6.29
5xv7,7.96
5vij,7.61
2yol,6.89
5q1e,6.92
5e8w,4.39
5gty,7.72
4zbf,7.13
5ism,9.15
5auu,4.68
4oc4,6.98
6dj2,8.12
5jgd,7.96
6ayd,6.3
5h22,7.44
4x0f,7.0
5iaw,4.81
5nk3,7.42
6r8l,6.17
5t8j,9.0
6szj,5.82
5d6q,5.24
4kn4,7.24
3wv2,7.92
4zx0,8.0
5mny,1.31
4ymq,5.8
3tzd,4.28
5w2p,6.88
4mm7,3.63
3w8o,7.62
4jxs,4.74
4qw0,5.14
5ylv,6.82
5d1w,5.12
4pnw,5.05
4bkt,3.62
4eol,6.05
6q60,5.71
5efa,4.83
5akz,5.26
5ntw,9.22
6qsz,7.15
4mdt,5.0
4psx,6.47
5n4s,7.26
5yia,5.52
6biz,6.57
4lh3,1.52
4bxk,7.95
5h0b,7.96
4abd,4.4
5k5n,8.05
5fsx,2.72
4ztr,8.3
4kzb,2.89
6f2n,6.7
5g4o,4.43
5m0s,6.69
5j1x,5.52
3vbw,5.22
4o77,5.6
4b5t,3.33
4mb9,8.0
6oxz,9.67
6emu,5.03
6g8m,5.38
4mbf,5.77
6d4q,6.08
5dtk,4.3
5yso,7.4
4p6e,5.89
3u4u,8.52
3sdg,5.55
4z89,4.69
2ydo,7.51
4d85,6.85
3te5,4.91
6hhh,7.17
6ufn,5.64
6if0,6.51
3t84,6.97
6a9c,2.74
3zmj,4.93
5u6d,8.59
4txs,3.0
4k78,4.79
3aox,9.08
5k0i,8.7
6gjm,3.58
6qgj,9.0
6ipj,5.79
5ap5,7.97
5hbh,7.31
4zy5,7.59
4kpx,7.3
5hda,5.13
4jwk,8.32
4gw8,6.06
2yit,9.54
5fkj,10.66
6hky,9.34
4w9g,5.26
4k9y,6.95
6hvs,5.23
5nfa,5.25
6hvu,6.59
3que,8.82
5ehy,6.09
4uns,6.7
4ot6,5.92
5uwp,5.8
4u7o,3.35
5k0h,7.09
4r1y,6.4
3v4x,6.15
6gnw,4.99
4u0w,3.0
4jpe,7.32
3s1g,5.19
4zow,4.12
5zk7,6.71
3qqs,5.82
6h7l,8.97
4q3s,6.59
4rhx,5.8
6bw8,9.0
6c5f,4.48
4f1l,5.12
5oh3,3.87
5g3w,7.38
4mw2,6.7
4mw9,7.02
4j04,4.96
4k5p,3.46
4kz5,2.0
6e3g,7.36
5ugm,5.9
4bkz,7.57
6mdb,7.17
6g46,3.73
5f2k,6.16
4djq,10.32
3r4p,7.96
4css,8.46
4ylk,6.74
6qr7,7.15
5ar0,6.14
5ar8,8.1
6r7d,8.62
4z22,6.24
3znr,7.44
4gql,9.59
5lhg,5.6
4p4j,6.15
6d6u,8.21
5j9l,7.47
3ppj,8.7
6nri,7.57
4twc,7.4
3rjw,7.57
5vp0,9.21
5u06,6.66
6o9c,7.55
6i3u,9.22
4bnz,6.59
6qat,7.33
4olh,8.3
6csp,8.52
4jnc,8.52
4deh,6.21
4odk,3.8
4x5q,9.0
5anq,5.4
3qzq,5.64
4zip,9.68
4cqe,8.43
4hdf,8.49
5ar4,6.7
4yhq,8.77
2yfa,5.07
6eo0,6.43
6i0k,4.89
5hfc,5.72
5ak6,3.49
6fii,8.02
3qwc,4.26
5k8o,5.96
4c70,3.52
5fqv,6.21
4b7q,9.74
5uxf,7.06
6od6,8.21
4g17,7.54
4i9h,7.17
5xyx,4.84
5izc,3.95
4gkm,5.17
4ogn,10.0
4hdp,7.51
2xx4,7.1
6ccm,5.25
4fns,6.7
6dh7,9.88
4ztq,6.32
6c3l,4.44
2mps,5.41
5dtt,3.51
5ien,6.52
3r7r,8.74
6h7o,9.85
5awt,4.52
5mwz,5.15
4nrq,3.46
5vsd,7.24
3qi1,7.66
4ufe,8.15
4g8r,7.66
6f8g,4.18
4qmw,7.07
4x8v,6.89
5y93,5.64
5qax,3.8
4o91,6.83
4ayw,4.0
6dgy,11.3
4mh7,5.23
4bao,8.37
6ipm,3.69
3udh,2.85
4e3l,8.52
6pvv,5.85
5v35,6.96
5km3,4.6
4ebw,5.06
5alz,8.22
6rj5,6.52
5e80,8.3
5ais,6.24
5o1e,4.48
6hs0,5.5
6ee4,6.69
6cqf,8.35
4abk,5.72
6m7h,4.7
6tld,5.35
5lvl,5.9
5nzm,3.9
6jsz,5.68
4cix,4.47
5gvn,7.05
5two,8.09
6r7k,7.3
6npf,5.85
4l52,8.4
5fpu,6.26
4yoj,6.39
5uvc,8.21
4zw5,4.43
6afr,7.15
6udv,10.29
5aib,3.8
4jzd,8.3
6g8j,4.76
4zs2,5.49
6hay,7.01
4ibd,3.67
5etr,6.52
4qlv,7.85
3usx,5.02
4uja,9.05
4oct,5.05
5wyz,7.68
5zma,5.52
6gx3,3.6
5kbq,7.0
5xmv,7.68
5zla,4.3
5v41,6.15
5ftq,8.0
4g5f,3.05
4r4t,6.26
6djc,6.63
3rah,7.92
4py2,6.57
4rfm,10.05
6prg,3.7
5efc,4.85
3rxd,3.73
2xln,4.48
6fnt,4.68
3qc4,8.7
4xjt,5.14
4iwz,7.29
5eq0,5.92
5mat,6.24
4mrh,1.9
6aan,2.75
4bo4,6.89
5lz2,3.0
5tkj,8.15
6fse,4.74
4aia,3.66
5alp,7.07
6bil,6.24
2yjq,5.28
4zx8,7.1
5fb1,5.92
5toz,9.46
3mtd,3.47
5t6g,5.96
6g9s,8.0
4odn,6.74
4y79,7.96
3qs5,4.71
3vfb,9.04
6a5e,5.49
4ylj,8.22
5t1s,7.08
2xyf,8.44
4r95,7.85
5afk,3.88
4mxc,8.17
6hvw,5.55
4hgc,10.0
5dd9,6.11
4quo,7.92
4yz5,2.83
3pj8,7.4
4qsh,5.1
5cuq,5.92
4wet,3.35
4e9c,5.96
5bjt,6.3
5u0w,4.24
4jfi,4.74
3zcl,8.0
6ei4,5.28
4w9s,6.82
4cc6,6.64
4g93,3.52
6cw4,2.82
4jjm,7.57
6nzm,9.0
5eue,6.77
5erg,4.35
5ykp,7.05
5yf1,3.28
4p0v,5.92
6gnr,5.44
4jz1,6.7
4c1c,4.97
5dy5,6.79
3opp,6.28
4u0g,5.29
6hld,9.21
6ai9,6.74
4bzr,7.6
4o09,7.7
5nkc,7.72
6u80,4.43
4ejl,5.14
4k2y,3.33
3uoh,7.89
6huu,7.46
6evp,4.53
4z84,5.82
6fo9,7.75
4aml,2.1
3unk,4.82
4fgx,7.14
5tuq,6.35
5od1,5.96
4hvg,7.77
5d7x,4.82
4eb8,9.82
2mg5,6.15
6cdj,11.7
4ajw,5.86
3arz,6.0
6fdc,5.64
5f5i,6.02
6b4u,7.68
4r5b,6.73
6h13,7.23
6n7d,9.52
3uzj,5.55
6bg3,4.92
6gfy,6.61
5naw,7.3
5fyx,4.16
4q8y,2.64
2y9g,3.77
5qin,10.4
4iu4,5.0
4d7b,7.68
6o5a,6.29
6jav,5.76
3uxg,3.96
5l2n,5.55
3s54,9.64
6dh3,11.3
5qa4,3.77
6b2q,8.05
4iid,5.62
6o1g,9.0
2n7b,3.55
6cjj,3.9
3arg,7.26
6gvf,7.55
5ot3,5.23
6hvr,6.48
4ddk,2.29
6aaq,2.41
5vfj,4.7
6guf,6.65
6r0x,8.7
5x79,4.92
5ni7,7.7
5odx,6.71
4zx4,7.11
4wf6,6.3
2yi7,8.32
4u2y,3.99
5q12,5.33
4qwg,5.97
5h9s,4.06
5axp,9.03
4lmn,10.3
3rum,5.77
5eud,6.82
4egk,7.72
5lwn,7.77
5zdf,5.7
5w2q,6.88
4qlq,8.18
5vl2,8.42
4k2f,7.4
6mi6,4.54
5nmg,5.75
6b59,8.09
4agm,3.98
6buu,5.44
5j6m,8.57
4nct,7.55
5b5f,5.25
5cnm,6.81
4wko,9.47
4np2,2.26
4y62,2.95
5mk1,3.88
4pxf,3.1
4og7,6.94
3m93,6.62
5tyj,7.46
6drx,9.24
2yig,7.1
5j8m,6.8
5eie,7.64
4md6,7.77
3nzi,5.59
6guk,6.15
5nzo,2.24
5lmb,7.8
3uf9,2.11
4yvc,5.96
6imd,4.23
5qj2,7.68
3v5t,8.22
6uvy,6.0
5agi,4.34
4ool,6.85
5alu,7.66
3qpp,7.92
4m1d,7.64
3w2r,7.72
6gcl,4.47
5da3,7.1
5elw,7.85
4wvt,5.31
5c3p,4.46
4ie3,6.01
5d7c,6.85
6gnp,4.55
4h3c,5.72
3pn1,6.96
5v4q,2.57
6b5m,12.0
5n8e,5.33
5lif,5.87
5fgk,8.77
5mtx,7.75
4us4,5.32
4bup,4.95
5eif,2.55
3qx9,4.05
4i71,7.74
4db7,6.56
6f0y,5.11
3zy5,6.64
5aip,2.82
4n8q,3.42
5t2i,8.7
5uv2,4.4
6ul8,7.52
3q92,7.92
5iay,5.8
4ww6,10.21
3p44,8.01
4jjf,8.0
4ym2,2.85
6fgy,7.15
4own,4.22
3zw3,7.47
5knx,6.1
6pgo,4.7
6aad,2.79
4w9j,6.23
2lnw,5.85
4yy6,4.22
5w5o,8.1
4zmf,3.96
4h36,4.27
5jvi,6.51
5lla,7.72
5f3z,4.54
5mi9,8.35
5cao,7.42
4lv2,8.0
6f1w,7.96
5uov,10.6
3rdq,9.31
5ufr,8.7
2lp8,7.52
2y1x,7.57
5xmu,7.51
6p88,4.52
4e5f,4.82
3r4m,5.92
4c1u,7.09
4li5,6.26
5olk,6.0
6c9r,6.71
2ydj,8.3
5faq,5.28
5mlj,8.85
5i59,6.95
5e1b,4.84
4gzt,7.77
6ebw,8.6
5hbs,7.73
3qxm,7.48
4zw3,7.57
3q7j,4.52
3q6s,6.74
4k5l,4.96
6g29,4.33
6ayn,5.04
4f49,6.09
6c8x,12.3
4abv,6.07
4avi,7.63
4hxw,8.7
5v5n,8.02
6cd4,5.34
5kk8,5.84
5nxy,5.05
4fzj,3.15
4yad,5.6
5qa5,3.52
4or4,4.57
4j86,3.77
3r5j,6.96
3p3r,7.25
4k4j,6.12
6eif,6.98
5nvy,6.12
6b1e,7.47
5w4v,7.15
5b2d,4.25
4y6r,5.48
5ixt,4.6
4a4o,8.05
4unq,6.62
4xxh,5.0
3s2o,5.05
5n1x,3.16
4bbe,8.44
4k76,5.35
6q89,9.85
4xum,4.67
5a3q,8.6
3o3j,6.4
6ohd,9.38
4r5w,7.13
4p72,4.09
6bt0,5.68
6d4s,6.05
5svx,6.19
5vqz,6.39
5heb,6.1
3rxh,1.8
6nwc,7.74
4mbl,8.54
4qmt,8.0
6mja,7.85
3wch,7.05
4lk6,5.2
4k7o,4.3
4msu,5.85
6pl1,7.65
4k5y,8.17
5orv,2.89
4q7p,4.32
6bmr,4.22
4wgi,5.35
5gwz,4.71
5y3n,7.1
4z6i,6.31
3vc4,7.62
6fzj,6.33
4eo8,8.15
5t2d,9.1
3qkd,8.38
3skk,4.47
3r8u,5.3
4j5c,5.52
5yvx,5.89
3mta,4.3
6g8i,5.17
3rxa,2.85
4e5w,7.66
5fat,6.96
5h09,5.88
4dld,5.82
5j8i,8.29
4pp3,7.82
4lv4,5.0
6det,8.22
4rse,6.4
4x7k,8.4
4pg9,7.8
4zxy,6.4
4z93,7.35
6qlo,5.06
6haj,4.97
5jg1,8.72
5o0j,4.77
6iph,6.66
5idn,8.59
6mvx,5.14
6b7f,3.87
5n9n,9.39
5yg3,7.85
4mlx,3.19
4gvd,4.57
5wgp,5.62
5aei,8.96
4ykj,4.43
4ce1,4.38
4yoz,6.8
3q3k,8.13
6hm1,6.04
4mm8,6.11
5oh2,4.24
6mju,7.56
4fea,6.47
4cli,8.89
5yy9,8.04
5fbe,4.85
4o4r,6.06
4pis,7.22
6p89,5.01
4b11,5.64
5i7y,7.28
4e81,5.24
3wdd,6.11
4kij,4.3
5tq1,5.49
5lwe,9.96
4w9h,6.73
5i94,7.52
6nsx,6.64
5kqd,6.3
4zpe,6.35
5mja,6.66
3p50,4.62
4rfd,8.05
5xwr,5.98
5er4,2.76
6gla,7.57
6bj2,5.4
5eym,7.6
3msc,3.31
5mih,4.19
6eeh,6.54
6pi5,6.96
5fe6,2.16
4dgm,5.92
4ok6,4.85
5trh,5.08
6nu1,4.51
5sz4,9.7
5wlv,8.52
4ah9,2.46
4kju,8.22
6p3t,7.32
5ti5,4.39
3rsr,4.36
4um1,5.77
5u69,6.22
5kh3,4.22
6oac,7.95
4mjr,3.55
6g1v,7.23
4wey,3.5
4cpt,7.7
5khi,6.77
4m0z,5.19
5a00,7.52
4pp0,4.4
4ng9,7.12
2xyd,6.82
2yim,3.92
3zpu,8.38
4r93,7.8
4loh,6.96
6uim,6.74
5n2f,7.1
6sen,5.55
2y68,3.6
5nmf,7.42
4c66,4.1
4nuf,5.3
4dhq,4.49
6u5y,7.16
4nyt,2.39
4tq3,5.49
4yuz,5.04
5t1u,7.16
6s9w,7.23
4hwo,8.54
4x8o,6.6
4mvh,8.35
4mz6,5.02
3ztc,4.56
5fe7,3.31
5caq,8.57
4k0y,7.82
6ge7,6.06
6hgj,4.38
4fak,4.28
4k6v,4.63
6hh3,6.24
6nzk,4.3
5ixq,4.7
4fc0,7.16
4b3u,5.33
5j82,6.0
4i60,5.73
5izm,5.92
6db3,7.25
5zyg,5.21
6g4m,6.6
4o05,7.43
6inz,5.8
4h7q,5.06
4pd5,2.86
6gl3,7.96
4ty8,2.03
5t8r,4.29
4pgd,6.92
4l7r,5.02
4ucd,4.0
3qkv,7.44
6fjm,6.24
3mam,4.12
6eaa,6.09
5vcv,6.82
6dha,5.68
5c5h,6.4
5vb6,6.37
3wq6,4.59
6pvu,5.21
4lq3,6.35
5u7l,6.37
4bhn,8.2
3n4c,8.02
5ly3,7.51
6jsg,8.34
4rj6,7.12
4q9s,3.81
4mc6,9.59
6jjz,8.64
4uiw,7.3
5v8p,4.99
3t09,3.8
5zdb,5.75
3rwd,8.0
4j8b,4.79
5ey4,3.12
6ma2,5.39
5tyo,8.21
5vcx,5.55
6b30,7.22
6no9,10.52
6dz0,9.03
4an2,9.05
3uvn,6.59
4utx,5.24
4ryc,7.1
4i32,7.24
6g4n,5.64
6ak4,5.46
4hkp,4.55
5vqq,5.28
4wsy,7.77
6jaq,3.95
4z1q,7.82
6sq0,9.1
5lyw,6.15
4n9a,4.19
6fyk,8.52
4mqu,8.4
3rk7,6.7
3mmf,7.43
6i78,4.74
3sx9,8.89
6ggb,5.39
3wyy,8.49
4gzx,3.19
5dxt,9.7
4hev,6.34
4nhx,5.72
6pf5,4.96
5a3u,8.32
5o58,6.72
5q11,5.14
4und,8.96
4zqt,5.64
5q0o,7.61
4qmv,7.64
5a5s,5.9
3uok,9.1
3mt8,4.55
6m89,5.64
5yc8,8.19
4j4n,6.88
6hsk,7.03
5kcb,6.0
5z4h,3.02
6fmp,5.64
5u4d,6.33
5fdp,6.51
4na4,6.92
3o9a,10.7
3wiy,6.21
4fcr,9.4
5epy,7.4
2yne,8.57
5nr7,6.02
5wh5,7.19
2l84,7.72
2loz,4.06
5aml,9.15
4u0d,4.31
6sfk,7.15
5aag,7.34
4yuy,3.34
5ivt,9.1
4e34,6.01
4an9,7.36
4daf,7.12
5zjf,4.54
5u00,8.7
4bcj,7.96
4jfe,4.51
5kbi,5.39
5itp,5.0
4jpc,7.03
3tyq,8.3
5ll4,8.4
4yux,3.74
5i2e,6.64
2xbj,8.52
4xhl,4.43
5tex,6.4
4kyk,4.74
5yjk,6.09
6q4g,4.3
4esg,5.56
4ie4,5.48
4z0k,6.34
4rll,5.02
4iur,5.58
5jjm,7.51
6acb,9.41
3qt6,5.37
3ujd,4.69
3s9e,5.13
6aji,4.53
6hb6,7.36
3q4l,7.26
3u7m,7.45
6p8x,5.56
6j8r,6.12
6uhv,6.92
6aqq,6.55
3s43,8.6
6ipi,5.71
3poa,7.0
5qaj,3.48
4nld,7.7
4yv9,6.4
4men,3.9
6bky,6.57
3qaa,11.54
3zlq,6.04
5fao,7.96
4yp1,5.04
4lwe,7.15
3rf4,6.25
6ahs,5.82
4cfe,7.22
4tya,2.39
6f9u,5.13
4rj4,7.8
5alr,7.07
5h1v,4.0
4dum,7.02
5v9p,6.14
5t97,7.77
4do5,5.83
4c68,6.17
5etl,4.64
5a2j,5.85
6n5h,6.45
4x2s,6.55
3aje,5.03
4i7k,3.04
5lo5,5.87
6elp,6.63
5b0x,7.7
6htt,6.66
2lgf,5.57
4mw5,7.35
5ets,5.91
3wc7,8.26
6iae,4.7
4ec0,6.07
5k0x,8.36
4ret,7.59
6cf6,5.24
5fcz,4.2
6mub,7.0
5kr2,8.48
6b41,8.48
4g16,6.85
2y1n,4.77
2xel,3.9
5izl,5.73
4ujb,8.0
4nmx,6.18
4aoi,8.4
6hv4,6.23
4fp1,4.57
4anq,6.22
6bxy,8.05
6n9t,4.15
6dyr,3.66
4e49,5.11
3tu7,8.09
4ep2,5.35
4dcs,5.1
4yef,5.35
5jo0,7.3
4e96,6.66
4lc7,4.93
3s2p,7.17
2yfx,8.09
5gic,6.48
4tsx,4.99
4cg8,6.96
6dz2,8.85
6gbw,8.45
4xx3,7.25
3oli,7.38
3nyd,3.48
5c29,6.06
5svz,5.92
3vru,10.0
5f32,4.94
3s8o,6.85
6gj6,4.7
5iu6,3.89
6edr,4.55
3zze,8.89
5d25,6.3
5ap2,8.48
4bdg,4.12
6pk7,4.72
4ybi,6.6
5gr9,7.48
3vf9,8.72
3zi0,7.4
3ska,7.49
4joh,3.35
2y6o,7.6
3qkk,6.52
2yer,7.7
5oci,8.05
6pxc,6.37
5nxx,4.77
5wip,4.71
4g19,3.58
5ew9,11.0
3zs0,6.7
6q8k,6.54
5ak0,7.68
4wy1,5.29
6g2c,4.66
3ove,6.57
4in9,4.97
5aoi,3.03
4q7v,3.59
5lzh,3.1
4p44,7.8
4bo3,6.52
5ai5,7.03
6g39,8.34
3r2y,8.07
3v04,7.89
3o0g,6.22
4c35,6.25
2z94,5.85
2pwr,6.59
3oc0,6.28
3k15,4.92
1jgl,8.7
2kbs,5.0
1fzj,8.1
2h8h,8.57
3fvh,6.35
3f37,2.62
1hvy,6.54
2ggd,3.8
2rc9,7.4
2ohq,4.6
3h2a,3.96
3mxf,7.31
2iku,7.1
2k46,4.58
1i72,7.26
1h2k,2.92
2h2h,4.98
1qwu,3.22
1pmn,8.15
1xot,5.42
1n0s,7.45
1nhz,6.08
2q72,2.68
1n46,10.52
3hio,6.52
2owb,6.36
3iph,7.6
1ilh,7.39
2wva,10.7
2qmf,8.52
2a8g,3.69
2vh6,9.7
1pdq,5.3
1g9r,5.7
2jle,6.42
1g2m,7.4
1qxl,7.96
1ouy,8.37
3ddf,4.66
1uyi,5.39
1y2f,4.92
2zpk,7.76
2vtl,4.01
3dya,8.52
3hll,8.24
3feg,4.35
3hik,6.35
1pu8,3.1
1yys,6.33
2fzc,2.7
2ds1,8.47
3dtc,7.59
2nmy,8.37
1oss,4.79
3ggj,6.0
2vkm,8.74
3lka,2.82
3el8,7.6
1lvc,6.0
1oj5,6.1
2xne,6.72
3k02,5.0
1sj0,9.1
2wxq,7.47
2rg5,8.51
3gx0,3.48
1lol,6.39
3m2u,7.0
3hek,8.27
2zft,6.52
2ow6,2.7
1u9l,5.02
2v3d,3.94
3chd,4.92
3cic,8.52
2qnp,6.41
1jij,8.52
1q3w,8.4
1k9s,6.52
2a0c,7.3
2uw7,7.74
3g0f,7.66
3lc5,6.57
1lpz,7.6
2p3i,3.48
2nq6,5.82
2gzl,4.82
2wf5,6.0
2q1l,7.91
2jld,10.4
2i72,7.43
3bux,5.63
2iwx,6.68
3hg1,4.74
2ph6,7.57
2ew6,4.97
2vvv,8.22
2vqj,6.44
2uuo,3.77
2wf3,7.72
1i7g,6.0
3hu1,6.89
2xey,5.19
1y3v,5.64
2hwh,5.7
1mxo,9.0
2fv9,7.22
3fvl,6.07
2v2q,4.15
3cqw,7.38
2f89,6.48
2wtj,6.15
2qtr,5.49
3che,5.29
1pyn,5.49
2b07,6.43
2zv9,8.05
2b1g,6.64
3d04,6.05
2z7h,6.94
2qpq,6.37
2gj4,6.5
2q55,8.69
1h0w,4.89
2gfa,4.98
2p3g,6.9
3kwf,8.17
2z9g,6.15
3bqn,8.6
2xtn,7.4
1o2t,7.85
3kqp,3.42
3ekq,6.75
3cft,4.19
2etr,6.82
1v11,3.98
3gqz,2.17
1i7z,6.4
1uj0,4.57
1k06,5.34
2jbv,3.54
2fu8,4.7
1r5g,7.52
2epn,7.22
2xcg,8.05
1h01,4.66
2uw3,4.1
2x4s,4.2
3g6z,9.7
2f70,4.47
2jsd,7.77
2wi2,3.46
2ei6,7.39
2br8,7.49
1nw4,9.07
2uyw,13.0
3gsg,2.7
1tou,6.0
3kr2,5.14
3eou,7.01
1p5e,4.81
3m57,5.4
2rgu,9.0
2a4z,6.6
2v88,4.09
2j62,11.34
2j27,3.52
2wa4,4.74
1h0r,3.7
2qe5,5.79
1puq,7.28
2ovq,7.15
2xdw,8.37
1jdj,2.3
2iog,8.1
2r75,6.15
3btr,5.3
2a4w,8.29
2al5,8.4
2pcu,3.04
1zfk,7.92
3kfc,8.55
3fdn,7.48
1o5e,5.74
2wq4,2.57
3mj5,6.49
3p8p,4.55
2v3u,3.0
3ia6,8.52
2evo,7.17
1z5m,7.52
3d1f,5.74
2xru,7.51
2bba,7.15
3mv5,6.74
1tl7,7.92
2zgm,1.79
2gph,5.3
2vxn,5.0
3kyq,4.22
1g4k,5.7
2p8o,4.85
3nzs,7.12
2bjm,3.7
2vx0,6.24
2r4b,7.18
3eu7,6.18
1yw8,8.0
3iub,4.54
1njj,2.1
2a0t,4.82
3obx,3.89
3i0s,9.0
3drf,7.0
2r64,7.52
3hbo,5.09
2p3c,7.62
3cqu,6.82
3d2r,5.48
2joa,5.96
1zp8,8.77
2r0u,9.0
3nu6,9.3
3io7,7.77
1rtl,5.59
1mrw,9.7
2j87,4.85
1n1v,3.85
1nmk,8.24
2vjx,4.96
1nzl,7.15
3a1c,4.0
2p98,6.19
3gi5,11.22
3eyh,7.7
1xk9,6.85
2zdk,6.37
2wbg,4.45
3d3x,4.16
2ovy,8.4
3cy2,7.22
3byu,9.1
3k3g,2.85
3l6h,5.4
1yc1,6.17
3jy0,8.3
2qi7,10.21
3dpe,7.24
2nwl,8.7
2vcj,7.68
1n1g,2.3
1e5j,4.0
1n3w,6.96
2f2c,6.35
3d9m,3.48
1n1m,5.7
3c1x,7.35
3djv,4.55
1o39,7.13
2vw5,8.52
1iy7,6.19
3o96,7.24
3eht,5.17
1m13,7.57
1ow8,5.4
2zzu,7.41
2qi1,7.3
1xdd,6.7
2e98,6.23
2aog,6.28
3neo,5.92
1mto,6.96
2xg5,4.66
3nga,8.0
2uvm,7.1
1rgj,8.31
3irx,9.0
2qrm,4.03
2fdd,8.32
1f8b,5.4
1hbj,8.52
3gk4,3.92
2kgi,6.12
3ftv,2.93
3ddp,7.14
2bal,6.31
3lhs,9.0
2won,6.2
1szm,5.53
1wm1,6.3
1j81,7.1
1s5q,5.28
2w70,4.92
2vew,7.19
2cvd,6.1
1mqd,6.77
2j47,5.41
1q8u,5.96
2nqg,6.48
2zp0,7.6
1ugy,3.72
1wvj,6.73
1y2d,5.7
2ayr,9.29
1ua4,4.22
3kb7,8.15
2bkt,7.64
3el9,8.4
3hfz,4.89
3l5d,4.11
2g94,9.52
1k6p,7.36
1pf8,7.51
3eb1,4.79
1juf,5.85
1nc6,8.0
2zc9,6.74
1xh7,6.82
3iww,7.96
2g79,6.92
1gyx,2.48
3e73,3.15
2wa8,5.42
1s38,5.15
1ppw,4.3
2chx,7.74
2rc8,6.52
3ml4,5.33
2e9n,8.21
2qju,4.1
3f70,4.85
2igx,7.27
3g8e,5.35
3kqy,4.82
2oht,5.04
1w9u,6.09
3c6w,5.62
3kvw,6.89
2vnf,5.52
1wuq,8.27
1xm6,6.38
3cwj,8.0
1k4h,5.11
3f19,7.19
2am1,6.0
1h46,3.57
3gxy,5.59
3liw,7.6
2j4i,9.0
2np9,5.57
1xh5,5.47
2uwp,6.81
1jik,9.7
1rsd,6.52
2pe0,7.1
2brp,4.0
1utm,3.01
3bjc,6.96
3fui,6.8
2xib,7.26
2p8n,3.15
2k2r,2.89
1v0l,7.55
2rke,4.08
1pzo,3.32
2qhz,7.28
2zm3,6.21
2jc0,4.7
2q8y,3.99
1y19,6.77
3l54,8.15
2fb8,9.8
2gvf,7.6
3l7a,4.33
1y8p,6.08
3hzv,6.52
3i81,7.89
1nj5,7.3
1gmy,7.35
2pe2,8.4
2o65,6.19
3b8z,6.54
1pxo,8.7
3lvp,8.7
1q91,4.15
2q8h,3.0
1loq,3.7
1kzk,10.39
3f5k,4.62
3buw,5.83
2pj7,7.77
2xaf,4.64
2uyq,5.68
1q5k,7.42
2wmx,6.07
3n1c,5.22
2g5p,8.42
1nym,5.4
3e8n,7.72
1t69,6.32
2i3z,8.7
2a4q,7.18
3l8x,8.0
2ow0,6.7
2e9v,7.9
3b4f,8.14
1gx4,4.28
2o7v,5.96
3bgq,7.96
1xoz,8.92
3omg,4.72
1yi3,5.4
2ha3,3.03
3coy,6.02
1p4r,8.1
1i80,6.41
2ieh,6.96
2ccu,6.13
2a5c,4.62
2qfu,4.18
2uym,5.51
1z1r,9.22
3n7r,7.7
2jqk,3.4
3f3d,7.16
1fvt,7.22
2o5k,7.82
3ggv,10.85
3dog,7.4
3ipx,6.92
3eio,6.65
2chw,4.77
3f7i,7.34
3h2n,3.67
2pvk,8.3
1x39,9.22
2jf4,8.15
2v87,4.6
1o3i,7.3
3fh5,7.06
2jql,6.52
3h0q,6.07
3djk,10.59
1opi,7.3
3nal,8.1
2h6t,7.22
3jwr,8.07
1yvf,7.0
2qrh,4.71
1f8c,7.4
2az8,8.22
2ayp,8.15
2b4m,3.53
1ke5,6.25
2fde,9.15
3moe,4.3
1ryh,7.56
1il4,2.85
1jvp,5.8
3le9,8.22
1lek,8.89
1h62,4.77
1xr8,6.7
2k00,4.62
1ow7,5.4
3gk2,2.7
2h13,5.35
3hha,7.9
1i8i,7.66
2erz,5.66
3kc1,9.0
2wkz,8.77
2r3o,6.22
2fme,6.98
3d3p,8.5
3jzj,3.61
1r5n,5.42
2auc,4.08
3lco,6.84
2ael,6.29
3lcd,7.4
1uwh,7.66
2xez,5.82
3i0r,8.52
2x4u,4.32
1g9b,5.3
1x38,8.77
2e9c,5.96
1k2i,3.11
2cct,5.02
2onc,7.89
2e9d,5.89
1wcq,6.26
2feq,8.86
3hac,8.17
3cj3,4.24
3me9,6.3
3nuj,9.39
1zuc,8.77
1w83,7.19
2oic,8.4
2k0x,5.68
1ywr,7.89
2o63,6.11
2o4j,10.1
3d27,4.25
2ama,8.0
1n1t,3.85
3i7g,6.37
3eq9,7.39
3o84,7.24
3bt9,5.71
1f8d,3.4
2bks,7.43
3agl,7.8
2bw7,5.7
2o4s,10.51
2zof,8.15
1ll4,7.22
3fkv,7.57
1wtg,7.03
2idk,5.54
1g7f,5.47
3pa3,9.0
1yxd,5.3
3ot3,8.3
1jlq,8.15
2vhq,3.85
1wu1,7.74
2f8g,8.7
1q65,5.46
3kjn,5.19
1t4s,2.44
2no3,8.05
1o79,6.39
2wbb,6.04
2fts,7.05
2bes,4.24
3n46,4.3
3cib,7.85
3n2v,7.51
1gzc,3.49
3dpd,5.78
2wzz,5.4
3lw0,6.4
2zxb,5.3
3gwt,11.1
1sw2,7.22
1q1g,8.57
1q4w,6.46
1o5g,4.96
3m3c,4.06
1ule,5.92
2jkq,8.11
1q63,5.85
3lmp,6.21
3c45,9.68
2io6,7.52
2ph9,5.89
2kdh,2.96
3c3r,4.39
1m83,3.4
1z3v,4.11
2f80,8.18
3l1n,5.63
3bxz,6.72
3g9e,7.72
3og7,7.51
2azr,3.64
2w16,10.0
1w2x,5.14
3g9l,6.13
3bc3,6.81
1h22,9.1
2xgs,3.28
3hav,3.77
2gej,6.64
2vtm,3.0
2jkk,8.2
1vcj,4.59
2pqb,7.2
2op3,6.31
2w4x,4.85
1qxz,4.72
1o86,9.57
3hpt,8.19
1j4q,6.44
3ekt,10.59
2q1j,9.1
2r7b,7.22
1leg,7.95
2nnk,8.37
3nox,8.66
1fwu,3.7
1yms,5.92
1haa,8.7
2pr9,7.37
2p2h,7.17
2z92,9.1
2b1p,8.52
2kmx,4.08
2a58,4.92
2imb,4.22
1pvn,9.82
3hfj,4.44
1tv6,5.4
1gwm,4.1
2f1b,3.0
3cho,6.55
3g5v,7.8
1g27,8.15
1gsz,7.21
2cv3,6.57
3bpr,4.95
2gu8,8.59
3iqu,4.77
2q2a,7.41
2j7x,8.77
2hu6,3.81
2alv,4.15
2xl3,5.25
2hdx,6.26
3fpd,6.15
2buc,7.0
1fsy,6.82
3ioc,3.68
3krj,8.96
3nnv,7.57
3fcl,3.5
1dxp,7.57
1hkm,8.72
2qnb,5.34
2ow7,4.85
1o6r,7.1
3ara,6.49
3cid,8.3
3bxg,4.96
2a4l,6.4
1gwq,7.12
1n7i,6.59
1y3x,5.14
1iem,7.7
2vo7,6.77
3hwn,8.7
1n8u,6.03
1soj,6.62
2jt6,7.6
2az5,5.27
3gp0,7.44
2qf6,6.49
2c69,4.59
1yhm,3.83
1rej,8.3
3ken,5.4
1fv0,5.93
1yid,5.0
3d4y,5.7
2aay,2.92
1me7,7.19
3ff3,3.57
2x7t,6.63
1kyn,5.39
3isw,4.05
2w73,6.52
2o7e,6.22
2c6i,4.96
1u0g,6.15
1v2u,3.37
3d78,7.64
2zjv,5.14
1iq1,7.46
2ha6,4.32
1j5i,3.64
3nti,5.22
1xow,9.28
2qpu,3.6
3o6l,7.51
2oiq,5.0
3fxv,7.03
2psx,5.77
2d0k,5.02
2xg3,4.74
3bhx,9.15
3mhm,7.0
1uxa,2.3
2ofv,9.7
1os5,6.85
2exc,6.63
1m2p,6.11
3nw7,8.28
3djx,2.81
2i7c,5.07
2pj6,7.31
2wf0,6.68
2x7c,5.7
2vwf,5.06
1pxp,6.66
2d2v,1.0
3i1y,8.15
1qxy,4.8
1hnn,6.24
2qrk,4.26
3fc2,9.06
2fgv,6.12
2jt5,7.74
2ksa,3.06
2ica,7.7
1w1g,7.68
2bbb,8.62
1wbt,6.47
2w0p,6.52
1pwy,4.05
3g1v,3.19
2wez,7.64
1y2c,6.57
2cej,8.62
3l6f,6.99
3ejt,7.36
1kui,3.77
2uw0,7.7
3cyx,8.0
2r0z,5.47
1o3k,6.77
2oc9,7.96
3iob,3.42
3c4c,6.8
1ogz,5.85
1p19,4.11
3kdd,8.46
3a6t,7.28
3g6g,8.55
1uti,5.62
3d1x,8.66
1pfu,2.72
2uw6,6.55
2zxg,8.82
3gjw,8.3
1fm9,9.0
2gv6,7.34
3brn,8.7
2nq7,5.54
1hww,7.7
3muk,3.42
3dcr,8.2
2xkc,5.59
2weo,6.93
3cke,6.1
2gm1,7.0
2uzv,5.87
1my8,7.46
1rry,4.1
3bbt,6.15
2q7m,8.8
3cwe,6.92
2jh0,8.7
2xjg,7.82
1s26,3.07
2cgx,4.81
3fhb,5.7
2fxv,5.35
2zmj,7.52
2pv3,5.25
2of2,6.68
1h8s,5.81
2fky,8.59
1gz3,3.7
2e9a,6.04
3bv2,9.36
3o4k,7.62
1nhv,5.66
2w1h,7.28
3ddg,6.0
2p3a,7.96
2hah,8.0
3jrs,4.28
1z4o,4.52
1od8,5.1
2q95,5.8
1ps3,2.28
2hiw,8.1
1t37,4.35
1y2k,7.68
3hp2,6.17
2wxh,8.05
2wxo,7.05
1w9v,6.34
3dab,6.68
2q94,6.43
2vcg,5.77
1waw,7.89
2bz5,6.15
1jpl,5.0
1olx,4.33
1w3l,6.28
1yhs,8.0
3nba,3.41
1gj6,7.0
2cne,8.77
3lq4,5.22
3h03,3.87
2c3j,6.18
2hd1,3.3
1ogg,5.19
3gb2,7.47
2e99,6.16
1z6j,8.03
2pg2,5.77
1ppx,7.28
3dpf,7.24
1zz1,6.02
2cem,7.92
2iuz,5.55
1gu1,4.52
2jfh,3.06
1g5f,2.64
3fu3,2.84
1g7v,6.4
1ox9,5.21
3l3n,8.18
1sje,8.22
3elm,9.72
3owk,5.82
2vvt,5.24
1uyk,4.77
3imc,2.96
1t1r,5.4
2e1w,7.96
1z6q,6.7
2wq5,3.74
2p4j,8.96
3cs7,10.68
2p4i,8.0
1e1v,4.92
2q64,8.52
2oc0,7.82
2gd8,7.41
3fy0,5.96
2cgf,6.41
1sqn,9.4
1v3x,7.62
1ew9,3.22
2wot,7.36
2br1,5.14
3cj4,6.51
2pj4,7.89
2zyn,5.92
3i5z,8.7
2vhj,3.9
2rcn,6.0
2hwg,3.55
2r5q,8.57
1wbv,3.79
3chr,7.21
2xj7,6.66
3frz,8.15
2fv5,11.7
2wxi,8.15
3hv7,7.92
2r3g,6.1
3mho,6.49
2g71,7.46
3lzz,3.84
2ksp,4.24
2ql7,6.26
3k5x,6.41
2vzr,4.28
3l59,3.7
3g2j,4.75
1maw,1.1
1gi1,5.47
3igg,7.18
3fl9,1.11
3g0d,8.3
2ipo,5.06
2on6,6.76
2ewp,7.1
2ok1,6.26
1k27,9.0
1o0o,5.1
2c3k,7.59
2fix,6.24
1uwf,6.82
3frg,8.4
2wxl,8.34
3d2e,6.42
3lq2,5.22
1kug,3.8
1pmu,6.23
1qw7,3.6
1o3l,6.54
3exo,4.62
2vr3,4.98
3jqg,4.74
3b7u,7.74
1h25,5.74
2qyn,6.24
2p7z,6.58
1gi7,4.51
1tfz,8.15
3ful,3.7
2hkf,6.38
1nxy,7.19
2pj5,7.82
3bel,7.85
1rxp,7.14
2fyv,3.52
2r3l,7.0
2k62,4.7
2qki,6.41
2d41,6.82
1o2s,5.47
2x7d,6.7
3fzr,7.96
1wss,7.77
2ggb,4.92
3d4l,7.49
2g1q,7.36
1utn,3.49
2r9w,5.1
3dp1,5.0
3lq8,9.4
1lf9,12.0
3h6z,5.82
3hqz,9.38
2v10,9.4
1py5,7.29
3mf5,5.36
1uxb,2.15
1wbw,4.36
1v2t,4.71
3fxz,6.89
3el5,7.72
2v0c,5.68
1z2b,6.4
2fw6,2.92
3m55,6.21
3eos,8.4
3d8z,3.37
2w1c,8.0
2j34,7.82
1hxk,3.4
3ik1,4.85
3hk1,6.17
2r3n,7.15
1pxn,7.15
1xlz,6.02
2jbo,8.07
2wd7,4.97
1u0h,6.96
2h4k,5.49
1g9t,3.28
1ntk,10.49
2gg3,6.24
1pq3,7.52
1jws,4.85
1zhk,4.45
1xsc,4.3
3bva,6.52
1g5s,7.32
3ocg,8.52
2o5d,5.15
1ycm,8.0
2g9v,5.92
2ew5,5.9
1tl9,5.52
2cmf,7.55
2f81,10.52
2bt9,6.19
1xh9,7.77
3jrx,9.0
2kup,6.7
2wig,3.43
2rjs,2.28
1nfw,8.96
2wf4,7.89
1h3c,6.51
2o64,6.47
2yxj,9.3
3gl6,4.68
1veb,7.41
2xct,4.51
3ds0,4.83
1h28,6.52
2vnn,8.7
3lnz,9.31
2rk7,4.05
2jgs,6.62
3kgu,5.92
2vxj,4.17
3bu1,8.15
3fwv,5.64
3l2y,4.49
1o2v,5.85
3ens,8.05
2q6f,5.44
3obu,4.3
1m0o,2.31
2oqi,8.49
3kga,7.21
1o6q,7.64
1xws,8.0
1lke,7.52
3bz3,8.82
3otq,7.39
3el1,9.64
1yon,4.21
1v2m,4.29
3c6u,8.87
1iyl,9.0
1xfv,3.89
1qxw,5.15
2q88,5.8
2df6,5.98
3efs,5.34
2pv2,5.91
1xff,4.82
3n7s,7.7
2qc6,7.0
1y3g,7.4
2z4w,6.01
2g9q,6.4
3e62,4.39
1p0y,1.0
3ip8,2.28
1ph0,6.92
1u2r,5.41
3g08,8.16
3fmr,7.97
1mn9,4.62
1orw,7.6
3evf,6.77
3g90,6.36
3if7,7.21
1w5w,8.8
3my1,5.45
2v77,5.06
3ldw,7.97
1jwu,5.34
2rny,3.66
2qw1,3.9
2q54,9.01
3o5x,5.28
2qta,5.76
1ie9,10.19
1ur9,5.77
3kqb,9.3
3otf,6.08
2i3i,7.3
2vu3,7.33
2qa8,6.0
2rka,3.0
2x9f,7.21
1w0y,6.42
2nqi,6.11
3f36,2.89
3n6k,6.74
2qzl,8.1
1qyg,6.85
2x2k,6.52
3f48,6.29
1h3a,6.55
3kdu,6.46
3f0r,6.89
2r3f,6.3
3ij1,4.7
2i4v,11.2
2vnm,8.52
1hk2,6.77
3ndm,7.96
1y6r,10.11
1px4,3.23
1ihy,3.74
1yq7,7.09
2b54,7.7
1o32,5.74
1py1,4.4
3nu9,9.05
2fvd,8.52
1rrw,4.55
1rhu,8.52
3kgt,5.51
1wdq,1.98
2ohp,4.03
3hqw,7.46
2onb,5.57
1h8y,7.7
2pu1,5.85
2wnc,6.32
2oa0,6.92
1udt,9.3
1o30,6.77
3fj7,3.71
3gcu,6.78
2hmw,7.7
3g9n,5.74
3ekx,9.41
2cgv,4.56
2ha7,3.36
1x8t,7.8
1o6i,3.19
2ajd,10.8
3dp4,7.37
3ma3,7.22
2axi,6.85
1mh5,9.21
2p8s,7.68
1n7j,6.43
3ijz,5.22
2vxa,5.6
3ekw,7.96
3c72,4.64
3ipy,6.29
2wer,7.05
3p5o,7.26
2r05,5.15
3bxe,5.48
3kr0,4.7
3nee,5.34
1hp5,6.55
2it4,1.62
3bu6,5.89
2foy,6.92
2ohl,3.05
1m2x,4.15
1h9l,3.12
3cjo,8.66
3ewh,7.16
3kvx,6.83
1fwv,3.72
3fck,4.0
1wn6,4.68
3chq,7.7
2rkg,8.09
2wmw,6.41
2uz9,5.71
2ves,7.7
2hs2,8.31
1ewj,7.49
3bgp,7.04
3o87,7.6
2aez,2.46
1ngw,7.68
2b52,8.1
3c2u,2.9
1nl9,5.96
3eeb,5.89
3g5k,9.52
3n5h,5.7
1nc1,6.12
1jk7,8.52
2hb1,3.8
1hqf,5.0
3mkf,4.77
2py4,6.7
3oxc,8.41
1obx,5.72
3f16,8.23
3fk1,2.62
3h89,7.64
2jke,4.23
3dow,4.94
2c9t,7.48
3dx0,7.44
2r02,5.1
1vkj,4.85
2x7u,5.27
1jak,5.57
3g0e,7.7
3gfe,8.49
3f8w,4.08
1odj,4.1
1ru1,4.74
2ien,9.0
2boh,8.52
3hku,8.3
1xud,8.1
2pqc,5.74
2vw1,3.52
2qp8,8.1
1h0a,5.44
2kwn,5.13
2v11,8.52
3k3b,6.7
2qhm,6.18
3gvb,2.59
2b7d,8.7
3gcv,7.13
2j9a,5.89
2h2j,5.38
2qoh,7.7
2vpo,5.42
3krl,9.1
3jyr,5.54
1q3d,7.82
2cli,4.3
3ex2,3.7
2jbu,3.4
2kzu,4.22
2b1q,1.59
2p0d,7.0
1ih0,5.0
2ov4,4.74
2e27,9.35
3bkl,6.17
2z3z,4.31
2y34,7.1
3bsc,4.48
3gpo,5.3
3f9n,5.89
1h23,8.35
2gfk,4.52
3iqi,4.41
2w08,3.42
3le8,6.07
3g31,2.89
3g5y,7.46
3l7d,2.18
3e12,5.99
3d2t,7.12
2iv9,4.34
2opb,8.74
2zo3,10.0
2vtp,8.52
3br9,7.21
2za0,6.64
2gv7,7.85
2oo8,9.0
3kc0,7.92
1sbr,5.0
1uz8,4.96
1ym1,6.24
1y3y,5.64
2amt,4.44
2vj8,8.7
1kr3,5.0
2rcb,6.79
2ja3,4.0
3hrb,7.68
2gde,8.24
3e6v,6.83
3kqo,3.85
2w0s,3.3
1ugw,3.09
3mi2,7.77
1mj7,8.35
3gyn,7.21
1ozv,1.44
3n49,5.15
2jfz,5.24
2wxm,7.4
1p17,2.82
3gws,10.09
2ovx,8.7
1zoe,7.4
1y2b,4.09
3gi4,10.8
3dk1,9.74
2evm,6.16
2jb5,9.22
2x8d,6.1
3c84,7.85
2vd1,6.86
3fts,3.67
3lfn,5.5
3i51,7.7
1lxf,4.1
3ik3,8.7
1u1w,5.85
3d8w,8.15
1o0m,5.15
1v2r,3.55
2g63,8.17
1m9n,6.92
3fat,7.64
3ery,5.66
2qry,8.64
2qv7,3.66
2gtk,6.6
2isc,8.42
2f9u,7.39
1ec2,10.0
2oxy,6.52
1v79,7.89
2c1n,4.11
2wi7,7.24
2w6n,6.9
2osc,7.77
1d4i,8.85
3fun,6.72
2gmx,7.11
1o2o,6.36
2e94,8.0
3gy3,5.63
3lzv,10.59
3lbl,7.44
1jqe,6.44
1o3c,7.13
2bmg,7.74
1h26,5.54
1o3b,7.13
3efw,8.4
3ijh,4.0
3nw3,6.49
3i7i,6.21
1yp9,5.11
2ccs,5.7
2cgu,4.87
1jm4,5.0
1gj7,7.89
1ebz,9.4
2bcd,10.22
2x95,4.95
2clk,3.79
2an5,5.68
3hit,8.19
1t13,7.38
3bgb,6.05
3hyf,5.92
2o8h,7.6
2rip,7.19
3iej,6.66
3lcv,4.74
2h9t,4.7
1w7x,8.4
2fou,7.1
1g37,10.0
1ulg,4.21
2ha4,2.7
2hj4,5.37
3hv5,7.02
1v2v,3.37
2hzi,7.15
3ctj,7.46
3m9f,11.15
1iwq,8.06
2ewb,6.1
3iad,9.0
1y3w,5.77
1ow6,5.4
3huc,5.99
2nw4,8.68
2iu0,6.89
2jjk,8.05
2woa,5.94
1m1b,4.66
1il5,2.66
2gh9,6.0
1w22,6.76
3l7c,2.44
2wij,3.2
2bub,7.05
3jwq,7.6
2pgl,3.59
1x7r,8.05
1mpl,3.77
2wu6,7.53
2aoj,4.66
1g85,5.48
3b92,8.0
3k54,9.0
2pgz,5.74
2gm9,7.39
1xp1,9.3
1ga9,7.08
2w3k,10.1
3nuo,9.8
1npa,8.7
2fq6,7.1
3gc4,7.6
2fqw,6.68
2wxf,6.74
3jzr,7.44
1nc3,5.0
2fr3,8.7
1mau,11.3
3fhr,6.68
3nam,8.46
2bmc,7.57
2xcn,6.92
2bv4,3.22
1wvc,4.46
2f18,4.1
1mfg,4.3
1k08,5.34
2or4,5.02
2i6a,9.05
3hxc,5.28
2vyt,2.74
2pvv,3.36
2wjg,7.1
1re8,9.52
3g6m,1.71
3djf,6.1
1n51,4.85
2ioa,5.49
2r3k,7.0
2gbi,8.52
3d9k,4.72
3bh8,7.95
2pjc,8.72
1oi9,7.16
3ipu,7.32
2i0y,7.62
1pxi,4.77
3b5r,8.77
3iae,3.89
2vot,7.14
3kwa,4.08
3kcf,7.46
2h3e,5.7
2ca8,4.66
1g3d,5.55
2hr6,4.82
2qlb,5.89
3djp,4.2
3hl8,4.49
3c3q,4.32
3gjq,5.33
3gfw,7.57
3nyn,6.0
2uy3,3.22
1kz8,6.08
2pmn,5.2
2g19,5.85
3gxz,7.89
2uw8,4.11
3f2a,7.24
2brg,5.21
2azc,6.74
3lp1,6.92
1g3f,6.37
3jq9,6.4
2f6y,3.87
3lf0,5.71
3gf2,1.7
1n3z,4.2
3aas,4.51
1o5c,5.22
2piy,7.7
2vqt,6.0
3h0e,8.15
3gm0,7.77
2xkf,6.06
3cii,6.1
3dzt,7.22
1vyg,8.0
2g24,5.4
3ck7,4.05
2igw,1.31
2adu,7.74
2ywp,8.15
3drp,9.7
2ewa,7.94
3bv3,9.34
2w7x,7.62
2i2c,4.7
2h5j,7.91
3e7o,6.92
3fdt,4.52
2c1p,5.4
2r7g,6.05
2zb0,6.62
3ob1,5.42
3e3b,7.96
2pjb,7.72
2pyy,4.6
3anr,6.46
3dz5,8.15
2pgj,3.59
2uw5,7.51
3cs8,5.77
2zx5,12.33
3lle,4.97
3ime,3.0
2rcw,8.1
2cma,6.73
1g05,8.51
3hv4,6.51
2w0j,6.62
2vev,6.52
2uzn,7.52
1r5y,6.46
1n7m,5.71
3k0k,5.43
3ggw,5.54
1w4p,4.74
1gj8,6.96
2woq,2.88
2ity,7.27
1k1i,6.58
2va5,4.07
3nxq,8.15
2gcd,5.52
3et7,7.77
1q41,7.66
2g5t,9.09
3kej,7.12
2p9a,5.18
3mxe,10.01
1m4h,9.52
2vc7,3.36
3g4g,9.04
3hkn,5.35
3mjl,2.44
1v1k,4.46
1lv8,5.46
3hxe,5.33
2vvo,2.2
1r5h,6.74
1ow4,5.68
1xdg,7.3
3kjq,5.88
1i5r,8.52
3kec,7.24
3d67,4.96
1eb2,6.01
3el0,7.47
1xo2,6.07
3lfs,5.6
3ejq,8.57
1pfy,8.15
1y91,7.23
1hy7,5.39
1yw2,6.85
3k99,7.22
2zmd,7.01
1hkk,7.4
2w8y,9.09
3gn7,8.3
2cf8,8.1
1sh9,6.03
3n3g,7.24
1s39,7.7
3ds9,7.39
2o1v,5.3
3k05,4.85
1xp0,9.0
2iiv,8.18
2r3i,6.0
1w5v,8.15
1kv5,4.22
1nfu,7.74
1fdq,7.27
1n5r,5.66
3dcw,9.0
2qci,8.34
3ncr,4.11
2cf9,7.82
2hob,5.72
3k8d,5.77
3f5j,4.28
2kff,3.61
1ntv,5.82
2clv,7.88
2wl0,7.8
1ro6,6.46
2y3p,5.89
3lk1,4.26
3ahn,7.05
2xe4,7.16
3kr5,7.89
3dgq,4.92
2qcg,4.0
1jr1,8.22
2zz1,4.54
2cnh,7.23
3hky,7.1
2c80,5.33
1r0x,3.83
1k1l,6.9
2xuf,14.39
2q63,7.18
1ysg,3.52
3h8c,7.72
2a3b,3.33
1v48,7.8
3anq,6.74
3ncq,5.36
2p7g,6.53
1sqp,8.2
3mn8,6.17
1s89,5.24
3m59,5.24
3p8e,5.15
1gqs,6.3
2pk5,10.7
2ilp,4.82
2etk,6.82
1iup,2.54
2uxz,8.48
3nzc,7.02
3bc4,5.35
3cso,5.77
1v2q,4.13
3iw6,5.48
2glp,5.01
2ff1,8.21
1p6e,2.92
1syo,9.0
1inq,6.27
1pzp,3.31
2qtb,8.32
3lzs,10.96
3exh,4.88
2gnj,5.22
2w1e,7.92
1ynd,8.44
2hdr,1.72
2bdy,7.77
3f18,7.4
3evc,6.91
1vj6,5.1
1nde,7.82
2o48,6.01
3l3m,8.22
2duv,7.06
3c14,3.52
1oz0,7.7
2va7,6.7
1kl5,5.99
2pl0,7.21
2vc9,8.44
2ohu,5.38
1k6v,6.92
1tft,8.3
3eju,6.6
2w26,9.4
3ig7,7.2
3lxg,8.14
2xei,10.62
2vl1,1.35
3mz6,7.2
3lk0,3.16
1xh3,5.51
2wxp,8.52
1oq5,7.68
1rww,8.3
2r4f,8.82
2vtj,5.72
3kck,9.1
2obf,8.85
3ms9,5.22
2a3i,6.05
3fty,3.21
2nxl,6.27
2gg2,6.6
2h42,8.62
1guw,5.72
3k00,5.77
3gwu,4.71
2l1r,3.57
1rql,2.75
2h65,8.19
2c5y,6.6
2ow1,9.0
3fv8,6.8
3hxd,5.05
2c90,3.48
3fh8,6.74
2gnh,6.83
2bvr,3.7
3ft8,7.52
1oau,7.7
3a4o,8.89
2we3,4.43
3kbz,6.91
2q93,6.25
2eh8,7.96
3nim,4.75
1oko,4.54
3oe8,8.14
3dcs,7.94
3m53,5.31
3li2,9.0
2nnq,8.7
2fl2,8.7
3hng,6.74
2j95,8.4
2aqu,9.32
2wyg,8.7
2ww0,5.3
1ong,8.05
3ekv,9.41
1n9m,10.96
2igy,6.95
3lp7,5.44
2be2,8.7
1r9l,5.4
1k1n,6.82
3lpu,5.86
3d6o,4.11
1gww,3.59
2xow,5.22
1mv0,4.03
3iwy,7.28
3d6q,3.76
2vwx,7.4
2b1i,6.82
2j3q,6.15
3mo8,3.1
2v7d,6.59
2w3o,6.72
3eor,1.4
2hxq,6.84
1rek,6.7
2c4f,7.7
2pvw,9.52
2xdl,3.1
3h98,8.3
2kfg,2.92
3hy9,7.77
3hrf,4.99
2fzk,3.6
2q2c,6.38
1h9z,5.42
2ghg,8.82
3dgn,6.21
3km4,8.89
3p4f,5.66
1e3v,4.34
2qrg,5.18
2bmv,2.0
2oaz,8.7
2vnt,8.0
3fr2,6.23
1iih,2.89
2p2i,7.42
3bxs,5.1
1pxm,7.22
2ajl,7.89
2vo5,4.89
2ha0,4.43
1hee,5.34
3k8c,2.92
3dpo,8.26
3dz4,6.4
2cbz,3.93
2j83,4.21
3b50,7.55
3fxw,5.96
2xab,9.27
3ffg,9.08
2bvs,4.1
2ewy,6.15
2i19,7.8
3lpf,6.68
3o88,6.37
3ftw,2.78
1yqy,7.62
2q7q,5.3
1g7q,6.06
2bq6,10.15
1m0n,2.22
1l8g,6.22
3fum,3.77
2wyn,5.55
2zx8,9.64
2zdm,6.41
1z1h,8.4
2qoa,7.28
3dbu,8.06
2h96,6.64
2jbp,8.07
2reg,5.64
3ghe,5.89
2d1n,8.15
2v83,4.47
1hty,1.4
2byr,8.55
1xh8,5.77
1y2g,4.08
3fjz,4.05
2vts,7.52
3okc,4.44
3ehy,5.85
2fci,7.15
1fe3,7.33
3h0a,7.48
2hnx,7.08
2op9,5.66
2q8g,7.06
2ow2,8.22
1z4u,7.15
3dxm,6.0
1ove,9.13
1o2q,7.68
3bwf,9.7
1t29,6.05
1ke7,8.05
2w77,9.19
3ckb,2.98
3hnz,7.72
2obo,7.24
3fmq,7.95
2uxi,7.3
3fqk,7.15
2rfh,6.82
2vk6,5.3
1o2x,5.85
1o2p,4.85
2w6q,4.6
2koh,5.22
3fu5,4.12
1w8m,1.6
3juo,5.07
2i4d,11.68
3a1d,4.12
2uyi,6.32
1tl1,6.42
2oi0,7.55
1juj,6.96
3fee,6.64
2fgu,9.18
3egt,8.9
2r38,7.44
3dp2,5.82
2gnf,5.22
3d5m,8.0
1k3q,6.52
2xbx,7.82
1h3b,6.85
1r4w,4.05
3abu,5.62
2r9s,6.82
2itt,8.77
2wi6,6.64
3kmm,9.7
2qft,5.26
1wdy,7.89
1t46,6.43
2bet,2.77
1lpg,7.09
1z6s,4.34
2i4t,9.0
1lrh,6.82
3eqr,8.7
3lvw,2.67
3el7,6.32
3mpt,6.6
1gi4,7.19
1yvx,5.1
2hwp,7.14
1wug,5.8
3a1e,2.66
1mq1,6.59
1ros,8.77
2qm9,7.77
1yrs,6.35
2x52,4.24
2d1x,5.1
2waj,6.4
3ion,8.1
2q96,5.92
2zb1,6.32
3d0e,8.4
1g36,7.17
1v2j,3.25
3g2z,2.36
1t5f,4.22
2c1b,6.4
1ec1,8.92
3fal,6.78
3nnw,8.05
2vpn,6.72
2odd,3.96
3k3h,7.06
1np0,3.57
1q8t,4.76
1svg,8.7
2bmz,3.7
3c43,7.72
1p4u,5.3
2wtx,2.89
2vb8,4.6
3h21,4.7
2qic,5.48
1y2e,6.8
2pym,6.82
3ii5,7.62
1okx,6.8
1g3b,5.74
2fo4,7.22
2b55,7.02
2uz6,8.77
1o6h,6.73
1y1m,1.82
2ou7,3.81
3nii,4.23
1z3j,8.0
3k8o,11.07
3iqg,4.6
2gfj,3.82
2gdo,9.49
3gur,8.0
2c9d,6.32
3okh,5.24
2uwo,8.7
2g78,6.92
2v13,7.59
2hf8,5.47
3ehn,1.92
1g9c,5.3
1yt9,8.3
1g9s,3.61
3c4e,4.0
2i3v,6.55
3ft5,4.82
1gpn,6.48
2f3r,6.3
3i28,8.22
2qlj,5.36
1w1y,2.62
2a3x,6.92
3ioe,3.27
1u71,7.48
2hnc,7.22
2w47,4.98
1kl3,5.86
3fas,6.77
1nqc,7.3
1d4j,8.36
3lcu,3.52
3jzi,5.3
2jdn,5.56
3ot8,8.05
3ifl,8.08
1k6c,7.48
3mbl,7.74
2ri9,3.22
2ce9,6.03
3gv9,2.12
2aa6,9.41
2xvn,3.95
1pu7,3.1
2v25,5.72
2i0d,12.1
2jg8,6.3
2fys,4.36
1r2b,4.94
3il5,5.8
3bmo,5.27
2vwo,7.51
1tuf,4.05
1zz3,6.54
1hqg,3.0
2vtd,4.07
1ogd,3.03
1g2o,10.55
2x39,8.66
2z52,5.57
3e93,8.85
2bak,7.43
2qzr,7.26
1ttv,6.8
1uys,3.6
1o34,5.74
1vj5,6.92
3lpp,6.22
3m35,7.22
1y2a,7.34
3gbe,5.0
2kpl,6.64
3kqw,4.01
3oqf,7.04
2wuf,4.29
2ea4,7.34
2ban,9.0
2bz8,5.6
2vj9,6.74
2g96,4.28
3f7h,7.09
2bgn,5.7
2vpe,4.94
3nww,8.15
1zeo,6.68
2qu3,6.23
2j94,6.27
2o9i,7.4
2jnp,6.89
2qlm,5.64
3h8b,6.29
3mfv,2.52
3faa,8.15
2g9r,6.08
1oe0,5.16
2pqz,5.67
3hdm,7.4
3mkn,4.12
3hb4,9.05
1xnz,6.62
2rr4,4.78
1xa5,6.5
3ob2,4.59
3bi0,7.85
1g2k,7.96
1o2y,5.85
1y98,5.43
2jko,8.11
1hs6,5.38
3blu,3.46
1r1i,8.54
3lnj,6.66
2zas,7.86
2chz,7.8
1jq3,6.7
2a3a,2.82
2f5t,5.17
1rdt,6.7
2wfj,7.15
1gx0,4.22
1k21,8.38
1nms,6.7
2zu4,7.42
2ko7,5.19
2hw2,2.97
3c56,7.89
2zyb,7.7
3ckp,6.35
3kqc,8.66
1g35,8.14
2xp2,9.0
3f8s,7.89
2i3h,7.4
3dkf,8.57
3ovx,7.51
3f3c,6.02
3ivv,5.43
2h23,4.67
3msk,4.59
3hzm,5.52
3heg,6.74
2v57,7.1
2wr8,5.44
2xml,3.3
3dln,6.6
1fpy,6.0
2cn8,5.46
3lbz,3.86
2bb7,5.67
3i4a,4.28
3p1d,2.64
2puy,4.52
2qrl,4.0
1f8e,4.82
1k1m,7.4
3itc,1.6
1gi9,5.22
1jq8,6.0
1tfq,7.92
1r78,8.52
3mb7,6.7
1f0q,6.0
2w10,6.77
2r3m,8.0
2qcd,3.4
2krd,2.7
2xc0,6.72
2gg5,6.6
2jh6,7.77
3hl5,4.47
2fx7,7.7
3koo,7.82
1lhw,9.08
3g3d,4.74
3oy3,7.45
3e9b,5.35
1zge,7.3
1w5y,8.48
1mrx,7.26
2cc7,8.01
1xon,10.68
3elj,5.3
2ohr,4.0
3c6t,8.68
1pcg,7.6
1kak,4.59
3pb3,6.22
1s50,7.2
3bm9,6.72
2bq7,7.05
1ikv,6.28
2q2z,8.7
3c10,6.52
3nef,5.94
2wxd,5.48
1sdt,9.27
1x07,3.28
3ehw,4.82
3i4b,8.15
2h21,6.54
1ymx,4.85
1q84,11.05
1zs0,6.15
1w1t,2.96
3eql,5.3
1r1j,8.64
1ke3,6.7
2h9m,4.46
3ly2,8.3
3k4q,5.34
2wuu,7.16
1oay,5.92
1mui,11.89
3m8q,9.52
3jzo,8.52
3m36,9.82
3lp4,4.88
1h61,4.89
1ryf,8.8
1ke6,8.24
2fum,6.1
2ptz,7.82
1n8v,6.03
2gmk,3.23
1wok,7.48
1oiy,7.19
3nht,7.01
3omc,5.0
3dri,4.42
2x96,4.03
1q72,6.85
1zdp,5.74
3cth,6.96
1f2o,1.91
2xag,4.55
2oxx,6.7
2v58,9.09
2bj4,4.47
2qtn,3.42
1w3k,4.3
3fi3,7.92
3f07,5.54
3d1v,3.49
1wqv,6.89
2jaj,4.6
2wzs,3.85
2w67,4.96
1gz4,3.7
3mhc,7.96
3ern,1.72
3oki,7.15
2clf,3.55
2f10,3.48
2clo,4.06
3clp,3.69
1p57,4.4
3g3m,5.96
1jiz,8.7
1lxh,7.19
2qh6,6.0
3h06,3.53
2fl6,7.42
3d50,4.77
2fqx,7.15
2ow9,7.52
2hvx,7.54
2g01,5.91
2idw,8.89
1s4d,6.49
2xd6,6.19
1pun,7.28
3bwj,6.5
2qn3,5.36
3g0b,8.15
3krr,9.32
2nyr,4.66
3a9i,4.15
1nhx,5.68
2qtg,5.08
2vcw,3.05
1o2r,5.21
3hzk,6.7
2o4n,7.82
2qtu,9.28
2h6q,5.11
2pks,4.96
2kfh,2.62
3d25,7.66
1gwv,2.57
3cph,6.48
1gi8,5.05
2hqu,5.14
3eft,7.92
2g0g,6.29
3ecn,3.16
2hxl,7.92
2wbd,6.64
2xjx,9.15
2v6n,5.86
3f80,4.22
3hq5,7.8
1o2z,6.11
3p2k,4.7
1jh1,4.39
1vyz,6.54
3n5u,5.92
1s19,9.51
1w0x,5.3
1sqq,7.82
1k03,6.0
2xi7,5.14
2fl5,8.74
2w8j,2.96
3ljg,7.73
1mrn,4.52
3f7b,7.19
2w6m,4.67
3k16,5.8
3lik,8.72
1zaj,5.1
3mxs,5.01
2f34,6.89
1ym4,7.41
2zva,7.96
1xap,8.7
1iig,1.57
2vmf,5.85
1zyj,5.82
1njs,7.82
3kr1,5.74
2ajb,5.5
2jk9,6.82
1l6m,8.1
2xaj,3.77
3moh,2.84
1z3t,3.94
1xmu,9.08
3g72,9.1
3m17,7.4
2xke,5.38
2qhc,8.96
1x70,7.74
1oe7,5.52
1e72,3.22
1uef,5.49
3fz1,7.92
2xz5,4.01
2wqp,5.51
3e51,7.85
1h8l,7.47
3oka,4.72
1f2p,1.9
1kuk,3.91
3psl,6.89
3jzf,5.3
2vj6,7.89
2esm,6.28
2a25,4.62
2f8i,7.26
2r5p,8.48
3iok,7.96
2o9k,4.11
3dla,3.46
1l2z,3.69
1xjd,9.48
2c8x,6.66
2fjp,8.37
1uu8,5.05
3f68,5.06
2e2r,8.26
1onz,5.1
2o9r,1.68
2c8y,4.0
2ci9,7.22
3ezv,5.98
2ivu,6.43
2q5k,11.3
2gvz,6.89
3g4k,6.54
1j19,7.79
1w6h,9.3
3fkt,5.55
1o7o,4.49
1xr9,7.15
2r5a,2.6
3gxt,4.74
3e63,5.8
3h85,5.22
1w2g,4.57
2anl,6.96
2uy0,6.92
3gvu,8.0
3egk,4.66
2qln,5.43
3ocb,8.3
2bok,6.55
2v0n,6.3
3ds4,4.19
1gjc,6.35
3hjo,6.52
2piz,6.77
1zc9,3.22
2qhy,7.48
2g2r,7.89
3pjc,7.57
3da9,5.51
2zda,8.4
2h02,6.49
1zkk,4.48
2e92,6.89
3i6z,7.3
2xii,7.2
2psj,7.7
3c7n,6.7
2ozr,9.17
2f7o,7.44
1h1r,5.64
1v0m,5.1
2pwg,4.82
2pzy,7.47
2pwc,6.57
3mz3,7.83
3neg,5.94
3dt1,8.62
2jnw,6.11
1r17,6.42
1f9g,1.28
3hcm,3.3
1xp9,8.89
3fv7,5.64
3fr4,6.19
3hkw,8.64
1j1a,7.54
2gg7,5.76
3fnm,4.71
1pa9,4.6
1ykr,6.25
3dng,8.13
3ag9,8.05
2wj1,8.72
3hb8,5.12
3f8e,7.23
1kdk,9.05
3al3,5.68
2wpb,2.89
1sb1,6.89
2wa3,3.0
3new,5.0
3kl8,6.92
1hqh,6.3
2xck,6.15
1wax,4.07
2zsc,7.06
2h2d,5.37
1pus,7.28
2ph8,5.74
2pe1,8.3
1w2k,6.46
2q92,5.96
3lnk,5.94
1nu8,5.42
1sjh,8.05
1l5q,3.97
1y20,5.32
2gz8,5.52
2iw8,6.99
2qn2,4.55
3msl,5.15
2w2i,6.04
1ouk,9.89
3bh3,6.15
3hnb,5.11
2khh,6.56
2pem,3.64
1oar,7.4
1zkl,5.09
3oe0,8.6
3g8i,7.42
3n9r,7.15
2j2u,7.33
2viy,5.74
1gui,6.28
1t7j,8.7
3mo5,6.87
3gwv,2.6
2wzm,5.22
1g2a,8.0
2p94,9.17
3le6,7.46
2r3t,5.85
3blt,3.54
3o6t,5.22
1ec0,8.49
2r8q,3.24
1h07,5.52
3l0n,2.77
3dc2,3.02
1tok,2.47
1t2v,6.4
1l6s,4.41
1hn4,3.82
3nkx,5.12
1rhr,8.1
1nw5,5.21
3idp,8.8
1wkm,0.82
2hds,2.0
2h5a,5.1
3gjs,4.99
2cng,6.96
3i97,5.52
1s5z,3.21
3kry,10.0
3fx6,6.8
1hkj,8.59
2ate,7.07
2w06,7.08
2giu,8.82
2azm,5.66
2wti,7.04
3fue,2.82
2pj2,7.92
2r5d,10.15
1lrt,5.64
2g72,6.5
1ugx,5.91
3f69,6.0
3k4d,5.11
3mke,5.66
3k27,4.44
2pnx,5.1
1u9w,8.46
2gni,5.64
2f7i,7.1
2gv2,8.3
2bro,5.85
1wc1,4.0
1ype,8.1
1nyy,4.68
2fwz,7.3
3gcs,7.25
2ha5,4.34
3i5r,4.4
3aaq,3.3
1jp5,9.22
2k2g,8.12
2l11,4.82
3e90,7.39
3i7c,7.74
1j01,6.47
2xc4,8.05
1xn3,7.4
3bar,5.7
1o9d,5.6
3eko,6.7
1j17,5.22
2aj8,6.2
1oxg,10.57
1it6,8.39
2a29,2.85
2xk3,5.68
3dp9,9.68
1uho,9.22
3bmq,5.49
2zn7,7.89
1oyq,6.96
2qk8,7.91
3hv6,5.64
2qbs,6.68
1g30,6.85
1w4o,5.22
1rmz,8.0
1z6d,2.34
2vr0,4.42
3dsz,7.77
3g34,2.96
3h0j,6.49
1o2j,6.92
2qyl,6.19
3dnd,4.8
2phb,9.49
3ee2,4.19
2ito,6.91
2dw7,4.7
3ckt,6.32
1u9x,8.15
1o38,6.82
3l8s,7.0
3e6y,5.6
2hdu,2.3
2fm2,8.15
3g2l,3.87
2qmd,8.3
2qt9,8.64
1uyc,4.39
2ddf,7.39
3el4,7.17
1xom,7.96
2xk8,5.62
3oot,8.7
2cm8,5.87
1ke9,6.18
2ovz,7.89
3ivq,4.12
1h39,6.54
3ifo,7.26
2x4o,4.77
2zdt,8.02
2anm,8.74
1gnj,7.04
3gkz,8.0
3e7a,10.0
2c3i,7.6
3l7g,3.3
3hv3,6.33
2wcx,7.6
3c3o,4.36
1ms6,9.52
3ibc,4.91
3mo0,6.81
1kmv,6.95
2f9b,6.52
1z4n,4.52
1m7i,5.4
2rib,2.82
2fx9,7.77
1uyf,4.52
2oph,7.8
2ccc,7.76
3cgy,3.15
1pf7,10.14
2oi9,5.7
2vwl,7.02
2w85,5.04
3juk,4.89
3ggu,9.77
2o4r,9.4
2fsv,4.6
1wcc,3.46
1l6y,3.66
3ekn,8.4
1vyj,7.0
2vwz,6.1
1is0,7.0
3emg,8.05
3fxb,5.85
2nt7,6.52
2j2i,6.7
1uy9,4.82
1v2o,4.73
2ogy,4.48
3fqa,0.49
3jzp,6.6
1t1s,5.15
3is9,6.42
2x4t,5.13
2fle,7.85
2wu7,6.28
3e6k,5.15
1x1z,11.06
1vyq,5.3
1k4g,5.85
3arn,5.41
2exm,4.11
1pi5,7.77
2vti,6.18
1rsi,4.42
3bcs,5.21
2hz0,6.48
2gg8,4.6
1xoq,9.17
1ndv,5.92
2pja,8.66
1yc5,3.0
3cf9,4.83
3h5u,8.52
3buf,3.1
2b8v,7.01
2ceo,10.0
2xht,5.96
1jyq,8.7
2nn8,3.59
1o3j,6.77
2ogz,7.08
3lpt,4.91
1o37,6.82
3d91,9.15
2wzf,7.0
2oym,5.0
3nyx,7.49
1gj4,4.07
1kv2,10.0
3pup,8.22
2psu,7.62
1z6e,9.72
3ljo,6.62
1y4z,7.24
1xpc,8.77
3d6p,3.75
2h6b,5.39
3bfu,6.27
1fd0,8.4
2byp,9.06
1k9q,3.15
2p4s,9.51
1sw1,7.3
2v3e,6.52
3f8f,6.63
1n3i,8.89
3oe9,8.18
3eyu,7.62
2pu0,7.82
2p33,7.24
1g42,3.01
2r9m,8.82
3ips,7.19
3cr4,4.28
2p3o,2.77
3f3e,7.7
2boj,5.77
3daj,5.54
1iiq,7.48
3dsu,7.03
3ejp,8.55
1koj,6.7
2fvc,7.49
1pbq,6.27
1wum,5.29
2fes,9.01
1mkd,6.8
2clm,3.55
2wyf,4.43
3be2,8.7
2wwj,4.48
2vr4,5.68
2p15,10.3
3nes,5.62
1r0p,8.0
3kdt,6.59
3ika,7.85
1ndw,5.23
2c6o,8.22
3nsq,5.21
3bl1,5.6
3nin,4.91
1lor,11.06
3ccc,8.1
2b1z,7.1
1w76,6.15
1ols,5.82
3b2t,5.21
3d7g,7.77
1lhv,8.91
2oah,7.96
2c6c,7.52
3fcf,4.4
3oqk,6.38
1h36,7.74
2a4r,7.82
3hqr,5.52
3lpk,9.1
1g2l,7.24
1oxr,5.19
3ebh,6.32
2jq9,4.48
1uyg,4.27
1uy8,4.12
2rm0,4.03
2rd6,8.3
3nc9,6.48
1pr1,5.3
2r1y,4.51
2gh7,13.0
2v5x,6.66
2cen,8.3
2gg9,5.46
1i33,4.12
1w51,6.3
1zm6,4.35
1izh,7.7
3aav,6.62
2w7y,6.08
2vcx,7.68
2r6w,9.36
1fl6,7.43
3elc,2.69
3iw7,5.64
1xur,5.18
3hf6,7.59
2ccb,7.45
3l08,10.22
2r2b,4.2
3bi1,9.92
3hqy,7.94
1sz0,9.0
3i7b,7.18
3hyg,7.03
1ywi,3.43
2arm,7.68
2xdk,3.6
1uk0,8.1
3hy5,7.7
1rzx,4.1
3kdm,7.0
2c0o,5.91
3ipb,6.7
2vd0,4.94
3pty,5.44
3ft2,7.36
2j4a,10.6
1tq4,6.19
2qu6,8.52
1f1j,8.8
3cp9,7.32
2jup,3.81
2i47,8.66
1xzx,10.22
1f9e,8.7
2b1r,1.0
2cn0,7.66
1q66,5.77
3eyg,8.8
3obq,3.54
2z7i,7.0
2uxu,4.74
2q8s,6.73
1o2h,7.17
1k1j,7.55
3fh7,7.6
1rwx,7.37
1rs2,4.3
1lqe,5.82
2oh0,7.74
2ez5,5.52
1ykp,2.96
2x4z,8.57
2oax,8.65
1yy6,6.07
3bvb,5.49
2xh5,7.57
1n4m,6.72
2zq1,6.62
3phe,7.8
3hu3,6.89
1v2h,5.3
2h4g,6.52
2jkp,4.23
1tr7,6.82
1vjb,7.89
1zrz,5.24
2o0u,5.49
1tg5,7.92
2i4z,5.7
2bys,9.52
2qn1,4.77
2ql5,8.1
3h1x,5.89
3ex6,3.66
3gy7,4.52
2k4i,3.84
1i7i,6.7
1g3c,5.8
2p59,7.3
3g8o,7.8
2pvj,8.1
3a5y,7.96
2pvu,6.31
1klg,7.89
2pvh,6.59
2p95,9.37
3oap,6.26
2euf,7.82
1ogu,7.47
3llm,4.74
2fie,5.46
2jst,2.59
2cll,4.3
1unh,7.0
2g97,6.82
3ogm,7.32
3fsm,7.0
2of4,7.09
1zyr,5.74
2uy4,4.68
2xbv,8.43
2psv,7.24
2o3p,5.96
1vyf,8.05
3k5u,6.51
3mj1,7.82
3fhe,8.6
2pvn,9.46
3nq3,3.78
3bl9,7.18
1r58,6.96
2i80,5.4
2wxn,7.68
2pix,4.3
3eg6,5.77
2flu,7.7
3krd,8.17
1v0n,7.55
2jds,8.2
2xup,12.39
1j7z,7.7
2v8w,6.82
1u1b,7.8
3f8c,7.68
1km3,4.91
3fed,7.46
3eyf,7.03
1ksn,9.4
2pze,6.08
3e64,7.11
1m7d,6.23
3njy,5.77
2x6d,7.92
2j4q,4.46
2brh,4.64
2w3l,7.52
2qi0,7.38
2hh5,7.49
1nw7,5.09
2qtt,4.32
1uto,2.27
2bfq,6.89
2vi5,3.96
1yvz,5.36
2vj1,5.3
2c9b,5.54
1phw,3.3
3a2c,6.9
3oui,4.9
3fuj,3.63
1i7c,6.4
1utl,2.47
1wdr,2.52
2g8r,3.99
1u3q,8.46
2is0,6.7
3d32,6.45
3kf7,7.4
3lxe,6.6
3fmz,8.08
1npw,8.7
2qcn,5.0
3mdz,9.1
3l3l,7.48
3ggc,5.44
2zz2,4.54
1uv5,8.3
1utc,4.55
2h44,5.77
2w78,8.57
3l0k,4.62
3lil,8.08
3iod,4.1
3h22,5.1
1urg,5.82
1pq6,8.1
1w6j,8.19
1yyr,6.29
3oz1,8.7
3fql,7.15
3m2w,8.52
3i60,8.7
2wky,8.59
1u65,7.58
2vfz,3.61
3okp,4.72
3d20,8.3
2hjb,4.39
2zg1,2.1
1w6y,5.36
1o3d,7.13
2bxt,8.52
2rin,4.0
3jya,6.89
3cen,8.26
1zhl,5.0
1g6s,5.15
2i0g,9.72
1y6b,7.42
3cfn,5.0
1klu,7.6
1mwt,1.88
2jkh,8.05
1you,9.06
2xhm,6.8
2uyn,2.7
3ieo,6.48
3dda,3.88
2cle,3.55
3b65,9.27
1gt3,6.46
3nsn,7.19
1v16,3.87
3m3e,4.43
3bzf,4.52
3gzn,8.0
2azb,7.19
1i8j,4.41
3fl5,7.28
1wun,7.21
2i4u,11.57
2b17,6.21
2z7r,9.52
2v5a,6.82
2vcb,5.26
3cm2,6.47
3g2y,2.0
1fsw,6.49
1cs4,5.57
2ihq,8.49
2qnz,5.42
3l79,2.46
3g2s,6.22
1vzq,7.44
3dcv,8.52
2qd7,9.1
1ywh,7.79
3duy,5.85
2gc8,5.51
3ckr,5.3
3k8q,11.28
2d1o,7.7
1v2p,4.73
2r3p,6.05
2q9m,7.21
3bkk,6.08
2q9n,6.37
1i6v,5.0
1jzs,6.6
2x8i,6.72
3l17,8.28
2xfi,7.82
1ikt,3.4
1sgu,5.37
2w1f,8.23
1wc6,4.0
3bug,3.18
3ewz,4.1
2w71,6.48
3e7b,9.8
2bve,3.67
2hxm,5.22
2wca,5.6
1pxj,4.89
3mmr,4.96
2wd3,7.07
1ujk,6.57
3be9,7.62
2weq,5.9
1zh7,6.3
3ebo,4.72
1e66,9.89
3jvk,3.93
1jq9,8.45
2w3i,10.0
3fjg,3.73
2x7x,5.7
2a3w,5.42
1o3h,7.3
3g2k,4.79
3d94,6.8
1rr6,10.25
1sdu,10.07
3o8p,6.46
3jsi,8.68
1yc4,6.55
2zga,6.32
2wf1,8.7
2k3w,5.24
2xdm,7.49
2j9h,3.39
2qmg,9.15
1tve,5.68
2hs1,8.48
2w0d,8.7
2oyl,6.3
1q4l,7.4
3bv9,5.36
2wcg,6.38
1w80,4.54
3kfn,4.74
1oqp,7.3
3h59,7.89
3h5s,8.3
2vx1,6.66
2zmm,7.6
1fzm,7.7
3eys,5.52
2vfk,3.71
1zea,5.22
2ojf,6.96
2p16,10.1
2xfj,7.89
2oj9,6.41
2xde,5.47
3dct,6.95
1jil,8.4
1zub,6.57
3l16,7.48
3hhm,7.92
3iit,8.02
1kav,5.82
1h27,5.6
2viz,6.22
3gtc,2.35
3eml,8.74
1lq2,8.77
2hb3,11.35
2byh,6.59
2vnp,9.92
3fej,6.13
1idg,7.19
2flh,3.97
2xto,6.2
1f90,7.92
3jq7,5.92
2vle,7.1
1ghz,4.8
2vuk,3.9
3h9f,7.92
1w6r,6.15
2q2y,8.8
3oyn,7.6
3jzq,6.96
3d14,7.66
3cpj,4.72
2wyi,4.74
1ofz,4.62
1vso,4.72
1utp,1.44
2a4g,7.18
1ybg,4.8
3ewu,4.62
3exe,6.96
3gr2,2.52
1kjr,6.06
1ogx,6.09
2x6e,7.82
3oy8,3.66
1x0n,7.7
1gvk,3.05
3aau,5.05
3chp,5.27
2kaw,4.97
3ge7,8.7
1r10,3.83
3iw8,4.87
2qbr,6.33
2irz,7.92
3fi2,7.6
1o2n,6.09
3iqh,4.59
2dua,4.77
3gbb,6.9
1i2s,3.31
2hog,9.52
1g3m,10.0
3coj,5.28
3ifp,7.61
1h60,4.7
3mvl,7.89
1oiq,5.54
1d4h,10.0
2f14,9.19
3ncg,6.82
2pl9,4.17
2aoc,4.89
2jqi,5.0
2j4z,7.19
3kdc,9.28
3hv8,6.98
2bts,7.7
3cbp,5.6
3b68,8.4
2wi3,3.46
1rs4,7.17
2avm,5.7
1ssq,6.0
3fcb,5.31
3nkk,4.7
1j07,7.68
1xh6,7.32
2g8n,7.2
2f7p,6.6
2zu5,7.0
1ukh,6.38
3ft4,5.93
3d9l,4.17
2b7f,7.3
2rgp,7.52
1m7y,10.96
1gu3,4.32
2v59,7.74
3dxg,2.4
2wc4,5.29
1h00,4.42
2uwl,8.4
2qlq,6.63
2zhd,6.54
3a29,7.89
3m8u,4.89
3kme,6.14
3mhl,7.25
3d83,8.36
1n5z,4.36
2x2l,5.28
2bxu,7.15
1h5u,6.75
2f9k,7.07
3ga5,5.49
3p2e,6.22
2w8w,2.12
2xng,7.22
2qhd,5.38
3b67,8.85
3dkg,5.0
1nfy,8.89
1y6q,11.7
3jzh,3.4
3hiv,8.12
2z5s,5.66
2oqv,8.4
1tow,6.24
3buh,3.66
1w8l,0.49
1hq5,5.65
2wtv,8.74
1mwn,6.7
3dyo,2.3
2w6c,8.41
3gba,9.07
1xm4,10.39
2p0x,6.31
2fwy,6.7
1yqj,8.14
3ljt,6.89
1uym,6.0
2qi6,10.57
3ijy,6.04
2cm7,6.68
1lkx,5.15
2x09,3.76
1o5r,8.12
2pv1,7.14
3agm,9.09
2ank,7.33
3kv2,7.32
2aoi,4.01
1kmy,5.1
2f01,13.0
3d1z,8.8
2rku,8.3
3d4z,4.89
1uml,7.52
1jj9,5.77
2aei,7.07
3lkh,6.1
2cgw,4.76
1o3e,7.96
2j6m,7.96
1riw,7.55
1jqy,4.92
1onh,8.21
2on3,9.0
2qd8,9.07
1o5f,6.07
1m7q,8.59
1td7,4.37
2o9v,3.54
3fei,7.7
3hdz,7.29
1h6h,5.3
3fea,7.44
1mq5,9.0
2aoe,7.62
2jbj,9.7
3e85,5.38
3kmc,6.4
2o22,7.17
2rcx,9.0
3ipq,7.57
1pmv,6.82
2i4j,6.16
3a1t,4.83
2qd9,7.89
3dhk,7.33
3du8,6.84
2jdm,5.4
3fzy,6.74
3ctr,5.16
3hc8,8.54
3b9g,4.72
3cyz,7.22
2iwu,5.92
1nvs,7.82
2xkd,5.64
2boi,4.32
2xdx,6.46
2itz,8.59
2qg2,5.4
1z9y,7.19
1os0,6.03
3cgo,5.52
2bqv,8.05
3d7k,4.6
1xh4,7.47
2brc,5.05
3mvj,5.49
1j14,4.49
3ls4,6.3
2r6n,9.0
1hk5,5.24
1jn4,4.95
2agv,7.7
3ddb,4.02
1nzv,6.4
3hzy,7.0
3hmo,7.52
2wfg,4.42
2wtc,6.51
3hfv,4.87
3hhk,8.22
3n1v,3.3
2r9b,6.57
1eb1,10.43
3pa5,8.7
3l5c,5.15
2il2,7.1
2nww,5.48
3bze,6.0
3f5p,6.85
2vvc,8.52
1w4l,8.4
2uxx,3.3
3lpg,6.16
3lc3,5.23
1w2h,5.0
2p1c,7.68
2qpj,6.35
2f94,6.71
2wgi,4.07
3ew2,6.67
2v85,4.46
3dx3,6.52
3oag,9.51
2oag,8.47
1mf4,7.99
3h91,3.73
2c3l,5.07
2vci,7.68
1udu,9.05
2e7l,7.54
2oxd,6.82
1npv,8.24
2dxs,7.34
3hvc,6.22
2jkm,7.75
1ebw,9.05
1joc,4.62
2i5f,5.12
2r58,2.0
2jbl,5.89
3mnu,7.32
2zwz,7.79
3cm7,6.57
1x8r,6.12
3pa4,8.52
1h24,6.3
1g74,6.52
2vwn,8.0
2bz6,7.09
2i0a,11.4
3doz,5.7
3img,2.96
2cnf,6.62
1pzj,3.49
3c7q,7.68
3lir,6.92
3g2n,4.09
3lgp,8.7
1i5d,8.0
3cj5,6.34
3lxk,9.8
2pvl,7.62
1o2w,5.85
1h4w,4.66
3c79,7.2
3e8r,9.74
3hvg,2.7
3cgf,6.57
1w1d,6.52
3l5e,7.57
3bmy,7.52
2rnx,3.4
3gy4,5.1
1tkt,6.15
3kl6,8.46
3m37,9.04
3ouh,7.1
3h1z,4.66
2aq9,7.3
1wxz,8.07
1x8b,7.01
2iw6,6.85
3ehx,7.6
2ria,2.57
2w9r,5.32
2wo8,6.28
2p99,5.94
2xbw,8.0
2uzo,4.57
1tl3,6.2
1v0p,6.89
1eub,8.72
1ft4,6.57
2w97,0.96
2pq9,8.11
3ekp,8.89
2vtn,6.07
3ebi,7.1
2pj1,8.01
3eax,4.92
3gen,9.14
2wgj,8.7
2qcf,3.49
2hdq,1.4
1nvr,8.11
2zju,5.81
2pog,9.54
1z6p,6.05
3fw3,7.37
3f88,8.64
2gek,7.52
2oyk,5.3
3bl7,8.4
2vd4,4.74
3ilq,5.21
3d1e,5.77
3grj,3.0
1l2s,4.59
3bh9,6.93
2b9a,8.05
1osv,3.48
1gi6,6.22
2q38,5.23
2c1q,13.0
3afk,3.6
1g7p,7.05
1m74,7.0
2ath,6.82
3g58,9.28
3iqq,5.54
1uyh,4.84
2i4p,5.7
2vte,3.91
3eky,9.64
3jvs,6.54
3p8z,6.09
2vf6,8.52
2wqb,6.27
3ed0,6.35
1p2g,2.13
3ies,9.92
3i73,5.49
2oz7,7.85
2w68,4.74
1gzv,6.57
2cmb,7.19
3mwu,8.05
2fwp,2.92
1fo2,4.7
3a2o,9.08
3lhj,9.51
2pbw,8.25
2z4r,7.62
2v2h,3.77
2cbj,8.27
1o36,5.96
3kb3,6.82
2l6e,6.0
2fkf,2.92
2o1c,4.72
3gjd,7.33
1utj,3.84
1jt1,3.4
3h26,4.49
3g45,8.36
3d0b,6.54
3lxl,8.3
1t4e,7.1
3chf,5.37
1n0t,4.91
3nhi,8.43
1gni,8.07
1no6,4.41
2v0z,9.22
3mww,7.24
3f7g,7.37
3jzg,4.4
2vwm,7.03
3ddq,6.68
2zxd,5.22
3l0e,8.0
1e6q,3.15
3cjf,8.2
3hec,4.47
2aa9,2.92
2zx6,10.6
2qfo,4.7
2x9e,6.74
2zx7,10.49
1zxc,8.1
3eyl,6.6
3kqe,8.09
3c52,7.3
1lyx,4.54
1pye,6.41
2r0h,3.51
1wbg,3.0
3k5i,4.7
1rt9,10.25
3mxd,8.83
2hzl,6.57
2vey,7.37
1k1y,3.22
3dgo,6.74
1gwr,6.6
2r3w,6.89
3kwj,9.3
3nu4,8.82
3cyy,4.77
2r5b,8.6
2x8z,7.96
2z5o,6.0
2ohm,3.51
3hs4,8.0
2qnq,6.11
1gzg,3.05
2ra6,4.52
3iux,7.6
2wf2,7.59
3n51,7.82
2e93,6.96
2a14,5.7
1lgt,6.1
3m1k,5.39
2q3z,7.22
2v86,4.46
3gta,4.28
2zjw,7.7
2qdt,5.19
2w6p,6.48
1ec3,9.04
2euk,6.6
3khj,7.55
1lnm,8.7
2who,7.7
2c6g,3.37
1eby,9.7
2ggu,3.03
3nm6,1.35
1lbf,7.85
3lkz,6.15
2aoh,4.44
3fyz,5.8
3hqh,4.2
2q70,8.08
3g86,8.3
3dxh,3.19
2ax6,7.57
3gcp,7.82
3dux,7.0
2br6,2.96
2vex,6.74
2qe4,7.96
3d4q,10.52
1j80,6.52
2zq0,6.82
1nvq,8.25
3kpv,3.74
1g98,5.7
2iws,6.36
2qbp,8.4
2doo,7.17
3n5j,5.22
1p6d,2.94
2p93,8.82
1yz3,8.81
2onz,8.89
1xlx,7.6
2p8h,7.15
2gz7,6.52
1ke8,6.0
1ya4,4.82
1wur,6.66
3l0v,7.64
3bla,8.7
3doy,5.82
3fw4,9.4
3k97,8.0
3l13,7.82
1yci,4.08
3mi3,5.45
2p3b,8.48
2e7f,6.1
3l7b,2.4
3gpj,5.11
2z4z,5.73
1pxh,8.74
2x91,6.74
2vw2,3.3
3h30,4.53
3lzu,10.06
3jsw,7.18
2vtt,7.36
1zsh,7.07
1q8w,5.24
1xgi,4.85
2z1w,4.08
2wkt,4.31
3cvk,8.0
2vcq,6.04
3cj2,4.85
3f5l,3.72
3fu0,2.28
1zsf,9.92
2v95,8.3
3h23,4.71
3own,7.47
2ieo,8.49
3f9y,4.49
3ok9,11.23
2qyk,5.48
1kdw,5.54
3iuc,5.66
1q5l,3.22
1w96,8.41
3mxr,4.95
3h9k,7.85
2pnc,3.33
2x81,8.3
3isj,3.68
2i0h,8.05
2brm,5.89
2wo9,7.21
3dc3,8.31
2vmc,2.94
1zxv,6.1
2g6q,5.82
3kdb,9.85
2pj8,7.74
2x0y,4.6
1o0h,5.92
1mcz,3.0
2jg0,7.82
3dpk,8.39
2b5j,9.1
1nj1,7.6
1x8d,2.21
3kqm,3.77
2l0i,4.82
1y2h,7.25
1mm6,7.7
3k98,9.0
3jy9,9.0
2qzx,8.22
1z9g,5.64
1jwm,3.57
2xjj,6.51
2e5y,5.85
1pw6,5.22
1unl,6.7
3e0q,5.89
2wik,3.18
3fzc,5.39
2rio,4.69
2oc7,5.85
2iko,5.45
2jew,6.69
2x7o,7.47
3o86,7.15
3igv,7.6
1w5x,8.4
2f1a,3.14
3ihz,6.8
3m5a,4.96
3g1d,3.48
2c57,3.43
2zaz,6.4
3n2u,7.84
3ex3,4.44
2v7a,8.3
2kp8,4.0
1oai,5.0
1i00,6.34
1jd6,7.39
2xcs,7.85
2jdu,6.72
2g1y,7.05
3g2i,4.86
2a3c,4.43
2obj,7.3
3ipe,6.82
1sqi,7.7
1y1z,3.08
1m5w,4.27
2h03,7.05
1rjk,10.0
2r1x,4.8
2oc4,7.07
3gdt,7.19
1v2n,5.9
2clh,4.06
2f4j,5.66
2pyn,7.57
1nq7,6.8
3di6,7.0
3hj0,5.71
1lbk,3.18
1n4k,10.05
1q1y,7.7
1e1x,5.89
2ony,6.68
2f2h,5.7
1v2s,4.17
1ypg,8.0
3lmk,5.94
3mlb,4.8
2d3u,6.92
3jzs,8.1
3kjf,4.87
3gc7,9.22
1o0f,5.3
1jys,3.52
1z34,3.38
2bfr,5.25
1pk0,7.57
1mq6,11.15
1nax,6.43
2cmc,5.76
1g9d,5.3
3eov,7.2
3myg,10.7
2nxm,5.19
2va6,6.17
1sdv,8.74
1gyy,3.64
3nex,6.0
2ohs,4.4
3d51,4.15
1me8,7.19
1pxl,6.05
2xeg,10.7
1ndz,8.11
2w4i,6.3
1h1s,8.22
3cow,6.9
3kf4,9.3
2i5j,6.3
1zog,7.15
2w6o,4.22
2ks9,2.04
2c6m,6.46
3dcq,5.23
1p28,5.42
2gh6,4.95
2a4m,4.52
2wi5,6.05
2o4l,9.22
1ydk,5.89
1ii5,6.62
2fx8,6.52
3m3r,6.32
3lxo,4.82
2f6v,4.43
2x4r,4.77
2iok,9.0
1ocq,5.19
2hha,6.91
3lgs,4.61
3bhb,8.47
3nth,4.32
2hb9,4.82
1y2j,7.48
1k1p,7.92
1oky,8.19
1hdq,5.82
1hk4,5.31
3luo,6.95
2hug,5.97
1s3k,6.62
1uze,8.9
2e9o,7.7
2eum,6.7
2jmj,5.04
1kds,5.77
2xbp,5.02
2i1r,5.01
2zgx,6.74
1jd5,6.62
1t3t,4.96
2brb,4.86
1n2v,4.08
2qu5,8.06
2wxg,9.15
2qd6,8.68
1tlo,4.0
1ov3,6.72
1rhk,9.11
3ked,2.44
2vtq,6.85
1nfx,8.52
1efy,8.22
3dkj,5.7
1osg,7.52
1t7d,6.03
1r6n,7.4
2vwy,7.05
1j4k,4.0
1tvo,6.85
2j4g,6.6
3bb1,3.6
2o4p,10.72
2vk2,6.89
2r59,8.19
1v1j,4.82
3fu6,3.97
2d3z,6.64
3nrm,8.4
2w6z,2.82
1ny0,5.85
2g6p,6.22
2nxd,5.66
3ccz,7.29
3gc5,7.26
2r43,6.0
1h6e,6.15
2r6f,8.0
2qoe,7.6
2ze1,6.22
3k0h,4.6
2jbk,6.4
3evd,6.91
3lpb,7.38
3dwb,6.19
2h15,5.67
3lk8,7.71
2wmv,5.04
3gk1,4.1
1tqf,5.85
1w31,3.6
3dx1,3.58
1o9k,6.47
1nhu,5.66
3dgl,6.6
1mrs,3.96
3oe6,8.09
1gpk,5.37
3mvh,9.3
3hub,8.09
3dxk,6.33
3abt,4.77
1w70,3.7
1yly,7.82
3aho,7.05
3ezr,5.0
3ith,8.1
2e91,6.59
3miy,7.68
2zfp,5.17
3cyu,7.22
1ik4,7.41
1q0b,5.17
2vx9,7.44
3d7z,7.92
3nij,4.89
1xhm,6.33
2z4o,9.57
1msm,10.48
2vvn,7.3
1pyw,7.7
3nw5,5.08
3hkt,5.39
2pt9,4.46
2osf,3.83
1kll,5.2
2gg0,5.77
1q1m,5.16
2vtr,5.82
3hdk,4.76
3drs,9.3
1jmq,4.4
2c93,4.92
1o5p,10.0
3ikc,7.46
1kat,6.0
2q15,7.96
3da6,8.7
1t08,5.51
2wb5,9.13
1xgj,6.0
3gz9,8.4
2oq6,3.6
2jdy,4.37
1svh,6.44
1oe8,5.52
3k3a,7.08
1ws4,3.0
3owl,6.17
1o33,5.74
1zky,6.25
3ho2,6.95
3l9h,8.1
1uv6,5.12
2xhr,8.32
2x8e,7.85
3nnx,7.96
2zxa,8.35
3iue,5.82
2vqm,6.01
1x7q,6.73
2oi3,6.64
3csl,7.22
2xef,9.84
3jzc,8.53
2pj9,7.92
2zz6,6.72
2ggx,3.49
2ivz,6.04
3hhu,7.39
1r1h,8.92
1j4p,4.99
1gja,5.42
1rri,5.82
2btr,7.02
1xn2,10.52
2jdp,6.6
3k3e,7.66
2aod,5.66
2exg,4.3
3chc,4.09
2jiw,4.59
2xmy,9.96
3k9x,8.4
2fzz,10.52
1g9a,5.3
1pg2,4.96
3mhi,6.7
2q2n,6.48
3hab,8.38
3ejs,6.6
3ej5,3.57
1r6g,9.21
2pj3,8.18
1xuc,7.14
2am2,5.1
3cyw,7.77
2bmk,5.62
2q89,6.3
1h5v,3.93
3iqj,4.93
2ima,6.52
2pvm,6.44
3djq,2.98
2whp,4.51
2wxk,9.3
2rg6,8.66
2w6t,8.57
2cmo,6.4
3d9v,8.22
1oiu,6.68
2zdl,6.4
1w7g,5.1
2fai,6.24
1zd5,4.87
1xmy,7.3
1rp7,8.52
2o2u,6.4
3gus,6.05
2nta,4.8
3oct,8.3
2vh0,8.51
1p93,7.72
2knh,5.15
1l7x,4.04
3ie3,6.68
2nm1,7.47
2o9a,3.81
2itp,7.95
3mks,5.72
3nrz,5.34
3bym,8.22
2vwc,6.62
2gqn,5.35
2b1v,5.74
2ntf,6.52
2q6b,9.52
2xl2,5.25
2xb8,7.59
1way,3.4
3dxj,6.22
2wou,7.14
1yvm,6.4
1imx,3.52
2oei,3.91
1pxk,5.66
1ws5,3.03
1tx7,4.6
1kti,3.43
1wb0,5.35
1tjp,4.42
3eig,7.68
3ig6,7.6
2p3d,6.74
1m2r,6.46
3ekr,7.52
2ork,2.85
2zg3,2.06
2jdt,6.77
1ktt,5.82
1n4h,6.55
3kr4,7.6
2vvs,7.34
2zx9,10.27
1py2,7.22
2brn,5.26
3l4t,5.42
1fls,7.48
2ow3,8.52
2iit,8.59
3fn0,4.4
3jxw,9.0
2z50,4.95
2k7l,6.15
2o9j,6.92
3fyk,7.4
2gfs,6.15
1nu1,7.19
2ovv,7.92
1q83,12.39
3f78,3.1
3b66,8.6
3ds6,9.1
1h08,4.55
3ch9,3.3
2xnb,6.83
3hr1,9.43
1zzl,8.3
3bzi,5.74
2chm,8.26
2k1q,6.22
3d7f,9.3
3kba,7.8
3djo,4.39
1iky,8.26
3gi6,11.22
2am4,3.72
2baj,8.4
2rly,3.57
2r9x,4.85
3eks,5.7
1gt4,6.52
2l1b,3.96
2pjl,6.72
3gol,7.09
2w5g,6.07
3f15,8.1
3ow4,7.66
2p7a,6.1
2g1r,7.7
3lbk,6.04
3ft3,7.36
3k48,6.31
3dd8,7.85
3bim,5.88
3dp0,5.85
2x97,5.66
2v16,8.22
1onp,7.52
3gt9,3.96
3c8b,6.1
3bm6,7.59
2v2c,3.41
2avq,4.39
1toi,4.05
1gjd,5.22
2gpp,5.7
2fhy,5.96
3f17,8.63
3n9s,5.26
2oc2,8.52
1npz,7.89
3k39,8.08
2avo,8.85
2z6w,7.87
2os9,2.24
2gvj,9.52
3ng4,5.43
3g2h,3.82
1o3f,7.96
1nny,7.66
3d7d,7.85
1ysi,7.44
3nq9,4.03
2gtv,5.15
1zvx,9.22
1gag,6.12
3cn0,5.51
1x7a,7.89
2ra0,7.8
3fci,5.89
3o0e,5.74
2fj0,7.66
3bra,2.7
3fq7,2.52
2i4w,11.59
1nzq,7.96
3msj,3.11
1kyv,5.92
2v96,4.54
2f3f,6.72
1rm8,9.0
3ljj,6.52
2jdk,6.54
3jzk,5.91
1mjj,8.74
2ckm,8.82
2p09,6.35
2etm,6.67
1u32,7.01
2jj3,9.55
2bua,4.52
3il6,6.57
3mo2,6.61
2f4b,7.3
1oyt,7.24
1m2q,6.1
2oc1,5.37
1iew,4.59
1i5h,4.28
1i3z,6.88
3hkq,5.34
2q6h,3.6
1pr5,3.92
1fzo,7.89
2uw4,5.28
1ui0,7.06
2pow,7.2
1toj,3.39
1x7e,5.97
2veu,7.0
1k9r,3.3
2peh,5.96
1ikw,8.6
3bpc,4.8
3iw4,8.68
1mzs,5.15
2o7n,7.82
1xbo,6.04
2hai,6.28
3dba,8.0
1l5s,3.26
2vba,4.6
2pqj,8.2
1g49,7.8
3g0c,5.7
2fuu,5.57
2oh4,8.46
2vl8,4.52
3oyl,6.7
2ao6,9.28
2wnj,6.48
3ioi,6.28
1tpz,6.19
1jjk,11.06
2qg0,5.72
3lqi,5.16
3co9,8.0
2vvu,8.1
1nz7,7.12
1rv1,6.85
2pmc,4.19
1yfz,4.35
3g3n,6.29
2xk7,5.82
2gbf,7.92
3kqs,5.2
3d52,3.28
3e5a,8.23
2z4b,9.36
3ouj,6.05
2xs8,4.61
1h2u,7.89
1rd4,7.74
2xaq,5.96
3nu3,9.82
1v0o,5.26
1om1,6.77
2ojg,5.64
2fqy,6.57
3ivx,5.74
2ff2,8.21
1t5a,4.62
1zoh,7.0
1lpk,7.55
3bbb,7.0
3lpi,8.52
3d9z,8.7
3cda,7.58
2wei,8.47
2hwi,5.52
1hp0,6.7
2wmu,4.38
1v7a,8.01
1gt1,6.0
3gy2,5.74
2z7g,8.95
2izx,9.4
2gfd,6.28
3d28,5.85
1oir,7.49
3fnu,6.16
3dpc,4.36
3b7r,7.7
3ogx,6.48
3d1g,5.0
1il3,2.55
2z5t,5.62
1uk1,7.22
3cf1,6.64
2e2p,4.74
1k3n,4.99
1ke0,5.38
3ds3,5.22
3dx2,6.82
2wxj,9.0
3lea,9.1
2c6l,6.57
2xfk,8.52
2qi3,10.2
3ctq,7.4
3fcq,2.77
3fe7,7.12
1nu3,4.0
1ka7,6.22
2q7o,7.92
1o2k,6.92
2fr8,3.15
3ivc,4.12
2frd,4.54
1wbs,6.2
1xkk,8.52
3i4y,7.05
1q54,5.85
3e2m,9.4
2r1w,4.6
1nf8,7.82
3n2c,5.12
2r6y,9.49
2byi,6.34
2rkf,9.08
2a5b,3.93
3bx5,8.46
1jvu,5.15
1zsr,9.82
3itz,8.85
1v2l,4.29
2yz3,6.66
3hxf,4.96
2gmv,6.2
2f71,5.6
2wi4,5.81
1kc5,7.0
3cst,7.41
2w9h,6.37
3ccb,4.52
1sr7,10.1
2rl5,8.4
2iw9,8.05
3d7h,10.22
2w1d,6.04
1nlt,4.92
3g0w,9.52
1f28,7.8
1h3h,6.66
2vrx,7.35
3odu,8.14
2qbq,7.44
2rnw,2.98
1thz,5.15
3kek,8.36
2xzw,5.29
2z4y,6.15
2xas,5.89
3c8e,4.15
1m51,4.73
3gep,3.75
2gga,1.96
3kqr,4.43
1kc7,5.52
1lev,5.6
2xwy,5.22
2wyj,9.0
2ksb,3.12
2cex,4.7
2i03,9.0
2f9v,7.82
3bgz,6.26
3kn0,3.6
3ktr,6.15
2qlf,8.85
3f66,6.05
3fyj,8.3
3eta,7.85
2wmr,4.28
2zq2,6.56
1xqc,7.2
1v2k,6.19
1ew8,2.26
3hs9,6.31
2rok,4.35
2xhx,6.6
3bjm,8.3
2nmz,8.37
3m67,6.74
2o4k,10.46
1ndy,6.17
1sv3,4.35
2nsx,7.2
2r23,3.72
1nd5,8.4
2pj0,8.09
2vth,3.92
2r03,5.15
1gt5,6.1
2poq,4.42
3dp3,5.82
3jqb,6.02
1ux7,3.0
2c6n,6.88
2ql9,9.03
1o5a,6.42
3mvm,8.41
2i2b,2.44
1pzi,4.22
1h37,7.23
2h5e,8.25
2gbg,7.25
2uup,3.98
3diw,6.72
2b8l,7.82
2l12,4.26
3cd7,7.84
2h5i,8.89
3d7b,3.69
2z97,6.0
2qcm,3.35
1g7g,6.6
3k2f,7.2
3g6h,8.19
2uwd,8.35
2off,6.52
2v2v,4.07
1izi,6.59
1u8t,4.26
2rk8,3.64
2gnl,7.24
3fc8,5.39
3l5f,6.22
2zdn,6.25
1uod,3.11
1lf8,5.46
2c1a,6.77
2x7s,5.78
1ez9,5.1
2bqw,8.52
3n7o,7.14
2hrm,3.56
3ah8,9.82
2clx,4.88
2vur,4.52
2igv,2.23
3drr,9.4
2evc,6.54
1oit,8.52
3i3b,2.23
3i7e,10.85
3cr5,4.19
3npc,8.34
3b7j,5.17
2avs,7.57
2r3c,5.66
1qx1,2.12
2w0x,3.2
3nan,8.22
3ds1,5.7
3iqv,5.18
1uu9,5.4
1zgb,8.06
1k2v,4.44
2cia,6.43
1h1q,6.0
3g70,9.4
2vo4,4.94
2in6,7.64
1lzq,8.39
2glm,5.37
3cde,7.66
1w1v,2.2
1nfs,9.92
2f6t,4.62
3k23,8.2
3fpm,5.05
2v12,9.05
1urw,8.52
2w1g,8.52
1ga8,1.8
3ho9,6.1
2g5u,8.49
3jpv,6.92
3gw5,9.33
3cfv,6.05
3iw5,6.08
3max,6.05
1llb,6.05
2kfx,4.0
3ejr,8.57
1ypj,7.02
1tkz,6.62
2evl,6.7
3e01,7.52
1hn2,6.0
2fzg,3.38
1i1e,5.03
1hlk,5.0
3eqb,1.82
2vgo,6.3
2x38,6.89
1ikx,8.15
3bxf,5.54
2rfn,8.3
1jsv,5.7
2e9u,8.1
2qbw,7.25
3ivg,4.3
2aof,4.55
1x9d,3.96
2h1h,4.52
3ce0,6.15
2zfs,6.54
2oz6,5.26
2f6z,5.32
3gcq,6.47
2g0h,7.64
2am9,8.41
2fxs,6.06
3kqa,4.85
1o9e,4.18
1j16,3.84
3h2o,4.59
2ole,7.25
2ha2,4.66
2vta,3.73
1xk5,6.0
3a4p,7.55
1rw8,6.76
2w8f,6.3
2wp1,3.6
1o2u,5.85
3ncz,7.82
2p4y,9.0
2g9x,7.35
1zp5,2.92
3ess,6.39
2r3h,4.7
3hmp,5.49
1jcx,5.15
1g50,6.28
3iet,6.85
2r3j,8.0
3mof,3.07
1v2w,4.01
2wks,6.89
3fr5,6.35
1lf2,7.52
1wzy,6.25
2vto,6.85
3fuc,9.72
2xuc,4.1
1y6a,7.66
2g9u,6.08
3bl0,6.92
1l5r,4.77
2c97,6.14
1lqd,8.05
3ebl,6.3
3c5u,8.19
3lj3,9.03
1zd4,3.6
1hc9,8.72
3f3a,4.19
2or9,6.3
3c4h,5.7
3i3d,1.99
3h2f,4.06
1q4x,9.48
1zz2,5.22
2za3,3.68
3nnu,7.32
3h0y,8.22
2rkn,7.22
3i6o,10.35
3dne,5.22
3bgm,7.41
3hmv,7.3
2j9n,4.7
3bxh,4.03
2qo1,5.57
3lpj,6.92
2w0z,4.03
3eyd,9.7
2j9l,4.0
3hiw,8.06
1o3g,7.96
3m3o,3.6
3gww,0.45
1h1p,4.92
3ewj,6.84
1odi,4.21
3g4i,9.04
3cx9,4.89
2w66,4.05
3bm8,3.54
2vl4,6.01
1p2a,7.92
3m58,5.48
1u59,7.25
2fx6,3.7
3d1y,8.22
2a5s,6.7
2g00,9.74
2w12,4.65
3m8p,8.68
2ai8,6.8
2a8h,7.17
3kqt,5.34
2qch,3.6
2c92,5.68
2qiq,4.1
3gs7,5.44
3kpu,3.16
1g32,6.11
3lp0,6.96
3bgs,9.42
3chs,7.77
3a3y,9.15
2f35,5.4
1uou,7.7
1xn0,6.24
3lp2,6.66
2rf2,8.44
1xuo,7.16
3h5b,10.0
1k22,8.4
2hy0,9.19
2oqs,5.89
2xba,7.63
3kqd,9.4
3pa8,5.75
1w4q,5.26
3nx7,8.1
2zm1,6.66
3dej,8.0
3iaf,2.92
3kpw,4.85
2c6k,6.14
3d4f,7.72
3fdm,8.7
3czv,7.8
2nnp,8.37
1zfq,7.52
3o6m,7.48
2fgh,6.55
2c6e,9.1
2c8w,8.43
2c4w,4.7
1q4k,6.55
3m6f,8.6
3coz,5.57
1o0n,4.09
1nh0,9.74
2z78,6.12
3eqs,8.48
2f3k,7.89
2q7y,4.3
3oyw,4.11
1x8s,5.1
1pi4,7.43
2qnx,5.62
3fc1,8.0
2az9,7.66
1v0k,5.1
3m54,5.89
3chg,3.99
3d62,6.1
3f7z,7.19
1njt,4.82
2i0j,8.57
3d8y,3.4
1ony,6.77
2a5u,8.1
1g3e,5.38
1kv1,5.94
2gvd,7.0
2uy5,5.49
3dx4,7.12
2jiu,7.56
3bc5,8.3
2bo4,4.61
1o8b,2.68
1ung,6.8
3h2m,3.67
1wv7,7.26
3iop,7.77
1v41,4.7
3k5v,6.3
3ebp,5.91
2wvt,6.12
3h9o,7.15
1i7m,9.64
2xui,15.0
2wn9,8.52
2bvx,8.7
2ea2,7.8
1tog,3.22
1pum,3.05
2qhn,6.01
1xt3,5.7
3dcc,8.96
3nu5,8.35
1k6t,7.62
1q95,7.57
1qxk,5.05
3cf8,4.9
3g35,4.68
1k1o,6.17
2i4x,11.72
1hk1,5.64
2h5d,8.19
2q80,4.6
3fa3,5.6
3e5u,5.85
1t31,8.64
2pwd,4.4
1w82,6.71
1xnx,6.38
3hy7,6.97
2x5o,4.07
1il9,3.4
3dbs,7.12
2jh5,6.44
3h3c,6.85
3ns9,8.52
2c68,5.74
1kqb,4.0
2vv9,7.77
3cwk,6.6
1jii,9.0
1jbd,6.92
2xah,3.55
2jdv,8.2
2oi2,6.3
3cd5,7.9
2wgs,5.6
3gqo,5.41
3oad,9.62
3f1a,7.21
1x6u,3.22
3jvr,5.72
2cji,8.22
2qi4,10.44
1hk3,6.59
2w8g,6.0
2i0v,6.8
3ffp,7.14
1zpa,8.4
1q7a,7.19
1re1,5.21
2eep,7.06
2vmd,3.02
1x8j,6.96
1msn,9.09
2pu2,4.43
1i32,5.7
3dg8,4.7
1w84,4.46
3nw6,8.15
1j15,3.84
2f0z,4.77
1fzk,8.4
2np8,7.38
3l1s,8.7
3exf,6.54
2w17,8.7
2jdo,6.64
3c49,7.15
3daz,7.93
3fuk,3.02
1ha2,5.54
3d9p,4.54
3gnv,7.03
3gnw,9.1
1jd0,8.24
3ftu,3.61
1m0b,8.82
1pz5,5.4
3d9n,4.05
2xej,8.87
2o4z,6.25
2hny,5.93
1vea,7.52
1p7m,4.38
2wtd,6.68
3h52,4.85
1z9h,3.0
2jdh,6.51
1wbn,6.46
2avv,9.26
2q1q,8.15
1h35,7.54
3k3i,5.72
2ot1,4.0
2pk6,10.89
1sve,8.3
2w05,9.0
3ow3,6.13
1m0q,3.89
2vj7,7.4
1uom,7.72
1szd,4.54
2pql,7.28
2qnn,7.15
1yw7,5.85
1rwq,10.0
3bgc,5.02
3bki,5.12
3b3x,3.6
2v54,4.6
1vcu,3.85
1o35,5.0
2qky,9.61
2vie,7.48
1xp6,9.4
2e95,7.1
1xs7,7.6
1hiy,3.08
2qi5,10.85
3byo,8.15
1gz9,3.51
1kpm,5.8
