PDB_code,-logKd/Ki
1ch8,7.0
1qwe,5.92
1bzy,8.34
1xka,6.88
1gar,10.0
1sfi,10.0
1srg,5.3
1flm,9.37
1ftk,4.84
2csn,4.41
1tsv,4.8
2web,5.12
1b46,5.28
1sps,8.52
1vik,9.52
1bzs,8.0
1c4y,7.92
4phv,9.17
1bwa,8.6
2kce,6.17
2tsr,7.54
1sri,6.08
1fq6,7.86
1qf0,7.38
1qja,6.38
1thr,5.38
1d2e,6.0
1d9i,9.11
1dmt,8.7
1ajq,4.31
1cgl,6.87
1hgt,6.82
1m6p,5.1
1tmn,7.3
1fw0,5.43
1dwc,7.41
1zzz,5.14
1bji,8.7
1cny,7.85
1g6r,4.27
1d3p,7.39
1dfo,6.7
1c3b,7.57
1vwf,6.51
1b6p,8.52
1doj,8.96
1ct8,6.52
3amv,7.97
1b8y,7.85
1a4r,6.66
1drk,6.82
1noj,3.15
5a3h,4.57
1hrn,8.05
1d4l,8.77
2lpr,8.89
1fq4,6.4
1db5,6.82
1at5,4.19
1dis,11.0
1qji,4.85
1e55,4.12
1qs4,5.64
1acj,8.09
1p02,7.17
1c86,4.7
1qku,9.59
2jxr,7.05
1br6,3.22
1bmb,6.15
1fh9,6.43
1bqo,7.74
1ody,8.1
1ets,8.22
1dzm,5.41
1meu,6.1
1mtr,8.4
1abf,5.42
1moq,3.46
1ayv,8.0
1bky,3.84
5er2,6.57
1avn,3.9
1dva,8.07
1ero,8.23
1pme,9.4
1him,7.7
1rt2,8.22
4prg,7.15
1epo,7.96
8abp,8.0
1yyy,5.09
1bo5,3.6
1tng,2.93
1f40,6.0
1nje,3.8
1bmm,7.1
5fiv,7.66
1eoj,13.77
1lt6,3.3
1qpe,7.7
2fgi,7.34
1nlo,5.47
1mmq,7.52
1zfp,7.59
1c4v,10.8
3gbq,5.46
1f4y,6.08
2ay2,1.88
1a8t,5.8
1fhd,6.82
1cwc,7.8
1qbo,7.74
1apb,5.82
1bbz,5.82
1hps,9.22
1czk,8.82
1fq7,5.43
1fax,7.39
3std,11.11
1czo,4.55
1fjs,9.96
1bq3,5.4
1fkb,9.7
1eix,11.06
2usn,6.51
1dmp,9.55
2cgr,7.28
1tsl,6.15
1dtq,8.22
1dth,8.22
1bhx,6.84
4pax,6.4
1dud,4.82
2rox,4.98
2bpv,7.67
1vwn,5.82
1bju,4.8
1tys,5.49
1fkh,8.15
1qk3,5.15
6fiv,8.08
1b6l,8.3
1eat,7.82
1at6,4.07
1hpx,11.26
1c5x,6.68
1c8l,8.16
2sim,3.42
1hgj,1.66
1d6s,4.11
1d6v,6.17
1a52,9.86
1mfd,5.31
1fiv,6.59
1bb0,8.36
4er1,6.62
7cpa,13.96
1b6m,8.4
1ayu,9.15
1aid,4.82
2wed,6.1
1bv9,9.96
1a4g,8.4
1hlf,5.64
2cbs,8.22
1b8o,10.64
1mai,6.68
1a7t,1.64
1htf,6.83
1d5j,9.15
1nlp,4.96
1cbr,9.4
1a1e,6.0
1c1u,8.25
1ppi,5.01
1hfs,8.7
1dkd,5.7
8lpr,6.62
1rpj,6.48
1fig,6.22
6upj,6.32
1juy,7.66
1qbs,9.47
1gux,6.96
1njd,5.57
2cbr,6.85
1dhi,7.26
1tlp,7.55
1drj,7.4
1di9,5.3
1f4x,5.59
1akq,9.1
1tka,6.1
1dzj,5.89
1fo0,5.59
1bmq,7.42
1b3h,6.21
1p03,8.19
1mmr,5.4
1qi0,2.35
1ydr,5.52
1qf4,6.18
1qbr,10.57
5upj,7.12
1qti,6.44
1a5h,6.3
1c1v,7.64
1mem,7.94
1usn,7.74
2ans,5.92
2aac,2.22
1a9m,6.92
1tkb,8.0
1czl,9.15
5lpr,6.57
1lt5,2.7
1dzk,6.1
13gs,4.62
1tyn,9.7
1bnu,9.7
1tvr,7.48
1fgi,5.0
4tmn,10.17
1rne,8.7
1hvh,7.96
1czr,9.0
1sld,6.57
1axs,7.77
2fmb,8.7
1b3f,6.89
1epq,8.19
1qb6,6.06
7abp,6.46
8a3h,4.06
1ezq,9.05
1d3q,6.54
1tnl,1.88
1qhc,7.57
1em6,8.22
2pax,6.74
1rbp,6.72
3tlh,8.82
2izl,6.0
1etz,7.24
1bgo,8.46
1ax0,3.13
1hos,8.55
2qwf,5.67
1sre,3.85
1tyr,7.0
6gpb,4.85
1eei,3.15
1rdj,1.66
1nnb,5.0
1ajv,7.72
1c2t,6.59
2cht,5.52
1ilq,4.89
1bkj,6.77
2srt,6.64
1nok,3.15
1eve,8.24
1qca,5.27
1rst,4.43
1bl6,6.8
1db4,7.24
7kme,4.4
1tbz,9.8
1om2,4.7
1b5g,8.0
3aig,6.0
1bmk,7.6
1mfa,5.04
1ddm,5.77
1fv9,5.0
1cwb,7.89
1qj1,8.05
1caq,7.72
1jmi,6.06
1vru,7.0
1mik,6.35
1elc,6.66
7upj,8.49
1qnh,6.06
3lpr,5.96
1xug,7.05
1bcj,3.7
1p10,6.7
4est,5.02
1gpy,4.7
1ork,8.81
1fh8,6.89
1a4h,5.92
1heg,7.74
1fq5,8.4
5std,10.49
1cet,2.89
1qbn,5.85
1b4d,4.81
4er4,6.8
1ff1,4.92
1pro,11.3
1c5q,6.36
1qhr,6.89
1awf,6.01
1qpf,7.57
1lhd,9.62
1iht,8.46
1c5s,6.0
6abp,6.36
1tsy,4.96
1fzq,7.62
2qwd,4.85
1bl4,8.74
1b55,7.4
2pri,2.91
1dar,4.96
1lhg,7.1
1b11,7.39
1shc,7.28
1qr3,6.59
1gnm,6.25
1ftl,6.0
3mbp,6.8
1biw,6.98
1bil,9.3
1bmn,8.44
10gs,6.4
1qf5,7.37
1c5n,4.7
1bt6,5.7
1nox,7.05
1ggn,5.51
1noi,3.15
1mmp,6.07
1rdn,1.84
1bkm,5.74
1pbk,9.05
3aid,6.86
1tze,6.83
2qwg,3.64
1uwb,8.34
1d4k,9.22
1al8,5.32
2nmb,6.28
1utr,8.0
1ca8,9.49
1dg9,2.74
1c88,5.29
1mes,7.7
1add,6.74
3znc,7.34
2pcp,8.7
1qsc,3.68
1ent,6.96
1vrt,7.1
1str,4.77
1fsg,5.02
1bgq,8.57
1bv7,10.3
1b2m,3.73
1ci7,7.05
1vwl,5.63
1gca,6.7
1bap,6.85
7hvp,9.62
1gnn,5.68
1tet,6.08
1qb1,6.77
1pig,9.15
1dbj,7.68
1qk4,4.21
1efi,1.92
1akw,8.59
1ad8,6.6
3ert,9.6
1d1p,3.6
1hiv,9.0
1met,9.4
1bp0,5.4
1tmb,6.74
5abp,6.64
1c7e,6.3
2dbl,8.7
1tom,8.3
1clu,8.27
1d04,4.59
2ay8,2.24
1gfw,7.82
1akr,9.09
1azl,8.62
1p04,7.4
1f3j,5.22
1evh,3.22
1a4w,5.92
1al7,7.8
1exv,7.35
1dbk,8.1
1p06,6.27
1p01,9.46
1di8,6.0
1eef,2.92
1b6j,7.92
1qjb,6.38
1ceb,6.0
1hte,5.64
1fd7,1.85
6std,8.64
1gfy,5.08
1a9u,7.32
1fh7,5.24
2mpa,8.04
1dwd,8.18
1d4y,11.1
1a4q,5.44
1qfs,9.48
1gai,8.0
1rev,7.48
1f8a,5.0
7lpr,7.18
1bnq,9.49
1a3e,8.46
1dzp,5.44
1qwf,6.35
2ada,13.0
2amv,8.8
1ela,6.36
1cka,5.72
1c4u,10.37
1c7f,9.52
1bnm,10.0
6rsa,4.4
1dm2,7.15
1hdt,7.76
1hef,9.0
1a7x,9.7
1skj,5.15
1e2k,4.94
1dmb,5.74
2mip,8.46
1fcx,7.19
1ao8,8.22
1bwn,7.06
1ths,7.54
1a4k,8.0
1eed,4.79
1akt,8.49
1det,4.3
1rth,6.4
1gym,2.7
2qwe,7.48
1dx6,6.19
7std,10.72
1lvk,5.92
1b8n,10.52
1lag,6.3
1hge,2.27
1aze,4.22
1idb,7.96
2qwb,2.74
1f0r,7.66
2toh,4.15
4fiv,6.52
1hxb,9.92
1thl,6.42
4apr,6.7
1jmf,5.77
1fao,7.37
1pph,5.92
1rnt,5.19
1cpi,7.41
1erb,8.1
9lpr,5.7
1e6s,3.22
1gbq,2.46
1gno,7.7
1axz,3.2
1igj,10.0
1ckb,5.28
1fhr,4.0
1ej4,7.3
1ibc,10.25
1hpo,9.22
2prj,4.49
1f3e,6.7
1qiw,7.74
2er6,7.22
1bn1,9.34
1fmb,10.0
1lcj,9.0
1sts,5.0
1lhe,9.54
1kvo,7.89
5apr,7.77
2qwc,3.55
1vr1,6.89
1e2l,4.29
1qbv,5.39
1c87,4.2
1b2i,5.51
1uvt,7.64
1aq7,6.05
1tsm,6.0
1dtt,8.3
1c5f,6.07
1ydt,7.32
2std,9.85
1eld,6.7
1eol,13.42
1btn,4.4
1f0u,7.16
1d8f,7.74
1db1,9.26
1fbm,6.22
1sln,6.64
1uvs,5.4
1ppc,6.16
1rdi,2.06
1vij,9.52
1tkc,4.85
3pcj,7.22
1d7x,8.52
1bnt,9.8
1ciz,7.44
1rdl,2.24
1axr,3.27
1c3i,5.8
1tps,8.0
1yet,5.92
1af2,3.1
1flr,10.0
9hvp,8.35
1cyn,7.68
1hbv,6.37
2drc,9.89
1a4m,13.0
1mpa,8.04
1rgl,4.43
2dri,6.89
1a69,5.3
4mbp,5.64
1fkg,8.0
1bnv,8.77
1dhj,6.55
1abt,5.85
1a61,8.62
1bm7,7.52
1ax2,3.99
1vot,6.6
1ctu,11.92
1c70,10.3
1a5g,10.15
1jfh,2.05
1ajx,7.91
1ezf,7.25
1awi,4.05
1p05,5.96
1b6k,8.74
9abp,8.0
2mas,7.52
1rin,3.15
1qf2,5.92
2wec,3.96
1bn4,9.31
1bm6,7.89
1c50,6.48
1c3e,6.59
1gfz,4.0
1qj6,7.74
1akv,11.59
1ohr,8.7
1ctt,4.52
1cqp,5.62
1bnn,10.0
1qj7,8.1
1jld,6.73
1njb,5.8
6cgt,6.0
1hsl,7.19
3pck,6.7
4sga,7.3
1aku,6.13
1d8m,8.51
1lhf,8.09
1ett,5.89
4rsk,4.32
1qm5,5.82
1b42,4.01
1sle,6.17
1ax1,3.29
1d3d,9.09
1hvr,9.51
1bn3,9.89
1d2s,9.74
1eas,7.74
1ek1,7.77
1yds,5.92
1upf,4.6
2a2g,7.0
1qpl,8.51
1enu,5.08
1qcp,7.52
4fab,8.06
1a8i,5.52
1c1r,7.63
1bzh,6.77
1a2c,6.3
1jlx,5.8
1lhc,10.4
1anf,5.46
1qng,7.89
1auj,8.25
1ag9,9.0
1fcy,8.52
1au2,7.89
1qkt,9.04
1drv,6.54
1jmg,6.07
1ek2,8.2
1hgi,2.68
1bzf,8.3
1ppm,5.8
1slg,3.9
2er0,6.38
1a42,9.89
6lpr,7.3
1bnw,9.08
1qft,8.77
2bpy,7.4
3mag,4.07
3usn,6.15
1dqx,11.05
4zjj,8.0
3zq9,6.02
5fsb,2.22
5q0m,8.1
5izj,11.52
4anb,8.18
5a5r,5.9
4z9l,8.8
4jq7,6.41
5khx,7.85
5k9w,4.59
5dk4,8.7
4xrq,6.63
5gmp,9.1
4oks,4.48
6bsl,9.0
3uh2,6.0
5ddf,6.17
5amn,8.35
4rxc,4.48
3s3m,7.4
6g3a,8.38
4dea,6.59
5wys,6.7
5ou2,3.22
6em7,4.53
6efj,3.32
5j58,7.3
4ohk,8.3
5ul1,6.64
4r91,6.37
3ow6,6.66
4y6m,7.15
3o9i,11.82
4b13,5.7
4zyf,8.64
3t0w,7.3
3arf,7.19
4j81,4.5
3wd1,7.66
5dp4,4.2
4f7l,8.0
4pzx,6.0
4l4m,8.0
5ne3,7.84
5os0,2.55
4eo6,8.7
5tbm,7.31
4ap7,7.96
4or6,5.31
3qcj,6.3
4d8n,5.74
6h7f,6.12
6bix,6.51
4kil,6.3
4h58,6.72
5zh3,4.67
4hvh,7.72
5bvn,8.82
4mlt,2.85
4e0w,7.48
4yne,8.52
5wbr,4.77
4a7i,8.7
5d3j,5.24
3np7,4.02
5v13,7.63
4ddm,2.46
6mo5,9.52
4yc0,4.13
4lkg,6.8
4bbg,8.32
5mge,4.06
4ogt,10.0
6ffi,8.1
5h1t,3.8
3wd2,6.24
2lh8,4.18
5tb6,5.82
4jib,7.35
5eij,5.31
6nsv,7.8
5ncy,9.4
5xff,8.21
3qqu,8.62
2yb9,9.22
4z2i,7.44
4a1w,7.3
6mt4,3.82
5z1t,6.2
3oe4,7.47
5al2,6.44
5ivy,6.44
4hld,9.3
4x6i,8.0
3s2a,8.09
3qj0,5.2
5mnx,2.48
5m56,7.89
5c3k,3.96
5kgw,4.79
4h2m,5.21
4kzc,8.09
4omd,9.01
4buq,8.14
4nka,6.51
5av0,3.55
5oa6,5.51
6o9x,6.05
3sqq,5.32
4cd5,6.71
6nyh,7.68
5f1h,7.85
4i8x,2.64
4djw,6.28
4irx,6.12
5m9d,5.8
6iez,6.52
5hja,5.96
4u4x,5.01
5ct7,7.15
5b5b,9.37
4jaj,5.26
4dv9,6.72
4ty6,7.52
5qj3,7.62
5adq,5.7
5one,7.28
4r73,7.64
4hpy,9.92
4r0a,4.26
4f3c,11.82
4emr,7.49
5ou1,6.07
3tv5,5.32
4zpg,7.26
3w2t,7.53
6m8d,5.14
5hzx,8.55
4arb,5.89
3qd4,8.2
5dyy,7.24
6ffe,6.1
4b77,5.1
6h33,9.22
4dy6,4.4
4lhv,10.0
5qtt,8.47
4cc7,4.33
4j21,7.41
5za2,5.77
4b7r,9.64
3apc,7.44
6ema,4.53
4nh8,8.52
4oba,9.4
3zps,8.3
3m6p,8.35
5d45,6.92
6ajg,5.78
6hmp,6.86
5k32,8.8
6ayh,5.57
5zwe,8.96
5wi1,5.0
5cal,7.66
5ieo,7.0
5cf5,8.6
5tqf,8.3
4qf7,8.6
4qvp,6.05
3qk5,7.74
6oxs,9.96
5dl1,5.0
4b72,6.2
5y9l,5.72
5qar,3.77
5afl,3.4
5ox5,5.59
6gfx,7.92
5v40,5.8
3umx,6.62
5fp0,7.77
4tvj,7.91
5tg1,5.82
4c7t,6.4
6gva,8.22
4ir5,6.21
3ozp,6.62
3zj6,6.66
5l2z,10.22
4dei,9.0
5hdz,7.35
5ylt,6.39
4n00,8.02
3ozs,5.33
5y7w,7.7
5ivv,6.35
5k0s,8.22
6qlt,4.04
5a14,7.3
5tkb,7.89
5afm,4.15
5u5t,5.41
6cct,4.14
3v7t,7.21
4dzw,7.89
6cck,7.43
4dus,8.3
4fgy,6.3
4an0,10.7
2yex,10.0
4m3e,6.25
4jfx,6.44
3r42,4.08
6biv,6.52
4az2,7.33
5cf4,7.4
5hlm,5.9
4k69,7.4
5vad,9.12
5csw,8.4
4x8t,2.05
6b5a,7.94
3wka,4.54
5l17,9.3
5gso,6.96
4rab,7.4
6skb,7.7
5wzt,6.66
5jjs,7.32
3u8d,6.33
5oha,4.89
5uox,8.3
4km0,6.04
6qmk,7.46
3ntp,4.92
3vfa,9.19
3tic,8.87
4llx,2.89
4mnp,7.34
4oc5,7.07
4y73,9.52
2y67,3.53
5izf,9.74
5yjb,7.54
4z6h,6.21
5kap,4.23
5uey,8.29
5dv4,2.47
4oho,7.77
5ory,3.45
5aer,4.4
4mjp,3.88
6d4r,5.96
4q9o,5.77
5n0f,6.05
4flh,9.0
3rkb,6.42
4mg6,5.62
4eym,4.01
5c1w,5.06
6p5o,4.54
6b5j,7.1
3vhk,4.6
3v7x,8.57
3pj2,5.14
5ygd,7.27
4x1q,5.3
4gh6,7.68
4pee,8.32
5c42,8.72
4nwk,8.7
5vfc,9.05
5i8g,7.52
5u94,7.19
3u7s,8.43
5j8z,8.3
6cms,5.82
4ej2,2.49
5ka1,4.48
4r4i,6.27
6fyz,7.41
4bhz,4.27
4drp,5.41
3ua9,7.25
6m9d,7.35
4n1u,8.3
5ugd,6.62
5hg9,7.46
4dew,7.0
5jr2,7.57
4abb,4.51
4mcd,5.33
6ghv,4.28
3at3,8.04
5emk,7.89
6oxr,10.32
5fnu,8.89
3wcf,7.28
5v8v,8.89
5nps,5.89
4dwk,6.22
5yjy,6.94
6ibz,7.66
4aza,6.99
6g85,5.21
5cls,6.66
6n3x,5.09
6eog,5.8
5kqy,9.29
4p2t,5.43
3ttp,9.12
6h4o,6.89
3ms4,3.28
4o3t,4.37
5vom,6.1
6nlj,4.82
6mo0,6.23
5aan,4.15
5w4e,6.46
2mwo,4.7
4aa7,5.7
4mrz,3.52
5isz,4.49
6mlf,4.28
5n20,4.21
4x63,6.77
6fsd,4.24
5tza,9.0
4mwx,7.12
5flo,3.15
5he7,8.3
4el5,5.37
5m2q,7.52
6dxg,4.85
6g4z,9.77
5os4,2.78
4ykn,8.0
5f00,6.6
5t2m,9.2
4y5h,7.82
4bbf,8.66
4w50,5.85
4kin,8.32
5wzw,5.91
6nrj,7.44
6jno,6.63
6f6n,3.02
4fe9,3.0
4g9c,8.64
5tci,6.88
4bnx,7.7
3nfk,3.8
6hzc,8.93
5ove,6.35
6b1f,8.72
4lnw,7.04
4ce2,3.84
5lxd,8.5
3zn1,4.54
6cyd,8.7
3vsw,6.89
6chp,10.12
6ckr,7.3
4xjr,5.32
3pb9,6.58
4av0,6.98
5qam,4.0
3pwd,6.66
6g28,3.64
3suf,7.56
4ede,7.38
4tlr,8.52
4dgb,3.89
3ldq,5.36
6h4p,6.99
5w7u,8.05
6qyn,7.62
6b7a,4.49
6hq3,6.11
5kv9,5.85
5y7z,7.81
6ijl,7.93
6nzf,9.04
5a4q,5.54
6bvb,6.71
3zmt,4.55
6jij,6.64
5eay,4.47
4cfm,4.74
6bid,5.54
4bqy,5.96
4na9,7.39
6e59,8.67
5i7x,7.28
3vyf,8.8
3ztd,4.02
4h3f,9.0
5een,8.96
4pl4,5.27
5u2e,6.56
5q0f,9.89
2xwe,6.02
4cr5,4.15
4q6r,6.68
5o1g,3.94
3tnh,6.46
6kmj,4.79
6d49,3.93
6aum,9.1
4alg,6.3
4j08,6.66
4frj,6.55
4der,6.31
4ztn,7.72
5hk2,8.59
5muc,6.04
4mzo,6.57
6jbe,4.7
4fyh,4.85
5tcy,7.66
5w12,7.28
4pio,5.7
5nk2,6.74
4dxg,7.06
5ali,7.07
4oaz,5.77
4k5o,3.98
4ok5,4.51
4q87,4.85
3ud9,4.67
6f08,5.39
6n0j,5.37
6qzh,8.52
6e2n,7.9
4odm,6.07
4pjt,9.24
6ge0,8.68
6fu5,7.5
5nqr,7.15
3pz4,8.22
3tkh,7.33
4z2l,5.85
4kne,5.9
5ogl,4.31
4csd,5.91
5j79,8.52
4kql,8.77
3ppk,8.85
6s88,6.17
4yw2,2.8
3qs8,4.74
6boe,5.54
4btb,5.01
3q3t,7.43
4pd6,4.44
5q1g,3.58
4zx6,5.27
2mlm,5.21
3vjc,7.72
5aaa,9.42
4djp,10.55
4lys,4.34
5e1s,7.92
4tw9,7.7
5fnc,4.11
4uv9,6.01
3wf8,6.63
5ejv,6.69
6oou,11.3
6h9v,0.66
5fot,3.17
5u8a,7.89
4qz2,5.21
4a50,7.91
4g55,4.92
5ijj,6.55
4yay,8.54
5hdu,9.0
3suw,4.7
6d5e,6.85
4gs8,7.0
6qef,7.22
3rlp,7.08
4hzz,8.08
4l6t,7.49
5uk8,6.4
5f6v,2.24
5bpe,5.95
3uib,6.8
4i9r,6.95
5nhf,9.49
4iti,6.36
5jap,6.64
5ku9,5.83
3s3n,7.06
3zll,6.4
6gwe,7.38
3thd,4.05
4x3u,5.09
6pg7,4.66
6ekq,5.46
4poh,8.0
6imr,5.37
6npe,6.3
5km1,6.18
6hgs,3.77
4o2f,6.41
4abf,4.62
5od5,7.74
6dgx,11.3
4gly,5.11
3pxf,4.43
6nco,4.52
5cbr,5.74
6peu,5.89
4fxy,7.54
5ok6,5.05
4occ,8.7
4o4y,7.81
6n9p,8.4
6eku,4.28
3r02,9.0
3s3o,7.57
3slz,6.99
4q09,8.17
5g2n,7.03
4o7c,5.0
5oy3,4.15
5iu8,7.74
4e6d,8.92
4nwm,8.1
3su5,5.58
4rh5,6.9
6f7q,8.96
6nrg,7.25
4mvn,5.46
3o75,6.68
3v8w,8.07
3v49,8.02
4djr,11.52
5e8a,7.47
3upk,4.3
4qwj,5.77
4dhn,3.89
4y63,3.58
6ouv,5.55
5t6f,5.8
4fod,8.92
3tjh,5.41
5kww,8.13
5ofi,4.2
4g2l,7.49
5edi,9.52
5eto,5.57
6p9e,7.17
6gl9,6.87
4aqh,6.54
6qxd,6.02
5zqr,7.97
5qah,3.84
5luu,5.06
6dcg,8.15
4odf,10.0
4xuc,5.96
5o9p,5.09
6n5c,6.43
3r7o,8.36
5vdw,4.0
5wjj,6.62
5f3c,6.05
6o4w,8.47
6g8q,4.72
5vgi,6.98
5tho,7.64
6qmr,7.92
4py1,7.19
5tbp,5.18
6dyu,10.26
2ylc,7.89
3twx,5.26
3t6j,6.36
5mrh,4.2
4m48,6.81
4ojr,7.42
3peq,7.5
6hmt,7.04
6udu,9.3
5n0d,8.48
4o0t,5.54
4cwq,7.06
4qt1,8.15
5hbj,8.64
6bhe,4.62
4d1a,4.72
4edy,5.83
6epa,5.95
4wbo,4.2
6ajr,4.31
6aps,6.66
5nwk,6.57
5kx8,7.42
4rfr,6.54
5cei,8.28
4xsy,5.3
4uj9,8.7
4etz,6.3
5ggn,3.66
4pnr,6.34
6dgt,7.38
4c1m,7.8
2ym4,5.82
4gfn,8.3
5w88,4.52
3zvv,3.04
5byi,7.51
4l0s,6.84
4jvj,7.66
4jrg,6.71
3su3,9.13
4yht,9.22
5h4j,6.89
4jg6,6.44
4bdj,5.14
3r1v,6.92
4fjz,6.29
4ghi,7.09
4ixh,8.21
4q7w,2.64
5cte,7.8
6g9d,8.37
6jao,4.86
6hza,9.3
4wk7,7.13
5a4c,8.24
5wad,8.11
6o7g,5.96
6bjo,6.29
5buj,8.3
6e3s,6.78
3ru1,4.85
4jln,7.78
6e49,4.72
5zjy,8.18
5lo6,7.27
6ayo,8.29
4gq6,7.28
5ivc,5.92
4jps,8.3
2ynr,5.77
3qsb,5.08
5qaq,3.54
5l2o,6.12
3pn4,6.85
6d3q,8.47
6q5b,5.89
4ys7,9.0
3sfc,8.52
5ngu,7.44
6mlh,3.67
5cgd,9.3
3ogq,7.52
5htz,8.62
4kom,7.0
6plf,6.67
5k0m,8.82
5jiq,5.4
4frs,8.77
4b7p,9.46
4l0v,6.63
5lmk,7.43
6h0u,6.77
4gts,7.89
4oz3,4.55
3b27,5.16
6grp,5.48
5mo2,3.84
5xig,6.38
5ai9,6.61
4d83,7.26
5cs5,1.58
5ot9,4.07
4b6p,7.13
3tiy,4.77
5fso,6.09
5hka,6.46
5tpx,6.55
3mtb,4.63
6bh5,6.6
5uv5,7.7
4bjc,7.85
3rdh,5.03
5ylj,3.86
2lk1,4.09
5lhi,8.11
6qr0,6.92
3wsy,6.36
6n4e,8.0
5tpc,3.0
6cyc,7.85
4hpi,4.85
4gtq,8.3
6fnx,4.9
5ult,10.85
4ezr,5.2
4q1b,8.72
6i8l,6.41
4l31,6.79
4qz3,5.51
5itf,5.74
6hd4,8.64
3rxp,2.08
6ht8,6.72
4a9c,4.61
4wf2,8.1
3twr,5.19
4rio,9.0
5a5p,4.0
6hvi,6.42
4yat,5.03
5sz6,7.0
6qlu,4.64
5ur1,8.97
4b7n,8.78
5yhe,6.69
4odl,6.95
5tv1,7.24
6n87,5.66
3vd7,4.48
5yr5,6.74
4j5d,5.96
3udk,4.49
5n70,8.52
3ao4,2.07
4gui,3.64
5dhu,6.3
4kc4,3.23
4m5o,6.42
5uq9,6.15
5c1x,5.75
5v1y,8.15
6ea1,6.59
4exz,7.54
5a8z,7.55
4jls,5.66
4aac,8.17
5z4o,3.28
3zlr,9.26
6g3o,9.24
5nhl,9.52
5d47,7.0
4xkb,6.1
4um3,7.54
3qxd,6.15
4xct,8.17
6ibk,3.29
3tgs,5.39
3rvi,7.96
3rwc,8.12
6hax,7.59
6hgv,5.55
5alo,6.13
4xub,5.97
4x7j,7.39
5if4,9.0
3ap7,3.0
4n8d,4.92
2yk9,5.09
3ske,7.77
5j31,6.51
5nf5,6.82
4z8a,4.76
5nz2,5.03
5w13,7.66
5b5g,5.25
3mbz,5.8
4zg6,6.33
4z0f,5.77
4jv9,5.74
4wag,7.08
4ynb,10.37
4p1u,8.52
5dhf,5.66
5h21,5.19
5u6j,7.64
4ydf,5.1
5axi,3.92
4dcd,5.75
5ts0,7.8
6psb,4.1
5vkc,8.74
5e3d,4.02
3sdi,8.33
4qgh,9.0
5ggz,7.25
6dim,2.14
4gd6,7.38
3p9t,6.2
4aa1,4.12
6apt,6.05
3v6r,6.15
5nb7,8.22
5lg3,3.8
4rd6,6.28
5obg,7.13
5l8t,3.55
6eya,7.48
4xv3,7.92
4jzf,6.76
4f39,5.7
3tkz,5.92
5foo,2.62
5zoo,5.65
5jv1,6.07
3wax,7.89
6cz3,7.25
5e0j,5.21
5l6o,8.22
4ufh,6.42
2ym6,6.06
6oos,11.3
5eu1,7.81
4twd,5.08
6epz,7.14
3rtf,7.35
6oa1,4.59
4ij1,5.4
3ao2,3.77
4ec4,7.6
4mra,4.47
3tfu,3.28
6br2,8.72
3uod,7.31
4qjw,7.8
4mk5,6.35
3t07,7.8
4oma,4.17
3okv,6.23
4lxa,8.7
4hl5,6.35
6u8b,6.37
6baw,5.38
6poh,2.71
4rro,7.59
5ajw,6.98
5ddb,7.09
2xye,8.34
4g95,7.61
4bae,8.52
4pvo,6.31
4baq,9.01
5nwg,6.18
4o1b,6.41
2m41,5.1
4mw0,7.41
6ckw,9.08
6g07,4.57
4ezk,8.2
5kpk,8.3
4zwx,8.7
3wzq,6.23
5t9w,5.59
4s1g,9.22
5f2p,4.43
4uwh,8.52
4o2a,5.74
6b5q,8.24
4e5i,5.3
6np2,6.8
4eor,6.3
3pdq,6.74
5yji,5.3
5i7u,8.77
5mev,7.0
4m3f,5.31
3v5j,7.96
4fcm,3.94
4ll3,11.57
5vrp,8.89
3wff,6.18
4x9w,6.85
4qsm,7.41
4kao,6.11
5usq,7.0
3mna,7.39
6dif,10.72
3wdz,6.92
5tfx,7.22
5anv,9.3
5m17,3.66
6elo,6.29
2yj9,7.02
5hed,4.44
4a51,6.73
6gga,4.85
4c4h,8.22
4bis,5.85
6h96,8.68
5khd,5.6
5i56,7.32
4zyy,8.05
5pzn,7.39
5tcc,5.66
5yyz,4.18
6a9o,5.24
5tq5,7.23
5jv2,4.0
6b1w,7.37
4crj,5.96
6f09,5.97
5ggl,1.78
6fyp,6.84
5fdi,7.73
4o6w,8.52
4ow0,6.82
6cki,7.24
4c1e,7.14
5opc,4.54
5f1r,6.0
4cd8,2.89
4o0j,4.89
4lps,5.74
5a6k,5.95
3asx,7.7
3r7q,6.97
6e9a,11.92
5t2b,8.3
4c2v,9.0
5tr6,8.49
6h5w,10.8
4alw,7.57
5ccm,8.4
5o4f,6.68
5al4,6.52
4cxx,5.68
4app,7.19
4f9v,6.03
4hvd,8.85
4waf,5.0
3rti,7.37
5ap0,8.26
5a2s,7.7
4wcf,4.28
4gw1,6.37
5k00,8.15
6g97,8.38
6qxa,5.77
5vih,7.49
5fnd,3.49
5may,6.48
2ybu,6.38
4zsr,4.44
2y81,8.7
5mpn,7.07
4q3r,6.27
6hu0,6.91
5cpr,7.56
4ez3,4.35
5wep,6.36
4lxm,7.06
6eb1,5.33
4bnv,7.52
6jaw,5.66
4y2s,4.28
5alf,6.69
5jyy,8.1
5uy8,8.3
6prf,8.6
4dfn,7.7
5hz5,7.07
4ks5,6.89
3owb,7.72
6qra,6.15
6es0,5.65
5dp6,4.83
4f7n,7.1
4ktc,9.0
5ezh,4.62
4f09,6.7
5aku,6.82
6gu7,5.81
5eng,5.85
6ez6,7.4
5os7,3.69
6b1o,8.51
4lxb,8.15
5lgq,7.05
4j82,4.35
4zg7,8.7
6mnc,5.8
4bak,8.91
4ke1,8.6
4dq2,7.52
6h2z,9.3
3vid,6.21
5vkm,3.55
3ozr,5.15
6ggg,9.2
6maj,7.47
2y76,6.36
4gvm,6.11
4uix,7.3
5ovi,7.68
6cq4,4.85
6d1a,4.35
5cap,7.28
3wmc,6.51
5a2k,6.35
6bl2,7.39
6ajv,5.04
5elf,2.34
5hz6,7.8
3ro0,4.5
5fdd,4.2
3azb,4.92
4eh6,2.46
4idn,5.24
4pgc,5.88
5j1w,6.72
3nc4,4.58
4qvq,5.2
6gu3,5.36
5mrd,4.44
6s07,7.4
6q9l,8.41
5cav,6.67
4w4s,5.02
6oy2,9.87
5hg8,8.52
3oy1,7.8
5h8b,11.31
5u7o,7.14
6d8e,6.47
5n8t,5.74
5llo,9.4
6i5p,4.32
5mty,8.89
5bnm,4.82
4m12,6.05
5ny3,7.47
5mwj,7.61
5lxc,7.97
6dq6,5.07
4bco,6.88
5ng9,6.72
4j8t,6.77
4lpg,4.25
3pjt,4.88
5k1d,4.68
6s55,6.2
6as8,7.05
4wzv,9.37
4qtd,5.97
4ksq,7.31
5ak2,8.41
5xyz,8.1
5neb,7.77
6ed6,7.43
4x9v,7.85
6iql,9.37
5vcw,5.96
5jfp,9.32
5xw6,4.91
4q08,6.3
5xpo,7.08
4q83,4.19
6e8x,6.22
4qtn,6.85
6dn5,7.49
6t6a,6.7
4wki,8.3
4no8,7.15
4gbd,11.32
5uc1,7.85
4zk5,8.43
6b7c,5.14
3sgv,4.46
5wzr,7.29
5k6a,4.51
3pz1,6.14
3sx4,8.52
6c9s,7.32
6f3i,7.68
3q0z,7.7
3v5p,8.96
4ga3,7.52
3udy,5.7
3vw0,4.67
3nzx,5.17
6mob,8.15
4qge,9.3
4pyx,6.14
6jsn,8.42
4na8,8.82
4ryl,7.28
5u12,5.07
5gid,6.11
5e28,7.91
4ycw,5.68
5cyv,4.96
5uuu,7.74
5o9q,5.21
4tju,5.44
5h15,5.8
4l2g,6.68
6bfe,5.85
6et8,8.25
6qha,5.3
6e3n,8.7
5f20,7.52
4qxq,5.7
4yl1,6.67
4gja,5.92
4qpd,7.82
5uyu,9.51
5le1,4.97
5hbe,8.64
5eoc,7.52
2xu1,7.66
5kxc,5.26
4gzp,7.84
5w3i,5.8
6qgh,8.15
3zeb,6.13
4ach,7.66
4w7p,7.49
4i5m,8.06
6fmi,5.03
4bci,8.22
4l34,6.94
3rlb,9.92
3th0,4.12
5td2,8.66
5v88,7.55
5tur,6.05
6h38,8.11
5qaf,3.51
5myx,8.16
6b8y,9.66
6fgl,4.62
4ocz,9.18
4m0f,8.77
3s00,4.92
4um9,8.07
6fo8,7.74
5t36,7.37
3s9y,6.44
3ryw,6.24
4l02,7.7
3tsz,4.46
5o11,6.67
6h4w,6.97
6ar9,5.18
4urw,2.8
5fxq,7.85
5gx6,5.8
5ngt,5.89
2m3o,5.3
4mdn,6.22
5hwu,5.27
4jlg,8.7
4gfm,7.22
6bvh,9.15
5flt,2.89
4ly9,8.15
4d63,1.64
3v31,5.8
5ne1,8.28
4rlt,4.96
5jcj,4.42
4dmy,9.0
6oyz,6.73
5cgc,9.3
5l2m,6.89
6i9a,10.0
4mgb,5.44
5cin,7.74
4b05,7.58
4o43,4.3
6nzh,8.8
5llh,10.17
3ljz,8.14
4mq6,6.47
5k13,8.74
5wex,7.18
3arw,6.15
4joa,7.54
5fsy,5.89
5eyd,9.0
3p17,4.48
4hmq,8.24
3oil,5.68
4o28,7.54
5lxp,6.12
4ffs,10.44
6hk7,7.34
3zs1,6.4
6m8a,5.26
4q1w,11.7
2n06,4.92
5dtr,4.41
4mr3,5.94
6ode,8.1
4i47,6.92
5ake,7.82
4h3g,8.22
6hly,7.33
6c9n,4.78
3uvq,7.77
5yyb,6.56
5ddd,6.59
5q1d,6.12
3sff,6.7
6t1o,5.59
3p3u,6.48
5yj8,3.98
4bfr,7.64
5yib,5.48
4cu7,7.59
5j6d,8.22
5bui,7.05
6rmm,4.69
5lud,3.61
4zjc,8.96
5jal,2.47
4c1w,9.41
3ws8,6.68
5wr7,8.96
4r6v,7.45
5nk6,6.8
6bgg,4.02
3v01,7.6
4aw5,6.12
6im4,7.4
5znc,7.52
5f08,5.52
6e7r,6.83
4aa5,7.8
6pyb,5.38
4x7n,8.22
4cc5,4.42
4m2r,8.49
4rn6,5.1
6p8z,4.7
4i5c,8.82
3way,7.66
4drk,5.08
6qeg,7.3
4qz5,5.26
5etn,5.37
4qg7,8.0
4zhm,8.05
4bcb,8.52
5duw,3.29
4yt7,8.77
4knx,5.49
6g0z,5.32
4zzd,6.6
4mi9,3.42
6enx,6.08
3wdc,7.92
4anu,7.68
5o91,6.46
4c1d,5.36
2y4l,6.3
6m88,5.96
5ybe,6.24
5ajc,4.24
6gnm,4.26
3uda,5.01
6j9y,5.07
5yls,5.29
4r5x,5.26
5wdc,6.4
2ycf,10.52
4ay5,6.27
4g3g,8.43
4q1n,9.7
6q39,7.85
6e4u,7.87
5cqt,6.91
3rm9,4.77
4cku,6.82
6ea2,6.55
4hkn,5.96
6fpu,6.49
4n9b,5.28
5xvf,6.15
6f8u,6.1
5gwa,5.77
6b16,7.49
4r4c,5.54
4wrb,6.19
6j10,6.35
4a6c,7.92
4x48,6.77
6d4t,6.92
3ayc,4.24
4v24,8.37
4az6,9.1
6b67,5.05
5kax,6.11
4cfx,5.06
5xih,7.15
4jje,7.64
3wt5,9.54
5nuu,8.2
5vs6,6.98
4ago,4.81
5am6,6.73
5mar,4.39
4lm4,3.04
5fum,4.74
5g4n,4.0
4n9e,7.82
4o70,4.72
5eyr,5.3
5eqp,5.4
5t28,8.49
5qal,3.46
6e22,8.89
6cjr,9.52
4nxv,5.42
5xhs,5.05
4iqu,6.24
6ay3,8.02
4idv,7.4
6sbt,6.78
4bb4,6.72
4d8c,8.7
5y6f,6.85
3qa2,6.68
5brz,8.15
6aao,2.11
4pkt,4.83
6rn9,8.2
6g0w,5.28
5etm,5.41
3qnd,4.85
3wcg,6.85
6erv,5.36
2xni,7.37
6c1s,8.52
5cs2,8.4
5cxh,8.3
5ucj,6.36
3u78,5.6
4tw8,5.58
6n55,7.87
6qz8,7.62
5m2v,5.4
5id1,6.25
3mw1,9.09
4erz,7.06
4duh,5.18
6n9h,4.26
4qp7,5.23
4ci3,6.81
3qpo,6.61
5n8w,6.33
4qw6,5.85
5fl0,6.46
4og3,6.55
6c42,8.21
5wf5,7.65
5web,8.0
5nn6,5.52
4fk7,5.24
6e99,6.0
3q2j,4.18
4o7e,5.24
3sha,5.59
4hzx,9.3
5afx,5.92
5akk,4.0
4j8r,7.7
6d8v,5.42
3t8w,7.54
4x69,7.66
4o2p,6.7
5bwc,7.21
4qev,7.66
4amy,10.82
6i63,7.01
4efg,7.26
6c4u,6.1
5ymx,6.92
5nvw,6.77
4tpw,4.69
4n4v,8.7
5ne5,7.41
4qir,6.95
4lmu,7.26
4eok,5.07
4b5d,7.89
4qps,6.52
6m9l,7.54
4xua,4.59
6dak,5.14
5auy,5.8
5e73,4.64
5tq3,8.66
5wei,5.7
5kkr,6.92
5i2r,7.72
2ly0,4.8
4z7f,7.53
4zyt,7.77
4yzu,5.05
5mw4,11.7
4d9p,3.84
6dd1,4.65
4cl6,5.39
6g3v,6.04
6hv0,6.56
4jlj,6.13
4nxq,4.74
4i06,7.17
5ohi,8.47
4mme,6.5
5xvk,5.05
5o8t,7.13
5o4z,6.07
3mv0,3.85
4wvs,6.27
5kw2,9.09
6qhg,3.13
5eh7,3.48
5aaf,7.44
4yqv,5.71
5ea7,7.96
6ful,4.92
3su4,6.26
4y5d,5.92
5ncz,9.1
4nw6,8.4
4e20,8.22
3rx5,6.27
5ctb,7.64
3uri,9.0
4kb8,7.89
6euz,4.18
5t8o,6.51
6rpg,8.52
4lh5,6.7
5u0e,5.11
6kzc,7.94
6hlz,7.33
5o0a,3.24
6iar,7.6
6sal,6.58
3np9,4.4
3uo6,7.82
4c37,7.71
3r21,6.74
4gfo,6.62
5swh,7.59
5g5z,5.66
4gjc,7.05
5wg6,4.54
6ugo,7.59
5vdp,4.05
4lbo,5.77
2yaz,5.14
5ku3,4.89
6cbh,6.29
5acb,6.8
5x9p,6.89
5oui,4.03
5a3s,8.68
4k67,3.43
4xyf,9.0
4ogv,8.05
4kbc,7.85
4g0p,3.01
3pdc,7.49
4qsw,1.68
5cnj,6.84
6bg5,6.0
5vee,6.11
4y85,7.89
5n1v,6.19
4gjd,8.52
4uv8,6.47
3ral,7.0
4kon,6.48
4fsl,7.7
6hub,8.1
5gub,6.2
4o72,6.0
6g33,8.15
4pd8,6.03
5qa6,3.76
4pid,4.62
4zy4,7.66
3qak,8.32
6bu0,5.96
6o94,8.74
5nvz,6.77
3zdv,5.48
4wvu,5.71
3loo,6.07
4y2y,5.05
2xiy,2.44
4d1s,7.66
4pm0,7.35
2xs0,5.15
5h9p,7.17
6irt,3.81
4bcn,7.92
5g1z,5.32
4i8n,4.46
5up3,7.9
5q0l,5.36
5btx,3.55
4c38,7.76
6akw,7.22
6d19,6.61
4huo,4.7
5kkt,9.0
3ri1,5.3
3puj,4.51
5teh,7.55
4hrc,8.92
5kv8,4.84
6q8p,7.74
4fzg,7.72
3tdz,6.82
5kby,8.82
3qxt,5.22
6gjn,6.22
3pvw,7.27
6ibx,8.7
5otz,5.19
5m4c,7.4
3s3q,8.77
6di1,6.74
5ezx,7.06
6ep9,6.84
4c1y,3.6
6e5s,6.44
5fhm,5.09
6dyz,9.2
6dik,5.07
5ywg,8.34
6fzf,6.82
6eq8,8.0
6e5b,8.66
4l2x,7.41
5lpl,4.92
5mrb,6.33
4m3q,7.77
4de0,5.89
4g1f,7.77
6mod,9.15
4url,6.3
3zso,5.12
3n3j,8.48
3qbn,8.23
6edl,8.7
5gnk,8.28
3v7d,6.39
4lvt,10.36
5m63,6.96
6p87,4.6
6ic5,8.22
4qfs,6.05
4nbn,4.36
4mm5,7.74
4x34,6.12
5yic,5.89
4alv,8.15
6mx3,5.14
6pvy,3.19
5dxb,6.28
3pcu,5.29
3wig,8.64
4j7e,4.85
5j6a,7.77
4y0a,2.31
5trr,7.39
3pdh,6.74
5ewk,4.85
4xcu,8.22
5jf2,7.89
5ajv,6.24
5klr,7.72
3u6j,8.21
4g2j,7.96
6idb,6.4
4n1t,9.1
4bdc,4.93
3ti3,8.74
5hg1,5.2
4jp9,7.62
4rak,7.85
4f1s,8.7
3p2h,5.44
5dhp,3.85
6s9b,5.68
4n7j,5.47
5okt,6.03
4mex,6.7
5nud,7.49
3ppr,2.82
4pkv,5.25
6fkz,6.05
5mqt,5.7
6nao,6.7
4hco,4.32
4uce,3.17
3zqt,4.41
5jna,7.35
6seo,4.74
5cy9,6.66
4mny,5.71
5y86,6.1
3vjm,9.43
4dro,5.41
4fgz,2.87
4eki,10.0
3mrv,3.74
4e3b,6.05
6npt,7.17
3aza,5.13
4qye,5.92
6s57,5.1
4o76,6.89
4b12,4.99
3ole,7.83
5oq8,5.85
5ap7,6.29
6a73,6.48
5laq,9.2
5f5z,7.07
4e6c,4.82
5fto,8.21
5w6u,5.49
2x2r,7.12
5fni,3.48
6kla,7.25
5y62,1.74
6cvf,6.35
6p7q,5.36
6n3v,5.61
4lkf,5.37
4jx9,8.62
4lw1,3.15
5dj5,5.6
4p4f,6.77
4ehv,2.29
2ykj,6.21
4x7o,8.7
5o5a,4.77
5kde,3.89
2yfe,6.63
4i9u,3.86
5cc2,4.1
6chh,5.57
5lc0,6.7
5nho,9.52
6oko,6.74
4ui7,7.36
5i86,6.28
6e4a,7.36
6b1x,7.4
4kc2,3.31
4qaa,6.44
4j03,7.59
4zzz,7.06
5n1y,3.22
6b4n,10.55
3sm0,6.13
3n35,3.37
6iyv,5.88
4ekg,8.77
6eol,7.43
4j5b,6.22
5d24,5.24
6c7d,9.77
5nu3,6.64
4br3,5.72
5he2,6.89
5fh7,6.86
5i22,7.62
3qi4,3.93
5lgp,7.04
3uxm,4.7
4hla,10.8
6dki,8.64
4og5,6.52
5i58,6.92
5awj,9.68
4ks3,6.37
5aqp,2.68
5al5,7.15
5ah2,10.08
4eg5,8.1
5vlh,6.8
5ura,6.4
4jsc,7.13
4r0i,6.52
5zh4,5.14
6o5t,6.5
5zo9,8.2
4mwb,6.49
3o9l,9.66
4hhz,7.72
4meo,3.6
4nym,3.55
4psb,4.64
4mhz,6.87
5jha,5.9
2x6y,4.59
6fqo,6.85
5hk9,6.54
5mwh,5.74
3zi8,5.66
5qtu,8.39
5vqe,1.49
6gf3,4.84
6qls,5.35
4x21,7.44
5zc5,7.06
3nf6,3.53
6esy,5.59
4w9i,5.96
4oef,4.76
5lvf,4.82
6uvv,5.18
6mg5,4.69
6cn5,7.7
5upf,8.6
4mwv,9.4
4wsk,6.43
4e3m,9.7
5u14,5.34
5wqk,6.3
3ama,6.53
4uu8,6.54
6gz9,2.13
5kx7,7.44
5ih9,8.7
4uua,5.24
5czb,8.0
6r8i,6.03
6pfj,6.41
6oe0,8.92
5kcx,6.7
5vdq,3.67
4dai,6.96
4ezt,5.13
4p7e,4.76
4xwk,4.63
5a3x,6.1
4rfy,7.0
6nt2,8.82
4w9d,4.99
6e7w,6.52
3qtu,7.15
4dk8,5.74
5lgt,6.51
4u0i,8.22
3wti,5.9
5hdv,7.82
4up5,2.6
4cmu,9.7
4b8y,8.05
5du4,5.25
6hrt,9.0
6qav,8.31
3oku,6.36
4mue,6.7
4ajo,7.03
6d3x,10.29
4ahs,2.19
4hwb,9.24
6ced,5.82
5wzs,6.55
6gwr,8.1
4k2g,7.7
4x1r,6.4
4d1d,5.74
2xm9,8.05
6ak5,6.12
5ixf,5.52
6c67,5.92
4msc,5.96
4jc1,4.3
4ury,2.22
4klb,4.16
6g6y,6.66
6q74,8.2
6hu2,5.9
3pr0,9.54
5h8x,5.51
5zyh,5.57
4gye,6.85
6q7h,7.68
5swf,6.26
4lkl,6.09
5tv3,8.09
4bkj,8.72
5fd2,7.05
5t18,9.3
4rvm,9.0
6g5l,7.62
6dql,7.89
5ksu,4.08
5q1a,8.02
3osi,5.22
4d1c,5.7
4rj8,7.77
6k1s,7.7
3t03,6.8
5h9r,6.08
6bh1,7.22
4jvi,5.3
5ywy,7.23
4i10,6.77
4dvi,6.72
5hvu,7.89
3ue4,8.96
4m8t,6.43
6qw9,6.64
4wke,8.1
6bic,5.62
4px6,8.4
6fex,7.54
5n49,6.33
6hth,7.12
5f6u,2.52
5tob,8.82
4azc,5.86
5e2v,6.08
5orr,3.77
4qy3,6.82
6n7z,5.55
5diq,5.17
4elh,8.09
3t3u,8.6
4xh6,5.57
4qo9,6.8
6fym,5.07
5gvl,7.38
6qw7,6.33
6nm4,7.06
4qo4,8.3
3udj,3.62
4joe,3.56
6pg3,3.32
4j0a,6.8
4p00,6.4
4wy6,5.97
3wf6,7.48
5uln,7.85
4uj1,6.52
4li7,6.11
3tpu,4.32
6b95,5.15
5dp7,4.56
4gcj,7.7
6bhh,3.76
4iwd,9.0
5u0g,4.58
6guh,7.59
6hah,4.81
4o0b,8.3
5enk,8.1
4aua,5.14
4uiz,4.7
4o24,4.3
5nzn,3.66
4o10,7.11
6mji,7.29
3qiy,5.34
5ntp,9.15
6cdc,5.6
5yjf,5.74
6dtw,8.26
4a9r,7.8
4crd,7.1
3vzv,8.04
3p9h,5.06
4jnm,8.52
3wtj,6.53
5f25,5.04
5urk,6.1
6d17,4.82
6buv,4.74
4b7j,7.95
4op1,6.89
4ucc,4.32
5d3h,5.1
2xk9,10.15
5n9t,6.66
5mxf,3.59
3o9g,12.3
3u7k,7.07
3p7b,7.74
4imq,5.82
5mts,7.15
6pgc,5.35
4fob,8.3
4gqr,3.96
5qqp,8.28
4hys,7.26
4foc,8.52
4qwf,6.0
4hf4,8.62
6cb5,5.37
4zlo,4.92
6dm8,7.28
5j7g,7.24
4ieh,7.85
6h75,4.38
6jan,5.79
5alm,6.53
3uwo,6.36
5em6,8.4
6hsh,7.55
6sfi,7.59
5eko,4.8
3uyr,6.9
4acd,8.31
3p0g,10.08
5aqg,4.51
4zsj,5.64
5kqg,5.15
6g9a,7.68
3su6,6.02
5zdp,7.18
5o45,8.05
6mt5,4.49
5ttg,7.34
4eh2,3.16
4mmm,3.82
6dh0,10.59
4wyz,4.3
5aom,2.9
4oc6,7.07
5n55,5.99
4uy1,4.7
5itd,6.58
4uwg,8.15
2ya6,5.7
4loj,6.52
3wtm,7.0
4unn,6.38
5ivn,8.85
5mi3,6.84
4z2g,6.66
5b5p,9.7
5xzr,5.49
2xvd,8.7
4fmo,5.53
4ch2,5.99
4x47,2.85
5yyf,6.48
6k3l,7.22
2ydi,6.82
6fs0,9.77
6qh9,5.0
5wa6,6.36
5jao,4.0
4zae,8.44
3v6s,9.12
3pju,4.88
2ndo,3.25
4cdr,5.1
6gop,9.15
6hcv,8.3
5j5t,6.96
3up2,7.4
5cau,8.8
6md7,6.74
5v5d,5.27
4qz0,5.46
5wf6,7.83
6a8n,7.82
4xii,6.6
5fnr,4.23
5tg7,4.53
5ewy,4.3
6hmr,6.83
5afv,5.59
5edb,7.0
5nxo,8.31
5tg5,4.01
5c7d,5.11
3s68,8.66
4k60,3.24
4j0s,6.42
5tt3,6.71
4nks,7.17
4pge,7.77
2y4s,6.15
6cz4,7.12
3qce,5.6
4joo,4.43
2lsp,3.56
3pwh,8.72
4fyo,7.33
5ufo,7.43
4mvx,7.24
3pwm,9.1
6dq5,5.19
5hd0,8.4
3vha,7.4
6pvx,7.17
5knj,6.94
4ehr,7.89
5kup,8.14
5wqd,4.77
6oag,5.43
4ie6,5.55
4m5i,5.17
2yiu,6.89
5bnj,8.7
5mkj,4.31
5mzg,6.86
4kax,4.77
6oot,11.3
5xmt,7.58
4ucu,3.35
6ndl,7.19
5v7w,7.12
5tgy,7.35
4bf1,8.62
4ovz,6.31
5dus,5.53
4xg8,8.72
2xk1,5.74
4f9g,5.62
6gfm,5.47
5a6n,4.28
5awu,4.65
4qkx,7.07
4acx,7.11
4avw,7.62
4nzo,6.77
4hyu,8.21
6drt,4.97
5ehp,4.92
2lha,5.19
5tts,7.25
6a93,8.16
4tpt,7.04
3wqm,6.25
6bmx,4.72
6b8u,9.7
2y54,4.7
3u7n,7.95
5u7k,8.15
4imz,6.92
4q1x,11.15
3rv6,4.68
4ndu,2.74
3m6r,7.49
6f92,6.4
3o9f,12.7
6enm,8.32
6f9t,7.86
6mdd,4.33
3wqv,5.21
5v0n,7.17
5cil,7.39
6rfj,8.4
6arj,7.6
3nb5,7.74
6h7d,5.49
4ux6,5.92
5ece,8.05
4rsp,5.44
3w69,7.24
6faf,6.51
6eed,6.09
5g3m,5.66
6qad,7.85
5xpi,5.28
4xpj,5.09
6ey8,5.81
4o55,5.3
5c7f,3.98
5ti6,4.68
2x24,6.48
4ufk,3.89
4pnu,4.89
6sze,4.1
5mmp,7.52
5tq8,7.64
3orn,9.62
5ogb,7.47
4uiv,7.8
4hbp,8.42
4lkj,6.7
6f8r,4.7
5h63,5.92
4og4,6.02
4dpi,7.11
6euw,7.77
5klt,6.76
5ktw,7.52
6q6y,6.0
2y06,6.1
5abg,8.05
6jib,5.8
5zwf,8.74
6mum,8.41
6dne,7.48
4bh3,1.92
3n87,4.96
4azt,4.17
4pvv,6.48
5whc,4.92
4kn0,7.4
6c2y,6.6
6fui,4.46
6rvk,6.36
4efu,6.6
5x74,8.64
3wf9,6.25
6q9q,6.84
4avu,7.85
6e7u,6.92
4c16,4.96
4kz3,2.77
5llp,9.24
2y2n,4.57
3sax,6.57
3o9v,7.74
4kwf,4.82
3wq5,3.85
3vd9,4.0
4x6h,7.66
4l4v,5.78
5h0g,6.95
6hhr,7.01
4u43,4.32
3zrl,6.8
4uib,9.0
4jj8,6.14
5e0a,6.59
3q7p,5.8
4j26,5.44
6boy,5.74
4yff,8.0
2y2p,4.7
3txo,8.05
3rsb,6.4
5i9x,7.52
5x5o,8.3
4m8y,9.96
6dj7,8.72
6fsy,6.61
3ppm,9.54
5g22,7.0
5mxq,5.72
4qbm,4.58
4pyy,7.23
4mo8,8.0
2n14,5.33
4c52,5.68
4x8p,5.48
4tyo,7.1
3tfk,5.01
4jyu,8.0
5er5,3.67
5e89,7.85
4mk8,9.0
2yga,4.61
6fnq,4.59
4mk9,8.05
5ovr,4.57
5cp5,5.91
5enf,3.57
5m57,4.92
6uwp,7.55
4bqx,6.52
5qay,3.23
5wfz,8.0
4qiy,7.3
5kqf,6.51
4m8e,7.89
6aa5,7.28
4hxr,5.39
6bgu,6.28
4cwt,6.75
5ly1,7.53
3vtr,5.57
4gr8,7.83
3zm4,5.96
5oss,4.55
4kup,5.22
5dcz,9.3
4uyd,4.1
5hz8,6.4
4tkg,6.85
4a6s,5.2
5z99,6.88
5f1z,8.68
6dh6,9.93
5y5w,6.1
4gk4,7.85
5evk,4.92
2xzq,6.59
5win,7.03
4eky,3.52
4zcw,7.37
3oof,7.3
5sy3,4.37
6e6j,8.1
5e2r,7.06
4bw2,5.2
5ezz,6.84
4q1y,10.35
6gcr,8.33
4amx,2.19
5ksx,5.43
4dow,5.02
5ji6,7.96
5yjp,6.62
4l7u,5.66
4bcg,8.15
5nar,6.3
6e6v,7.77
6mom,9.52
3p5k,7.12
5ewj,6.89
5cr7,3.1
3qpn,7.77
4rvr,6.87
5hkm,7.89
6jid,5.08
5fi2,7.15
5dex,7.65
4m8x,10.2
2n3k,6.8
5m04,6.34
6pg5,4.96
6q30,5.52
5f9b,4.26
5f3i,7.1
6qff,5.69
4cc2,4.33
5aia,5.2
4tz2,3.46
6bod,4.26
4yqu,6.66
4btl,5.6
5wik,6.21
5jm4,7.42
6s8a,8.07
4nue,6.82
5uig,7.95
6u7p,11.68
4b74,7.66
4nzb,4.17
4kn7,7.62
5l98,3.31
6cc9,3.15
3vv7,5.34
6ftw,6.49
3qtw,6.19
4cp5,3.34
5nxw,7.24
4rqv,5.05
6dyn,3.19
6g5j,6.7
5e3a,5.44
5c83,6.8
5t1l,6.62
2y36,6.42
5mqv,8.1
5v37,9.47
5qae,3.62
4mds,5.21
5yh8,6.78
5k0j,7.12
2y5g,6.84
5vdk,7.57
3udq,6.0
5f3t,3.68
4j5p,7.92
6p7p,6.15
6qho,6.2
4w9p,7.8
4c61,8.4
5ur6,7.06
5o5m,5.23
4qxr,6.0
3qd3,8.0
5e2m,7.23
6qab,8.21
5a82,5.6
5kpl,6.29
5zg3,7.21
6eq7,7.0
4pd7,3.92
5egm,8.62
5i8b,6.96
4eqc,8.1
5aix,7.92
6d15,4.48
5qak,3.66
5c4s,8.42
5zty,10.12
4q1f,8.04
4bh4,1.49
5zml,8.11
6nyv,6.51
5am7,7.19
3ap4,3.92
5u8f,7.96
5nut,7.92
3ao5,2.23
3o5n,4.76
6i0c,6.85
6nfh,7.15
5t27,7.1
5dp8,6.36
2xno,5.93
4xo8,8.96
6q8c,7.68
5l2w,6.68
4e8w,6.09
2ygf,5.09
2mji,4.25
4zsa,7.82
5uff,4.24
3ard,6.76
4hlc,6.76
4mka,9.0
6h4u,6.16
5dt2,6.82
4rcg,5.03
6s7z,5.66
5i1q,7.92
5can,6.91
4o44,7.85
5h3q,8.22
4j0y,6.36
6dh4,11.3
3rg2,4.2
4x9r,7.82
6ayr,8.39
5jan,3.01
2yj2,7.92
4izy,8.52
6pve,7.37
4q8x,3.57
4lwt,5.41
4iho,5.1
4hbx,5.72
5dx3,7.41
4rfz,7.4
6a04,5.21
4z46,2.82
2n0u,6.22
4lyn,7.22
4pde,6.44
5ihc,7.89
4n9d,7.72
6h7b,7.48
4m2v,7.44
4okg,9.32
4ge6,7.47
4w9o,7.77
6itq,4.69
5y97,3.6
3r0t,9.04
4x0z,3.15
4bqt,5.79
6jjm,2.85
5axq,10.1
3qtr,6.03
5xpp,7.44
3rjm,6.61
5ia2,7.72
5ech,3.8
4zy6,8.3
6u26,6.97
5jdi,5.37
4w4y,6.46
4dfw,7.85
4hcv,6.4
4ydg,7.82
4xhv,4.3
4hww,6.65
4s2i,9.0
5oa2,5.01
6pka,5.92
4lrh,9.72
4rme,5.92
4bqg,6.22
5x4p,5.03
4aa2,3.97
5kab,4.68
6fzm,6.04
6qtx,4.41
5l4j,4.28
6fx1,3.98
4jfz,7.15
3piz,5.46
4i6q,7.52
4at5,7.42
5cy3,7.8
5jh6,8.48
5k4j,7.11
5ll5,6.04
5osl,3.43
5zdg,5.42
5auw,5.05
4wn1,8.29
4rce,8.7
5ett,6.23
4n6g,5.47
4nxs,7.37
4jmh,8.68
4y29,6.25
5nev,7.36
6h37,8.59
3q5h,6.25
4ui6,7.06
5iug,7.33
3zyu,7.0
3au6,7.92
5wfd,4.58
3su2,7.35
3rwp,9.22
5akh,6.59
6bke,8.35
3wto,6.92
4rqi,4.91
6msa,7.08
4wvl,6.88
5zo8,8.2
6d50,5.05
5khm,8.3
4zam,7.96
4hct,7.14
4bw3,6.3
5li3,7.28
3qar,6.49
6f86,7.43
5u2f,6.71
5all,5.57
3s6t,7.35
4ca4,7.18
5we9,7.22
5dhj,6.7
6cjp,8.11
4f6w,7.52
3u8j,8.51
5oai,5.15
3qtz,7.3
5q0r,4.57
6css,7.6
4q4e,6.72
4lm0,3.25
4ht0,8.0
3unj,4.96
4tpp,8.59
5h08,5.96
6hbm,5.02
2ycr,7.16
2xnp,6.44
6bhi,4.25
5k8s,8.22
4kn1,6.84
6e3o,8.7
4urz,2.52
5wh6,7.92
3vo3,8.85
6o3w,5.12
6rfi,7.43
4hbw,5.32
6mx8,9.43
4xxs,7.28
4fys,4.82
4m5r,3.0
4wmu,6.74
4n98,3.55
6uf0,7.14
5jar,5.7
6a05,4.89
4ir6,6.08
4z1j,8.11
3vw7,8.1
5zeq,8.82
6b7h,9.03
4lj3,9.0
4n6y,7.04
5dyw,8.31
6saf,6.64
5cf8,8.96
5azg,5.54
6dat,5.05
5u6c,10.3
5d3c,10.4
5izk,6.72
4wov,7.14
4wx4,9.22
5ufp,7.37
4wz8,7.21
5qab,3.65
6hb5,5.83
6euv,8.62
6hgr,3.46
6d2o,5.3
4mmp,7.71
6g2b,3.8
5wic,4.64
4w9x,7.4
4auj,7.74
4djx,7.23
4ht2,6.54
4ccd,4.49
2xm2,4.62
4urx,2.89
5bvf,9.72
4kz6,3.1
6qpl,7.04
4yrs,3.07
3vbt,4.43
6q35,4.82
3st5,11.3
6m9t,7.7
4obo,7.11
4xtp,4.26
6hp9,8.25
6ugn,6.12
4o5b,8.3
3w33,7.44
4w4v,6.94
5c28,5.66
5k1i,8.04
5a0e,6.53
5mi7,7.11
4b6s,6.01
4j0v,7.55
6qtr,4.64
3u4w,8.4
3voz,6.85
4p10,8.1
4j3e,7.06
6dar,6.66
5b6g,7.44
5v86,7.1
6c2t,9.05
5h0h,6.16
5hor,8.22
5d3p,5.13
4fs4,6.57
3p78,6.96
6q38,6.38
6bhd,5.03
5qan,3.96
4zhl,6.47
6jio,4.55
5ee8,6.89
3s3v,6.23
6dj1,10.51
3vf5,9.34
4oym,4.96
5nu5,6.33
6agt,8.4
5tku,9.8
4zyq,8.01
6dtx,8.35
6frj,3.71
4zt8,4.39
5ajy,6.3
6fa3,7.42
5qao,3.62
5fl5,8.19
5t52,9.28
4ipf,7.74
5z1r,5.7
4axa,8.0
4u0e,6.92
5yqn,4.03
4uwk,9.0
5m6h,6.82
5v2q,8.28
3m11,7.37
4r74,8.1
3uvl,5.69
4uyf,7.6
4ofl,7.66
4w7t,6.05
3wgw,5.89
4wci,5.05
5ul6,8.22
3vbx,4.77
4wr8,6.23
4m5n,5.12
5ajp,5.3
5gvk,7.0
6azk,5.64
4abi,8.2
3pqz,4.46
3oob,4.67
4gu6,7.36
5bs4,11.0
3vrw,9.39
3po6,7.06
5z5v,6.54
6n79,9.68
3qs1,7.96
4rt1,6.14
4p0x,5.92
3vfj,7.04
5l30,9.14
4f2w,11.3
3t8s,8.55
4msg,10.0
5aeh,7.43
4unp,3.23
5f8y,4.24
4xqa,4.99
5ftg,6.15
6u8o,6.54
6orr,9.3
4b4g,6.76
4qna,4.64
5ux4,7.05
5yy4,6.43
4k10,6.92
4i0f,6.35
4ui8,7.6
5lp1,9.4
6cwn,6.65
4d8a,3.42
5ezg,4.92
4q19,8.05
3wgg,4.4
3vye,8.11
6s9x,6.42
4i0s,7.44
4ci2,6.75
4ksp,8.8
5mnn,3.84
4ca7,7.36
2y8c,6.4
4eg6,7.37
5wkl,6.15
3nzw,5.82
3tvw,4.43
4m84,7.31
4qr5,7.22
2yi5,7.41
4d62,2.44
4yzn,4.81
6eiq,6.42
5n1z,8.19
4ps0,4.04
3sug,6.21
4o2e,8.0
5nvf,7.8
6bbx,6.67
4riu,7.3
5v1b,7.47
6eq1,4.61
5knu,5.55
4rwj,8.7
5eje,5.6
5alc,8.13
4p6g,8.11
4hcu,8.0
4pqa,5.55
5bq0,7.82
6e3p,8.7
6hr2,7.0
4bti,9.7
3axk,4.15
5e91,8.4
5evb,5.0
6njj,5.99
3rpy,5.32
5nwe,4.88
2y57,6.89
6ncn,3.05
5x72,6.33
6eln,6.05
3qfy,6.12
4tu4,3.76
3rk5,5.4
5y61,1.72
4j3j,7.51
5goe,4.34
6qrc,4.89
4p73,7.66
4q93,4.65
4tv3,8.72
4zim,8.62
6h1h,6.17
4nra,4.19
6dh5,11.3
5a54,6.15
5he1,6.55
3t3g,5.49
5bvo,8.3
4ez5,6.52
4a6w,5.72
6hlx,7.17
4re3,8.57
6s7k,4.24
3vh9,6.24
4ibk,4.3
6g4y,8.82
5ow8,5.16
4mro,7.06
2yjc,7.66
6qgk,6.7
3qsd,7.19
5wg3,8.1
3sud,9.85
6qqv,4.92
6fmf,5.88
5hgq,7.34
4bib,6.6
5y2f,5.15
6fi4,5.66
4yih,4.66
4hv3,3.94
3ur9,6.31
6pga,4.54
4ie7,5.05
4why,8.1
6gzd,8.01
6f29,5.49
6hk3,7.5
5h8g,10.32
4zro,6.16
5fom,5.01
5n7x,5.24
2xn3,5.92
5jsg,4.85
5nee,10.7
5j4y,6.05
3zly,3.52
6idg,6.66
6d6t,8.21
5uch,6.01
6ql3,7.0
4eb9,8.27
4csy,3.06
4eyj,6.21
4u6c,5.0
5npr,4.9
4bde,4.8
5gja,5.55
5ejw,3.3
6n53,7.87
2ymt,8.0
3oik,6.17
3r22,7.77
4wym,4.0
5aqo,2.85
5eci,3.8
4yb5,4.71
4yth,8.7
6oir,7.77
4abu,6.28
5iyv,3.87
4u93,7.89
6eks,3.84
4h4b,2.7
5ls6,9.0
4hzw,8.88
6b7e,4.55
3q77,8.22
3uqr,7.24
4mi6,4.31
3tkm,9.0
3tdc,8.27
2y6c,5.0
2yc5,7.46
3wiz,8.36
4pku,4.52
4mdq,5.92
6mnp,3.71
4e26,6.4
4tk0,5.55
5drt,5.36
4hfz,5.72
4bah,8.7
5xyy,5.04
4ikt,6.17
5l8c,7.0
4wkp,9.55
6f5u,3.54
4qw1,6.11
3mg0,9.25
6uh0,6.07
5jf4,7.19
4civ,4.95
3tam,8.43
6im6,4.68
5or9,4.06
4nyf,7.31
6eqp,5.96
4u0b,4.3
4pks,4.82
6qr2,5.49
5mky,5.7
4ytc,7.89
4nmo,4.83
5ap4,6.46
5f1l,7.68
5t37,6.62
4mrg,2.96
3qup,6.32
4eoh,4.3
4p02,6.4
4e8y,6.09
5aic,4.3
5lom,7.13
5os8,3.98
5a0c,9.27
5hff,6.3
4qwl,6.18
2y1w,6.33
6p11,6.05
5bqg,4.76
4oeg,5.05
6fdt,4.3
5exw,6.82
5i80,7.21
4rcd,9.15
5x02,9.85
4lke,5.37
6imb,4.23
5d11,7.55
5mwg,5.77
4wkn,9.72
4yv0,3.28
5nk9,6.14
5a7i,5.26
5b4l,9.12
4jve,7.07
5l3j,6.64
5qau,4.15
4tpm,8.62
6ps0,9.94
5etq,6.48
4lzs,4.8
4od9,7.24
3s53,9.64
5ugg,6.42
4j59,5.85
4ibc,2.98
6jad,4.32
2xsb,4.96
5i9z,8.05
6dz3,8.89
4awq,6.32
6eg9,7.17
4ycu,5.48
6qfx,7.7
6pg4,3.59
6hrp,9.0
6e5x,6.12
3qn7,6.8
6mlp,3.7
4jda,6.29
4fai,6.99
5uiu,9.7
5lvq,4.14
4zw8,5.96
6byz,8.37
5my8,7.14
4pmt,6.0
6eyt,5.72
6q4e,3.46
5w99,4.68
2ye9,6.22
4m3g,6.26
6odz,9.15
3zlv,3.52
4pxm,8.89
3t1a,8.37
6e4f,9.07
5efb,8.37
4p7s,7.42
6q7a,8.3
2xpc,3.9
3mrt,3.7
4x61,9.0
5kdf,3.27
4ybm,6.85
6u6w,5.33
4dfb,4.6
5j19,6.6
4htp,5.62
4xsx,5.0
4uuh,7.77
6anl,8.27
5mob,4.05
6bx6,6.48
4wm9,6.92
5g3n,7.92
4bfd,7.02
6bec,4.01
4z1n,8.23
4og6,6.71
3qel,6.49
4pow,6.3
4qz7,5.65
6ce2,6.3
6qg7,6.83
4des,5.85
3v3m,5.32
6b96,7.84
6jut,8.68
5ka3,4.59
5cu4,6.49
4mpe,6.37
4lgh,8.7
6frf,7.4
5cvd,6.41
4u0x,6.23
5fbi,2.8
5pzm,5.96
4k4f,6.7
5w8h,4.63
5ljj,7.21
5ald,5.97
3uo9,7.1
5sz5,7.7
5y8y,7.09
4hs6,7.52
4av5,7.21
4rj3,7.03
6n3l,7.57
5uoy,7.57
5ouh,5.67
4lbl,4.96
5ni5,8.05
4iax,9.56
6oyt,8.23
4pin,5.4
5ifu,4.47
5twx,7.52
4dhr,4.57
3su0,6.79
4cd6,3.59
6h5x,10.82
4l7o,4.88
4ps8,9.0
4fri,5.55
5ei6,7.0
6g9u,6.43
6mj4,7.72
6cer,5.36
4m5l,4.72
5t19,4.49
4hnc,3.17
5dh4,7.24
4c4j,8.52
5wfm,6.52
6dd0,5.48
4hrd,8.82
4jx7,6.91
5ttf,6.21
4qtb,6.7
5yto,4.48
3vw9,7.96
5j6n,7.77
5mi6,7.3
4q81,3.02
4wz4,6.44
4lwv,8.22
5un9,7.68
5vp1,9.29
4aro,6.8
4n7e,6.48
5o48,4.7
6p1d,7.41
6nti,4.57
5j2x,7.74
3ai8,3.81
3ob0,3.0
5uex,8.82
6g36,7.79
3sv8,7.91
6d3g,4.7
4tn4,6.33
3pxq,4.43
5m7s,9.05
5jq7,4.8
5vwi,4.84
5oax,7.57
6oh3,3.32
5ktx,7.7
5aen,7.22
6b22,7.38
4hlf,6.06
2ya8,5.75
5u6v,7.68
5vew,5.15
5e2n,9.54
4oty,7.4
3qtx,7.15
6qac,8.21
5ahu,6.78
2lyw,4.52
3rux,9.28
4l3p,5.92
4dgn,6.46
5ti2,4.62
5mb1,6.6
6hb7,6.83
5t6p,6.06
4pp9,7.37
5nxp,7.99
5gvp,6.78
5fjx,4.96
2mwy,6.82
5fyq,5.89
6agk,5.58
5n9k,9.34
4ozo,3.83
5nw0,6.52
5ngf,5.11
4j5e,4.94
4f8h,4.24
3qtf,6.96
6arn,5.19
6aqo,6.11
6b2p,8.89
4kbi,7.49
6m8b,5.36
5w19,5.3
4a4x,7.23
5u0z,6.19
4xe1,7.11
4j1h,6.11
6jsf,8.48
4l32,6.84
3whw,8.22
3vuc,9.05
4y59,5.24
3ax5,5.85
5wzu,7.0
5hg5,8.7
4e3k,9.1
3skc,8.8
5j8x,8.8
4jwr,6.21
4nmp,4.04
5t4f,8.0
4hyb,6.46
6ek3,6.48
5w73,6.3
6cf7,7.91
4m5h,4.54
6i64,7.31
3roc,8.19
5mpz,4.07
6e7m,6.66
4tpk,8.57
5hm3,5.17
5zo7,9.0
4afg,8.3
5yc2,4.94
4utn,6.15
4ea2,6.44
6cvx,7.68
6c0t,7.37
3upf,6.7
4pul,6.84
5emm,7.74
6bhv,5.23
5ypo,7.1
4qms,5.13
3thb,8.7
4f9y,6.74
3r0y,4.84
4bfz,6.26
5eol,9.52
3qfv,5.77
6g9h,8.4
4rad,7.1
4uil,7.24
3sn8,5.65
5t1a,7.89
3r00,5.07
4kby,6.73
5oh7,4.37
5wuu,6.09
6oxq,11.3
4zyi,8.1
5kbf,8.92
4btx,6.54
4oq6,5.48
3u92,7.48
6qz5,6.08
4jog,3.72
5q1h,5.1
4eos,6.05
4wtu,9.52
4acm,6.68
5wdw,6.54
4ark,7.2
6ayt,8.85
4ibb,3.57
5ktu,6.21
6bw2,7.68
4c8r,6.82
4d88,7.31
4c36,7.7
6fgc,5.48
6cgp,7.12
4bgx,1.77
5vd1,6.0
4gtv,7.42
3t0b,4.3
6i4x,4.9
6r49,2.1
4qgi,3.9
3ms7,3.43
5vjn,5.06
4yee,6.49
4mgd,4.69
5oh9,3.86
3ovn,2.55
4zz1,7.89
5v7i,7.18
5lvx,7.25
4oc1,6.6
4x11,2.22
4oti,7.37
5uqv,6.37
6fkq,8.0
5uzk,6.74
4att,6.98
6q9h,8.11
5nkb,9.12
6sfc,5.28
4ge4,8.11
6hdo,6.6
6hzv,8.22
6g15,5.37
6r7j,7.4
6klk,3.88
4li0,6.59
3ttj,6.68
5ime,8.34
5jog,8.24
3ug2,8.25
5nxi,6.66
5vp9,8.99
4zek,5.66
5kjn,7.77
4ciw,4.82
6m9c,7.25
4r5t,6.1
5nyh,7.73
4yw6,7.08
6c8c,6.38
4btk,6.62
6m8e,4.85
4i6f,8.3
4h3q,5.1
6fu4,6.19
5a85,5.3
4k63,4.22
5gx7,5.56
2ym5,6.37
4qf9,4.43
4uj2,7.1
6ex0,4.03
2xyu,5.35
6r8o,8.22
5uci,5.37
5jk3,8.14
6gcx,9.22
6mt0,10.3
5n8b,7.37
3i8t,3.22
5q1i,6.24
5j7f,7.24
3rsx,4.41
6nkp,6.52
4i7f,7.0
5hfu,6.89
3tll,4.39
5h13,4.94
5vc4,7.36
4alu,7.77
4f7j,5.24
5db0,7.43
4ytf,8.15
3zmz,4.74
4ju4,6.47
4an3,9.22
5j20,9.14
4cws,7.92
4det,5.68
6dkg,8.59
4pms,8.1
4oyb,5.8
4btm,5.39
4urk,5.96
5n9l,7.82
4zl4,7.86
6mnf,5.89
5zk9,7.34
3tc5,5.17
3oeu,7.51
5mk9,4.42
6ql1,6.48
4mpn,6.62
4cjp,3.32
4qzw,5.15
5fdc,7.46
3zn0,4.97
4fcf,8.62
4u5j,5.53
5y5u,7.75
6aom,6.2
5nf6,7.46
4iq6,7.24
5hex,8.0
6dvl,7.96
5du6,5.02
6i11,4.53
4n4t,7.31
4hvs,7.8
3q4c,6.43
4ayu,4.73
5ai1,6.47
5qat,3.85
4ny3,4.31
6n7q,5.15
6ocw,8.15
5tz3,6.85
4j1k,7.89
3t9t,8.71
2xj1,7.55
6r1a,4.35
6fzg,6.55
5lay,7.47
3ohh,7.74
2y8o,5.12
6m8c,5.66
4nb6,7.22
5xs8,5.41
6o21,8.46
3so6,5.39
5btr,5.14
3vby,4.55
5l8n,4.51
3rx8,6.21
5lz5,6.35
4my6,5.62
4c4n,6.1
4ivs,7.36
5al1,4.28
6eqw,10.65
6ekn,6.29
6hrx,5.1
4ceb,2.97
3qti,7.85
4zs3,5.18
5lqq,7.09
4znx,6.62
5fdr,9.44
5zys,6.27
4fbe,6.99
6qdx,4.52
6q9w,6.24
6u8l,6.91
4luz,4.7
6pnm,5.17
4e3j,8.92
5dhs,5.22
5agu,10.0
6fr0,6.84
6nji,6.99
6hp5,7.27
6qfg,5.52
6hkn,7.29
4g0z,2.21
6q3y,7.27
5icv,5.62
5e88,7.19
4jzr,7.8
6dhc,7.96
6d18,5.85
6guc,7.6
6kdx,6.53
6qge,5.68
4aq3,7.43
5hmh,8.15
5q0q,6.11
4dx9,5.3
6ev0,5.74
5a7b,3.57
6b7d,4.28
4bjx,7.66
6h0b,4.15
4r5a,8.7
4g5y,2.77
5q17,5.25
6fff,7.3
5q0j,6.62
5dde,7.19
5gsw,5.94
5ene,3.23
4djo,11.52
6ind,6.62
2xpb,5.7
5ow1,4.15
4j3l,7.8
6f55,4.16
4eny,7.05
4c1f,4.63
6npu,6.4
6i74,5.47
2xn7,10.0
2yoh,4.96
6f6d,4.1
6equ,6.38
4jfs,5.27
3tti,8.22
6ft9,6.96
3we4,7.82
5zaj,7.38
4f3k,10.16
3wym,9.52
5cyi,5.88
4v01,8.11
6ftn,6.7
4u6y,7.08
4dpy,5.37
5agr,5.43
5nkd,7.59
3v8t,9.52
4gj7,6.77
4nbk,3.87
5e2p,8.8
4ad3,4.62
5n99,4.21
5sz2,8.7
4fi9,7.34
6aox,4.82
4ca8,6.68
6nng,4.23
6s5k,7.32
4frk,8.1
4qvl,6.53
3u2q,8.22
3vvz,4.58
4luo,3.24
3vfq,5.19
5oht,6.02
3rtx,3.86
5csz,7.77
6ax4,8.22
4d8e,7.01
3tge,10.15
3os3,6.63
4zyx,8.15
4u5v,3.05
6gjb,8.1
4rss,8.77
4uyh,6.3
5oaj,6.56
5a6b,8.1
6a94,7.4
3p7a,6.28
5hu1,8.66
6ehh,7.49
4qtc,6.4
4l6s,8.52
6o6f,7.4
4uzh,5.01
6q2y,5.26
6q7v,5.59
4fqo,5.16
6b1j,7.37
4whh,7.4
6a3n,8.06
3uw5,7.85
5dqc,7.34
6i8y,6.74
4eh5,3.09
4hup,4.82
4nj3,6.52
4eh7,3.28
5xfj,8.22
5c2o,4.55
4kza,3.7
5boy,5.6
5m28,4.32
4lkd,5.35
5hu9,7.62
3wfg,6.92
5eb3,1.45
4rpv,8.52
4q06,7.66
4yhm,9.76
4phu,7.92
5lyn,5.04
3n76,6.85
6b1h,8.72
3v3l,6.43
4c4f,7.59
3rpv,7.15
4ufu,8.0
3re4,7.4
6fyl,8.15
4wxi,8.08
4j47,4.92
4dhf,7.55
4o7a,4.72
3su1,6.68
4l7g,4.0
6ayq,8.19
6fbv,6.52
4gto,7.98
6ckc,8.22
4nvp,7.57
5law,7.1
4bo2,7.3
3wyx,8.37
4rlu,4.82
4kio,6.3
5f1j,4.92
5i89,7.48
3wz6,5.96
6msc,7.68
5lsc,4.7
6c5t,6.97
5ho6,6.69
4zzx,6.9
6mh7,5.74
6s9c,6.57
3zyf,4.85
4iif,5.18
5wb3,7.22
4iic,4.85
4kz0,5.38
4kxl,6.22
4jj7,6.4
6a6w,5.43
3pp1,8.49
5l87,5.07
3n86,5.64
5q0w,7.24
4hw2,7.26
4agc,10.7
5fqc,8.52
4oc0,6.5
5h9q,4.42
5myv,7.51
4xnw,7.74
5j3s,7.72
4ew2,6.68
5n18,5.68
5zag,6.97
6ee3,6.86
4qk4,6.6
4iue,6.55
4hyf,7.6
5dia,10.46
6aeh,5.75
6mmq,3.62
5m4k,5.66
6imo,6.19
6p5w,5.29
6awo,8.7
4pv0,9.07
4ih5,4.11
3u8w,9.0
2y5f,8.7
3lrh,7.35
4a16,9.37
5dd0,7.08
6oah,5.82
3si4,3.88
6htz,6.74
5vll,6.37
4kyh,5.92
5acy,8.19
3t3y,5.47
4knb,7.33
5ut6,4.24
6hdn,4.3
4nmr,3.53
3v9b,9.3
4ibg,3.97
4ufy,8.15
4bgy,2.96
4c1h,4.09
2xp8,4.82
4av4,7.03
3sov,4.21
6fnr,5.59
4bo5,7.1
5o4s,5.47
5hz9,7.03
6esj,5.68
5zni,4.39
6bt6,5.91
6fmk,4.67
4acu,7.39
3tkw,5.27
4mk1,4.8
6e9w,6.55
6kdz,8.54
4kba,8.22
4aof,7.1
6jmf,8.59
4brx,6.49
6apu,4.87
5f90,4.85
5du8,5.72
4ppb,10.0
5oxg,5.89
5ti3,4.36
6n48,5.92
4cmt,9.7
5zh5,5.33
4bam,8.94
4jju,6.29
6i61,6.24
4wf4,3.11
5o83,7.96
4de7,4.8
4kni,7.78
4tjw,6.02
6r0v,4.96
5jhb,6.06
3zmh,5.28
5nai,6.1
5khh,4.31
3wyl,8.85
4ijh,4.33
3sfh,7.05
6r5f,7.7
4bcq,6.83
6p84,4.81
5mlo,5.32
4xjs,7.12
5osd,3.21
4zjw,6.66
4kai,7.3
6jb0,7.24
3prz,7.59
4whz,9.0
6gi6,6.71
6c5j,7.16
3qcf,5.6
4xqu,6.07
6atv,8.22
6pg9,4.92
6nyw,6.64
3ti6,9.27
5tqe,6.72
4x68,6.57
4lh6,4.11
5a2i,5.06
5x28,8.4
4y2x,6.29
4v11,6.49
5y8w,6.64
3ms2,3.72
4oiv,5.08
4uia,6.72
3zsq,4.96
5ayt,6.77
5mjb,8.52
3v3v,5.34
5icx,6.96
4fz3,3.73
4i8z,11.05
4bks,3.82
6qfe,7.1
4rac,7.52
6inm,6.29
5f62,8.17
5mft,7.47
5xmp,7.37
5g60,6.52
4tjy,6.44
4bs0,5.7
4l7f,6.8
4kpz,2.71
5am3,8.3
4ajn,7.16
5flp,3.2
5k5c,1.62
5j0d,6.87
4yl0,8.22
4f65,8.6
4rd0,6.62
6rn7,7.3
5ab9,6.33
2ym7,6.89
4ijq,7.52
3qvv,4.42
6mo8,5.84
5g5v,6.7
4x13,3.3
6cq1,3.66
6fil,5.85
3o95,8.28
5ak4,4.23
4zo5,9.82
6p1l,8.7
5vr8,6.87
4w4w,7.46
6q9u,5.89
5dey,8.43
4uco,7.0
5xg5,3.48
4cmo,9.07
6e9l,6.04
4nni,5.5
5a4l,5.41
4z2k,5.78
5alv,4.36
2xm8,6.8
4xg3,7.76
4pce,5.15
5wg4,7.0
6np4,4.44
5cqj,4.81
5orz,3.36
4wq3,7.0
3tdj,5.25
6s9d,7.8
4nrc,3.62
3qo9,5.92
4f08,6.6
6c85,3.9
2xo8,4.33
5vc3,7.11
6rhe,4.13
4iie,2.34
6mli,2.43
5vzy,8.49
5csx,8.22
5y0z,6.34
6hwu,7.54
3as1,4.02
4dcv,4.59
6hm4,5.67
6dn6,8.15
3r4n,6.89
5ofx,3.96
4k6w,5.35
2yog,4.51
3ov1,5.2
4jof,4.17
6h8c,5.85
4ks1,8.82
5ipc,4.89
3qai,8.1
6rvf,6.14
6ega,6.78
4p5z,7.41
4k66,3.26
4m3b,6.4
3tzm,7.77
6apv,6.96
5j1v,7.39
3o23,6.3
4eon,6.05
3sdk,6.8
5unh,9.46
5vo1,8.15
5f61,7.46
6cjw,5.74
3qkm,7.42
4yx9,5.35
4n7h,5.48
4ay6,5.12
5xvq,5.05
6cv8,3.17
2lct,5.14
4oyt,2.81
4phw,10.0
4e0x,7.12
5maj,7.46
4xtz,9.82
4op3,8.15
6czf,5.8
4u0n,5.77
4qz4,5.01
3aru,3.22
5y8c,6.8
4l70,5.66
4xg4,7.67
5jv0,5.96
6e3m,8.64
2ylo,4.88
3q6w,7.57
4v05,9.7
4pvx,6.76
5iop,4.54
5om3,4.1
5w1v,4.43
4mx0,6.73
6ps3,9.78
6hsz,6.94
4o7f,4.89
5cuh,4.62
4gue,5.24
4o97,8.52
5m4u,4.89
4f9u,6.03
4led,2.3
5dif,6.23
6oi9,7.19
6i41,4.21
5arg,7.57
3puk,4.74
3wut,6.49
6cdg,5.72
4l5j,3.0
4deu,5.64
3sji,5.69
5n58,6.1
4bo1,7.3
3tg5,4.7
4q0k,4.87
3psd,8.52
4qyg,8.39
4cby,7.7
3n0n,7.3
4l8m,9.0
5ih2,5.76
5vgo,8.7
4nmt,4.85
4bdd,4.43
5lu2,5.2
5mo8,5.79
3uqp,7.31
2m3m,5.02
4nkt,5.97
5th2,4.52
4mwr,9.39
5bry,11.82
5iz6,6.64
3s5y,7.41
4ca6,6.74
3rbm,6.57
5w5v,6.1
5x4m,2.92
4wnp,8.1
5ork,3.63
6bqk,9.0
6c3n,2.49
5g43,3.7
6h4z,7.64
4lkm,6.34
4qwk,6.27
4pb2,4.8
6d3y,8.7
3syr,5.1
5agt,7.12
3wb5,4.57
5j7p,7.28
3tia,8.51
5dpx,4.46
4jfl,4.98
4int,5.8
6nwk,7.7
4bcd,7.48
3t2p,3.6
5m53,6.21
4pyq,5.36
4p58,4.6
4x6k,5.31
5v3y,6.72
5c8k,7.7
4tk1,3.72
4cpq,7.74
5t2g,8.1
4lte,7.22
4jfw,6.34
4no9,7.82
5opv,7.29
6gbx,7.7
4axm,7.89
4dfg,11.74
4u44,8.1
4ckr,6.98
3mxc,6.54
6b5o,8.33
6fuh,3.77
4yxd,4.34
5e13,4.24
2n9x,6.4
4fxq,5.77
6n4b,10.01
5u6b,9.89
4mvw,7.55
3unz,7.8
4itp,7.27
3wv3,7.62
2ndf,4.23
4fm7,7.24
4zt6,8.0
4q1c,8.7
5mtw,5.72
3uat,6.66
4qwr,5.93
4mf0,8.08
5gjd,7.92
4ps1,6.66
5vsk,5.74
5kj0,6.89
5m51,4.72
5j3l,4.8
6otg,7.5
5adt,5.65
5z5f,2.17
6mhc,6.43
4xuh,5.73
4iqt,6.11
5ewm,7.92
6quv,3.0
5hjd,5.24
4kb7,7.49
4dh6,7.77
5ceh,8.0
4jft,5.46
4hze,6.29
4q15,7.96
5za9,6.74
4wcu,8.52
5ndd,6.46
4qrh,5.15
5mt4,3.3
6hzy,3.92
3arp,7.15
4uuq,7.54
4jzb,6.47
6fng,7.14
6q9s,7.77
6aa4,6.33
2y82,8.4
4b76,4.54
3u4o,7.28
5lz7,6.28
6ink,6.57
5wmg,8.21
4pv7,6.63
6pg8,3.85
5t2p,5.72
5lws,3.94
3ufl,6.82
4awp,7.09
5ive,7.57
5tdi,9.74
3rtp,8.15
4mnq,4.43
5c2a,8.32
5ufc,5.16
6h4y,7.11
3ogp,7.44
5ipa,4.7
4hlh,5.96
5ort,3.05
5j71,6.96
2xxy,7.89
6bij,6.05
2ydm,7.44
4arw,7.13
4jfm,5.48
6gu6,5.74
5ea4,8.11
4aj2,2.38
4ttv,6.68
4u70,5.02
5hct,7.6
4xu0,9.11
2xae,7.3
3vvy,4.84
6o50,8.55
4tzn,6.52
5tt8,6.5
6oe3,8.32
4mp2,5.45
5nxg,8.55
6htc,5.96
5jrs,8.4
4lko,8.22
6dyy,10.55
4uiu,7.9
3rr4,4.55
4f14,4.89
6ha4,3.97
4e1m,7.26
5ti4,4.59
5dtj,4.47
4oc3,8.28
5q0t,4.54
5mmg,6.01
5b6c,3.66
5irr,5.27
3oim,6.74
5c2h,11.09
6olx,5.38
6ccq,6.6
5va9,7.84
4bcf,8.15
4qoc,9.92
4o5g,4.3
5w6r,7.57
6cjs,9.7
6evq,2.0
3rk9,6.28
4y2j,3.1
6fo7,7.87
4jr5,8.15
4tk3,5.1
4tk2,3.72
3t1l,3.26
3rth,5.21
3rni,5.17
4wmy,7.07
4mjq,3.71
4knr,5.74
5d3n,5.04
5qag,3.7
4r1e,7.28
3r2f,8.85
5qil,11.52
6ey9,5.91
3umw,8.52
3rin,8.89
5v82,10.15
5ty9,5.21
4qsu,2.0
4pum,6.73
4lm1,3.23
4zls,9.09
3s3r,8.68
5m4i,7.89
6gj5,3.36
4pp5,7.74
4nq6,4.28
4ag8,8.96
4d4d,5.96
6bqd,6.39
5ggk,3.54
4wmc,8.05
3ozg,9.19
4l1a,8.27
2y7x,8.89
6gxy,5.24
6c4d,9.04
5yzc,5.52
5agj,6.15
6ke0,7.55
5ey0,2.65
4mdr,4.39
4lk7,5.04
5drs,8.96
6bj3,4.77
6c0r,7.51
4e8z,6.64
5o9o,4.89
4glx,7.8
6fa2,6.66
6oqb,10.3
6f28,5.67
4xc2,5.37
5bwb,5.3
3ant,8.07
3vsx,8.85
6myn,7.85
6f6s,2.89
4jss,3.3
5mby,3.51
4cwf,4.49
6hpw,6.09
6rml,5.82
3m94,5.08
6cks,7.82
5ovx,4.5
6d5g,6.6
4xtm,4.57
6pek,6.52
5t8p,5.89
5i40,4.86
5lj2,5.0
5ayf,4.82
4uxb,7.96
6pdj,7.38
5yea,8.3
4xj0,9.52
2xpk,11.3
3rsv,9.15
6j3p,6.98
2mov,7.4
4kfp,8.0
6s43,5.4
5trk,5.21
4r7m,7.96
4x5y,8.03
6chq,5.36
2yhd,4.64
4gki,4.46
4lxk,8.4
2ym3,6.0
4mcb,5.82
4pl5,4.96
5e0g,5.8
5lhu,4.66
4qpl,7.41
6i76,5.07
6q73,6.9
4xg7,7.49
5evd,5.0
5ehg,3.43
5zjz,7.37
5ehe,8.32
6hm6,5.5
4qlu,8.08
5o4y,8.15
4q6d,7.36
4ux4,7.01
3pww,7.32
4ezo,6.52
4cps,8.27
3tn8,6.13
6qrf,4.48
6oy0,9.3
4wmx,4.85
4gw6,6.2
6djd,2.14
5ddc,7.04
5trf,9.06
5g4m,3.86
5orj,4.77
5d21,8.38
4jhz,6.02
5fh8,6.77
5yft,5.0
4mx1,3.68
4pfu,6.17
5v7t,6.21
6hdq,7.0
3t2q,3.66
6g3q,7.24
5b25,10.24
6u9v,7.4
5t92,7.8
2y07,6.22
3u4h,4.25
5bqh,8.52
6d16,5.08
5ehi,3.34
4isu,3.68
5zwh,8.72
5j7q,4.58
3tsk,7.17
6g1w,8.14
3u6a,6.49
6jb4,5.98
5dxg,5.92
5y5t,6.68
6cmr,6.61
6ebe,6.7
4awo,7.62
4zud,8.16
4e9d,7.7
6r8p,4.48
5zym,5.77
2ykb,5.96
5j9y,7.24
4anv,6.36
4hyi,8.52
6cfc,3.68
5wqj,5.52
5nk4,8.7
5ndb,4.66
4i2w,3.92
4xty,9.21
5wg9,5.59
5kly,7.21
4ear,9.82
4rxd,6.52
4lch,10.62
6beh,4.09
5v5y,7.87
3s1y,6.22
5ij7,8.51
4xip,6.63
4pop,8.13
5kpm,7.82
5bms,6.34
6ap6,5.37
4b0g,7.82
5km0,5.31
5ukl,6.2
6e0r,7.7
6s56,5.1
5iql,4.56
5tca,7.72
4mwe,5.91
5t90,6.68
4hgl,8.1
4okp,2.7
5vo2,6.81
6gzh,8.27
6e6m,5.75
3qip,6.89
3so9,8.56
5ye7,5.46
6f94,7.0
4exs,4.41
3twv,4.76
5uf0,3.8
3rxf,2.6
6sfj,7.74
4msn,4.03
4i6h,8.3
3r0w,4.52
4dpf,6.4
6fa4,7.29
4en4,5.52
6qc0,7.24
4aa4,8.05
6h8s,4.42
5nob,8.2
4gvu,7.52
3vzd,6.3
3r04,6.92
4aj1,3.11
6da4,6.34
6as6,4.82
3ud8,5.38
6oz6,7.28
6fyi,6.7
5mhp,7.82
4jjg,8.7
5dqe,3.63
5wij,6.31
4twy,3.97
5u7d,9.3
6cq5,4.24
5fhn,5.9
6f8v,4.8
6jjn,4.11
5ei3,4.25
4pmp,6.4
4qij,5.54
5wzv,6.68
3r17,6.41
6f3d,8.4
3spk,8.52
3wi2,7.04
5iep,7.0
6hp0,4.92
5kyk,5.8
5l3a,4.89
5wyx,6.66
5uz0,7.8
5a3r,7.78
5n9s,8.62
3vbq,9.33
5ljq,9.0
3t3d,4.91
4efk,2.49
4x1p,4.2
4pnq,5.0
6mkw,4.77
6bmv,4.68
6cec,4.35
5w10,6.62
6ugz,7.72
3pz2,6.14
4gid,10.77
5w6t,7.57
6s7s,4.77
5jdc,3.98
5agv,9.7
6ax1,9.42
4xqb,3.79
5sy2,4.96
6fmc,5.88
4ih3,4.82
6oxy,9.55
4xas,6.59
5cfb,7.28
3zkf,6.02
4nhy,5.64
4cd4,6.58
4muk,6.6
6h7z,10.12
6qtq,3.72
5x73,6.74
6f6r,8.25
4nrk,7.62
5bve,11.0
4e4n,9.05
4wkc,12.68
4x6s,5.24
4a7b,7.4
6i3s,7.05
3qlb,8.43
6m8y,6.38
5ahw,5.17
6q96,10.0
5edd,5.24
6gjw,4.96
4fem,4.06
4kp5,6.08
5w5j,5.82
4mww,3.67
5xbt,5.14
5bqi,9.05
5jt2,7.47
6ce8,3.41
4gm8,9.0
3rl4,5.42
6qlr,4.82
5bns,7.02
6ej3,5.93
3qkl,8.05
6eir,6.24
4o0y,7.22
4g2f,6.8
5nt0,6.55
5dbm,6.46
4qw5,6.35
4trw,4.14
4jjs,6.7
4ohm,7.55
4muw,8.01
4qsx,1.74
4m5u,7.96
4bio,5.12
3mt7,4.03
5qby,7.4
4avg,7.22
5fe9,4.68
5d9l,7.62
4v27,6.66
5yhl,7.74
6bbu,7.54
5jr6,4.69
5auv,4.51
5xmx,7.24
5hh5,6.3
6gue,8.4
5np8,4.62
5jur,8.52
4eh9,2.26
4kov,3.75
4r59,7.96
4r76,7.85
5lyy,4.85
4og8,7.25
5a3o,4.73
5ngs,6.77
5vja,6.59
5nwc,6.15
5ty1,5.21
4b6q,7.55
4w4x,6.99
5c8m,7.19
4dj7,6.3
5om2,4.06
4a9i,4.9
4z88,5.39
6qw8,6.4
3nuy,3.46
5d7a,7.68
4mzs,7.92
2xxn,6.41
6e1z,3.82
4w9n,4.26
4psq,6.36
4bo8,6.92
5kdr,8.3
6rfn,6.7
4qvx,11.0
5dh5,9.64
6n8x,5.7
5icz,5.3
4cpu,7.53
3t19,8.66
4cfl,5.88
4b70,5.2
5n8v,6.68
6oxu,10.02
4dma,6.19
6nem,7.92
4ncg,7.96
5l3f,6.33
3pe1,9.65
5k1v,5.7
3vyd,6.39
6huc,7.59
5nsp,6.47
5mme,5.85
5trs,8.0
3vqu,7.43
6hkj,9.0
5mt0,3.3
6dl2,7.48
5ad1,7.24
5vwk,5.48
5q1b,7.31
4g34,7.93
4nzm,6.85
4zec,5.82
4mep,5.33
4afh,9.54
4fxf,5.19
6nk0,6.39
3zp9,7.82
5uor,8.2
6fcj,7.15
4zsq,5.65
5fox,3.17
4d2p,5.68
4z2b,7.76
4jlh,5.4
6rni,9.4
4mpc,6.15
5kos,8.82
4os2,6.7
3ps6,7.74
6hx1,6.52
5qac,3.6
3w2s,8.16
6hcw,6.89
6dpt,7.11
3vjk,9.43
5fue,6.33
4bea,8.3
5ual,3.58
5oae,4.6
3piy,6.54
4q46,3.77
4qw7,6.28
4bd3,4.54
6pz4,9.4
4urm,8.05
5tzo,5.23
4jt8,7.48
3o1d,5.74
5nwb,7.8
4rxe,6.64
4qvy,5.09
5fsl,4.62
5dva,3.55
3sni,7.96
4mr5,6.6
6g47,2.18
3rz3,5.76
4x2l,4.44
6er3,3.24
5nad,8.96
6i18,4.07
6gg8,9.1
6c28,4.17
5doh,7.49
5akg,4.46
4mk7,6.36
6fau,5.44
4ufz,6.31
3tct,8.52
5mwp,7.5
3wk6,5.2
6qr9,6.72
5ia0,6.73
4r1v,9.0
3vi5,5.68
6ccx,3.15
5mkz,4.7
4dn0,5.72
5qad,3.77
4fse,7.4
3t0m,3.94
4nvq,8.48
6o8i,10.0
6cd5,6.81
4llj,3.42
3p7c,7.66
3vje,8.01
4nuc,6.04
5uwk,8.64
6eq3,6.15
5wvd,7.68
4jck,2.37
5etv,6.24
5lck,8.1
6ugp,6.16
4ff8,6.4
5vnb,5.3
4mbc,6.4
4yv1,3.08
4jt9,8.14
5bvd,9.8
5bsk,6.22
5m1z,4.18
3ldp,5.62
3s0j,3.77
4zh2,5.0
4z1e,8.24
6qgf,6.0
4gu9,4.37
6bkh,8.89
6h12,7.68
4ixu,7.64
4rx9,7.89
4bzn,5.84
5nb6,6.3
6e5t,6.55
3mqf,5.24
6q6m,6.89
5ngz,2.89
4p4t,4.39
5nhp,7.64
4jok,4.07
4mr6,6.6
3v4t,4.11
6hd6,5.7
6b5t,8.66
4z1k,8.33
3x00,9.08
3qqa,5.82
4q4o,7.46
4ux9,5.1
6d4a,3.93
6bed,4.72
6c91,6.19
6qme,4.36
6moa,7.08
5e1d,5.39
5znr,4.67
5x8i,8.7
3npa,3.87
5e0h,5.62
4mk0,5.2
5gn5,6.98
3zrm,6.89
4akn,6.1
6qz7,6.49
5yqw,7.51
6rrm,6.84
4az3,8.3
4ddl,8.31
6nel,7.96
5lzj,3.9
4djh,9.49
5ia1,6.28
4b34,3.14
6g9m,8.1
4cxw,6.09
6alc,7.51
4b9h,5.35
4uzd,9.22
4mss,6.4
5a3t,8.4
6iqg,8.0
5mz3,6.66
4gtp,7.94
5th7,5.16
3zep,7.66
3o99,10.82
4r07,5.32
5ihh,6.41
5v6u,2.26
3wzu,5.89
6p85,4.99
5mli,3.9
4n5t,8.15
6ayi,6.68
5l99,3.32
4wq2,6.3
4wsj,7.33
5he5,6.47
6g2o,6.77
5ea3,8.77
4jai,8.4
6i67,6.7
4b73,7.21
5kau,6.52
6fu1,5.36
5auz,4.01
6qfh,5.86
4hy4,8.57
5zdd,5.75
6ps9,4.62
4ap0,8.0
4d52,3.11
4zly,5.46
6moo,9.17
5th4,2.85
4bo6,6.74
6gy5,4.86
2y5l,6.48
6emh,6.08
5q1c,8.08
5yjo,7.17
3s75,6.82
5i25,3.49
6e7x,6.76
5t66,8.43
5w92,7.7
4azg,7.1
5k0t,5.78
5egs,6.01
4ie5,4.82
5t7s,4.1
6n7y,5.11
4ufj,4.28
5uah,3.4
5nge,7.19
4o9v,8.0
5ih6,5.6
6dgq,5.51
5ads,5.67
2xog,3.43
6rne,8.8
4rg0,7.3
3rik,2.47
4ikr,6.23
4yes,8.02
6f8w,4.64
4qd6,8.64
6dqa,6.44
4ty7,9.52
5c8n,7.55
3vf3,5.86
4f9w,6.94
3s7l,7.1
5w84,6.44
4mqp,4.98
4ui4,7.35
4qw3,6.61
3zns,7.41
4yc8,7.85
4u8w,11.24
5ax9,8.1
4deb,6.43
3rey,8.0
4lxd,7.23
4hg7,7.05
5jsj,5.4
3arb,6.63
5os2,2.74
5hvt,7.26
5aqq,3.1
4z2h,5.08
6hgx,7.11
3tfn,6.57
6jfk,4.84
5a4e,6.4
5wdj,6.96
4jk5,7.55
4jze,8.15
4l10,7.15
6dud,6.59
4ido,4.93
4y3j,2.17
6pgb,4.6
5yjm,7.68
5xgh,5.99
6j9w,5.13
4ban,8.61
6g2n,7.14
5vcy,6.57
5q1f,7.14
4oyi,4.72
5llc,9.52
5aac,8.89
5fsc,2.36
4y64,3.1
3mg4,9.3
5w4r,7.48
4qn7,9.08
6d1d,4.47
4j0r,6.41
6n82,5.96
6ow2,8.52
5c4l,5.64
3tvx,4.14
5i43,7.2
6pg6,3.7
2ydt,5.52
6c5h,6.43
4f6s,5.49
5usf,9.16
5wbz,6.41
6u5m,6.29
4nku,4.67
4nk3,6.33
4bck,8.4
5wf7,4.01
5diu,7.37
6qln,4.66
6npv,6.8
5unf,9.47
5u51,4.92
5eds,5.54
5b4w,8.46
6ce6,5.1
6hmx,8.89
3m6q,7.32
5gjg,6.21
6jam,5.23
3rxk,2.68
5umx,5.96
6oi8,7.82
3wcb,7.74
3olf,7.7
5idp,7.35
4j3m,7.68
5lbq,5.11
3qcx,7.2
6f26,7.62
5q0x,7.35
5hj9,5.85
5jyo,8.52
2xx2,7.3
5o1a,4.52
4q1a,9.3
4qab,9.7
3th9,7.7
6aqs,7.55
4rx7,8.3
4ycv,5.82
5n3w,6.3
5egu,5.85
5nq5,5.0
4k8a,4.02
4cig,3.67
5nze,6.39
6r11,4.92
5l4i,6.59
3zst,1.72
4np9,5.03
4pzw,6.96
6aol,6.27
5vd0,6.49
3s22,5.46
4xu2,9.23
4dlj,5.92
5y94,6.79
5tuy,6.35
4cxy,4.93
5mwd,5.72
4kab,4.03
2yoj,8.3
6hm2,7.33
5t8e,9.14
4n1z,9.14
4hni,7.49
4l7c,5.13
4kvm,5.05
5ly2,7.92
5ol3,5.36
5ncq,6.96
3aya,4.33
4tw6,4.21
4inu,9.26
4ph4,7.74
4mao,7.33
5nkg,7.68
3q2m,3.8
4idt,7.0
4wv6,4.98
5n2d,8.22
5h8e,11.2
6nzg,7.7
6ccy,8.52
4tyl,3.22
4uda,7.59
6qfv,7.31
4c1t,7.15
3muz,3.46
6ccs,3.64
4mg8,6.48
5htl,6.3
4bzs,7.12
5w6i,6.9
5d12,7.37
3s0b,6.49
2mc1,4.15
6peb,8.57
6do3,8.03
3n2p,7.82
3rwf,6.52
6czu,6.32
6fag,6.59
6e6w,9.96
3uo5,7.41
3srg,5.7
4uit,6.7
4f7v,5.38
6hx8,5.89
5hng,4.03
5xg4,5.15
3p8o,8.72
5z7j,6.6
4ps7,7.41
5zyl,7.06
6db4,7.31
5kjm,7.19
5qbv,6.37
6qfq,7.1
5ttu,7.33
4dtt,5.54
5jf3,7.42
4ciz,7.29
6r8r,7.07
5kqx,8.44
3rjc,5.24
4do4,7.29
6tel,9.96
5m6f,6.66
5d48,7.52
6j6m,9.52
5ief,5.28
3wt7,8.75
6udy,7.57
4xv2,8.27
4dcx,4.5
4kii,6.23
3qbh,6.82
5khk,6.39
4ab9,3.33
5d6p,5.6
5hyx,6.55
4xta,5.43
5d2a,5.59
3sgx,5.49
6suo,9.4
6ert,5.23
4uiy,5.6
4uin,7.62
4o75,4.68
5n0e,8.44
4j4o,6.9
4ai5,2.92
5wac,7.42
6dkb,9.15
6qlp,5.28
5arf,6.27
5otr,4.92
4ase,11.0
6r8q,6.92
4nie,7.7
3odi,7.82
5alb,10.71
5mxr,5.21
6i13,5.12
4zw7,4.72
5ewh,3.77
5etf,3.79
5q19,7.32
5edl,8.35
6qaf,7.42
4lyw,6.63
4r02,7.41
6h76,7.52
4n8r,5.0
4gzw,4.52
4oar,10.42
5nzq,2.03
4zga,7.7
4nzn,6.38
6n7c,9.17
4hdc,8.92
6gh9,4.48
5yid,5.4
6pl2,8.06
3qts,5.51
5vm6,7.11
5q0i,4.25
5ix0,6.28
4qwi,5.36
4fll,5.29
5wkm,5.12
6ic0,7.66
5v3x,6.59
5m3b,6.92
5ih5,6.3
3mzc,6.65
3uol,8.51
4os5,4.63
6op9,9.28
5cep,6.84
4yoi,6.48
4c4e,7.6
5iv4,5.48
4jmu,5.47
4zji,6.47
3ual,5.81
5nkk,5.0
6f8x,4.77
4mgc,6.32
3rme,4.66
5qai,3.82
6qmt,6.92
4kp0,8.65
4mhy,6.47
6epy,6.46
4m5j,4.84
4wk2,6.94
6axl,7.11
4ehz,8.0
3zsx,3.28
4i0r,7.85
5n1r,7.95
5lma,6.6
6i5y,8.54
5t78,7.37
4p4s,4.94
3tfp,6.47
6mnv,3.37
4f6u,6.15
5oah,8.31
3rlq,7.4
4l6q,6.27
5yie,5.25
4u4s,2.92
5duc,6.35
2ydw,7.34
4ezq,5.2
5dtm,4.3
4agp,4.69
6qfw,6.83
5m7m,6.45
3sc1,4.38
5hoa,7.19
4o4k,3.7
3q3b,7.76
6t1m,5.21
5orh,4.39
3u10,5.44
2ndg,4.71
4xe0,7.72
3zxz,8.4
5laz,8.4
2xzc,5.64
6by8,6.91
3qg6,9.14
6f96,7.72
5u0f,5.47
4lkk,5.92
5ml3,9.69
5nka,5.46
6j1l,6.42
4fic,4.7
5elv,6.8
5try,7.8
4awi,6.0
4acc,7.7
4uwl,8.57
4kw6,3.43
5acw,3.84
6ei5,7.42
4kzq,6.1
3s76,5.05
6skc,7.1
6d4v,6.64
5abe,3.05
5l2s,7.08
4lwu,8.3
6oip,6.92
5kyj,7.89
4ms0,3.39
3uxd,4.41
5ubt,8.62
6ft8,7.36
5waf,9.35
6arm,4.97
6n0q,7.4
6g6x,4.88
6ck6,9.0
6ckx,7.89
4e4x,8.15
5uqx,6.21
5aab,9.06
4k3h,6.85
5eld,2.66
3qrk,7.24
5meh,6.32
4o74,7.6
6b97,6.63
5nyz,5.03
4qga,7.92
3tu1,6.6
6hmb,6.56
5vt4,4.35
5aqz,5.48
4g3e,8.38
5j74,8.72
3pwk,3.35
6mxc,5.56
5npb,7.09
2xj0,2.82
6iik,4.91
5xs2,8.3
5nlk,7.46
6mu3,6.15
6hgz,5.97
4hcz,4.44
5ajz,5.7
3rhx,6.08
5ajx,7.96
4bi1,4.16
6tyz,6.88
6o2p,8.18
5abf,4.85
5fs5,6.69
6dug,8.27
4lpb,8.0
5qaw,3.4
5zuj,4.78
4b6u,5.11
5w1w,5.52
4gv8,6.49
5m0m,8.22
4zwz,8.7
4fmn,6.1
6oqc,10.4
3o1e,5.74
5jzn,5.96
4oee,5.76
5hkb,5.59
6htr,7.96
5fh6,5.92
6htg,7.17
4oq5,6.3
5j3v,6.98
4at4,7.92
5fwj,7.89
4rwk,7.19
3vw1,4.67
4ce3,3.96
5tw5,7.42
5xhz,6.49
6bnk,6.99
6d55,7.36
5myd,4.86
6h4t,7.0
5ax3,5.92
5znl,8.77
3s9t,6.82
5niy,4.22
6n83,6.27
5xaf,5.77
5vsc,6.29
4r8y,6.19
4x3h,4.23
5lh8,7.72
5k0c,5.96
6hvj,7.55
5j7b,8.3
2yel,7.28
5kam,4.11
4i1r,4.65
4bxn,8.0
5izq,8.52
5zae,6.81
3qx5,4.2
5j6l,7.89
4x1f,7.97
4mrd,3.37
3zyb,5.38
2mow,5.96
4a6l,8.0
4djv,6.72
4x7l,8.05
5mwo,3.21
5iis,9.0
5k4z,6.15
6egs,3.59
4trc,4.52
5dhg,9.14
4pte,7.13
6ne5,10.52
4z5w,5.81
5kh7,3.66
4dhs,4.8
5yql,4.59
2xu4,6.47
3vjs,6.19
6oe1,8.51
6e7v,6.48
3ook,8.4
4i9i,8.1
4ufd,9.68
5fun,7.59
5ody,8.4
5m25,8.19
5ml2,7.89
5q0v,7.69
5ai4,3.47
6py0,6.41
5kzi,10.0
5w9g,6.82
4dhl,4.48
5ans,5.69
4gv1,8.52
4mhs,5.29
6oyw,8.4
6fo5,6.72
4bek,4.39
6esa,4.53
3zh8,6.47
5nat,4.7
6o5u,4.38
5ljt,8.92
3ws9,7.04
4o78,5.34
6g3c,6.91
4mm6,6.69
6qed,7.13
4ith,6.5
3wzj,8.18
5eta,5.8
5lgo,8.22
6i17,6.6
6qaa,7.66
4pz5,6.92
4uxq,7.8
3rm8,6.15
4qbb,7.52
3p3g,9.74
4y32,4.05
3qgw,5.89
6bu3,6.55
6bib,5.8
5vdu,4.0
4b4q,5.75
4asd,9.28
5f3e,6.86
6hzd,9.17
4k3n,7.96
5nkh,7.59
6qts,4.8
4ocx,11.44
3wkc,3.71
5hx6,8.0
5yfz,6.96
6chl,8.05
4xu1,9.49
3zo2,7.1
4cwb,6.09
5vdv,4.0
6h41,7.05
6h4r,7.03
4qmn,8.52
3osw,6.15
5y8z,6.21
4yve,7.0
6rna,8.3
5ee7,9.21
6o0m,9.34
4q7s,4.42
6q8b,7.53
2ya7,3.14
5y5n,5.76
6bbv,6.1
5ml5,8.0
5z1s,6.16
4qz6,5.53
6gxu,3.74
5ye9,6.45
5op4,6.71
4drn,5.24
4yh3,4.59
4ode,10.0
5mqe,5.4
4qt2,6.32
5g45,3.3
6qqu,5.3
4mf1,9.15
4dhp,4.44
4cpy,6.31
6mo1,6.54
5vyy,6.21
4zy2,7.22
4h2j,5.32
5a81,5.54
6etg,4.66
5aiv,6.19
4fz6,6.9
5wkh,3.85
3mrx,3.39
6n7b,9.22
6cj5,5.19
6co4,7.57
6ntj,6.47
3ml2,8.05
5zlf,3.48
4b78,5.0
6fky,6.49
6a8g,6.61
5tyn,9.28
6fav,5.33
2y56,6.51
5e8z,5.91
6phx,3.32
3uvu,7.38
6bq0,7.34
3qj9,7.0
3wzk,7.24
4ea3,9.57
4jrv,7.54
6nzr,9.3
6h52,7.17
5he4,7.7
5nzf,4.03
5vii,7.29
4cg9,6.21
6pge,3.62
5ntt,5.75
4i11,4.57
5ea5,8.06
4ra5,8.4
5oq7,6.49
4uub,4.76
4jfv,6.28
4wa9,8.42
3n8n,4.57
6c3u,5.4
4his,8.09
6fmn,5.95
5kad,4.43
4j1c,7.31
4qlt,8.6
3r2a,6.12
4bzo,7.89
3ui7,9.0
6nk1,6.66
6ncj,7.62
6esn,8.05
4u7q,9.74
4ght,5.78
6hq4,4.65
5mw6,4.73
5k4x,6.42
4bb9,6.0
5ceo,9.3
4jzi,7.4
5m4f,7.89
4yz9,7.7
3py1,6.89
4ymb,6.21
4ijl,3.87
4ery,7.27
4ehg,7.19
4b6c,6.16
5t54,9.06
6arv,7.34
6d4o,6.28
4pkr,4.82
5c4k,4.56
5m4q,3.51
4x24,9.78
3rl3,7.17
5lqf,6.6
5lzg,3.1
4qt0,6.29
6eee,7.54
5ivj,7.34
5j7w,4.89
5zwi,8.64
5mgf,4.27
3zxv,7.31
4bf6,8.35
6iil,6.17
5aes,2.89
5aep,7.17
3tv8,7.15
6i5i,8.05
5vzu,5.57
6cd9,4.42
3qzt,4.0
5t4h,8.03
6g6z,6.66
4rsc,6.63
5yzd,6.7
4puk,7.28
5epk,5.74
5aqr,3.0
5lp6,4.76
4ty9,2.05
5dht,6.0
4w4z,7.52
4cff,6.4
6pi6,5.66
5ewa,4.82
5odu,3.28
4a9u,7.22
6an1,5.35
4cbt,7.3
3wk8,4.31
6fe1,8.48
4lg6,6.74
3n4b,7.02
4yv5,6.22
5o7n,6.52
6cpw,8.25
5fsn,5.77
5mmn,6.7
6qmd,3.77
4jn2,11.68
3zbx,8.22
5u28,7.17
6g7a,6.78
4gtm,8.04
3u51,5.51
5hu0,6.23
4d89,8.7
5x27,9.4
6s0e,5.5
6s90,7.89
4k1e,8.44
4gvc,4.71
6ps6,9.7
3vtb,9.3
2yem,7.81
5mw2,8.52
5i88,6.6
6rln,8.2
5gp7,5.15
6joe,7.04
2yis,8.77
6h4a,7.38
4qag,5.32
3wav,6.74
5zia,6.52
4avj,7.44
4ran,7.15
5gn6,6.92
5yqo,6.09
4msl,6.15
4l23,7.75
6eda,6.7
3pix,7.0
3qch,5.48
4ipn,3.39
4msa,3.3
4ayv,9.17
4lzr,4.7
4nud,7.07
6aqf,8.67
6cw8,6.57
4i1c,8.1
5tzy,8.7
4csj,8.31
4i9s,6.79
6j63,8.19
4jfj,5.68
6fhq,2.47
5d3l,6.06
3vtd,7.92
6md8,2.38
5hcv,8.7
4z8d,5.22
6qwa,6.59
5c4o,8.21
4ktu,6.16
5jfu,8.07
5mon,2.48
5v24,6.4
5q0e,9.16
4hw7,7.21
5zqp,7.74
6ft3,6.42
4o3f,5.56
4cqg,9.39
5lx6,5.72
5mfs,6.48
5glu,4.02
3u7l,7.28
3opm,6.62
6eq5,4.74
6i0p,4.4
4q6e,6.18
6mhb,6.77
4uvc,6.88
4umu,6.19
4i80,7.62
5ukk,6.21
4qgf,7.16
4wpf,6.6
5cxa,8.05
6eab,6.37
5his,4.71
3u8k,8.66
5mnb,2.48
4n8e,7.7
4m13,6.7
3vv8,4.77
3ti4,6.02
6slg,10.3
4ixv,6.62
5ieg,5.74
4pnl,5.52
6t1n,5.46
6hmg,4.94
4h39,6.68
4kot,5.46
4ptg,8.23
5ckr,7.76
6mep,7.35
6oy1,10.24
2xy9,9.19
4z0e,5.3
3t6y,5.52
3pj3,5.25
5izu,7.27
4lnb,6.56
4dfu,4.6
5zk3,8.74
5c20,6.41
5kr1,9.49
4qvv,5.15
4ui3,6.88
3u9n,7.0
6bfa,9.0
3px8,3.64
5u2j,5.92
4ih7,5.24
4mwy,7.05
3arr,5.4
6eyb,5.37
3wtl,7.04
5tuz,7.4
3vap,8.4
5osy,7.37
5mfr,4.3
5ap1,7.97
6sde,10.2
5ioy,5.22
3zj8,3.9
6h4v,6.21
3w9r,6.18
5wqc,8.96
4kp8,5.48
5w4w,8.1
5hyr,7.38
3rxg,2.15
4mic,5.3
4b1d,7.49
4qvm,6.35
4fev,5.42
5dhh,9.18
3t08,3.04
4mq2,7.01
5djv,7.11
4bjb,6.66
4da5,6.44
3tl5,7.85
5ue4,6.36
4yll,6.92
5zr3,7.01
3aw0,5.24
3zyr,5.34
3vhd,9.28
3uzc,9.61
3t3h,5.71
6d1g,4.47
4kva,3.94
4n7m,5.47
3r5t,8.58
3ts4,8.72
6cco,7.29
3q2g,8.46
6ipk,5.17
5es1,8.34
3u4i,3.89
6hvv,6.67
3vp1,5.48
4egi,3.82
6p86,4.7
5ek0,7.68
4nbl,6.33
4zz3,6.0
6ibs,4.96
5acx,5.05
3zhz,7.05
5iuh,6.4
4flj,5.13
4o4g,8.05
4j52,8.52
4rhu,6.16
2lcs,6.7
4bg1,6.31
5hvs,7.15
6i0b,8.04
4obq,7.19
6oxt,9.95
4hbn,6.1
4txc,6.62
5u1q,5.96
3nzk,9.27
3ooz,7.85
4ov5,7.43
6h36,9.35
6n0p,8.89
5mxx,7.51
5kzq,8.28
3rz9,6.92
5nwi,6.16
4m7b,6.7
4ztm,7.6
4mcv,8.89
3qi3,3.78
4ke0,7.77
5cas,8.85
3u6h,9.0
5fqp,7.72
4bgh,8.4
4bfy,6.92
5xsr,7.69
5iub,9.46
6fnj,6.85
6q37,6.36
6fe0,6.48
4pf5,5.48
5aqn,2.77
4l3o,6.0
5dx4,6.86
6hva,6.28
4bqs,4.21
5u2c,6.63
5vse,5.97
3wci,6.57
6f1x,7.7
3zmg,7.64
3tv7,7.52
5kcv,8.3
5u7m,6.74
5db2,7.6
4mxa,8.92
6mdc,7.44
6f1j,4.62
4enx,6.26
5jq5,5.63
4k0o,3.0
4lng,5.62
3ril,3.84
4zg9,7.59
6iji,9.36
3zmu,4.3
5tg6,4.55
5v42,6.62
4npv,7.46
4od7,5.08
5am1,8.52
4dhu,5.3
4fhh,7.46
4bqw,7.48
6ugq,7.55
5n69,6.54
5lli,7.05
4tw7,7.59
5wir,7.12
4mgv,7.12
6imi,4.58
4iks,5.14
4e5j,4.73
4u5s,2.41
5gj9,4.99
4ie0,5.08
5zob,5.96
5iu7,8.96
3lq5,6.96
6h4s,7.42
4n07,6.46
4zvi,6.33
6dpy,4.1
4wnm,7.59
4wph,5.8
5zh2,6.54
6bl1,6.96
3wk9,4.15
5exl,8.43
5ii2,4.89
4gwi,3.69
4avh,7.23
3vi7,7.39
4xk9,9.07
5eis,5.74
4ycm,7.72
3s8n,6.21
5ztn,8.3
4mji,4.09
4op2,5.93
3wyk,7.64
4h3i,8.52
5tjx,6.82
3as2,3.44
6f3e,7.15
4pl3,6.54
4wkb,11.57
6iin,6.08
5eh5,5.87
4kzu,6.5
4f70,5.74
4hw3,6.49
5nk7,6.33
5am2,5.01
5wuk,7.85
5he3,6.55
5jfr,8.3
6do4,7.68
4km2,5.84
4xtw,9.03
6czb,4.33
6dpz,3.59
3oay,1.7
3sxf,8.6
6np5,4.57
4qlk,3.24
3pbb,7.02
3as3,3.8
6g2f,5.17
5unp,10.02
5sz0,9.1
6fod,8.15
4rd3,6.47
6erw,5.36
4ehe,8.49
3n5k,9.7
6nze,8.89
5qa7,3.96
4d1j,6.31
4lp0,8.0
5vo6,9.05
4m3m,9.05
5ni8,7.7
6dil,8.12
4wt2,10.42
3zo4,6.83
6i77,4.96
6pyd,6.81
4eft,4.07
6dyw,10.44
5o9y,5.34
5eec,7.1
2mwp,6.05
4kow,4.31
5wbq,5.83
6fuj,4.3
6g24,2.77
5j9z,7.8
4whl,6.4
3zke,6.8
5hjc,4.35
3sym,4.57
3tku,5.72
6qyl,6.08
3n0h,6.21
3tws,5.52
5qas,3.72
5q16,7.87
5jf5,7.2
5eeq,5.82
6bfd,8.3
3zmm,9.14
4hlm,6.77
4umt,6.14
5akl,7.07
4c94,5.05
4u0f,5.92
2yke,5.96
3u4r,7.41
4elf,8.03
5isl,7.28
6g37,7.37
4a2a,4.35
5ox6,7.54
5y1y,6.01
4yjn,7.92
4zeb,6.52
3sxu,5.05
4fcq,7.0
3src,3.89
4btt,8.84
5ect,5.28
6ooy,4.66
5mgj,4.29
4f4p,9.22
6ej4,6.8
5aly,6.73
5ef7,9.0
5ka9,4.41
5ufs,8.49
4b6r,5.85
4lbp,4.94
5mav,5.48
4lov,7.77
4zy1,8.14
6jpj,8.21
4qhp,8.05
6q9o,8.47
5ml0,6.3
4gs9,5.66
3o9d,10.72
5v4b,6.0
5zyk,6.74
4yjl,5.96
5v8o,3.77
5tc0,7.6
4aw8,7.66
4mg7,6.36
4kiq,7.64
6mey,3.32
2lzg,7.77
4poj,8.1
4rn4,6.94
5ho7,4.77
4knj,7.95
4lh7,4.47
4hlg,6.51
4abe,3.4
6o6g,6.52
3r6c,4.72
3wv1,11.41
5n7v,8.77
4kjv,7.74
4pcs,7.85
4bky,7.92
4ea1,6.44
6mul,8.2
6q7w,6.85
2yj8,8.19
6got,9.4
6p83,7.1
5owc,7.59
5txy,5.46
5e2k,8.03
5dyo,10.21
4b14,6.22
4zgk,5.51
5op2,6.62
5hpm,7.13
3nf7,3.47
3pyy,6.86
4a9t,7.15
6bfx,7.1
4isi,8.14
5ko5,4.57
5jsm,6.59
5op5,6.67
6g2l,7.17
6fel,6.4
5a6i,7.25
2ycs,8.87
6ohu,6.78
4em7,5.11
6nrf,7.74
5tpb,2.59
3po1,4.02
6dxx,6.64
4yuw,5.77
4l33,8.15
6fob,7.63
4mrf,1.95
5l6i,4.35
2x6x,3.68
3zjc,5.05
5gn7,6.05
5w8i,6.82
6oxx,10.01
6npp,6.05
4iz0,4.0
4ye3,8.37
4qac,9.4
4cgj,2.84
4gby,3.46
3sbh,7.28
3rdv,4.91
6d40,9.85
5byy,7.01
3zbf,7.52
4z0d,5.3
4ax9,9.57
5kgn,9.03
4ael,7.92
5dda,5.78
5o2d,5.68
5v5e,5.52
5fxr,7.42
4os6,6.44
4eop,6.05
3sur,4.15
4mp7,5.74
3ozj,5.11
5y6k,6.07
5u5l,4.85
3upx,8.12
4e1z,8.52
6r1k,5.05
4l2l,5.7
4oeu,7.66
4ohp,7.46
6poi,3.49
4fcd,9.55
5mae,6.84
6oxw,10.55
5t1m,5.82
4o12,8.7
4nru,6.94
4ra1,5.94
6e0q,8.1
4b6o,7.0
4cnh,8.4
5lyx,7.42
4pnk,6.6
6g9n,8.52
5c84,6.19
4np3,3.3
5hh6,6.4
4zyw,7.17
6ic6,7.82
4qxj,5.9
5hmy,6.3
6ten,9.77
3w55,7.1
5apj,7.4
5osk,5.6
4mc2,8.19
2m0o,5.38
4y8x,8.43
4inb,6.05
5mos,3.79
5l4h,3.75
6hvh,7.33
4ega,7.19
6d1j,4.25
4muf,6.34
6gcw,8.64
3rtm,4.42
3rt6,7.15
5j75,6.82
6eis,6.6
3rwe,7.37
6nss,8.85
3v2x,5.35
6nmb,2.7
5dw1,7.1
4lv1,7.4
4mi3,4.12
6dai,4.07
6pit,5.92
2xx5,6.7
4nxr,4.34
4x60,9.0
5dq8,4.14
3v4v,7.38
4xbd,6.4
6exm,5.52
3q96,8.54
4j6i,8.85
3v2o,5.31
4qwx,6.27
5jsq,4.67
5xo7,6.36
3wzp,6.82
3s3i,7.8
3q72,5.8
5b4k,9.34
6qhb,6.3
6g9f,6.23
5ung,9.47
6evr,8.06
5h19,6.49
5ct1,1.52
5a5d,8.0
2yns,7.6
4eu0,6.4
4b60,5.43
5nn0,10.96
5xii,7.12
6ap7,5.34
4v04,8.11
4qnu,6.4
4k18,8.96
4qfr,8.13
5llm,5.35
6ee6,6.67
4ezz,5.19
5zqu,5.15
5lso,5.85
4r6e,7.78
4eh3,3.53
4gfd,9.48
3b26,6.64
3p3s,7.59
5huy,5.03
5xmr,7.61
4j7d,4.7
4lp6,8.27
4ou3,4.41
6g1u,5.61
4y2b,8.36
4hhy,8.72
4x5r,7.85
5d10,7.14
4od0,9.04
4mzl,5.62
3t85,7.95
5aph,7.22
6o3y,4.42
6b4h,8.52
6cyb,9.02
5wpb,3.57
5t9u,7.6
5wgq,6.48
6jt3,8.3
3s74,8.4
4a95,5.76
6ggf,5.39
6bsk,6.92
3uw4,7.77
3qem,7.22
3vhv,6.29
6ewe,5.51
4ewo,7.36
4qmu,5.89
5t4u,5.32
5os5,3.39
3vqh,5.92
3tyv,8.1
3ps1,10.17
6ps1,9.7
5dgj,4.73
5ohy,5.17
5csh,3.57
4bty,7.7
5exm,8.2
6chn,7.96
4qzx,6.26
4h1m,7.11
6d5j,6.34
4xcb,5.47
5fns,5.4
3o57,10.1
4k6i,6.2
4hbv,4.64
6qrd,7.0
6me3,9.38
3ti8,9.05
6qqw,4.72
5mi5,6.77
5njz,7.8
4jr3,6.66
6bnh,3.8
4d0w,7.7
4tmr,7.22
4ql1,7.03
4uhg,6.27
6pvs,8.17
6h4q,5.69
6csq,6.39
3wtn,7.04
4r5n,7.12
6fgq,7.85
5jxq,8.15
6gxb,7.46
6ibl,9.31
3uug,4.51
5ayy,5.32
6ia7,5.7
4bo9,6.51
3nf9,3.54
3sjo,5.78
3qtq,5.51
4omc,10.78
4mrw,3.3
4erq,7.12
4gb9,6.27
5vgy,4.18
4cd0,9.7
3alt,2.92
4gpk,7.52
4qiz,8.15
5fa7,8.4
4knn,7.78
6dzy,5.52
5z66,6.69
6cis,6.87
5h5r,6.21
4is6,6.2
3are,6.21
5nve,7.46
5ugh,6.77
3rq7,7.77
4mw4,6.5
4nal,5.66
6c4g,8.3
6mh1,5.92
6bsm,6.8
6gev,8.7
6ccn,4.52
6v5l,3.65
5h2u,8.15
5b5o,5.72
4yqh,8.05
3vw6,7.85
4lwh,7.57
5vb5,6.46
4p5e,5.55
3u5j,5.61
3arx,5.33
5hlp,7.27
5juz,5.52
5y24,8.34
4otg,7.59
3tf7,3.52
4jv6,6.66
4zyv,7.66
4azb,7.24
3vdc,4.92
4rxa,5.74
3owd,7.52
5sz9,4.42
4btu,9.3
5lsg,5.4
5qa9,3.64
4b1c,7.1
4qta,6.7
4gk3,7.25
5cs3,2.15
6faw,5.57
5n24,8.92
4wuy,7.82
4iuo,3.64
6qzb,6.47
4hby,5.36
4i5h,8.7
5tks,7.17
5el2,4.47
6mll,3.62
2ybt,4.7
6eq2,5.89
4dhm,3.78
4p3h,6.0
5oua,5.57
4wef,2.59
4p7m,7.41
5m5q,7.05
5k76,8.3
5gow,4.45
4jbs,7.96
5lkr,5.48
5vc6,7.87
3waw,6.24
3v7s,7.05
5w44,6.44
4lm3,2.92
4ua8,6.26
6cq0,4.46
5lh4,6.96
5div,6.85
2yjb,7.02
5t1k,6.28
5yqx,6.96
5wmt,5.86
4q1e,8.17
5hjq,4.72
3plu,5.77
2y7z,8.7
5eqe,3.88
6d3z,8.92
4ocq,4.61
4nh7,8.4
6g14,5.49
6c9v,6.92
4klv,3.78
4p5d,5.82
4xmo,8.7
5ai8,3.9
4mnx,4.75
6t1l,4.77
6hkz,9.89
4x6n,8.82
2l8r,3.92
5a8y,9.77
4bcp,6.25
4mwq,9.1
5u4x,8.15
3w5e,7.96
3q6z,3.72
3ud7,4.74
4g8l,8.0
5nn5,5.47
5ei2,7.34
5em5,6.58
5akw,6.39
5hk1,8.37
3zxr,7.7
4gr3,7.81
4zx1,6.14
5e90,7.85
4mz4,7.89
6ocu,8.05
4xit,7.27
5umy,6.97
5dro,10.59
3tww,5.38
3vdb,2.52
5nap,7.95
3art,4.43
5ew0,6.59
2ym8,7.89
5lz9,6.92
4k6z,8.7
4inr,5.59
4ufl,2.64
4o7b,4.7
2yge,5.06
2yb0,3.85
3w2q,7.18
4j0p,7.29
5db1,7.66
5tkd,8.15
3ubx,7.6
5c2e,8.7
5ikb,8.72
4eg4,7.89
3ubd,5.54
2yhy,5.6
5ie1,6.85
4j8g,4.19
4fnz,7.8
5lhh,8.17
4xv1,8.38
5mno,3.84
4zt2,8.0
5zah,7.28
5yun,5.52
4hkk,5.54
4zom,8.52
5ea6,7.41
3q71,5.22
4y24,6.66
4zpf,6.74
5hdx,7.32
3v30,3.74
3ocp,7.57
6f6u,4.8
6f7i,7.85
6n77,9.24
3up7,8.21
4x49,4.53
6c99,5.62
4ivk,3.85
5vcz,6.35
3ll8,6.4
3w1f,8.44
4uu7,6.08
4crc,8.72
5zun,9.19
6g8l,5.0
6skd,5.8
5q0s,7.21
4hai,8.1
4epy,3.47
4ahv,1.82
6s4t,7.95
6g98,6.15
4azy,6.7
3vd4,4.82
5jy3,7.92
3qyy,5.08
6d9s,5.96
4tqn,6.11
4wiv,6.26
6eea,6.2
6ob0,4.96
5yov,7.68
4y94,6.62
4b9k,6.17
3qfz,3.24
4d8s,6.49
3s71,8.64
4r5v,6.15
4kmu,7.92
4trz,5.03
6pyc,7.45
6g9k,7.4
5dkn,3.69
5cfa,6.54
4tkf,6.55
4uff,7.96
3vg1,7.26
4ad6,4.78
4u2w,6.0
3u5l,6.19
5mro,5.7
5m6u,8.37
4mot,7.3
5nhj,8.27
3lox,8.1
6cbf,5.17
6d1h,3.72
5vfd,6.44
5c7c,5.26
4ufm,3.72
6e2m,5.66
5wap,6.52
5w8v,8.22
6m95,6.85
4c4g,8.22
3ayd,4.19
3zuk,7.46
4dho,3.93
5ur9,6.05
4j24,7.3
5ygi,7.05
5o7i,6.09
6r1w,5.3
6poq,2.57
4ryd,11.26
5g1c,6.85
4e1k,6.3
5mys,4.3
3s1h,4.77
4rcp,5.35
5qap,4.0
6h51,6.87
4man,11.0
6ckl,3.89
5hg7,8.4
3rwi,6.94
5fl6,7.36
3qaq,7.0
6m9f,8.22
5fho,6.67
5tyh,2.08
5uhi,8.04
6ilq,6.36
4agq,5.01
6isd,8.24
4wx7,7.4
5opu,7.28
4jql,6.0
4x3r,11.07
6ary,7.6
4j70,5.24
3qin,6.87
4jv8,5.85
4qb3,5.47
2yek,7.21
4fk6,9.7
4wyo,6.95
6a6k,7.46
4gkc,6.82
3vtc,7.89
5sxn,4.96
4ewh,9.52
5vc5,7.96
4uva,5.75
4cfw,6.29
4gz3,5.74
4l2f,6.23
5i38,3.42
3odl,7.21
6qgg,6.3
6om8,5.16
6d1k,3.13
3t3i,4.77
4c9x,7.32
5lgu,7.66
4h4m,8.52
5qc4,6.82
4dli,5.62
4uct,3.12
5t8q,4.16
5v3o,7.22
3wbl,4.64
3rtn,7.13
4w9w,7.48
4w9c,4.65
4ok3,4.15
6qz6,6.49
4e67,6.48
3qiz,5.21
5k48,6.6
5zku,4.3
4wwp,6.92
6q36,7.6
6rw1,5.88
5x5g,5.83
5vb7,6.72
5f02,7.44
5edc,7.66
6gmd,3.69
6b31,8.44
3ni5,7.55
4h2o,5.52
6gvi,6.82
5jgb,7.89
4ef4,5.35
4lge,8.46
6g22,7.56
3pvu,6.54
3rwq,7.46
4uxj,5.42
5a4t,5.89
5fqr,7.59
5mql,5.85
3mg8,8.92
6dcy,5.46
4eqj,5.6
6egw,5.57
6bqg,8.93
4cwr,8.3
5ll9,6.08
5ya5,6.72
4jia,9.22
3zm6,6.52
4mt9,10.0
4y2q,2.92
5vrl,7.11
4cae,7.74
6c7g,7.74
5h5s,5.09
3sv6,7.46
5e8r,8.7
4ptc,8.96
3tib,6.89
5tyi,6.89
4ddh,3.3
5aut,5.17
6gmx,2.17
6rn6,6.8
4efs,8.6
5lub,6.15
4bs4,8.22
3p76,8.68
5y48,5.85
5vsj,4.02
5oug,2.77
5ov8,4.74
5hmi,7.82
5wlo,10.82
5trj,5.92
6e7s,7.18
5j9x,7.77
6ffh,6.34
6a84,8.28
4fs3,7.85
5fas,7.47
4zh4,4.22
4jpa,8.48
4j46,5.28
3qci,5.42
2xv1,5.99
3vrt,8.57
4l7b,5.64
6g6w,9.7
4bdt,8.96
4ee0,8.63
5m44,7.4
4iaw,9.63
4nus,8.3
4ydq,6.52
4y2u,3.24
4lnp,3.67
4uru,2.22
5dgm,6.4
4qwu,5.51
5nhh,8.95
5npf,4.24
5koq,9.24
5kj2,7.82
4zyc,6.42
3r0h,5.92
4dk7,7.7
5klp,4.64
6sge,7.51
5h85,4.7
4ps3,8.7
5h0e,6.68
4la7,6.57
4hfp,7.38
5gvm,6.73
4cgi,3.12
5tg2,5.49
4as9,4.79
6eo9,6.8
3uo4,6.52
5o07,7.47
6h3q,7.14
5zw6,8.0
4u0a,4.3
6eeo,6.43
2yof,4.6
5t1w,7.11
5wio,5.03
4z2j,6.43
2xyt,6.29
4ljh,4.71
3sue,9.08
4hn2,6.89
4pct,7.15
4cjn,4.76
5sz3,8.6
6ovc,6.52
6ixd,9.8
3uvk,6.8
6bh8,5.12
4j1f,7.92
5ega,5.06
6dh2,10.89
4o9s,6.55
5wf3,5.85
4el9,5.36
4ju6,6.17
6g3y,5.89
5iu4,9.28
6h14,7.86
6g8k,4.45
5mks,4.77
4a4l,7.82
4bny,7.1
5yy6,7.62
4ele,7.88
3wuu,5.14
5kr8,6.82
5za8,6.29
4xy9,5.33
3r16,7.3
4cc3,4.14
5i9y,8.55
4gk2,8.8
5t2y,5.66
5aqh,2.46
5djp,5.15
4dmn,5.64
4f6v,5.8
6kdi,6.72
6hti,7.01
5gmm,4.54
6hrw,6.0
6ajx,5.04
5aln,6.57
4na7,9.7
4yp8,7.89
6hmy,7.24
5fqt,6.8
5v7a,6.38
4q07,8.14
5os1,3.31
4eoy,6.49
6el5,6.88
5fqb,6.52
4qll,3.38
6gxg,5.24
4u71,5.22
5ubg,5.17
4obz,5.72
6oiq,6.57
5a6x,6.69
6ezg,7.69
5moe,3.28
4rx5,8.52
5dyt,7.6
4k6t,4.1
3sn7,9.15
4a9n,5.82
5ur5,7.14
6ht1,7.11
6drg,6.92
4qmo,7.72
5kma,4.71
6eip,5.7
6do1,8.08
6mt6,3.88
4xoc,8.52
3rj7,7.6
2yme,7.66
5m6m,7.36
3omm,7.43
4pg3,7.85
4ntj,7.36
6cwh,7.54
4aft,6.47
4zh3,4.4
5op6,4.68
4uyg,7.6
6evo,5.17
2x85,3.89
4uu5,5.04
3o0j,7.19
3uz5,7.22
4urv,2.77
6dvo,7.22
4zyr,5.7
4dij,7.52
5xag,5.46
3pkn,4.66
3pkc,6.02
4wht,8.1
3t0l,4.52
3udd,7.1
4non,5.24
4re2,4.98
6b3v,9.69
5uac,8.3
5l44,4.4
4d2w,4.51
4i73,6.72
3sap,7.59
6i7a,4.26
4ura,5.5
5ez0,5.8
5fxs,8.05
3w07,3.38
4ctj,2.51
5bvw,8.82
6aud,6.22
4ad2,6.2
4esi,4.15
5dgu,11.35
3rf5,5.63
4y8z,10.4
4wmv,4.03
3r5n,5.78
2xm1,5.07
6qwb,6.04
4kxn,6.1
4l7n,4.84
5g6u,6.66
6i75,4.64
5gmu,3.32
4jyb,6.96
3rt8,6.35
3skf,8.3
4lww,7.54
2lsk,4.89
6izq,5.5
6dvm,8.52
3r5m,4.34
5fah,6.15
5i3m,7.4
3r92,7.02
5i83,5.39
4f5y,5.43
6s89,8.07
4re9,4.92
6hhg,7.76
5nwz,9.1
5e1o,5.43
5jyp,7.0
5cbs,5.41
5t35,7.18
4ybj,9.28
6flg,7.52
5l0c,6.15
3vjt,5.39
4abg,3.57
5dlx,5.7
3b1m,8.48
4oth,8.05
4djy,8.27
6ezh,7.04
5m55,6.62
4aj4,3.89
4q18,6.13
3qxp,7.7
6dgo,5.47
2xu5,6.89
5ho8,5.96
3qtv,4.65
4k0u,7.26
5w5k,8.3
6duk,9.59
3sk2,3.61
5w2s,7.33
4dvf,6.89
4qmq,6.59
4l7l,6.0
4cu8,4.47
6plg,7.82
3wjw,3.87
4ayq,7.33
4v0i,6.33
4e35,4.62
3u8m,8.89
5ap6,7.88
5opb,7.62
5vil,8.82
6f23,8.3
3r8i,5.35
4kqr,3.9
4crf,9.3
4jiz,5.62
4l53,7.55
4gm3,9.0
5t3n,8.04
4keq,3.82
4zz2,8.04
6qhc,5.2
6pvw,6.32
6h34,9.3
6cbg,3.95
3vf7,9.1
5tx5,7.8
4x2i,6.46
5fi7,7.4
4kc1,2.91
5nea,10.3
6n5g,7.0
6i0r,4.35
6czc,4.78
5j7s,7.3
5wkf,3.87
4qpa,7.43
4q9m,7.18
4j0z,7.11
4yo6,5.66
4r5g,5.22
4n4s,6.88
4ifh,5.21
6njh,3.69
6duf,8.14
4mwu,8.49
6gzm,8.26
5alx,5.48
5gmn,4.73
4n5g,5.0
5toe,5.6
5ap3,7.03
4ona,8.15
5ai0,3.69
4joj,3.96
4zj8,9.26
3shj,7.47
4lph,5.04
5wb6,10.7
6fer,4.36
5id0,5.77
5eyc,8.52
3skg,8.1
6ee2,6.71
3udm,4.48
4k1b,11.52
4glw,6.1
6rjp,8.96
5mrm,5.03
5j59,7.3
5fl1,8.49
4yw7,6.89
5j7j,5.07
4hyh,9.0
5q0g,9.74
3oaf,8.8
4hej,4.62
6qqt,4.23
4wt6,7.92
5dg6,5.07
4nrb,4.42
4n3r,6.82
4hxm,6.1
4tz8,3.3
4bds,7.6
4qsv,2.0
5jq9,4.65
5e7n,6.09
4k9g,5.82
3pb8,5.24
3zpr,6.65
4ksy,8.42
6b3e,6.99
5fdz,5.17
6h9b,5.7
3sl8,6.54
4dt2,4.37
5f60,7.37
5ji8,4.63
4nh9,6.43
3rul,6.85
6oxv,10.7
5ipj,8.89
3uoj,7.29
4n5d,3.22
5qaa,3.91
5ioz,4.96
5g0q,10.0
5teg,6.85
5ulp,4.61
4e7r,7.7
3s78,6.47
4gsy,6.92
4ge9,8.8
3s77,7.21
6oim,7.05
3t83,6.98
4luv,2.85
3zcw,6.19
5t4e,5.36
4hnf,6.15
6a06,8.47
5c7b,3.0
6kqi,8.06
5tus,4.43
6hm7,7.1
5oyd,2.75
6ajy,5.28
5a3w,5.82
5am5,5.74
6i14,5.82
6bgx,6.33
6n4t,8.09
4a6v,5.72
4cd1,4.89
4eox,9.55
5byz,7.38
5t31,6.96
5u7i,7.18
4o6e,9.0
6rih,3.98
4i7p,3.5
4iku,5.75
4mse,6.16
5to8,8.51
6a1c,8.15
6eru,4.53
5q0z,5.85
6i68,4.89
5iq6,5.26
6ilz,6.47
4ab8,3.87
3suv,4.55
2yjw,5.12
4msk,7.2
6cus,4.89
4bdh,4.11
3rwh,7.4
4az5,5.99
6oco,6.32
4qls,7.44
6dgr,4.91
3tb6,5.08
4umq,5.38
5g46,2.6
5aad,6.67
5vlp,6.08
4jg7,6.92
5lny,7.38
5j8u,6.47
5zk5,8.37
6bee,4.66
5mn1,2.48
5xpm,7.64
4avt,8.06
6ar4,6.24
5wl0,9.17
3sl4,7.57
5d9k,8.4
6g9j,8.39
3w5n,3.87
5owa,5.46
4emt,5.3
4anx,7.74
4dcy,4.52
5t1t,7.24
4ouj,2.86
4m3d,5.41
4mw6,5.78
5i29,7.82
5km5,6.92
5mkx,4.7
2lko,5.67
4j22,7.74
5o0e,4.53
5j64,6.85
5eh0,7.74
5etp,6.15
4g68,7.92
6e2o,8.54
3wpn,4.36
3pjg,3.55
5qa8,3.77
3t3c,10.23
6n6o,9.15
4hwr,6.74
4i72,9.05
4qyy,7.3
3psb,8.52
6k9u,10.05
5n87,9.25
5j87,8.05
5nvx,7.05
4bgg,7.82
3v78,5.54
6h3k,7.96
5nw1,6.6
3snl,9.15
6i12,5.57
4x7i,7.69
6hhi,8.17
5lne,4.76
4az0,7.42
3muf,6.49
5v2p,8.29
6ezq,4.66
4j3d,8.28
6hol,5.72
4len,7.4
4o0v,8.48
4acf,5.8
6r9u,2.12
4u03,5.77
5l2t,6.19
4zs0,5.64
4pnm,5.85
6evn,4.71
5d26,6.09
4hge,7.92
3qgy,7.8
6h50,6.81
3ztx,7.74
3twu,5.62
5nhv,8.55
5aux,5.0
6bcy,4.81
6da1,5.05
3otx,4.53
3twj,7.84
5ny1,6.44
6nzv,10.17
4hy1,8.7
6hzb,8.98
6ftf,8.1
5hx8,10.0
3run,5.44
4qvw,5.38
4ibj,4.33
5fos,5.74
3rak,6.89
4tk5,7.49
5ndf,5.85
6ex1,7.31
6few,5.85
5lz4,5.7
4jk6,7.19
3py0,6.89
4nrt,6.0
4mvy,7.54
4j1i,7.4
4kip,8.15
5un1,5.8
4qw4,6.95
4m5m,4.74
5nvc,6.19
4y5i,3.52
5ajo,4.96
4mw1,7.72
5opr,5.59
3upv,5.3
4m8h,7.6
5cuu,4.37
5ehn,11.64
3m3z,5.73
5iwg,6.46
5d1t,5.77
6f9v,6.76
6c98,4.1
3q7q,5.65
3ary,6.0
4x14,2.92
4gw5,5.46
3zk6,6.34
4zwy,8.7
4zei,5.88
6f9r,4.97
5f0h,4.48
5m7u,8.1
5ak5,7.07
3sus,4.15
4ogi,7.43
4tyb,1.7
6n3z,6.59
3t3v,8.52
5ags,7.4
4euv,6.3
4xtx,10.57
4x6j,7.8
4ynd,8.55
4qjx,7.28
4l0t,7.18
4nw7,6.63
5ale,5.95
5dh3,7.42
6e1y,7.66
5c4u,8.72
4lpf,3.51
6dsp,6.09
3o9e,11.3
5i4v,8.52
6qyo,7.52
5fbn,9.57
6afk,6.0
6p14,6.66
5xqx,6.39
5w5s,7.77
4yti,7.89
6p3p,6.84
5w7j,6.1
4j3u,6.34
5t9z,7.19
4ysi,5.7
4o2c,8.0
4dmw,4.94
6q8a,8.01
4mx9,8.59
6k2n,1.36
6u7o,10.81
4wj7,4.89
4r75,7.24
5xup,5.25
4agn,3.97
5a5q,4.68
5tw2,7.3
4twt,8.0
3m96,7.22
4qmm,6.34
6mlw,3.74
6cjy,7.64
4o2b,5.74
6fby,5.03
5oqu,3.61
6max,4.87
4x5z,7.63
5am4,6.95
6cho,6.78
4pyv,6.7
5hva,7.07
5j1r,4.66
3vv6,3.8
4j17,7.27
5wew,6.74
5w14,7.34
6dzv,6.4
5ceq,7.38
6dcz,7.17
5wej,4.82
3uwk,4.24
4tww,4.2
4mk2,6.14
6cwf,7.54
5m23,8.9
3rlr,7.52
3ti5,8.95
5nib,7.72
6rtw,6.43
4ruu,7.54
3uhm,8.44
5i0l,7.74
4o0x,7.17
4umn,7.2
6pt3,9.41
4qp6,3.46
4bi2,4.03
4a4w,7.72
5ti7,4.96
6fz4,5.95
4zt3,8.0
6rvl,5.94
3tpx,9.35
6i8b,8.0
4aqc,9.05
5f63,7.92
5bml,8.0
6eb2,6.32
4jvq,6.2
6dub,4.74
4kv9,3.84
4jg1,6.63
3u8n,10.17
5ujv,3.6
3zya,7.0
5dwr,11.22
4ju3,7.07
6d56,8.05
4ryg,8.1
5na0,9.77
5ct2,2.92
3nuu,3.77
4r6t,7.52
6st3,7.03
6qyp,7.15
5aba,2.98
5oje,5.21
5zkb,8.7
6pgp,7.0
4ge5,6.57
6fv4,2.92
3as0,4.55
4jlm,7.64
6nzt,10.2
6eij,5.77
6hk6,6.41
4w97,7.1
5e2q,5.79
5cjf,9.59
5g57,8.4
3o7u,7.28
4bi0,4.23
4i6b,5.93
5iw0,7.22
6c3e,7.2
5cf6,8.09
4amw,1.55
6cvy,8.41
4rxz,6.74
2xn5,6.69
6d1b,3.91
4xu3,9.5
6qre,4.85
5dpa,4.65
5ygf,6.21
4j06,5.34
4ui5,6.78
5ntq,7.47
4pnt,5.82
3wke,8.89
6eqv,6.62
4c1g,5.14
4drm,5.24
5ops,5.06
4m5k,5.23
4ris,6.05
3zv7,5.92
4ded,7.42
5jop,9.41
3t0d,2.37
4b2i,3.0
6gzl,5.14
4qqc,7.34
2xrw,5.15
5khg,4.69
3vrv,10.54
4b0c,2.07
6aro,5.15
6ajz,4.34
6i5n,5.85
5l15,9.57
4hki,6.85
5mwa,6.82
5als,7.72
6duh,7.42
3zdh,7.35
4jik,7.74
6ios,4.1
5dgw,11.05
4riv,7.0
5ia5,7.6
6ooz,8.05
6cje,7.22
4ncm,7.0
6i10,4.53
4utv,5.09
4oon,7.52
6fdq,3.95
6hgy,8.52
6s4n,6.79
3wf5,7.09
4b3b,3.6
5nkn,9.92
6pm9,8.1
3udn,5.15
6eqs,6.43
5vb9,5.89
4cft,4.95
4cp7,8.11
5el9,7.64
6bkx,6.39
4gq4,7.66
5xms,8.14
4eej,7.15
5xpn,6.99
5ld8,8.05
4ybs,7.24
5jf1,7.19
5jrq,6.77
5u0y,6.08
5bue,8.52
4g8m,7.89
3pb7,5.74
6g93,7.96
4h1e,8.52
6b4w,8.3
4z07,7.99
4jkt,7.09
3s73,8.7
6a87,3.15
4w5j,7.24
5ou3,6.21
4g8n,7.2
4mg5,5.34
5abh,8.77
4a7c,8.22
6f8t,5.15
5wag,5.21
3t3e,5.99
6hhj,7.97
4c4i,7.66
3sfg,6.06
4few,5.21
4kmz,8.57
5h5q,5.74
5mjn,8.54
5mqx,5.41
5ta6,8.82
4k6u,4.14
4hzm,4.63
5uit,8.34
6bny,6.4
5fov,2.8
5dxu,8.4
4p0n,8.66
2y77,6.6
4nxo,7.22
3qdd,8.77
5efj,6.46
4ivt,6.0
4l09,6.07
4h3j,7.05
6i62,6.8
6mdu,4.25
2yq6,7.35
4a4q,9.4
5vio,8.62
6oie,6.15
6htn,6.07
5y3o,6.86
2n0w,6.15
6cfd,7.86
4ara,6.05
5mxv,4.92
6cd8,4.71
3t82,7.0
5n84,7.96
5l6p,7.26
6dh1,10.58
4uyn,8.4
5ngr,4.62
5uis,6.84
5yl2,4.5
5yg4,7.37
4ufg,8.15
4x3t,4.54
3tjd,9.0
6axk,6.52
6hqy,6.44
5k4i,8.51
5oh1,4.41
5n16,5.3
4cjr,3.1
5kgx,4.8
4omj,5.26
5eob,9.62
6o0p,9.96
4p6w,9.15
4crl,9.71
3t6b,6.36
6h1i,7.36
6f90,6.0
5zqo,7.71
3tt4,8.28
5mrp,5.52
5zbz,4.95
6ekd,6.44
3u1y,8.67
5tiu,8.3
5bmm,8.4
4zsh,7.05
4g31,9.4
5hn7,3.92
5bs0,7.12
4aoc,4.27
6j72,6.13
6hkm,6.57
6mrg,7.55
6b1c,6.95
6au2,2.3
4y3b,4.87
5drq,10.92
6e5l,7.18
5al3,4.96
5nki,7.72
6g2e,5.01
4je7,6.4
6qcg,5.14
4w9q,6.85
3sv7,6.08
4x1n,6.42
4h1j,5.92
6ets,5.64
4kox,4.77
5q0n,8.06
3wmb,5.37
6mu1,8.1
6ays,9.19
6n78,9.68
2y80,8.05
3zmv,4.26
5ety,7.51
6ffs,7.2
5kzp,7.15
6ajj,6.8
5l4m,5.34
3mg6,7.89
6gge,5.77
6b2c,7.03
3zos,8.89
6jax,4.42
4krs,6.52
6hjj,5.77
4p0w,5.96
4udb,9.15
3o9b,12.3
4ci1,6.6
6bgv,6.74
4q4s,6.95
4kn2,7.27
2ylp,4.3
3oys,8.05
6i5g,4.89
5a09,8.46
4zlz,7.0
4c5d,5.4
6htd,8.0
4mib,9.7
2yix,8.48
6dh8,9.84
5uoo,8.85
6gji,3.87
6n8y,5.38
5mkr,4.77
6udx,8.0
3rvg,8.3
4jin,5.64
5q0u,6.76
4cr9,4.1
3v3b,7.26
4llk,3.0
4acg,9.66
5qb0,3.8
4ngh,7.52
4tte,3.69
4yk5,7.64
4yt6,7.96
5w0e,9.03
5d6f,4.37
4tk4,5.1
4cik,6.43
6f3b,6.56
4mha,8.28
4l4l,8.3
5vsf,7.03
5vjp,4.83
3sgt,3.82
6nzq,9.52
6o3x,6.25
4fhi,7.0
3t0t,7.04
5ha9,5.78
6f5w,3.83
4crb,7.57
5khj,3.74
4hy9,7.1
3b0w,5.7
5xpl,7.7
6au9,5.96
6mia,2.6
6g27,3.14
5fng,2.96
6op0,7.86
4q90,2.15
4ncn,5.67
4dk5,8.4
5k1f,4.79
5vk0,9.74
3r01,5.24
4loy,8.09
2yiq,7.9
4d1b,4.44
4li8,8.12
6idz,6.51
3u9c,5.89
4bw1,5.9
5xij,7.3
5ijp,7.15
5i12,5.92
5fjw,5.4
5gof,4.05
3rt4,8.8
5j9f,7.23
3p9j,7.51
5j5r,6.89
4alx,7.28
6g25,3.52
2yjx,5.12
4wyy,6.0
5twl,7.98
3wf7,6.69
5nbw,8.59
5wcl,4.52
4b71,5.89
4ln7,7.39
4xy8,6.4
5m0d,6.09
6pvz,3.47
5jox,4.46
6hy2,7.3
2yki,9.46
3uph,7.82
5wxo,3.68
6g2m,7.82
5lz8,6.01
5ovg,6.4
5l0h,5.64
3u6i,9.0
5ywx,9.85
6v1c,4.19
3wk5,4.82
4pni,6.09
4a9s,7.21
3wtk,6.53
6p12,5.95
5i0b,5.06
5ka7,4.35
5wgd,7.11
4ucv,2.88
2xiz,3.89
6ocz,8.52
5wa7,6.4
4x7h,7.38
4res,7.85
5vsb,5.12
4jh0,9.03
4wpn,6.68
4kqq,3.9
3tcp,8.37
3t70,6.3
2xys,7.42
4mn3,5.75
3qxv,8.4
4d1y,7.13
6qfu,7.46
4q1d,7.78
3vbv,5.0
6e4v,6.29
5fi6,7.52
6oio,6.54
4qws,6.5
5ctc,6.35
4dt6,7.23
4zyu,5.97
4kcg,8.3
5epl,7.03
3mxy,6.41
5i13,5.08
4kzl,6.15
4x3s,5.89
6qs1,5.61
3uza,8.94
4zjr,7.54
3p79,5.64
5o9h,6.62
4guj,3.05
3veu,7.26
5enm,7.15
6das,8.31
5f01,6.38
4auy,7.74
3qu0,7.7
6j3o,5.62
6md4,6.16
5edr,7.46
4jyv,7.77
6eox,6.85
6e7t,6.89
6p3v,7.02
5g2g,6.05
4jit,6.64
4nyi,3.06
4ju7,6.17
5ekn,5.72
5kit,7.89
5iu2,7.8
6bbs,9.89
4z7h,6.66
5anu,9.4
4hva,5.89
4egh,3.26
5d0r,6.37
5w7i,4.95
5dtq,3.86
5i3x,8.1
6qft,7.46
5l8a,4.91
4dds,5.01
6d1i,4.09
5ai6,4.4
6ffn,8.22
4zw6,5.72
5h1u,3.51
4ayr,7.0
4cpr,7.46
4qtl,6.92
4rrn,7.32
4zs9,4.57
4ca5,9.39
2yac,8.7
6g38,6.62
5ut4,4.38
4uvb,5.49
5m29,7.4
4bdi,3.64
3spf,3.86
6ql2,7.77
5q0y,5.73
4wp7,6.1
6c0n,8.37
5ost,4.56
5m34,6.82
3sfi,6.4
5o0b,4.18
3sd5,6.58
4azi,7.45
4m4q,7.96
5sz7,9.7
6cjh,5.42
3pm1,5.93
5jnn,5.35
4rrs,6.68
5mgk,4.0
6q6o,7.54
6np3,6.47
4dr9,8.0
4hmh,6.21
6dpx,5.89
4ebv,5.38
4clp,1.27
5o0s,4.24
3vqs,7.75
4v1f,7.7
6mxd,5.23
4de5,3.15
4fm8,5.97
4giu,5.33
5xjm,9.37
5dfp,7.66
4deg,8.22
3sww,8.4
3zev,8.64
2y5h,5.79
5wqa,7.96
3njq,4.89
4xkc,5.87
3vhc,8.89
3vs3,9.37
5dxe,6.41
5gg4,5.82
4elb,8.3
5joh,5.96
4b4n,3.44
5ff6,5.02
5vm0,8.8
5mes,6.47
6oa3,6.4
4pmm,7.57
4qew,7.07
5ko1,6.64
3s56,9.62
5l2y,9.85
5l26,5.35
6dgz,11.3
2xj2,7.18
6ap8,5.1
5ehr,7.14
5lrq,5.8
4e3n,10.3
5nba,7.3
4xg6,8.01
4nk9,8.51
4p1r,8.39
4q4p,6.39
2n1g,5.64
3wz8,5.82
6h4x,6.88
4bo7,7.0
4mc1,7.85
4jyc,6.7
4ayy,8.17
5kls,6.71
4j3i,5.74
5ws3,8.96
4qvn,5.1
5mte,6.78
3mt9,4.59
2xxt,8.05
6hu1,6.72
4kcx,4.43
4re4,6.87
4k43,6.88
5ghv,7.92
5a46,7.66
6f22,8.7
6ew7,5.54
6qhr,7.72
4oys,8.82
4qgg,9.0
6qr3,6.44
5am0,5.88
4jbo,7.62
5i3v,7.8
4myq,7.49
5f9e,9.34
4yrd,4.57
2y6d,7.1
4cra,7.22
2ykc,6.11
3u8l,8.05
5fv7,6.74
6m7i,3.41
5ia3,7.34
6huq,7.14
4abh,4.15
5bqs,5.64
5dpw,5.37
5dw2,5.84
4bw4,6.2
5w86,8.7
2n8t,3.37
5fl4,7.0
4myd,4.55
6iiu,7.96
5wj6,7.57
3arv,5.64
2y4k,5.46
4knm,8.0
5zde,5.75
4l51,3.0
6eux,5.92
5tnt,8.31
5gn9,7.05
3n7a,3.7
4oq3,8.1
4u0c,4.31
4xoe,5.0
5v49,7.3
5ha1,7.19
4ha5,7.24
2yhw,5.6
6ds0,8.66
4rvt,5.72
5hyq,6.82
6omu,8.7
3p8n,9.28
4zfi,6.3
5nxv,8.46
6cwi,7.54
6fne,5.52
4r5y,7.64
4f64,7.2
5zgg,5.0
3pp0,7.96
4yho,10.74
4yb6,5.32
5k03,4.74
4gs6,7.15
6mck,7.92
5drr,11.46
5urj,5.28
4jq8,8.1
5yhg,6.02
5v19,3.3
6bqa,5.85
4bs5,8.22
4loi,6.77
4dce,6.76
4yh4,4.59
3ohf,7.03
5etk,5.82
4ibi,4.14
4yfi,6.3
6fn9,3.55
6dvn,7.85
4d8z,6.29
5x4o,4.06
6j7l,4.5
4gbz,3.11
4hvb,9.95
5ukm,7.52
4mc9,9.44
5u5k,4.02
6rqk,2.8
5n93,8.66
4edu,3.99
5j27,6.74
6c5k,7.16
3vw2,4.75
5u8c,7.53
3n2e,4.96
6qi4,4.37
6aoy,4.97
5eth,7.25
4x6o,8.72
5hf1,5.74
5ylu,8.62
6ic7,7.11
3tv4,6.96
6hv5,6.49
4kwp,7.49
5usy,7.51
5tq7,7.67
4pzv,5.7
4cpz,7.68
6oin,6.0
4cq0,5.09
4d2t,6.0
6cef,3.74
5en3,6.21
4p75,4.1
4hp0,6.12
4qyh,8.89
3vzg,1.72
3zmq,6.44
4cfv,4.63
6msy,7.0
4u5n,2.48
3oxi,5.66
4qc1,4.99
5wii,4.49
5mpk,8.52
4wz5,5.51
6fyv,7.96
4zbi,6.51
5etu,3.89
6bw5,8.25
6agp,5.05
3qcq,6.8
4xg9,9.15
3pxy,5.23
4j0t,6.74
5vi6,8.52
5zdc,5.75
4nhc,7.34
5lcj,6.64
4pov,8.28
6jz0,7.82
4hs8,7.92
6g35,7.76
6haz,7.0
5k6s,6.26
6e4t,8.05
6g0v,3.78
5eml,7.64
5a3n,7.72
5nfh,7.74
5tcj,7.38
4x6y,7.72
5ttv,7.54
3wqw,5.23
6gy0,7.32
6ijh,7.17
4hz5,5.92
5a8x,8.19
6hcu,7.82
3pz3,6.85
4utr,6.15
4twp,10.0
4mwc,5.87
5umw,4.23
4avs,3.49
5w5u,7.19
4yml,8.35
6ecz,6.57
5iee,4.94
6b1k,6.67
6g34,8.24
5l3g,6.23
4bie,6.6
3skh,6.05
4k9h,7.12
5lvr,3.6
6jwa,4.96
4k19,8.36
6ugr,6.27
4i8w,10.9
4ymj,7.0
5yg2,6.89
4gsc,5.85
4o37,6.16
5h14,5.06
5nu1,9.0
5dp5,4.73
6hle,9.31
4yik,6.89
3rxl,2.62
2mpm,5.89
4g3f,8.36
5uwn,7.87
3srb,4.19
3nus,3.51
4i74,6.72
4mr4,5.94
5iua,8.82
4xhe,10.3
4mmf,6.53
4i67,6.35
5c7a,3.31
5y80,8.79
5gu4,5.47
4ezl,8.59
4lhm,3.39
4m14,6.7
4j9a,8.22
4dkr,6.52
3qcs,6.5
6rtn,6.63
4jv7,6.0
6b27,5.03
5sz1,8.92
4wy7,6.78
3rmf,4.09
3ro4,6.23
6n3w,5.81
5c1y,5.9
5nau,7.52
5ggj,1.75
5bpa,9.0
5vpm,8.8
6oxp,11.0
6beb,3.61
2yay,6.1
5tri,5.06
4jxv,4.51
3tv6,8.32
3wcl,6.59
4bj9,7.35
3s7m,8.0
5w0l,4.74
4d0x,8.1
4ajl,3.8
5wef,6.44
4tky,5.7
5yfs,4.86
5tef,5.4
5k0f,6.07
6fi5,5.52
3s2v,6.8
6qlq,4.51
6nsq,8.1
3sbi,7.92
4e93,6.93
4q0l,7.7
4du8,5.37
6iyw,7.23
5tw3,8.7
5w38,7.33
5ta2,7.96
4m5g,5.01
4dko,6.52
6bnl,6.96
5ksv,5.22
5m5d,3.95
6jn6,7.15
4bo0,6.7
5ei8,8.1
5zz2,8.85
4anm,7.55
6hhp,7.49
5tol,7.48
4qxo,5.51
4awm,5.72
3uzd,5.05
5mg2,7.77
5lsh,3.39
3zm9,7.42
4rlw,4.87
5chk,5.39
2ycm,3.56
5a69,8.96
4eoi,6.05
4o1d,7.62
6pii,6.96
3zyh,4.29
6er4,2.77
5ttw,5.96
2lwi,3.11
5uc4,6.46
5bnr,6.28
6prt,2.67
4nat,6.48
5ih8,6.74
3uwl,3.68
4zij,3.25
6bqh,9.8
5uzj,6.78
4jmx,7.21
5zqq,7.66
3r4o,8.15
5yba,4.77
6naf,4.26
4eh4,2.81
6fam,4.01
5l9i,7.0
5cgj,5.22
5jn9,7.79
5kz0,7.66
3sz1,4.66
5ke0,9.7
6ib0,7.4
4yur,9.8
3s7b,6.3
2xzg,4.74
5cp9,3.51
5vij,7.61
2yol,6.89
6gin,7.49
5q1e,6.92
5gty,7.72
4zbf,7.13
5ism,9.15
5auu,4.68
4oc4,6.98
6dj2,8.12
4gtt,8.22
6ayd,6.3
5h22,7.44
4x0f,7.0
5nk3,7.42
6r8l,6.17
5t8j,9.0
6szj,5.82
5d6q,5.24
3wv2,7.92
4ymq,5.8
3tzd,4.28
5w2p,6.88
4mm7,3.63
3w8o,7.62
4jxs,4.74
4qme,6.52
4qw0,5.14
5ylv,6.82
4pnw,5.05
6qcj,5.6
4bkt,3.62
5tco,8.19
4eol,6.05
5efa,4.83
5akz,5.26
4j1p,7.05
5ntw,9.22
6qsz,7.15
4mdt,5.0
5yia,5.52
5e7r,7.6
6qrg,5.0
5h0b,7.96
4ztr,8.3
6f2n,6.7
5g4o,4.43
5tq6,6.91
3vbw,5.22
4mb9,8.0
6oxz,9.67
3qbc,4.97
5yso,7.4
4p6e,5.89
3u4u,8.52
3sdg,5.55
4z89,4.69
4d85,6.85
3te5,4.91
5a6a,7.22
6hhh,7.17
6if0,6.51
4e9u,5.82
3t84,6.97
6a9c,2.74
5u6d,8.59
6dzq,7.37
6qgj,9.0
6ipj,5.79
6eo8,7.0
5ap5,7.97
6e5g,5.37
4kpx,7.3
5hda,5.13
2yit,9.54
5fkj,10.66
4k9y,6.95
6hvs,5.23
6hvu,6.59
3que,8.82
2x6w,7.1
5ehy,6.09
4uns,6.7
4ot6,5.92
5k0h,7.09
4r1y,6.4
4u0w,3.0
4jpe,7.32
4ln2,3.61
3s1g,5.19
5zk7,6.71
3qqs,5.82
6h7l,8.97
4q3s,6.59
6bw8,9.0
5wfc,4.9
6c5f,4.48
6cze,4.03
5g3w,7.38
4mw2,6.7
4mw9,7.02
4j04,4.96
4kz5,2.0
6e3g,7.36
5ugm,5.9
4bkz,7.57
6mdb,7.17
6g46,3.73
4djq,10.32
4ylk,6.74
6qr7,7.15
5ar0,6.14
6r7d,8.62
4z22,6.24
3znr,7.44
5lhg,5.6
6d6u,8.21
5j9l,7.47
6nri,7.57
4twc,7.4
3rjw,7.57
5u06,6.66
6o9c,7.55
6i3u,9.22
4bnz,6.59
5adr,5.64
6qat,7.33
4olh,8.3
4ayp,6.12
6csp,8.52
4jnc,8.52
6f5m,6.3
4deh,6.21
4odk,3.8
4x5q,9.0
3qzq,5.64
5j5x,11.02
4zip,9.68
4cqe,8.43
4x1s,6.87
5ar4,6.7
4yhq,8.77
6eyz,8.1
6eo0,6.43
5hfc,5.72
5ak6,3.49
6fii,8.02
5fqv,6.21
4b7q,9.74
6od6,8.21
4g17,7.54
4i9h,7.17
5xyx,4.84
5izc,3.95
4gkm,5.17
4ogn,10.0
6ccm,5.25
4fns,6.7
6bgz,6.39
6dh7,9.88
6c3l,4.44
5aqk,3.65
4qj0,7.32
5dtt,3.51
5ien,6.52
6cvw,8.15
3r7r,8.74
5lyr,7.89
5awt,4.52
5mwz,5.15
5jhd,4.52
4nrq,3.46
5vsd,7.24
3qi1,7.66
4ufe,8.15
6f8g,4.18
4qmw,7.07
4x8v,6.89
5y93,5.64
5qax,3.8
4o91,6.83
6dgy,11.3
4mh7,5.23
4bao,8.37
3udh,2.85
5kmf,6.29
5tkt,8.49
4e3l,8.52
5e2s,9.01
5km3,4.6
5alz,8.22
5e80,8.3
5ais,6.24
5kya,8.22
6cqf,8.35
4abk,5.72
6m7h,4.7
6tld,5.35
5lvl,5.9
5nzm,3.9
6jsz,5.68
5gvn,7.05
6r7k,7.3
4l52,8.4
4yoj,6.39
5uvc,8.21
4jht,4.99
4zw5,4.43
6afr,7.15
6udv,10.29
5aib,3.8
4hlk,5.96
4jzd,8.3
6g8j,4.76
4zs2,5.49
6hay,7.01
5etr,6.52
4qlv,7.85
5wyz,7.68
5zma,5.52
6gx3,3.6
5kbq,7.0
5xmv,7.68
4qjr,7.1
5zla,4.3
4ajk,3.11
5ftq,8.0
4g5f,3.05
3rah,7.92
4py2,6.57
4rfm,10.05
6prg,3.7
4nrl,8.62
5efc,4.85
6fnt,4.68
4i0t,7.59
3qc4,8.7
4xjt,5.14
4iwz,7.29
5eq0,5.92
5mat,6.24
4bo4,6.89
5lz2,3.0
6fse,4.74
2mkr,6.27
4aia,3.66
6bil,6.24
6nnr,5.07
2yjq,5.28
4h42,3.47
5toz,9.46
6gih,4.36
5t6g,5.96
6g9s,8.0
4y79,7.96
3vfb,9.04
6a5e,5.49
3u18,6.09
4ylj,8.22
5t1s,7.08
5afk,3.88
4mxc,8.17
5w6o,6.28
4u0m,5.77
6hvw,5.55
5n7g,4.58
4hgc,10.0
5dd9,6.11
4quo,7.92
6bef,3.98
4yz5,2.83
3pj8,7.4
5cuq,5.92
4wet,3.35
6dyv,10.59
5gmh,6.31
4e9c,5.96
5bjt,6.3
5u0w,4.24
4jfi,4.74
3zcl,8.0
6ei4,5.28
4w9s,6.82
4cc6,6.64
4g93,3.52
6cw4,2.82
4jjm,7.57
6nzm,9.0
5eue,6.77
3pxz,5.23
5ykp,7.05
5yf1,3.28
4p0v,5.92
6gnr,5.44
4jz1,6.7
4c1c,4.97
5dy5,6.79
6g02,7.62
4u0g,5.29
4j53,8.7
6hld,9.21
4bzr,7.6
4o09,7.7
5nkc,7.72
4k2y,3.33
3uoh,7.89
6huu,7.46
6evp,4.53
4z84,5.82
6fo9,7.75
4aml,2.1
3unk,4.82
5tuq,6.35
4hvg,7.77
6cdj,11.7
4ajw,5.86
3arz,6.0
6fdc,5.64
5f5i,6.02
6b4u,7.68
4u3f,8.39
4hxq,7.22
4r5b,6.73
6h13,7.23
3uzj,5.55
3vf8,6.82
5naw,7.3
5fyx,4.16
4q8y,2.64
4ks2,9.34
2y9g,3.77
5mf6,4.36
5qin,10.4
4d7b,7.68
5o22,8.0
6jav,5.76
3uxg,3.96
5ev8,5.22
5l2n,5.55
4nan,4.72
3s54,9.64
6dh3,11.3
5qa4,3.77
6b2q,8.05
4iid,5.62
4rlp,8.14
2n7b,3.55
3arg,7.26
5d0c,5.63
5ot3,5.23
6hvr,6.48
6guf,6.65
6r0x,8.7
5ni7,7.7
5odx,6.71
4elg,8.16
4do3,4.1
4zx4,7.11
2yc3,6.85
4z0q,8.17
6imt,6.6
4u2y,3.99
5q12,5.33
4qwg,5.97
5h9s,4.06
5axp,9.03
4lmn,10.3
3rum,5.77
5eud,6.82
4egk,7.72
5zdf,5.7
5w2q,6.88
4qlq,8.18
5vl2,8.42
4k2f,7.4
6mi6,4.54
6b59,8.09
4agm,3.98
6buu,5.44
5j6m,8.57
4nct,7.55
5b5f,5.25
5cnm,6.81
4wko,9.47
4np2,2.26
4y62,2.95
6mkq,6.16
4og7,6.94
3m93,6.62
5tyj,7.46
6drx,9.24
2yig,7.1
5j8m,6.8
5eie,7.64
6o0k,10.74
6guk,6.15
5nzo,2.24
5lmb,7.8
5n1s,7.99
6imd,4.23
5qj2,7.68
3v5t,8.22
5agi,4.34
4ool,6.85
5alu,7.66
4m1d,7.64
3w2r,7.72
6gcl,4.47
5da3,7.1
5elw,7.85
4wvt,5.31
6n3n,8.74
4ie3,6.01
5d7c,6.85
6gnp,4.55
5n8e,5.33
5lif,5.87
5fgk,8.77
5syn,6.62
4i71,7.74
4db7,6.56
6f0y,5.11
6ul8,7.52
3q92,7.92
5iay,5.8
4jjf,8.0
3tay,3.38
4ym2,2.85
3zw3,7.47
6pgo,4.7
3rx7,6.03
6aad,2.79
5w5o,8.1
5f95,8.01
4h36,4.27
5lla,7.72
5f3z,4.54
5mi9,8.35
5cao,7.42
6fv1,5.97
6f8j,7.07
6f1w,7.96
5uov,10.6
3rdq,9.31
5ufr,8.7
2lp8,7.52
2y1x,7.57
6qxs,7.13
5xmu,7.51
5nih,6.87
4e5f,4.82
3r4m,5.92
4c1u,7.09
4li5,6.26
6c9r,6.71
2ydj,8.3
5mlj,8.85
5i59,6.95
5e1b,4.84
4fcb,8.54
4gzt,7.77
6ebw,8.6
5hbs,7.73
6d1u,5.44
3qxm,7.48
3q7j,4.52
3q6s,6.74
6g29,4.33
6g86,4.49
6ayn,5.04
4f49,6.09
5qck,7.64
6e4w,6.7
6c8x,12.3
4abv,6.07
4avi,7.63
4hxw,8.7
5v5n,8.02
5zop,4.73
4m0y,6.46
5nwd,8.0
4fzj,3.15
4yad,5.6
5qa5,3.52
6df4,7.64
3p3r,7.25
4leq,6.54
4k4j,6.12
6eif,6.98
3ohi,4.85
6b1e,7.47
5w4v,7.15
5b2d,4.25
5ixt,4.6
4a4o,8.05
4unq,6.62
4xxh,5.0
4l0i,6.57
3s2o,5.05
5n1x,3.16
4bbe,8.44
4k76,5.35
4xum,4.67
5a3q,8.6
5q0d,9.0
4p72,4.09
6bt0,5.68
5l7e,6.6
6d4s,6.05
5wfw,6.1
3rxh,1.8
4mbl,8.54
4qmt,8.0
3wch,7.05
4n9c,3.9
4msu,5.85
6pl1,7.65
4q7p,4.32
6bmr,4.22
5gwz,4.71
4c9w,6.11
3vc4,7.62
6fzj,6.33
4eo8,8.15
5t2d,9.1
3udv,5.59
3r8u,5.3
4j5c,5.52
3n75,7.89
3mta,4.3
4htx,8.33
6g8i,5.17
4e5w,7.66
5h09,5.88
5j8i,8.29
2xoi,3.34
4pp3,7.82
4lv4,5.0
4rse,6.4
4x7k,8.4
4pg9,7.8
4zxy,6.4
4z93,7.35
4ks4,7.14
5myn,4.52
5qcn,8.22
6qlo,5.06
6haj,4.97
5jg1,8.72
5idn,8.59
5f0f,6.0
6mvx,5.14
6b7f,3.87
5n9n,9.39
4mlx,3.19
4gvd,4.57
5wgp,5.62
5d3x,6.36
4ce1,4.38
4yoz,6.8
3q3k,8.13
6hm1,6.04
5oh2,4.24
6mju,7.56
4fea,6.47
4q4q,5.79
5yy9,8.04
5fbe,4.85
4o4r,6.06
6p89,5.01
4b11,5.64
5i7y,7.28
4e81,5.24
4m6q,8.21
3wdd,6.11
4kij,4.3
5tq1,5.49
5lwe,9.96
5i94,7.52
6g01,7.41
5qcm,6.96
4zpe,6.35
6dya,6.17
5mja,6.66
5er4,2.76
4hxz,6.05
6bj2,5.4
3msc,3.31
5mih,4.19
6eeh,6.54
6pi5,6.96
5hv1,4.1
5fe6,2.16
4dgm,5.92
4ok6,4.85
5trh,5.08
5sz4,9.7
5wlv,8.52
4ah9,2.46
5t23,5.8
6p3t,7.32
5ti5,4.39
3rsr,4.36
6h4d,7.96
4um1,5.77
5u69,6.22
5kh3,4.22
4mjr,3.55
6g1v,7.23
4wey,3.5
6gip,7.38
5khi,6.77
4m0z,5.19
5a00,7.52
4pp0,4.4
2xyd,6.82
4r93,7.8
4loh,6.96
6sen,5.55
6qtw,5.52
2y68,3.6
4nuf,5.3
4o1l,6.7
5hes,7.54
4dhq,4.49
6u5y,7.16
4yuz,5.04
5t1u,7.16
6s9w,7.23
4x8o,6.6
4mvh,8.35
4mz6,5.02
5fe7,3.31
5caq,8.57
4k6v,4.63
6nzk,4.3
5ixq,4.7
4fc0,7.16
4b3u,5.33
5j82,6.0
4i60,5.73
5izm,5.92
6db3,7.25
5zyg,5.21
6g4m,6.6
6inz,5.8
4pd5,2.86
6n0k,5.07
6gl3,7.96
4ty8,2.03
4pgd,6.92
4l7r,5.02
4ucd,4.0
3qkv,7.44
6eaa,6.09
5vcv,6.82
6dha,5.68
5c5h,6.4
5vb6,6.37
3wq6,4.59
6pvu,5.21
4lq3,6.35
5nz4,6.28
5u7l,6.37
3n4c,8.02
5fou,3.95
6k1q,7.46
6jsg,8.34
4rj6,7.12
3ozt,4.13
4q9s,3.81
4mc6,9.59
6jjz,8.64
4uiw,7.3
5v8p,4.99
3t09,3.8
5zdb,5.75
3rwd,8.0
4kiw,5.12
6ma2,5.39
6no9,10.52
6dz0,9.03
4an2,9.05
3uvn,6.59
4utx,5.24
4ryc,7.1
5qcl,7.96
6g4n,5.64
4hkp,4.55
4wsy,7.77
6jaq,3.95
6sq0,9.1
3o0u,7.92
5lyw,6.15
6fyk,8.52
4mqu,8.4
3rk7,6.7
3mmf,7.43
6i78,4.74
3sx9,8.89
6ggb,5.39
3wyy,8.49
4gzx,3.19
5dxt,9.7
4hev,6.34
6p10,5.22
5a3u,8.32
5o58,6.72
5q11,5.14
5a5s,5.9
3uok,9.1
3mt8,4.55
6m89,5.64
4j4n,6.88
6hsk,7.03
5kcb,6.0
5ukj,7.16
5z4h,3.02
5fdp,6.51
5e74,4.41
3o9a,10.7
3wiy,6.21
4fcr,9.4
5nr7,6.02
5wh5,7.19
4nak,5.85
5xkm,7.62
2l84,7.72
4o3u,6.4
2loz,4.06
4u0d,4.31
6sfk,7.15
5aag,7.34
4yuy,3.34
5ivt,9.1
4e34,6.01
4an9,7.36
4daf,7.12
4bcj,7.96
4jpc,7.03
3tyq,8.3
5ll4,8.4
4yux,3.74
4qnb,6.59
6mo9,5.81
5i2e,6.64
2xbj,8.52
4xhl,4.43
5tex,6.4
4kyk,4.74
5yjk,6.09
6q4g,4.3
4esg,5.56
4ie4,5.48
6acb,9.41
3qt6,5.37
5q13,7.04
6aji,4.53
5u9d,9.26
6hb6,7.36
6p8x,5.56
4gtr,8.3
3poa,7.0
5qaj,3.48
4nld,7.7
4lm2,3.03
4yv9,6.4
6nj0,6.61
5nsx,6.4
6bky,6.57
3qaa,11.54
3zlq,6.04
4lwe,7.15
3rf4,6.25
6ahs,5.82
4cfe,7.22
6f9u,5.13
5alr,7.07
6f7b,8.89
5h1v,4.0
4dum,7.02
5v9p,6.14
5t97,7.77
4do5,5.83
4c68,6.17
5etl,4.64
5a2j,5.85
6jof,4.98
6n5h,6.45
5lo5,5.87
4l0b,7.17
5o3q,5.68
6elp,6.63
5b0x,7.7
6htt,6.66
5lj0,8.0
2lgf,5.57
4mw5,7.35
5ejl,6.62
5ets,5.91
6iae,4.7
4ec0,6.07
5eqy,8.0
5k0x,8.36
4ret,7.59
5ant,6.36
5fcz,4.2
6mub,7.0
5kr2,8.48
6b41,8.48
4g16,6.85
4f3h,6.38
2xel,3.9
5izl,5.73
4ujb,8.0
4nmx,6.18
4aoi,8.4
6hv4,6.23
4anq,6.22
6bxy,8.05
5d9p,3.2
6n9t,4.15
6dyr,3.66
3tu7,8.09
4ep2,5.35
4dcs,5.1
4yef,5.35
4e96,6.66
6npm,3.96
3s2p,7.17
2yfx,8.09
6dz2,8.85
5ty8,5.46
4xx3,7.25
3oli,7.38
3nyd,3.48
5c29,6.06
3vru,10.0
5f32,4.94
3s8o,6.85
3zlw,3.7
5hh4,5.96
5qqo,7.77
5iu6,3.89
5ows,8.0
6edr,4.55
3zze,8.89
5d25,6.3
5ap2,8.48
4ybi,6.6
5gr9,7.48
4gj6,5.12
3vf9,8.72
4edz,8.08
3ska,7.49
4joh,3.35
3qkk,6.52
2yer,7.7
5oci,8.05
5wip,4.71
5ew9,11.0
3zs0,6.7
5ak0,7.68
4wy1,5.29
6g2c,4.66
3ove,6.57
3t0x,8.0
5x9o,5.3
4in9,4.97
4q7v,3.59
5nt4,7.77
5lzh,3.1
4bo3,6.52
5ai5,7.03
6g39,8.34
3v04,7.89
3o0g,6.22
4c35,6.25
6e4c,9.92
6qxu,8.15
2qqs,6.4
2pwr,6.59
3oc0,6.28
1jgl,8.7
2kbs,5.0
1fzj,8.1
3fvh,6.35
3ad8,3.16
1hvy,6.54
2rc9,7.4
2ohq,4.6
3h2a,3.96
3c7p,10.0
2iku,7.1
2k46,4.58
3k5k,7.64
2x6f,4.59
2z60,8.05
1h1d,8.22
1uu7,4.85
2i0e,8.7
1qwu,3.22
2j77,4.89
1xot,5.42
1n0s,7.45
1nhz,6.08
3hio,6.52
2owb,6.36
3iph,7.6
2wva,10.7
1y57,5.79
2a8g,3.69
2vh6,9.7
1i91,8.94
1g9r,5.7
2jle,6.42
1qxl,7.96
3ddf,4.66
1uyi,5.39
1y2f,4.92
2zpk,7.76
2vtl,4.01
3dya,8.52
3hll,8.24
3feg,4.35
3hik,6.35
1pu8,3.1
1yys,6.33
3mj2,7.82
3dtc,7.59
2nmy,8.37
3ggj,6.0
1lvc,6.0
2xne,6.72
3lhg,7.7
3k02,5.0
2wxq,7.47
1lee,7.74
2rg5,8.51
3d45,5.68
3hek,8.27
2zft,6.52
2ow6,2.7
1u9l,5.02
2v3d,3.94
3cic,8.52
2qnp,6.41
1q3w,8.4
1tu6,9.08
2uw7,7.74
3lc5,6.57
1lpz,7.6
2p3i,3.48
2nq6,5.82
2xb7,9.19
2wf5,6.0
2vip,5.28
2q1l,7.91
2i72,7.43
2iwx,6.68
2ph6,7.57
2ew6,4.97
2wih,7.35
2vvv,8.22
2vqj,6.44
2wf3,7.72
1i7g,6.0
2xey,5.19
1y3v,5.64
2hwh,5.7
1mxo,9.0
2j78,6.42
2v2q,4.15
1joj,4.22
2wtj,6.15
2qtr,5.49
1pyn,5.49
2b07,6.43
2zv9,8.05
2b1g,6.64
3d04,6.05
1h0w,4.89
2p3g,6.9
3e37,5.39
3kwf,8.17
3bqn,8.6
2xtn,7.4
2qaf,5.36
1o2t,7.85
3dbd,7.38
1o44,8.52
3kqp,3.42
3ekq,6.75
2uue,6.13
2etr,6.82
1v11,3.98
1uj0,4.57
2jbv,3.54
2fu8,4.7
2epn,7.22
2xcg,8.05
1h01,4.66
2uw3,4.1
1u9q,8.33
2ei6,7.39
2br8,7.49
1nw4,9.07
3gsg,2.7
1tou,6.0
3kr2,5.14
3eou,7.01
1p5e,4.81
2rgu,9.0
2a4z,6.6
2j62,11.34
1h0r,3.7
2qe5,5.79
1puq,7.28
2ovq,7.15
3acx,5.7
1jdj,2.3
3biz,7.24
2iog,8.1
2r75,6.15
2al5,8.4
2pcu,3.04
3kfc,8.55
2za5,8.43
3fdn,7.48
1o5e,5.74
2wq4,2.57
3mj5,6.49
3ia6,8.52
2evo,7.17
1x76,8.72
3d1f,5.74
2wic,5.39
2xru,7.51
2bba,7.15
3mv5,6.74
1tl7,7.92
2zgm,1.79
1o2g,6.12
1g4k,5.7
2wk6,3.32
3nzs,7.12
3kku,5.7
2bjm,3.7
2vx0,6.24
2r4b,7.18
3eu7,6.18
1yw8,8.0
3iub,4.54
1njj,2.1
2a0t,4.82
3i0s,9.0
2r64,7.52
2p3c,7.62
3cqu,6.82
2joa,5.96
2r0u,9.0
3io7,7.77
1rtl,5.59
1mrw,9.7
2j87,4.85
2p53,7.46
1n1v,3.85
2vjx,4.96
1nzl,7.15
2p98,6.19
3gi5,11.22
3eyh,7.7
1xk9,6.85
2ovy,8.4
3byu,9.1
1yc1,6.17
3jy0,8.3
2qi7,10.21
3dpe,7.24
2vcj,7.68
3ha6,5.68
1n1g,2.3
1e5j,4.0
1n3w,6.96
2f2c,6.35
1n1m,5.7
3djv,4.55
1o39,7.13
2vw5,8.52
3o96,7.24
3eht,5.17
1m13,7.57
2zzu,7.41
2qi1,7.3
1xdd,6.7
3h0z,8.37
2e98,6.23
3neo,5.92
1mto,6.96
2xg5,4.66
3nga,8.0
1rgj,8.31
3irx,9.0
2qrm,4.03
2fdd,8.32
1f8b,5.4
3gk4,3.92
3ftv,2.93
3ddp,7.14
2bal,6.31
2won,6.2
1szm,5.53
1wm1,6.3
1j81,7.1
2w70,4.92
2vew,7.19
2cvd,6.1
1q8u,5.96
2nqg,6.48
2wzy,10.72
2zp0,7.6
3odk,3.14
1ugy,3.72
1wvj,6.73
1y2d,5.7
2ayr,9.29
2qhr,7.39
3kb7,8.15
2qe2,7.77
2bkt,7.64
3el9,8.4
3l5d,4.11
2g94,9.52
3l4z,6.72
3l4w,6.0
1pf8,7.51
1juf,5.85
1nc6,8.0
2zc9,6.74
1xh7,6.82
2g79,6.92
2wa8,5.42
1s38,5.15
2chx,7.74
3cd0,7.57
2e9n,8.21
3kqy,4.82
2oht,5.04
1wuq,8.27
1xm6,6.38
3cwj,8.0
1k4h,5.11
2am1,6.0
3gxy,5.59
3liw,7.6
2j4i,9.0
1mzc,10.22
3hvk,8.52
2uwp,6.81
1rsd,6.52
2pe0,7.1
2brp,4.0
3bjc,6.96
2xib,7.26
2p8n,3.15
1v0l,7.55
2qhz,7.28
2jc0,4.7
2q8y,3.99
2fb8,9.8
2gvf,7.6
3l7a,4.33
1nj5,7.3
1gmy,7.35
1q9d,4.6
2pe2,8.4
2o65,6.19
1pxo,8.7
3lvp,8.7
1q91,4.15
1loq,3.7
3f5k,4.62
3b5j,5.68
2pj7,7.77
2xaf,4.64
1q5k,7.42
1u3s,8.85
3n1c,5.22
2g5p,8.42
1ms0,2.91
1nym,5.4
3e8n,7.72
1yye,8.57
2i3z,8.7
2a4q,7.18
1z71,9.18
3l8x,8.0
2ow0,6.7
2e9v,7.9
2og8,9.3
3b4f,8.14
1gx4,4.28
3bgq,7.96
1xoz,8.92
1yi3,5.4
1p4r,8.1
1i80,6.41
2ccu,6.13
2a5c,4.62
1i8h,4.54
2uym,5.51
3n7r,7.7
1w12,7.85
1fvt,7.22
2o5k,7.82
3ggv,10.85
3dog,7.4
2chw,4.77
3f7i,7.34
3h2n,3.67
2pvk,8.3
1x39,9.22
2jf4,8.15
1o3i,7.3
3fh5,7.06
3kjd,8.54
2jql,6.52
3h0q,6.07
3fzs,5.82
3djk,10.59
1opi,7.3
3jwr,8.07
2qrh,4.71
1f8c,7.4
2fdp,7.59
2az8,8.22
2ayp,8.15
2b4m,3.53
2fde,9.15
1ryh,7.56
1il4,2.85
3le9,8.22
1lek,8.89
1h62,4.77
2k00,4.62
3b82,4.43
2j4k,4.85
3gk2,2.7
3hha,7.9
2erz,5.66
3kc1,9.0
2wkz,8.77
2r3o,6.22
3d3p,8.5
1so2,9.57
1r5n,5.42
1y3a,5.41
2auc,4.08
3lco,6.84
2ael,6.29
3lcd,7.4
1uwh,7.66
2xez,5.82
3i0r,8.52
2x4u,4.32
1g9b,5.3
1x38,8.77
3dv5,7.66
2e9c,5.96
2cct,5.02
2onc,7.89
1wcq,6.26
2feq,8.86
3hac,8.17
2ww2,4.85
3hf8,6.51
3cj3,4.24
2oz5,6.48
1ljt,5.15
1zuc,8.77
3fvn,6.77
1ywr,7.89
2o63,6.11
2o4j,10.1
3d27,4.25
2ama,8.0
1n1t,3.85
3i7g,6.37
3eq9,7.39
3o84,7.24
3bt9,5.71
1f8d,3.4
2bks,7.43
2bw7,5.7
2o4s,10.51
1ll4,7.22
3fkv,7.57
1wtg,7.03
2vwu,6.46
2idk,5.54
1g7f,5.47
3pa3,9.0
1jlq,8.15
1wu1,7.74
2f8g,8.7
1q65,5.46
3kjn,5.19
1lhu,8.83
2no3,8.05
1o79,6.39
1utz,5.85
2wbb,6.04
1gvw,6.96
2fts,7.05
2x6i,6.08
3n46,4.3
1q6p,8.52
3cib,7.85
3n2v,7.51
1gzc,3.49
3dpd,5.78
2wzz,5.4
3lw0,6.4
2zxb,5.3
3gwt,11.1
1q1g,8.57
1q4w,6.46
3m3c,4.06
1ule,5.92
2jkq,8.11
1q63,5.85
1ym2,8.0
3lmp,6.21
3c45,9.68
2io6,7.52
2ph9,5.89
2kdh,2.96
1x7b,8.39
3efk,7.85
1z3v,4.11
2f80,8.18
3g9e,7.72
3og7,7.51
2w16,10.0
1w2x,5.14
3g9l,6.13
1uz4,3.4
1q6k,7.59
1m48,5.09
3bc3,6.81
2xgs,3.28
3hav,3.77
2vtm,3.0
2jkk,8.2
2pqb,7.2
2op3,6.31
2w4x,4.85
1qxz,4.72
1o86,9.57
3hpt,8.19
1k3t,4.19
3ekt,10.59
2q1j,9.1
2r7b,7.22
1leg,7.95
2nnk,8.37
1haa,8.7
2pr9,7.37
2z92,9.1
2a58,4.92
1pvn,9.82
2f1b,3.0
1mu8,9.0
1gsz,7.21
2cv3,6.57
3bpr,4.95
2gu8,8.59
2j7x,8.77
2hu6,3.81
2rol,4.62
2rjp,7.0
2alv,4.15
3btj,5.62
3fpd,6.15
1fsy,6.82
3ioc,3.68
3krj,8.96
3fcl,3.5
1hkm,8.72
2ces,7.25
2ow7,4.85
1o6r,7.1
3fqh,6.24
3ara,6.49
3l38,7.0
3cid,8.3
1f47,4.67
3bxg,4.96
1gwq,7.12
1n7i,6.59
1y3x,5.14
1iem,7.7
2vo7,6.77
3hwn,8.7
1o4f,3.52
1soj,6.62
3in4,7.52
2jt6,7.6
2az5,5.27
1y3n,5.55
3gp0,7.44
2qf6,6.49
2c69,4.59
1rej,8.3
3ken,5.4
1fv0,5.93
3d4y,5.7
2aay,2.92
2x7t,6.63
1kyn,5.39
3isw,4.05
2zjv,5.14
1j5i,3.64
1xow,9.28
2qpu,3.6
3o6l,7.51
2oiq,5.0
1t7r,5.96
3fxv,7.03
2d0k,5.02
2xg3,4.74
3b8h,4.2
3mhm,7.0
1uxa,2.3
2ofv,9.7
1os5,6.85
2exc,6.63
1m2p,6.11
3nw7,8.28
2pj6,7.31
2wf0,6.68
1t4j,5.1
2vwf,5.06
1pxp,6.66
3ip6,6.6
1ws1,9.55
2d2v,1.0
3i1y,8.15
1qxy,4.8
1hnn,6.24
1rhq,7.75
3fc2,9.06
2fgv,6.12
2jt5,7.74
2ksa,3.06
2fm5,7.37
2ica,7.7
1w1g,7.68
1nwl,2.39
1wbt,6.47
3g1v,3.19
1y2c,6.57
1eou,7.44
2cej,8.62
3l6f,6.99
3ind,5.82
1o4a,6.92
3ejt,7.36
2zym,6.14
2cfd,7.49
1kui,3.77
2uw0,7.7
3cyx,8.0
2r0z,5.47
1ld7,8.96
1o3k,6.77
2oc9,7.96
3c4c,6.8
1ogz,5.85
1p19,4.11
3kdd,8.46
3a6t,7.28
3g6g,8.55
1uti,5.62
3jup,5.58
3d1x,8.66
2uw6,6.55
2zxg,8.82
3gjw,8.3
1fm9,9.0
2gv6,7.34
2nq7,5.54
1hww,7.7
2xkc,5.59
2gm1,7.0
2uzv,5.87
1my8,7.46
1rry,4.1
2q7m,8.8
3cwe,6.92
2jh0,8.7
2e2b,7.96
2xjg,7.82
2cgx,4.81
2fxv,5.35
2zmj,7.52
2pv3,5.25
2of2,6.68
1h8s,5.81
2fky,8.59
3bv2,9.36
3o4k,7.62
1nhv,5.66
2w1h,7.28
3ddg,6.0
2p3a,7.96
2hah,8.0
3jrs,4.28
1z4o,4.52
1od8,5.1
2q95,5.8
1ps3,2.28
2hiw,8.1
1y2k,7.68
3hp2,6.17
2wxh,8.05
2wxo,7.05
1w9v,6.34
3dab,6.68
2q94,6.43
1waw,7.89
1gny,4.14
1jpl,5.0
2xg9,4.15
1olx,4.33
1w3l,6.28
2vgp,6.85
1gj6,7.0
2cne,8.77
3lq4,5.22
3h03,3.87
2c3j,6.18
2hd1,3.3
1ogg,5.19
3gb2,7.47
1z6j,8.03
2pg2,5.77
1ppx,7.28
3dpf,7.24
2iuz,5.55
1gu1,4.52
3fu3,2.84
3l3n,8.18
3elm,9.72
3owk,5.82
2vvt,5.24
1uyk,4.77
1t1r,5.4
2e1w,7.96
2cer,9.22
2itk,7.69
1z6q,6.7
3g15,7.0
3bet,5.82
1e1v,4.92
2q64,8.52
2oc0,7.82
2gd8,7.41
3fy0,5.96
2cgf,6.41
1v3x,7.62
2wot,7.36
2br1,5.14
3cj4,6.51
2pj4,7.89
2zyn,5.92
3i5z,8.7
3b8r,9.22
2i40,5.8
2rcn,6.0
2r5q,8.57
2xj7,6.66
3fqe,8.3
1t4v,7.68
3ksq,9.42
1ocn,6.39
2wxi,8.15
2r3g,6.1
2g71,7.46
3lzz,3.84
2ksp,4.24
2ql7,6.26
2j79,5.96
2vzr,4.28
1nlj,9.8
3l59,3.7
3g2j,4.75
1gi1,5.47
3igg,7.18
3fl9,1.11
3g0d,8.3
2on6,6.76
2ewp,7.1
3iut,6.34
2ok1,6.26
1k27,9.0
2c3k,7.59
2fix,6.24
1uwf,6.82
3frg,8.4
2wxl,8.34
1vj9,7.55
3lq2,5.22
1kug,3.8
1pmu,6.23
1o3l,6.54
3jqg,4.74
1jje,8.43
1ni1,9.05
1h25,5.74
2qyn,6.24
2p7z,6.58
1tfz,8.15
3ful,3.7
1nxy,7.19
2pj5,7.82
3bel,7.85
2fyv,3.52
2r3l,7.0
1kwr,6.6
2qki,6.41
1o2s,5.47
3dd0,9.0
2x7d,6.7
3fzr,7.96
1wss,7.77
3d4l,7.49
2g1q,7.36
3hfb,7.52
2r9w,5.1
3dp1,5.0
3h6z,5.82
3hqz,9.38
1py5,7.29
3mf5,5.36
1uxb,2.15
1wbw,4.36
1v2t,4.71
3fxz,6.89
3el5,7.72
3l4u,7.52
1i90,8.89
3d8z,3.37
2w1c,8.0
1vsn,9.7
2j34,7.82
1hxk,3.4
2bpm,8.7
3hk1,6.17
1pxn,7.15
1xlz,6.02
2wd7,4.97
1u0h,6.96
2h4k,5.49
1g9t,3.28
1p1o,5.76
1ntk,10.49
3hig,7.89
2gg3,6.24
3esj,3.03
1zhk,4.45
1g5s,7.32
3ocg,8.52
2o5d,5.15
2g9v,5.92
2ew5,5.9
2cmf,7.55
2f81,10.52
2bt9,6.19
1xh9,7.77
3jrx,9.0
2wvz,4.02
2wf4,7.89
1h3c,6.51
2o64,6.47
2yxj,9.3
1veb,7.41
3ds0,4.83
3lnz,9.31
2kbr,4.6
3kgu,5.92
3cl2,7.59
3h0b,5.49
2vxj,4.17
3bu1,8.15
1o2v,5.85
2q6f,5.44
1i8z,8.9
2aia,5.41
3obu,4.3
1m0o,2.31
2oqi,8.49
3kga,7.21
1o6q,7.64
1xws,8.0
1lke,7.52
3efj,7.41
3bz3,8.82
3otq,7.39
3el1,9.64
1yon,4.21
2fxr,7.6
2zjf,7.72
3c6u,8.87
2c5n,6.66
1qxw,5.15
2j7g,7.0
2q88,5.8
2pv2,5.91
2vd7,5.38
3n7s,7.7
2qc6,7.0
2znt,9.3
2g9q,6.4
3e62,4.39
1ph0,6.92
1u2r,5.41
3ine,6.77
2iqg,8.3
3g08,8.16
1orw,7.6
3evf,6.77
3g90,6.36
1w5w,8.8
3my1,5.45
3kwb,7.77
3ldw,7.97
2rny,3.66
2qw1,3.9
2qta,5.76
1ie9,10.19
2uze,4.33
1ur9,5.77
3kqb,9.3
3otf,6.08
3iss,6.05
2i3i,7.3
2vu3,7.33
1jtq,8.07
3ewc,7.7
2qa8,6.0
2x9f,7.21
1w0y,6.42
2nqi,6.11
3n6k,6.74
2qzl,8.1
3kdu,6.46
3m5e,7.37
2ojj,8.7
2r3f,6.3
3ij1,4.7
2i4v,11.2
2vnm,8.52
3krw,7.38
1hk2,6.77
3ndm,7.96
1y6r,10.11
1px4,3.23
1ihy,3.74
1yq7,7.09
2fvd,8.52
1rrw,4.55
1rhu,8.52
3kgt,5.51
1wdq,1.98
2ohp,4.03
3hqw,7.46
2wnc,6.32
1udt,9.3
1o30,6.77
1o1s,7.31
3gcu,6.78
3hp5,7.15
3ekx,9.41
2cgv,4.56
1x8t,7.8
1o6i,3.19
3ma3,7.22
2axi,6.85
3juq,4.91
1mh5,9.21
2p8s,7.68
1s63,9.05
1pl0,8.22
1n7j,6.43
3g5d,7.96
2vxa,5.6
3ekw,7.96
3c72,4.64
3ipy,6.29
2wer,7.05
3p5o,7.26
2r05,5.15
1kkq,6.62
3kr0,4.7
1zaf,7.7
3nee,5.34
1hp5,6.55
3bu6,5.89
3db8,7.0
2ohl,3.05
1m2x,4.15
1h9l,3.12
3igp,7.02
3cjo,8.66
3ewh,7.16
3kvx,6.83
3fck,4.0
3ivh,7.33
1wn6,4.68
2q8z,5.68
2rkg,8.09
2wmw,6.41
2uz9,5.71
2ves,7.7
2hs2,8.31
3bgp,7.04
2aez,2.46
1ngw,7.68
2b52,8.1
2k0g,6.97
1nl9,5.96
3eeb,5.89
3g5k,9.52
1nc1,6.12
1tkx,7.54
2hb1,3.8
2c5o,5.19
3mkf,4.77
3hii,6.54
2py4,6.7
3oxc,8.41
3h89,7.64
2jke,4.23
3dow,4.94
2c9t,7.48
1pmx,5.14
1we2,4.36
3dx0,7.44
2r02,5.1
2x7u,5.27
1jak,5.57
3gfe,8.49
3f8w,4.08
1odj,4.1
2ien,9.0
2boh,8.52
3hku,8.3
1xud,8.1
2pqc,5.74
2vw1,3.52
1o4h,2.44
2qp8,8.1
1h0a,5.44
2kwn,5.13
2v11,8.52
3k3b,6.7
2qhm,6.18
3lok,6.92
2b7d,8.7
3gcv,7.13
2bzz,6.43
2j9a,5.89
2qoh,7.7
2vpo,5.42
3krl,9.1
3ex2,3.7
2b1q,1.59
2p0d,7.0
2e27,9.35
3bkl,6.17
2z3z,4.31
2y34,7.1
3eka,3.0
3bsc,4.48
3gpo,5.3
1h23,8.35
2gfk,4.52
3le8,6.07
3l7d,2.18
3d2t,7.12
1y0x,8.7
2iv9,4.34
2opb,8.74
2vtp,8.52
3br9,7.21
2za0,6.64
2gv7,7.85
2oo8,9.0
3kc0,7.92
1sbr,5.0
1ym1,6.24
1y3y,5.64
2amt,4.44
1kr3,5.0
2gde,8.24
3kqo,3.85
2w0s,3.3
1w13,8.7
2wib,4.93
1ugw,3.09
1mj7,8.35
2jfz,5.24
1p17,2.82
3gws,10.09
2ovx,8.7
1zoe,7.4
3lxs,8.1
1y2b,4.09
2z8e,8.0
3gi4,10.8
2fjm,6.85
2evm,6.16
1uwt,5.97
2jb5,9.22
2x8d,6.1
3c84,7.85
2vd1,6.86
3lfn,5.5
3bqc,5.73
1i41,4.57
1lxf,4.1
3ik3,8.7
3d8w,8.15
3fgc,3.92
1o0m,5.15
1v2r,3.55
2g63,8.17
3ery,5.66
2qry,8.64
2gtk,6.6
2isc,8.42
2f9u,7.39
1ec2,10.0
1v79,7.89
2xk4,4.77
2w6n,6.9
1d4i,8.85
1o2o,6.36
2e94,8.0
3gy3,5.63
3lzv,10.59
3lbl,7.44
1o3c,7.13
1h26,5.54
1o3b,7.13
3ijh,4.0
3nw3,6.49
1yp9,5.11
2ccs,5.7
2cgu,4.87
2xda,6.22
1gj7,7.89
2x95,4.95
2an5,5.68
3hit,8.19
1t13,7.38
3bgb,6.05
3hyf,5.92
2fs8,7.6
2o8h,7.6
2zcs,8.22
3iej,6.66
2h9t,4.7
1w7x,8.4
2aov,7.04
2fou,7.1
1g37,10.0
1ulg,4.21
1los,7.19
3hv5,7.02
2hzi,7.15
1iwq,8.06
2ewb,6.1
3iad,9.0
1y3w,5.77
2nw4,8.68
2iu0,6.89
2jjk,8.05
2wlz,4.6
2gh9,6.0
1w22,6.76
3l7c,2.44
2bub,7.05
2pgl,3.59
1x7r,8.05
1syh,6.41
2aoj,4.66
3k54,9.0
1xp1,9.3
2w3k,10.1
2fq6,7.1
3gc4,7.6
2fqw,6.68
2wxf,6.74
3jzr,7.44
2fr3,8.7
1ze8,7.68
3nam,8.46
2wtw,8.19
2bmc,7.57
2xcn,6.92
2bv4,3.22
1wvc,4.46
2f18,4.1
1mfg,4.3
2or4,5.02
2i6a,9.05
3ixg,7.57
3hxc,5.28
1lb6,4.08
2hoc,9.52
2wjg,7.1
3hx3,8.0
3g6m,1.71
3djf,6.1
1n51,4.85
2r3k,7.0
2gbi,8.52
3d9k,4.72
3bh8,7.95
2pjc,8.72
1oi9,7.16
2i0y,7.62
1pxi,4.77
1o46,8.0
3b5r,8.77
3iae,3.89
2vot,7.14
3kcf,7.46
2hr6,4.82
3djp,4.2
3hl8,4.49
3gjq,5.33
3gfw,7.57
1v1m,3.94
3nyn,6.0
2uy3,3.22
1kz8,6.08
2pmn,5.2
3g4l,8.24
2g19,5.85
2uw8,4.11
3f2a,7.24
2brg,5.21
2azc,6.74
3lp1,6.92
1g3f,6.37
3jq9,6.4
2f6y,3.87
1n3z,4.2
1nl4,9.41
2piy,7.7
2vqt,6.0
1mxu,5.4
3h0e,8.15
3gm0,7.77
2xkf,6.06
2g24,5.4
3ck7,4.05
2igw,1.31
2adu,7.74
3drp,9.7
2ewa,7.94
2w7x,7.62
3e7o,6.92
2c1p,5.4
2r7g,6.05
3ob1,5.42
2pjb,7.72
3anr,6.46
2pgj,3.59
2uw5,7.51
3cs8,5.77
2zx5,12.33
3lle,4.97
3ime,3.0
2rcw,8.1
2cma,6.73
1g05,8.51
1oh4,3.74
3hv4,6.51
2w0j,6.62
2vev,6.52
2uzn,7.52
1r5y,6.46
1gj5,4.96
1n7m,5.71
3ggw,5.54
1w4p,4.74
1gj8,6.96
2ity,7.27
1k1i,6.58
1umw,6.55
2va5,4.07
2cbu,5.68
3et7,7.77
1q41,7.66
2g5t,9.09
3kej,7.12
2p9a,5.18
2vc7,3.36
3g4g,9.04
3hkn,5.35
3mjl,2.44
1v1k,4.46
1lv8,5.46
2vvo,2.2
1r5h,6.74
1ow4,5.68
1xdg,7.3
3kjq,5.88
1i5r,8.52
3kec,7.24
3el0,7.47
1xo2,6.07
3lfs,5.6
2wev,8.0
3ejq,8.57
1y91,7.23
3mpm,7.52
1hy7,5.39
1yw2,6.85
3k99,7.22
2zmd,7.01
1hkk,7.4
2w8y,9.09
3gn7,8.3
2cf8,8.1
3n3g,7.24
1s39,7.7
3ds9,7.39
1xp0,9.0
2iiv,8.18
2r3i,6.0
1w5v,8.15
1nfu,7.74
3ck8,3.84
1n5r,5.66
3dcw,9.0
3oxz,8.07
2cf9,7.82
2hob,5.72
3k8d,5.77
3f5j,4.28
3ccn,6.92
1jn2,4.09
2kff,3.61
1ntv,5.82
2clv,7.88
3caj,8.1
2wl0,7.8
1ro6,6.46
3ahn,7.05
3fqs,7.39
3kr5,7.89
1iep,7.0
2qcg,4.0
1jr1,8.22
2zz1,4.54
2cnh,7.23
3hky,7.1
1xog,6.39
1uh1,5.48
3ctt,6.35
1k1l,6.9
2xuf,14.39
2q63,7.18
1ysg,3.52
3h8c,7.72
2a3b,3.33
3anq,6.74
2p7g,6.53
1x81,9.19
2pk5,10.7
2etk,6.82
2uxz,8.48
2jjb,7.92
3nzc,7.02
1r5v,4.48
3cso,5.77
1v2q,4.13
3iw6,5.48
2glp,5.01
1esz,6.52
2ff1,8.21
1syo,9.0
1inq,6.27
1pzp,3.31
2qtb,8.32
3lzs,10.96
2emt,6.7
3exh,4.88
2gnj,5.22
2w1e,7.92
3k5f,5.43
1ynd,8.44
2bdy,7.77
3evc,6.91
3cl0,7.07
2viq,5.89
1nde,7.82
3l3m,8.22
3f3v,7.14
2duv,7.06
1oz0,7.7
2va7,6.7
3m1s,9.0
2pl0,7.21
2vc9,8.44
1tft,8.3
3l8v,8.1
1xoe,7.39
3cfs,5.96
3eju,6.6
2w26,9.4
3ig7,7.2
3lxg,8.14
2xei,10.62
3lk0,3.16
1xh3,5.51
2afw,4.77
1jlr,3.33
1oq5,7.68
3k7f,7.7
3ivi,7.92
1rww,8.3
2r4f,8.82
2vtj,5.72
3kck,9.1
1zgv,6.0
2obf,8.85
2p2a,6.12
3fty,3.21
2nxl,6.27
2gg2,6.6
1guw,5.72
1xd0,7.12
3gwu,4.71
2l1r,3.57
3i6m,6.46
3mhw,2.3
2c5y,6.6
2ow1,9.0
3fv8,6.8
3hxd,5.05
2c90,3.48
3fh8,6.74
2xf0,4.52
2gnh,6.83
2bvr,3.7
2we3,4.43
1sqa,9.21
3kbz,6.91
2q93,6.25
2eh8,7.96
1oko,4.54
3oe8,8.14
2nnq,8.7
2j95,8.4
2aqu,9.32
2wyg,8.7
2ww0,5.3
3i06,9.7
1ong,8.05
2ooh,5.89
2igy,6.95
1mqh,6.52
2be2,8.7
2b7a,9.0
1k1n,6.82
3lpu,5.86
3d6o,4.11
1gww,3.59
3iwy,7.28
3d6q,3.76
2vwx,7.4
2b1i,6.82
2j3q,6.15
3mo8,3.1
3eor,1.4
1rek,6.7
2c4f,7.7
2kfg,2.92
3hy9,7.77
3hrf,4.99
2q2c,6.38
1h9z,5.42
2ghg,8.82
3km4,8.89
2qrg,5.18
2oaz,8.7
2vnt,8.0
3fr2,6.23
3inh,7.7
2p2i,7.42
2wm0,4.52
1uvr,6.0
1pxm,7.22
2vo5,4.89
3dpo,8.26
2j83,4.21
3b50,7.55
3fxw,5.96
2pzi,6.1
2xab,9.27
3ffg,9.08
2bvs,4.1
2ewy,6.15
2i19,7.8
3lpf,6.68
3o88,6.37
3ftw,2.78
1yqy,7.62
2uzb,6.92
1g7q,6.06
2bq6,10.15
3fum,3.77
2wyn,5.55
2zx8,9.64
2zdm,6.41
3dbu,8.06
2znu,8.11
2qu2,5.43
2h96,6.64
3ghe,5.89
1xh8,5.77
1y2g,4.08
2vts,7.52
3okc,4.44
2fci,7.15
3h0a,7.48
3f6e,2.38
2op9,5.66
2q8g,7.06
1z4u,7.15
2r2l,9.0
3dxm,6.0
1ove,9.13
3bwf,9.7
3bu8,6.92
1ke7,8.05
3ckb,2.98
3hnz,7.72
2obo,7.24
2uxi,7.3
3fqk,7.15
2vk6,5.3
1o2x,5.85
1o2p,4.85
2w6q,4.6
2koh,5.22
3fu5,4.12
1w8m,1.6
3juo,5.07
2i4d,11.68
2eg8,4.5
2uyi,6.32
1tl1,6.42
1juj,6.96
3fee,6.64
2fgu,9.18
3egt,8.9
2r38,7.44
3dp2,5.82
2gnf,5.22
3d5m,8.0
2xbx,7.82
1h3b,6.85
3abu,5.62
2r9s,6.82
2itt,8.77
1wdy,7.89
1t46,6.43
2i4t,9.0
3eqr,8.7
3el7,6.32
3mpt,6.6
1gi4,7.19
1yvx,5.1
2hwp,7.14
1ros,8.77
1yrs,6.35
2x52,4.24
2d1x,5.1
2waj,6.4
3ion,8.1
2q96,5.92
2zb1,6.32
3d0e,8.4
1o4i,2.64
3g2z,2.36
2c1b,6.4
1ec1,8.92
3fal,6.78
3nnw,8.05
2vpn,6.72
3k3h,7.06
1np0,3.57
1q8t,4.76
1nhw,4.84
1svg,8.7
2bmz,3.7
1p4u,5.3
2wtx,2.89
3h21,4.7
1y2e,6.8
2pym,6.82
3ii5,7.62
1okx,6.8
2fo4,7.22
2b55,7.02
1o6h,6.73
1y1m,1.82
3k8o,11.07
3gur,8.0
2c9d,6.32
3okh,5.24
2uwo,8.7
2g78,6.92
2hf8,5.47
3ehn,1.92
1tt1,8.15
1g9c,5.3
1yt9,8.3
1g9s,3.61
3c4e,4.0
3ft5,4.82
1gpn,6.48
3i28,8.22
2qlj,5.36
1w1y,2.62
2a3x,6.92
1u71,7.48
2w47,4.98
1kl3,5.86
1nqc,7.3
1d4j,8.36
3bbf,5.28
3jzi,5.3
2jdn,5.56
3ot8,8.05
3mbl,7.74
2ri9,3.22
2ce9,6.03
3gv9,2.12
1if7,10.52
1pu7,3.1
3dvp,5.0
2i0d,12.1
2fys,4.36
1r2b,4.94
3il5,5.8
3bmo,5.27
2vwo,7.51
1zz3,6.54
2vtd,4.07
1ogd,3.03
1g2o,10.55
2x39,8.66
2bak,7.43
2qzr,7.26
3hs8,5.3
1o34,5.74
1vj5,6.92
3lpp,6.22
3m35,7.22
1y2a,7.34
3gbe,5.0
3kqw,4.01
3oqf,7.04
2ea4,7.34
2ban,9.0
1oeb,6.93
2bz8,5.6
2vj9,6.74
2g96,4.28
3f7h,7.09
2bgn,5.7
3nww,8.15
1zeo,6.68
2qu3,6.23
2j94,6.27
2o9i,7.4
1o47,8.4
3h8b,6.29
1y0l,9.0
3mfv,2.52
3faa,8.15
2g9r,6.08
1oe0,5.16
2pqz,5.67
3mkn,4.12
3hb4,9.05
1xnz,6.62
2vaq,8.52
1xa5,6.5
3ob2,4.59
2wap,6.64
1g2k,7.96
1o2y,5.85
1y98,5.43
2jko,8.11
2j75,6.65
3lnj,6.66
3ads,5.01
2zas,7.86
2chz,7.8
2a3a,2.82
2f5t,5.17
1rdt,6.7
2wfj,7.15
3fzn,4.01
1gx0,4.22
1nms,6.7
2zu4,7.42
2hw2,2.97
2zyb,7.7
3ckp,6.35
1g35,8.14
2xp2,9.0
1gcz,5.13
3f8s,7.89
2i3h,7.4
3dkf,8.57
2qq7,5.24
1my2,7.77
3msk,4.59
3hzm,5.52
1n9a,8.66
3heg,6.74
3btc,5.75
2cn8,5.46
2bb7,5.67
3p1d,2.64
1f8e,4.82
1k1m,7.4
2qzk,7.57
1gi9,5.22
1tfq,7.92
1o49,6.36
1r78,8.52
3mb7,6.7
1f0q,6.0
2w10,6.77
2r3m,8.0
2qcd,3.4
2xc0,6.72
2gg5,6.6
2jh6,7.77
3hl5,4.47
2fx7,7.7
3koo,7.82
1lhw,9.08
3g3d,4.74
3oy3,7.45
1w5y,8.48
1mrx,7.26
2cc7,8.01
1xon,10.68
2gkl,5.35
3elj,5.3
2ohr,4.0
3c6t,8.68
3bm9,6.72
2bq7,7.05
2q2z,8.7
3ff6,7.15
3ehw,4.82
1s17,8.3
3i4b,8.15
1ymx,4.85
1q84,11.05
1zs0,6.15
1owe,6.2
1w1t,2.96
3eql,5.3
1zhy,6.52
1r1j,8.64
1ke3,6.7
3ixj,9.49
2xb9,6.77
2g70,7.77
3ly2,8.3
3mb6,7.0
3iu7,4.8
3k4q,5.34
1mui,11.89
1y3p,4.82
3jzo,8.52
3m36,9.82
1h61,4.89
1ryf,8.8
2zu3,6.1
1ke6,8.24
2fum,6.1
1wok,7.48
1oiy,7.19
3nht,7.01
2x96,4.03
2aow,7.42
3cth,6.96
2xag,4.55
2oxx,6.7
2v58,9.09
3i6c,4.92
2bj4,4.47
2qtn,3.42
3fi3,7.92
3f07,5.54
3d1v,3.49
2wzs,3.85
2w67,4.96
3oki,7.15
3eq7,9.09
2dwx,3.74
2f10,3.48
2clo,4.06
1uu3,6.12
3clp,3.69
1p57,4.4
1kzn,8.92
3g3m,5.96
1jiz,8.7
1lxh,7.19
2qh6,6.0
3h06,3.53
2fl6,7.42
3d50,4.77
2fqx,7.15
2ow9,7.52
2hvx,7.54
2g01,5.91
2idw,8.89
2xd6,6.19
1pun,7.28
3g0b,8.15
3krr,9.32
2nyr,4.66
1nhx,5.68
2qtg,5.08
2vcw,3.05
3hzk,6.7
2hvc,8.82
2o4n,7.82
2pks,4.96
2kfh,2.62
3d25,7.66
1gwv,2.57
1l0a,4.62
3cph,6.48
2g83,5.92
1gi8,5.05
2hqu,5.14
3eft,7.92
2g0g,6.29
3ecn,3.16
2hxl,7.92
2wbd,6.64
2oxn,7.44
3hq5,7.8
1o2z,6.11
1jh1,4.39
1vyz,6.54
2zlg,5.59
2fl5,8.74
2w8j,2.96
3ljg,7.73
3f7b,7.19
2w6m,4.67
1nli,3.59
2fs9,8.52
3lik,8.72
2fpz,3.96
3mxs,5.01
1n7t,6.82
2f34,6.89
1ym4,7.41
2zva,7.96
1xap,8.7
2vmf,5.85
1zyj,5.82
3o8g,5.13
1njs,7.82
3kr1,5.74
2ajb,5.5
2jk9,6.82
2xaj,3.77
1z3t,3.94
1xmu,9.08
3g72,9.1
3m17,7.4
2xke,5.38
2qhc,8.96
1x70,7.74
1e72,3.22
1xhy,6.18
3fz1,7.92
1mqg,6.28
3e51,7.85
1pwq,4.96
3ccw,7.87
1xor,6.41
3oka,4.72
1kuk,3.91
2qk5,8.1
3jzf,5.3
2esm,6.28
2f8i,7.26
3iok,7.96
1uz1,6.89
3dla,3.46
1l2z,3.69
3eoc,6.64
2c8x,6.66
2fjp,8.37
1uu8,5.05
2e2r,8.26
1onz,5.1
2o9r,1.68
2c8y,4.0
2ci9,7.22
2ivu,6.43
2q5k,11.3
2gvz,6.89
3g4k,6.54
1j19,7.79
3fkt,5.55
1o7o,4.49
2x6k,5.64
3gxt,4.74
3e63,5.8
3h85,5.22
1w2g,4.57
2uy0,6.92
3gvu,8.0
3egk,4.66
2qln,5.43
3ocb,8.3
2bok,6.55
2v0n,6.3
3ds4,4.19
1gjc,6.35
2piz,6.77
1zc9,3.22
2bdj,9.35
2qhy,7.48
3da9,5.51
3coh,8.4
2zda,8.4
2h02,6.49
1zkk,4.48
2e92,6.89
3i6z,7.3
2psj,7.7
2ozr,9.17
1o0d,8.21
3hwx,7.86
2f7o,7.44
1h1r,5.64
1v0m,5.1
3gsm,6.48
2bdl,7.82
2pwg,4.82
2cet,8.02
2pwc,6.57
3b78,4.1
3dt1,8.62
3fur,8.0
1f9g,1.28
3hcm,3.3
1xp9,8.89
3fv7,5.64
3fr4,6.19
3hkw,8.64
2gg7,5.76
3fnm,4.71
1ykr,6.25
3dng,8.13
2wj1,8.72
3hb8,5.12
1kdk,9.05
1o4k,2.92
3new,5.0
2h2d,5.37
1kf6,6.7
3hl7,7.64
1pus,7.28
2ph8,5.74
2pe1,8.3
2q92,5.96
3lnk,5.94
1nu8,5.42
2fjn,7.41
1l5q,3.97
1y20,5.32
2gz8,5.52
2iw8,6.99
2qn2,4.55
1o42,8.05
1nq0,10.32
3msl,5.15
2w2i,6.04
1s9v,4.0
1ouk,9.89
3hnb,5.11
2khh,6.56
2pem,3.64
1oar,7.4
1zkl,5.09
3oe0,8.6
3g8i,7.42
3buo,6.06
2j2u,7.33
2viy,5.74
1gui,6.28
3mo5,6.87
2wzm,5.22
1g2a,8.0
3e92,8.0
2p94,9.17
3le6,7.46
2r3t,5.85
2wj2,8.33
1m5e,7.7
1ec0,8.49
2r8q,3.24
1h07,5.52
3l0n,2.77
1t2v,6.4
3nkx,5.12
2a2x,7.69
1rhr,8.1
3db6,6.14
3idp,8.8
2h5a,5.1
2r2m,7.33
2cng,6.96
3i97,5.52
2qrq,5.1
3fv2,8.11
3kry,10.0
1hkj,8.59
2ate,7.07
2w06,7.08
2giu,8.82
2wti,7.04
2pj2,7.92
3krx,7.38
1lrt,5.64
2g72,6.5
1ugx,5.91
3f69,6.0
3k4d,5.11
3mke,5.66
2gni,5.64
2f7i,7.1
2gv2,8.3
2bro,5.85
1ype,8.1
1nyy,4.68
3kid,3.18
3gcs,7.25
3i5r,4.4
3cd8,8.05
1jp5,9.22
2k2g,8.12
2c5x,6.6
3i7c,7.74
1j01,6.47
3dei,7.4
3k5g,8.6
1o5b,5.77
2xc4,8.05
3bar,5.7
1it6,8.39
3dp9,9.68
1uho,9.22
3bmq,5.49
2zn7,7.89
1oyq,6.96
2qk8,7.91
3hv6,5.64
2qbs,6.68
1g30,6.85
1w4o,5.22
1rmz,8.0
1z6d,2.34
2vr0,4.42
3dsz,7.77
3g34,2.96
3h0j,6.49
1o2j,6.92
2qyl,6.19
3dnd,4.8
3ee2,4.19
1zpc,6.6
2ito,6.91
3ckt,6.32
1u9x,8.15
1o38,6.82
3e6y,5.6
2hdu,2.3
1m21,6.52
2fm2,8.15
1nm6,10.05
3g2l,3.87
1nnu,6.82
2qmd,8.3
1uyc,4.39
3el4,7.17
1xom,7.96
3g42,6.85
2xk8,5.62
3oot,8.7
2cm8,5.87
3ddu,7.4
1owk,7.63
2ovz,7.89
3ivq,4.12
1iau,7.1
2x4o,4.77
2zdt,8.02
2anm,8.74
3p8h,5.3
3e7a,10.0
2c3i,7.6
2wcx,7.6
1ms6,9.52
3oyp,8.7
1kmv,6.95
2f9b,6.52
1z4n,4.52
1m7i,5.4
2rib,2.82
2fx9,7.77
1uyf,4.52
2oph,7.8
2ccc,7.76
3cgy,3.15
3g32,3.71
1h79,4.89
1i48,5.7
1pf7,10.14
2oi9,5.7
2vwl,7.02
2w85,5.04
3juk,4.89
3ggu,9.77
2o4r,9.4
2fsv,4.6
1wcc,3.46
3ekn,8.4
2vwz,6.1
2ceq,7.28
1is0,7.0
2qbx,5.22
3emg,8.05
3fxb,5.85
2j2i,6.7
1uy9,4.82
1v2o,4.73
2ogy,4.48
3jzp,6.6
1t1s,5.15
3is9,6.42
2fle,7.85
2bge,2.8
2i6b,7.17
1x1z,11.06
1vyq,5.3
1k4g,5.85
3arn,5.41
2exm,4.11
1pi5,7.77
1rsi,4.42
3kad,5.12
3bcs,5.21
2hz0,6.48
1xoq,9.17
1ndv,5.92
1yc5,3.0
3cf9,4.83
3h5u,8.52
2ceo,10.0
2xht,5.96
1jyq,8.7
2nn8,3.59
1o3j,6.77
2ogz,7.08
3kmy,4.49
1o37,6.82
3d91,9.15
2wzf,7.0
2oym,5.0
3nyx,7.49
1gj4,4.07
3itu,4.4
1kv2,10.0
3pup,8.22
2psu,7.62
3ljo,6.62
1xpc,8.77
3d6p,3.75
1fd0,8.4
2byp,9.06
1k9q,3.15
2p4s,9.51
1sw1,7.3
2v3e,6.52
1n3i,8.89
3oe9,8.18
2p33,7.24
2r9m,8.82
3ips,7.19
3cr4,4.28
2p3o,2.77
2boj,5.77
3daj,5.54
1iiq,7.48
3ejp,8.55
2fvc,7.49
1pbq,6.27
2fes,9.01
1mkd,6.8
2wyf,4.43
3be2,8.7
3my5,4.19
2p15,10.3
3nes,5.62
2zv2,6.3
1r0p,8.0
3kdt,6.59
3ika,7.85
1ndw,5.23
2c6o,8.22
3nsq,5.21
3bl1,5.6
1lor,11.06
3ccc,8.1
2b1z,7.1
1w76,6.15
1ols,5.82
1lhv,8.91
2oah,7.96
1lvu,5.32
1h36,7.74
2a4r,7.82
3lpk,9.1
2p83,7.96
1g2l,7.24
1uyg,4.27
1uy8,4.12
2rm0,4.03
2rd6,8.3
3nc9,6.48
1pr1,5.3
2r1y,4.51
2v5x,6.66
2cen,8.3
1i33,4.12
1w51,6.3
3l3a,6.38
2w7y,6.08
2vcx,7.68
3iw7,5.64
1xur,5.18
3hf6,7.59
2ccb,7.45
3l08,10.22
1fvv,8.0
2r2b,4.2
3bi1,9.92
3hqy,7.94
1sz0,9.0
3ckz,8.72
3i7b,7.18
3hyg,7.03
1ywi,3.43
2arm,7.68
2xdk,3.6
3hy5,7.7
1om9,4.15
2c0o,5.91
2vd0,4.94
3pty,5.44
2j4a,10.6
2wk2,6.82
1tq4,6.19
2qu6,8.52
3cp9,7.32
2jup,3.81
2i47,8.66
1xzx,10.22
2b1r,1.0
1vja,7.7
2cn0,7.66
1q6s,7.92
3i25,8.51
1q66,5.77
3eyg,8.8
3g0g,8.3
2x2c,7.72
2uxu,4.74
1k1j,7.55
3fh7,7.6
1rwx,7.37
1f92,6.19
1rs2,4.3
1lqe,5.82
2ez5,5.52
1yy6,6.07
3bvb,5.49
2xh5,7.57
1n4m,6.72
2zq1,6.62
1if8,9.64
3phe,7.8
1v2h,5.3
2h4g,6.52
2jkp,4.23
1z95,7.12
1tr7,6.82
1vjb,7.89
1zrz,5.24
2o0u,5.49
1tg5,7.92
2i4z,5.7
2bys,9.52
2qn1,4.77
3h1x,5.89
3ex6,3.66
2k4i,3.84
1i7i,6.7
2bkz,8.15
1nhg,7.3
3g30,2.51
2p59,7.3
2pvj,8.1
1klg,7.89
2pvh,6.59
2p95,9.37
3oap,6.26
3hmm,7.6
2fie,5.46
1unh,7.0
2g97,6.82
3ogm,7.32
2zoq,6.05
2xbv,8.43
2psv,7.24
2o3p,5.96
3k5u,6.51
3mj1,7.82
3fhe,8.6
3kwz,8.4
2pvn,9.46
3l4v,6.72
1owi,7.55
3bl9,7.18
2wxn,7.68
2pix,4.3
3eg6,5.77
2flu,7.7
1v0n,7.55
2xup,12.39
1j7z,7.7
2v8w,6.82
1u1b,7.8
3f8c,7.68
1km3,4.91
3eyf,7.03
1ksn,9.4
3e64,7.11
3njy,5.77
1qy1,6.52
2x6d,7.92
2hfp,8.52
2j4q,4.46
2brh,4.64
2go4,5.15
2qi0,7.38
2bfq,6.89
3c2f,2.0
2vi5,3.96
1yvz,5.36
2c9b,5.54
1phw,3.3
3a2c,6.9
3fuj,3.63
1wdr,2.52
2g8r,3.99
1u3q,8.46
2is0,6.7
3d32,6.45
3kf7,7.4
3lxe,6.6
2jo9,4.28
2qcn,5.0
3mdz,9.1
3l3l,7.48
1m5f,7.83
2zz2,4.54
1uv5,8.3
3bcn,7.12
1utc,4.55
2h44,5.77
2w78,8.57
3l0k,4.62
3lil,8.08
3iod,4.1
3h22,5.1
2pfy,6.52
1urg,5.82
1pq6,8.1
1w6j,8.19
1yyr,6.29
3oz1,8.7
3fql,7.15
3m2w,8.52
3i60,8.7
2wky,8.59
1u65,7.58
2vfz,3.61
3okp,4.72
3d20,8.3
2zg1,2.1
1w6y,5.36
1o3d,7.13
2bxt,8.52
3jya,6.89
3oaw,8.15
3cen,8.26
1zhl,5.0
3of8,9.22
1g6s,5.15
3kyr,6.72
1u6q,5.88
1y6b,7.42
3cfn,5.0
1klu,7.6
1mwt,1.88
2jkh,8.05
1you,9.06
2xhm,6.8
2jdl,9.43
3b65,9.27
3nsn,7.19
1v16,3.87
3m3e,4.43
2hl4,7.64
3bzf,4.52
3kai,5.41
3gzn,8.0
2azb,7.19
3fl5,7.28
1wun,7.21
2i4u,11.57
2b17,6.21
2v5a,6.82
2vcb,5.26
3cm2,6.47
1t49,4.66
1o45,9.6
2b53,6.22
3g2y,2.0
2c4g,5.94
1fsw,6.49
2ihq,8.49
3l79,2.46
1xxe,5.41
3ej1,6.92
3dcv,8.52
3k8q,11.28
1v2p,4.73
2r3p,6.05
2q9m,7.21
3bkk,6.08
2q9n,6.37
1i6v,5.0
3kaf,6.08
1jzs,6.6
3l17,8.28
2xfi,7.82
2rqu,4.63
2w1f,8.23
3ewz,4.1
2gj5,8.32
3bi6,7.82
2w71,6.48
2bve,3.67
2wca,5.6
1pxj,4.89
2wd3,7.07
2weq,5.9
1zh7,6.3
1xpz,7.08
3ebo,4.72
2ad5,3.96
1e66,9.89
1jq9,8.45
2w3i,10.0
2x7x,5.7
2a3w,5.42
1o3h,7.3
3g2k,4.79
3d94,6.8
1rr6,10.25
1pqc,7.0
3o8p,6.46
3jsi,8.68
1yc4,6.55
2oz2,5.71
2k3w,5.24
2qmg,9.15
1tve,5.68
2hs1,8.48
2w0d,8.7
2vwv,4.8
2oyl,6.3
1q4l,7.4
3bv9,5.36
2wcg,6.38
1w80,4.54
3kfn,4.74
1oqp,7.3
3h59,7.89
1zgi,5.34
3cdb,7.02
3h5s,8.3
2vx1,6.66
2zmm,7.6
1fzm,7.7
1zea,5.22
2ojf,6.96
2p16,10.1
2oj9,6.41
2xde,5.47
3dct,6.95
3iu9,6.62
3l16,7.48
3hhm,7.92
1oim,5.32
3iit,8.02
1kav,5.82
1h27,5.6
3gtc,2.35
3eml,8.74
1lq2,8.77
2hb3,11.35
2byh,6.59
1idg,7.19
2flh,3.97
2xto,6.2
1f90,7.92
3jq7,5.92
2vuk,3.9
3h9f,7.92
1w6r,6.15
2q2y,8.8
3oyn,7.6
3jzq,6.96
3d14,7.66
3cpj,4.72
2wyi,4.74
1ofz,4.62
1vso,4.72
2a4g,7.18
1ybg,4.8
3ewu,4.62
3exe,6.96
3gr2,2.52
1kjr,6.06
1ogx,6.09
2x6e,7.82
3oy8,3.66
2vsl,8.4
1x0n,7.7
1gvk,3.05
3aau,5.05
3btl,5.96
3hp9,4.59
3kx1,7.0
2kaw,4.97
3ge7,8.7
3iw8,4.87
2irz,7.92
3fi2,7.6
1o2n,6.09
3gbb,6.9
2hog,9.52
1g3m,10.0
3coj,5.28
1kfy,5.28
2r2w,4.47
3mvl,7.89
1oiq,5.54
1d4h,10.0
2f14,9.19
3ncg,6.82
2jqi,5.0
2j4z,7.19
3kdc,9.28
3hv8,6.98
2bts,7.7
3kfa,7.6
3b68,8.4
1rs4,7.17
1gvu,9.0
3fcb,5.31
1j07,7.68
1xh6,7.32
2g8n,7.2
1m5b,8.01
2f7p,6.6
2zu5,7.0
1ukh,6.38
3d9l,4.17
2b7f,7.3
2rgp,7.52
1m7y,10.96
1gu3,4.32
2v59,7.74
3dxg,2.4
2wc4,5.29
1h00,4.42
2qlq,6.63
3a29,7.89
3lm1,4.7
3mhl,7.25
3d83,8.36
2x2l,5.28
2bxu,7.15
1h5u,6.75
2f9k,7.07
3ga5,5.49
2w8w,2.12
2xng,7.22
3b67,8.85
2q11,6.05
3dkg,5.0
1nfy,8.89
1y6q,11.7
2z5s,5.66
2oqv,8.4
3k5c,7.77
1tow,6.24
3buh,3.66
1w8l,0.49
2wtv,8.74
3dyo,2.3
2w6c,8.41
3gba,9.07
1xm4,10.39
1yqj,8.14
3ljt,6.89
3ig1,6.14
1uym,6.0
1q6t,8.3
2qi6,10.57
2cm7,6.68
2x09,3.76
1ztq,8.89
2pv1,7.14
3agm,9.09
2ank,7.33
1kmy,5.1
3d1z,8.8
2rku,8.3
3d4z,4.89
2hwo,6.9
1uml,7.52
1jj9,5.77
2aei,7.07
3lkh,6.1
2cgw,4.76
1o3e,7.96
2j6m,7.96
1riw,7.55
1jqy,4.92
1td7,4.37
2o9v,3.54
3hdz,7.29
1h6h,5.3
3fea,7.44
1mq5,9.0
2d06,4.08
1fo3,6.7
3e85,5.38
3l4y,7.0
3kmc,6.4
2o22,7.17
2rcx,9.0
3ipq,7.57
1pmv,6.82
2i4j,6.16
3a1t,4.83
2qd9,7.89
1zkn,4.51
3du8,6.84
2wpa,8.1
2jdm,5.4
3fzy,6.74
3ctr,5.16
3hc8,8.54
3b9g,4.72
3kah,6.59
2iwu,5.92
1nvs,7.82
2xkd,5.64
2boi,4.32
2xdx,6.46
2itz,8.59
2qg2,5.4
1z9y,7.19
1os0,6.03
2bqv,8.05
3d7k,4.6
1xh4,7.47
1qy2,5.74
2brc,5.05
2zit,4.46
3mvj,5.49
3ls4,6.3
2r6n,9.0
1hk5,5.24
1jn4,4.95
1li6,3.8
1nzv,6.4
3hzy,7.0
2wfg,4.42
1yk7,7.72
3hhk,8.22
3n1v,3.3
2r9b,6.57
1eb1,10.43
2zbk,5.7
2il2,7.1
3f5p,6.85
2vvc,8.52
3gjt,6.77
1mqj,5.32
1w4l,8.4
2uxx,3.3
3lc3,5.23
1w2h,5.0
2qpj,6.35
1me4,6.84
3mfw,3.52
3dx3,6.52
3oag,9.51
2oag,8.47
2c3l,5.07
3l58,8.1
2vci,7.68
1udu,9.05
2e7l,7.54
2oxd,6.82
1npv,8.24
2dxs,7.34
3hvc,6.22
2jkm,7.75
1ebw,9.05
1joc,4.62
2i5f,5.12
2jbl,5.89
3mnu,7.32
2zwz,7.79
3cm7,6.57
1x8r,6.12
1h24,6.3
2xk6,5.8
2vwn,8.0
2bz6,7.09
2i0a,11.4
3doz,5.7
2cnf,6.62
1pzj,3.49
3c7q,7.68
3lir,6.92
3g2n,4.09
3lgp,8.7
1i5d,8.0
3cj5,6.34
3lxk,9.8
2pvl,7.62
1o2w,5.85
3e8r,9.74
3hvg,2.7
3cgf,6.57
1w1d,6.52
3ffu,6.44
3l5e,7.57
3bmy,7.52
2rnx,3.4
1tkt,6.15
3kl6,8.46
3m37,9.04
3ouh,7.1
3h1z,4.66
2aq9,7.3
1wxz,8.07
1x8b,7.01
2iw6,6.85
3nzu,8.85
3ehx,7.6
2ria,2.57
2wo8,6.28
2p99,5.94
2xbw,8.0
2uzo,4.57
1tl3,6.2
1v0p,6.89
1eub,8.72
1ft4,6.57
2pq9,8.11
3g1m,6.3
2vtn,6.07
3ebi,7.1
2pj1,8.01
3eax,4.92
2wgj,8.7
2qcf,3.49
2hdq,1.4
1jut,7.32
2f3e,6.81
1z6p,6.05
3f88,8.64
2gek,7.52
2oyk,5.3
1t48,3.46
3bl7,8.4
2bu5,7.78
3a1s,4.83
2vd4,4.74
2rfy,5.22
3ilq,5.21
1l2s,4.59
3bh9,6.93
2b9a,8.05
2pre,6.65
1gi6,6.22
3ftq,5.33
2q38,5.23
3b2w,9.22
3afk,3.6
2ath,6.82
3g58,9.28
1olu,4.41
1uyh,4.84
2i4p,5.7
2vte,3.91
3eky,9.64
3jvs,6.54
2vf6,8.52
2q8i,3.4
2wqb,6.27
3ed0,6.35
3ies,9.92
2bdf,7.17
2oz7,7.85
2w68,4.74
2cmb,7.19
3mwu,8.05
1fo2,4.7
3a2o,9.08
3lhj,9.51
2pbw,8.25
1xz8,4.52
2cbj,8.27
1o36,5.96
3kb3,6.82
2fkf,2.92
1lqf,8.3
1jt1,3.4
3f3u,4.74
3h0s,6.2
3b8q,9.3
3g45,8.36
3d0b,6.54
3lxl,8.3
1t4e,7.1
1n0t,4.91
1no6,4.41
1owh,7.4
3mww,7.24
2cbv,5.48
2zxd,5.22
3l0e,8.0
1e6q,3.15
3cjf,8.2
3hec,4.47
2aa9,2.92
2zx6,10.6
2qfo,4.7
2x9e,6.74
3k41,0.82
2zx7,10.49
1zxc,8.1
3eyl,6.6
3kqe,8.09
1pye,6.41
2r0h,3.51
1wbg,3.0
1rt9,10.25
2ofu,9.0
1ghy,8.1
3mxd,8.83
2vey,7.37
2r3w,6.89
3kwj,9.3
3cyy,4.77
2x8z,7.96
2qnq,6.11
3iux,7.6
2wf2,7.59
3n51,7.82
2e93,6.96
1lgt,6.1
3m1k,5.39
2q3z,7.22
2zy1,7.4
3gta,4.28
2zjw,7.7
2w6p,6.48
1ec3,9.04
2euk,6.6
1lnm,8.7
2who,7.7
1eby,9.7
2ggu,3.03
3l5r,7.42
2aoh,4.44
3fyz,5.8
3g86,8.3
3dxh,3.19
3gcp,7.82
2br6,2.96
1syi,5.44
3d4q,10.52
2ftd,10.39
1j80,6.52
2v00,3.66
3kpv,3.74
2qbp,8.4
3kw9,9.0
2p93,8.82
1yz3,8.81
2onz,8.89
1xlx,7.6
2gz7,6.52
1gjb,6.35
1ya4,4.82
1wur,6.66
3l0v,7.64
3bla,8.7
3doy,5.82
3k97,8.0
3l13,7.82
2p3b,8.48
2e7f,6.1
3l7b,2.4
3gpj,5.11
1pxh,8.74
2x91,6.74
2wd1,7.09
2vw2,3.3
3h30,4.53
3lzu,10.06
3jsw,7.18
2vtt,7.36
1zsh,7.07
1q8w,5.24
1xgi,4.85
2z1w,4.08
2wkt,4.31
3cvk,8.0
2uzl,6.21
3k37,8.92
2vcq,6.04
3cj2,4.85
3f5l,3.72
3eq8,9.06
3fu0,2.28
1zsf,9.92
3bum,6.49
3own,7.47
2ieo,8.49
3f9y,4.49
2qyk,5.48
1w96,8.41
3mxr,4.95
3h9k,7.85
2x81,8.3
3dek,7.57
2i0h,8.05
2brm,5.89
2wo9,7.21
2hzn,7.39
2vmc,2.94
1zxv,6.1
3kdb,9.85
2pj8,7.74
2x0y,4.6
3dpk,8.39
2b5j,9.1
1x8d,2.21
3kqm,3.77
1y2h,7.25
1mm6,7.7
3k98,9.0
3jy9,9.0
2xjj,6.51
3e0q,5.89
3fzc,5.39
2oc7,5.85
2iko,5.45
2jew,6.69
2x7o,7.47
3igv,7.6
1w5x,8.4
2f1a,3.14
3g1d,3.48
2c57,3.43
2zaz,6.4
3n2u,7.84
3ex3,4.44
2kp8,4.0
1oai,5.0
1i00,6.34
1jd6,7.39
2xcs,7.85
2jdu,6.72
2g1y,7.05
3g2i,4.86
2bed,8.15
2a3c,4.43
2obj,7.3
1y1z,3.08
1w11,8.22
1rjk,10.0
2r1x,4.8
2oc4,7.07
2zcr,6.87
3gdt,7.19
1v2n,5.9
2clh,4.06
2zdx,3.19
1gvx,7.22
2pyn,7.57
3di6,7.0
1n4k,10.05
1q1y,7.7
1e1x,5.89
2ony,6.68
1ypg,8.0
1nyx,7.04
3mlb,4.8
1owj,7.32
2d3u,6.92
3jzs,8.1
3kjf,4.87
3gc7,9.22
3l6x,4.4
1jys,3.52
2fm0,9.4
1pk0,7.57
2w2u,4.46
1nax,6.43
2cmc,5.76
1g9d,5.3
3eov,7.2
2nxm,5.19
2va6,6.17
3nex,6.0
2wzx,6.0
2x00,11.33
2ohs,4.4
3d51,4.15
1pxl,6.05
2xyn,8.4
2w4i,6.3
1h1s,8.22
3kf4,9.3
2w6o,4.22
2ks9,2.04
2c6m,6.46
3dcq,5.23
1uwu,5.98
1o4b,5.7
1my3,5.4
2o4l,9.22
2fx8,6.52
3m3r,6.32
3lxo,4.82
2f6v,4.43
2x4r,4.77
2iok,9.0
1ocq,5.19
2hb9,4.82
1y2j,7.48
1k1p,7.92
1hk4,5.31
3luo,6.95
1s3k,6.62
1uze,8.9
2e9o,7.7
2eum,6.7
2zgx,6.74
1jd5,6.62
2brb,4.86
1n2v,4.08
2qu5,8.06
2wxg,9.15
1tlo,4.0
1ov3,6.72
3fv1,9.3
1u33,4.6
1nfx,8.52
1efy,8.22
3dkj,5.7
1osg,7.52
1t7d,6.03
1r6n,7.4
2vwy,7.05
1j4k,4.0
1tvo,6.85
2j4g,6.6
3bb1,3.6
2o4p,10.72
2vk2,6.89
2r59,8.19
1v1j,4.82
3l3x,6.15
2qx0,6.11
3fu6,3.97
2d3z,6.64
2wxv,8.7
2g6p,6.22
2nxd,5.66
3ccz,7.29
1mqi,7.63
3gc5,7.26
2r43,6.0
1h6e,6.15
2jbk,6.4
2x6j,7.44
3evd,6.91
3lpb,7.38
3dwb,6.19
2h15,5.67
2wmv,5.04
3gk1,4.1
1tqf,5.85
3dx1,3.58
1nhu,5.66
1mrs,3.96
3oe6,8.09
3mvh,9.3
3hub,8.09
3dxk,6.33
3abt,4.77
1w70,3.7
1yly,7.82
3aho,7.05
2kvm,3.96
3ith,8.1
2e91,6.59
2zfp,5.17
2afx,5.15
1q0b,5.17
2opy,4.52
3bwk,3.94
1gx8,6.37
2vx9,7.44
3d7z,7.92
3nij,4.89
1xhm,6.33
2vvn,7.3
3nw5,5.08
3kze,3.95
3hkt,5.39
1kll,5.2
1q1m,5.16
2vtr,5.82
3d7m,6.44
3drs,9.3
1jmq,4.4
1s64,8.4
2c93,4.92
2zir,8.19
1o5p,10.0
1kat,6.0
3l4x,6.89
2q15,7.96
3da6,8.7
1t08,5.51
2wb5,9.13
1xgj,6.0
3gz9,8.4
2jdy,4.37
2wly,6.6
3k3a,7.08
1ws4,3.0
1o33,5.74
1zky,6.25
1x78,7.85
1ex8,6.33
3ho2,6.95
3l9h,8.1
2xhr,8.32
2x8e,7.85
3nnx,7.96
2zxa,8.35
3f3w,7.47
3iue,5.82
1pwp,6.3
2vqm,6.01
1x7q,6.73
2oi3,6.64
1sc8,7.44
2hd6,7.8
3csl,7.22
2xef,9.84
2jk7,7.17
3jzc,8.53
2pj9,7.92
2zz6,6.72
2ivz,6.04
3hhu,7.39
1r1h,8.92
1j4p,4.99
1gja,5.42
2btr,7.02
2jdp,6.6
3fvg,6.89
3k3e,7.66
2exg,4.3
2jiw,4.59
2xmy,9.96
3k9x,8.4
2fzz,10.52
1g9a,5.3
1xq0,6.34
3mhi,6.7
2q2n,6.48
3hab,8.38
3ejs,6.6
3ej5,3.57
1xuc,7.14
2am2,5.1
3cyw,7.77
2bmk,5.62
2q89,6.3
1h5v,3.93
3iqj,4.93
2pvm,6.44
3djq,2.98
2wxk,9.3
2zvj,5.74
2w6t,8.57
2cmo,6.4
3d9v,8.22
1oiu,6.68
2zdl,6.4
2fai,6.24
1zd5,4.87
1xmy,7.3
1rp7,8.52
2o2u,6.4
3gus,6.05
2nta,4.8
3oct,8.3
2vh0,8.51
1p93,7.72
2knh,5.15
1l7x,4.04
3ie3,6.68
2nm1,7.47
2xch,6.43
2itp,7.95
3mks,5.72
3bym,8.22
2vwc,6.62
2gqn,5.35
2b1v,5.74
2ntf,6.52
2q6b,9.52
2xb8,7.59
1way,3.4
3dxj,6.22
1yvm,6.4
3imy,9.7
2oei,3.91
1pxk,5.66
1ws5,3.03
1q9m,6.48
1kti,3.43
1wb0,5.35
3eig,7.68
2p3d,6.74
1m2r,6.46
2w92,4.55
3ekr,7.52
2ork,2.85
2zg3,2.06
3l5b,3.91
2jdt,6.77
1ktt,5.82
1n4h,6.55
2vvs,7.34
2i1m,7.62
2zx9,10.27
1py2,7.22
2brn,5.26
3l4t,5.42
1fls,7.48
2ez7,4.36
2iit,8.59
2k7l,6.15
3fyk,7.4
2gfs,6.15
1nu1,7.19
1e3g,9.0
2ovv,7.92
1q83,12.39
3b66,8.6
3ds6,9.1
1j37,8.96
2pjt,6.07
1h08,4.55
2xnb,6.83
3hr1,9.43
1zzl,8.3
3bzi,5.74
2chm,8.26
3hxb,5.39
3kba,7.8
3djo,4.39
1iky,8.26
3g2t,7.0
3gi6,11.22
2am4,3.72
2baj,8.4
2rly,3.57
2r9x,4.85
3eks,5.7
2l1b,3.96
2pjl,6.72
3gol,7.09
3ow4,7.66
2g1r,7.7
3lbk,6.04
3ft3,7.36
2bgd,5.0
3k48,6.31
2zcq,8.82
3dd8,7.85
1u2y,1.74
3bim,5.88
3dp0,5.85
2vww,6.62
2v16,8.22
3gt9,3.96
2z3h,4.64
1mm7,7.7
1gjd,5.22
2hm1,8.7
1j36,7.74
2gpp,5.7
2fhy,5.96
3f17,8.63
1npz,7.89
3k39,8.08
2z6w,7.87
2flr,6.1
2os9,2.24
1zpb,6.07
2gvj,9.52
3ng4,5.43
3g2h,3.82
1o3f,7.96
1nny,7.66
3fvk,8.82
1ysi,7.44
2gtv,5.15
2vrj,6.3
1zvx,9.22
1gag,6.12
1x7a,7.89
2ra0,7.8
3fci,5.89
3fq7,2.52
2i4w,11.59
1nzq,7.96
3msj,3.11
1kyv,5.92
3kxz,7.46
3c2o,3.35
2f3f,6.72
1rm8,9.0
3ljj,6.52
2jdk,6.54
3jzk,5.91
1mjj,8.74
2ckm,8.82
2etm,6.67
2bua,4.52
3il6,6.57
1me3,7.19
2f4b,7.3
1oyt,7.24
1m2q,6.1
1iew,4.59
1i5h,4.28
3hkq,5.34
1pr5,3.92
1fzo,7.89
3fsj,3.95
2uw4,5.28
1ui0,7.06
1x7e,5.97
2veu,7.0
1k9r,3.3
3bpc,4.8
1mzs,5.15
1s9t,6.82
2aie,5.66
2o7n,7.82
1xbo,6.04
2hai,6.28
2jal,4.82
1l5s,3.26
2vba,4.6
2pqj,8.2
3g0c,5.7
2oh4,8.46
2vl8,4.52
3oyl,6.7
2ao6,9.28
2wnj,6.48
3ioi,6.28
1tpz,6.19
1jjk,11.06
2qg0,5.72
3co9,8.0
2vvu,8.1
1nz7,7.12
1rv1,6.85
1yfz,4.35
3g3n,6.29
2xk7,5.82
1ghw,4.2
3kqs,5.2
3d52,3.28
3e5a,8.23
3hd3,7.0
2xs8,4.61
1h2u,7.89
1rd4,7.74
1mhw,7.35
1om1,6.77
2ojg,5.64
2bvd,6.0
2ff2,8.21
1lpk,7.55
2c94,6.82
3bbb,7.0
3lpi,8.52
3d9z,8.7
3cda,7.58
2hwi,5.52
3jyj,5.74
1hp0,6.7
2wmu,4.38
1v7a,8.01
1gt1,6.0
1my4,6.98
3gy2,5.74
2z7g,8.95
2gfd,6.28
3d28,5.85
1oir,7.49
3fnu,6.16
3dpc,4.36
3b7r,7.7
3d1g,5.0
1p1n,6.8
1il3,2.55
2z5t,5.62
1uk1,7.22
1k3n,4.99
3ds3,5.22
3dx2,6.82
2wxj,9.0
3lea,9.1
2oji,7.07
2c6l,6.57
2xfk,8.52
2qi3,10.2
3fe7,7.12
2q7o,7.92
1o2k,6.92
2aox,7.42
3ivc,4.12
1wbs,6.2
1xkk,8.52
2cfg,7.44
3e2m,9.4
2r1w,4.6
1nf8,7.82
3n2c,5.12
2r6y,9.49
2byi,6.34
2rkf,9.08
2a5b,3.93
3bx5,8.46
1jvu,5.15
1zsr,9.82
1yvh,7.37
3itz,8.85
2hk5,7.34
3hxf,4.96
2gmv,6.2
2f71,5.6
2wi4,5.81
1kc5,7.0
3cst,7.41
2w9h,6.37
3b4p,5.4
3ccb,4.52
2rl5,8.4
2iw9,8.05
2w1d,6.04
2wji,5.02
1nlt,4.92
3g0w,9.52
1f28,7.8
1h3h,6.66
2vrx,7.35
3odu,8.14
2qbq,7.44
3kek,8.36
2xas,5.89
1m51,4.73
3gep,3.75
2xwy,5.22
2wyj,9.0
2ksb,3.12
2cex,4.7
2f9v,7.82
3fup,7.66
3bgz,6.26
3ktr,6.15
3f66,6.05
3fyj,8.3
3eta,7.85
2wmr,4.28
2zq2,6.56
1xqc,7.2
3hs9,6.31
2rok,4.35
2xhx,6.6
3ovz,8.06
3bjm,8.3
2nmz,8.37
3m67,6.74
2o4k,10.46
3n8k,4.05
1ndy,6.17
1lf3,7.0
1oif,7.72
2nsx,7.2
2r23,3.72
1nd5,8.4
2pj0,8.09
2r03,5.15
1gt5,6.1
2poq,4.42
3dp3,5.82
3jqb,6.02
1ux7,3.0
2c6n,6.88
1o5a,6.42
3mvm,8.41
1pzi,4.22
1h37,7.23
2h5e,8.25
2uup,3.98
3diw,6.72
3cd7,7.84
3d7b,3.69
3ce3,8.74
2z97,6.0
2qcm,3.35
1g7g,6.6
3g6h,8.19
2off,6.52
1u9e,8.24
2gnl,7.24
3fc8,5.39
3l5f,6.22
3cct,7.56
2zdn,6.25
1lf8,5.46
2c1a,6.77
2x7s,5.78
1ez9,5.1
2bqw,8.52
3n7o,7.14
2hrm,3.56
3ah8,9.82
2clx,4.88
2wor,3.9
1w3j,6.32
2vur,4.52
2igv,2.23
1xbb,5.3
3drr,9.4
3o1g,9.0
2evc,6.54
1oit,8.52
3i3b,2.23
3i7e,10.85
3cr5,4.19
3npc,8.34
2r3c,5.66
1qx1,2.12
2w0x,3.2
3ds1,5.7
1uu9,5.4
1zgb,8.06
2cia,6.43
1h1q,6.0
3g70,9.4
2in6,7.64
1lzq,8.39
3jzb,9.01
3f9w,4.72
2glm,5.37
3cde,7.66
3e0p,7.92
2zlf,4.51
2f6t,4.62
3k23,8.2
3fpm,5.05
2hyy,6.77
2w1g,8.52
1ga8,1.8
3ho9,6.1
2g5u,8.49
3jpv,6.92
3gw5,9.33
3cfv,6.05
3lce,3.81
3iw5,6.08
3max,6.05
1llb,6.05
3ejr,8.57
1ypj,7.02
2evl,6.7
1hn2,6.0
2j7b,6.62
1i1e,5.03
1hlk,5.0
2x38,6.89
1ikx,8.15
3bxf,5.54
2rfn,8.3
2e9u,8.1
2qbw,7.25
3ivg,4.3
1x9d,3.96
2h1h,4.52
3ce0,6.15
2oz6,5.26
2f6z,5.32
3gcq,6.47
2g0h,7.64
2fxs,6.06
3kqa,4.85
3h2o,4.59
3nif,5.1
2ole,7.25
2vta,3.73
1xk5,6.0
3fzt,6.2
3a4p,7.55
2w8f,6.3
1n95,8.92
2wp1,3.6
1o2u,5.85
3ncz,7.82
3gxl,7.6
2p4y,9.0
2g9x,7.35
1zp5,2.92
3ess,6.39
2r3h,4.7
2w1i,8.92
1g50,6.28
3iet,6.85
2r3j,8.0
1v2w,4.01
3fr5,6.35
1lf2,7.52
1wzy,6.25
2vto,6.85
3fuc,9.72
1y6a,7.66
2g9u,6.08
1o5m,8.72
1l5r,4.77
2c97,6.14
1lqd,8.05
3ebl,6.3
3lj3,9.03
1zd4,3.6
1hc9,8.72
3eid,6.35
3c4h,5.7
3i3d,1.99
3i02,7.52
1sqb,7.95
1q4x,9.48
2za3,3.68
3nnu,7.32
1oyn,6.26
3dne,5.22
3hmv,7.3
3bxh,4.03
3lpj,6.92
2w0z,4.03
3eyd,9.7
3hiw,8.06
1o3g,7.96
3m3o,3.6
1h1p,4.92
3ewj,6.84
3m89,6.16
3g4i,9.04
3b9s,5.3
2w66,4.05
2vl4,6.01
1p2a,7.92
2fx6,3.7
3d1y,8.22
2g00,9.74
3bun,6.21
2w12,4.65
3m8p,8.68
2a8h,7.17
3kqt,5.34
2qch,3.6
2c92,5.68
2qiq,4.1
2qm7,5.89
1yy4,8.6
3kpu,3.16
3bgs,9.42
3chs,7.77
2f35,5.4
1uou,7.7
1xn0,6.24
3lp2,6.66
1xuo,7.16
3h5b,10.0
1k22,8.4
2xba,7.63
3kqd,9.4
1w4q,5.26
2zm1,6.66
3dej,8.0
3iaf,2.92
3kpw,4.85
2c6k,6.14
3d4f,7.72
3fdm,8.7
2nnp,8.37
1zfq,7.52
3o6m,7.48
2c6e,9.1
2c8w,8.43
2c4w,4.7
1q4k,6.55
3m6f,8.6
1o0n,4.09
2nnd,6.06
1nh0,9.74
2z78,6.12
3eqs,8.48
2f3k,7.89
2q7y,4.3
3oyw,4.11
1x8s,5.1
1pi4,7.43
2wos,3.9
3fc1,8.0
2az9,7.66
1v0k,5.1
3e1r,5.82
2aw1,7.37
3d8y,3.4
1ony,6.77
1kv1,5.94
2aou,7.73
1u9v,8.22
2qrp,6.2
2uy5,5.49
3dx4,7.12
3fl8,7.27
2jiu,7.56
3bc5,8.3
1i43,3.7
1o8b,2.68
1ung,6.8
2w87,4.65
1wv7,7.26
3iop,7.77
1v41,4.7
2wvt,6.12
3h9o,7.15
2xui,15.0
2wn9,8.52
2bvx,8.7
2ea2,7.8
1pum,3.05
3dcc,8.96
1qxk,5.05
3cf8,4.9
1mu6,8.38
1q6n,7.64
2i4x,11.72
1hk1,5.64
2h5d,8.19
3lj7,8.34
1yt7,9.89
2pwd,4.4
3lbj,4.96
1w82,6.71
1xnx,6.38
1f5l,5.28
1no9,7.62
3dbs,7.12
3h3c,6.85
3ns9,8.52
2c68,5.74
2vv9,7.77
3cwk,6.6
1jii,9.0
2xah,3.55
3cd5,7.9
2wgs,5.6
3gqo,5.41
1sl3,11.85
1x6u,3.22
3jvr,5.72
2cji,8.22
2qi4,10.44
1hk3,6.59
2w8g,6.0
3ffp,7.14
1zpa,8.4
1q7a,7.19
1re1,5.21
2eep,7.06
2vmd,3.02
2pu2,4.43
1i32,5.7
1w84,4.46
3nw6,8.15
2f0z,4.77
1fzk,8.4
2np8,7.38
3l1s,8.7
2fda,6.3
3exf,6.54
2w17,8.7
2jdo,6.64
3gs6,6.59
3fuk,3.02
1ha2,5.54
1o48,6.35
3c4f,5.72
3gnv,7.03
3gnw,9.1
3ftu,3.61
1m0b,8.82
2xej,8.87
2hny,5.93
1vea,7.52
1p7m,4.38
2gvv,3.9
1z9h,3.0
2jdh,6.51
2q1q,8.15
1h35,7.54
3k3i,5.72
2ot1,4.0
2pk6,10.89
1sve,8.3
2w05,9.0
3ow3,6.13
1m0q,3.89
2vj7,7.4
1uom,7.72
1szd,4.54
2qnn,7.15
1yw7,5.85
1rwq,10.0
3l81,4.53
3bki,5.12
2v54,4.6
1vcu,3.85
1o35,5.0
2vie,7.48
1xp6,9.4
2e95,7.1
1xs7,7.6
2qi5,10.85
3byo,8.15
1gz9,3.51
1kpm,5.8
